rep,method,spearman,top1_correct
0,common_DL,0.9761904761904763,1
0,comp_specific,0.9761904761904763,1
0,adaptshrink,0.9761904761904763,1
0,adaptshrink_auto,0.9761904761904763,1
1,common_DL,1.0,1
1,comp_specific,1.0,1
1,adaptshrink,1.0,1
1,adaptshrink_auto,1.0,1
2,common_DL,0.880952380952381,0
2,comp_specific,0.8333333333333335,0
2,adaptshrink,0.9285714285714287,1
2,adaptshrink_auto,0.9285714285714287,1
3,common_DL,0.9047619047619048,1
3,comp_specific,0.9285714285714287,1
3,adaptshrink,0.9047619047619048,1
3,adaptshrink_auto,0.9285714285714287,1
4,common_DL,1.0,1
4,comp_specific,1.0,1
4,adaptshrink,1.0,1
4,adaptshrink_auto,1.0,1
5,common_DL,0.9285714285714287,1
5,comp_specific,0.9285714285714287,1
5,adaptshrink,0.9285714285714287,1
5,adaptshrink_auto,0.9285714285714287,1
6,common_DL,0.9285714285714287,0
6,comp_specific,0.8333333333333335,0
6,adaptshrink,0.9285714285714287,0
6,adaptshrink_auto,0.9285714285714287,0
7,common_DL,0.9761904761904763,1
7,comp_specific,0.9761904761904763,1
7,adaptshrink,0.9761904761904763,1
7,adaptshrink_auto,0.9761904761904763,1
8,common_DL,0.9523809523809524,1
8,comp_specific,0.9285714285714287,1
8,adaptshrink,0.9523809523809524,1
8,adaptshrink_auto,0.9761904761904763,1
9,common_DL,0.880952380952381,1
9,comp_specific,0.9047619047619048,1
9,adaptshrink,0.880952380952381,1
9,adaptshrink_auto,0.9285714285714287,1
10,common_DL,1.0,1
10,comp_specific,1.0,1
10,adaptshrink,1.0,1
10,adaptshrink_auto,1.0,1
11,common_DL,0.9761904761904763,1
11,comp_specific,0.9761904761904763,1
11,adaptshrink,0.9761904761904763,1
11,adaptshrink_auto,0.9761904761904763,1
12,common_DL,0.7142857142857144,0
12,comp_specific,0.7857142857142858,0
12,adaptshrink,0.7142857142857144,0
12,adaptshrink_auto,0.7142857142857144,0
13,common_DL,0.9761904761904763,1
13,comp_specific,0.9285714285714287,1
13,adaptshrink,0.9761904761904763,1
13,adaptshrink_auto,0.9761904761904763,1
14,common_DL,1.0,1
14,comp_specific,0.9761904761904763,1
14,adaptshrink,1.0,1
14,adaptshrink_auto,0.9761904761904763,1
15,common_DL,1.0,1
15,comp_specific,1.0,1
15,adaptshrink,1.0,1
15,adaptshrink_auto,1.0,1
16,common_DL,1.0,1
16,comp_specific,1.0,1
16,adaptshrink,1.0,1
16,adaptshrink_auto,1.0,1
17,common_DL,0.9761904761904763,1
17,comp_specific,0.9761904761904763,0
17,adaptshrink,0.9761904761904763,1
17,adaptshrink_auto,0.9761904761904763,1
18,common_DL,1.0,1
18,comp_specific,1.0,1
18,adaptshrink,1.0,1
18,adaptshrink_auto,1.0,1
19,common_DL,0.9761904761904763,1
19,comp_specific,0.9761904761904763,1
19,adaptshrink,0.9761904761904763,1
19,adaptshrink_auto,0.9761904761904763,1
20,common_DL,0.9047619047619048,1
20,comp_specific,0.8571428571428572,1
20,adaptshrink,0.8571428571428572,1
20,adaptshrink_auto,0.8571428571428572,1
21,common_DL,1.0,1
21,comp_specific,1.0,1
21,adaptshrink,1.0,1
21,adaptshrink_auto,1.0,1
22,common_DL,0.9761904761904763,1
22,comp_specific,0.9761904761904763,1
22,adaptshrink,0.9761904761904763,1
22,adaptshrink_auto,0.9761904761904763,1
23,common_DL,0.9285714285714287,0
23,comp_specific,0.9285714285714287,0
23,adaptshrink,0.9285714285714287,0
23,adaptshrink_auto,0.9285714285714287,0
24,common_DL,0.9285714285714287,0
24,comp_specific,0.9285714285714287,0
24,adaptshrink,0.9285714285714287,0
24,adaptshrink_auto,0.9285714285714287,0
25,common_DL,1.0,1
25,comp_specific,1.0,1
25,adaptshrink,1.0,1
25,adaptshrink_auto,1.0,1
26,common_DL,0.9523809523809524,0
26,comp_specific,0.9761904761904763,1
26,adaptshrink,0.9523809523809524,0
26,adaptshrink_auto,0.9523809523809524,0
27,common_DL,1.0,1
27,comp_specific,0.9761904761904763,1
27,adaptshrink,0.9761904761904763,1
27,adaptshrink_auto,0.9761904761904763,1
28,common_DL,1.0,1
28,comp_specific,1.0,1
28,adaptshrink,1.0,1
28,adaptshrink_auto,1.0,1
29,common_DL,0.6428571428571429,1
29,comp_specific,0.5952380952380953,1
29,adaptshrink,0.4523809523809524,1
29,adaptshrink_auto,0.4523809523809524,1
30,common_DL,0.9761904761904763,1
30,comp_specific,0.9761904761904763,1
30,adaptshrink,0.9761904761904763,1
30,adaptshrink_auto,0.9761904761904763,1
31,common_DL,0.9761904761904763,0
31,comp_specific,0.9761904761904763,0
31,adaptshrink,0.9761904761904763,0
31,adaptshrink_auto,0.9761904761904763,0
32,common_DL,0.9761904761904763,1
32,comp_specific,0.9761904761904763,1
32,adaptshrink,0.9761904761904763,1
32,adaptshrink_auto,0.9761904761904763,1
33,common_DL,1.0,1
33,comp_specific,1.0,1
33,adaptshrink,1.0,1
33,adaptshrink_auto,1.0,1
34,common_DL,0.9761904761904763,1
34,comp_specific,0.9761904761904763,1
34,adaptshrink,0.9761904761904763,1
34,adaptshrink_auto,1.0,1
35,common_DL,0.9523809523809524,1
35,comp_specific,0.9523809523809524,1
35,adaptshrink,0.9523809523809524,1
35,adaptshrink_auto,0.9523809523809524,1
36,common_DL,1.0,1
36,comp_specific,1.0,1
36,adaptshrink,1.0,1
36,adaptshrink_auto,1.0,1
37,common_DL,0.6904761904761906,0
37,comp_specific,0.6904761904761906,0
37,adaptshrink,0.6904761904761906,0
37,adaptshrink_auto,0.6904761904761906,0
38,common_DL,1.0,1
38,comp_specific,1.0,1
38,adaptshrink,1.0,1
38,adaptshrink_auto,1.0,1
39,common_DL,0.9761904761904763,1
39,comp_specific,0.9761904761904763,1
39,adaptshrink,0.9761904761904763,1
39,adaptshrink_auto,0.9761904761904763,1
40,common_DL,1.0,1
40,comp_specific,1.0,1
40,adaptshrink,1.0,1
40,adaptshrink_auto,1.0,1
41,common_DL,0.9761904761904763,1
41,comp_specific,0.9761904761904763,1
41,adaptshrink,0.9761904761904763,1
41,adaptshrink_auto,0.9761904761904763,1
42,common_DL,0.9523809523809524,1
42,comp_specific,0.9523809523809524,1
42,adaptshrink,0.9523809523809524,1
42,adaptshrink_auto,0.9523809523809524,1
43,common_DL,1.0,1
43,comp_specific,1.0,1
43,adaptshrink,1.0,1
43,adaptshrink_auto,1.0,1
44,common_DL,0.9761904761904763,0
44,comp_specific,1.0,1
44,adaptshrink,1.0,1
44,adaptshrink_auto,0.9761904761904763,0
45,common_DL,0.9285714285714287,1
45,comp_specific,0.9285714285714287,1
45,adaptshrink,0.9285714285714287,1
45,adaptshrink_auto,1.0,1
46,common_DL,0.9761904761904763,1
46,comp_specific,0.9761904761904763,1
46,adaptshrink,0.9761904761904763,1
46,adaptshrink_auto,0.9761904761904763,1
47,common_DL,0.9523809523809524,1
47,comp_specific,0.9523809523809524,1
47,adaptshrink,0.9523809523809524,1
47,adaptshrink_auto,0.9761904761904763,1
48,common_DL,0.880952380952381,0
48,comp_specific,0.8571428571428572,0
48,adaptshrink,0.880952380952381,0
48,adaptshrink_auto,0.9047619047619048,1
49,common_DL,1.0,1
49,comp_specific,1.0,1
49,adaptshrink,1.0,1
49,adaptshrink_auto,1.0,1
50,common_DL,1.0,1
50,comp_specific,1.0,1
50,adaptshrink,1.0,1
50,adaptshrink_auto,1.0,1
51,common_DL,1.0,1
51,comp_specific,1.0,1
51,adaptshrink,1.0,1
51,adaptshrink_auto,1.0,1
52,common_DL,0.9285714285714287,1
52,comp_specific,1.0,1
52,adaptshrink,0.9761904761904763,1
52,adaptshrink_auto,0.9761904761904763,1
53,common_DL,0.880952380952381,1
53,comp_specific,0.9285714285714287,1
53,adaptshrink,0.9285714285714287,1
53,adaptshrink_auto,0.9285714285714287,1
54,common_DL,0.9761904761904763,1
54,comp_specific,0.9761904761904763,1
54,adaptshrink,0.9761904761904763,1
54,adaptshrink_auto,0.9761904761904763,1
55,common_DL,0.9761904761904763,0
55,comp_specific,0.9761904761904763,0
55,adaptshrink,0.9761904761904763,0
55,adaptshrink_auto,0.9761904761904763,0
56,common_DL,0.9761904761904763,1
56,comp_specific,0.9285714285714287,1
56,adaptshrink,0.9523809523809524,1
56,adaptshrink_auto,0.9761904761904763,1
57,common_DL,0.9761904761904763,1
57,comp_specific,0.9761904761904763,1
57,adaptshrink,0.9761904761904763,1
57,adaptshrink_auto,1.0,1
58,common_DL,1.0,1
58,comp_specific,1.0,1
58,adaptshrink,1.0,1
58,adaptshrink_auto,1.0,1
59,common_DL,1.0,1
59,comp_specific,1.0,1
59,adaptshrink,1.0,1
59,adaptshrink_auto,1.0,1
60,common_DL,1.0,1
60,comp_specific,1.0,1
60,adaptshrink,1.0,1
60,adaptshrink_auto,1.0,1
61,common_DL,0.9761904761904763,1
61,comp_specific,0.9761904761904763,1
61,adaptshrink,0.9761904761904763,1
61,adaptshrink_auto,0.9761904761904763,1
62,common_DL,0.9047619047619048,1
62,comp_specific,0.9523809523809524,1
62,adaptshrink,0.9523809523809524,1
62,adaptshrink_auto,0.9523809523809524,1
63,common_DL,0.9761904761904763,1
63,comp_specific,0.9761904761904763,1
63,adaptshrink,0.9761904761904763,1
63,adaptshrink_auto,0.9761904761904763,1
64,common_DL,0.9523809523809524,1
64,comp_specific,0.9523809523809524,1
64,adaptshrink,0.9523809523809524,1
64,adaptshrink_auto,0.9761904761904763,1
65,common_DL,0.9761904761904763,1
65,comp_specific,0.9761904761904763,1
65,adaptshrink,0.9761904761904763,1
65,adaptshrink_auto,0.9761904761904763,1
66,common_DL,0.9523809523809524,0
66,comp_specific,0.9523809523809524,0
66,adaptshrink,0.9523809523809524,0
66,adaptshrink_auto,0.9761904761904763,1
67,common_DL,0.8095238095238096,1
67,comp_specific,0.8333333333333335,1
67,adaptshrink,0.8095238095238096,1
67,adaptshrink_auto,1.0,1
68,common_DL,0.9761904761904763,1
68,comp_specific,0.9523809523809524,0
68,adaptshrink,0.9523809523809524,0
68,adaptshrink_auto,0.9523809523809524,0
69,common_DL,0.9761904761904763,1
69,comp_specific,0.9523809523809524,0
69,adaptshrink,0.9761904761904763,1
69,adaptshrink_auto,0.9761904761904763,1
70,common_DL,1.0,1
70,comp_specific,1.0,1
70,adaptshrink,1.0,1
70,adaptshrink_auto,1.0,1
71,common_DL,1.0,1
71,comp_specific,0.9761904761904763,1
71,adaptshrink,0.9761904761904763,1
71,adaptshrink_auto,0.9761904761904763,1
72,common_DL,0.9523809523809524,1
72,comp_specific,0.9523809523809524,1
72,adaptshrink,0.9523809523809524,1
72,adaptshrink_auto,0.9761904761904763,1
73,common_DL,0.9047619047619048,0
73,comp_specific,0.9047619047619048,0
73,adaptshrink,0.880952380952381,0
73,adaptshrink_auto,1.0,1
74,common_DL,1.0,1
74,comp_specific,1.0,1
74,adaptshrink,1.0,1
74,adaptshrink_auto,1.0,1
75,common_DL,1.0,1
75,comp_specific,0.9761904761904763,1
75,adaptshrink,1.0,1
75,adaptshrink_auto,1.0,1
76,common_DL,0.9761904761904763,1
76,comp_specific,0.9761904761904763,1
76,adaptshrink,0.9761904761904763,1
76,adaptshrink_auto,0.9523809523809524,1
77,common_DL,0.8333333333333335,1
77,comp_specific,0.8333333333333335,1
77,adaptshrink,0.8333333333333335,1
77,adaptshrink_auto,0.8571428571428572,1
78,common_DL,0.9523809523809524,1
78,comp_specific,0.9047619047619048,0
78,adaptshrink,0.9523809523809524,1
78,adaptshrink_auto,0.9523809523809524,1
79,common_DL,0.880952380952381,1
79,comp_specific,0.8095238095238096,1
79,adaptshrink,0.8095238095238096,1
79,adaptshrink_auto,0.8095238095238096,1
80,common_DL,0.9761904761904763,1
80,comp_specific,0.9761904761904763,1
80,adaptshrink,0.9761904761904763,1
80,adaptshrink_auto,1.0,1
81,common_DL,1.0,1
81,comp_specific,1.0,1
81,adaptshrink,1.0,1
81,adaptshrink_auto,1.0,1
82,common_DL,0.9761904761904763,1
82,comp_specific,0.9761904761904763,1
82,adaptshrink,0.9761904761904763,1
82,adaptshrink_auto,0.9761904761904763,1
83,common_DL,0.9047619047619048,1
83,comp_specific,0.9047619047619048,1
83,adaptshrink,0.9047619047619048,1
83,adaptshrink_auto,0.9285714285714287,1
84,common_DL,0.9761904761904763,1
84,comp_specific,0.9761904761904763,1
84,adaptshrink,0.9761904761904763,1
84,adaptshrink_auto,0.9761904761904763,1
85,common_DL,0.8571428571428572,1
85,comp_specific,0.8571428571428572,1
85,adaptshrink,0.8571428571428572,1
85,adaptshrink_auto,0.9285714285714287,1
86,common_DL,0.9761904761904763,1
86,comp_specific,0.9761904761904763,1
86,adaptshrink,0.9761904761904763,1
86,adaptshrink_auto,1.0,1
87,common_DL,0.9761904761904763,0
87,comp_specific,0.9761904761904763,0
87,adaptshrink,0.9761904761904763,0
87,adaptshrink_auto,0.9761904761904763,0
88,common_DL,1.0,1
88,comp_specific,1.0,1
88,adaptshrink,1.0,1
88,adaptshrink_auto,1.0,1
89,common_DL,0.9285714285714287,1
89,comp_specific,0.9285714285714287,1
89,adaptshrink,0.9285714285714287,1
89,adaptshrink_auto,0.9285714285714287,1
90,common_DL,1.0,1
90,comp_specific,1.0,1
90,adaptshrink,1.0,1
90,adaptshrink_auto,1.0,1
91,common_DL,0.7857142857142858,0
91,comp_specific,0.7619047619047621,0
91,adaptshrink,0.7857142857142858,0
91,adaptshrink_auto,0.7857142857142858,0
92,common_DL,0.9523809523809524,0
92,comp_specific,0.9523809523809524,0
92,adaptshrink,0.9523809523809524,0
92,adaptshrink_auto,0.9285714285714287,0
93,common_DL,1.0,1
93,comp_specific,1.0,1
93,adaptshrink,1.0,1
93,adaptshrink_auto,1.0,1
94,common_DL,0.9047619047619048,1
94,comp_specific,0.9047619047619048,1
94,adaptshrink,0.9047619047619048,1
94,adaptshrink_auto,0.9047619047619048,1
95,common_DL,1.0,1
95,comp_specific,1.0,1
95,adaptshrink,1.0,1
95,adaptshrink_auto,1.0,1
96,common_DL,0.9523809523809524,1
96,comp_specific,0.9523809523809524,1
96,adaptshrink,0.9523809523809524,1
96,adaptshrink_auto,0.9523809523809524,1
97,common_DL,1.0,1
97,comp_specific,1.0,1
97,adaptshrink,1.0,1
97,adaptshrink_auto,1.0,1
98,common_DL,0.9761904761904763,1
98,comp_specific,0.9761904761904763,1
98,adaptshrink,0.9761904761904763,1
98,adaptshrink_auto,0.9523809523809524,1
99,common_DL,0.9523809523809524,1
99,comp_specific,0.9523809523809524,1
99,adaptshrink,0.9523809523809524,1
99,adaptshrink_auto,0.9761904761904763,1
100,common_DL,0.9761904761904763,1
100,comp_specific,1.0,1
100,adaptshrink,1.0,1
100,adaptshrink_auto,1.0,1
101,common_DL,0.9761904761904763,1
101,comp_specific,0.9761904761904763,1
101,adaptshrink,0.9761904761904763,1
101,adaptshrink_auto,0.9761904761904763,1
102,common_DL,1.0,1
102,comp_specific,0.9761904761904763,1
102,adaptshrink,1.0,1
102,adaptshrink_auto,1.0,1
103,common_DL,0.9761904761904763,1
103,comp_specific,0.9761904761904763,1
103,adaptshrink,0.9761904761904763,1
103,adaptshrink_auto,0.9761904761904763,1
104,common_DL,0.9761904761904763,1
104,comp_specific,0.9761904761904763,1
104,adaptshrink,0.9761904761904763,1
104,adaptshrink_auto,0.9285714285714287,1
105,common_DL,1.0,1
105,comp_specific,1.0,1
105,adaptshrink,1.0,1
105,adaptshrink_auto,1.0,1
106,common_DL,1.0,1
106,comp_specific,1.0,1
106,adaptshrink,1.0,1
106,adaptshrink_auto,1.0,1
107,common_DL,0.8571428571428572,1
107,comp_specific,0.8333333333333335,1
107,adaptshrink,0.8333333333333335,1
107,adaptshrink_auto,0.8333333333333335,1
108,common_DL,0.9285714285714287,1
108,comp_specific,0.8571428571428572,1
108,adaptshrink,0.9285714285714287,1
108,adaptshrink_auto,0.9285714285714287,1
109,common_DL,0.9761904761904763,1
109,comp_specific,1.0,1
109,adaptshrink,0.9761904761904763,1
109,adaptshrink_auto,1.0,1
110,common_DL,1.0,1
110,comp_specific,1.0,1
110,adaptshrink,1.0,1
110,adaptshrink_auto,1.0,1
111,common_DL,0.9761904761904763,1
111,comp_specific,0.9761904761904763,1
111,adaptshrink,0.9761904761904763,1
111,adaptshrink_auto,1.0,1
112,common_DL,0.9285714285714287,1
112,comp_specific,0.9285714285714287,1
112,adaptshrink,0.9285714285714287,1
112,adaptshrink_auto,0.9761904761904763,1
113,common_DL,0.9523809523809524,1
113,comp_specific,0.9523809523809524,1
113,adaptshrink,0.9523809523809524,1
113,adaptshrink_auto,0.9523809523809524,1
114,common_DL,1.0,1
114,comp_specific,1.0,1
114,adaptshrink,1.0,1
114,adaptshrink_auto,1.0,1
115,common_DL,0.9761904761904763,1
115,comp_specific,0.9761904761904763,1
115,adaptshrink,0.9761904761904763,1
115,adaptshrink_auto,0.9761904761904763,1
116,common_DL,0.9285714285714287,1
116,comp_specific,0.9285714285714287,1
116,adaptshrink,0.9285714285714287,1
116,adaptshrink_auto,0.9285714285714287,1
117,common_DL,1.0,1
117,comp_specific,1.0,1
117,adaptshrink,1.0,1
117,adaptshrink_auto,1.0,1
118,common_DL,0.9761904761904763,1
118,comp_specific,0.9761904761904763,1
118,adaptshrink,0.9761904761904763,1
118,adaptshrink_auto,0.9285714285714287,1
119,common_DL,0.9761904761904763,1
119,comp_specific,0.9761904761904763,1
119,adaptshrink,0.9761904761904763,1
119,adaptshrink_auto,0.9761904761904763,1
120,common_DL,0.9761904761904763,1
120,comp_specific,0.9761904761904763,1
120,adaptshrink,0.9761904761904763,1
120,adaptshrink_auto,1.0,1
121,common_DL,0.9523809523809524,1
121,comp_specific,0.9523809523809524,1
121,adaptshrink,0.9523809523809524,1
121,adaptshrink_auto,0.9761904761904763,1
122,common_DL,0.9761904761904763,1
122,comp_specific,0.9761904761904763,1
122,adaptshrink,0.9761904761904763,1
122,adaptshrink_auto,0.9761904761904763,1
123,common_DL,0.9523809523809524,1
123,comp_specific,0.9761904761904763,1
123,adaptshrink,0.9761904761904763,1
123,adaptshrink_auto,0.9523809523809524,1
124,common_DL,0.9285714285714287,1
124,comp_specific,0.9761904761904763,1
124,adaptshrink,0.9285714285714287,1
124,adaptshrink_auto,0.9285714285714287,1
125,common_DL,0.9761904761904763,1
125,comp_specific,0.9761904761904763,1
125,adaptshrink,0.9761904761904763,1
125,adaptshrink_auto,1.0,1
126,common_DL,0.9761904761904763,1
126,comp_specific,1.0,1
126,adaptshrink,0.9761904761904763,1
126,adaptshrink_auto,1.0,1
127,common_DL,1.0,1
127,comp_specific,1.0,1
127,adaptshrink,1.0,1
127,adaptshrink_auto,0.9047619047619048,1
128,common_DL,0.8571428571428572,1
128,comp_specific,0.8571428571428572,1
128,adaptshrink,0.8571428571428572,1
128,adaptshrink_auto,0.9285714285714287,1
129,common_DL,1.0,1
129,comp_specific,0.9761904761904763,0
129,adaptshrink,0.9761904761904763,0
129,adaptshrink_auto,1.0,1
130,common_DL,0.9761904761904763,1
130,comp_specific,0.9761904761904763,1
130,adaptshrink,0.9761904761904763,1
130,adaptshrink_auto,0.9761904761904763,1
131,common_DL,0.9047619047619048,0
131,comp_specific,0.880952380952381,0
131,adaptshrink,0.9047619047619048,0
131,adaptshrink_auto,0.9285714285714287,0
132,common_DL,0.9285714285714287,0
132,comp_specific,0.9285714285714287,0
132,adaptshrink,0.9285714285714287,0
132,adaptshrink_auto,0.9285714285714287,0
133,common_DL,0.9761904761904763,1
133,comp_specific,0.9761904761904763,1
133,adaptshrink,0.9761904761904763,1
133,adaptshrink_auto,0.9761904761904763,1
134,common_DL,0.9761904761904763,0
134,comp_specific,0.9761904761904763,0
134,adaptshrink,0.9761904761904763,0
134,adaptshrink_auto,0.9761904761904763,0
135,common_DL,0.880952380952381,1
135,comp_specific,0.9285714285714287,1
135,adaptshrink,0.880952380952381,1
135,adaptshrink_auto,0.9285714285714287,1
136,common_DL,0.7619047619047621,1
136,comp_specific,0.8095238095238096,1
136,adaptshrink,0.7619047619047621,1
136,adaptshrink_auto,0.7619047619047621,1
137,common_DL,0.9047619047619048,1
137,comp_specific,0.880952380952381,1
137,adaptshrink,0.9047619047619048,1
137,adaptshrink_auto,0.9047619047619048,1
138,common_DL,0.9523809523809524,1
138,comp_specific,0.9523809523809524,1
138,adaptshrink,0.9523809523809524,1
138,adaptshrink_auto,0.9523809523809524,1
139,common_DL,1.0,1
139,comp_specific,1.0,1
139,adaptshrink,1.0,1
139,adaptshrink_auto,1.0,1
140,common_DL,0.9761904761904763,1
140,comp_specific,0.9761904761904763,1
140,adaptshrink,0.9761904761904763,1
140,adaptshrink_auto,0.9761904761904763,1
141,common_DL,0.880952380952381,1
141,comp_specific,0.9523809523809524,1
141,adaptshrink,0.880952380952381,1
141,adaptshrink_auto,0.880952380952381,1
142,common_DL,1.0,1
142,comp_specific,0.9761904761904763,0
142,adaptshrink,1.0,1
142,adaptshrink_auto,0.9523809523809524,0
143,common_DL,0.8571428571428572,0
143,comp_specific,0.8571428571428572,0
143,adaptshrink,0.8571428571428572,0
143,adaptshrink_auto,1.0,1
144,common_DL,0.9761904761904763,1
144,comp_specific,0.9523809523809524,0
144,adaptshrink,0.9523809523809524,0
144,adaptshrink_auto,0.9761904761904763,1
145,common_DL,0.9761904761904763,1
145,comp_specific,0.9761904761904763,1
145,adaptshrink,0.9761904761904763,1
145,adaptshrink_auto,1.0,1
146,common_DL,0.9523809523809524,0
146,comp_specific,0.9761904761904763,1
146,adaptshrink,0.9761904761904763,1
146,adaptshrink_auto,0.9523809523809524,0
147,common_DL,1.0,1
147,comp_specific,0.9761904761904763,1
147,adaptshrink,1.0,1
147,adaptshrink_auto,1.0,1
148,common_DL,0.9761904761904763,1
148,comp_specific,0.9761904761904763,1
148,adaptshrink,0.9761904761904763,1
148,adaptshrink_auto,1.0,1
149,common_DL,0.9047619047619048,1
149,comp_specific,0.9047619047619048,1
149,adaptshrink,0.9047619047619048,1
149,adaptshrink_auto,0.880952380952381,0
150,common_DL,1.0,1
150,comp_specific,0.9761904761904763,1
150,adaptshrink,0.9761904761904763,1
150,adaptshrink_auto,0.9761904761904763,1
151,common_DL,0.9523809523809524,1
151,comp_specific,0.9761904761904763,1
151,adaptshrink,0.9761904761904763,1
151,adaptshrink_auto,0.9761904761904763,1
152,common_DL,0.9761904761904763,1
152,comp_specific,0.9761904761904763,1
152,adaptshrink,0.9761904761904763,1
152,adaptshrink_auto,1.0,1
153,common_DL,0.880952380952381,1
153,comp_specific,0.880952380952381,1
153,adaptshrink,0.880952380952381,1
153,adaptshrink_auto,0.9285714285714287,1
154,common_DL,0.8333333333333335,1
154,comp_specific,0.8095238095238096,1
154,adaptshrink,0.8095238095238096,1
154,adaptshrink_auto,0.8095238095238096,1
155,common_DL,0.9047619047619048,1
155,comp_specific,0.9047619047619048,1
155,adaptshrink,0.9047619047619048,1
155,adaptshrink_auto,0.9523809523809524,1
156,common_DL,0.880952380952381,1
156,comp_specific,0.880952380952381,1
156,adaptshrink,0.9047619047619048,1
156,adaptshrink_auto,0.9523809523809524,1
157,common_DL,0.9761904761904763,1
157,comp_specific,0.9761904761904763,1
157,adaptshrink,0.9761904761904763,1
157,adaptshrink_auto,0.9761904761904763,1
158,common_DL,0.9285714285714287,1
158,comp_specific,0.880952380952381,1
158,adaptshrink,0.880952380952381,1
158,adaptshrink_auto,0.880952380952381,1
159,common_DL,0.9047619047619048,1
159,comp_specific,0.9047619047619048,1
159,adaptshrink,0.9047619047619048,1
159,adaptshrink_auto,0.9047619047619048,1
160,common_DL,0.9761904761904763,1
160,comp_specific,0.9761904761904763,1
160,adaptshrink,0.9761904761904763,1
160,adaptshrink_auto,0.9761904761904763,1
161,common_DL,0.9523809523809524,1
161,comp_specific,0.9523809523809524,1
161,adaptshrink,0.9523809523809524,1
161,adaptshrink_auto,0.9761904761904763,1
162,common_DL,0.9761904761904763,1
162,comp_specific,0.9761904761904763,1
162,adaptshrink,0.9761904761904763,1
162,adaptshrink_auto,1.0,1
163,common_DL,0.9761904761904763,1
163,comp_specific,0.9761904761904763,1
163,adaptshrink,0.9761904761904763,1
163,adaptshrink_auto,0.9523809523809524,1
164,common_DL,0.9285714285714287,1
164,comp_specific,0.9047619047619048,1
164,adaptshrink,0.9047619047619048,1
164,adaptshrink_auto,0.9285714285714287,1
165,common_DL,0.9523809523809524,1
165,comp_specific,0.9761904761904763,1
165,adaptshrink,0.9523809523809524,1
165,adaptshrink_auto,0.9523809523809524,1
166,common_DL,0.9761904761904763,1
166,comp_specific,0.9047619047619048,1
166,adaptshrink,0.9285714285714287,1
166,adaptshrink_auto,1.0,1
167,common_DL,0.9761904761904763,1
167,comp_specific,0.9761904761904763,1
167,adaptshrink,0.9761904761904763,1
167,adaptshrink_auto,0.9761904761904763,1
168,common_DL,0.9285714285714287,1
168,comp_specific,0.9047619047619048,1
168,adaptshrink,0.9285714285714287,1
168,adaptshrink_auto,0.9285714285714287,1
169,common_DL,0.9761904761904763,1
169,comp_specific,0.9761904761904763,1
169,adaptshrink,0.9761904761904763,1
169,adaptshrink_auto,0.9761904761904763,1
170,common_DL,1.0,1
170,comp_specific,1.0,1
170,adaptshrink,1.0,1
170,adaptshrink_auto,1.0,1
171,common_DL,0.9761904761904763,1
171,comp_specific,1.0,1
171,adaptshrink,0.9761904761904763,1
171,adaptshrink_auto,0.9761904761904763,1
172,common_DL,0.9761904761904763,0
172,comp_specific,0.9761904761904763,0
172,adaptshrink,0.9761904761904763,0
172,adaptshrink_auto,0.9761904761904763,0
173,common_DL,0.9523809523809524,1
173,comp_specific,0.9761904761904763,1
173,adaptshrink,0.9523809523809524,1
173,adaptshrink_auto,0.9523809523809524,1
174,common_DL,1.0,1
174,comp_specific,0.9761904761904763,1
174,adaptshrink,1.0,1
174,adaptshrink_auto,1.0,1
175,common_DL,0.9761904761904763,1
175,comp_specific,0.9285714285714287,1
175,adaptshrink,0.9285714285714287,1
175,adaptshrink_auto,0.9285714285714287,1
176,common_DL,1.0,1
176,comp_specific,1.0,1
176,adaptshrink,1.0,1
176,adaptshrink_auto,1.0,1
177,common_DL,0.9761904761904763,1
177,comp_specific,0.9761904761904763,1
177,adaptshrink,0.9761904761904763,1
177,adaptshrink_auto,0.9761904761904763,1
178,common_DL,0.9761904761904763,1
178,comp_specific,0.9761904761904763,1
178,adaptshrink,0.9761904761904763,1
178,adaptshrink_auto,1.0,1
179,common_DL,0.8095238095238096,0
179,comp_specific,0.8095238095238096,0
179,adaptshrink,0.8095238095238096,0
179,adaptshrink_auto,0.8095238095238096,0
180,common_DL,1.0,1
180,comp_specific,1.0,1
180,adaptshrink,1.0,1
180,adaptshrink_auto,1.0,1
181,common_DL,0.9761904761904763,1
181,comp_specific,1.0,1
181,adaptshrink,0.9761904761904763,1
181,adaptshrink_auto,0.9761904761904763,1
182,common_DL,0.9761904761904763,0
182,comp_specific,1.0,1
182,adaptshrink,0.9761904761904763,0
182,adaptshrink_auto,0.9761904761904763,0
183,common_DL,0.9761904761904763,0
183,comp_specific,0.9761904761904763,0
183,adaptshrink,0.9761904761904763,0
183,adaptshrink_auto,0.9761904761904763,0
184,common_DL,0.9523809523809524,1
184,comp_specific,0.9523809523809524,1
184,adaptshrink,0.9523809523809524,1
184,adaptshrink_auto,1.0,1
185,common_DL,0.8095238095238096,1
185,comp_specific,0.8095238095238096,1
185,adaptshrink,0.8095238095238096,1
185,adaptshrink_auto,0.9047619047619048,1
186,common_DL,0.9761904761904763,1
186,comp_specific,1.0,1
186,adaptshrink,0.9761904761904763,1
186,adaptshrink_auto,0.9761904761904763,1
187,common_DL,1.0,1
187,comp_specific,1.0,1
187,adaptshrink,1.0,1
187,adaptshrink_auto,1.0,1
188,common_DL,0.9761904761904763,1
188,comp_specific,0.9761904761904763,1
188,adaptshrink,0.9761904761904763,1
188,adaptshrink_auto,0.9761904761904763,1
189,common_DL,0.9761904761904763,1
189,comp_specific,0.9761904761904763,1
189,adaptshrink,0.9761904761904763,1
189,adaptshrink_auto,0.9523809523809524,1
190,common_DL,0.9761904761904763,1
190,comp_specific,0.9761904761904763,1
190,adaptshrink,0.9761904761904763,1
190,adaptshrink_auto,0.9761904761904763,1
191,common_DL,0.8095238095238096,0
191,comp_specific,0.8571428571428572,0
191,adaptshrink,0.8095238095238096,0
191,adaptshrink_auto,0.9285714285714287,0
192,common_DL,0.9761904761904763,1
192,comp_specific,0.9761904761904763,1
192,adaptshrink,0.9761904761904763,1
192,adaptshrink_auto,1.0,1
193,common_DL,0.9285714285714287,1
193,comp_specific,0.9285714285714287,1
193,adaptshrink,0.9285714285714287,1
193,adaptshrink_auto,0.9285714285714287,1
194,common_DL,0.9523809523809524,1
194,comp_specific,0.9761904761904763,1
194,adaptshrink,0.9523809523809524,1
194,adaptshrink_auto,0.9761904761904763,1
195,common_DL,0.9761904761904763,1
195,comp_specific,0.9761904761904763,1
195,adaptshrink,0.9761904761904763,1
195,adaptshrink_auto,0.9523809523809524,1
196,common_DL,0.9761904761904763,1
196,comp_specific,0.9761904761904763,1
196,adaptshrink,0.9761904761904763,1
196,adaptshrink_auto,0.9761904761904763,1
197,common_DL,0.9761904761904763,1
197,comp_specific,1.0,1
197,adaptshrink,0.9761904761904763,1
197,adaptshrink_auto,1.0,1
198,common_DL,1.0,1
198,comp_specific,1.0,1
198,adaptshrink,1.0,1
198,adaptshrink_auto,1.0,1
199,common_DL,0.9761904761904763,1
199,comp_specific,0.9761904761904763,1
199,adaptshrink,0.9761904761904763,1
199,adaptshrink_auto,0.9761904761904763,1
200,common_DL,1.0,1
200,comp_specific,1.0,1
200,adaptshrink,1.0,1
200,adaptshrink_auto,1.0,1
201,common_DL,1.0,1
201,comp_specific,1.0,1
201,adaptshrink,1.0,1
201,adaptshrink_auto,1.0,1
202,common_DL,0.9761904761904763,1
202,comp_specific,0.9761904761904763,1
202,adaptshrink,0.9761904761904763,1
202,adaptshrink_auto,0.9761904761904763,1
203,common_DL,0.9523809523809524,1
203,comp_specific,0.9523809523809524,1
203,adaptshrink,0.9523809523809524,1
203,adaptshrink_auto,0.9523809523809524,1
204,common_DL,0.9285714285714287,1
204,comp_specific,0.9285714285714287,1
204,adaptshrink,0.9285714285714287,1
204,adaptshrink_auto,0.9285714285714287,1
205,common_DL,0.9285714285714287,1
205,comp_specific,0.9047619047619048,1
205,adaptshrink,0.9285714285714287,1
205,adaptshrink_auto,0.9285714285714287,1
206,common_DL,0.9761904761904763,1
206,comp_specific,1.0,1
206,adaptshrink,0.9761904761904763,1
206,adaptshrink_auto,0.9761904761904763,1
207,common_DL,0.9761904761904763,1
207,comp_specific,0.9761904761904763,1
207,adaptshrink,0.9761904761904763,1
207,adaptshrink_auto,0.9761904761904763,1
208,common_DL,0.9285714285714287,0
208,comp_specific,0.9285714285714287,0
208,adaptshrink,0.9285714285714287,0
208,adaptshrink_auto,0.9761904761904763,0
209,common_DL,1.0,1
209,comp_specific,1.0,1
209,adaptshrink,1.0,1
209,adaptshrink_auto,1.0,1
210,common_DL,1.0,1
210,comp_specific,1.0,1
210,adaptshrink,1.0,1
210,adaptshrink_auto,1.0,1
211,common_DL,1.0,1
211,comp_specific,1.0,1
211,adaptshrink,1.0,1
211,adaptshrink_auto,0.9761904761904763,1
212,common_DL,0.9523809523809524,1
212,comp_specific,0.9523809523809524,1
212,adaptshrink,0.9523809523809524,1
212,adaptshrink_auto,0.9523809523809524,1
213,common_DL,0.9761904761904763,0
213,comp_specific,0.9761904761904763,0
213,adaptshrink,0.9761904761904763,0
213,adaptshrink_auto,0.9761904761904763,0
214,common_DL,0.9523809523809524,1
214,comp_specific,0.9523809523809524,1
214,adaptshrink,0.9523809523809524,1
214,adaptshrink_auto,0.9523809523809524,1
215,common_DL,1.0,1
215,comp_specific,1.0,1
215,adaptshrink,1.0,1
215,adaptshrink_auto,1.0,1
216,common_DL,1.0,1
216,comp_specific,1.0,1
216,adaptshrink,1.0,1
216,adaptshrink_auto,1.0,1
217,common_DL,1.0,1
217,comp_specific,1.0,1
217,adaptshrink,1.0,1
217,adaptshrink_auto,1.0,1
218,common_DL,0.9761904761904763,1
218,comp_specific,0.9761904761904763,1
218,adaptshrink,0.9761904761904763,1
218,adaptshrink_auto,0.9047619047619048,1
219,common_DL,0.9285714285714287,1
219,comp_specific,0.9285714285714287,1
219,adaptshrink,0.9285714285714287,1
219,adaptshrink_auto,0.9285714285714287,1
220,common_DL,0.9761904761904763,1
220,comp_specific,0.9761904761904763,1
220,adaptshrink,0.9761904761904763,1
220,adaptshrink_auto,0.9761904761904763,1
221,common_DL,0.9285714285714287,1
221,comp_specific,0.9285714285714287,1
221,adaptshrink,0.9285714285714287,1
221,adaptshrink_auto,0.9285714285714287,1
222,common_DL,0.9285714285714287,1
222,comp_specific,0.9761904761904763,1
222,adaptshrink,0.9761904761904763,1
222,adaptshrink_auto,0.9761904761904763,1
223,common_DL,0.9523809523809524,1
223,comp_specific,0.9523809523809524,1
223,adaptshrink,0.9523809523809524,1
223,adaptshrink_auto,0.9761904761904763,1
224,common_DL,0.6190476190476191,1
224,comp_specific,0.6190476190476191,1
224,adaptshrink,0.6190476190476191,1
224,adaptshrink_auto,0.7857142857142858,1
225,common_DL,0.9047619047619048,1
225,comp_specific,0.9285714285714287,1
225,adaptshrink,0.9285714285714287,1
225,adaptshrink_auto,0.9285714285714287,1
226,common_DL,0.9761904761904763,1
226,comp_specific,0.9761904761904763,1
226,adaptshrink,0.9761904761904763,1
226,adaptshrink_auto,0.9761904761904763,1
227,common_DL,0.9523809523809524,1
227,comp_specific,0.9761904761904763,1
227,adaptshrink,0.9523809523809524,1
227,adaptshrink_auto,0.9761904761904763,1
228,common_DL,1.0,1
228,comp_specific,1.0,1
228,adaptshrink,1.0,1
228,adaptshrink_auto,1.0,1
229,common_DL,0.9761904761904763,1
229,comp_specific,0.9761904761904763,1
229,adaptshrink,0.9761904761904763,1
229,adaptshrink_auto,0.9285714285714287,0
230,common_DL,0.9761904761904763,1
230,comp_specific,1.0,1
230,adaptshrink,0.9761904761904763,1
230,adaptshrink_auto,0.9761904761904763,1
231,common_DL,0.9285714285714287,1
231,comp_specific,0.9285714285714287,1
231,adaptshrink,0.9285714285714287,1
231,adaptshrink_auto,0.9761904761904763,1
232,common_DL,0.9761904761904763,1
232,comp_specific,1.0,1
232,adaptshrink,1.0,1
232,adaptshrink_auto,1.0,1
233,common_DL,0.7857142857142858,1
233,comp_specific,0.7857142857142858,1
233,adaptshrink,0.7857142857142858,1
233,adaptshrink_auto,0.7857142857142858,1
234,common_DL,0.9523809523809524,1
234,comp_specific,0.9523809523809524,1
234,adaptshrink,0.9523809523809524,1
234,adaptshrink_auto,0.9523809523809524,1
235,common_DL,0.9523809523809524,0
235,comp_specific,0.9761904761904763,0
235,adaptshrink,0.9523809523809524,0
235,adaptshrink_auto,0.9761904761904763,0
236,common_DL,1.0,1
236,comp_specific,1.0,1
236,adaptshrink,1.0,1
236,adaptshrink_auto,1.0,1
237,common_DL,0.9761904761904763,1
237,comp_specific,0.9761904761904763,1
237,adaptshrink,1.0,1
237,adaptshrink_auto,1.0,1
238,common_DL,1.0,1
238,comp_specific,1.0,1
238,adaptshrink,1.0,1
238,adaptshrink_auto,1.0,1
239,common_DL,0.9761904761904763,1
239,comp_specific,1.0,1
239,adaptshrink,1.0,1
239,adaptshrink_auto,0.9761904761904763,1
240,common_DL,0.9761904761904763,1
240,comp_specific,0.9761904761904763,1
240,adaptshrink,0.9761904761904763,1
240,adaptshrink_auto,1.0,1
241,common_DL,0.9761904761904763,1
241,comp_specific,1.0,1
241,adaptshrink,1.0,1
241,adaptshrink_auto,1.0,1
242,common_DL,1.0,1
242,comp_specific,1.0,1
242,adaptshrink,1.0,1
242,adaptshrink_auto,1.0,1
243,common_DL,0.9761904761904763,0
243,comp_specific,0.9761904761904763,0
243,adaptshrink,0.9761904761904763,0
243,adaptshrink_auto,0.9761904761904763,0
244,common_DL,0.9523809523809524,0
244,comp_specific,0.9523809523809524,0
244,adaptshrink,0.9523809523809524,0
244,adaptshrink_auto,1.0,1
245,common_DL,0.9761904761904763,1
245,comp_specific,1.0,1
245,adaptshrink,0.9761904761904763,1
245,adaptshrink_auto,0.9761904761904763,1
246,common_DL,0.9761904761904763,1
246,comp_specific,0.9761904761904763,1
246,adaptshrink,0.9761904761904763,1
246,adaptshrink_auto,0.9761904761904763,1
247,common_DL,0.9761904761904763,1
247,comp_specific,0.9761904761904763,1
247,adaptshrink,0.9761904761904763,1
247,adaptshrink_auto,0.9761904761904763,1
248,common_DL,1.0,1
248,comp_specific,1.0,1
248,adaptshrink,1.0,1
248,adaptshrink_auto,1.0,1
249,common_DL,0.9285714285714287,1
249,comp_specific,0.9523809523809524,1
249,adaptshrink,0.9761904761904763,1
249,adaptshrink_auto,0.9761904761904763,1
250,common_DL,0.9285714285714287,1
250,comp_specific,0.9761904761904763,1
250,adaptshrink,0.9285714285714287,1
250,adaptshrink_auto,0.9285714285714287,1
251,common_DL,0.9285714285714287,1
251,comp_specific,0.9285714285714287,1
251,adaptshrink,0.9285714285714287,1
251,adaptshrink_auto,0.9285714285714287,1
252,common_DL,1.0,1
252,comp_specific,1.0,1
252,adaptshrink,1.0,1
252,adaptshrink_auto,1.0,1
253,common_DL,0.9285714285714287,1
253,comp_specific,0.9761904761904763,1
253,adaptshrink,0.9285714285714287,1
253,adaptshrink_auto,0.9285714285714287,1
254,common_DL,1.0,1
254,comp_specific,0.9761904761904763,0
254,adaptshrink,0.9761904761904763,0
254,adaptshrink_auto,0.9761904761904763,1
255,common_DL,0.9761904761904763,1
255,comp_specific,0.9761904761904763,1
255,adaptshrink,0.9523809523809524,1
255,adaptshrink_auto,0.9523809523809524,1
256,common_DL,0.8333333333333335,1
256,comp_specific,0.880952380952381,1
256,adaptshrink,0.8333333333333335,1
256,adaptshrink_auto,0.9047619047619048,1
257,common_DL,0.880952380952381,1
257,comp_specific,0.880952380952381,1
257,adaptshrink,0.880952380952381,1
257,adaptshrink_auto,0.9523809523809524,1
258,common_DL,0.9285714285714287,1
258,comp_specific,0.9285714285714287,1
258,adaptshrink,0.9285714285714287,1
258,adaptshrink_auto,0.9285714285714287,1
259,common_DL,1.0,1
259,comp_specific,1.0,1
259,adaptshrink,1.0,1
259,adaptshrink_auto,1.0,1
260,common_DL,0.7380952380952381,1
260,comp_specific,0.7380952380952381,1
260,adaptshrink,0.7380952380952381,1
260,adaptshrink_auto,0.7380952380952381,1
261,common_DL,0.9761904761904763,1
261,comp_specific,0.9761904761904763,1
261,adaptshrink,0.9761904761904763,1
261,adaptshrink_auto,0.9761904761904763,1
262,common_DL,0.9761904761904763,1
262,comp_specific,0.9523809523809524,1
262,adaptshrink,0.9761904761904763,1
262,adaptshrink_auto,0.9761904761904763,1
263,common_DL,1.0,1
263,comp_specific,1.0,1
263,adaptshrink,1.0,1
263,adaptshrink_auto,0.9761904761904763,1
264,common_DL,0.9285714285714287,1
264,comp_specific,0.9285714285714287,1
264,adaptshrink,0.9285714285714287,1
264,adaptshrink_auto,0.9761904761904763,1
265,common_DL,0.8095238095238096,1
265,comp_specific,0.8333333333333335,1
265,adaptshrink,0.8333333333333335,1
265,adaptshrink_auto,0.880952380952381,1
266,common_DL,0.9285714285714287,1
266,comp_specific,0.9285714285714287,1
266,adaptshrink,0.9285714285714287,1
266,adaptshrink_auto,0.9523809523809524,0
267,common_DL,0.9047619047619048,1
267,comp_specific,0.8095238095238096,1
267,adaptshrink,0.880952380952381,1
267,adaptshrink_auto,0.8333333333333335,1
268,common_DL,0.9523809523809524,0
268,comp_specific,0.9523809523809524,0
268,adaptshrink,0.9523809523809524,0
268,adaptshrink_auto,0.9523809523809524,0
269,common_DL,0.9285714285714287,1
269,comp_specific,0.9761904761904763,1
269,adaptshrink,0.9285714285714287,1
269,adaptshrink_auto,1.0,1
270,common_DL,0.880952380952381,1
270,comp_specific,0.9285714285714287,1
270,adaptshrink,0.9285714285714287,1
270,adaptshrink_auto,0.9285714285714287,1
271,common_DL,1.0,1
271,comp_specific,1.0,1
271,adaptshrink,1.0,1
271,adaptshrink_auto,1.0,1
272,common_DL,0.9285714285714287,0
272,comp_specific,0.9285714285714287,0
272,adaptshrink,0.9285714285714287,0
272,adaptshrink_auto,0.9285714285714287,0
273,common_DL,1.0,1
273,comp_specific,0.9761904761904763,1
273,adaptshrink,1.0,1
273,adaptshrink_auto,1.0,1
274,common_DL,0.9761904761904763,1
274,comp_specific,0.9761904761904763,1
274,adaptshrink,0.9761904761904763,1
274,adaptshrink_auto,0.9761904761904763,1
275,common_DL,0.9523809523809524,1
275,comp_specific,0.9761904761904763,1
275,adaptshrink,0.9523809523809524,1
275,adaptshrink_auto,0.9761904761904763,1
276,common_DL,0.9285714285714287,0
276,comp_specific,0.9285714285714287,0
276,adaptshrink,0.9285714285714287,0
276,adaptshrink_auto,0.9761904761904763,0
277,common_DL,0.9047619047619048,1
277,comp_specific,0.9047619047619048,1
277,adaptshrink,0.9047619047619048,1
277,adaptshrink_auto,1.0,1
278,common_DL,0.880952380952381,1
278,comp_specific,0.8333333333333335,1
278,adaptshrink,0.880952380952381,1
278,adaptshrink_auto,0.8333333333333335,1
279,common_DL,0.9047619047619048,0
279,comp_specific,0.9047619047619048,0
279,adaptshrink,0.9047619047619048,0
279,adaptshrink_auto,0.880952380952381,0
280,common_DL,0.9047619047619048,0
280,comp_specific,0.8571428571428572,0
280,adaptshrink,0.9285714285714287,0
280,adaptshrink_auto,0.880952380952381,0
281,common_DL,0.9523809523809524,1
281,comp_specific,0.9523809523809524,1
281,adaptshrink,0.9523809523809524,1
281,adaptshrink_auto,0.9761904761904763,1
282,common_DL,1.0,1
282,comp_specific,0.9761904761904763,1
282,adaptshrink,1.0,1
282,adaptshrink_auto,0.9761904761904763,1
283,common_DL,0.9047619047619048,1
283,comp_specific,0.9285714285714287,1
283,adaptshrink,0.9047619047619048,1
283,adaptshrink_auto,0.9047619047619048,1
284,common_DL,0.9761904761904763,1
284,comp_specific,1.0,1
284,adaptshrink,1.0,1
284,adaptshrink_auto,1.0,1
285,common_DL,0.9761904761904763,1
285,comp_specific,1.0,1
285,adaptshrink,0.9761904761904763,1
285,adaptshrink_auto,0.9761904761904763,1
286,common_DL,0.9285714285714287,1
286,comp_specific,1.0,1
286,adaptshrink,0.9761904761904763,1
286,adaptshrink_auto,0.9761904761904763,1
287,common_DL,1.0,1
287,comp_specific,1.0,1
287,adaptshrink,1.0,1
287,adaptshrink_auto,1.0,1
288,common_DL,1.0,1
288,comp_specific,1.0,1
288,adaptshrink,1.0,1
288,adaptshrink_auto,1.0,1
289,common_DL,1.0,1
289,comp_specific,0.9761904761904763,1
289,adaptshrink,0.9761904761904763,1
289,adaptshrink_auto,1.0,1
290,common_DL,0.9761904761904763,1
290,comp_specific,0.9761904761904763,1
290,adaptshrink,0.9761904761904763,1
290,adaptshrink_auto,0.9761904761904763,1
291,common_DL,0.9761904761904763,1
291,comp_specific,0.9761904761904763,1
291,adaptshrink,0.9761904761904763,1
291,adaptshrink_auto,0.9761904761904763,1
292,common_DL,0.8571428571428572,1
292,comp_specific,0.8571428571428572,1
292,adaptshrink,0.9285714285714287,1
292,adaptshrink_auto,0.9285714285714287,1
293,common_DL,0.8333333333333335,0
293,comp_specific,0.8333333333333335,0
293,adaptshrink,0.8333333333333335,0
293,adaptshrink_auto,0.9285714285714287,1
294,common_DL,0.9761904761904763,1
294,comp_specific,0.9523809523809524,1
294,adaptshrink,0.9523809523809524,1
294,adaptshrink_auto,1.0,1
295,common_DL,0.9523809523809524,1
295,comp_specific,0.9523809523809524,1
295,adaptshrink,0.9523809523809524,1
295,adaptshrink_auto,0.9523809523809524,1
296,common_DL,0.880952380952381,1
296,comp_specific,0.9285714285714287,1
296,adaptshrink,0.880952380952381,1
296,adaptshrink_auto,0.9285714285714287,1
297,common_DL,1.0,1
297,comp_specific,1.0,1
297,adaptshrink,1.0,1
297,adaptshrink_auto,1.0,1
298,common_DL,0.9761904761904763,1
298,comp_specific,1.0,1
298,adaptshrink,1.0,1
298,adaptshrink_auto,0.9761904761904763,1
299,common_DL,0.9761904761904763,1
299,comp_specific,0.9761904761904763,1
299,adaptshrink,0.9761904761904763,1
299,adaptshrink_auto,0.9761904761904763,1
300,common_DL,0.9761904761904763,1
300,comp_specific,0.9761904761904763,1
300,adaptshrink,0.9761904761904763,1
300,adaptshrink_auto,0.9761904761904763,1
301,common_DL,1.0,1
301,comp_specific,1.0,1
301,adaptshrink,1.0,1
301,adaptshrink_auto,1.0,1
302,common_DL,0.9761904761904763,1
302,comp_specific,0.9761904761904763,1
302,adaptshrink,0.9761904761904763,1
302,adaptshrink_auto,0.9761904761904763,1
303,common_DL,0.9523809523809524,1
303,comp_specific,0.9523809523809524,1
303,adaptshrink,0.9523809523809524,1
303,adaptshrink_auto,0.9523809523809524,1
304,common_DL,0.9523809523809524,0
304,comp_specific,0.9523809523809524,0
304,adaptshrink,0.9523809523809524,0
304,adaptshrink_auto,0.9523809523809524,0
305,common_DL,0.9047619047619048,1
305,comp_specific,0.9047619047619048,1
305,adaptshrink,0.9047619047619048,1
305,adaptshrink_auto,0.9523809523809524,1
306,common_DL,0.9285714285714287,1
306,comp_specific,0.9285714285714287,1
306,adaptshrink,0.9285714285714287,1
306,adaptshrink_auto,0.880952380952381,1
307,common_DL,0.9761904761904763,1
307,comp_specific,0.9761904761904763,1
307,adaptshrink,0.9761904761904763,1
307,adaptshrink_auto,0.9761904761904763,1
308,common_DL,0.9285714285714287,1
308,comp_specific,0.9285714285714287,1
308,adaptshrink,0.9285714285714287,1
308,adaptshrink_auto,0.9047619047619048,1
309,common_DL,0.9047619047619048,0
309,comp_specific,0.9047619047619048,0
309,adaptshrink,0.9047619047619048,0
309,adaptshrink_auto,0.9761904761904763,1
310,common_DL,0.9523809523809524,1
310,comp_specific,0.9523809523809524,1
310,adaptshrink,0.9523809523809524,1
310,adaptshrink_auto,1.0,1
311,common_DL,0.9761904761904763,0
311,comp_specific,0.9761904761904763,0
311,adaptshrink,0.9761904761904763,0
311,adaptshrink_auto,0.9761904761904763,0
312,common_DL,0.9285714285714287,1
312,comp_specific,0.9285714285714287,1
312,adaptshrink,0.9285714285714287,1
312,adaptshrink_auto,0.9285714285714287,1
313,common_DL,1.0,1
313,comp_specific,1.0,1
313,adaptshrink,1.0,1
313,adaptshrink_auto,0.9761904761904763,1
314,common_DL,0.9761904761904763,1
314,comp_specific,0.9047619047619048,0
314,adaptshrink,0.9761904761904763,1
314,adaptshrink_auto,0.9761904761904763,1
315,common_DL,0.9761904761904763,1
315,comp_specific,0.9761904761904763,1
315,adaptshrink,0.9761904761904763,1
315,adaptshrink_auto,0.9761904761904763,1
316,common_DL,0.9285714285714287,1
316,comp_specific,0.9285714285714287,1
316,adaptshrink,0.9285714285714287,1
316,adaptshrink_auto,0.9285714285714287,1
317,common_DL,0.9761904761904763,1
317,comp_specific,0.9761904761904763,1
317,adaptshrink,0.9761904761904763,1
317,adaptshrink_auto,0.9761904761904763,1
318,common_DL,0.9523809523809524,1
318,comp_specific,0.9523809523809524,1
318,adaptshrink,0.9523809523809524,1
318,adaptshrink_auto,0.9523809523809524,1
319,common_DL,0.9047619047619048,1
319,comp_specific,0.9047619047619048,1
319,adaptshrink,0.9047619047619048,1
319,adaptshrink_auto,0.9285714285714287,1
320,common_DL,0.9523809523809524,0
320,comp_specific,0.9761904761904763,1
320,adaptshrink,0.9523809523809524,0
320,adaptshrink_auto,0.9523809523809524,0
321,common_DL,0.880952380952381,1
321,comp_specific,0.880952380952381,1
321,adaptshrink,0.8333333333333335,1
321,adaptshrink_auto,0.8333333333333335,1
322,common_DL,0.9761904761904763,1
322,comp_specific,0.9761904761904763,1
322,adaptshrink,0.9761904761904763,1
322,adaptshrink_auto,0.9761904761904763,1
323,common_DL,1.0,1
323,comp_specific,1.0,1
323,adaptshrink,1.0,1
323,adaptshrink_auto,1.0,1
324,common_DL,0.9761904761904763,1
324,comp_specific,1.0,1
324,adaptshrink,0.9761904761904763,1
324,adaptshrink_auto,0.9761904761904763,1
325,common_DL,0.9047619047619048,1
325,comp_specific,0.9047619047619048,1
325,adaptshrink,0.9047619047619048,1
325,adaptshrink_auto,0.9047619047619048,1
326,common_DL,1.0,1
326,comp_specific,1.0,1
326,adaptshrink,1.0,1
326,adaptshrink_auto,0.9761904761904763,1
327,common_DL,1.0,1
327,comp_specific,0.9761904761904763,1
327,adaptshrink,1.0,1
327,adaptshrink_auto,1.0,1
328,common_DL,0.9047619047619048,0
328,comp_specific,0.9047619047619048,0
328,adaptshrink,0.9047619047619048,0
328,adaptshrink_auto,0.9047619047619048,0
329,common_DL,0.9761904761904763,1
329,comp_specific,1.0,1
329,adaptshrink,0.9761904761904763,1
329,adaptshrink_auto,1.0,1
330,common_DL,0.9761904761904763,1
330,comp_specific,0.9761904761904763,1
330,adaptshrink,0.9761904761904763,1
330,adaptshrink_auto,0.9761904761904763,1
331,common_DL,0.9761904761904763,0
331,comp_specific,0.9761904761904763,0
331,adaptshrink,0.9761904761904763,0
331,adaptshrink_auto,1.0,1
332,common_DL,1.0,1
332,comp_specific,1.0,1
332,adaptshrink,1.0,1
332,adaptshrink_auto,1.0,1
333,common_DL,0.9047619047619048,1
333,comp_specific,0.9047619047619048,1
333,adaptshrink,0.9047619047619048,1
333,adaptshrink_auto,0.9047619047619048,1
334,common_DL,1.0,1
334,comp_specific,1.0,1
334,adaptshrink,1.0,1
334,adaptshrink_auto,1.0,1
335,common_DL,0.9285714285714287,0
335,comp_specific,0.9285714285714287,0
335,adaptshrink,0.9285714285714287,0
335,adaptshrink_auto,0.9285714285714287,0
336,common_DL,1.0,1
336,comp_specific,1.0,1
336,adaptshrink,1.0,1
336,adaptshrink_auto,1.0,1
337,common_DL,1.0,1
337,comp_specific,1.0,1
337,adaptshrink,0.9761904761904763,1
337,adaptshrink_auto,1.0,1
338,common_DL,0.9523809523809524,0
338,comp_specific,0.9523809523809524,0
338,adaptshrink,0.9523809523809524,0
338,adaptshrink_auto,0.9523809523809524,0
339,common_DL,0.9761904761904763,1
339,comp_specific,0.9761904761904763,1
339,adaptshrink,0.9761904761904763,1
339,adaptshrink_auto,1.0,1
340,common_DL,0.9761904761904763,1
340,comp_specific,0.9761904761904763,1
340,adaptshrink,0.9761904761904763,1
340,adaptshrink_auto,1.0,1
341,common_DL,0.8333333333333335,1
341,comp_specific,0.880952380952381,1
341,adaptshrink,0.880952380952381,1
341,adaptshrink_auto,0.9285714285714287,1
342,common_DL,1.0,1
342,comp_specific,1.0,1
342,adaptshrink,1.0,1
342,adaptshrink_auto,1.0,1
343,common_DL,1.0,1
343,comp_specific,1.0,1
343,adaptshrink,1.0,1
343,adaptshrink_auto,1.0,1
344,common_DL,1.0,1
344,comp_specific,1.0,1
344,adaptshrink,1.0,1
344,adaptshrink_auto,1.0,1
345,common_DL,1.0,1
345,comp_specific,1.0,1
345,adaptshrink,1.0,1
345,adaptshrink_auto,1.0,1
346,common_DL,0.9285714285714287,1
346,comp_specific,0.9761904761904763,1
346,adaptshrink,0.9761904761904763,1
346,adaptshrink_auto,0.9761904761904763,1
347,common_DL,1.0,1
347,comp_specific,1.0,1
347,adaptshrink,1.0,1
347,adaptshrink_auto,1.0,1
348,common_DL,0.9523809523809524,0
348,comp_specific,0.9285714285714287,1
348,adaptshrink,0.9761904761904763,1
348,adaptshrink_auto,0.9761904761904763,1
349,common_DL,0.8571428571428572,1
349,comp_specific,0.8571428571428572,1
349,adaptshrink,0.8571428571428572,1
349,adaptshrink_auto,0.8571428571428572,1
350,common_DL,0.9761904761904763,1
350,comp_specific,0.9523809523809524,1
350,adaptshrink,0.9761904761904763,1
350,adaptshrink_auto,0.9761904761904763,1
351,common_DL,0.9761904761904763,1
351,comp_specific,0.9761904761904763,1
351,adaptshrink,0.9761904761904763,1
351,adaptshrink_auto,0.9761904761904763,1
352,common_DL,0.9047619047619048,1
352,comp_specific,0.9047619047619048,1
352,adaptshrink,0.9047619047619048,1
352,adaptshrink_auto,0.9285714285714287,1
353,common_DL,0.9761904761904763,0
353,comp_specific,0.9761904761904763,0
353,adaptshrink,0.9761904761904763,0
353,adaptshrink_auto,0.9761904761904763,0
354,common_DL,1.0,1
354,comp_specific,1.0,1
354,adaptshrink,1.0,1
354,adaptshrink_auto,0.9761904761904763,1
355,common_DL,0.9761904761904763,1
355,comp_specific,0.9761904761904763,1
355,adaptshrink,0.9761904761904763,1
355,adaptshrink_auto,0.9761904761904763,1
356,common_DL,0.9285714285714287,1
356,comp_specific,0.9285714285714287,1
356,adaptshrink,0.9285714285714287,1
356,adaptshrink_auto,0.9285714285714287,1
357,common_DL,0.9047619047619048,1
357,comp_specific,0.9047619047619048,1
357,adaptshrink,0.9047619047619048,1
357,adaptshrink_auto,0.9523809523809524,1
358,common_DL,1.0,1
358,comp_specific,0.9761904761904763,1
358,adaptshrink,1.0,1
358,adaptshrink_auto,1.0,1
359,common_DL,1.0,1
359,comp_specific,1.0,1
359,adaptshrink,1.0,1
359,adaptshrink_auto,1.0,1
360,common_DL,0.8571428571428572,0
360,comp_specific,0.880952380952381,0
360,adaptshrink,0.8571428571428572,0
360,adaptshrink_auto,0.8571428571428572,0
361,common_DL,0.9761904761904763,1
361,comp_specific,0.9761904761904763,1
361,adaptshrink,0.9761904761904763,1
361,adaptshrink_auto,1.0,1
362,common_DL,0.9761904761904763,1
362,comp_specific,0.9761904761904763,1
362,adaptshrink,0.9761904761904763,1
362,adaptshrink_auto,0.9761904761904763,1
363,common_DL,0.9047619047619048,1
363,comp_specific,0.9523809523809524,1
363,adaptshrink,0.9047619047619048,1
363,adaptshrink_auto,0.9047619047619048,1
364,common_DL,0.9285714285714287,1
364,comp_specific,0.9761904761904763,1
364,adaptshrink,0.9761904761904763,1
364,adaptshrink_auto,0.9761904761904763,1
365,common_DL,1.0,1
365,comp_specific,1.0,1
365,adaptshrink,1.0,1
365,adaptshrink_auto,1.0,1
366,common_DL,0.9285714285714287,0
366,comp_specific,1.0,1
366,adaptshrink,0.9761904761904763,0
366,adaptshrink_auto,1.0,1
367,common_DL,0.9761904761904763,1
367,comp_specific,0.9761904761904763,1
367,adaptshrink,0.9523809523809524,1
367,adaptshrink_auto,0.9761904761904763,1
368,common_DL,0.9523809523809524,0
368,comp_specific,0.9523809523809524,0
368,adaptshrink,0.9523809523809524,0
368,adaptshrink_auto,0.9523809523809524,0
369,common_DL,1.0,1
369,comp_specific,1.0,1
369,adaptshrink,1.0,1
369,adaptshrink_auto,1.0,1
370,common_DL,0.9761904761904763,1
370,comp_specific,0.9761904761904763,1
370,adaptshrink,0.9761904761904763,1
370,adaptshrink_auto,0.9761904761904763,1
371,common_DL,0.880952380952381,1
371,comp_specific,0.880952380952381,1
371,adaptshrink,0.880952380952381,1
371,adaptshrink_auto,0.880952380952381,1
372,common_DL,0.9761904761904763,1
372,comp_specific,0.9761904761904763,1
372,adaptshrink,0.9761904761904763,1
372,adaptshrink_auto,0.9761904761904763,1
373,common_DL,0.9761904761904763,1
373,comp_specific,0.9761904761904763,1
373,adaptshrink,0.9761904761904763,1
373,adaptshrink_auto,1.0,1
374,common_DL,0.7857142857142858,1
374,comp_specific,0.7619047619047621,1
374,adaptshrink,0.7619047619047621,1
374,adaptshrink_auto,0.7619047619047621,1
375,common_DL,0.9523809523809524,0
375,comp_specific,0.9047619047619048,0
375,adaptshrink,0.9523809523809524,0
375,adaptshrink_auto,0.9523809523809524,0
376,common_DL,0.9761904761904763,1
376,comp_specific,0.9761904761904763,1
376,adaptshrink,0.9761904761904763,1
376,adaptshrink_auto,0.9761904761904763,1
377,common_DL,0.9285714285714287,1
377,comp_specific,0.9285714285714287,1
377,adaptshrink,0.9285714285714287,1
377,adaptshrink_auto,0.9285714285714287,1
378,common_DL,0.9285714285714287,1
378,comp_specific,0.9285714285714287,1
378,adaptshrink,0.9285714285714287,1
378,adaptshrink_auto,0.9285714285714287,1
379,common_DL,1.0,1
379,comp_specific,1.0,1
379,adaptshrink,1.0,1
379,adaptshrink_auto,1.0,1
380,common_DL,0.9047619047619048,1
380,comp_specific,0.9047619047619048,1
380,adaptshrink,0.9047619047619048,1
380,adaptshrink_auto,0.9047619047619048,1
381,common_DL,1.0,1
381,comp_specific,1.0,1
381,adaptshrink,1.0,1
381,adaptshrink_auto,1.0,1
382,common_DL,0.9761904761904763,1
382,comp_specific,0.9761904761904763,1
382,adaptshrink,0.9761904761904763,1
382,adaptshrink_auto,0.9761904761904763,1
383,common_DL,1.0,1
383,comp_specific,1.0,1
383,adaptshrink,1.0,1
383,adaptshrink_auto,1.0,1
384,common_DL,0.9285714285714287,1
384,comp_specific,0.9285714285714287,1
384,adaptshrink,0.880952380952381,1
384,adaptshrink_auto,0.8333333333333335,1
385,common_DL,0.9761904761904763,1
385,comp_specific,0.9761904761904763,1
385,adaptshrink,0.9761904761904763,1
385,adaptshrink_auto,0.9761904761904763,1
386,common_DL,0.9047619047619048,0
386,comp_specific,0.880952380952381,0
386,adaptshrink,0.880952380952381,0
386,adaptshrink_auto,0.880952380952381,0
387,common_DL,0.9285714285714287,1
387,comp_specific,0.9761904761904763,1
387,adaptshrink,0.9285714285714287,1
387,adaptshrink_auto,0.8333333333333335,1
388,common_DL,0.9761904761904763,0
388,comp_specific,0.9761904761904763,0
388,adaptshrink,0.9761904761904763,0
388,adaptshrink_auto,0.9761904761904763,0
389,common_DL,1.0,1
389,comp_specific,1.0,1
389,adaptshrink,1.0,1
389,adaptshrink_auto,1.0,1
390,common_DL,0.9761904761904763,1
390,comp_specific,0.9761904761904763,1
390,adaptshrink,0.9761904761904763,1
390,adaptshrink_auto,0.9761904761904763,1
391,common_DL,0.9047619047619048,1
391,comp_specific,0.9761904761904763,1
391,adaptshrink,0.9761904761904763,1
391,adaptshrink_auto,0.9761904761904763,1
392,common_DL,0.9047619047619048,0
392,comp_specific,0.9047619047619048,0
392,adaptshrink,0.9047619047619048,0
392,adaptshrink_auto,0.9047619047619048,0
393,common_DL,1.0,1
393,comp_specific,1.0,1
393,adaptshrink,1.0,1
393,adaptshrink_auto,1.0,1
394,common_DL,0.9047619047619048,1
394,comp_specific,0.9047619047619048,1
394,adaptshrink,0.9047619047619048,1
394,adaptshrink_auto,0.9047619047619048,1
395,common_DL,0.9523809523809524,1
395,comp_specific,0.9523809523809524,1
395,adaptshrink,0.9523809523809524,1
395,adaptshrink_auto,0.9523809523809524,1
396,common_DL,1.0,1
396,comp_specific,1.0,1
396,adaptshrink,1.0,1
396,adaptshrink_auto,1.0,1
397,common_DL,0.9761904761904763,1
397,comp_specific,0.9761904761904763,1
397,adaptshrink,0.9761904761904763,1
397,adaptshrink_auto,0.9761904761904763,1
398,common_DL,1.0,1
398,comp_specific,0.9761904761904763,1
398,adaptshrink,0.9761904761904763,1
398,adaptshrink_auto,1.0,1
399,common_DL,0.9761904761904763,1
399,comp_specific,0.9761904761904763,1
399,adaptshrink,0.9761904761904763,1
399,adaptshrink_auto,0.9761904761904763,1
400,common_DL,0.9047619047619048,1
400,comp_specific,0.880952380952381,0
400,adaptshrink,0.880952380952381,0
400,adaptshrink_auto,0.9047619047619048,1
401,common_DL,0.9523809523809524,1
401,comp_specific,0.880952380952381,1
401,adaptshrink,0.9523809523809524,1
401,adaptshrink_auto,0.9523809523809524,1
402,common_DL,1.0,1
402,comp_specific,1.0,1
402,adaptshrink,1.0,1
402,adaptshrink_auto,0.9761904761904763,1
403,common_DL,0.9047619047619048,1
403,comp_specific,0.9047619047619048,1
403,adaptshrink,0.9047619047619048,1
403,adaptshrink_auto,0.9523809523809524,1
404,common_DL,0.9047619047619048,1
404,comp_specific,0.9047619047619048,1
404,adaptshrink,0.9285714285714287,1
404,adaptshrink_auto,0.9761904761904763,1
405,common_DL,0.5952380952380953,1
405,comp_specific,0.5952380952380953,1
405,adaptshrink,0.5952380952380953,1
405,adaptshrink_auto,0.5952380952380953,1
406,common_DL,0.9523809523809524,1
406,comp_specific,0.9761904761904763,1
406,adaptshrink,0.9523809523809524,1
406,adaptshrink_auto,0.9761904761904763,1
407,common_DL,1.0,1
407,comp_specific,0.9761904761904763,1
407,adaptshrink,1.0,1
407,adaptshrink_auto,1.0,1
408,common_DL,1.0,1
408,comp_specific,1.0,1
408,adaptshrink,1.0,1
408,adaptshrink_auto,1.0,1
409,common_DL,0.9761904761904763,1
409,comp_specific,0.9761904761904763,1
409,adaptshrink,0.9761904761904763,1
409,adaptshrink_auto,0.9761904761904763,1
410,common_DL,0.9761904761904763,1
410,comp_specific,0.9761904761904763,1
410,adaptshrink,0.9761904761904763,1
410,adaptshrink_auto,0.9761904761904763,1
411,common_DL,0.9047619047619048,0
411,comp_specific,0.9523809523809524,0
411,adaptshrink,0.9523809523809524,0
411,adaptshrink_auto,0.9285714285714287,0
412,common_DL,0.9047619047619048,1
412,comp_specific,0.9047619047619048,1
412,adaptshrink,0.9047619047619048,1
412,adaptshrink_auto,0.9047619047619048,1
413,common_DL,0.9285714285714287,1
413,comp_specific,0.9047619047619048,1
413,adaptshrink,0.9047619047619048,1
413,adaptshrink_auto,0.9047619047619048,1
414,common_DL,0.9761904761904763,1
414,comp_specific,0.9761904761904763,1
414,adaptshrink,0.9761904761904763,1
414,adaptshrink_auto,0.9761904761904763,1
415,common_DL,0.9285714285714287,1
415,comp_specific,0.9761904761904763,1
415,adaptshrink,0.9285714285714287,1
415,adaptshrink_auto,1.0,1
416,common_DL,0.9761904761904763,0
416,comp_specific,0.9761904761904763,0
416,adaptshrink,0.9761904761904763,0
416,adaptshrink_auto,1.0,1
417,common_DL,1.0,1
417,comp_specific,1.0,1
417,adaptshrink,1.0,1
417,adaptshrink_auto,1.0,1
418,common_DL,0.9761904761904763,1
418,comp_specific,0.9761904761904763,1
418,adaptshrink,0.9761904761904763,1
418,adaptshrink_auto,1.0,1
419,common_DL,1.0,1
419,comp_specific,1.0,1
419,adaptshrink,1.0,1
419,adaptshrink_auto,1.0,1
420,common_DL,0.9285714285714287,1
420,comp_specific,0.9285714285714287,1
420,adaptshrink,0.9285714285714287,1
420,adaptshrink_auto,0.9285714285714287,1
421,common_DL,1.0,1
421,comp_specific,1.0,1
421,adaptshrink,1.0,1
421,adaptshrink_auto,1.0,1
422,common_DL,0.9761904761904763,1
422,comp_specific,0.9761904761904763,1
422,adaptshrink,0.9761904761904763,1
422,adaptshrink_auto,1.0,1
423,common_DL,1.0,1
423,comp_specific,1.0,1
423,adaptshrink,1.0,1
423,adaptshrink_auto,1.0,1
424,common_DL,0.9761904761904763,1
424,comp_specific,0.9761904761904763,1
424,adaptshrink,0.9761904761904763,1
424,adaptshrink_auto,0.9761904761904763,1
425,common_DL,0.9761904761904763,1
425,comp_specific,0.9761904761904763,1
425,adaptshrink,0.9761904761904763,1
425,adaptshrink_auto,1.0,1
426,common_DL,0.9285714285714287,1
426,comp_specific,0.9285714285714287,1
426,adaptshrink,0.9285714285714287,1
426,adaptshrink_auto,0.9285714285714287,1
427,common_DL,0.9761904761904763,1
427,comp_specific,0.9761904761904763,1
427,adaptshrink,0.9761904761904763,1
427,adaptshrink_auto,0.9761904761904763,1
428,common_DL,0.9761904761904763,1
428,comp_specific,0.9761904761904763,1
428,adaptshrink,0.9761904761904763,1
428,adaptshrink_auto,1.0,1
429,common_DL,1.0,1
429,comp_specific,1.0,1
429,adaptshrink,1.0,1
429,adaptshrink_auto,1.0,1
430,common_DL,0.9761904761904763,0
430,comp_specific,0.9761904761904763,0
430,adaptshrink,0.9761904761904763,0
430,adaptshrink_auto,0.9761904761904763,0
431,common_DL,0.9285714285714287,1
431,comp_specific,0.9285714285714287,1
431,adaptshrink,0.9285714285714287,1
431,adaptshrink_auto,0.9285714285714287,1
432,common_DL,1.0,1
432,comp_specific,1.0,1
432,adaptshrink,1.0,1
432,adaptshrink_auto,1.0,1
433,common_DL,0.9761904761904763,0
433,comp_specific,0.9761904761904763,1
433,adaptshrink,1.0,1
433,adaptshrink_auto,1.0,1
434,common_DL,0.9761904761904763,1
434,comp_specific,0.9761904761904763,0
434,adaptshrink,0.9761904761904763,1
434,adaptshrink_auto,0.9761904761904763,1
435,common_DL,0.9761904761904763,1
435,comp_specific,1.0,1
435,adaptshrink,0.9761904761904763,1
435,adaptshrink_auto,0.9761904761904763,1
436,common_DL,0.9761904761904763,1
436,comp_specific,0.9761904761904763,1
436,adaptshrink,0.9761904761904763,1
436,adaptshrink_auto,0.9761904761904763,1
437,common_DL,0.9761904761904763,1
437,comp_specific,0.9761904761904763,1
437,adaptshrink,0.9761904761904763,1
437,adaptshrink_auto,1.0,1
438,common_DL,0.9761904761904763,1
438,comp_specific,0.9761904761904763,1
438,adaptshrink,0.9761904761904763,1
438,adaptshrink_auto,0.9761904761904763,1
439,common_DL,0.9761904761904763,0
439,comp_specific,0.9761904761904763,0
439,adaptshrink,0.9761904761904763,0
439,adaptshrink_auto,0.9761904761904763,0
440,common_DL,0.9761904761904763,1
440,comp_specific,0.9761904761904763,1
440,adaptshrink,0.9761904761904763,1
440,adaptshrink_auto,0.9761904761904763,1
441,common_DL,1.0,1
441,comp_specific,1.0,1
441,adaptshrink,1.0,1
441,adaptshrink_auto,1.0,1
442,common_DL,0.9761904761904763,0
442,comp_specific,0.9523809523809524,0
442,adaptshrink,0.9523809523809524,0
442,adaptshrink_auto,0.9523809523809524,0
443,common_DL,0.9047619047619048,1
443,comp_specific,0.9047619047619048,1
443,adaptshrink,0.9047619047619048,1
443,adaptshrink_auto,0.9761904761904763,1
444,common_DL,0.9285714285714287,1
444,comp_specific,0.8333333333333335,1
444,adaptshrink,0.8571428571428572,1
444,adaptshrink_auto,0.7857142857142858,1
445,common_DL,0.9285714285714287,1
445,comp_specific,0.9285714285714287,1
445,adaptshrink,0.9285714285714287,1
445,adaptshrink_auto,0.9285714285714287,1
446,common_DL,0.9761904761904763,1
446,comp_specific,0.9761904761904763,1
446,adaptshrink,0.9761904761904763,1
446,adaptshrink_auto,1.0,1
447,common_DL,1.0,1
447,comp_specific,0.9761904761904763,1
447,adaptshrink,0.9761904761904763,1
447,adaptshrink_auto,1.0,1
448,common_DL,0.9761904761904763,1
448,comp_specific,0.9761904761904763,1
448,adaptshrink,0.9761904761904763,1
448,adaptshrink_auto,0.9761904761904763,1
449,common_DL,0.9285714285714287,1
449,comp_specific,0.9285714285714287,1
449,adaptshrink,0.9285714285714287,1
449,adaptshrink_auto,0.9047619047619048,1
450,common_DL,1.0,1
450,comp_specific,1.0,1
450,adaptshrink,1.0,1
450,adaptshrink_auto,0.9761904761904763,1
451,common_DL,0.9761904761904763,1
451,comp_specific,0.9761904761904763,1
451,adaptshrink,0.9761904761904763,1
451,adaptshrink_auto,0.9761904761904763,1
452,common_DL,0.9761904761904763,1
452,comp_specific,0.9761904761904763,1
452,adaptshrink,0.9761904761904763,1
452,adaptshrink_auto,0.9761904761904763,1
453,common_DL,0.880952380952381,0
453,comp_specific,0.9047619047619048,0
453,adaptshrink,0.880952380952381,0
453,adaptshrink_auto,0.880952380952381,0
454,common_DL,1.0,1
454,comp_specific,1.0,1
454,adaptshrink,1.0,1
454,adaptshrink_auto,1.0,1
455,common_DL,0.9761904761904763,1
455,comp_specific,1.0,1
455,adaptshrink,0.9761904761904763,1
455,adaptshrink_auto,0.9761904761904763,1
456,common_DL,0.9761904761904763,1
456,comp_specific,0.9761904761904763,1
456,adaptshrink,0.9761904761904763,1
456,adaptshrink_auto,0.9761904761904763,1
457,common_DL,0.9523809523809524,1
457,comp_specific,0.9523809523809524,1
457,adaptshrink,0.9523809523809524,1
457,adaptshrink_auto,0.9523809523809524,1
458,common_DL,0.9523809523809524,1
458,comp_specific,0.9523809523809524,1
458,adaptshrink,0.9523809523809524,1
458,adaptshrink_auto,0.9761904761904763,1
459,common_DL,0.9761904761904763,1
459,comp_specific,1.0,1
459,adaptshrink,1.0,1
459,adaptshrink_auto,1.0,1
460,common_DL,0.9761904761904763,1
460,comp_specific,0.9761904761904763,1
460,adaptshrink,0.9761904761904763,1
460,adaptshrink_auto,1.0,1
461,common_DL,1.0,1
461,comp_specific,1.0,1
461,adaptshrink,1.0,1
461,adaptshrink_auto,1.0,1
462,common_DL,0.9047619047619048,1
462,comp_specific,0.9047619047619048,1
462,adaptshrink,0.9047619047619048,1
462,adaptshrink_auto,0.9047619047619048,1
463,common_DL,0.9047619047619048,0
463,comp_specific,0.9047619047619048,0
463,adaptshrink,0.9047619047619048,0
463,adaptshrink_auto,0.9761904761904763,1
464,common_DL,1.0,1
464,comp_specific,0.9761904761904763,1
464,adaptshrink,1.0,1
464,adaptshrink_auto,1.0,1
465,common_DL,0.9047619047619048,1
465,comp_specific,0.9047619047619048,1
465,adaptshrink,0.9047619047619048,1
465,adaptshrink_auto,0.9047619047619048,1
466,common_DL,1.0,1
466,comp_specific,0.9761904761904763,1
466,adaptshrink,1.0,1
466,adaptshrink_auto,1.0,1
467,common_DL,0.9761904761904763,1
467,comp_specific,0.9761904761904763,1
467,adaptshrink,0.9761904761904763,1
467,adaptshrink_auto,0.9761904761904763,1
468,common_DL,1.0,1
468,comp_specific,1.0,1
468,adaptshrink,1.0,1
468,adaptshrink_auto,1.0,1
469,common_DL,0.9523809523809524,1
469,comp_specific,0.9523809523809524,1
469,adaptshrink,0.9523809523809524,1
469,adaptshrink_auto,0.9523809523809524,1
470,common_DL,0.9761904761904763,1
470,comp_specific,0.9761904761904763,1
470,adaptshrink,0.9761904761904763,1
470,adaptshrink_auto,0.9761904761904763,1
471,common_DL,0.5952380952380953,1
471,comp_specific,0.6190476190476191,1
471,adaptshrink,0.5000000000000001,1
471,adaptshrink_auto,0.8095238095238096,1
472,common_DL,1.0,1
472,comp_specific,1.0,1
472,adaptshrink,1.0,1
472,adaptshrink_auto,1.0,1
473,common_DL,0.9285714285714287,1
473,comp_specific,0.9761904761904763,1
473,adaptshrink,0.9761904761904763,1
473,adaptshrink_auto,0.9761904761904763,1
474,common_DL,0.9047619047619048,1
474,comp_specific,0.9047619047619048,1
474,adaptshrink,0.9047619047619048,1
474,adaptshrink_auto,0.9285714285714287,1
475,common_DL,0.9761904761904763,1
475,comp_specific,0.9523809523809524,1
475,adaptshrink,0.9761904761904763,1
475,adaptshrink_auto,0.9761904761904763,1
476,common_DL,0.9761904761904763,1
476,comp_specific,0.9523809523809524,1
476,adaptshrink,0.9761904761904763,1
476,adaptshrink_auto,1.0,1
477,common_DL,0.9047619047619048,1
477,comp_specific,0.9047619047619048,1
477,adaptshrink,0.9047619047619048,1
477,adaptshrink_auto,0.9285714285714287,1
478,common_DL,1.0,1
478,comp_specific,0.9761904761904763,1
478,adaptshrink,0.9761904761904763,1
478,adaptshrink_auto,1.0,1
479,common_DL,0.9285714285714287,1
479,comp_specific,0.9047619047619048,1
479,adaptshrink,0.9285714285714287,1
479,adaptshrink_auto,0.9523809523809524,1
480,common_DL,0.9285714285714287,1
480,comp_specific,0.8333333333333335,0
480,adaptshrink,0.9285714285714287,1
480,adaptshrink_auto,1.0,1
481,common_DL,0.9047619047619048,1
481,comp_specific,0.9047619047619048,1
481,adaptshrink,0.9047619047619048,1
481,adaptshrink_auto,0.9047619047619048,1
482,common_DL,1.0,1
482,comp_specific,1.0,1
482,adaptshrink,1.0,1
482,adaptshrink_auto,1.0,1
483,common_DL,1.0,1
483,comp_specific,1.0,1
483,adaptshrink,1.0,1
483,adaptshrink_auto,1.0,1
484,common_DL,1.0,1
484,comp_specific,1.0,1
484,adaptshrink,1.0,1
484,adaptshrink_auto,0.9761904761904763,1
485,common_DL,0.9761904761904763,1
485,comp_specific,0.9761904761904763,1
485,adaptshrink,0.9761904761904763,1
485,adaptshrink_auto,0.9761904761904763,1
486,common_DL,0.9761904761904763,1
486,comp_specific,0.9761904761904763,1
486,adaptshrink,0.9761904761904763,1
486,adaptshrink_auto,0.9761904761904763,1
487,common_DL,0.7380952380952381,0
487,comp_specific,0.7619047619047621,0
487,adaptshrink,0.7380952380952381,0
487,adaptshrink_auto,0.7380952380952381,0
488,common_DL,0.9523809523809524,0
488,comp_specific,0.9523809523809524,0
488,adaptshrink,0.9523809523809524,0
488,adaptshrink_auto,0.9761904761904763,1
489,common_DL,1.0,1
489,comp_specific,0.9761904761904763,1
489,adaptshrink,1.0,1
489,adaptshrink_auto,0.9285714285714287,1
490,common_DL,0.9285714285714287,1
490,comp_specific,0.9285714285714287,1
490,adaptshrink,0.9285714285714287,1
490,adaptshrink_auto,0.9285714285714287,1
491,common_DL,0.9761904761904763,0
491,comp_specific,0.9523809523809524,0
491,adaptshrink,0.9523809523809524,0
491,adaptshrink_auto,0.9761904761904763,0
492,common_DL,1.0,1
492,comp_specific,1.0,1
492,adaptshrink,1.0,1
492,adaptshrink_auto,1.0,1
493,common_DL,1.0,1
493,comp_specific,1.0,1
493,adaptshrink,1.0,1
493,adaptshrink_auto,1.0,1
494,common_DL,0.9523809523809524,0
494,comp_specific,0.9523809523809524,0
494,adaptshrink,0.9523809523809524,0
494,adaptshrink_auto,0.9523809523809524,0
495,common_DL,0.9761904761904763,1
495,comp_specific,0.9761904761904763,1
495,adaptshrink,0.9761904761904763,1
495,adaptshrink_auto,0.9761904761904763,1
496,common_DL,0.9761904761904763,1
496,comp_specific,0.9761904761904763,1
496,adaptshrink,0.9761904761904763,1
496,adaptshrink_auto,1.0,1
497,common_DL,0.9047619047619048,1
497,comp_specific,0.9047619047619048,1
497,adaptshrink,0.9047619047619048,1
497,adaptshrink_auto,0.9047619047619048,1
498,common_DL,1.0,1
498,comp_specific,1.0,1
498,adaptshrink,1.0,1
498,adaptshrink_auto,1.0,1
499,common_DL,1.0,1
499,comp_specific,1.0,1
499,adaptshrink,1.0,1
499,adaptshrink_auto,1.0,1
500,common_DL,0.9761904761904763,1
500,comp_specific,0.9761904761904763,1
500,adaptshrink,0.9761904761904763,1
500,adaptshrink_auto,0.9285714285714287,1
501,common_DL,1.0,1
501,comp_specific,0.9761904761904763,1
501,adaptshrink,1.0,1
501,adaptshrink_auto,1.0,1
502,common_DL,0.9523809523809524,1
502,comp_specific,0.9761904761904763,1
502,adaptshrink,0.9523809523809524,1
502,adaptshrink_auto,0.9523809523809524,1
503,common_DL,0.9285714285714287,0
503,comp_specific,0.9285714285714287,0
503,adaptshrink,0.9285714285714287,0
503,adaptshrink_auto,0.9523809523809524,1
504,common_DL,0.9523809523809524,0
504,comp_specific,0.9523809523809524,0
504,adaptshrink,0.9523809523809524,0
504,adaptshrink_auto,0.9523809523809524,0
505,common_DL,0.9761904761904763,1
505,comp_specific,0.9761904761904763,1
505,adaptshrink,0.9761904761904763,1
505,adaptshrink_auto,0.9761904761904763,1
506,common_DL,0.9761904761904763,1
506,comp_specific,0.9761904761904763,1
506,adaptshrink,0.9761904761904763,1
506,adaptshrink_auto,0.9761904761904763,1
507,common_DL,0.9761904761904763,1
507,comp_specific,0.9761904761904763,1
507,adaptshrink,0.9761904761904763,1
507,adaptshrink_auto,0.9761904761904763,1
508,common_DL,1.0,1
508,comp_specific,1.0,1
508,adaptshrink,1.0,1
508,adaptshrink_auto,1.0,1
509,common_DL,0.9761904761904763,1
509,comp_specific,0.9761904761904763,1
509,adaptshrink,0.9761904761904763,1
509,adaptshrink_auto,0.9761904761904763,1
510,common_DL,0.9761904761904763,1
510,comp_specific,0.9523809523809524,1
510,adaptshrink,0.9761904761904763,1
510,adaptshrink_auto,0.9761904761904763,1
511,common_DL,0.9047619047619048,1
511,comp_specific,0.9047619047619048,1
511,adaptshrink,0.9047619047619048,1
511,adaptshrink_auto,0.9523809523809524,1
512,common_DL,0.9523809523809524,0
512,comp_specific,0.9761904761904763,1
512,adaptshrink,0.9761904761904763,1
512,adaptshrink_auto,1.0,1
513,common_DL,1.0,1
513,comp_specific,1.0,1
513,adaptshrink,1.0,1
513,adaptshrink_auto,0.9761904761904763,1
514,common_DL,0.9523809523809524,1
514,comp_specific,0.9523809523809524,1
514,adaptshrink,0.9523809523809524,1
514,adaptshrink_auto,0.9523809523809524,1
515,common_DL,0.9761904761904763,1
515,comp_specific,0.9761904761904763,1
515,adaptshrink,0.9761904761904763,1
515,adaptshrink_auto,1.0,1
516,common_DL,1.0,1
516,comp_specific,0.9761904761904763,1
516,adaptshrink,1.0,1
516,adaptshrink_auto,1.0,1
517,common_DL,0.9761904761904763,1
517,comp_specific,1.0,1
517,adaptshrink,1.0,1
517,adaptshrink_auto,1.0,1
518,common_DL,0.9047619047619048,1
518,comp_specific,0.880952380952381,1
518,adaptshrink,0.9047619047619048,1
518,adaptshrink_auto,0.880952380952381,1
519,common_DL,0.523809523809524,1
519,comp_specific,0.4285714285714286,0
519,adaptshrink,0.523809523809524,1
519,adaptshrink_auto,0.7142857142857144,1
520,common_DL,0.9761904761904763,1
520,comp_specific,0.9761904761904763,1
520,adaptshrink,0.9761904761904763,1
520,adaptshrink_auto,1.0,1
521,common_DL,1.0,1
521,comp_specific,0.9761904761904763,1
521,adaptshrink,1.0,1
521,adaptshrink_auto,1.0,1
522,common_DL,0.9761904761904763,1
522,comp_specific,0.9761904761904763,1
522,adaptshrink,0.9761904761904763,1
522,adaptshrink_auto,0.9761904761904763,1
523,common_DL,1.0,1
523,comp_specific,1.0,1
523,adaptshrink,1.0,1
523,adaptshrink_auto,1.0,1
524,common_DL,1.0,1
524,comp_specific,1.0,1
524,adaptshrink,1.0,1
524,adaptshrink_auto,1.0,1
525,common_DL,0.8333333333333335,1
525,comp_specific,0.8333333333333335,1
525,adaptshrink,0.8333333333333335,1
525,adaptshrink_auto,0.880952380952381,1
526,common_DL,0.9047619047619048,1
526,comp_specific,0.9047619047619048,1
526,adaptshrink,0.9047619047619048,1
526,adaptshrink_auto,0.9285714285714287,1
527,common_DL,0.9761904761904763,1
527,comp_specific,0.9761904761904763,1
527,adaptshrink,0.9761904761904763,1
527,adaptshrink_auto,0.9761904761904763,1
528,common_DL,0.9761904761904763,1
528,comp_specific,0.9761904761904763,1
528,adaptshrink,0.9761904761904763,1
528,adaptshrink_auto,0.9761904761904763,1
529,common_DL,0.9285714285714287,1
529,comp_specific,0.9285714285714287,1
529,adaptshrink,0.9285714285714287,1
529,adaptshrink_auto,0.9285714285714287,1
530,common_DL,0.9523809523809524,1
530,comp_specific,0.9523809523809524,1
530,adaptshrink,0.9761904761904763,1
530,adaptshrink_auto,0.9761904761904763,1
531,common_DL,1.0,1
531,comp_specific,1.0,1
531,adaptshrink,1.0,1
531,adaptshrink_auto,0.9761904761904763,0
532,common_DL,0.7857142857142858,1
532,comp_specific,0.7857142857142858,1
532,adaptshrink,0.7857142857142858,1
532,adaptshrink_auto,0.9285714285714287,1
533,common_DL,0.9285714285714287,1
533,comp_specific,0.9761904761904763,1
533,adaptshrink,0.9285714285714287,1
533,adaptshrink_auto,0.7619047619047621,1
534,common_DL,0.9523809523809524,0
534,comp_specific,0.9761904761904763,0
534,adaptshrink,0.9523809523809524,0
534,adaptshrink_auto,0.9523809523809524,0
535,common_DL,0.9523809523809524,1
535,comp_specific,0.9047619047619048,1
535,adaptshrink,0.9047619047619048,1
535,adaptshrink_auto,0.9047619047619048,1
536,common_DL,0.9761904761904763,1
536,comp_specific,0.9761904761904763,1
536,adaptshrink,0.9761904761904763,1
536,adaptshrink_auto,0.9761904761904763,1
537,common_DL,0.9761904761904763,1
537,comp_specific,0.9761904761904763,1
537,adaptshrink,0.9761904761904763,1
537,adaptshrink_auto,0.9761904761904763,1
538,common_DL,1.0,1
538,comp_specific,1.0,1
538,adaptshrink,1.0,1
538,adaptshrink_auto,1.0,1
539,common_DL,0.9285714285714287,1
539,comp_specific,0.9285714285714287,1
539,adaptshrink,0.9285714285714287,1
539,adaptshrink_auto,0.9285714285714287,1
540,common_DL,1.0,1
540,comp_specific,0.9761904761904763,1
540,adaptshrink,1.0,1
540,adaptshrink_auto,1.0,1
541,common_DL,0.9523809523809524,1
541,comp_specific,0.9761904761904763,1
541,adaptshrink,0.9523809523809524,1
541,adaptshrink_auto,0.9523809523809524,1
542,common_DL,1.0,1
542,comp_specific,1.0,1
542,adaptshrink,1.0,1
542,adaptshrink_auto,1.0,1
543,common_DL,0.9761904761904763,1
543,comp_specific,0.9761904761904763,1
543,adaptshrink,0.9761904761904763,1
543,adaptshrink_auto,0.9761904761904763,1
544,common_DL,0.9523809523809524,1
544,comp_specific,0.9761904761904763,1
544,adaptshrink,0.9523809523809524,1
544,adaptshrink_auto,0.9761904761904763,1
545,common_DL,0.9285714285714287,1
545,comp_specific,0.9285714285714287,1
545,adaptshrink,0.9285714285714287,1
545,adaptshrink_auto,0.9761904761904763,1
546,common_DL,1.0,1
546,comp_specific,0.9761904761904763,1
546,adaptshrink,1.0,1
546,adaptshrink_auto,1.0,1
547,common_DL,0.9285714285714287,1
547,comp_specific,0.9761904761904763,1
547,adaptshrink,0.9285714285714287,1
547,adaptshrink_auto,1.0,1
548,common_DL,0.9761904761904763,1
548,comp_specific,1.0,1
548,adaptshrink,1.0,1
548,adaptshrink_auto,1.0,1
549,common_DL,1.0,1
549,comp_specific,1.0,1
549,adaptshrink,1.0,1
549,adaptshrink_auto,0.9761904761904763,1
550,common_DL,1.0,1
550,comp_specific,0.9761904761904763,1
550,adaptshrink,1.0,1
550,adaptshrink_auto,0.9047619047619048,1
551,common_DL,0.9285714285714287,1
551,comp_specific,0.9047619047619048,1
551,adaptshrink,0.9285714285714287,1
551,adaptshrink_auto,1.0,1
552,common_DL,0.9761904761904763,1
552,comp_specific,0.9761904761904763,1
552,adaptshrink,0.9761904761904763,1
552,adaptshrink_auto,0.9761904761904763,1
553,common_DL,0.9761904761904763,1
553,comp_specific,0.9761904761904763,1
553,adaptshrink,0.9761904761904763,1
553,adaptshrink_auto,1.0,1
554,common_DL,0.9761904761904763,1
554,comp_specific,0.9761904761904763,1
554,adaptshrink,0.9761904761904763,1
554,adaptshrink_auto,0.9761904761904763,1
555,common_DL,1.0,1
555,comp_specific,1.0,1
555,adaptshrink,1.0,1
555,adaptshrink_auto,1.0,1
556,common_DL,0.9761904761904763,1
556,comp_specific,0.9761904761904763,1
556,adaptshrink,0.9761904761904763,1
556,adaptshrink_auto,0.9761904761904763,1
557,common_DL,0.9285714285714287,1
557,comp_specific,0.9761904761904763,1
557,adaptshrink,0.9285714285714287,1
557,adaptshrink_auto,0.9285714285714287,1
558,common_DL,1.0,1
558,comp_specific,1.0,1
558,adaptshrink,1.0,1
558,adaptshrink_auto,1.0,1
559,common_DL,0.9761904761904763,0
559,comp_specific,0.9761904761904763,0
559,adaptshrink,0.9761904761904763,0
559,adaptshrink_auto,0.9761904761904763,0
560,common_DL,0.9761904761904763,1
560,comp_specific,0.9761904761904763,1
560,adaptshrink,0.9761904761904763,1
560,adaptshrink_auto,1.0,1
561,common_DL,1.0,1
561,comp_specific,1.0,1
561,adaptshrink,1.0,1
561,adaptshrink_auto,1.0,1
562,common_DL,0.9523809523809524,1
562,comp_specific,0.9761904761904763,1
562,adaptshrink,0.9761904761904763,1
562,adaptshrink_auto,1.0,1
563,common_DL,0.9047619047619048,1
563,comp_specific,0.9523809523809524,1
563,adaptshrink,0.9523809523809524,1
563,adaptshrink_auto,0.9523809523809524,1
564,common_DL,0.8333333333333335,1
564,comp_specific,0.8571428571428572,1
564,adaptshrink,0.880952380952381,1
564,adaptshrink_auto,0.9047619047619048,1
565,common_DL,0.9523809523809524,1
565,comp_specific,0.9523809523809524,1
565,adaptshrink,0.9523809523809524,1
565,adaptshrink_auto,0.9523809523809524,1
566,common_DL,0.9761904761904763,1
566,comp_specific,1.0,1
566,adaptshrink,0.9761904761904763,1
566,adaptshrink_auto,0.9761904761904763,1
567,common_DL,0.9761904761904763,1
567,comp_specific,0.9761904761904763,1
567,adaptshrink,0.9761904761904763,1
567,adaptshrink_auto,1.0,1
568,common_DL,0.9761904761904763,1
568,comp_specific,0.9761904761904763,1
568,adaptshrink,0.9761904761904763,1
568,adaptshrink_auto,1.0,1
569,common_DL,0.9761904761904763,1
569,comp_specific,0.9761904761904763,1
569,adaptshrink,0.9761904761904763,1
569,adaptshrink_auto,0.9761904761904763,1
570,common_DL,0.9761904761904763,1
570,comp_specific,0.9047619047619048,0
570,adaptshrink,0.9761904761904763,1
570,adaptshrink_auto,0.9523809523809524,1
571,common_DL,0.9523809523809524,1
571,comp_specific,0.9761904761904763,1
571,adaptshrink,0.9523809523809524,1
571,adaptshrink_auto,0.9523809523809524,1
572,common_DL,1.0,1
572,comp_specific,1.0,1
572,adaptshrink,1.0,1
572,adaptshrink_auto,1.0,1
573,common_DL,0.9761904761904763,1
573,comp_specific,0.9761904761904763,1
573,adaptshrink,0.9761904761904763,1
573,adaptshrink_auto,0.9761904761904763,1
574,common_DL,1.0,1
574,comp_specific,1.0,1
574,adaptshrink,1.0,1
574,adaptshrink_auto,1.0,1
575,common_DL,1.0,1
575,comp_specific,1.0,1
575,adaptshrink,1.0,1
575,adaptshrink_auto,1.0,1
576,common_DL,0.9285714285714287,1
576,comp_specific,0.9285714285714287,1
576,adaptshrink,0.9285714285714287,1
576,adaptshrink_auto,0.9285714285714287,1
577,common_DL,0.8571428571428572,1
577,comp_specific,0.8571428571428572,1
577,adaptshrink,0.8571428571428572,1
577,adaptshrink_auto,0.8571428571428572,1
578,common_DL,0.9761904761904763,1
578,comp_specific,0.9285714285714287,1
578,adaptshrink,0.9285714285714287,1
578,adaptshrink_auto,0.9285714285714287,1
579,common_DL,0.9761904761904763,1
579,comp_specific,0.9761904761904763,1
579,adaptshrink,0.9761904761904763,1
579,adaptshrink_auto,0.9761904761904763,1
580,common_DL,0.9523809523809524,1
580,comp_specific,0.9523809523809524,1
580,adaptshrink,0.9523809523809524,1
580,adaptshrink_auto,0.9523809523809524,1
581,common_DL,1.0,1
581,comp_specific,1.0,1
581,adaptshrink,1.0,1
581,adaptshrink_auto,1.0,1
582,common_DL,0.9523809523809524,1
582,comp_specific,0.9761904761904763,1
582,adaptshrink,0.9761904761904763,1
582,adaptshrink_auto,1.0,1
583,common_DL,1.0,1
583,comp_specific,1.0,1
583,adaptshrink,1.0,1
583,adaptshrink_auto,1.0,1
584,common_DL,0.9523809523809524,0
584,comp_specific,0.9523809523809524,0
584,adaptshrink,0.9523809523809524,0
584,adaptshrink_auto,0.9761904761904763,0
585,common_DL,0.9047619047619048,1
585,comp_specific,0.9047619047619048,1
585,adaptshrink,0.9047619047619048,1
585,adaptshrink_auto,0.9047619047619048,1
586,common_DL,0.9047619047619048,1
586,comp_specific,0.9047619047619048,1
586,adaptshrink,0.9047619047619048,1
586,adaptshrink_auto,0.9047619047619048,1
587,common_DL,0.9285714285714287,0
587,comp_specific,0.9285714285714287,0
587,adaptshrink,0.9285714285714287,0
587,adaptshrink_auto,0.9285714285714287,0
588,common_DL,0.9761904761904763,1
588,comp_specific,0.9761904761904763,1
588,adaptshrink,0.9761904761904763,1
588,adaptshrink_auto,0.9761904761904763,1
589,common_DL,1.0,1
589,comp_specific,1.0,1
589,adaptshrink,1.0,1
589,adaptshrink_auto,1.0,1
590,common_DL,0.9761904761904763,1
590,comp_specific,0.9761904761904763,1
590,adaptshrink,0.9761904761904763,1
590,adaptshrink_auto,0.9761904761904763,1
591,common_DL,0.9523809523809524,1
591,comp_specific,0.880952380952381,1
591,adaptshrink,0.9523809523809524,1
591,adaptshrink_auto,0.9523809523809524,1
592,common_DL,0.9761904761904763,1
592,comp_specific,0.9761904761904763,1
592,adaptshrink,0.9761904761904763,1
592,adaptshrink_auto,0.9761904761904763,1
593,common_DL,0.9523809523809524,0
593,comp_specific,0.9761904761904763,1
593,adaptshrink,0.9523809523809524,0
593,adaptshrink_auto,0.9523809523809524,0
594,common_DL,1.0,1
594,comp_specific,1.0,1
594,adaptshrink,1.0,1
594,adaptshrink_auto,1.0,1
595,common_DL,0.9285714285714287,0
595,comp_specific,0.9285714285714287,0
595,adaptshrink,0.9285714285714287,0
595,adaptshrink_auto,0.9285714285714287,0
596,common_DL,0.9761904761904763,1
596,comp_specific,1.0,1
596,adaptshrink,1.0,1
596,adaptshrink_auto,1.0,1
597,common_DL,0.9761904761904763,1
597,comp_specific,0.9761904761904763,1
597,adaptshrink,0.9761904761904763,1
597,adaptshrink_auto,0.9761904761904763,1
598,common_DL,0.9761904761904763,0
598,comp_specific,1.0,1
598,adaptshrink,1.0,1
598,adaptshrink_auto,1.0,1
599,common_DL,1.0,1
599,comp_specific,1.0,1
599,adaptshrink,1.0,1
599,adaptshrink_auto,1.0,1
600,common_DL,0.9285714285714287,1
600,comp_specific,0.9761904761904763,1
600,adaptshrink,0.9761904761904763,1
600,adaptshrink_auto,0.9523809523809524,1
601,common_DL,1.0,1
601,comp_specific,1.0,1
601,adaptshrink,1.0,1
601,adaptshrink_auto,1.0,1
602,common_DL,1.0,1
602,comp_specific,1.0,1
602,adaptshrink,1.0,1
602,adaptshrink_auto,1.0,1
603,common_DL,1.0,1
603,comp_specific,1.0,1
603,adaptshrink,1.0,1
603,adaptshrink_auto,1.0,1
604,common_DL,1.0,1
604,comp_specific,0.9761904761904763,0
604,adaptshrink,0.9761904761904763,1
604,adaptshrink_auto,0.9761904761904763,0
605,common_DL,0.9761904761904763,1
605,comp_specific,1.0,1
605,adaptshrink,1.0,1
605,adaptshrink_auto,1.0,1
606,common_DL,0.9761904761904763,1
606,comp_specific,0.9761904761904763,1
606,adaptshrink,0.9761904761904763,1
606,adaptshrink_auto,0.9761904761904763,1
607,common_DL,0.9523809523809524,0
607,comp_specific,0.9761904761904763,1
607,adaptshrink,0.9523809523809524,0
607,adaptshrink_auto,0.9523809523809524,0
608,common_DL,0.9285714285714287,1
608,comp_specific,0.9285714285714287,1
608,adaptshrink,0.9285714285714287,1
608,adaptshrink_auto,0.9285714285714287,1
609,common_DL,0.880952380952381,1
609,comp_specific,0.880952380952381,1
609,adaptshrink,0.880952380952381,1
609,adaptshrink_auto,0.880952380952381,1
610,common_DL,0.9761904761904763,1
610,comp_specific,0.9761904761904763,1
610,adaptshrink,0.9761904761904763,1
610,adaptshrink_auto,0.9761904761904763,1
611,common_DL,0.7857142857142858,1
611,comp_specific,0.7142857142857144,0
611,adaptshrink,0.6666666666666669,0
611,adaptshrink_auto,0.6666666666666669,0
612,common_DL,0.9761904761904763,0
612,comp_specific,0.9761904761904763,0
612,adaptshrink,0.9761904761904763,0
612,adaptshrink_auto,0.9761904761904763,0
613,common_DL,0.9761904761904763,1
613,comp_specific,0.9761904761904763,1
613,adaptshrink,0.9761904761904763,1
613,adaptshrink_auto,0.9761904761904763,1
614,common_DL,0.9761904761904763,1
614,comp_specific,0.9761904761904763,1
614,adaptshrink,0.9761904761904763,1
614,adaptshrink_auto,0.9761904761904763,1
615,common_DL,1.0,1
615,comp_specific,1.0,1
615,adaptshrink,1.0,1
615,adaptshrink_auto,1.0,1
616,common_DL,0.9761904761904763,1
616,comp_specific,0.9761904761904763,1
616,adaptshrink,0.9761904761904763,1
616,adaptshrink_auto,0.9761904761904763,1
617,common_DL,0.9285714285714287,1
617,comp_specific,0.880952380952381,1
617,adaptshrink,0.9285714285714287,1
617,adaptshrink_auto,0.9285714285714287,1
618,common_DL,1.0,1
618,comp_specific,0.9047619047619048,1
618,adaptshrink,1.0,1
618,adaptshrink_auto,1.0,1
619,common_DL,0.9761904761904763,0
619,comp_specific,0.9761904761904763,0
619,adaptshrink,0.9761904761904763,0
619,adaptshrink_auto,0.9761904761904763,0
620,common_DL,0.9047619047619048,1
620,comp_specific,0.9047619047619048,1
620,adaptshrink,0.9047619047619048,1
620,adaptshrink_auto,0.9285714285714287,1
621,common_DL,0.9523809523809524,1
621,comp_specific,0.880952380952381,1
621,adaptshrink,0.9523809523809524,1
621,adaptshrink_auto,0.9523809523809524,1
622,common_DL,1.0,1
622,comp_specific,1.0,1
622,adaptshrink,1.0,1
622,adaptshrink_auto,1.0,1
623,common_DL,0.8333333333333335,1
623,comp_specific,0.880952380952381,1
623,adaptshrink,0.8333333333333335,1
623,adaptshrink_auto,0.9761904761904763,1
624,common_DL,1.0,1
624,comp_specific,1.0,1
624,adaptshrink,1.0,1
624,adaptshrink_auto,1.0,1
625,common_DL,0.880952380952381,0
625,comp_specific,0.880952380952381,0
625,adaptshrink,0.880952380952381,0
625,adaptshrink_auto,0.880952380952381,0
626,common_DL,0.9523809523809524,1
626,comp_specific,0.9761904761904763,1
626,adaptshrink,0.9523809523809524,1
626,adaptshrink_auto,0.9523809523809524,1
627,common_DL,0.9285714285714287,0
627,comp_specific,0.9285714285714287,0
627,adaptshrink,0.9285714285714287,0
627,adaptshrink_auto,0.9761904761904763,1
628,common_DL,0.9761904761904763,1
628,comp_specific,0.9761904761904763,1
628,adaptshrink,0.9761904761904763,1
628,adaptshrink_auto,1.0,1
629,common_DL,0.9761904761904763,1
629,comp_specific,0.9761904761904763,1
629,adaptshrink,0.9761904761904763,1
629,adaptshrink_auto,0.9761904761904763,1
630,common_DL,0.9761904761904763,1
630,comp_specific,0.9761904761904763,1
630,adaptshrink,0.9761904761904763,1
630,adaptshrink_auto,1.0,1
631,common_DL,1.0,1
631,comp_specific,1.0,1
631,adaptshrink,1.0,1
631,adaptshrink_auto,0.9523809523809524,1
632,common_DL,0.9761904761904763,1
632,comp_specific,0.9761904761904763,1
632,adaptshrink,0.9761904761904763,1
632,adaptshrink_auto,0.9761904761904763,1
633,common_DL,1.0,1
633,comp_specific,1.0,1
633,adaptshrink,1.0,1
633,adaptshrink_auto,1.0,1
634,common_DL,1.0,1
634,comp_specific,1.0,1
634,adaptshrink,1.0,1
634,adaptshrink_auto,1.0,1
635,common_DL,0.880952380952381,1
635,comp_specific,0.880952380952381,1
635,adaptshrink,0.880952380952381,1
635,adaptshrink_auto,0.9047619047619048,1
636,common_DL,0.9523809523809524,1
636,comp_specific,0.9523809523809524,1
636,adaptshrink,0.9523809523809524,1
636,adaptshrink_auto,0.9523809523809524,1
637,common_DL,1.0,1
637,comp_specific,0.9761904761904763,1
637,adaptshrink,0.9761904761904763,1
637,adaptshrink_auto,1.0,1
638,common_DL,0.9761904761904763,1
638,comp_specific,1.0,1
638,adaptshrink,1.0,1
638,adaptshrink_auto,1.0,1
639,common_DL,0.9523809523809524,0
639,comp_specific,0.9761904761904763,1
639,adaptshrink,0.9523809523809524,0
639,adaptshrink_auto,0.9761904761904763,0
640,common_DL,0.9761904761904763,1
640,comp_specific,0.9761904761904763,1
640,adaptshrink,0.9761904761904763,1
640,adaptshrink_auto,0.9761904761904763,1
641,common_DL,0.9761904761904763,1
641,comp_specific,1.0,1
641,adaptshrink,0.9761904761904763,1
641,adaptshrink_auto,0.9761904761904763,1
642,common_DL,1.0,1
642,comp_specific,1.0,1
642,adaptshrink,1.0,1
642,adaptshrink_auto,1.0,1
643,common_DL,0.9285714285714287,1
643,comp_specific,0.9285714285714287,1
643,adaptshrink,0.9285714285714287,1
643,adaptshrink_auto,0.9761904761904763,1
644,common_DL,0.9523809523809524,0
644,comp_specific,0.9761904761904763,0
644,adaptshrink,0.9761904761904763,0
644,adaptshrink_auto,1.0,1
645,common_DL,0.9761904761904763,1
645,comp_specific,0.9761904761904763,1
645,adaptshrink,0.9761904761904763,1
645,adaptshrink_auto,0.9761904761904763,1
646,common_DL,1.0,1
646,comp_specific,1.0,1
646,adaptshrink,1.0,1
646,adaptshrink_auto,1.0,1
647,common_DL,0.9285714285714287,1
647,comp_specific,0.9285714285714287,1
647,adaptshrink,0.9285714285714287,1
647,adaptshrink_auto,0.9285714285714287,1
648,common_DL,1.0,1
648,comp_specific,1.0,1
648,adaptshrink,1.0,1
648,adaptshrink_auto,1.0,1
649,common_DL,1.0,1
649,comp_specific,1.0,1
649,adaptshrink,1.0,1
649,adaptshrink_auto,1.0,1
650,common_DL,1.0,1
650,comp_specific,1.0,1
650,adaptshrink,1.0,1
650,adaptshrink_auto,1.0,1
651,common_DL,1.0,1
651,comp_specific,0.9761904761904763,1
651,adaptshrink,0.9761904761904763,1
651,adaptshrink_auto,1.0,1
652,common_DL,1.0,1
652,comp_specific,0.9761904761904763,1
652,adaptshrink,1.0,1
652,adaptshrink_auto,1.0,1
653,common_DL,0.9761904761904763,1
653,comp_specific,0.9761904761904763,1
653,adaptshrink,0.9761904761904763,1
653,adaptshrink_auto,0.9761904761904763,1
654,common_DL,0.9761904761904763,1
654,comp_specific,0.9761904761904763,1
654,adaptshrink,0.9761904761904763,1
654,adaptshrink_auto,0.9761904761904763,1
655,common_DL,1.0,1
655,comp_specific,1.0,1
655,adaptshrink,1.0,1
655,adaptshrink_auto,1.0,1
656,common_DL,0.9047619047619048,1
656,comp_specific,0.9285714285714287,1
656,adaptshrink,0.9285714285714287,1
656,adaptshrink_auto,0.9285714285714287,1
657,common_DL,0.8333333333333335,0
657,comp_specific,0.880952380952381,0
657,adaptshrink,0.8333333333333335,0
657,adaptshrink_auto,0.9523809523809524,0
658,common_DL,0.9285714285714287,1
658,comp_specific,0.9285714285714287,1
658,adaptshrink,0.9285714285714287,1
658,adaptshrink_auto,0.9285714285714287,1
659,common_DL,1.0,1
659,comp_specific,1.0,1
659,adaptshrink,1.0,1
659,adaptshrink_auto,1.0,1
660,common_DL,0.9761904761904763,1
660,comp_specific,0.9761904761904763,1
660,adaptshrink,0.9761904761904763,1
660,adaptshrink_auto,1.0,1
661,common_DL,0.9761904761904763,1
661,comp_specific,0.9761904761904763,1
661,adaptshrink,0.9761904761904763,1
661,adaptshrink_auto,0.9761904761904763,1
662,common_DL,0.9761904761904763,1
662,comp_specific,0.9761904761904763,1
662,adaptshrink,0.9761904761904763,1
662,adaptshrink_auto,0.9761904761904763,1
663,common_DL,0.9761904761904763,1
663,comp_specific,0.9285714285714287,1
663,adaptshrink,0.9761904761904763,1
663,adaptshrink_auto,1.0,1
664,common_DL,0.9761904761904763,1
664,comp_specific,1.0,1
664,adaptshrink,0.9761904761904763,1
664,adaptshrink_auto,0.9761904761904763,1
665,common_DL,0.9761904761904763,1
665,comp_specific,0.9761904761904763,1
665,adaptshrink,0.9761904761904763,1
665,adaptshrink_auto,0.9761904761904763,1
666,common_DL,1.0,1
666,comp_specific,0.9761904761904763,1
666,adaptshrink,0.9761904761904763,1
666,adaptshrink_auto,0.9761904761904763,1
667,common_DL,1.0,1
667,comp_specific,1.0,1
667,adaptshrink,1.0,1
667,adaptshrink_auto,1.0,1
668,common_DL,1.0,1
668,comp_specific,1.0,1
668,adaptshrink,1.0,1
668,adaptshrink_auto,0.9761904761904763,1
669,common_DL,1.0,1
669,comp_specific,0.9761904761904763,1
669,adaptshrink,0.9761904761904763,1
669,adaptshrink_auto,0.9761904761904763,1
670,common_DL,0.9523809523809524,0
670,comp_specific,0.9523809523809524,0
670,adaptshrink,0.9523809523809524,0
670,adaptshrink_auto,0.9523809523809524,0
671,common_DL,0.9761904761904763,1
671,comp_specific,0.9523809523809524,1
671,adaptshrink,0.9523809523809524,1
671,adaptshrink_auto,0.9523809523809524,1
672,common_DL,0.9285714285714287,1
672,comp_specific,0.9285714285714287,1
672,adaptshrink,0.9285714285714287,1
672,adaptshrink_auto,0.9285714285714287,1
673,common_DL,1.0,1
673,comp_specific,1.0,1
673,adaptshrink,1.0,1
673,adaptshrink_auto,1.0,1
674,common_DL,0.9523809523809524,0
674,comp_specific,0.9523809523809524,0
674,adaptshrink,0.9523809523809524,0
674,adaptshrink_auto,0.9523809523809524,0
675,common_DL,0.9761904761904763,1
675,comp_specific,0.9761904761904763,1
675,adaptshrink,0.9761904761904763,1
675,adaptshrink_auto,0.9761904761904763,1
676,common_DL,0.9761904761904763,1
676,comp_specific,0.9761904761904763,1
676,adaptshrink,0.9761904761904763,1
676,adaptshrink_auto,0.9761904761904763,1
677,common_DL,0.9761904761904763,1
677,comp_specific,1.0,1
677,adaptshrink,0.9761904761904763,1
677,adaptshrink_auto,0.9761904761904763,1
678,common_DL,0.9761904761904763,1
678,comp_specific,0.9761904761904763,1
678,adaptshrink,0.9761904761904763,1
678,adaptshrink_auto,0.9761904761904763,1
679,common_DL,0.9285714285714287,1
679,comp_specific,0.9047619047619048,1
679,adaptshrink,0.9047619047619048,1
679,adaptshrink_auto,0.9047619047619048,1
680,common_DL,0.9523809523809524,1
680,comp_specific,0.9523809523809524,1
680,adaptshrink,0.9523809523809524,1
680,adaptshrink_auto,0.9523809523809524,1
681,common_DL,0.9761904761904763,1
681,comp_specific,0.9761904761904763,1
681,adaptshrink,0.9761904761904763,1
681,adaptshrink_auto,0.9761904761904763,1
682,common_DL,0.9761904761904763,1
682,comp_specific,0.9285714285714287,1
682,adaptshrink,0.9523809523809524,1
682,adaptshrink_auto,0.9285714285714287,1
683,common_DL,0.9047619047619048,1
683,comp_specific,0.9523809523809524,1
683,adaptshrink,0.9523809523809524,1
683,adaptshrink_auto,0.9523809523809524,1
684,common_DL,0.9761904761904763,1
684,comp_specific,0.9761904761904763,1
684,adaptshrink,0.9761904761904763,1
684,adaptshrink_auto,0.9523809523809524,1
685,common_DL,0.9523809523809524,1
685,comp_specific,0.9047619047619048,1
685,adaptshrink,0.9047619047619048,1
685,adaptshrink_auto,0.9047619047619048,1
686,common_DL,0.9761904761904763,1
686,comp_specific,0.9761904761904763,1
686,adaptshrink,0.9761904761904763,1
686,adaptshrink_auto,1.0,1
687,common_DL,0.9285714285714287,1
687,comp_specific,0.9761904761904763,1
687,adaptshrink,0.9285714285714287,1
687,adaptshrink_auto,0.9761904761904763,1
688,common_DL,0.9761904761904763,1
688,comp_specific,1.0,1
688,adaptshrink,1.0,1
688,adaptshrink_auto,1.0,1
689,common_DL,0.9761904761904763,1
689,comp_specific,0.9523809523809524,1
689,adaptshrink,0.9523809523809524,1
689,adaptshrink_auto,1.0,1
690,common_DL,0.9761904761904763,1
690,comp_specific,1.0,1
690,adaptshrink,0.9761904761904763,1
690,adaptshrink_auto,0.9761904761904763,1
691,common_DL,0.9285714285714287,1
691,comp_specific,0.9285714285714287,1
691,adaptshrink,0.9285714285714287,1
691,adaptshrink_auto,0.9285714285714287,1
692,common_DL,0.9285714285714287,1
692,comp_specific,0.9285714285714287,1
692,adaptshrink,0.8333333333333335,1
692,adaptshrink_auto,0.9285714285714287,1
693,common_DL,0.9523809523809524,1
693,comp_specific,0.9523809523809524,1
693,adaptshrink,0.9523809523809524,1
693,adaptshrink_auto,0.9523809523809524,1
694,common_DL,1.0,1
694,comp_specific,1.0,1
694,adaptshrink,1.0,1
694,adaptshrink_auto,1.0,1
695,common_DL,1.0,1
695,comp_specific,1.0,1
695,adaptshrink,1.0,1
695,adaptshrink_auto,1.0,1
696,common_DL,0.9761904761904763,1
696,comp_specific,0.9761904761904763,1
696,adaptshrink,0.9761904761904763,1
696,adaptshrink_auto,0.9761904761904763,1
697,common_DL,0.9761904761904763,1
697,comp_specific,0.9761904761904763,1
697,adaptshrink,0.9761904761904763,1
697,adaptshrink_auto,0.9761904761904763,1
698,common_DL,0.9523809523809524,0
698,comp_specific,0.9523809523809524,0
698,adaptshrink,0.9523809523809524,0
698,adaptshrink_auto,0.9523809523809524,0
699,common_DL,0.9761904761904763,1
699,comp_specific,1.0,1
699,adaptshrink,0.9761904761904763,1
699,adaptshrink_auto,0.9761904761904763,1
700,common_DL,0.9761904761904763,1
700,comp_specific,0.9285714285714287,1
700,adaptshrink,0.9285714285714287,1
700,adaptshrink_auto,0.9285714285714287,1
701,common_DL,0.9523809523809524,0
701,comp_specific,0.9761904761904763,1
701,adaptshrink,0.9761904761904763,1
701,adaptshrink_auto,0.9761904761904763,1
702,common_DL,0.8571428571428572,0
702,comp_specific,0.7857142857142858,0
702,adaptshrink,0.8571428571428572,0
702,adaptshrink_auto,0.9047619047619048,0
703,common_DL,0.8333333333333335,1
703,comp_specific,0.8333333333333335,1
703,adaptshrink,0.8333333333333335,1
703,adaptshrink_auto,0.8095238095238096,1
704,common_DL,1.0,1
704,comp_specific,0.9761904761904763,1
704,adaptshrink,1.0,1
704,adaptshrink_auto,1.0,1
705,common_DL,0.9761904761904763,1
705,comp_specific,0.9761904761904763,1
705,adaptshrink,0.9761904761904763,1
705,adaptshrink_auto,0.9761904761904763,1
706,common_DL,1.0,1
706,comp_specific,1.0,1
706,adaptshrink,1.0,1
706,adaptshrink_auto,1.0,1
707,common_DL,1.0,1
707,comp_specific,1.0,1
707,adaptshrink,1.0,1
707,adaptshrink_auto,1.0,1
708,common_DL,0.9285714285714287,0
708,comp_specific,0.9285714285714287,0
708,adaptshrink,0.9523809523809524,0
708,adaptshrink_auto,0.9523809523809524,0
709,common_DL,1.0,1
709,comp_specific,0.9523809523809524,1
709,adaptshrink,1.0,1
709,adaptshrink_auto,1.0,1
710,common_DL,1.0,1
710,comp_specific,1.0,1
710,adaptshrink,1.0,1
710,adaptshrink_auto,1.0,1
711,common_DL,0.7857142857142858,1
711,comp_specific,0.6904761904761906,1
711,adaptshrink,0.7857142857142858,1
711,adaptshrink_auto,0.880952380952381,1
712,common_DL,0.9761904761904763,1
712,comp_specific,0.9761904761904763,1
712,adaptshrink,0.9761904761904763,1
712,adaptshrink_auto,0.9761904761904763,1
713,common_DL,0.9761904761904763,1
713,comp_specific,1.0,1
713,adaptshrink,0.9761904761904763,1
713,adaptshrink_auto,0.9761904761904763,1
714,common_DL,0.9761904761904763,1
714,comp_specific,0.9761904761904763,1
714,adaptshrink,0.9761904761904763,1
714,adaptshrink_auto,0.9761904761904763,1
715,common_DL,1.0,1
715,comp_specific,1.0,1
715,adaptshrink,1.0,1
715,adaptshrink_auto,1.0,1
716,common_DL,1.0,1
716,comp_specific,1.0,1
716,adaptshrink,1.0,1
716,adaptshrink_auto,1.0,1
717,common_DL,0.9761904761904763,1
717,comp_specific,0.9761904761904763,1
717,adaptshrink,0.9761904761904763,1
717,adaptshrink_auto,0.9761904761904763,1
718,common_DL,0.9761904761904763,1
718,comp_specific,0.9761904761904763,1
718,adaptshrink,0.9761904761904763,1
718,adaptshrink_auto,1.0,1
719,common_DL,1.0,1
719,comp_specific,1.0,1
719,adaptshrink,1.0,1
719,adaptshrink_auto,1.0,1
720,common_DL,1.0,1
720,comp_specific,1.0,1
720,adaptshrink,1.0,1
720,adaptshrink_auto,1.0,1
721,common_DL,0.9761904761904763,1
721,comp_specific,1.0,1
721,adaptshrink,1.0,1
721,adaptshrink_auto,0.9761904761904763,1
722,common_DL,0.9047619047619048,0
722,comp_specific,0.9047619047619048,0
722,adaptshrink,0.9047619047619048,0
722,adaptshrink_auto,0.9047619047619048,0
723,common_DL,1.0,1
723,comp_specific,0.9761904761904763,0
723,adaptshrink,1.0,1
723,adaptshrink_auto,1.0,1
724,common_DL,0.9285714285714287,1
724,comp_specific,0.9285714285714287,1
724,adaptshrink,0.9285714285714287,1
724,adaptshrink_auto,0.9285714285714287,1
725,common_DL,1.0,1
725,comp_specific,1.0,1
725,adaptshrink,1.0,1
725,adaptshrink_auto,1.0,1
726,common_DL,0.9047619047619048,1
726,comp_specific,0.880952380952381,1
726,adaptshrink,0.880952380952381,1
726,adaptshrink_auto,0.880952380952381,1
727,common_DL,1.0,1
727,comp_specific,1.0,1
727,adaptshrink,1.0,1
727,adaptshrink_auto,0.9761904761904763,1
728,common_DL,0.9047619047619048,1
728,comp_specific,0.9761904761904763,1
728,adaptshrink,0.9047619047619048,1
728,adaptshrink_auto,0.9761904761904763,1
729,common_DL,0.9761904761904763,1
729,comp_specific,0.9761904761904763,1
729,adaptshrink,0.9761904761904763,1
729,adaptshrink_auto,1.0,1
730,common_DL,0.9523809523809524,1
730,comp_specific,0.9523809523809524,1
730,adaptshrink,0.9523809523809524,1
730,adaptshrink_auto,0.9761904761904763,1
731,common_DL,0.9761904761904763,1
731,comp_specific,0.9761904761904763,1
731,adaptshrink,0.9761904761904763,1
731,adaptshrink_auto,1.0,1
732,common_DL,0.9761904761904763,1
732,comp_specific,1.0,1
732,adaptshrink,0.9761904761904763,1
732,adaptshrink_auto,0.9761904761904763,1
733,common_DL,1.0,1
733,comp_specific,1.0,1
733,adaptshrink,1.0,1
733,adaptshrink_auto,0.9761904761904763,1
734,common_DL,0.9285714285714287,1
734,comp_specific,0.9285714285714287,1
734,adaptshrink,0.9285714285714287,1
734,adaptshrink_auto,0.9761904761904763,1
735,common_DL,0.9761904761904763,1
735,comp_specific,0.9761904761904763,1
735,adaptshrink,0.9761904761904763,1
735,adaptshrink_auto,0.9761904761904763,1
736,common_DL,0.880952380952381,0
736,comp_specific,0.880952380952381,0
736,adaptshrink,0.880952380952381,0
736,adaptshrink_auto,0.9047619047619048,0
737,common_DL,0.9761904761904763,1
737,comp_specific,1.0,1
737,adaptshrink,1.0,1
737,adaptshrink_auto,0.9285714285714287,1
738,common_DL,1.0,1
738,comp_specific,1.0,1
738,adaptshrink,1.0,1
738,adaptshrink_auto,1.0,1
739,common_DL,0.9761904761904763,1
739,comp_specific,0.9761904761904763,1
739,adaptshrink,0.9761904761904763,1
739,adaptshrink_auto,1.0,1
740,common_DL,0.9047619047619048,1
740,comp_specific,0.9047619047619048,1
740,adaptshrink,0.9047619047619048,1
740,adaptshrink_auto,0.9047619047619048,1
741,common_DL,0.9285714285714287,1
741,comp_specific,0.9285714285714287,1
741,adaptshrink,0.9285714285714287,1
741,adaptshrink_auto,0.9285714285714287,1
742,common_DL,0.9047619047619048,1
742,comp_specific,0.8571428571428572,0
742,adaptshrink,0.9047619047619048,1
742,adaptshrink_auto,0.9047619047619048,1
743,common_DL,0.9047619047619048,0
743,comp_specific,0.9523809523809524,1
743,adaptshrink,0.9523809523809524,1
743,adaptshrink_auto,0.9285714285714287,0
744,common_DL,0.9285714285714287,1
744,comp_specific,0.9285714285714287,1
744,adaptshrink,0.9285714285714287,1
744,adaptshrink_auto,0.9761904761904763,1
745,common_DL,0.9285714285714287,1
745,comp_specific,0.8333333333333335,1
745,adaptshrink,0.9047619047619048,1
745,adaptshrink_auto,0.9047619047619048,1
746,common_DL,1.0,1
746,comp_specific,1.0,1
746,adaptshrink,1.0,1
746,adaptshrink_auto,1.0,1
747,common_DL,0.9761904761904763,1
747,comp_specific,0.9761904761904763,1
747,adaptshrink,0.9761904761904763,1
747,adaptshrink_auto,0.9523809523809524,1
748,common_DL,0.9523809523809524,1
748,comp_specific,0.9047619047619048,1
748,adaptshrink,0.9523809523809524,1
748,adaptshrink_auto,0.9761904761904763,1
749,common_DL,0.9761904761904763,1
749,comp_specific,0.9523809523809524,1
749,adaptshrink,0.9761904761904763,1
749,adaptshrink_auto,0.9761904761904763,1
750,common_DL,1.0,1
750,comp_specific,1.0,1
750,adaptshrink,1.0,1
750,adaptshrink_auto,1.0,1
751,common_DL,0.9761904761904763,1
751,comp_specific,0.9761904761904763,1
751,adaptshrink,0.9761904761904763,1
751,adaptshrink_auto,0.9761904761904763,1
752,common_DL,1.0,1
752,comp_specific,1.0,1
752,adaptshrink,1.0,1
752,adaptshrink_auto,1.0,1
753,common_DL,0.9761904761904763,1
753,comp_specific,0.9761904761904763,1
753,adaptshrink,0.9761904761904763,1
753,adaptshrink_auto,0.9761904761904763,1
754,common_DL,1.0,1
754,comp_specific,1.0,1
754,adaptshrink,1.0,1
754,adaptshrink_auto,1.0,1
755,common_DL,0.9761904761904763,1
755,comp_specific,0.9761904761904763,1
755,adaptshrink,0.9761904761904763,1
755,adaptshrink_auto,0.9761904761904763,1
756,common_DL,0.9761904761904763,1
756,comp_specific,0.9761904761904763,1
756,adaptshrink,0.9761904761904763,1
756,adaptshrink_auto,0.9761904761904763,1
757,common_DL,0.9285714285714287,1
757,comp_specific,0.9285714285714287,1
757,adaptshrink,0.9285714285714287,1
757,adaptshrink_auto,1.0,1
758,common_DL,1.0,1
758,comp_specific,1.0,1
758,adaptshrink,1.0,1
758,adaptshrink_auto,1.0,1
759,common_DL,0.9285714285714287,1
759,comp_specific,0.9285714285714287,1
759,adaptshrink,0.9285714285714287,1
759,adaptshrink_auto,0.9285714285714287,1
760,common_DL,0.9047619047619048,1
760,comp_specific,0.9047619047619048,1
760,adaptshrink,0.9047619047619048,1
760,adaptshrink_auto,0.9047619047619048,1
761,common_DL,0.880952380952381,1
761,comp_specific,0.880952380952381,1
761,adaptshrink,0.880952380952381,1
761,adaptshrink_auto,0.880952380952381,1
762,common_DL,0.9761904761904763,1
762,comp_specific,1.0,1
762,adaptshrink,1.0,1
762,adaptshrink_auto,1.0,1
763,common_DL,0.9523809523809524,1
763,comp_specific,0.9523809523809524,1
763,adaptshrink,0.9523809523809524,1
763,adaptshrink_auto,0.9523809523809524,1
764,common_DL,0.9523809523809524,1
764,comp_specific,0.9523809523809524,1
764,adaptshrink,0.9523809523809524,1
764,adaptshrink_auto,0.9285714285714287,0
765,common_DL,1.0,1
765,comp_specific,1.0,1
765,adaptshrink,1.0,1
765,adaptshrink_auto,1.0,1
766,common_DL,0.9761904761904763,1
766,comp_specific,0.9761904761904763,1
766,adaptshrink,0.9761904761904763,1
766,adaptshrink_auto,0.9761904761904763,1
767,common_DL,0.9761904761904763,1
767,comp_specific,0.9761904761904763,1
767,adaptshrink,0.9761904761904763,1
767,adaptshrink_auto,0.9761904761904763,1
768,common_DL,1.0,1
768,comp_specific,1.0,1
768,adaptshrink,1.0,1
768,adaptshrink_auto,1.0,1
769,common_DL,0.9761904761904763,1
769,comp_specific,0.9761904761904763,1
769,adaptshrink,0.9761904761904763,1
769,adaptshrink_auto,0.9761904761904763,1
770,common_DL,0.9047619047619048,1
770,comp_specific,0.9047619047619048,1
770,adaptshrink,0.9047619047619048,1
770,adaptshrink_auto,0.9761904761904763,1
771,common_DL,0.9285714285714287,1
771,comp_specific,0.9285714285714287,1
771,adaptshrink,0.9285714285714287,1
771,adaptshrink_auto,0.9285714285714287,1
772,common_DL,0.9285714285714287,1
772,comp_specific,0.9285714285714287,1
772,adaptshrink,0.9285714285714287,1
772,adaptshrink_auto,0.9285714285714287,1
773,common_DL,0.9285714285714287,1
773,comp_specific,0.9285714285714287,1
773,adaptshrink,0.9285714285714287,1
773,adaptshrink_auto,0.9285714285714287,1
774,common_DL,0.9761904761904763,1
774,comp_specific,0.9761904761904763,1
774,adaptshrink,0.9761904761904763,1
774,adaptshrink_auto,0.9761904761904763,1
775,common_DL,0.9761904761904763,0
775,comp_specific,0.9761904761904763,0
775,adaptshrink,0.9761904761904763,0
775,adaptshrink_auto,0.9761904761904763,0
776,common_DL,0.9761904761904763,1
776,comp_specific,0.9761904761904763,1
776,adaptshrink,0.9761904761904763,1
776,adaptshrink_auto,0.9285714285714287,1
777,common_DL,0.9285714285714287,1
777,comp_specific,0.9285714285714287,1
777,adaptshrink,0.9285714285714287,1
777,adaptshrink_auto,0.9285714285714287,1
778,common_DL,0.9285714285714287,1
778,comp_specific,0.9761904761904763,1
778,adaptshrink,0.9285714285714287,1
778,adaptshrink_auto,1.0,1
779,common_DL,1.0,1
779,comp_specific,1.0,1
779,adaptshrink,1.0,1
779,adaptshrink_auto,1.0,1
780,common_DL,0.9047619047619048,1
780,comp_specific,0.9285714285714287,1
780,adaptshrink,0.9047619047619048,1
780,adaptshrink_auto,0.9047619047619048,1
781,common_DL,0.8571428571428572,0
781,comp_specific,0.8571428571428572,0
781,adaptshrink,0.9047619047619048,0
781,adaptshrink_auto,0.9047619047619048,0
782,common_DL,0.9761904761904763,1
782,comp_specific,0.9761904761904763,1
782,adaptshrink,0.9761904761904763,1
782,adaptshrink_auto,0.9761904761904763,1
783,common_DL,0.9761904761904763,1
783,comp_specific,0.9761904761904763,1
783,adaptshrink,0.9761904761904763,1
783,adaptshrink_auto,0.9761904761904763,1
784,common_DL,0.880952380952381,1
784,comp_specific,0.8333333333333335,1
784,adaptshrink,0.880952380952381,1
784,adaptshrink_auto,0.880952380952381,1
785,common_DL,0.9285714285714287,1
785,comp_specific,0.9047619047619048,1
785,adaptshrink,0.9047619047619048,1
785,adaptshrink_auto,0.9047619047619048,1
786,common_DL,0.9523809523809524,1
786,comp_specific,0.9047619047619048,1
786,adaptshrink,0.9047619047619048,1
786,adaptshrink_auto,0.9285714285714287,1
787,common_DL,0.9523809523809524,0
787,comp_specific,0.9523809523809524,0
787,adaptshrink,0.9523809523809524,0
787,adaptshrink_auto,0.9523809523809524,0
788,common_DL,0.9761904761904763,1
788,comp_specific,0.9761904761904763,1
788,adaptshrink,0.9761904761904763,1
788,adaptshrink_auto,0.9761904761904763,1
789,common_DL,1.0,1
789,comp_specific,1.0,1
789,adaptshrink,1.0,1
789,adaptshrink_auto,1.0,1
790,common_DL,0.9761904761904763,1
790,comp_specific,0.9761904761904763,1
790,adaptshrink,0.9761904761904763,1
790,adaptshrink_auto,0.9761904761904763,1
791,common_DL,0.9523809523809524,1
791,comp_specific,0.9523809523809524,1
791,adaptshrink,0.9523809523809524,1
791,adaptshrink_auto,0.9761904761904763,1
792,common_DL,0.9761904761904763,1
792,comp_specific,0.9761904761904763,1
792,adaptshrink,0.9761904761904763,1
792,adaptshrink_auto,0.9761904761904763,1
793,common_DL,0.9761904761904763,1
793,comp_specific,1.0,1
793,adaptshrink,1.0,1
793,adaptshrink_auto,1.0,1
794,common_DL,0.9285714285714287,1
794,comp_specific,0.9761904761904763,1
794,adaptshrink,0.9285714285714287,1
794,adaptshrink_auto,0.9285714285714287,1
795,common_DL,0.9761904761904763,1
795,comp_specific,0.9285714285714287,1
795,adaptshrink,0.9285714285714287,1
795,adaptshrink_auto,0.9761904761904763,1
796,common_DL,0.9761904761904763,1
796,comp_specific,0.9761904761904763,1
796,adaptshrink,0.9761904761904763,1
796,adaptshrink_auto,1.0,1
797,common_DL,0.9761904761904763,1
797,comp_specific,0.9761904761904763,1
797,adaptshrink,0.9761904761904763,1
797,adaptshrink_auto,0.9761904761904763,1
798,common_DL,1.0,1
798,comp_specific,1.0,1
798,adaptshrink,1.0,1
798,adaptshrink_auto,1.0,1
799,common_DL,0.9761904761904763,1
799,comp_specific,0.9761904761904763,1
799,adaptshrink,0.9761904761904763,1
799,adaptshrink_auto,0.9761904761904763,1
800,common_DL,0.9523809523809524,1
800,comp_specific,0.9523809523809524,1
800,adaptshrink,0.9523809523809524,1
800,adaptshrink_auto,0.9523809523809524,1
801,common_DL,1.0,1
801,comp_specific,1.0,1
801,adaptshrink,1.0,1
801,adaptshrink_auto,1.0,1
802,common_DL,1.0,1
802,comp_specific,1.0,1
802,adaptshrink,1.0,1
802,adaptshrink_auto,1.0,1
803,common_DL,0.9761904761904763,1
803,comp_specific,0.9285714285714287,1
803,adaptshrink,0.9285714285714287,1
803,adaptshrink_auto,0.9285714285714287,1
804,common_DL,0.9761904761904763,1
804,comp_specific,0.9761904761904763,1
804,adaptshrink,0.9761904761904763,1
804,adaptshrink_auto,0.9761904761904763,1
805,common_DL,0.9761904761904763,1
805,comp_specific,0.9761904761904763,1
805,adaptshrink,0.9761904761904763,1
805,adaptshrink_auto,0.9761904761904763,1
806,common_DL,0.9285714285714287,1
806,comp_specific,0.8333333333333335,1
806,adaptshrink,0.9523809523809524,1
806,adaptshrink_auto,0.880952380952381,1
807,common_DL,0.9761904761904763,1
807,comp_specific,0.9761904761904763,1
807,adaptshrink,0.9761904761904763,1
807,adaptshrink_auto,0.9761904761904763,1
808,common_DL,1.0,1
808,comp_specific,1.0,1
808,adaptshrink,1.0,1
808,adaptshrink_auto,1.0,1
809,common_DL,0.9047619047619048,0
809,comp_specific,0.9523809523809524,0
809,adaptshrink,0.9047619047619048,0
809,adaptshrink_auto,0.9047619047619048,0
810,common_DL,0.9761904761904763,1
810,comp_specific,0.9761904761904763,1
810,adaptshrink,0.9761904761904763,1
810,adaptshrink_auto,0.9761904761904763,1
811,common_DL,0.9761904761904763,1
811,comp_specific,0.9761904761904763,1
811,adaptshrink,0.9761904761904763,1
811,adaptshrink_auto,1.0,1
812,common_DL,0.7142857142857144,1
812,comp_specific,0.7857142857142858,1
812,adaptshrink,0.7857142857142858,1
812,adaptshrink_auto,0.9285714285714287,1
813,common_DL,0.9761904761904763,1
813,comp_specific,0.9285714285714287,1
813,adaptshrink,0.9761904761904763,1
813,adaptshrink_auto,1.0,1
814,common_DL,0.9761904761904763,1
814,comp_specific,0.9761904761904763,1
814,adaptshrink,0.9761904761904763,1
814,adaptshrink_auto,0.9285714285714287,1
815,common_DL,0.9761904761904763,1
815,comp_specific,0.9285714285714287,1
815,adaptshrink,0.9761904761904763,1
815,adaptshrink_auto,0.9761904761904763,1
816,common_DL,0.9285714285714287,1
816,comp_specific,0.9285714285714287,1
816,adaptshrink,0.9285714285714287,1
816,adaptshrink_auto,0.9761904761904763,1
817,common_DL,0.9761904761904763,1
817,comp_specific,0.9761904761904763,1
817,adaptshrink,0.9761904761904763,1
817,adaptshrink_auto,1.0,1
818,common_DL,0.9523809523809524,1
818,comp_specific,0.9523809523809524,1
818,adaptshrink,0.9523809523809524,1
818,adaptshrink_auto,0.9761904761904763,1
819,common_DL,1.0,1
819,comp_specific,1.0,1
819,adaptshrink,1.0,1
819,adaptshrink_auto,1.0,1
820,common_DL,0.9761904761904763,1
820,comp_specific,0.9761904761904763,1
820,adaptshrink,0.9761904761904763,1
820,adaptshrink_auto,0.9761904761904763,1
821,common_DL,0.9761904761904763,1
821,comp_specific,0.9761904761904763,1
821,adaptshrink,0.9761904761904763,1
821,adaptshrink_auto,0.9761904761904763,1
822,common_DL,0.9523809523809524,1
822,comp_specific,0.9523809523809524,1
822,adaptshrink,0.9523809523809524,1
822,adaptshrink_auto,0.9523809523809524,1
823,common_DL,0.9761904761904763,1
823,comp_specific,0.9761904761904763,1
823,adaptshrink,0.9761904761904763,1
823,adaptshrink_auto,0.9761904761904763,1
824,common_DL,0.9523809523809524,0
824,comp_specific,0.9523809523809524,0
824,adaptshrink,0.9523809523809524,0
824,adaptshrink_auto,0.9523809523809524,0
825,common_DL,0.9761904761904763,1
825,comp_specific,0.9761904761904763,1
825,adaptshrink,0.9761904761904763,1
825,adaptshrink_auto,0.9761904761904763,1
826,common_DL,0.9047619047619048,1
826,comp_specific,0.9047619047619048,1
826,adaptshrink,0.9047619047619048,1
826,adaptshrink_auto,0.9047619047619048,1
827,common_DL,0.9047619047619048,0
827,comp_specific,0.880952380952381,0
827,adaptshrink,0.9047619047619048,0
827,adaptshrink_auto,0.880952380952381,0
828,common_DL,0.9285714285714287,1
828,comp_specific,0.9761904761904763,1
828,adaptshrink,0.9285714285714287,1
828,adaptshrink_auto,1.0,1
829,common_DL,1.0,1
829,comp_specific,1.0,1
829,adaptshrink,1.0,1
829,adaptshrink_auto,1.0,1
830,common_DL,0.9761904761904763,1
830,comp_specific,1.0,1
830,adaptshrink,1.0,1
830,adaptshrink_auto,0.9761904761904763,1
831,common_DL,1.0,1
831,comp_specific,1.0,1
831,adaptshrink,1.0,1
831,adaptshrink_auto,1.0,1
832,common_DL,0.9285714285714287,1
832,comp_specific,0.9285714285714287,1
832,adaptshrink,0.9285714285714287,1
832,adaptshrink_auto,0.9285714285714287,1
833,common_DL,0.9761904761904763,1
833,comp_specific,0.9761904761904763,1
833,adaptshrink,1.0,1
833,adaptshrink_auto,1.0,1
834,common_DL,0.9047619047619048,1
834,comp_specific,0.9523809523809524,1
834,adaptshrink,0.880952380952381,1
834,adaptshrink_auto,0.9761904761904763,1
835,common_DL,0.9761904761904763,1
835,comp_specific,0.9761904761904763,1
835,adaptshrink,0.9761904761904763,1
835,adaptshrink_auto,0.9761904761904763,1
836,common_DL,1.0,1
836,comp_specific,1.0,1
836,adaptshrink,1.0,1
836,adaptshrink_auto,1.0,1
837,common_DL,0.880952380952381,1
837,comp_specific,0.8095238095238096,1
837,adaptshrink,0.880952380952381,1
837,adaptshrink_auto,0.880952380952381,1
838,common_DL,0.9523809523809524,1
838,comp_specific,0.9523809523809524,1
838,adaptshrink,0.9523809523809524,1
838,adaptshrink_auto,0.9523809523809524,1
839,common_DL,1.0,1
839,comp_specific,0.9761904761904763,1
839,adaptshrink,0.9761904761904763,1
839,adaptshrink_auto,0.9761904761904763,1
840,common_DL,0.9761904761904763,1
840,comp_specific,0.9285714285714287,0
840,adaptshrink,0.9285714285714287,0
840,adaptshrink_auto,0.9761904761904763,1
841,common_DL,1.0,1
841,comp_specific,1.0,1
841,adaptshrink,1.0,1
841,adaptshrink_auto,1.0,1
842,common_DL,0.8333333333333335,1
842,comp_specific,0.8333333333333335,1
842,adaptshrink,0.8333333333333335,1
842,adaptshrink_auto,0.8333333333333335,1
843,common_DL,0.9047619047619048,0
843,comp_specific,0.9047619047619048,0
843,adaptshrink,0.9047619047619048,0
843,adaptshrink_auto,0.9047619047619048,0
844,common_DL,0.9523809523809524,1
844,comp_specific,0.9523809523809524,1
844,adaptshrink,0.9761904761904763,1
844,adaptshrink_auto,0.9761904761904763,1
845,common_DL,0.9285714285714287,1
845,comp_specific,0.9285714285714287,1
845,adaptshrink,0.9285714285714287,1
845,adaptshrink_auto,0.9761904761904763,1
846,common_DL,0.9761904761904763,1
846,comp_specific,0.9761904761904763,1
846,adaptshrink,0.9761904761904763,1
846,adaptshrink_auto,0.9761904761904763,1
847,common_DL,0.9761904761904763,1
847,comp_specific,0.9761904761904763,1
847,adaptshrink,0.9761904761904763,1
847,adaptshrink_auto,0.9761904761904763,1
848,common_DL,0.9761904761904763,1
848,comp_specific,0.9761904761904763,1
848,adaptshrink,0.9761904761904763,1
848,adaptshrink_auto,1.0,1
849,common_DL,0.9523809523809524,1
849,comp_specific,0.9523809523809524,0
849,adaptshrink,0.9523809523809524,1
849,adaptshrink_auto,0.9761904761904763,1
850,common_DL,0.9047619047619048,1
850,comp_specific,0.9047619047619048,1
850,adaptshrink,0.9047619047619048,1
850,adaptshrink_auto,0.9047619047619048,1
851,common_DL,0.9761904761904763,1
851,comp_specific,0.9761904761904763,1
851,adaptshrink,0.9761904761904763,1
851,adaptshrink_auto,0.9761904761904763,1
852,common_DL,0.9047619047619048,1
852,comp_specific,0.9047619047619048,1
852,adaptshrink,0.9047619047619048,1
852,adaptshrink_auto,0.9523809523809524,1
853,common_DL,0.9523809523809524,0
853,comp_specific,0.9523809523809524,0
853,adaptshrink,0.9523809523809524,0
853,adaptshrink_auto,0.9523809523809524,0
854,common_DL,0.9761904761904763,1
854,comp_specific,0.9761904761904763,1
854,adaptshrink,0.9761904761904763,1
854,adaptshrink_auto,0.9761904761904763,1
855,common_DL,0.9761904761904763,0
855,comp_specific,1.0,1
855,adaptshrink,0.9761904761904763,0
855,adaptshrink_auto,1.0,1
856,common_DL,1.0,1
856,comp_specific,0.9761904761904763,1
856,adaptshrink,1.0,1
856,adaptshrink_auto,0.9285714285714287,1
857,common_DL,0.9761904761904763,1
857,comp_specific,0.9761904761904763,1
857,adaptshrink,0.9761904761904763,1
857,adaptshrink_auto,0.9761904761904763,1
858,common_DL,0.9523809523809524,0
858,comp_specific,0.9761904761904763,1
858,adaptshrink,0.9523809523809524,0
858,adaptshrink_auto,0.9523809523809524,0
859,common_DL,0.9523809523809524,0
859,comp_specific,0.9523809523809524,0
859,adaptshrink,0.9523809523809524,0
859,adaptshrink_auto,0.9761904761904763,0
860,common_DL,0.9761904761904763,1
860,comp_specific,0.9761904761904763,1
860,adaptshrink,0.9761904761904763,1
860,adaptshrink_auto,1.0,1
861,common_DL,0.9761904761904763,1
861,comp_specific,0.9523809523809524,1
861,adaptshrink,0.9761904761904763,1
861,adaptshrink_auto,0.9761904761904763,1
862,common_DL,0.9761904761904763,1
862,comp_specific,0.9761904761904763,1
862,adaptshrink,0.9761904761904763,1
862,adaptshrink_auto,1.0,1
863,common_DL,0.9285714285714287,1
863,comp_specific,0.9761904761904763,1
863,adaptshrink,0.9761904761904763,1
863,adaptshrink_auto,0.9761904761904763,1
864,common_DL,0.9523809523809524,1
864,comp_specific,0.9761904761904763,1
864,adaptshrink,0.9761904761904763,1
864,adaptshrink_auto,1.0,1
865,common_DL,0.9047619047619048,1
865,comp_specific,0.9047619047619048,1
865,adaptshrink,0.9047619047619048,1
865,adaptshrink_auto,0.9047619047619048,1
866,common_DL,0.9523809523809524,1
866,comp_specific,0.9523809523809524,1
866,adaptshrink,0.9523809523809524,1
866,adaptshrink_auto,0.9523809523809524,1
867,common_DL,1.0,1
867,comp_specific,1.0,1
867,adaptshrink,1.0,1
867,adaptshrink_auto,1.0,1
868,common_DL,1.0,1
868,comp_specific,1.0,1
868,adaptshrink,1.0,1
868,adaptshrink_auto,1.0,1
869,common_DL,0.9761904761904763,0
869,comp_specific,0.9761904761904763,0
869,adaptshrink,0.9761904761904763,0
869,adaptshrink_auto,0.9761904761904763,1
870,common_DL,1.0,1
870,comp_specific,1.0,1
870,adaptshrink,1.0,1
870,adaptshrink_auto,1.0,1
871,common_DL,0.9285714285714287,1
871,comp_specific,0.9285714285714287,1
871,adaptshrink,0.9285714285714287,1
871,adaptshrink_auto,0.9285714285714287,1
872,common_DL,0.8333333333333335,1
872,comp_specific,0.7619047619047621,1
872,adaptshrink,0.7857142857142858,1
872,adaptshrink_auto,0.8333333333333335,1
873,common_DL,0.7380952380952381,1
873,comp_specific,0.7380952380952381,1
873,adaptshrink,0.7619047619047621,1
873,adaptshrink_auto,0.7142857142857144,1
874,common_DL,0.9761904761904763,1
874,comp_specific,0.9761904761904763,1
874,adaptshrink,0.9761904761904763,1
874,adaptshrink_auto,0.880952380952381,0
875,common_DL,1.0,1
875,comp_specific,1.0,1
875,adaptshrink,1.0,1
875,adaptshrink_auto,1.0,1
876,common_DL,0.9761904761904763,1
876,comp_specific,0.9761904761904763,1
876,adaptshrink,0.9761904761904763,1
876,adaptshrink_auto,0.9285714285714287,1
877,common_DL,0.9523809523809524,1
877,comp_specific,0.9523809523809524,1
877,adaptshrink,0.9523809523809524,1
877,adaptshrink_auto,0.9523809523809524,1
878,common_DL,0.9761904761904763,1
878,comp_specific,0.9761904761904763,1
878,adaptshrink,0.9761904761904763,1
878,adaptshrink_auto,1.0,1
879,common_DL,0.7142857142857144,1
879,comp_specific,0.6190476190476191,1
879,adaptshrink,0.7142857142857144,1
879,adaptshrink_auto,0.7142857142857144,1
880,common_DL,0.9285714285714287,1
880,comp_specific,0.9285714285714287,1
880,adaptshrink,0.9285714285714287,1
880,adaptshrink_auto,0.9285714285714287,1
881,common_DL,0.8571428571428572,1
881,comp_specific,0.9285714285714287,1
881,adaptshrink,0.8571428571428572,1
881,adaptshrink_auto,0.9285714285714287,1
882,common_DL,0.9285714285714287,1
882,comp_specific,0.9285714285714287,1
882,adaptshrink,0.9285714285714287,1
882,adaptshrink_auto,0.880952380952381,1
883,common_DL,0.9523809523809524,1
883,comp_specific,0.9761904761904763,1
883,adaptshrink,0.9523809523809524,1
883,adaptshrink_auto,0.9523809523809524,1
884,common_DL,0.9047619047619048,1
884,comp_specific,0.9047619047619048,1
884,adaptshrink,0.9047619047619048,1
884,adaptshrink_auto,0.9047619047619048,1
885,common_DL,0.9523809523809524,1
885,comp_specific,0.9523809523809524,1
885,adaptshrink,0.9523809523809524,1
885,adaptshrink_auto,0.9523809523809524,1
886,common_DL,1.0,1
886,comp_specific,1.0,1
886,adaptshrink,1.0,1
886,adaptshrink_auto,1.0,1
887,common_DL,0.9285714285714287,1
887,comp_specific,0.9761904761904763,1
887,adaptshrink,0.9285714285714287,1
887,adaptshrink_auto,0.9285714285714287,1
888,common_DL,0.8571428571428572,1
888,comp_specific,0.8333333333333335,1
888,adaptshrink,0.8333333333333335,1
888,adaptshrink_auto,0.8571428571428572,1
889,common_DL,0.9285714285714287,1
889,comp_specific,0.9523809523809524,1
889,adaptshrink,0.9523809523809524,1
889,adaptshrink_auto,0.9761904761904763,1
890,common_DL,1.0,1
890,comp_specific,1.0,1
890,adaptshrink,1.0,1
890,adaptshrink_auto,1.0,1
891,common_DL,1.0,1
891,comp_specific,1.0,1
891,adaptshrink,1.0,1
891,adaptshrink_auto,1.0,1
892,common_DL,1.0,1
892,comp_specific,1.0,1
892,adaptshrink,1.0,1
892,adaptshrink_auto,1.0,1
893,common_DL,0.9523809523809524,0
893,comp_specific,0.9761904761904763,0
893,adaptshrink,0.9523809523809524,0
893,adaptshrink_auto,0.9523809523809524,0
894,common_DL,0.9761904761904763,1
894,comp_specific,0.9761904761904763,1
894,adaptshrink,0.9761904761904763,1
894,adaptshrink_auto,0.9761904761904763,1
895,common_DL,0.9761904761904763,1
895,comp_specific,0.9761904761904763,1
895,adaptshrink,0.9761904761904763,1
895,adaptshrink_auto,0.9761904761904763,1
896,common_DL,0.9761904761904763,1
896,comp_specific,0.9761904761904763,1
896,adaptshrink,0.9761904761904763,1
896,adaptshrink_auto,0.9761904761904763,1
897,common_DL,1.0,1
897,comp_specific,1.0,1
897,adaptshrink,1.0,1
897,adaptshrink_auto,1.0,1
898,common_DL,0.9523809523809524,0
898,comp_specific,0.9523809523809524,0
898,adaptshrink,0.9523809523809524,0
898,adaptshrink_auto,0.9761904761904763,1
899,common_DL,0.9761904761904763,1
899,comp_specific,0.9761904761904763,1
899,adaptshrink,1.0,1
899,adaptshrink_auto,1.0,1
900,common_DL,0.8571428571428572,1
900,comp_specific,0.8333333333333335,1
900,adaptshrink,0.8333333333333335,1
900,adaptshrink_auto,0.8095238095238096,1
901,common_DL,0.9761904761904763,1
901,comp_specific,0.9523809523809524,1
901,adaptshrink,0.9523809523809524,1
901,adaptshrink_auto,0.9523809523809524,1
902,common_DL,1.0,1
902,comp_specific,1.0,1
902,adaptshrink,1.0,1
902,adaptshrink_auto,1.0,1
903,common_DL,0.9761904761904763,1
903,comp_specific,0.9285714285714287,1
903,adaptshrink,0.9761904761904763,1
903,adaptshrink_auto,1.0,1
904,common_DL,0.9761904761904763,1
904,comp_specific,0.9761904761904763,1
904,adaptshrink,0.9761904761904763,1
904,adaptshrink_auto,0.9761904761904763,1
905,common_DL,0.9761904761904763,1
905,comp_specific,0.9761904761904763,1
905,adaptshrink,0.9761904761904763,1
905,adaptshrink_auto,1.0,1
906,common_DL,0.880952380952381,0
906,comp_specific,0.8333333333333335,0
906,adaptshrink,0.8333333333333335,0
906,adaptshrink_auto,0.8333333333333335,0
907,common_DL,0.9285714285714287,1
907,comp_specific,0.7619047619047621,1
907,adaptshrink,0.8571428571428572,1
907,adaptshrink_auto,0.9761904761904763,1
908,common_DL,0.9761904761904763,1
908,comp_specific,0.9761904761904763,1
908,adaptshrink,0.9761904761904763,1
908,adaptshrink_auto,0.9761904761904763,1
909,common_DL,0.9761904761904763,1
909,comp_specific,1.0,1
909,adaptshrink,1.0,1
909,adaptshrink_auto,1.0,1
910,common_DL,0.9761904761904763,1
910,comp_specific,1.0,1
910,adaptshrink,0.9761904761904763,1
910,adaptshrink_auto,1.0,1
911,common_DL,0.9761904761904763,1
911,comp_specific,0.9761904761904763,1
911,adaptshrink,0.9761904761904763,1
911,adaptshrink_auto,0.9761904761904763,1
912,common_DL,1.0,1
912,comp_specific,1.0,1
912,adaptshrink,1.0,1
912,adaptshrink_auto,0.9761904761904763,1
913,common_DL,0.9761904761904763,1
913,comp_specific,0.9761904761904763,1
913,adaptshrink,0.9761904761904763,1
913,adaptshrink_auto,1.0,1
914,common_DL,0.9523809523809524,1
914,comp_specific,0.9523809523809524,1
914,adaptshrink,0.9523809523809524,1
914,adaptshrink_auto,0.9523809523809524,1
915,common_DL,0.9761904761904763,1
915,comp_specific,0.9523809523809524,1
915,adaptshrink,0.9523809523809524,1
915,adaptshrink_auto,0.9761904761904763,1
916,common_DL,0.9761904761904763,1
916,comp_specific,0.9761904761904763,1
916,adaptshrink,0.9761904761904763,1
916,adaptshrink_auto,0.9761904761904763,1
917,common_DL,0.9285714285714287,1
917,comp_specific,0.8571428571428572,1
917,adaptshrink,0.9285714285714287,1
917,adaptshrink_auto,0.9523809523809524,1
918,common_DL,1.0,1
918,comp_specific,1.0,1
918,adaptshrink,1.0,1
918,adaptshrink_auto,1.0,1
919,common_DL,0.9523809523809524,1
919,comp_specific,0.9523809523809524,1
919,adaptshrink,0.9523809523809524,1
919,adaptshrink_auto,0.9523809523809524,1
920,common_DL,0.9761904761904763,1
920,comp_specific,0.9761904761904763,1
920,adaptshrink,0.9761904761904763,1
920,adaptshrink_auto,0.9761904761904763,1
921,common_DL,0.9761904761904763,1
921,comp_specific,0.9761904761904763,1
921,adaptshrink,0.9761904761904763,1
921,adaptshrink_auto,0.9761904761904763,1
922,common_DL,0.9761904761904763,1
922,comp_specific,0.9761904761904763,1
922,adaptshrink,0.9761904761904763,1
922,adaptshrink_auto,0.9761904761904763,1
923,common_DL,0.9761904761904763,1
923,comp_specific,0.9761904761904763,1
923,adaptshrink,0.9761904761904763,1
923,adaptshrink_auto,0.9761904761904763,1
924,common_DL,0.9523809523809524,1
924,comp_specific,0.9523809523809524,1
924,adaptshrink,0.9523809523809524,1
924,adaptshrink_auto,0.9761904761904763,1
925,common_DL,1.0,1
925,comp_specific,0.9761904761904763,1
925,adaptshrink,1.0,1
925,adaptshrink_auto,1.0,1
926,common_DL,0.8333333333333335,1
926,comp_specific,0.9285714285714287,1
926,adaptshrink,0.8333333333333335,1
926,adaptshrink_auto,0.8333333333333335,1
927,common_DL,0.9285714285714287,0
927,comp_specific,0.9285714285714287,0
927,adaptshrink,0.9285714285714287,0
927,adaptshrink_auto,0.9285714285714287,0
928,common_DL,0.7857142857142858,1
928,comp_specific,0.8333333333333335,1
928,adaptshrink,0.7857142857142858,1
928,adaptshrink_auto,0.7857142857142858,1
929,common_DL,0.9761904761904763,1
929,comp_specific,0.9761904761904763,1
929,adaptshrink,0.9761904761904763,1
929,adaptshrink_auto,0.9761904761904763,1
930,common_DL,0.9761904761904763,1
930,comp_specific,0.9761904761904763,1
930,adaptshrink,0.9761904761904763,1
930,adaptshrink_auto,0.9761904761904763,1
931,common_DL,1.0,1
931,comp_specific,1.0,1
931,adaptshrink,1.0,1
931,adaptshrink_auto,1.0,1
932,common_DL,0.7380952380952381,0
932,comp_specific,0.6904761904761906,0
932,adaptshrink,0.7619047619047621,0
932,adaptshrink_auto,0.880952380952381,0
933,common_DL,0.9761904761904763,1
933,comp_specific,0.9761904761904763,1
933,adaptshrink,0.9761904761904763,1
933,adaptshrink_auto,1.0,1
934,common_DL,0.880952380952381,1
934,comp_specific,0.8571428571428572,1
934,adaptshrink,0.8571428571428572,1
934,adaptshrink_auto,0.9047619047619048,1
935,common_DL,0.9761904761904763,1
935,comp_specific,0.9761904761904763,1
935,adaptshrink,0.9761904761904763,1
935,adaptshrink_auto,0.9761904761904763,1
936,common_DL,0.9761904761904763,1
936,comp_specific,1.0,1
936,adaptshrink,1.0,1
936,adaptshrink_auto,0.9761904761904763,1
937,common_DL,0.9285714285714287,1
937,comp_specific,0.9285714285714287,1
937,adaptshrink,0.9285714285714287,1
937,adaptshrink_auto,0.9285714285714287,1
938,common_DL,0.9523809523809524,0
938,comp_specific,0.9523809523809524,0
938,adaptshrink,0.9523809523809524,0
938,adaptshrink_auto,0.9761904761904763,1
939,common_DL,0.9761904761904763,1
939,comp_specific,0.9761904761904763,1
939,adaptshrink,0.9761904761904763,1
939,adaptshrink_auto,0.9761904761904763,1
940,common_DL,0.9047619047619048,1
940,comp_specific,0.8333333333333335,1
940,adaptshrink,0.9047619047619048,1
940,adaptshrink_auto,0.9047619047619048,1
941,common_DL,0.9761904761904763,1
941,comp_specific,0.9761904761904763,1
941,adaptshrink,0.9761904761904763,1
941,adaptshrink_auto,1.0,1
942,common_DL,0.9761904761904763,0
942,comp_specific,0.9761904761904763,0
942,adaptshrink,0.9761904761904763,0
942,adaptshrink_auto,0.9761904761904763,0
943,common_DL,0.9047619047619048,0
943,comp_specific,0.9047619047619048,0
943,adaptshrink,0.9047619047619048,0
943,adaptshrink_auto,1.0,1
944,common_DL,0.9761904761904763,1
944,comp_specific,0.9761904761904763,1
944,adaptshrink,0.9761904761904763,1
944,adaptshrink_auto,1.0,1
945,common_DL,1.0,1
945,comp_specific,1.0,1
945,adaptshrink,1.0,1
945,adaptshrink_auto,1.0,1
946,common_DL,0.9761904761904763,1
946,comp_specific,0.9285714285714287,1
946,adaptshrink,0.9761904761904763,1
946,adaptshrink_auto,0.9761904761904763,1
947,common_DL,0.9285714285714287,1
947,comp_specific,0.9761904761904763,1
947,adaptshrink,0.9761904761904763,1
947,adaptshrink_auto,0.9285714285714287,1
948,common_DL,0.9761904761904763,1
948,comp_specific,0.9761904761904763,1
948,adaptshrink,0.9761904761904763,1
948,adaptshrink_auto,0.9761904761904763,1
949,common_DL,0.9761904761904763,1
949,comp_specific,0.9761904761904763,1
949,adaptshrink,0.9761904761904763,1
949,adaptshrink_auto,1.0,1
950,common_DL,1.0,1
950,comp_specific,1.0,1
950,adaptshrink,1.0,1
950,adaptshrink_auto,1.0,1
951,common_DL,0.9047619047619048,0
951,comp_specific,0.8333333333333335,0
951,adaptshrink,0.8333333333333335,0
951,adaptshrink_auto,0.8333333333333335,0
952,common_DL,1.0,1
952,comp_specific,1.0,1
952,adaptshrink,1.0,1
952,adaptshrink_auto,1.0,1
953,common_DL,1.0,1
953,comp_specific,0.9761904761904763,1
953,adaptshrink,1.0,1
953,adaptshrink_auto,0.9761904761904763,1
954,common_DL,0.9761904761904763,1
954,comp_specific,0.9761904761904763,1
954,adaptshrink,0.9761904761904763,1
954,adaptshrink_auto,0.9761904761904763,1
955,common_DL,0.9761904761904763,1
955,comp_specific,0.9761904761904763,1
955,adaptshrink,0.9761904761904763,1
955,adaptshrink_auto,0.9761904761904763,1
956,common_DL,1.0,1
956,comp_specific,1.0,1
956,adaptshrink,1.0,1
956,adaptshrink_auto,1.0,1
957,common_DL,1.0,1
957,comp_specific,1.0,1
957,adaptshrink,1.0,1
957,adaptshrink_auto,0.9761904761904763,1
958,common_DL,0.8571428571428572,1
958,comp_specific,0.8571428571428572,1
958,adaptshrink,0.8571428571428572,1
958,adaptshrink_auto,0.8571428571428572,1
959,common_DL,0.9285714285714287,1
959,comp_specific,0.9285714285714287,1
959,adaptshrink,0.9285714285714287,1
959,adaptshrink_auto,0.9761904761904763,1
960,common_DL,0.880952380952381,1
960,comp_specific,0.9285714285714287,1
960,adaptshrink,0.9285714285714287,1
960,adaptshrink_auto,0.7857142857142858,1
961,common_DL,0.9761904761904763,1
961,comp_specific,0.9761904761904763,1
961,adaptshrink,0.9761904761904763,1
961,adaptshrink_auto,0.9761904761904763,1
962,common_DL,0.9047619047619048,0
962,comp_specific,0.9047619047619048,0
962,adaptshrink,0.9047619047619048,0
962,adaptshrink_auto,0.9285714285714287,0
963,common_DL,1.0,1
963,comp_specific,1.0,1
963,adaptshrink,1.0,1
963,adaptshrink_auto,0.9761904761904763,0
964,common_DL,1.0,1
964,comp_specific,1.0,1
964,adaptshrink,1.0,1
964,adaptshrink_auto,1.0,1
965,common_DL,0.9523809523809524,0
965,comp_specific,0.9523809523809524,0
965,adaptshrink,0.9523809523809524,0
965,adaptshrink_auto,0.9523809523809524,0
966,common_DL,0.9047619047619048,1
966,comp_specific,0.880952380952381,1
966,adaptshrink,0.880952380952381,1
966,adaptshrink_auto,0.880952380952381,1
967,common_DL,0.9047619047619048,0
967,comp_specific,0.7857142857142858,0
967,adaptshrink,0.9047619047619048,0
967,adaptshrink_auto,0.9047619047619048,0
968,common_DL,0.9761904761904763,1
968,comp_specific,0.9761904761904763,1
968,adaptshrink,0.9761904761904763,1
968,adaptshrink_auto,0.9761904761904763,1
969,common_DL,0.9761904761904763,1
969,comp_specific,0.9523809523809524,1
969,adaptshrink,0.9523809523809524,1
969,adaptshrink_auto,0.9761904761904763,1
970,common_DL,0.9761904761904763,1
970,comp_specific,0.9761904761904763,1
970,adaptshrink,0.9761904761904763,1
970,adaptshrink_auto,1.0,1
971,common_DL,0.9761904761904763,1
971,comp_specific,0.9761904761904763,1
971,adaptshrink,0.9761904761904763,1
971,adaptshrink_auto,0.9761904761904763,1
972,common_DL,0.9285714285714287,0
972,comp_specific,0.9047619047619048,0
972,adaptshrink,0.9285714285714287,0
972,adaptshrink_auto,0.9285714285714287,0
973,common_DL,1.0,1
973,comp_specific,1.0,1
973,adaptshrink,1.0,1
973,adaptshrink_auto,1.0,1
974,common_DL,0.9285714285714287,1
974,comp_specific,0.9285714285714287,1
974,adaptshrink,0.9285714285714287,1
974,adaptshrink_auto,0.9285714285714287,1
975,common_DL,0.9285714285714287,1
975,comp_specific,0.9047619047619048,1
975,adaptshrink,0.9047619047619048,1
975,adaptshrink_auto,0.9047619047619048,1
976,common_DL,1.0,1
976,comp_specific,1.0,1
976,adaptshrink,1.0,1
976,adaptshrink_auto,1.0,1
977,common_DL,0.9523809523809524,1
977,comp_specific,0.9523809523809524,1
977,adaptshrink,0.9523809523809524,1
977,adaptshrink_auto,0.9523809523809524,1
978,common_DL,1.0,1
978,comp_specific,0.9761904761904763,1
978,adaptshrink,0.9761904761904763,1
978,adaptshrink_auto,1.0,1
979,common_DL,0.9761904761904763,1
979,comp_specific,0.9761904761904763,1
979,adaptshrink,0.9761904761904763,1
979,adaptshrink_auto,0.9761904761904763,1
980,common_DL,0.9285714285714287,1
980,comp_specific,0.9761904761904763,1
980,adaptshrink,0.9761904761904763,1
980,adaptshrink_auto,1.0,1
981,common_DL,0.9285714285714287,1
981,comp_specific,0.9285714285714287,1
981,adaptshrink,0.9285714285714287,1
981,adaptshrink_auto,0.9285714285714287,1
982,common_DL,0.9285714285714287,1
982,comp_specific,0.9047619047619048,1
982,adaptshrink,0.9523809523809524,1
982,adaptshrink_auto,0.9523809523809524,1
983,common_DL,0.9761904761904763,1
983,comp_specific,0.9285714285714287,0
983,adaptshrink,0.9285714285714287,0
983,adaptshrink_auto,0.9285714285714287,0
984,common_DL,0.9761904761904763,1
984,comp_specific,0.9761904761904763,1
984,adaptshrink,0.9761904761904763,1
984,adaptshrink_auto,0.9761904761904763,1
985,common_DL,0.7857142857142858,1
985,comp_specific,0.8095238095238096,1
985,adaptshrink,0.7619047619047621,1
985,adaptshrink_auto,0.7857142857142858,1
986,common_DL,1.0,1
986,comp_specific,1.0,1
986,adaptshrink,1.0,1
986,adaptshrink_auto,1.0,1
987,common_DL,1.0,1
987,comp_specific,1.0,1
987,adaptshrink,1.0,1
987,adaptshrink_auto,1.0,1
988,common_DL,0.9761904761904763,1
988,comp_specific,1.0,1
988,adaptshrink,1.0,1
988,adaptshrink_auto,0.9761904761904763,1
989,common_DL,0.9285714285714287,0
989,comp_specific,0.9285714285714287,0
989,adaptshrink,0.9285714285714287,0
989,adaptshrink_auto,0.9523809523809524,0
990,common_DL,1.0,1
990,comp_specific,1.0,1
990,adaptshrink,1.0,1
990,adaptshrink_auto,0.9761904761904763,1
991,common_DL,0.9285714285714287,1
991,comp_specific,0.9285714285714287,1
991,adaptshrink,0.9285714285714287,1
991,adaptshrink_auto,0.9285714285714287,1
992,common_DL,1.0,1
992,comp_specific,0.9761904761904763,1
992,adaptshrink,0.9761904761904763,1
992,adaptshrink_auto,1.0,1
993,common_DL,0.9523809523809524,1
993,comp_specific,0.9761904761904763,1
993,adaptshrink,0.9523809523809524,1
993,adaptshrink_auto,0.9761904761904763,1
994,common_DL,1.0,1
994,comp_specific,1.0,1
994,adaptshrink,1.0,1
994,adaptshrink_auto,1.0,1
995,common_DL,0.9523809523809524,1
995,comp_specific,0.9285714285714287,1
995,adaptshrink,0.9285714285714287,1
995,adaptshrink_auto,0.9285714285714287,1
996,common_DL,1.0,1
996,comp_specific,0.9761904761904763,1
996,adaptshrink,0.9761904761904763,1
996,adaptshrink_auto,1.0,1
997,common_DL,0.8333333333333335,1
997,comp_specific,0.7857142857142858,1
997,adaptshrink,0.8333333333333335,1
997,adaptshrink_auto,0.9285714285714287,1
998,common_DL,0.9285714285714287,1
998,comp_specific,0.9285714285714287,1
998,adaptshrink,0.9285714285714287,1
998,adaptshrink_auto,0.9285714285714287,1
999,common_DL,1.0,1
999,comp_specific,1.0,1
999,adaptshrink,1.0,1
999,adaptshrink_auto,1.0,1
1000,common_DL,1.0,1
1000,comp_specific,1.0,1
1000,adaptshrink,1.0,1
1000,adaptshrink_auto,1.0,1
1001,common_DL,0.5714285714285715,0
1001,comp_specific,0.6428571428571429,0
1001,adaptshrink,0.6428571428571429,0
1001,adaptshrink_auto,0.6428571428571429,0
1002,common_DL,0.9761904761904763,1
1002,comp_specific,0.9761904761904763,1
1002,adaptshrink,0.9761904761904763,1
1002,adaptshrink_auto,0.9761904761904763,1
1003,common_DL,0.9761904761904763,1
1003,comp_specific,0.9761904761904763,1
1003,adaptshrink,0.9761904761904763,1
1003,adaptshrink_auto,0.9761904761904763,1
1004,common_DL,0.9761904761904763,1
1004,comp_specific,0.9761904761904763,1
1004,adaptshrink,0.9761904761904763,1
1004,adaptshrink_auto,1.0,1
1005,common_DL,0.9523809523809524,1
1005,comp_specific,0.9523809523809524,1
1005,adaptshrink,0.9523809523809524,1
1005,adaptshrink_auto,0.9523809523809524,1
1006,common_DL,0.9761904761904763,1
1006,comp_specific,0.9761904761904763,1
1006,adaptshrink,0.9761904761904763,1
1006,adaptshrink_auto,0.9761904761904763,1
1007,common_DL,0.9761904761904763,1
1007,comp_specific,0.9761904761904763,1
1007,adaptshrink,0.9761904761904763,1
1007,adaptshrink_auto,0.9761904761904763,1
1008,common_DL,0.9761904761904763,1
1008,comp_specific,1.0,1
1008,adaptshrink,0.9761904761904763,1
1008,adaptshrink_auto,1.0,1
1009,common_DL,0.9761904761904763,0
1009,comp_specific,0.9761904761904763,0
1009,adaptshrink,0.9761904761904763,0
1009,adaptshrink_auto,0.9761904761904763,0
1010,common_DL,0.880952380952381,1
1010,comp_specific,0.880952380952381,1
1010,adaptshrink,0.880952380952381,1
1010,adaptshrink_auto,0.9523809523809524,1
1011,common_DL,1.0,1
1011,comp_specific,1.0,1
1011,adaptshrink,1.0,1
1011,adaptshrink_auto,1.0,1
1012,common_DL,0.9523809523809524,1
1012,comp_specific,0.9523809523809524,1
1012,adaptshrink,0.9523809523809524,1
1012,adaptshrink_auto,1.0,1
1013,common_DL,1.0,1
1013,comp_specific,1.0,1
1013,adaptshrink,1.0,1
1013,adaptshrink_auto,1.0,1
1014,common_DL,1.0,1
1014,comp_specific,0.9761904761904763,1
1014,adaptshrink,1.0,1
1014,adaptshrink_auto,1.0,1
1015,common_DL,0.9761904761904763,1
1015,comp_specific,0.9761904761904763,1
1015,adaptshrink,0.9761904761904763,1
1015,adaptshrink_auto,1.0,1
1016,common_DL,1.0,1
1016,comp_specific,1.0,1
1016,adaptshrink,1.0,1
1016,adaptshrink_auto,0.9761904761904763,1
1017,common_DL,1.0,1
1017,comp_specific,1.0,1
1017,adaptshrink,1.0,1
1017,adaptshrink_auto,1.0,1
1018,common_DL,0.9047619047619048,1
1018,comp_specific,0.9047619047619048,1
1018,adaptshrink,0.9047619047619048,1
1018,adaptshrink_auto,0.9047619047619048,1
1019,common_DL,0.9761904761904763,1
1019,comp_specific,0.9761904761904763,1
1019,adaptshrink,0.9761904761904763,1
1019,adaptshrink_auto,1.0,1
1020,common_DL,0.9761904761904763,1
1020,comp_specific,0.9523809523809524,1
1020,adaptshrink,0.9761904761904763,1
1020,adaptshrink_auto,0.9761904761904763,1
1021,common_DL,0.9761904761904763,1
1021,comp_specific,0.9285714285714287,1
1021,adaptshrink,0.9761904761904763,1
1021,adaptshrink_auto,0.9761904761904763,1
1022,common_DL,0.9761904761904763,1
1022,comp_specific,0.9761904761904763,1
1022,adaptshrink,0.9761904761904763,1
1022,adaptshrink_auto,0.9761904761904763,1
1023,common_DL,1.0,1
1023,comp_specific,0.9761904761904763,1
1023,adaptshrink,1.0,1
1023,adaptshrink_auto,1.0,1
1024,common_DL,1.0,1
1024,comp_specific,1.0,1
1024,adaptshrink,1.0,1
1024,adaptshrink_auto,1.0,1
1025,common_DL,1.0,1
1025,comp_specific,1.0,1
1025,adaptshrink,1.0,1
1025,adaptshrink_auto,1.0,1
1026,common_DL,0.9523809523809524,1
1026,comp_specific,0.9523809523809524,1
1026,adaptshrink,0.9523809523809524,1
1026,adaptshrink_auto,0.9523809523809524,1
1027,common_DL,0.9285714285714287,1
1027,comp_specific,0.9047619047619048,1
1027,adaptshrink,0.9047619047619048,1
1027,adaptshrink_auto,0.9047619047619048,1
1028,common_DL,0.9047619047619048,0
1028,comp_specific,0.9047619047619048,0
1028,adaptshrink,0.9047619047619048,0
1028,adaptshrink_auto,0.9047619047619048,0
1029,common_DL,1.0,1
1029,comp_specific,1.0,1
1029,adaptshrink,1.0,1
1029,adaptshrink_auto,1.0,1
1030,common_DL,0.9761904761904763,1
1030,comp_specific,0.9761904761904763,1
1030,adaptshrink,0.9761904761904763,1
1030,adaptshrink_auto,1.0,1
1031,common_DL,0.9761904761904763,1
1031,comp_specific,0.9761904761904763,1
1031,adaptshrink,0.9761904761904763,1
1031,adaptshrink_auto,0.9761904761904763,1
1032,common_DL,0.9761904761904763,1
1032,comp_specific,0.9761904761904763,1
1032,adaptshrink,0.9761904761904763,1
1032,adaptshrink_auto,1.0,1
1033,common_DL,1.0,1
1033,comp_specific,1.0,1
1033,adaptshrink,1.0,1
1033,adaptshrink_auto,1.0,1
1034,common_DL,0.9761904761904763,1
1034,comp_specific,0.9761904761904763,1
1034,adaptshrink,0.9761904761904763,1
1034,adaptshrink_auto,1.0,1
1035,common_DL,0.9047619047619048,1
1035,comp_specific,0.8333333333333335,1
1035,adaptshrink,0.9047619047619048,1
1035,adaptshrink_auto,0.9047619047619048,1
1036,common_DL,1.0,1
1036,comp_specific,1.0,1
1036,adaptshrink,1.0,1
1036,adaptshrink_auto,1.0,1
1037,common_DL,0.9761904761904763,1
1037,comp_specific,0.9761904761904763,1
1037,adaptshrink,0.9761904761904763,1
1037,adaptshrink_auto,1.0,1
1038,common_DL,0.9285714285714287,1
1038,comp_specific,0.9047619047619048,1
1038,adaptshrink,0.9285714285714287,1
1038,adaptshrink_auto,0.9761904761904763,1
1039,common_DL,0.9285714285714287,1
1039,comp_specific,0.9285714285714287,1
1039,adaptshrink,0.9285714285714287,1
1039,adaptshrink_auto,0.9285714285714287,1
1040,common_DL,0.9761904761904763,1
1040,comp_specific,0.9761904761904763,1
1040,adaptshrink,0.9761904761904763,1
1040,adaptshrink_auto,1.0,1
1041,common_DL,1.0,1
1041,comp_specific,0.9761904761904763,1
1041,adaptshrink,1.0,1
1041,adaptshrink_auto,1.0,1
1042,common_DL,0.9761904761904763,1
1042,comp_specific,0.9761904761904763,1
1042,adaptshrink,0.9761904761904763,1
1042,adaptshrink_auto,0.9285714285714287,1
1043,common_DL,0.9761904761904763,1
1043,comp_specific,0.9761904761904763,1
1043,adaptshrink,0.9761904761904763,1
1043,adaptshrink_auto,0.9761904761904763,1
1044,common_DL,1.0,1
1044,comp_specific,1.0,1
1044,adaptshrink,1.0,1
1044,adaptshrink_auto,1.0,1
1045,common_DL,0.9761904761904763,1
1045,comp_specific,0.9761904761904763,1
1045,adaptshrink,0.9761904761904763,1
1045,adaptshrink_auto,0.9761904761904763,1
1046,common_DL,0.9761904761904763,1
1046,comp_specific,0.9761904761904763,1
1046,adaptshrink,0.9761904761904763,1
1046,adaptshrink_auto,0.9761904761904763,1
1047,common_DL,1.0,1
1047,comp_specific,1.0,1
1047,adaptshrink,1.0,1
1047,adaptshrink_auto,1.0,1
1048,common_DL,1.0,1
1048,comp_specific,1.0,1
1048,adaptshrink,1.0,1
1048,adaptshrink_auto,1.0,1
1049,common_DL,0.9523809523809524,1
1049,comp_specific,0.9523809523809524,1
1049,adaptshrink,0.9523809523809524,1
1049,adaptshrink_auto,0.9523809523809524,1
1050,common_DL,0.9285714285714287,0
1050,comp_specific,0.9523809523809524,1
1050,adaptshrink,0.9285714285714287,0
1050,adaptshrink_auto,0.9761904761904763,1
1051,common_DL,0.9761904761904763,1
1051,comp_specific,0.9047619047619048,1
1051,adaptshrink,0.9285714285714287,1
1051,adaptshrink_auto,0.9285714285714287,1
1052,common_DL,0.9285714285714287,1
1052,comp_specific,0.9285714285714287,1
1052,adaptshrink,0.9285714285714287,1
1052,adaptshrink_auto,1.0,1
1053,common_DL,1.0,1
1053,comp_specific,1.0,1
1053,adaptshrink,1.0,1
1053,adaptshrink_auto,1.0,1
1054,common_DL,0.9761904761904763,1
1054,comp_specific,0.9761904761904763,1
1054,adaptshrink,0.9761904761904763,1
1054,adaptshrink_auto,0.9761904761904763,1
1055,common_DL,0.9523809523809524,1
1055,comp_specific,0.9523809523809524,1
1055,adaptshrink,0.9523809523809524,1
1055,adaptshrink_auto,1.0,1
1056,common_DL,1.0,1
1056,comp_specific,1.0,1
1056,adaptshrink,1.0,1
1056,adaptshrink_auto,1.0,1
1057,common_DL,1.0,1
1057,comp_specific,1.0,1
1057,adaptshrink,1.0,1
1057,adaptshrink_auto,1.0,1
1058,common_DL,0.9761904761904763,1
1058,comp_specific,0.9761904761904763,1
1058,adaptshrink,0.9761904761904763,1
1058,adaptshrink_auto,0.9285714285714287,1
1059,common_DL,1.0,1
1059,comp_specific,1.0,1
1059,adaptshrink,1.0,1
1059,adaptshrink_auto,1.0,1
1060,common_DL,1.0,1
1060,comp_specific,1.0,1
1060,adaptshrink,1.0,1
1060,adaptshrink_auto,1.0,1
1061,common_DL,0.9761904761904763,1
1061,comp_specific,0.9761904761904763,1
1061,adaptshrink,0.9761904761904763,1
1061,adaptshrink_auto,0.9761904761904763,1
1062,common_DL,0.9047619047619048,1
1062,comp_specific,0.9761904761904763,1
1062,adaptshrink,0.9523809523809524,1
1062,adaptshrink_auto,0.9523809523809524,1
1063,common_DL,1.0,1
1063,comp_specific,1.0,1
1063,adaptshrink,1.0,1
1063,adaptshrink_auto,1.0,1
1064,common_DL,0.9285714285714287,1
1064,comp_specific,0.9285714285714287,1
1064,adaptshrink,0.9285714285714287,1
1064,adaptshrink_auto,0.9285714285714287,1
1065,common_DL,0.9761904761904763,0
1065,comp_specific,0.9761904761904763,0
1065,adaptshrink,0.9761904761904763,0
1065,adaptshrink_auto,0.9761904761904763,0
1066,common_DL,0.9761904761904763,1
1066,comp_specific,0.9523809523809524,1
1066,adaptshrink,0.9761904761904763,1
1066,adaptshrink_auto,0.9761904761904763,1
1067,common_DL,1.0,1
1067,comp_specific,1.0,1
1067,adaptshrink,1.0,1
1067,adaptshrink_auto,1.0,1
1068,common_DL,0.9285714285714287,1
1068,comp_specific,0.9047619047619048,1
1068,adaptshrink,0.9047619047619048,1
1068,adaptshrink_auto,0.9285714285714287,1
1069,common_DL,0.9523809523809524,1
1069,comp_specific,0.9761904761904763,1
1069,adaptshrink,0.9523809523809524,1
1069,adaptshrink_auto,0.9523809523809524,1
1070,common_DL,0.9047619047619048,1
1070,comp_specific,0.9285714285714287,1
1070,adaptshrink,0.9285714285714287,1
1070,adaptshrink_auto,0.9285714285714287,1
1071,common_DL,1.0,1
1071,comp_specific,1.0,1
1071,adaptshrink,1.0,1
1071,adaptshrink_auto,1.0,1
1072,common_DL,1.0,1
1072,comp_specific,1.0,1
1072,adaptshrink,1.0,1
1072,adaptshrink_auto,1.0,1
1073,common_DL,0.9523809523809524,1
1073,comp_specific,0.9523809523809524,1
1073,adaptshrink,0.9523809523809524,1
1073,adaptshrink_auto,0.9523809523809524,1
1074,common_DL,0.9761904761904763,1
1074,comp_specific,0.9761904761904763,1
1074,adaptshrink,0.9761904761904763,1
1074,adaptshrink_auto,1.0,1
1075,common_DL,0.9285714285714287,1
1075,comp_specific,0.9285714285714287,1
1075,adaptshrink,0.9285714285714287,1
1075,adaptshrink_auto,0.9285714285714287,1
1076,common_DL,1.0,1
1076,comp_specific,0.9761904761904763,0
1076,adaptshrink,1.0,1
1076,adaptshrink_auto,1.0,1
1077,common_DL,0.9761904761904763,1
1077,comp_specific,0.9761904761904763,1
1077,adaptshrink,0.9761904761904763,1
1077,adaptshrink_auto,1.0,1
1078,common_DL,1.0,1
1078,comp_specific,1.0,1
1078,adaptshrink,1.0,1
1078,adaptshrink_auto,1.0,1
1079,common_DL,0.9761904761904763,1
1079,comp_specific,0.9761904761904763,1
1079,adaptshrink,0.9761904761904763,1
1079,adaptshrink_auto,0.9761904761904763,1
1080,common_DL,0.9761904761904763,1
1080,comp_specific,0.9761904761904763,1
1080,adaptshrink,0.9761904761904763,1
1080,adaptshrink_auto,0.9761904761904763,1
1081,common_DL,0.9047619047619048,1
1081,comp_specific,0.9047619047619048,1
1081,adaptshrink,0.9047619047619048,1
1081,adaptshrink_auto,0.9523809523809524,1
1082,common_DL,0.880952380952381,1
1082,comp_specific,0.9523809523809524,1
1082,adaptshrink,0.9523809523809524,1
1082,adaptshrink_auto,0.9761904761904763,1
1083,common_DL,0.9285714285714287,1
1083,comp_specific,0.9285714285714287,1
1083,adaptshrink,0.9285714285714287,1
1083,adaptshrink_auto,0.9285714285714287,1
1084,common_DL,1.0,1
1084,comp_specific,1.0,1
1084,adaptshrink,0.9761904761904763,1
1084,adaptshrink_auto,1.0,1
1085,common_DL,0.9761904761904763,1
1085,comp_specific,0.9761904761904763,1
1085,adaptshrink,0.9761904761904763,1
1085,adaptshrink_auto,1.0,1
1086,common_DL,0.9761904761904763,1
1086,comp_specific,0.9761904761904763,1
1086,adaptshrink,0.9761904761904763,1
1086,adaptshrink_auto,0.9523809523809524,1
1087,common_DL,0.9761904761904763,1
1087,comp_specific,0.9761904761904763,1
1087,adaptshrink,0.9761904761904763,1
1087,adaptshrink_auto,1.0,1
1088,common_DL,1.0,1
1088,comp_specific,0.9285714285714287,1
1088,adaptshrink,0.9761904761904763,1
1088,adaptshrink_auto,0.9761904761904763,1
1089,common_DL,0.9285714285714287,1
1089,comp_specific,0.9047619047619048,1
1089,adaptshrink,0.9285714285714287,1
1089,adaptshrink_auto,0.9047619047619048,1
1090,common_DL,0.9285714285714287,1
1090,comp_specific,0.9285714285714287,1
1090,adaptshrink,0.9285714285714287,1
1090,adaptshrink_auto,0.9285714285714287,1
1091,common_DL,1.0,1
1091,comp_specific,0.9761904761904763,1
1091,adaptshrink,1.0,1
1091,adaptshrink_auto,1.0,1
1092,common_DL,1.0,1
1092,comp_specific,1.0,1
1092,adaptshrink,1.0,1
1092,adaptshrink_auto,1.0,1
1093,common_DL,0.9523809523809524,1
1093,comp_specific,0.9523809523809524,1
1093,adaptshrink,0.9523809523809524,1
1093,adaptshrink_auto,0.9523809523809524,1
1094,common_DL,0.9523809523809524,1
1094,comp_specific,0.9523809523809524,1
1094,adaptshrink,0.9523809523809524,1
1094,adaptshrink_auto,1.0,1
1095,common_DL,1.0,1
1095,comp_specific,1.0,1
1095,adaptshrink,1.0,1
1095,adaptshrink_auto,1.0,1
1096,common_DL,0.9047619047619048,1
1096,comp_specific,0.880952380952381,1
1096,adaptshrink,0.9285714285714287,1
1096,adaptshrink_auto,0.9047619047619048,1
1097,common_DL,1.0,1
1097,comp_specific,1.0,1
1097,adaptshrink,1.0,1
1097,adaptshrink_auto,1.0,1
1098,common_DL,0.9523809523809524,0
1098,comp_specific,0.9523809523809524,0
1098,adaptshrink,0.9523809523809524,0
1098,adaptshrink_auto,0.9761904761904763,0
1099,common_DL,0.9761904761904763,1
1099,comp_specific,0.9761904761904763,1
1099,adaptshrink,0.9761904761904763,1
1099,adaptshrink_auto,1.0,1
1100,common_DL,0.9523809523809524,1
1100,comp_specific,1.0,1
1100,adaptshrink,0.9761904761904763,1
1100,adaptshrink_auto,0.9761904761904763,1
1101,common_DL,0.7619047619047621,0
1101,comp_specific,0.9285714285714287,0
1101,adaptshrink,0.8095238095238096,0
1101,adaptshrink_auto,0.9523809523809524,0
1102,common_DL,1.0,1
1102,comp_specific,1.0,1
1102,adaptshrink,1.0,1
1102,adaptshrink_auto,1.0,1
1103,common_DL,0.9047619047619048,0
1103,comp_specific,0.9047619047619048,0
1103,adaptshrink,0.9047619047619048,0
1103,adaptshrink_auto,0.9047619047619048,0
1104,common_DL,0.8571428571428572,0
1104,comp_specific,0.880952380952381,0
1104,adaptshrink,0.880952380952381,0
1104,adaptshrink_auto,0.880952380952381,0
1105,common_DL,0.9523809523809524,0
1105,comp_specific,0.9523809523809524,0
1105,adaptshrink,0.9523809523809524,0
1105,adaptshrink_auto,0.9761904761904763,1
1106,common_DL,0.9523809523809524,1
1106,comp_specific,0.9523809523809524,1
1106,adaptshrink,0.9523809523809524,1
1106,adaptshrink_auto,0.9523809523809524,1
1107,common_DL,1.0,1
1107,comp_specific,1.0,1
1107,adaptshrink,1.0,1
1107,adaptshrink_auto,1.0,1
1108,common_DL,0.9761904761904763,1
1108,comp_specific,0.9761904761904763,1
1108,adaptshrink,0.9761904761904763,1
1108,adaptshrink_auto,0.9761904761904763,1
1109,common_DL,0.9285714285714287,1
1109,comp_specific,0.9285714285714287,1
1109,adaptshrink,0.9285714285714287,1
1109,adaptshrink_auto,0.9285714285714287,1
1110,common_DL,1.0,1
1110,comp_specific,1.0,1
1110,adaptshrink,1.0,1
1110,adaptshrink_auto,1.0,1
1111,common_DL,0.9285714285714287,1
1111,comp_specific,0.9285714285714287,1
1111,adaptshrink,0.9285714285714287,1
1111,adaptshrink_auto,0.9761904761904763,1
1112,common_DL,0.880952380952381,1
1112,comp_specific,0.9047619047619048,1
1112,adaptshrink,0.880952380952381,1
1112,adaptshrink_auto,0.9047619047619048,1
1113,common_DL,1.0,1
1113,comp_specific,1.0,1
1113,adaptshrink,1.0,1
1113,adaptshrink_auto,1.0,1
1114,common_DL,0.9285714285714287,1
1114,comp_specific,0.9285714285714287,1
1114,adaptshrink,0.9285714285714287,1
1114,adaptshrink_auto,0.9285714285714287,1
1115,common_DL,1.0,1
1115,comp_specific,1.0,1
1115,adaptshrink,1.0,1
1115,adaptshrink_auto,1.0,1
1116,common_DL,0.9761904761904763,1
1116,comp_specific,0.9761904761904763,1
1116,adaptshrink,0.9761904761904763,1
1116,adaptshrink_auto,0.9761904761904763,1
1117,common_DL,0.9761904761904763,1
1117,comp_specific,0.9761904761904763,1
1117,adaptshrink,0.9761904761904763,1
1117,adaptshrink_auto,0.9761904761904763,1
1118,common_DL,0.9761904761904763,1
1118,comp_specific,0.9761904761904763,1
1118,adaptshrink,0.9761904761904763,1
1118,adaptshrink_auto,0.9761904761904763,1
1119,common_DL,0.9523809523809524,1
1119,comp_specific,0.9523809523809524,1
1119,adaptshrink,0.9523809523809524,1
1119,adaptshrink_auto,0.9523809523809524,1
1120,common_DL,0.9047619047619048,1
1120,comp_specific,0.9285714285714287,1
1120,adaptshrink,0.9047619047619048,1
1120,adaptshrink_auto,0.9285714285714287,1
1121,common_DL,0.9523809523809524,0
1121,comp_specific,0.9761904761904763,1
1121,adaptshrink,0.9523809523809524,0
1121,adaptshrink_auto,0.9761904761904763,1
1122,common_DL,0.9285714285714287,0
1122,comp_specific,0.9285714285714287,0
1122,adaptshrink,0.880952380952381,0
1122,adaptshrink_auto,0.880952380952381,0
1123,common_DL,0.9761904761904763,1
1123,comp_specific,0.9285714285714287,0
1123,adaptshrink,0.9761904761904763,1
1123,adaptshrink_auto,0.9285714285714287,0
1124,common_DL,0.9761904761904763,1
1124,comp_specific,1.0,1
1124,adaptshrink,0.9761904761904763,1
1124,adaptshrink_auto,1.0,1
1125,common_DL,0.9761904761904763,1
1125,comp_specific,1.0,1
1125,adaptshrink,0.9761904761904763,1
1125,adaptshrink_auto,1.0,1
1126,common_DL,0.9761904761904763,1
1126,comp_specific,0.9761904761904763,1
1126,adaptshrink,0.9761904761904763,1
1126,adaptshrink_auto,0.9761904761904763,1
1127,common_DL,0.9761904761904763,1
1127,comp_specific,0.9761904761904763,1
1127,adaptshrink,0.9761904761904763,1
1127,adaptshrink_auto,0.9761904761904763,1
1128,common_DL,0.9761904761904763,1
1128,comp_specific,0.9761904761904763,1
1128,adaptshrink,0.9761904761904763,1
1128,adaptshrink_auto,0.9761904761904763,1
1129,common_DL,0.9285714285714287,1
1129,comp_specific,0.9285714285714287,1
1129,adaptshrink,0.9285714285714287,1
1129,adaptshrink_auto,0.9761904761904763,1
1130,common_DL,0.9761904761904763,1
1130,comp_specific,0.9761904761904763,1
1130,adaptshrink,0.9761904761904763,1
1130,adaptshrink_auto,0.9761904761904763,1
1131,common_DL,0.9761904761904763,1
1131,comp_specific,0.9761904761904763,1
1131,adaptshrink,0.9761904761904763,1
1131,adaptshrink_auto,0.9761904761904763,1
1132,common_DL,0.9047619047619048,1
1132,comp_specific,0.9047619047619048,1
1132,adaptshrink,0.9047619047619048,1
1132,adaptshrink_auto,0.9047619047619048,1
1133,common_DL,1.0,1
1133,comp_specific,1.0,1
1133,adaptshrink,1.0,1
1133,adaptshrink_auto,1.0,1
1134,common_DL,0.9285714285714287,1
1134,comp_specific,0.9285714285714287,1
1134,adaptshrink,0.9285714285714287,1
1134,adaptshrink_auto,0.9285714285714287,1
1135,common_DL,0.9523809523809524,1
1135,comp_specific,0.9523809523809524,1
1135,adaptshrink,0.9523809523809524,1
1135,adaptshrink_auto,0.9523809523809524,1
1136,common_DL,0.9761904761904763,1
1136,comp_specific,0.9761904761904763,1
1136,adaptshrink,0.9761904761904763,1
1136,adaptshrink_auto,0.9761904761904763,1
1137,common_DL,1.0,1
1137,comp_specific,1.0,1
1137,adaptshrink,1.0,1
1137,adaptshrink_auto,1.0,1
1138,common_DL,0.9047619047619048,1
1138,comp_specific,0.880952380952381,1
1138,adaptshrink,0.9047619047619048,1
1138,adaptshrink_auto,0.9047619047619048,0
1139,common_DL,0.9761904761904763,1
1139,comp_specific,0.9761904761904763,1
1139,adaptshrink,0.9761904761904763,1
1139,adaptshrink_auto,0.9761904761904763,1
1140,common_DL,0.9761904761904763,1
1140,comp_specific,0.9761904761904763,1
1140,adaptshrink,0.9761904761904763,1
1140,adaptshrink_auto,0.9761904761904763,1
1141,common_DL,0.9761904761904763,1
1141,comp_specific,0.9761904761904763,1
1141,adaptshrink,0.9761904761904763,1
1141,adaptshrink_auto,0.9761904761904763,1
1142,common_DL,0.9523809523809524,1
1142,comp_specific,0.9523809523809524,1
1142,adaptshrink,0.9523809523809524,1
1142,adaptshrink_auto,0.9523809523809524,1
1143,common_DL,0.8571428571428572,0
1143,comp_specific,0.8571428571428572,0
1143,adaptshrink,0.8571428571428572,0
1143,adaptshrink_auto,0.9285714285714287,0
1144,common_DL,1.0,1
1144,comp_specific,0.9761904761904763,1
1144,adaptshrink,0.9761904761904763,1
1144,adaptshrink_auto,1.0,1
1145,common_DL,0.9761904761904763,1
1145,comp_specific,0.9761904761904763,1
1145,adaptshrink,0.9761904761904763,1
1145,adaptshrink_auto,0.9761904761904763,1
1146,common_DL,0.9761904761904763,0
1146,comp_specific,0.9761904761904763,0
1146,adaptshrink,0.9761904761904763,0
1146,adaptshrink_auto,1.0,1
1147,common_DL,1.0,1
1147,comp_specific,1.0,1
1147,adaptshrink,1.0,1
1147,adaptshrink_auto,1.0,1
1148,common_DL,0.9761904761904763,1
1148,comp_specific,0.9761904761904763,1
1148,adaptshrink,0.9761904761904763,1
1148,adaptshrink_auto,0.9761904761904763,1
1149,common_DL,0.9761904761904763,1
1149,comp_specific,0.9761904761904763,1
1149,adaptshrink,0.9761904761904763,1
1149,adaptshrink_auto,1.0,1
1150,common_DL,1.0,1
1150,comp_specific,1.0,1
1150,adaptshrink,1.0,1
1150,adaptshrink_auto,1.0,1
1151,common_DL,0.9047619047619048,1
1151,comp_specific,0.9047619047619048,1
1151,adaptshrink,0.9047619047619048,1
1151,adaptshrink_auto,0.9047619047619048,1
1152,common_DL,1.0,1
1152,comp_specific,1.0,1
1152,adaptshrink,1.0,1
1152,adaptshrink_auto,0.9761904761904763,1
1153,common_DL,0.9285714285714287,1
1153,comp_specific,0.8095238095238096,1
1153,adaptshrink,0.9285714285714287,1
1153,adaptshrink_auto,0.9285714285714287,1
1154,common_DL,0.9761904761904763,1
1154,comp_specific,0.9047619047619048,1
1154,adaptshrink,0.9761904761904763,1
1154,adaptshrink_auto,0.9761904761904763,0
1155,common_DL,0.9761904761904763,1
1155,comp_specific,0.9761904761904763,1
1155,adaptshrink,0.9761904761904763,1
1155,adaptshrink_auto,0.9761904761904763,1
1156,common_DL,1.0,1
1156,comp_specific,0.9523809523809524,1
1156,adaptshrink,1.0,1
1156,adaptshrink_auto,0.9761904761904763,1
1157,common_DL,0.8571428571428572,1
1157,comp_specific,0.7857142857142858,1
1157,adaptshrink,0.8571428571428572,1
1157,adaptshrink_auto,0.9047619047619048,1
1158,common_DL,0.8333333333333335,1
1158,comp_specific,0.7857142857142858,1
1158,adaptshrink,0.8333333333333335,1
1158,adaptshrink_auto,0.8333333333333335,1
1159,common_DL,1.0,1
1159,comp_specific,1.0,1
1159,adaptshrink,1.0,1
1159,adaptshrink_auto,0.9761904761904763,1
1160,common_DL,0.9285714285714287,1
1160,comp_specific,0.9285714285714287,1
1160,adaptshrink,0.9285714285714287,1
1160,adaptshrink_auto,0.9285714285714287,1
1161,common_DL,0.9761904761904763,0
1161,comp_specific,0.9761904761904763,0
1161,adaptshrink,0.9761904761904763,0
1161,adaptshrink_auto,0.9761904761904763,0
1162,common_DL,0.9285714285714287,1
1162,comp_specific,0.9761904761904763,1
1162,adaptshrink,0.9761904761904763,1
1162,adaptshrink_auto,0.9761904761904763,1
1163,common_DL,0.9761904761904763,1
1163,comp_specific,0.9761904761904763,1
1163,adaptshrink,0.9761904761904763,1
1163,adaptshrink_auto,1.0,1
1164,common_DL,1.0,1
1164,comp_specific,1.0,1
1164,adaptshrink,1.0,1
1164,adaptshrink_auto,1.0,1
1165,common_DL,1.0,1
1165,comp_specific,1.0,1
1165,adaptshrink,1.0,1
1165,adaptshrink_auto,1.0,1
1166,common_DL,0.9761904761904763,1
1166,comp_specific,0.9761904761904763,1
1166,adaptshrink,0.9761904761904763,1
1166,adaptshrink_auto,0.9761904761904763,1
1167,common_DL,0.9047619047619048,1
1167,comp_specific,0.9047619047619048,1
1167,adaptshrink,0.9047619047619048,1
1167,adaptshrink_auto,0.9523809523809524,1
1168,common_DL,0.9047619047619048,1
1168,comp_specific,0.9047619047619048,1
1168,adaptshrink,0.9047619047619048,1
1168,adaptshrink_auto,0.9285714285714287,1
1169,common_DL,0.9047619047619048,1
1169,comp_specific,0.9523809523809524,1
1169,adaptshrink,0.9047619047619048,1
1169,adaptshrink_auto,0.9047619047619048,1
1170,common_DL,0.9285714285714287,1
1170,comp_specific,0.9761904761904763,1
1170,adaptshrink,0.9285714285714287,1
1170,adaptshrink_auto,0.9285714285714287,1
1171,common_DL,0.9285714285714287,1
1171,comp_specific,0.9761904761904763,1
1171,adaptshrink,0.9285714285714287,1
1171,adaptshrink_auto,0.9761904761904763,1
1172,common_DL,0.9761904761904763,1
1172,comp_specific,0.9761904761904763,1
1172,adaptshrink,0.9761904761904763,1
1172,adaptshrink_auto,0.9761904761904763,1
1173,common_DL,0.9523809523809524,1
1173,comp_specific,0.9761904761904763,1
1173,adaptshrink,0.9761904761904763,1
1173,adaptshrink_auto,0.9761904761904763,1
1174,common_DL,0.9761904761904763,1
1174,comp_specific,0.9761904761904763,1
1174,adaptshrink,0.9761904761904763,1
1174,adaptshrink_auto,0.9761904761904763,1
1175,common_DL,1.0,1
1175,comp_specific,1.0,1
1175,adaptshrink,1.0,1
1175,adaptshrink_auto,0.9761904761904763,0
1176,common_DL,0.7857142857142858,1
1176,comp_specific,0.7857142857142858,1
1176,adaptshrink,0.7857142857142858,1
1176,adaptshrink_auto,0.880952380952381,1
1177,common_DL,1.0,1
1177,comp_specific,1.0,1
1177,adaptshrink,1.0,1
1177,adaptshrink_auto,1.0,1
1178,common_DL,0.9523809523809524,1
1178,comp_specific,0.9047619047619048,1
1178,adaptshrink,0.9047619047619048,1
1178,adaptshrink_auto,0.9047619047619048,1
1179,common_DL,1.0,1
1179,comp_specific,1.0,1
1179,adaptshrink,1.0,1
1179,adaptshrink_auto,1.0,1
1180,common_DL,1.0,1
1180,comp_specific,1.0,1
1180,adaptshrink,1.0,1
1180,adaptshrink_auto,1.0,1
1181,common_DL,0.9523809523809524,1
1181,comp_specific,0.9523809523809524,1
1181,adaptshrink,0.9523809523809524,1
1181,adaptshrink_auto,0.9761904761904763,1
1182,common_DL,1.0,1
1182,comp_specific,1.0,1
1182,adaptshrink,1.0,1
1182,adaptshrink_auto,1.0,1
1183,common_DL,1.0,1
1183,comp_specific,1.0,1
1183,adaptshrink,1.0,1
1183,adaptshrink_auto,1.0,1
1184,common_DL,1.0,1
1184,comp_specific,1.0,1
1184,adaptshrink,1.0,1
1184,adaptshrink_auto,1.0,1
1185,common_DL,0.880952380952381,1
1185,comp_specific,0.9523809523809524,1
1185,adaptshrink,0.880952380952381,1
1185,adaptshrink_auto,0.880952380952381,1
1186,common_DL,0.9285714285714287,0
1186,comp_specific,0.9761904761904763,0
1186,adaptshrink,0.9761904761904763,0
1186,adaptshrink_auto,0.9761904761904763,0
1187,common_DL,1.0,1
1187,comp_specific,0.9761904761904763,1
1187,adaptshrink,1.0,1
1187,adaptshrink_auto,1.0,1
1188,common_DL,0.9523809523809524,1
1188,comp_specific,0.9523809523809524,1
1188,adaptshrink,0.9523809523809524,1
1188,adaptshrink_auto,0.9523809523809524,1
1189,common_DL,0.9761904761904763,1
1189,comp_specific,0.9761904761904763,1
1189,adaptshrink,0.9761904761904763,1
1189,adaptshrink_auto,0.9761904761904763,1
1190,common_DL,1.0,1
1190,comp_specific,0.9047619047619048,1
1190,adaptshrink,1.0,1
1190,adaptshrink_auto,1.0,1
1191,common_DL,0.9761904761904763,1
1191,comp_specific,0.9285714285714287,1
1191,adaptshrink,0.9761904761904763,1
1191,adaptshrink_auto,0.9761904761904763,1
1192,common_DL,1.0,1
1192,comp_specific,1.0,1
1192,adaptshrink,1.0,1
1192,adaptshrink_auto,1.0,1
1193,common_DL,1.0,1
1193,comp_specific,1.0,1
1193,adaptshrink,1.0,1
1193,adaptshrink_auto,1.0,1
1194,common_DL,0.9761904761904763,1
1194,comp_specific,0.9761904761904763,1
1194,adaptshrink,0.9761904761904763,1
1194,adaptshrink_auto,0.9761904761904763,1
1195,common_DL,0.9047619047619048,1
1195,comp_specific,0.8571428571428572,1
1195,adaptshrink,0.8571428571428572,1
1195,adaptshrink_auto,0.9523809523809524,1
1196,common_DL,0.9761904761904763,1
1196,comp_specific,1.0,1
1196,adaptshrink,0.9761904761904763,1
1196,adaptshrink_auto,0.9761904761904763,1
1197,common_DL,1.0,1
1197,comp_specific,1.0,1
1197,adaptshrink,1.0,1
1197,adaptshrink_auto,1.0,1
1198,common_DL,0.9761904761904763,1
1198,comp_specific,0.9761904761904763,1
1198,adaptshrink,0.9761904761904763,1
1198,adaptshrink_auto,0.9761904761904763,1
1199,common_DL,0.9761904761904763,1
1199,comp_specific,0.9761904761904763,1
1199,adaptshrink,0.9761904761904763,1
1199,adaptshrink_auto,0.9761904761904763,1
