mechanism,strength,rep,method,true_mu,mu_hat,ci_low,ci_high,converged
smooth,strong,0,reml_hksj,0.2,0.3248568219751436,0.26692994616573124,0.38278369778455595,True
smooth,strong,0,trim_and_fill,0.2,0.2186526771720908,0.18361961458365908,0.25368573976052256,True
smooth,strong,0,pet_peese,0.2,0.2680942199708288,0.1972757742576598,0.33891266568399775,True
smooth,strong,0,copas,0.2,0.32356751766935005,0.27431909141840355,0.37281594392029654,True
smooth,strong,0,ubcma,0.2,0.3027654708955293,0.2008555321780227,0.4024399297398797,True
smooth,strong,0,adaptshrink,0.2,0.26169908000326686,0.10455691561762862,0.41884124438890513,True
smooth,strong,1,reml_hksj,0.2,0.3289288661179902,0.23714881561726725,0.4207089166187132,True
smooth,strong,1,trim_and_fill,0.2,0.15272670039229708,0.11879851823239643,0.18665488255219773,True
smooth,strong,1,pet_peese,0.2,0.23624172040234817,0.17941885781299705,0.2930645829916993,True
smooth,strong,1,copas,0.2,0.3274106870505184,0.2466869286951172,0.4081344454059196,True
smooth,strong,1,ubcma,0.2,0.30660132379338956,0.2047699106877971,0.40097197865118334,True
smooth,strong,1,adaptshrink,0.2,0.23484322556943374,0.05799324579472653,0.41169320534414094,True
smooth,strong,2,reml_hksj,0.2,0.25337428861847205,0.17868345058439616,0.32806512665254794,True
smooth,strong,2,trim_and_fill,0.2,0.11466058823599137,0.07559321998798268,0.15372795648400006,True
smooth,strong,2,pet_peese,0.2,0.26326208743649626,0.18353667903874016,0.34298749583425236,True
smooth,strong,2,copas,0.2,0.2534325806037031,0.18650753440336373,0.32035762680404245,True
smooth,strong,2,ubcma,0.2,0.16474427340972392,0.07741679006534893,0.24803682353026643,True
smooth,strong,2,adaptshrink,0.2,0.15582314836569322,-0.05263456210337064,0.3642808588347571,True
smooth,strong,3,reml_hksj,0.2,0.3447513499330999,0.2806374184747389,0.40886528139146094,True
smooth,strong,3,trim_and_fill,0.2,0.19584715681670672,0.1675194006756983,0.22417491295771516,True
smooth,strong,3,pet_peese,0.2,0.27829745368558556,0.23090918557666246,0.32568572179450866,True
smooth,strong,3,copas,0.2,0.34357587677292506,0.2844385651951427,0.4027131883507074,True
smooth,strong,3,ubcma,0.2,0.23599436531709628,0.09882555972855513,0.3752339831987365,True
smooth,strong,3,adaptshrink,0.2,0.23238196092356617,0.057397592366882993,0.4073663294802493,True
smooth,strong,4,reml_hksj,0.2,0.3387336275400317,0.2536906363357844,0.423776618744279,True
smooth,strong,4,trim_and_fill,0.2,0.23135309942096458,0.19574517831767568,0.26696102052425347,True
smooth,strong,4,pet_peese,0.2,0.3177794036171944,0.2580974471836943,0.3774613600506945,True
smooth,strong,4,copas,0.2,0.33803841847268734,0.2723064919998818,0.4037703449454929,True
smooth,strong,4,ubcma,0.2,0.27288208549534165,0.1794972555243716,0.3742122761077049,False
smooth,strong,4,adaptshrink,0.2,0.269396898362156,-0.31615909717827134,0.8549528939025834,True
smooth,strong,5,reml_hksj,0.2,0.3169000607297482,0.24635800088596357,0.3874421205735328,True
smooth,strong,5,trim_and_fill,0.2,0.16902688269225472,0.134870333681559,0.20318343170295042,True
smooth,strong,5,pet_peese,0.2,0.21455321492407162,0.15646891197390717,0.27263751787423607,True
smooth,strong,5,copas,0.2,0.31468537623428416,0.2513539433945359,0.37801680907403246,True
smooth,strong,5,ubcma,0.2,0.2208888280872057,0.11685529500293962,0.32940036105826564,True
smooth,strong,5,adaptshrink,0.2,0.20556522726208185,0.08304695161055638,0.32808350291360733,True
smooth,strong,6,reml_hksj,0.2,0.395508362283253,0.3042009104325903,0.48681581413391567,True
smooth,strong,6,trim_and_fill,0.2,0.2454208072000157,0.211213817887079,0.2796277965129524,True
smooth,strong,6,pet_peese,0.2,0.4373167060664542,0.3708217560450141,0.5038116560878942,True
smooth,strong,6,copas,0.2,0.3959095023814704,0.31475452482184496,0.4770644799410958,True
smooth,strong,6,ubcma,0.2,0.3155253609901918,0.13192995914626357,0.48300961111708707,True
smooth,strong,6,adaptshrink,0.2,0.3001821238347426,-0.02403124891871805,0.6243954965882033,True
smooth,strong,7,reml_hksj,0.2,0.32751445670215584,0.2825731791342066,0.3724557342701051,True
smooth,strong,7,trim_and_fill,0.2,0.23353160646237114,0.20225168103057706,0.26481153189416523,True
smooth,strong,7,pet_peese,0.2,0.3100116357084478,0.25433542529499803,0.3656878461218976,True
smooth,strong,7,copas,0.2,0.3268009213294916,0.2855346419432944,0.3680672007156888,True
smooth,strong,7,ubcma,0.2,0.2826359564728307,0.22467925557576962,0.34285438228294773,True
smooth,strong,7,adaptshrink,0.2,0.28224419030663733,0.14742529330459062,0.417063087308684,True
smooth,strong,8,reml_hksj,0.2,0.28693906886202974,0.21596984427691293,0.3579082934471466,True
smooth,strong,8,trim_and_fill,0.2,0.15260133729373282,0.1221106284066712,0.18309204618079444,True
smooth,strong,8,pet_peese,0.2,0.22881498902295075,0.17149598847172037,0.2861339895741811,True
smooth,strong,8,copas,0.2,0.2855677927064779,0.2231312031081288,0.348004382304827,True
smooth,strong,8,ubcma,0.2,0.24103607423185938,0.14913551007848913,0.32524240222366957,True
smooth,strong,8,adaptshrink,0.2,0.22494021481694462,0.08513885998103618,0.3647415696528531,True
smooth,strong,9,reml_hksj,0.2,0.3344486769270274,0.25420232183846275,0.41469503201559205,True
smooth,strong,9,trim_and_fill,0.2,0.19222796262450698,0.157896927271894,0.22655899797711995,True
smooth,strong,9,pet_peese,0.2,0.29081855861124395,0.22616810917937064,0.35546900804311726,True
smooth,strong,9,copas,0.2,0.33295429833223134,0.2680117190865137,0.39789687757794895,True
smooth,strong,9,ubcma,0.2,0.2958569758067862,0.17650085329400467,0.41955635820106846,True
smooth,strong,9,adaptshrink,0.2,0.28413939193335347,0.120741827437641,0.44753695642906594,True
smooth,strong,10,reml_hksj,0.2,0.2504037086128889,0.17874851345747989,0.32205890376829793,True
smooth,strong,10,trim_and_fill,0.2,0.06602606800887988,0.02979228174167739,0.10225985427608236,True
smooth,strong,10,pet_peese,0.2,0.08055258924476301,-0.0536174507817135,0.21472262927123953,True
smooth,strong,10,copas,0.2,0.24916234333926443,0.1840040300607143,0.31432065661781455,True
smooth,strong,10,ubcma,0.2,0.141180587463309,0.05931317978225903,0.2149048782169366,True
smooth,strong,10,adaptshrink,0.2,0.07389453936024216,-0.04221045697964476,0.1899995357001291,True
smooth,strong,11,reml_hksj,0.2,0.3335673978708661,0.2740310347463347,0.39310376099539746,True
smooth,strong,11,trim_and_fill,0.2,0.20957199805828175,0.17756824214393618,0.24157575397262732,True
smooth,strong,11,pet_peese,0.2,0.3288223635044698,0.26971397473423253,0.3879307522747071,True
smooth,strong,11,copas,0.2,0.33344022380955934,0.28018179478707866,0.38669865283204,True
smooth,strong,11,ubcma,0.2,0.28828373235379867,0.20409172881279003,0.38394106599633737,True
smooth,strong,11,adaptshrink,0.2,0.2919050094976472,0.09236541233765702,0.49144460665763734,True
smooth,strong,12,reml_hksj,0.2,0.28861673443614433,0.21032725270258518,0.3669062161697035,True
smooth,strong,12,trim_and_fill,0.2,0.03394945365451939,0.001925810386181677,0.0659730969228571,True
smooth,strong,12,pet_peese,0.2,0.019678570760428216,-0.08282841784346874,0.12218555936432517,True
smooth,strong,12,copas,0.2,0.2874515714756468,0.2146722806107932,0.36023086234050045,True
smooth,strong,12,ubcma,0.2,0.18285141405253544,0.09448839641034117,0.27699687865700007,True
smooth,strong,12,adaptshrink,0.2,0.034255228065536464,-0.05962974205106522,0.12814019818213815,True
smooth,strong,13,reml_hksj,0.2,0.2962657112621872,0.24796056912774367,0.34457085339663074,True
smooth,strong,13,trim_and_fill,0.2,0.1737281575047127,0.14656320015719776,0.20089311485222766,True
smooth,strong,13,pet_peese,0.2,0.27387634860570886,0.2271133365739297,0.32063936063748805,True
smooth,strong,13,copas,0.2,0.2958034896571615,0.25426085824973427,0.3373461210645888,True
smooth,strong,13,ubcma,0.2,0.2872086988435128,0.2305987134851789,0.3505463759723445,True
smooth,strong,13,adaptshrink,0.2,0.27466468990650544,0.1571732734820083,0.3921561063310026,True
smooth,strong,14,reml_hksj,0.2,0.29415320361789216,0.24347355306173907,0.34483285417404524,True
smooth,strong,14,trim_and_fill,0.2,0.20693949822847277,0.17395616176467732,0.23992283469226822,True
smooth,strong,14,pet_peese,0.2,0.2517920371667412,0.1969521739583262,0.3066319003751562,True
smooth,strong,14,copas,0.2,0.2935164645698866,0.24864325757875333,0.3383896715610199,True
smooth,strong,14,ubcma,0.2,0.2887184508675529,0.23759940892352527,0.35395583164969135,True
smooth,strong,14,adaptshrink,0.2,0.2503590415807232,0.1137080320957306,0.3870100510657158,True
smooth,strong,15,reml_hksj,0.2,0.331413437040263,0.26533268453925196,0.397494189541274,True
smooth,strong,15,trim_and_fill,0.2,0.16072989774731736,0.13363873577636212,0.1878210597182726,True
smooth,strong,15,pet_peese,0.2,0.35743255677041064,0.30933445191262376,0.4055306616281975,True
smooth,strong,15,copas,0.2,0.3315900673760638,0.2700478077918309,0.39313232696029665,True
smooth,strong,15,ubcma,0.2,0.29806402832113704,0.17918832630235443,0.40834306940296816,True
smooth,strong,15,adaptshrink,0.2,0.3102825849059313,0.040141162629465155,0.5804240071823974,True
smooth,strong,16,reml_hksj,0.2,0.3532276679121631,0.28985383911277224,0.41660149671155394,True
smooth,strong,16,trim_and_fill,0.2,0.22898365056862788,0.19712740430297698,0.2608398968342788,True
smooth,strong,16,pet_peese,0.2,0.32557147930303587,0.2713253286151931,0.37981762999087865,True
smooth,strong,16,copas,0.2,0.3528147949461491,0.2954967980777304,0.4101327918145678,True
smooth,strong,16,ubcma,0.2,0.3536014692969196,0.24304338192436056,0.4836742914665656,True
smooth,strong,16,adaptshrink,0.2,0.3231697074102441,0.1705433552067862,0.47579605961370197,True
smooth,strong,17,reml_hksj,0.2,0.27624489063009744,0.21450646162832565,0.33798331963186923,True
smooth,strong,17,trim_and_fill,0.2,0.13357222775197766,0.10337298916041801,0.16377146634353731,True
smooth,strong,17,pet_peese,0.2,0.24321510520913847,0.18685685193990506,0.2995733584783719,True
smooth,strong,17,copas,0.2,0.2756056048643286,0.2194789643299103,0.3317322453987469,True
smooth,strong,17,ubcma,0.2,0.22904037775758135,0.15544338243974587,0.30890511452630365,True
smooth,strong,17,adaptshrink,0.2,0.23110868197357567,0.08518058748549615,0.37703677646165523,True
smooth,strong,18,reml_hksj,0.2,0.3043740842445562,0.22558285980093362,0.3831653086881788,True
smooth,strong,18,trim_and_fill,0.2,0.14404641063049098,0.11034168182788126,0.1777511394331007,True
smooth,strong,18,pet_peese,0.2,0.21374166077845763,0.15380346927685687,0.2736798522800584,True
smooth,strong,18,copas,0.2,0.3020880736495972,0.23500500609420433,0.3691711412049901,True
smooth,strong,18,ubcma,0.2,0.19241791488347218,0.07758136149926925,0.3091436712610697,True
smooth,strong,18,adaptshrink,0.2,0.19024398047545635,0.03535671070894045,0.3451312502419722,True
smooth,strong,19,reml_hksj,0.2,0.3156526666620745,0.24180198850698276,0.3895033448171662,True
smooth,strong,19,trim_and_fill,0.2,0.19586668960334544,0.15720098912350605,0.23453239008318483,True
smooth,strong,19,pet_peese,0.2,0.31734932975472624,0.23737673146040073,0.39732192804905175,True
smooth,strong,19,copas,0.2,0.31569381976722655,0.24877076684416322,0.3826168726902899,True
smooth,strong,19,ubcma,0.2,0.2799863086075643,0.20119883820797962,0.35430784809212085,True
smooth,strong,19,adaptshrink,0.2,0.2808271640223897,0.09172645451064623,0.46992787353413323,True
smooth,strong,20,reml_hksj,0.2,0.3070804586260147,0.21037323066707486,0.4037876865849545,True
smooth,strong,20,trim_and_fill,0.2,0.09170356820126142,0.05194270396652419,0.13146443243599865,True
smooth,strong,20,pet_peese,0.2,0.028162443410459172,-0.0930203203751023,0.14934520719602065,True
smooth,strong,20,copas,0.2,0.3055252980720559,0.2185751414649656,0.39247545467914624,True
smooth,strong,20,ubcma,0.2,0.13435118299356094,0.052096725178553085,0.22182617307638947,True
smooth,strong,20,adaptshrink,0.2,0.09292798904802621,-0.019523662185223542,0.20537964028127598,True
smooth,strong,21,reml_hksj,0.2,0.2534333257853558,0.16857313840492918,0.3382935131657825,True
smooth,strong,21,trim_and_fill,0.2,0.09711820391312236,0.06033072144323075,0.13390568638301398,True
smooth,strong,21,pet_peese,0.2,0.23235189222676428,0.16672451405210115,0.2979792704014274,True
smooth,strong,21,copas,0.2,0.252703899309968,0.1775134052171234,0.3278943934028126,True
smooth,strong,21,ubcma,0.2,0.07630668792081784,-0.03670616948958959,0.17651285813898077,True
smooth,strong,21,adaptshrink,0.2,0.0973793114685669,-0.011585400277190142,0.20634402321432394,True
smooth,strong,22,reml_hksj,0.2,0.33959190772769904,0.27419301006625896,0.4049908053891391,True
smooth,strong,22,trim_and_fill,0.2,0.1762075697031375,0.1486297424797572,0.20378539692651781,True
smooth,strong,22,pet_peese,0.2,0.35722582445883594,0.30961286169167807,0.4048387872259938,True
smooth,strong,22,copas,0.2,0.33980753563187255,0.27956311005286666,0.40005196121087844,True
smooth,strong,22,ubcma,0.2,0.28410257515528065,0.1722544348372581,0.39894786417853645,True
smooth,strong,22,adaptshrink,0.2,0.2899060526608137,0.003819622421203317,0.5759924829004242,True
smooth,strong,23,reml_hksj,0.2,0.3039434127981313,0.23445987674477015,0.37342694885149247,True
smooth,strong,23,trim_and_fill,0.2,0.1676845884704203,0.13377014933864295,0.20159902760219767,True
smooth,strong,23,pet_peese,0.2,0.25133100363201416,0.18953417540636705,0.3131278318576613,True
smooth,strong,23,copas,0.2,0.3030956258671096,0.24011149554283934,0.36607975619137983,True
smooth,strong,23,ubcma,0.2,0.15599467450325222,0.005484952882367165,0.29088674170986417,True
smooth,strong,23,adaptshrink,0.2,0.1699641835187374,0.07307027781135723,0.2668580892261176,True
smooth,strong,24,reml_hksj,0.2,0.22986284158184106,0.15618098609401707,0.303544697069665,True
smooth,strong,24,trim_and_fill,0.2,0.07656638523232474,0.04557613195472496,0.10755663850992453,True
smooth,strong,24,pet_peese,0.2,0.24635461354565472,0.1902774124072424,0.30243181468406705,True
smooth,strong,24,copas,0.2,0.2301945985727319,0.1643779949115195,0.2960112022339443,True
smooth,strong,24,ubcma,0.2,0.16556971375626386,0.03145399391704645,0.2555409970709832,True
smooth,strong,24,adaptshrink,0.2,0.165759473392533,-0.11673440931665219,0.4482533561017182,True
smooth,strong,25,reml_hksj,0.2,0.296978345728211,0.20778291038313926,0.3861737810732828,True
smooth,strong,25,trim_and_fill,0.2,0.017487610794748726,-0.01553764490914003,0.05051286649863748,True
smooth,strong,25,pet_peese,0.2,0.09170427054129021,-0.01422098973857551,0.19762953082115592,True
smooth,strong,25,copas,0.2,0.29620632674254693,0.21449912095434326,0.3779135325307506,True
smooth,strong,25,ubcma,0.2,0.2118046380713126,0.026344704153096102,0.3656765574382974,True
smooth,strong,25,adaptshrink,0.2,0.07862299267119134,-0.18885887333177082,0.34610485867415347,True
smooth,strong,26,reml_hksj,0.2,0.29455976675461015,0.2505506731091174,0.3385688604001029,True
smooth,strong,26,trim_and_fill,0.2,0.21463222951739272,0.18324608648404792,0.24601837255073752,True
smooth,strong,26,pet_peese,0.2,0.2785231237009411,0.22525260702569885,0.3317936403761834,True
smooth,strong,26,copas,0.2,0.2940771919953901,0.25402800040210965,0.3341263835886706,True
smooth,strong,26,ubcma,0.2,0.2396169316327531,0.1664145521272945,0.31094863835999553,True
smooth,strong,26,adaptshrink,0.2,0.23482350811128383,0.11315596642842643,0.35649104979414126,True
smooth,strong,27,reml_hksj,0.2,0.32005839679351145,0.23851153742726383,0.40160525615975906,True
smooth,strong,27,trim_and_fill,0.2,0.17190679274081502,0.13857326956663374,0.2052403159149963,True
smooth,strong,27,pet_peese,0.2,0.2584466170385549,0.2018286300664651,0.31506460401064473,True
smooth,strong,27,copas,0.2,0.31856727271037183,0.2535164592840706,0.38361808613667303,True
smooth,strong,27,ubcma,0.2,0.253269951010652,0.13987308446075897,0.3489966094426806,True
smooth,strong,27,adaptshrink,0.2,0.24979078142382677,0.1054987543265859,0.39408280852106764,True
smooth,strong,28,reml_hksj,0.2,0.3457206107024445,0.282140113197204,0.40930110820768495,True
smooth,strong,28,trim_and_fill,0.2,0.24130614014650845,0.21014239047976907,0.2724698898132478,True
smooth,strong,28,pet_peese,0.2,0.3409425375957822,0.2877913771655777,0.3940936980259867,True
smooth,strong,28,copas,0.2,0.34570087526769033,0.2876195399040563,0.40378221063132436,True
smooth,strong,28,ubcma,0.2,0.2865829791067249,0.20602507045615645,0.36800628077281283,True
smooth,strong,28,adaptshrink,0.2,0.28276268527588955,0.10495313952546306,0.46057223102631606,True
smooth,strong,29,reml_hksj,0.2,0.30417462499194253,0.233756249011407,0.37459300097247805,True
smooth,strong,29,trim_and_fill,0.2,0.15683131522390134,0.12296531348521691,0.19069731696258577,True
smooth,strong,29,pet_peese,0.2,0.2543467525094671,0.1918977332878627,0.3167957717310715,True
smooth,strong,29,copas,0.2,0.30247139988903965,0.24219754913693659,0.3627452506411427,True
smooth,strong,29,ubcma,0.2,0.2155301532958995,0.11545378022521496,0.3113610313326058,True
smooth,strong,29,adaptshrink,0.2,0.2152613022219015,0.02575552951911833,0.40476707492468467,True
smooth,strong,30,reml_hksj,0.2,0.3082899399887196,0.23063704879707908,0.38594283118036016,True
smooth,strong,30,trim_and_fill,0.2,0.17448656125950213,0.13926729658412546,0.2097058259348788,True
smooth,strong,30,pet_peese,0.2,0.2324246608321228,0.1768839272913428,0.2879653943729028,True
smooth,strong,30,copas,0.2,0.306297075890645,0.23679440902163285,0.3757997427596571,True
smooth,strong,30,ubcma,0.2,0.16141875823755472,0.07066384177454547,0.2476237415564918,True
smooth,strong,30,adaptshrink,0.2,0.17660035538674482,0.08265388756594808,0.27054682320754153,True
smooth,strong,31,reml_hksj,0.2,0.35514072269008856,0.2884444811326675,0.4218369642475096,True
smooth,strong,31,trim_and_fill,0.2,0.232484350606257,0.19887644867808016,0.2660922525344338,True
smooth,strong,31,pet_peese,0.2,0.3487985811743698,0.28955318684768094,0.40804397550105864,True
smooth,strong,31,copas,0.2,0.3549495466112594,0.2941440915418988,0.41575500168061996,True
smooth,strong,31,ubcma,0.2,0.2939273341559653,0.21835188475498318,0.3673791320107307,True
smooth,strong,31,adaptshrink,0.2,0.2929898943831615,0.10243815825066818,0.4835416305156548,True
smooth,strong,32,reml_hksj,0.2,0.2797106902755975,0.2042756179809803,0.3551457625702147,True
smooth,strong,32,trim_and_fill,0.2,0.08620169714461931,0.0562832433475086,0.11612015094173002,True
smooth,strong,32,pet_peese,0.2,0.09221083960660571,-0.02210340778502798,0.2065250869982394,True
smooth,strong,32,copas,0.2,0.2784191756328498,0.21455766327437087,0.3422806879913287,True
smooth,strong,32,ubcma,0.2,0.22597420368458987,0.1368084325412312,0.3098627153409603,True
smooth,strong,32,adaptshrink,0.2,0.08837180625870988,-0.003276813632131892,0.18002042614955166,True
smooth,strong,33,reml_hksj,0.2,0.34434093086024725,0.2825219872978363,0.4061598744226582,True
smooth,strong,33,trim_and_fill,0.2,0.21501107224266597,0.17705468300392213,0.2529674614814098,True
smooth,strong,33,pet_peese,0.2,0.3400416717369241,0.2553372751394466,0.42474606833440165,True
smooth,strong,33,copas,0.2,0.3438680341318301,0.2912575587312997,0.39647850953236047,True
smooth,strong,33,ubcma,0.2,0.34239676784795403,0.2683061673885536,0.414131242637395,True
smooth,strong,33,adaptshrink,0.2,0.33540007299169716,0.17185175997746047,0.49894838600593383,True
smooth,strong,34,reml_hksj,0.2,0.3396621669530553,0.2656796019368184,0.4136447319692922,True
smooth,strong,34,trim_and_fill,0.2,0.2073629529030173,0.18056241730418046,0.23416348850185412,True
smooth,strong,34,pet_peese,0.2,0.3713901976302248,0.32346367746686144,0.41931671779358815,True
smooth,strong,34,copas,0.2,0.3400317652172024,0.27646688844934864,0.4035966419850562,True
smooth,strong,34,ubcma,0.2,0.27479820370090907,0.19306248794345857,0.3476976258629595,True
smooth,strong,34,adaptshrink,0.2,0.270069119354529,0.04693219156034126,0.49320604714871674,True
smooth,strong,35,reml_hksj,0.2,0.3616460797014109,0.295856829256829,0.4274353301459928,True
smooth,strong,35,trim_and_fill,0.2,0.19735386460814286,0.16634624615934576,0.22836148305693996,True
smooth,strong,35,pet_peese,0.2,0.3449096674796515,0.28566563550644375,0.4041536994528593,True
smooth,strong,35,copas,0.2,0.3613449137754152,0.3007875483234042,0.42190227922742624,True
smooth,strong,35,ubcma,0.2,0.2659662535347406,0.19983237337312643,0.3320495532908775,True
smooth,strong,35,adaptshrink,0.2,0.26367951126829553,0.06669666403121474,0.4606623585053763,True
smooth,strong,36,reml_hksj,0.2,0.29508272517967316,0.23880234952381238,0.3513631008355339,True
smooth,strong,36,trim_and_fill,0.2,0.15825590875469467,0.12927578463669182,0.18723603287269752,True
smooth,strong,36,pet_peese,0.2,0.26980168887481465,0.21635640646850116,0.3232469712811281,True
smooth,strong,36,copas,0.2,0.29457984567581436,0.24587937485895472,0.343280316492674,True
smooth,strong,36,ubcma,0.2,0.2385095549743094,0.147694689649198,0.31355501732823865,True
smooth,strong,36,adaptshrink,0.2,0.24325086591077225,0.0680316015503688,0.4184701302711757,True
smooth,strong,37,reml_hksj,0.2,0.3248891295242127,0.2628771209146861,0.38690113813373933,True
smooth,strong,37,trim_and_fill,0.2,0.23765136756268623,0.20525033821488486,0.2700523969104876,True
smooth,strong,37,pet_peese,0.2,0.28856814422654853,0.23934964535531777,0.3377866430977793,True
smooth,strong,37,copas,0.2,0.3243345527019937,0.2666197384266043,0.38204936697738306,True
smooth,strong,37,ubcma,0.2,0.30925523500429836,0.23747340010436713,0.3852457768364732,True
smooth,strong,37,adaptshrink,0.2,0.285910442319702,0.16544511826895208,0.40637576637045186,True
smooth,strong,38,reml_hksj,0.2,0.3505545644026953,0.27888571914000176,0.4222234096653888,True
smooth,strong,38,trim_and_fill,0.2,0.2004414096810417,0.17093942265614667,0.22994339670593675,True
smooth,strong,38,pet_peese,0.2,0.3130031066296392,0.2529520469199433,0.37305416633933514,True
smooth,strong,38,copas,0.2,0.34988166442211577,0.28846097414424265,0.4113023546999889,True
smooth,strong,38,ubcma,0.2,0.2936905990055088,0.14688876845805007,0.4108098512447351,True
smooth,strong,38,adaptshrink,0.2,0.2975913439562886,0.11627695306790739,0.4789057348446698,True
smooth,strong,39,reml_hksj,0.2,0.32087850269667095,0.222478730465824,0.4192782749275179,True
smooth,strong,39,trim_and_fill,0.2,0.16808531708100372,0.1378435938348977,0.19832704032710974,True
smooth,strong,39,pet_peese,0.2,0.2482327411903293,0.1974047882397776,0.299060694140881,True
smooth,strong,39,copas,0.2,0.3196212604150906,0.23866141913693906,0.4005811016932421,True
smooth,strong,39,ubcma,0.2,0.2048241191929898,0.06306137333640491,0.3640803971933475,True
smooth,strong,39,adaptshrink,0.2,0.199649365060513,0.029425734182241453,0.36987299593878453,True
smooth,strong,40,reml_hksj,0.2,0.35560879603434925,0.28013125521469007,0.43108633685400843,True
smooth,strong,40,trim_and_fill,0.2,0.1947459578389535,0.16286279575796309,0.2266291199199439,True
smooth,strong,40,pet_peese,0.2,0.3399453921590691,0.28113121118694245,0.39875957313119575,True
smooth,strong,40,copas,0.2,0.355165541113824,0.2876053902023538,0.42272569202529414,True
smooth,strong,40,ubcma,0.2,0.19218487350868219,0.08418541082327222,0.3214941202844002,True
smooth,strong,40,adaptshrink,0.2,0.19618791484449952,0.10252102541574588,0.28985480427325316,True
smooth,strong,41,reml_hksj,0.2,0.27005631354930787,0.19335109377976892,0.34676153331884685,True
smooth,strong,41,trim_and_fill,0.2,0.11035127967764476,0.07966147166549553,0.14104108768979398,True
smooth,strong,41,pet_peese,0.2,0.21251823843215384,0.15713779345882026,0.26789868340548745,True
smooth,strong,41,copas,0.2,0.269498907845782,0.19985562327531625,0.33914219241624777,True
smooth,strong,41,ubcma,0.2,0.26898660224710635,0.1727103344198032,0.3516664205155064,True
smooth,strong,41,adaptshrink,0.2,0.2132644275634618,0.04152755388579016,0.38500130124113346,True
smooth,strong,42,reml_hksj,0.2,0.27486394234318096,0.1688684222634797,0.3808594624228822,True
smooth,strong,42,trim_and_fill,0.2,0.1597885197557435,0.12421001688161872,0.19536702262986833,True
smooth,strong,42,pet_peese,0.2,0.30319886910284455,0.2378992771674342,0.3684984610382549,True
smooth,strong,42,copas,0.2,0.2753161854740693,0.18526921086455111,0.36536316008358743,True
smooth,strong,42,ubcma,0.2,0.16709938368399424,0.018159601081208863,0.30595708869520644,False
smooth,strong,42,adaptshrink,0.2,0.22671966634088953,-0.7116776217590512,1.1651169544408304,True
smooth,strong,43,reml_hksj,0.2,0.2912931092136146,0.16845800558858187,0.41412821283864737,True
smooth,strong,43,trim_and_fill,0.2,0.16270952371762207,0.12694118721130604,0.1984778602239381,True
smooth,strong,43,pet_peese,0.2,0.24687341161682852,0.18398742637998,0.30975939685367704,True
smooth,strong,43,copas,0.2,0.2907519390163539,0.19351826847446435,0.3879856095582434,True
smooth,strong,43,ubcma,0.2,0.1988760280277641,0.050327978708198925,0.3617936414035081,True
smooth,strong,43,adaptshrink,0.2,0.1917220565707228,0.015826118287114943,0.36761799485433067,True
smooth,strong,44,reml_hksj,0.2,0.3380714284149878,0.27909736994968354,0.397045486880292,True
smooth,strong,44,trim_and_fill,0.2,0.18824213716521082,0.15477154853062514,0.2217127257997965,True
smooth,strong,44,pet_peese,0.2,0.291940947151532,0.22889825149140836,0.3549836428116557,True
smooth,strong,44,copas,0.2,0.33673397696310114,0.2834571884366901,0.3900107654895122,True
smooth,strong,44,ubcma,0.2,0.2941528859626356,0.20830613643059506,0.3878770108960007,True
smooth,strong,44,adaptshrink,0.2,0.2865007736505549,0.13610840721448206,0.4368931400866277,True
smooth,strong,45,reml_hksj,0.2,0.3577330913630264,0.29276841475010196,0.4226977679759508,True
smooth,strong,45,trim_and_fill,0.2,0.2185771750036409,0.18120889327525164,0.2559454567320302,True
smooth,strong,45,pet_peese,0.2,0.2947616183083782,0.2219533337959938,0.36756990282076263,True
smooth,strong,45,copas,0.2,0.3563898135960417,0.29682486389181006,0.41595476330027337,True
smooth,strong,45,ubcma,0.2,0.32061045186331477,0.2292061253230901,0.4117766687935356,True
smooth,strong,45,adaptshrink,0.2,0.29214520939129984,0.12024799840472616,0.4640424203778735,True
smooth,strong,46,reml_hksj,0.2,0.27017284406916137,0.2172112590528087,0.32313442908551404,True
smooth,strong,46,trim_and_fill,0.2,0.10719199823235723,0.08179635180269458,0.1325876446620199,True
smooth,strong,46,pet_peese,0.2,0.22487399936187924,0.1807502876177342,0.2689977111060243,True
smooth,strong,46,copas,0.2,0.2695858961537939,0.22046789077554418,0.31870390153204364,True
smooth,strong,46,ubcma,0.2,0.23883319211224904,0.15778414313456213,0.3090590501632803,True
smooth,strong,46,adaptshrink,0.2,0.22483340383797903,0.10486718820562163,0.34479961947033644,True
smooth,strong,47,reml_hksj,0.2,0.3100580273118692,0.22307897064315152,0.3970370839805869,True
smooth,strong,47,trim_and_fill,0.2,0.1305714387811569,0.0997606140372733,0.16138226352504048,True
smooth,strong,47,pet_peese,0.2,0.21242186711520739,0.15697309942608137,0.2678706348043334,True
smooth,strong,47,copas,0.2,0.30839591713263853,0.23239091210113622,0.38440092216414085,True
smooth,strong,47,ubcma,0.2,0.18551679330639523,0.08981930387669067,0.28131278761456574,True
smooth,strong,47,adaptshrink,0.2,0.18611662160592596,0.023695644609684957,0.34853759860216693,True
smooth,strong,48,reml_hksj,0.2,0.3381830007337064,0.2318969285786888,0.44446907288872395,True
smooth,strong,48,trim_and_fill,0.2,0.19034750049344656,0.14794895884102222,0.2327460421458709,True
smooth,strong,48,pet_peese,0.2,0.2822752247627042,0.21088180991937153,0.3536686396060369,True
smooth,strong,48,copas,0.2,0.33699705874954655,0.24440975600227877,0.42958436149681434,True
smooth,strong,48,ubcma,0.2,0.1354393430530743,-0.012888398837193438,0.2701159100873677,True
smooth,strong,48,adaptshrink,0.2,0.19150303437141503,0.061015751678965724,0.32199031706386433,True
smooth,strong,49,reml_hksj,0.2,0.3837237000286857,0.3008448332330903,0.46660256682428114,True
smooth,strong,49,trim_and_fill,0.2,0.24402615381428458,0.2033190738585177,0.28473323377005144,True
smooth,strong,49,pet_peese,0.2,0.4249414839983709,0.3493683483698946,0.5005146196268472,True
smooth,strong,49,copas,0.2,0.385792989481477,0.3127928329287778,0.4587931460341762,True
smooth,strong,49,ubcma,0.2,0.2384824351715073,0.10537512402317933,0.3696700941374231,True
smooth,strong,49,adaptshrink,0.2,0.24561463925412996,0.12714475406677744,0.3640845244414825,True
smooth,strong,50,reml_hksj,0.2,0.31948597222121106,0.22358308112818914,0.41538886331423297,True
smooth,strong,50,trim_and_fill,0.2,0.1494311182760339,0.11062271825626847,0.18823951829579932,True
smooth,strong,50,pet_peese,0.2,0.23595206558441836,0.1620990221677465,0.30980510900109026,True
smooth,strong,50,copas,0.2,0.31656368307327015,0.23713253847697044,0.39599482766956984,True
smooth,strong,50,ubcma,0.2,0.2187494291845332,0.086857588230146,0.31743457344299786,True
smooth,strong,50,adaptshrink,0.2,0.2156376443822425,0.03745799229052324,0.3938172964739618,True
smooth,strong,51,reml_hksj,0.2,0.3150473601194189,0.2576274166741912,0.37246730356464663,True
smooth,strong,51,trim_and_fill,0.2,0.18840821101288124,0.15432529094818268,0.2224911310775798,True
smooth,strong,51,pet_peese,0.2,0.3243752544195751,0.26164238775925897,0.38710812107989123,True
smooth,strong,51,copas,0.2,0.31484803530545385,0.2624237368567098,0.36727233375419793,True
smooth,strong,51,ubcma,0.2,0.2735688054442085,0.18714669290112246,0.3487343745105005,True
smooth,strong,51,adaptshrink,0.2,0.2763917946006596,0.06799312631595247,0.48479046288536676,True
smooth,strong,52,reml_hksj,0.2,0.3246067222366702,0.26701410501779765,0.38219933945554274,True
smooth,strong,52,trim_and_fill,0.2,0.22436809208240321,0.1916210991933211,0.25711508497148533,True
smooth,strong,52,pet_peese,0.2,0.2738657182199901,0.2056697309103019,0.3420617055296783,True
smooth,strong,52,copas,0.2,0.3227265132320565,0.2792702559555901,0.3661827705085229,True
smooth,strong,52,ubcma,0.2,0.33539538366794636,0.2279518399432608,0.45789938993181867,True
smooth,strong,52,adaptshrink,0.2,0.26663484671368676,0.0977475714314536,0.4355221219959199,True
smooth,strong,53,reml_hksj,0.2,0.3330306551533171,0.2908330539974061,0.37522825630922807,True
smooth,strong,53,trim_and_fill,0.2,0.2505409691995747,0.22262890712314853,0.27845303127600085,True
smooth,strong,53,pet_peese,0.2,0.29708997277176996,0.24768745910571666,0.34649248643782327,True
smooth,strong,53,copas,0.2,0.33247306249085096,0.29419212065624595,0.37075400432545597,True
smooth,strong,53,ubcma,0.2,0.31505565702652755,0.25179878669874,0.3783125273543151,True
smooth,strong,53,adaptshrink,0.2,0.2947165906580225,0.18027204637841582,0.40916113493762923,True
smooth,strong,54,reml_hksj,0.2,0.3402543838054581,0.26310973751586164,0.4173990300950545,True
smooth,strong,54,trim_and_fill,0.2,0.19095529012892612,0.15239053539431457,0.22952004486353766,True
smooth,strong,54,pet_peese,0.2,0.3052275480116932,0.2285754218192712,0.3818796742041152,True
smooth,strong,54,copas,0.2,0.3397042092651003,0.2697627662934383,0.4096456522367623,True
smooth,strong,54,ubcma,0.2,0.228875492752356,0.15829809375374587,0.3102402319365982,True
smooth,strong,54,adaptshrink,0.2,0.2211667987877791,0.051422449713954294,0.39091114786160386,True
smooth,strong,55,reml_hksj,0.2,0.3224943252412924,0.25228117066790273,0.39270747981468207,True
smooth,strong,55,trim_and_fill,0.2,0.18860370947333074,0.15886650874091182,0.21834091020574967,True
smooth,strong,55,pet_peese,0.2,0.2767196936363355,0.22829698586546313,0.32514240140720785,True
smooth,strong,55,copas,0.2,0.32156396589669,0.25774003652474353,0.3853878952686365,True
smooth,strong,55,ubcma,0.2,0.3524571620375337,0.20575631104662964,0.4485520874706155,True
smooth,strong,55,adaptshrink,0.2,0.27505469721671616,0.11869596831090815,0.4314134261225242,True
smooth,strong,56,reml_hksj,0.2,0.34260394792084303,0.2867248952212361,0.39848300062044995,True
smooth,strong,56,trim_and_fill,0.2,0.23579053204776887,0.19970575288490414,0.27187531121063363,True
smooth,strong,56,pet_peese,0.2,0.27766242482062653,0.2061397072127638,0.34918514242848925,True
smooth,strong,56,copas,0.2,0.3416254910490357,0.28980033880007355,0.3934506432979979,True
smooth,strong,56,ubcma,0.2,0.30617138302648,0.167017476217767,0.43895747060635715,True
smooth,strong,56,adaptshrink,0.2,0.2670378065486014,0.12556915574610059,0.40850645735110214,True
smooth,strong,57,reml_hksj,0.2,0.3494154271188844,0.28397298173129726,0.41485787250647155,True
smooth,strong,57,trim_and_fill,0.2,0.2307413727455549,0.19655304598227913,0.26492969950883066,True
smooth,strong,57,pet_peese,0.2,0.12215114239261819,-0.004245336617855547,0.24854762140309195,True
smooth,strong,57,copas,0.2,0.3464577137129978,0.29138171893268827,0.4015337084933073,True
smooth,strong,57,ubcma,0.2,0.3661281692132313,0.2719529638621143,0.4623392977884157,True
smooth,strong,57,adaptshrink,0.2,0.2306637250114025,0.11166198437684659,0.3496654656459584,True
smooth,strong,58,reml_hksj,0.2,0.3412334110714902,0.24679430153724413,0.43567252060573625,True
smooth,strong,58,trim_and_fill,0.2,0.07299664595263738,0.042446922378005306,0.10354636952726946,True
smooth,strong,58,pet_peese,0.2,0.2847761347391653,0.222732990991124,0.3468192784872066,True
smooth,strong,58,copas,0.2,0.3410165487297488,0.25593925367121084,0.42609384378828674,True
smooth,strong,58,ubcma,0.2,0.17832083724297523,0.08186898061412412,0.2691448699893406,True
smooth,strong,58,adaptshrink,0.2,0.1772333925765193,-0.10599004798681164,0.4604568331398502,True
smooth,strong,59,reml_hksj,0.2,0.3143550419521108,0.2467173021011292,0.3819927818030924,True
smooth,strong,59,trim_and_fill,0.2,0.2396172482214584,0.20439559930154516,0.27483889714137166,True
smooth,strong,59,pet_peese,0.2,0.27474177484561696,0.21784698961317142,0.3316365600780625,True
smooth,strong,59,copas,0.2,0.3114698398555212,0.25974212809364255,0.3631975516173998,True
smooth,strong,59,ubcma,0.2,0.16910120505127232,0.07655633945102289,0.253325093693927,True
smooth,strong,59,adaptshrink,0.2,0.24145853190240724,0.1371415480109069,0.3457755157939076,True
smooth,strong,60,reml_hksj,0.2,0.3363693694850745,0.2592241890538521,0.41351454991629694,True
smooth,strong,60,trim_and_fill,0.2,0.09730674330051732,0.06958501683869828,0.12502846976233636,True
smooth,strong,60,pet_peese,0.2,0.2232143579159155,0.17120338329065077,0.27522533254118026,True
smooth,strong,60,copas,0.2,0.33561815200536715,0.2638684410532584,0.4073678629574759,True
smooth,strong,60,ubcma,0.2,0.32045799520991364,0.22134705148385453,0.4181524359439075,True
smooth,strong,60,adaptshrink,0.2,0.22339051963656828,0.04486799097435795,0.4019130482987786,True
smooth,strong,61,reml_hksj,0.2,0.3874372655639405,0.3228629979240832,0.4520115332037978,True
smooth,strong,61,trim_and_fill,0.2,0.2227751020981939,0.18428410580680396,0.26126609838958387,True
smooth,strong,61,pet_peese,0.2,0.31113918989196565,0.2314090836505393,0.390869296133392,True
smooth,strong,61,copas,0.2,0.38650995311500325,0.3266693862035794,0.4463505200264271,True
smooth,strong,61,ubcma,0.2,0.3124369727676594,0.23433187866235783,0.419485982461884,True
smooth,strong,61,adaptshrink,0.2,0.30245010841873843,0.13560245594539516,0.4692977608920817,True
smooth,strong,62,reml_hksj,0.2,0.2839474811775853,0.20610132278107574,0.3617936395740948,True
smooth,strong,62,trim_and_fill,0.2,0.10265909219150912,0.0679109436965832,0.13740724068643506,True
smooth,strong,62,pet_peese,0.2,0.22191990721039417,0.1600939994686666,0.28374581495212176,True
smooth,strong,62,copas,0.2,0.28278497058139446,0.21226786886359833,0.3533020722991906,True
smooth,strong,62,ubcma,0.2,0.15335634677826768,0.08084252951290419,0.2251964003524315,True
smooth,strong,62,adaptshrink,0.2,0.14895945837209712,-0.03616067935744083,0.33407959610163507,True
smooth,strong,63,reml_hksj,0.2,0.3433271865799177,0.26749987429829153,0.4191544988615438,True
smooth,strong,63,trim_and_fill,0.2,0.20550593343395182,0.1748396571228053,0.23617220974509834,True
smooth,strong,63,pet_peese,0.2,0.3030346678337268,0.24676024438012684,0.35930909128732674,True
smooth,strong,63,copas,0.2,0.34299067315814097,0.2728772292038957,0.41310411711238626,True
smooth,strong,63,ubcma,0.2,0.2436685014825562,0.14693954640114507,0.33022565858344843,True
smooth,strong,63,adaptshrink,0.2,0.23678205036076327,0.0636252424341234,0.4099388582874032,True
smooth,strong,64,reml_hksj,0.2,0.3549425878335822,0.28571857393804856,0.4241666017291158,True
smooth,strong,64,trim_and_fill,0.2,0.1992612536757688,0.1715143283034924,0.2270081790480452,True
smooth,strong,64,pet_peese,0.2,0.350533814748265,0.2973836360756449,0.4036839934208851,True
smooth,strong,64,copas,0.2,0.354750366569004,0.29060161045111,0.418899122686898,True
smooth,strong,64,ubcma,0.2,0.25247270608837974,0.2004473861813554,0.3024188212032901,True
smooth,strong,64,adaptshrink,0.2,0.24823075888803478,0.08863981231839563,0.40782170545767393,True
smooth,strong,65,reml_hksj,0.2,0.2940942050860497,0.24729499851372355,0.3408934116583759,True
smooth,strong,65,trim_and_fill,0.2,0.18206672014705905,0.15146046505877142,0.21267297523534667,True
smooth,strong,65,pet_peese,0.2,0.27099633343795,0.21644579661662736,0.32554687025927265,True
smooth,strong,65,copas,0.2,0.2933637709569161,0.25043738920791714,0.3362901527059151,True
smooth,strong,65,ubcma,0.2,0.26723733797257354,0.2093800189279465,0.3238965762086836,True
smooth,strong,65,adaptshrink,0.2,0.2646745672282834,0.1474580214854363,0.38189111297113054,True
smooth,strong,66,reml_hksj,0.2,0.30775865546548203,0.23613194389804143,0.37938536703292264,True
smooth,strong,66,trim_and_fill,0.2,0.16642296480301697,0.1295933483364163,0.20325258126961762,True
smooth,strong,66,pet_peese,0.2,0.24319914696143882,0.17140399282143826,0.3149943011014394,True
smooth,strong,66,copas,0.2,0.3066111037740554,0.24125378030199895,0.3719684272461119,True
smooth,strong,66,ubcma,0.2,0.25312924313284985,0.1471379912232625,0.35426146499079647,True
smooth,strong,66,adaptshrink,0.2,0.23612367700996129,0.07362149326504575,0.3986258607548768,True
smooth,strong,67,reml_hksj,0.2,0.3396707990235283,0.23774255859653676,0.44159903945051987,True
smooth,strong,67,trim_and_fill,0.2,0.10381054144593943,0.07453720145348304,0.13308388143839583,True
smooth,strong,67,pet_peese,0.2,0.311974998415481,0.26044609739824826,0.3635038994327137,True
smooth,strong,67,copas,0.2,0.3391408124260317,0.24796850822922745,0.430313116622836,True
smooth,strong,67,ubcma,0.2,0.1365766324438022,-0.015466240258292867,0.32681151450508805,True
smooth,strong,67,adaptshrink,0.2,0.11549531923739738,-0.06664637899362615,0.2976370174684209,True
smooth,strong,68,reml_hksj,0.2,0.275205749388149,0.17777980783584252,0.3726316909404555,True
smooth,strong,68,trim_and_fill,0.2,0.10268122931546853,0.06338427064861098,0.1419781879823261,True
smooth,strong,68,pet_peese,0.2,0.06342723981423745,-0.07566475847785203,0.20251923810632694,True
smooth,strong,68,copas,0.2,0.27413942250312723,0.18793569087926842,0.36034315412698603,True
smooth,strong,68,ubcma,0.2,0.18494101956281478,0.10205676641124348,0.26982323587886836,True
smooth,strong,68,adaptshrink,0.2,0.10398701725428769,-0.011061554019458034,0.2190355885280334,True
smooth,strong,69,reml_hksj,0.2,0.28384316098721474,0.1959702844437708,0.3717160375306587,True
smooth,strong,69,trim_and_fill,0.2,0.040849777616671204,0.01106141581039162,0.07063813942295079,True
smooth,strong,69,pet_peese,0.2,0.24054552177218977,0.17385599871853247,0.30723504482584707,True
smooth,strong,69,copas,0.2,0.2836096806629648,0.20259329663660974,0.3646260646893199,True
smooth,strong,69,ubcma,0.2,0.1988835816367592,0.06657959891345566,0.31765391202617677,True
smooth,strong,69,adaptshrink,0.2,0.21180627608673125,-0.03641854589115065,0.4600310980646132,True
smooth,strong,70,reml_hksj,0.2,0.31676429645784865,0.16695863392333443,0.46656995899236287,True
smooth,strong,70,trim_and_fill,0.2,0.09094142119436938,0.05472017443014144,0.12716266795859732,True
smooth,strong,70,pet_peese,0.2,0.37581147172366136,0.30818315446528904,0.4434397889820337,True
smooth,strong,70,copas,0.2,0.31745773598710664,0.18823478688795475,0.4466806850862585,True
smooth,strong,70,ubcma,0.2,0.2815477379967398,0.15736420877890328,0.39558150661686464,True
smooth,strong,70,adaptshrink,0.2,0.2920124418958601,-0.052071015400174114,0.6360958991918944,True
smooth,strong,71,reml_hksj,0.2,0.28915487646282995,0.22013039784054136,0.35817935508511856,True
smooth,strong,71,trim_and_fill,0.2,0.18904432191976225,0.15002798861357225,0.22806065522595226,True
smooth,strong,71,pet_peese,0.2,0.284889297838368,0.21394718674378002,0.35583140893295606,True
smooth,strong,71,copas,0.2,0.2888760426416027,0.2274927807128608,0.3502593045703446,True
smooth,strong,71,ubcma,0.2,0.2600119513007495,0.17309064077951564,0.3382739763354984,True
smooth,strong,71,adaptshrink,0.2,0.25988028528834456,0.08962735532181065,0.43013321525487846,True
smooth,strong,72,reml_hksj,0.2,0.33027500924781367,0.25932274810253125,0.4012272703930961,True
smooth,strong,72,trim_and_fill,0.2,0.20316626119302564,0.17393292690201903,0.23239959548403225,True
smooth,strong,72,pet_peese,0.2,0.2998054997224026,0.2519868919238936,0.3476241075209116,True
smooth,strong,72,copas,0.2,0.32995150050154615,0.2676510128290922,0.3922519881740001,True
smooth,strong,72,ubcma,0.2,0.2576261753533963,0.14977292133145256,0.3569330716484671,True
smooth,strong,72,adaptshrink,0.2,0.2582517820304999,0.06859603471884859,0.4479075293421513,True
smooth,strong,73,reml_hksj,0.2,0.3437551777600402,0.2681825877260603,0.41932776779402015,True
smooth,strong,73,trim_and_fill,0.2,0.19085146100221181,0.14521366694431287,0.23648925506011076,True
smooth,strong,73,pet_peese,0.2,0.29908917835045196,0.20497266100346873,0.3932056956974352,True
smooth,strong,73,copas,0.2,0.3430128352524491,0.2796679550333955,0.4063577154715027,True
smooth,strong,73,ubcma,0.2,0.24437480376425136,0.11339426041219473,0.3486231252042538,True
smooth,strong,73,adaptshrink,0.2,0.23728752430887762,0.021999717792309914,0.4525753308254453,True
smooth,strong,74,reml_hksj,0.2,0.37666990439078407,0.3093417659816893,0.44399804279987887,True
smooth,strong,74,trim_and_fill,0.2,0.23986679807007255,0.20471295883128174,0.2750206373088634,True
smooth,strong,74,pet_peese,0.2,0.3947076781689048,0.32466272322796474,0.4647526331098448,True
smooth,strong,74,copas,0.2,0.3771082188528155,0.3164672117955883,0.43774922591004267,True
smooth,strong,74,ubcma,0.2,0.32604152052424823,0.24400163083210574,0.4086642868749494,True
smooth,strong,74,adaptshrink,0.2,0.3264318006305513,0.09715475518718131,0.5557088460739213,True
smooth,strong,75,reml_hksj,0.2,0.3603054375854034,0.2838949779868404,0.4367158971839664,True
smooth,strong,75,trim_and_fill,0.2,0.17559670770160737,0.14009263587896292,0.21110077952425182,True
smooth,strong,75,pet_peese,0.2,0.2626701405771393,0.19952793643201377,0.3258123447222648,True
smooth,strong,75,copas,0.2,0.3591475372202566,0.2885837496467668,0.4297113247937464,True
smooth,strong,75,ubcma,0.2,0.2505830662593691,0.1569173734791435,0.3428974054918186,True
smooth,strong,75,adaptshrink,0.2,0.24894157568900122,0.09422363424674984,0.4036595171312526,True
smooth,strong,76,reml_hksj,0.2,0.30155815432976474,0.22832624521612982,0.37479006344339966,True
smooth,strong,76,trim_and_fill,0.2,0.22847476098900457,0.18128605666126363,0.2756634653167455,True
smooth,strong,76,pet_peese,0.2,0.2614982945625021,0.19132874394713764,0.3316678451778666,True
smooth,strong,76,copas,0.2,0.2956611209594548,0.23730701984182784,0.35401522207708175,True
smooth,strong,76,ubcma,0.2,0.26018040892223376,0.1787465760380188,0.34787078375873376,True
smooth,strong,76,adaptshrink,0.2,0.2504346559746088,0.14165753905972592,0.3592117728894917,True
smooth,strong,77,reml_hksj,0.2,0.3417220972157919,0.28655500285839686,0.3968891915731869,True
smooth,strong,77,trim_and_fill,0.2,0.22628265993830735,0.19664561406977066,0.25591970580684403,True
smooth,strong,77,pet_peese,0.2,0.33434454645580275,0.28482839518182873,0.38386069772977677,True
smooth,strong,77,copas,0.2,0.341847315041295,0.2913147447435933,0.3923798853389967,True
smooth,strong,77,ubcma,0.2,0.35542959459885604,0.26402610870555654,0.44254630939762873,True
smooth,strong,77,adaptshrink,0.2,0.3340004716316115,0.19678655734152564,0.4712143859216974,True
smooth,strong,78,reml_hksj,0.2,0.3198927658792012,0.25853036593290163,0.38125516582550073,True
smooth,strong,78,trim_and_fill,0.2,0.181733151071437,0.1517543554360947,0.2117119467067793,True
smooth,strong,78,pet_peese,0.2,0.2738736221853347,0.20663370732274097,0.34111353704792835,True
smooth,strong,78,copas,0.2,0.3193553203452393,0.265526909684804,0.37318373100567453,True
smooth,strong,78,ubcma,0.2,0.301676817408922,0.20022030312395456,0.3936171369001846,True
smooth,strong,78,adaptshrink,0.2,0.2723903458924421,0.09930276420944978,0.4454779275754344,True
smooth,strong,79,reml_hksj,0.2,0.33732052600147644,0.27549131103511404,0.39914974096783884,True
smooth,strong,79,trim_and_fill,0.2,0.2039268614870806,0.17381461965052059,0.23403910332364064,True
smooth,strong,79,pet_peese,0.2,0.314797354353056,0.26379249207397204,0.36580221663213996,True
smooth,strong,79,copas,0.2,0.3368944638763896,0.28047796187619295,0.39331096587658626,True
smooth,strong,79,ubcma,0.2,0.20877308073043288,0.12493466445443718,0.2979408371817126,True
smooth,strong,79,adaptshrink,0.2,0.20657614923415704,0.1172989020765146,0.2958533963917995,True
smooth,strong,80,reml_hksj,0.2,0.3122108562517133,0.2461113132207023,0.3783103992827243,True
smooth,strong,80,trim_and_fill,0.2,0.16393928234306865,0.1366613811139274,0.1912171835722099,True
smooth,strong,80,pet_peese,0.2,0.24772588611331678,0.20414864051775095,0.2913031317088826,True
smooth,strong,80,copas,0.2,0.31147100279975104,0.24971824050182817,0.3732237650976739,True
smooth,strong,80,ubcma,0.2,0.2151140174574935,0.10201146356494395,0.3239157795384068,True
smooth,strong,80,adaptshrink,0.2,0.21720525493562004,0.04818970856107582,0.38622080131016423,True
smooth,strong,81,reml_hksj,0.2,0.3353119351575721,0.2018049718001115,0.4688188985150328,True
smooth,strong,81,trim_and_fill,0.2,0.09931048837740557,0.060539023990849684,0.13808195276396146,True
smooth,strong,81,pet_peese,0.2,0.2722632087672276,0.18892390844997792,0.35560250908447727,True
smooth,strong,81,copas,0.2,0.3350498658870374,0.21610693278969684,0.45399279898437794,True
smooth,strong,81,ubcma,0.2,0.1501686425485133,-0.027059685755628646,0.3065950772460142,True
smooth,strong,81,adaptshrink,0.2,0.1318532208245642,-0.12722297682791267,0.39092941847704105,True
smooth,strong,82,reml_hksj,0.2,0.33089659077636946,0.2732248853450261,0.3885682962077128,True
smooth,strong,82,trim_and_fill,0.2,0.19468859631484606,0.16253089254061776,0.22684630008907436,True
smooth,strong,82,pet_peese,0.2,0.30709241773494456,0.2465401905725706,0.3676446448973185,True
smooth,strong,82,copas,0.2,0.330466505413526,0.27741119614106696,0.38352181468598506,True
smooth,strong,82,ubcma,0.2,0.33773092825624734,0.25040802004719087,0.42350166708861814,True
smooth,strong,82,adaptshrink,0.2,0.3083808901173761,0.14300693566031497,0.4737548445744373,True
smooth,strong,83,reml_hksj,0.2,0.3184163537842346,0.2732866122096563,0.36354609535881294,True
smooth,strong,83,trim_and_fill,0.2,0.21109864791073224,0.18687590859576034,0.23532138722570414,True
smooth,strong,83,pet_peese,0.2,0.30632774046781114,0.2617395716719663,0.35091590926365596,True
smooth,strong,83,copas,0.2,0.31804113417808144,0.2773484879330929,0.35873378042306997,True
smooth,strong,83,ubcma,0.2,0.24993451670544617,0.18979419750811055,0.31031491701734204,True
smooth,strong,83,adaptshrink,0.2,0.24572248168847471,0.09623418322717653,0.3952107801497729,True
smooth,strong,84,reml_hksj,0.2,0.30156936370241577,0.21560424631712025,0.38753448108771127,True
smooth,strong,84,trim_and_fill,0.2,0.17060001236179304,0.13031907020433237,0.2108809545192537,True
smooth,strong,84,pet_peese,0.2,0.3046887822982041,0.23152865502675835,0.3778489095696499,True
smooth,strong,84,copas,0.2,0.3023954083287317,0.24007974368808516,0.3647110729693782,True
smooth,strong,84,ubcma,0.2,0.2988891626366592,0.17037195602654764,0.4253224824408304,True
smooth,strong,84,adaptshrink,0.2,0.295340948749531,0.10689090912294097,0.483790988376121,True
smooth,strong,85,reml_hksj,0.2,0.3171294328044618,0.2575944805864753,0.3766643850224483,True
smooth,strong,85,trim_and_fill,0.2,0.18842402120356644,0.15629042452523803,0.22055761788189485,True
smooth,strong,85,pet_peese,0.2,0.2687749181595478,0.21317073569816258,0.324379100620933,True
smooth,strong,85,copas,0.2,0.3160766505370746,0.262361200810849,0.3697921002633002,True
smooth,strong,85,ubcma,0.2,0.2809989141685022,0.020247505939807744,0.5307229500668202,True
smooth,strong,85,adaptshrink,0.2,0.26102558686596894,0.11013128880063261,0.41191988493130527,True
smooth,strong,86,reml_hksj,0.2,0.33208410040269115,0.23841001361395464,0.42575818719142766,True
smooth,strong,86,trim_and_fill,0.2,0.12585346570091224,0.08804234000959094,0.16366459139223355,True
smooth,strong,86,pet_peese,0.2,0.2709975385533238,0.20574328592425015,0.33625179118239745,True
smooth,strong,86,copas,0.2,0.33093636705123414,0.24717362142284915,0.4146991126796191,True
smooth,strong,86,ubcma,0.2,0.17131324930660366,0.08375291098452142,0.2815053202023293,True
smooth,strong,86,adaptshrink,0.2,0.16055165171202299,-0.05117128141777064,0.37227458484181664,True
smooth,strong,87,reml_hksj,0.2,0.40513835230684375,0.32928881111962405,0.48098789349406346,True
smooth,strong,87,trim_and_fill,0.2,0.27227026132002363,0.2380734111700233,0.3064671114700239,True
smooth,strong,87,pet_peese,0.2,0.44743453545330986,0.38160204567046635,0.5132670252361533,True
smooth,strong,87,copas,0.2,0.4054423044760426,0.33591404476907605,0.4749705641830092,True
smooth,strong,87,ubcma,0.2,0.3403557127468749,0.22039391528401048,0.4532593120597753,True
smooth,strong,87,adaptshrink,0.2,0.3310137670937524,0.054430603070794614,0.6075969311167102,True
smooth,strong,88,reml_hksj,0.2,0.24400734930273227,0.18829369526550532,0.2997210033399592,True
smooth,strong,88,trim_and_fill,0.2,0.12650665554537688,0.09725930162256527,0.1557540094681885,True
smooth,strong,88,pet_peese,0.2,0.2201286662989002,0.17187208846008484,0.2683852441377156,True
smooth,strong,88,copas,0.2,0.24317905103595744,0.19380042522427277,0.2925576768476421,True
smooth,strong,88,ubcma,0.2,0.2537098120492243,0.17865565159778118,0.32904281148686476,True
smooth,strong,88,adaptshrink,0.2,0.22129453816105482,0.08110355901742142,0.36148551730468825,True
smooth,strong,89,reml_hksj,0.2,0.2654193419641742,0.1946893327227996,0.33614935120554884,True
smooth,strong,89,trim_and_fill,0.2,0.11725303410427562,0.08998510563982798,0.14452096256872327,True
smooth,strong,89,pet_peese,0.2,0.2762575600531348,0.22573832846400987,0.3267767916422597,True
smooth,strong,89,copas,0.2,0.26558682353872726,0.20358222760377503,0.3275914194736795,True
smooth,strong,89,ubcma,0.2,0.22349940637701404,0.12366677702103242,0.31083657315277213,True
smooth,strong,89,adaptshrink,0.2,0.23091410171522467,-0.0001985380574151263,0.4620267414878645,True
smooth,strong,90,reml_hksj,0.2,0.29311147875035276,0.18798017341411782,0.3982427840865877,True
smooth,strong,90,trim_and_fill,0.2,0.12588473749365262,0.09205240955219929,0.15971706543510594,True
smooth,strong,90,pet_peese,0.2,0.293882374381765,0.22308128622607717,0.3646834625374529,True
smooth,strong,90,copas,0.2,0.2933421300487739,0.20142374941896712,0.3852605106785807,True
smooth,strong,90,ubcma,0.2,0.16517578185116935,-0.0015806875089616399,0.30885937454147483,True
smooth,strong,90,adaptshrink,0.2,0.14654185851724252,-0.06501136715477923,0.3580950841892643,True
smooth,strong,91,reml_hksj,0.2,0.36192323621972966,0.28707465333760185,0.4367718191018575,True
smooth,strong,91,trim_and_fill,0.2,0.17246229120880271,0.1436257973574061,0.20129878506019933,True
smooth,strong,91,pet_peese,0.2,0.31435997548915323,0.2630481980543506,0.3656717529239559,True
smooth,strong,91,copas,0.2,0.3612829971944895,0.2939740349315485,0.42859195945743045,True
smooth,strong,91,ubcma,0.2,0.2124922295017154,0.09157297386820369,0.32466231366980586,True
smooth,strong,91,adaptshrink,0.2,0.1986248058491883,-0.0029028273593955656,0.40015243905777215,True
smooth,strong,92,reml_hksj,0.2,0.3052945844178327,0.20606381179479338,0.404525357040872,True
smooth,strong,92,trim_and_fill,0.2,0.12150563725651739,0.08964069142370423,0.15337058308933055,True
smooth,strong,92,pet_peese,0.2,0.26745819204938104,0.21458229590919542,0.32033408818956666,True
smooth,strong,92,copas,0.2,0.30497082371994966,0.2145965365068876,0.3953451109330117,True
smooth,strong,92,ubcma,0.2,0.10703446928084508,-0.036984309732063486,0.24194991356306164,True
smooth,strong,92,adaptshrink,0.2,0.12247139662993485,0.026717897009612204,0.21822489625025748,True
smooth,strong,93,reml_hksj,0.2,0.28186202494242385,0.20531820537349815,0.35840584451134955,True
smooth,strong,93,trim_and_fill,0.2,0.1745344937985356,0.13572781202585307,0.21334117557121815,True
smooth,strong,93,pet_peese,0.2,0.28218143057661726,0.21180254890907882,0.35256031224415574,True
smooth,strong,93,copas,0.2,0.2818202978446089,0.21467386733103455,0.3489667283581832,True
smooth,strong,93,ubcma,0.2,0.327332556917627,0.19735924086789558,0.454916108480119,True
smooth,strong,93,adaptshrink,0.2,0.280330122113381,0.08218627097606529,0.4784739732506967,True
smooth,strong,94,reml_hksj,0.2,0.3371997180707824,0.25002807093831697,0.42437136520324786,True
smooth,strong,94,trim_and_fill,0.2,0.07198833948108753,0.041299114683812685,0.10267756427836237,True
smooth,strong,94,pet_peese,0.2,0.21760018877116027,0.16117706624595907,0.2740233112963615,True
smooth,strong,94,copas,0.2,0.33643177951119035,0.2552234783575976,0.4176400806647831,True
smooth,strong,94,ubcma,0.2,0.12736945627222684,0.05638744085575764,0.21203836276829674,True
smooth,strong,94,adaptshrink,0.2,0.1210109742564597,-0.08611742239841673,0.3281393709113361,True
smooth,strong,95,reml_hksj,0.2,0.28584531936333857,0.2011672834132131,0.37052335531346403,True
smooth,strong,95,trim_and_fill,0.2,0.08395815274547601,0.051503063599689466,0.11641324189126255,True
smooth,strong,95,pet_peese,0.2,0.2741744184405677,0.20362395577156844,0.344724881109567,True
smooth,strong,95,copas,0.2,0.285748043356782,0.20850089019570112,0.3629951965178629,True
smooth,strong,95,ubcma,0.2,0.18392000559224553,0.09468706656417515,0.3253776963041129,True
smooth,strong,95,adaptshrink,0.2,0.1835595553320056,-0.12052066920230489,0.4876397798663161,True
smooth,strong,96,reml_hksj,0.2,0.35188598547420097,0.2657598692119232,0.43801210173647875,True
smooth,strong,96,trim_and_fill,0.2,0.17647562287732685,0.1365902448104485,0.21636100094420518,True
smooth,strong,96,pet_peese,0.2,0.24634671532023472,0.16931081341200566,0.3233826172284638,True
smooth,strong,96,copas,0.2,0.3497174346491181,0.27328499734137823,0.42614987195685794,True
smooth,strong,96,ubcma,0.2,0.202644998874392,0.1258970705044326,0.28461344165856683,True
smooth,strong,96,adaptshrink,0.2,0.19647555741590217,0.06438569238835434,0.32856542244345,True
smooth,strong,97,reml_hksj,0.2,0.35697528367168846,0.2904567099456138,0.42349385739776313,True
smooth,strong,97,trim_and_fill,0.2,0.22970473687673007,0.19808160447129497,0.26132786928216517,True
smooth,strong,97,pet_peese,0.2,0.3213850575864667,0.2598674542038292,0.3829026609691042,True
smooth,strong,97,copas,0.2,0.3560171303607621,0.299983344255557,0.4120509164659672,True
smooth,strong,97,ubcma,0.2,0.2939055825446268,0.24641524071004578,0.34996363408483777,True
smooth,strong,97,adaptshrink,0.2,0.29441523433730876,0.16048451164907362,0.4283459570255439,True
smooth,strong,98,reml_hksj,0.2,0.27326203057292675,0.1906792084077375,0.355844852738116,True
smooth,strong,98,trim_and_fill,0.2,0.16975466054822072,0.12218937805027247,0.21731994304616897,True
smooth,strong,98,pet_peese,0.2,0.05197580502597208,-0.09155752300575318,0.19550913305769732,True
smooth,strong,98,copas,0.2,0.26342779159214147,0.19738294380628507,0.32947263937799787,True
smooth,strong,98,ubcma,0.2,0.2729485178740848,0.18089059667127066,0.37173772039459535,True
smooth,strong,98,adaptshrink,0.2,0.17074168464426903,0.012128595939370879,0.3293547733491672,True
smooth,strong,99,reml_hksj,0.2,0.387360136106763,0.30799868133835834,0.4667215908751677,True
smooth,strong,99,trim_and_fill,0.2,0.25514662649851033,0.21379163702914938,0.2965016159678713,True
smooth,strong,99,pet_peese,0.2,0.2902014481794193,0.22005106878626068,0.3603518275725779,True
smooth,strong,99,copas,0.2,0.38490295753443343,0.31602312706398245,0.4537827880048844,True
smooth,strong,99,ubcma,0.2,0.27176894075621194,0.20862666742031405,0.3289887341309509,True
smooth,strong,99,adaptshrink,0.2,0.267961079743486,0.17822181778691926,0.3577003417000527,True
smooth,strong,100,reml_hksj,0.2,0.28979724676881424,0.23716991664990103,0.3424245768877274,True
smooth,strong,100,trim_and_fill,0.2,0.18060538301599963,0.15337974518552183,0.20783102084647742,True
smooth,strong,100,pet_peese,0.2,0.2479933222359287,0.19896551211343028,0.29702113235842714,True
smooth,strong,100,copas,0.2,0.2886784877800007,0.24504737555157935,0.3323096000084221,True
smooth,strong,100,ubcma,0.2,0.2781010095634953,0.22406594702910382,0.3317773330935091,True
smooth,strong,100,adaptshrink,0.2,0.24960498917229768,0.11734556357871043,0.38186441476588495,True
smooth,strong,101,reml_hksj,0.2,0.2899590964217889,0.20991220565961766,0.37000598718396016,True
smooth,strong,101,trim_and_fill,0.2,0.18852779878648035,0.15371485189884737,0.22334074567411333,True
smooth,strong,101,pet_peese,0.2,0.2442454693879312,0.18980228647875985,0.29868865229710256,True
smooth,strong,101,copas,0.2,0.28895926003750344,0.22408113653568973,0.35383738353931715,True
smooth,strong,101,ubcma,0.2,0.19952748718537452,0.15123934249010068,0.2612527706337886,True
smooth,strong,101,adaptshrink,0.2,0.19721596944710926,0.1063365092327327,0.2880954296614858,True
smooth,strong,102,reml_hksj,0.2,0.3542137771814386,0.27970451933644724,0.42872303502642994,True
smooth,strong,102,trim_and_fill,0.2,0.22233652744873975,0.1888139614897737,0.2558590934077058,True
smooth,strong,102,pet_peese,0.2,0.34147689044985297,0.2798918488822381,0.4030619320174678,True
smooth,strong,102,copas,0.2,0.3538468384841564,0.28791576427427423,0.4197779126940385,True
smooth,strong,102,ubcma,0.2,0.2694423478210565,0.1412508673407656,0.3871108484260972,True
smooth,strong,102,adaptshrink,0.2,0.26073159007220786,0.04417185504401247,0.4772913251004033,True
smooth,strong,103,reml_hksj,0.2,0.2701705303725801,0.19671120077514256,0.3436298599700176,True
smooth,strong,103,trim_and_fill,0.2,0.12278029007716754,0.09212605409815176,0.1534345260561833,True
smooth,strong,103,pet_peese,0.2,0.21671850606754783,0.16151874545865877,0.2719182666764369,True
smooth,strong,103,copas,0.2,0.2689978304820353,0.2066618412082914,0.3313338197557792,True
smooth,strong,103,ubcma,0.2,0.2108579599557114,0.11196229242877753,0.33400090928855697,True
smooth,strong,103,adaptshrink,0.2,0.20847220888561177,0.062344589402642814,0.3545998283685807,True
smooth,strong,104,reml_hksj,0.2,0.3738530879856201,0.2862234821504862,0.461482693820754,True
smooth,strong,104,trim_and_fill,0.2,0.15149473394196253,0.11932537780522881,0.18366409007869625,True
smooth,strong,104,pet_peese,0.2,0.266581355624682,0.2126363801364437,0.3205263311129203,True
smooth,strong,104,copas,0.2,0.3720619824181197,0.2932112008109498,0.4509127640252896,True
smooth,strong,104,ubcma,0.2,0.2538434650874193,0.048641023546693904,0.4625452836876479,True
smooth,strong,104,adaptshrink,0.2,0.257247562415059,0.09020426997075959,0.42429085485935836,True
smooth,strong,105,reml_hksj,0.2,0.3118430717457259,0.24068821866625256,0.38299792482519923,True
smooth,strong,105,trim_and_fill,0.2,0.12176557650091953,0.086893792696592,0.15663736030524705,True
smooth,strong,105,pet_peese,0.2,0.27964577483410924,0.2144256633567952,0.3448658863114233,True
smooth,strong,105,copas,0.2,0.3112341030330845,0.24602076658668015,0.3764474394794889,True
smooth,strong,105,ubcma,0.2,0.36602120646448677,0.2501009518984339,0.4562910217223066,True
smooth,strong,105,adaptshrink,0.2,0.28175143186719875,0.06641366656669567,0.49708919716770184,True
smooth,strong,106,reml_hksj,0.2,0.31831656042294837,0.22629420489709462,0.4103389159488021,True
smooth,strong,106,trim_and_fill,0.2,0.06207474016014504,0.023166457934115287,0.10098302238617479,True
smooth,strong,106,pet_peese,0.2,0.1104154905284385,-0.015225359732098584,0.23605634078897558,True
smooth,strong,106,copas,0.2,0.31695447488102074,0.23567092921031954,0.39823802055172197,True
smooth,strong,106,ubcma,0.2,0.30931655515385753,0.14703074322247814,0.46466136119921764,True
smooth,strong,106,adaptshrink,0.2,0.08920328482841268,-0.1470746321644794,0.32548120182130474,True
smooth,strong,107,reml_hksj,0.2,0.2512766652839223,0.19843086222581693,0.3041224683420276,True
smooth,strong,107,trim_and_fill,0.2,0.16315514174824605,0.13350397927905458,0.19280630421743752,True
smooth,strong,107,pet_peese,0.2,0.2214188066102997,0.1729455651401866,0.2698920480804128,True
smooth,strong,107,copas,0.2,0.2506191467660382,0.20561310811171213,0.29562518542036426,True
smooth,strong,107,ubcma,0.2,0.18851326523544842,0.08988173239493508,0.2658392656385984,True
smooth,strong,107,adaptshrink,0.2,0.18418627685336433,0.06247484380153838,0.3058977099051903,True
smooth,strong,108,reml_hksj,0.2,0.31549609584548677,0.23226969362716737,0.39872249806380616,True
smooth,strong,108,trim_and_fill,0.2,0.17577506347208585,0.14489677671890286,0.20665335022526884,True
smooth,strong,108,pet_peese,0.2,0.3146285717263487,0.26043830270423235,0.3688188407484651,True
smooth,strong,108,copas,0.2,0.31552204116682075,0.24364144412626504,0.38740263820737647,True
smooth,strong,108,ubcma,0.2,0.20158184388831074,0.13693942395068878,0.272000206039272,True
smooth,strong,108,adaptshrink,0.2,0.19169038830722107,0.0544746933571274,0.32890608325731474,True
smooth,strong,109,reml_hksj,0.2,0.28730445004885125,0.20540758085595262,0.36920131924174987,True
smooth,strong,109,trim_and_fill,0.2,0.13739365095246805,0.10300565110562104,0.17178165079931507,True
smooth,strong,109,pet_peese,0.2,0.287533455621828,0.22849703509383534,0.3465698761498207,True
smooth,strong,109,copas,0.2,0.2871262470569674,0.21140476315027865,0.3628477309636561,True
smooth,strong,109,ubcma,0.2,0.21003048500979676,0.0664026954851965,0.33477184886772404,True
smooth,strong,109,adaptshrink,0.2,0.20668159828604518,-0.07234177552923407,0.48570497210132446,True
smooth,strong,110,reml_hksj,0.2,0.2640512619942164,0.18171671887778393,0.34638580511064887,True
smooth,strong,110,trim_and_fill,0.2,0.14026298407801477,0.10669240130314389,0.17383356685288565,True
smooth,strong,110,pet_peese,0.2,0.22047232253170967,0.15665834911479046,0.28428629594862886,True
smooth,strong,110,copas,0.2,0.2630379631463628,0.1981677897400428,0.3279081365526828,True
smooth,strong,110,ubcma,0.2,0.15384768934944032,0.02404580692826033,0.2431300910546318,True
smooth,strong,110,adaptshrink,0.2,0.1475615450624756,0.036684929102788214,0.258438161022163,True
smooth,strong,111,reml_hksj,0.2,0.3164822397258212,0.2392700236723456,0.39369445577929674,True
smooth,strong,111,trim_and_fill,0.2,0.20608278227043939,0.17016338047095964,0.24200218406991914,True
smooth,strong,111,pet_peese,0.2,0.3289343571325607,0.2707054323794491,0.3871632818856723,True
smooth,strong,111,copas,0.2,0.31665692037092746,0.2477180336514639,0.38559580709039104,True
smooth,strong,111,ubcma,0.2,0.301709249664251,0.1389369773208104,0.4133534566406919,True
smooth,strong,111,adaptshrink,0.2,0.3089269937118265,0.11095215650805049,0.5069018309156026,True
smooth,strong,112,reml_hksj,0.2,0.35567921427050325,0.28645839569785303,0.4249000328431535,True
smooth,strong,112,trim_and_fill,0.2,0.2135130053954557,0.17656893440393834,0.25045707638697307,True
smooth,strong,112,pet_peese,0.2,0.2875899123999891,0.2223082343260197,0.3528715904739585,True
smooth,strong,112,copas,0.2,0.35471176235291674,0.29062716364385255,0.4187963610619809,True
smooth,strong,112,ubcma,0.2,0.35917793170721385,0.235915849065218,0.48883286142302473,True
smooth,strong,112,adaptshrink,0.2,0.2833781268404272,0.09411925471281446,0.4726369989680399,True
smooth,strong,113,reml_hksj,0.2,0.33591947336887656,0.26127600714995053,0.4105629395878026,True
smooth,strong,113,trim_and_fill,0.2,0.21076416281853477,0.17669133491538888,0.24483699072168066,True
smooth,strong,113,pet_peese,0.2,0.3258725346456287,0.263868388405971,0.38787668088528643,True
smooth,strong,113,copas,0.2,0.3356333454172891,0.2671017731049758,0.40416491772960245,True
smooth,strong,113,ubcma,0.2,0.3080800039672795,0.19611868368364674,0.4159948589512841,True
smooth,strong,113,adaptshrink,0.2,0.3110887479851313,0.1356789222025149,0.48649857376774774,True
smooth,strong,114,reml_hksj,0.2,0.2972035920635761,0.19822881618425459,0.3961783679428976,True
smooth,strong,114,trim_and_fill,0.2,0.12645658170054166,0.08694955375330177,0.16596360964778156,True
smooth,strong,114,pet_peese,0.2,0.23167535947286888,0.16162537896910517,0.3017253399766326,True
smooth,strong,114,copas,0.2,0.29566144523954463,0.20989796153677004,0.3814249289423192,True
smooth,strong,114,ubcma,0.2,0.19090495555680453,0.038326184366891586,0.32681940601729154,True
smooth,strong,114,adaptshrink,0.2,0.19054965062638352,-0.029670450775860224,0.41076975202862726,True
smooth,strong,115,reml_hksj,0.2,0.34722604319180067,0.2576046890281174,0.43684739735548395,True
smooth,strong,115,trim_and_fill,0.2,0.15695022049563853,0.12478408676475683,0.18911635422652023,True
smooth,strong,115,pet_peese,0.2,0.2535535224601547,0.20004178215254176,0.3070652627677677,True
smooth,strong,115,copas,0.2,0.3458039800743183,0.26503047445032524,0.42657748569831133,True
smooth,strong,115,ubcma,0.2,0.22409020714181918,0.08220092732608532,0.38008801706535034,True
smooth,strong,115,adaptshrink,0.2,0.22828662076035855,0.03927109159230305,0.4173021499284141,True
smooth,strong,116,reml_hksj,0.2,0.3302658997753558,0.28321876601965573,0.3773130335310559,True
smooth,strong,116,trim_and_fill,0.2,0.2331572528094119,0.199991663456174,0.2663228421626498,True
smooth,strong,116,pet_peese,0.2,0.32902652526396614,0.2667152726610418,0.3913377778668905,True
smooth,strong,116,copas,0.2,0.330268605461426,0.28694021331147945,0.37359699761137255,True
smooth,strong,116,ubcma,0.2,0.31039948505309145,0.23054864258113264,0.3897106124694777,True
smooth,strong,116,adaptshrink,0.2,0.3113083953411992,0.15507397450476942,0.46754281617762894,True
smooth,strong,117,reml_hksj,0.2,0.291278222980227,0.2319340113828366,0.3506224345776174,True
smooth,strong,117,trim_and_fill,0.2,0.22111002003984295,0.18975429852005604,0.25246574155962986,True
smooth,strong,117,pet_peese,0.2,0.2780644951142463,0.2289755114314075,0.3271534787970851,True
smooth,strong,117,copas,0.2,0.2907777717610931,0.23815650970452207,0.3433990338176641,True
smooth,strong,117,ubcma,0.2,0.2562774970952303,0.19206112065407538,0.3201287484393495,True
smooth,strong,117,adaptshrink,0.2,0.2547705724736028,0.13719888428555954,0.37234226066164605,True
smooth,strong,118,reml_hksj,0.2,0.3334380590000505,0.2687448433983728,0.39813127460172826,True
smooth,strong,118,trim_and_fill,0.2,0.2035616784192643,0.1661651094621113,0.24095824737641733,True
smooth,strong,118,pet_peese,0.2,0.26884546704493556,0.19579295635472338,0.34189797773514774,True
smooth,strong,118,copas,0.2,0.33193991644702425,0.27606315856265007,0.38781667433139844,True
smooth,strong,118,ubcma,0.2,0.3729677923286122,0.25673218068758474,0.4924296346148215,True
smooth,strong,118,adaptshrink,0.2,0.2619709718861564,0.05286973643418458,0.47107220733812827,True
smooth,strong,119,reml_hksj,0.2,0.3070745588765719,0.25484419273745357,0.3593049250156903,True
smooth,strong,119,trim_and_fill,0.2,0.19334458859997783,0.16516111706717806,0.2215280601327776,True
smooth,strong,119,pet_peese,0.2,0.24928368060376027,0.20059327475290695,0.2979740864546136,True
smooth,strong,119,copas,0.2,0.3061964725300692,0.25786228464265465,0.35453066041748377,True
smooth,strong,119,ubcma,0.2,0.1994602554315189,0.14312595867873254,0.25473580267603047,True
smooth,strong,119,adaptshrink,0.2,0.19787278687474755,0.12144719028528933,0.27429838346420576,True
smooth,strong,120,reml_hksj,0.2,0.269522776417512,0.20464980872483723,0.33439574411018674,True
smooth,strong,120,trim_and_fill,0.2,0.16250507439235207,0.12665414360436827,0.19835600518033586,True
smooth,strong,120,pet_peese,0.2,0.2243200062481675,0.16537413409793122,0.2832658783984038,True
smooth,strong,120,copas,0.2,0.2682681176834026,0.21019144127125275,0.3263447940955524,True
smooth,strong,120,ubcma,0.2,0.1839785043171038,0.09081888778415931,0.28039525707253343,True
smooth,strong,120,adaptshrink,0.2,0.17866218977668485,0.055954852293573124,0.3013695272597966,True
smooth,strong,121,reml_hksj,0.2,0.28681283246775485,0.21574536524166915,0.35788029969384055,True
smooth,strong,121,trim_and_fill,0.2,0.14539540154537894,0.11077540244222911,0.18001540064852878,True
smooth,strong,121,pet_peese,0.2,0.19965680790040105,0.1366030447728964,0.26271057102790574,True
smooth,strong,121,copas,0.2,0.284981189328074,0.22310969194060376,0.3468526867155442,True
smooth,strong,121,ubcma,0.2,0.10648956873240183,0.0071389274396489785,0.19484705469538946,True
smooth,strong,121,adaptshrink,0.2,0.14631381532909674,0.04514114934645662,0.24748648131173684,True
smooth,strong,122,reml_hksj,0.2,0.422523301823173,0.329064051949094,0.5159825516972519,True
smooth,strong,122,trim_and_fill,0.2,0.20336379624933953,0.16613772854216924,0.24058986395650983,True
smooth,strong,122,pet_peese,0.2,0.40569274009498,0.33730576516066185,0.4740797150292982,True
smooth,strong,122,copas,0.2,0.42188740061399477,0.3403296257079738,0.5034451755200158,True
smooth,strong,122,ubcma,0.2,0.46186755052768386,0.3707820662290219,0.5500653331318857,True
smooth,strong,122,adaptshrink,0.2,0.4112959917160555,0.20308915476545708,0.619502828666654,True
smooth,strong,123,reml_hksj,0.2,0.305413518608258,0.21870801849735158,0.39211901871916444,True
smooth,strong,123,trim_and_fill,0.2,0.12630312452212522,0.09043070493106509,0.16217554411318535,True
smooth,strong,123,pet_peese,0.2,0.03309515770611032,-0.10972721077649825,0.1759175261887189,True
smooth,strong,123,copas,0.2,0.30389536631097663,0.22955698903589988,0.3782337435860534,True
smooth,strong,123,ubcma,0.2,0.269260749863752,0.12920483671437977,0.39341889125526824,True
smooth,strong,123,adaptshrink,0.2,0.1260008955590922,0.005879237357077641,0.24612255376110675,True
smooth,strong,124,reml_hksj,0.2,0.33293769031696585,0.2634200301365817,0.40245535049735,True
smooth,strong,124,trim_and_fill,0.2,0.16085508772729576,0.1259389484439687,0.19577122701062283,True
smooth,strong,124,pet_peese,0.2,0.34002291126897466,0.2763715180406078,0.40367430449734154,True
smooth,strong,124,copas,0.2,0.33312517364373795,0.27028742299183794,0.39596292429563795,True
smooth,strong,124,ubcma,0.2,0.24654534200629522,0.12624989538519024,0.34898007274324105,True
smooth,strong,124,adaptshrink,0.2,0.24352019801085367,-0.04548849700466906,0.5325288930263764,True
smooth,strong,125,reml_hksj,0.2,0.33946224558109106,0.270338511252897,0.40858597990928514,True
smooth,strong,125,trim_and_fill,0.2,0.20478062440656983,0.17052641974898528,0.23903482906415438,True
smooth,strong,125,pet_peese,0.2,0.280981388262404,0.22274446885137475,0.3392183076734332,True
smooth,strong,125,copas,0.2,0.33817500414403956,0.27709518608308836,0.39925482220499076,True
smooth,strong,125,ubcma,0.2,0.26192357257420407,0.19942014554910395,0.322795766184121,True
smooth,strong,125,adaptshrink,0.2,0.26158477112647166,0.1295022502602246,0.3936672919927187,True
smooth,strong,126,reml_hksj,0.2,0.31824630584079894,0.23710957355085516,0.3993830381307427,True
smooth,strong,126,trim_and_fill,0.2,0.14463799691003862,0.11189545115979505,0.1773805426602822,True
smooth,strong,126,pet_peese,0.2,0.2653851183375643,0.20559227786640188,0.3251779588087267,True
smooth,strong,126,copas,0.2,0.31747556443379094,0.24811573606275744,0.38683539280482443,True
smooth,strong,126,ubcma,0.2,0.21638217275975605,0.1349808727202645,0.2934364154216909,True
smooth,strong,126,adaptshrink,0.2,0.2177369192185615,0.020218464339471554,0.41525537409765145,True
smooth,strong,127,reml_hksj,0.2,0.33049596729105724,0.25003660779669534,0.41095532678541913,True
smooth,strong,127,trim_and_fill,0.2,0.19899724881155312,0.15933444994320783,0.2386600476798984,True
smooth,strong,127,pet_peese,0.2,0.28801066148549404,0.216676346221868,0.3593449767491201,True
smooth,strong,127,copas,0.2,0.32882172057919656,0.25844090830928423,0.3992025328491089,True
smooth,strong,127,ubcma,0.2,0.30767507402732436,0.2029132926424701,0.3943512586258125,True
smooth,strong,127,adaptshrink,0.2,0.28510739143244246,0.11432310880210722,0.4558916740627777,True
smooth,strong,128,reml_hksj,0.2,0.2404061747127572,0.16319869913740037,0.317613650288114,True
smooth,strong,128,trim_and_fill,0.2,0.08215744953641728,0.049297388487353835,0.11501751058548072,True
smooth,strong,128,pet_peese,0.2,0.2555792349283333,0.18891082204362272,0.3222476478130438,True
smooth,strong,128,copas,0.2,0.24034309221007688,0.1704737959718688,0.31021238844828497,True
smooth,strong,128,ubcma,0.2,0.11836959519640687,0.03469494819951502,0.2100513854465898,True
smooth,strong,128,adaptshrink,0.2,0.10489075812586782,-0.07560243490697244,0.28538395115870807,True
smooth,strong,129,reml_hksj,0.2,0.2930884251488483,0.24990854243511346,0.33626830786258316,True
smooth,strong,129,trim_and_fill,0.2,0.18702210355328747,0.1604216287395537,0.21362257836702123,True
smooth,strong,129,pet_peese,0.2,0.26559568669213585,0.22177127978298167,0.30942009360129,True
smooth,strong,129,copas,0.2,0.29259979723977164,0.25318359516468003,0.33201599931486325,True
smooth,strong,129,ubcma,0.2,0.2602727181856591,0.18708346438359136,0.33467385791703375,True
smooth,strong,129,adaptshrink,0.2,0.25914874453544223,0.14611108651091426,0.3721864025599702,True
smooth,strong,130,reml_hksj,0.2,0.25389995589497666,0.1766540661466996,0.3311458456432537,True
smooth,strong,130,trim_and_fill,0.2,0.0523592781198197,0.026422070771355975,0.07829648546828342,True
smooth,strong,130,pet_peese,0.2,0.04214877593107151,-0.04102473098995624,0.12532228285209926,True
smooth,strong,130,copas,0.2,0.25295098756084095,0.18266342487930698,0.3232385502423749,True
smooth,strong,130,ubcma,0.2,0.12255210854157113,0.05164900316728217,0.18850560795604931,True
smooth,strong,130,adaptshrink,0.2,0.05330670117721506,-0.019378347267512364,0.12599174962194248,True
smooth,strong,131,reml_hksj,0.2,0.2886802560938874,0.20176176033510812,0.3755987518526667,True
smooth,strong,131,trim_and_fill,0.2,0.20064631225783272,0.16330066562041212,0.23799195889525332,True
smooth,strong,131,pet_peese,0.2,0.31756925234203354,0.2528352642134885,0.38230324047057856,True
smooth,strong,131,copas,0.2,0.2888530158410107,0.20933530668118602,0.36837072500083534,True
smooth,strong,131,ubcma,0.2,0.23933225887425857,0.12238871880580582,0.3373135252905861,True
smooth,strong,131,adaptshrink,0.2,0.22946713778564914,0.03744130614620805,0.42149296942509024,True
smooth,strong,132,reml_hksj,0.2,0.2948483522227772,0.21690336513668967,0.37279333930886477,True
smooth,strong,132,trim_and_fill,0.2,0.15526777249877707,0.12294318045894634,0.1875923645386078,True
smooth,strong,132,pet_peese,0.2,0.2666435028879167,0.21261322674800612,0.32067377902782734,True
smooth,strong,132,copas,0.2,0.29438774803723644,0.22687663525596252,0.36189886081851036,True
smooth,strong,132,ubcma,0.2,0.16604288097956366,0.02368278491594577,0.2813678260411229,True
smooth,strong,132,adaptshrink,0.2,0.1596574425359626,0.05199260114439541,0.26732228392752977,True
smooth,strong,133,reml_hksj,0.2,0.3009129705042186,0.20582960091421837,0.39599634009421886,True
smooth,strong,133,trim_and_fill,0.2,0.031170160356596244,-0.004218588846647744,0.06655890955984023,True
smooth,strong,133,pet_peese,0.2,0.1213457322436579,-0.017055697773070047,0.25974716226038586,True
smooth,strong,133,copas,0.2,0.30018444677963846,0.2152279126046966,0.3851409809545803,True
smooth,strong,133,ubcma,0.2,0.18160142807740962,0.0153456732348983,0.4203044759152729,True
smooth,strong,133,adaptshrink,0.2,0.1047536674587684,-0.18560720585997337,0.3951145407775102,True
smooth,strong,134,reml_hksj,0.2,0.2558610347802812,0.18858940855520873,0.3231326610053537,True
smooth,strong,134,trim_and_fill,0.2,0.12032385488921794,0.09081143738106959,0.1498362723973663,True
smooth,strong,134,pet_peese,0.2,0.22835539971696514,0.17729935757961723,0.27941144185431305,True
smooth,strong,134,copas,0.2,0.25544284631133257,0.19335132214601689,0.31753437047664823,True
smooth,strong,134,ubcma,0.2,0.1354614759295387,0.06276963266793942,0.20284941922677374,True
smooth,strong,134,adaptshrink,0.2,0.1279308248717624,0.02212297500952859,0.23373867473399623,True
smooth,strong,135,reml_hksj,0.2,0.28136471568070354,0.22984983987290059,0.3328795914885065,True
smooth,strong,135,trim_and_fill,0.2,0.17790947440268434,0.14828499215803256,0.20753395664733612,True
smooth,strong,135,pet_peese,0.2,0.2588510356673522,0.20223430054795588,0.3154677707867485,True
smooth,strong,135,copas,0.2,0.28050199251465424,0.23381870282248934,0.32718528220681914,True
smooth,strong,135,ubcma,0.2,0.25922872838440764,0.2021265466917979,0.31642944706009346,True
smooth,strong,135,adaptshrink,0.2,0.2542931121363988,0.1375197121792222,0.37106651209357544,True
smooth,strong,136,reml_hksj,0.2,0.3001643059683521,0.21775013720139738,0.3825784747353068,True
smooth,strong,136,trim_and_fill,0.2,0.11175964864928394,0.08070574160592,0.14281355569264786,True
smooth,strong,136,pet_peese,0.2,0.23834710284039376,0.18650475294536767,0.29018945273541985,True
smooth,strong,136,copas,0.2,0.2991153819207015,0.2242966452812598,0.37393411856014314,True
smooth,strong,136,ubcma,0.2,0.33680577974340387,0.2638050827355645,0.40263518724926234,True
smooth,strong,136,adaptshrink,0.2,0.2391151451856154,0.05876299387323736,0.41946729649799347,True
smooth,strong,137,reml_hksj,0.2,0.3887273825284852,0.3191420247004025,0.45831274035656794,True
smooth,strong,137,trim_and_fill,0.2,0.21944759194668975,0.18732075432125833,0.25157442957212117,True
smooth,strong,137,pet_peese,0.2,0.31629637668243565,0.25616587039184835,0.37642688297302296,True
smooth,strong,137,copas,0.2,0.3878726805662128,0.3241547726859495,0.45159058844647615,True
smooth,strong,137,ubcma,0.2,0.35308431994199546,0.2586236772816658,0.447699773816737,True
smooth,strong,137,adaptshrink,0.2,0.3162679162964362,0.14795153072441972,0.4845843018684527,True
smooth,strong,138,reml_hksj,0.2,0.3545188919731854,0.2760678059375386,0.43296997800883225,True
smooth,strong,138,trim_and_fill,0.2,0.20323795602852965,0.1691764370492028,0.2372994750078565,True
smooth,strong,138,pet_peese,0.2,0.3213488249362061,0.25519952444554744,0.38749812542686474,True
smooth,strong,138,copas,0.2,0.354195709204739,0.28320105022246117,0.4251903681870168,True
smooth,strong,138,ubcma,0.2,0.2665654668425582,0.19284579943505015,0.3458916025574746,True
smooth,strong,138,adaptshrink,0.2,0.26527874597785633,0.07081791876410795,0.45973957319160474,True
smooth,strong,139,reml_hksj,0.2,0.3595093920063003,0.2802287601542953,0.43879002385830523,True
smooth,strong,139,trim_and_fill,0.2,0.16304817644968514,0.12723634756626762,0.19886000533310266,True
smooth,strong,139,pet_peese,0.2,0.28235142480803505,0.2182530686971115,0.3464497809189586,True
smooth,strong,139,copas,0.2,0.3582745010854655,0.28515974225116103,0.43138925991976995,True
smooth,strong,139,ubcma,0.2,0.33936077446910756,0.17035491128510355,0.4724468241904528,True
smooth,strong,139,adaptshrink,0.2,0.28056623230991024,0.0878249342571367,0.4733075303626838,True
smooth,strong,140,reml_hksj,0.2,0.3398301424000322,0.23318253699409058,0.44647774780597377,True
smooth,strong,140,trim_and_fill,0.2,0.23324853683397512,0.18428691250675983,0.2822101611611904,True
smooth,strong,140,pet_peese,0.2,0.3181350836904861,0.2401186803502554,0.3961514870307168,True
smooth,strong,140,copas,0.2,0.33968345405342165,0.24977144852659955,0.42959545958024375,True
smooth,strong,140,ubcma,0.2,0.3112086647430997,0.22223832528236392,0.4010266771482808,True
smooth,strong,140,adaptshrink,0.2,0.30526131244872223,0.14291517110143853,0.46760745379600593,True
smooth,strong,141,reml_hksj,0.2,0.3837621638894066,0.31903176775031633,0.44849256002849686,True
smooth,strong,141,trim_and_fill,0.2,0.19640840028115,0.17118530561175105,0.22163149495054896,True
smooth,strong,141,pet_peese,0.2,0.3362902721091203,0.2901870721173395,0.38239347210090113,True
smooth,strong,141,copas,0.2,0.383299832488279,0.32292448118561107,0.4436751837909469,True
smooth,strong,141,ubcma,0.2,0.3351693012163723,0.1516954891568601,0.5065873391775182,True
smooth,strong,141,adaptshrink,0.2,0.332577203806349,0.19734912381355826,0.46780528379913966,True
smooth,strong,142,reml_hksj,0.2,0.24791169912464103,0.18851965732221193,0.30730374092707013,True
smooth,strong,142,trim_and_fill,0.2,0.09925163292372896,0.07178252908066855,0.12672073676678935,True
smooth,strong,142,pet_peese,0.2,0.17183306480453528,0.12256773489099648,0.22109839471807408,True
smooth,strong,142,copas,0.2,0.2468288015515733,0.19264606033849782,0.3010115427646488,True
smooth,strong,142,ubcma,0.2,0.16087076440933873,0.06079063970602576,0.23897250878564963,True
smooth,strong,142,adaptshrink,0.2,0.1604577185627037,0.03019633386064899,0.29071910326475836,True
smooth,strong,143,reml_hksj,0.2,0.23211792251588373,0.1581498361692515,0.30608600886251597,True
smooth,strong,143,trim_and_fill,0.2,0.04402568071132165,0.014194802966941169,0.07385655845570213,True
smooth,strong,143,pet_peese,0.2,0.20788420517012665,0.1483266795839008,0.26744173075635247,True
smooth,strong,143,copas,0.2,0.23173655849718283,0.16524931405916676,0.2982238029351989,True
smooth,strong,143,ubcma,0.2,0.2438360083355685,0.1660780117461229,0.32397587080650314,True
smooth,strong,143,adaptshrink,0.2,0.21217855075571282,0.04236190700547668,0.381995194505949,True
smooth,strong,144,reml_hksj,0.2,0.3276835980878105,0.277227147039054,0.378140049136567,True
smooth,strong,144,trim_and_fill,0.2,0.20150879557883347,0.17679053569732603,0.22622705546034091,True
smooth,strong,144,pet_peese,0.2,0.2983795292430798,0.25308407410926065,0.343674984376899,True
smooth,strong,144,copas,0.2,0.3272116447980317,0.28131802500004954,0.3731052645960139,True
smooth,strong,144,ubcma,0.2,0.2765872738119673,0.20621349228547298,0.34745232082904787,True
smooth,strong,144,adaptshrink,0.2,0.2810570788007616,0.1400644771052686,0.4220496804962546,True
smooth,strong,145,reml_hksj,0.2,0.2938750088778328,0.2408998455704166,0.346850172185249,True
smooth,strong,145,trim_and_fill,0.2,0.1863276788223066,0.15745776658332616,0.21519759106128705,True
smooth,strong,145,pet_peese,0.2,0.3089974040868892,0.259889169509352,0.3581056386644264,True
smooth,strong,145,copas,0.2,0.29408734622783295,0.2456407317795008,0.3425339606761651,True
smooth,strong,145,ubcma,0.2,0.20831740009366148,0.12852516919500862,0.28673469306758165,True
smooth,strong,145,adaptshrink,0.2,0.19799201930559607,0.06955735298078264,0.3264266856304095,True
smooth,strong,146,reml_hksj,0.2,0.3693089718569783,0.27995148789904833,0.4586664558149083,True
smooth,strong,146,trim_and_fill,0.2,0.18598895996202958,0.1554093966626658,0.21656852326139336,True
smooth,strong,146,pet_peese,0.2,0.3786407044241821,0.32430758614109945,0.4329738227072647,True
smooth,strong,146,copas,0.2,0.3691110493266652,0.2917743091374224,0.446447789515908,True
smooth,strong,146,ubcma,0.2,0.30567047193456404,0.10922699110717976,0.46091081827455727,True
smooth,strong,146,adaptshrink,0.2,0.3162023537577941,-0.023607848862738756,0.656012556378327,True
smooth,strong,147,reml_hksj,0.2,0.3490516456814186,0.26669254156844846,0.43141074979438876,True
smooth,strong,147,trim_and_fill,0.2,0.22918518644240268,0.19064098552261585,0.26772938736218954,True
smooth,strong,147,pet_peese,0.2,0.35932305026049005,0.2947025204682948,0.4239435800526853,True
smooth,strong,147,copas,0.2,0.34927933060206173,0.27957857275721953,0.41898008844690393,True
smooth,strong,147,ubcma,0.2,0.21779696789972122,0.1001001247623263,0.3502096858644409,True
smooth,strong,147,adaptshrink,0.2,0.23075146520392512,0.11898394288627166,0.34251898752157856,True
smooth,strong,148,reml_hksj,0.2,0.3616946190242115,0.3008905181835442,0.42249871986487886,True
smooth,strong,148,trim_and_fill,0.2,0.2357872141841874,0.20182151610481758,0.26975291226355724,True
smooth,strong,148,pet_peese,0.2,0.284227537191329,0.22601807073093658,0.34243700365172136,True
smooth,strong,148,copas,0.2,0.35998246818291657,0.30437524890685336,0.4155896874589798,True
smooth,strong,148,ubcma,0.2,0.23682600042234106,0.1706960143450691,0.3033773643479747,True
smooth,strong,148,adaptshrink,0.2,0.23942069377695732,0.1574300444394579,0.32141134311445674,True
smooth,strong,149,reml_hksj,0.2,0.34583247431854447,0.24641515474254447,0.44524979389454444,True
smooth,strong,149,trim_and_fill,0.2,0.16981155828613986,0.13235332052582463,0.2072697960464551,True
smooth,strong,149,pet_peese,0.2,0.2873209057471207,0.2280236181420497,0.34661819335219174,True
smooth,strong,149,copas,0.2,0.34446227497066517,0.2600183010886879,0.42890624885264245,True
smooth,strong,149,ubcma,0.2,0.21885334874559947,0.11998128490011137,0.3339663933463959,True
smooth,strong,149,adaptshrink,0.2,0.2125873403658926,-0.0002778595651154736,0.4254525402969007,True
smooth,strong,150,reml_hksj,0.2,0.3138348703984199,0.2607943509091378,0.366875389887702,True
smooth,strong,150,trim_and_fill,0.2,0.2008078845476437,0.16683373354377004,0.23478203555151736,True
smooth,strong,150,pet_peese,0.2,0.26966501067840465,0.19259989301816152,0.3467301283386478,True
smooth,strong,150,copas,0.2,0.31358473462278313,0.26956539018094106,0.3576040790646252,True
smooth,strong,150,ubcma,0.2,0.2625026783798889,0.19371575771759914,0.32986396338078405,True
smooth,strong,150,adaptshrink,0.2,0.2562978204453165,0.11823435311353525,0.3943612877770978,True
smooth,strong,151,reml_hksj,0.2,0.3365639814985765,0.23800896616120312,0.4351189968359499,True
smooth,strong,151,trim_and_fill,0.2,0.15898761461028837,0.11904615977909253,0.19892906944148422,True
smooth,strong,151,pet_peese,0.2,0.33892908261028576,0.2534694902032731,0.42438867501729843,True
smooth,strong,151,copas,0.2,0.33625068778522443,0.24775760875537817,0.4247437668150707,True
smooth,strong,151,ubcma,0.2,0.24078247836385144,0.15747797809941522,0.3251286918008011,True
smooth,strong,151,adaptshrink,0.2,0.2369048139694223,-0.0076253440796066885,0.4814349720184513,True
smooth,strong,152,reml_hksj,0.2,0.35957263605330625,0.26947815093520255,0.44966712117140994,True
smooth,strong,152,trim_and_fill,0.2,0.2729287941244505,0.2422422405019376,0.30361534774696336,True
smooth,strong,152,pet_peese,0.2,0.37565999065218775,0.32428101526135816,0.42703896604301733,True
smooth,strong,152,copas,0.2,0.3597903735027886,0.28482769035123306,0.4347530566543441,True
smooth,strong,152,ubcma,0.2,0.3197162404948962,0.15284209751764505,0.45702137271310317,True
smooth,strong,152,adaptshrink,0.2,0.31427564750728443,0.10429557778283055,0.5242557172317384,True
smooth,strong,153,reml_hksj,0.2,0.3224315149158006,0.27528681936748833,0.3695762104641128,True
smooth,strong,153,trim_and_fill,0.2,0.2194087704115149,0.18604406849163585,0.25277347233139397,True
smooth,strong,153,pet_peese,0.2,0.3137396121696444,0.2515601735730212,0.37591905076626764,True
smooth,strong,153,copas,0.2,0.32241828320974436,0.2786435140470144,0.36619305237247435,True
smooth,strong,153,ubcma,0.2,0.29934609500366727,0.22074504476839343,0.3771837635509121,True
smooth,strong,153,adaptshrink,0.2,0.2992791204493693,0.1491406674842322,0.4494175734145064,True
smooth,strong,154,reml_hksj,0.2,0.3764156901342315,0.30408585716125747,0.4487455231072055,True
smooth,strong,154,trim_and_fill,0.2,0.2195102120441579,0.1836396661697758,0.25538075791854004,True
smooth,strong,154,pet_peese,0.2,0.3089142881104973,0.24417540504413635,0.37365317117685826,True
smooth,strong,154,copas,0.2,0.37547605173016035,0.3081878459449623,0.4427642575153584,True
smooth,strong,154,ubcma,0.2,0.3709006781050922,0.21115120495009965,0.46750851427018864,False
smooth,strong,154,adaptshrink,0.2,0.25797934621801116,-0.34741986989256574,0.8633785623285881,True
smooth,strong,155,reml_hksj,0.2,0.2819805850435487,0.23314511943821634,0.3308160506488811,True
smooth,strong,155,trim_and_fill,0.2,0.21853996249373575,0.18686640855735484,0.2502135164301167,True
smooth,strong,155,pet_peese,0.2,0.24849466781162732,0.19872009303826374,0.2982692425849909,True
smooth,strong,155,copas,0.2,0.28083632518392265,0.24184250929703321,0.3198301410708121,True
smooth,strong,155,ubcma,0.2,0.2307734447842316,0.16340389463971794,0.2975601293182664,True
smooth,strong,155,adaptshrink,0.2,0.2281643020835379,0.15139512829058097,0.3049334758764949,True
smooth,strong,156,reml_hksj,0.2,0.3203655684402952,0.2152502295133324,0.42548090736725797,True
smooth,strong,156,trim_and_fill,0.2,0.09472232274793169,0.05051194252486111,0.13893270297100227,True
smooth,strong,156,pet_peese,0.2,0.0316041773835656,-0.13615592311469824,0.19936427788182945,True
smooth,strong,156,copas,0.2,0.31827660530814794,0.2256856476701632,0.4108675629461327,True
smooth,strong,156,ubcma,0.2,0.29828021009325506,0.15624361651611499,0.4336362217932367,True
smooth,strong,156,adaptshrink,0.2,0.09414518552412722,-0.046562150257680554,0.23485252130593498,True
smooth,strong,157,reml_hksj,0.2,0.33430576468260637,0.2628900084567083,0.40572152090850444,True
smooth,strong,157,trim_and_fill,0.2,0.19930968084391662,0.16311337073528503,0.2355059909525482,True
smooth,strong,157,pet_peese,0.2,0.2695121793441475,0.20680637597151252,0.3322179827167825,True
smooth,strong,157,copas,0.2,0.331940060444552,0.26872569254234513,0.39515442834675885,True
smooth,strong,157,ubcma,0.2,0.3556804629774125,0.25751572992822824,0.45173601644451944,True
smooth,strong,157,adaptshrink,0.2,0.26588355532822255,0.07597514037969175,0.45579197027675333,True
smooth,strong,158,reml_hksj,0.2,0.36824055299843667,0.30887845467798286,0.42760265131889047,True
smooth,strong,158,trim_and_fill,0.2,0.24437133044184597,0.20212084532753943,0.2866218155561525,True
smooth,strong,158,pet_peese,0.2,0.30905040636613,0.21179156080687062,0.4063092519253894,True
smooth,strong,158,copas,0.2,0.3678426053637582,0.3127624581873219,0.42292275254019446,True
smooth,strong,158,ubcma,0.2,0.26713347150773326,0.1420233568335051,0.39443910231553714,True
smooth,strong,158,adaptshrink,0.2,0.2582905128006682,0.12655713242221342,0.390023893179123,True
smooth,strong,159,reml_hksj,0.2,0.2643648008928907,0.16475513724903676,0.36397446453674465,True
smooth,strong,159,trim_and_fill,0.2,0.13292908618146582,0.1013733181852931,0.16448485417763853,True
smooth,strong,159,pet_peese,0.2,0.2581222177257297,0.20593717898253236,0.31030725646892704,True
smooth,strong,159,copas,0.2,0.26404434191943227,0.18083545762379866,0.3472532262150659,True
smooth,strong,159,ubcma,0.2,0.23916218499112302,0.11719737520684931,0.38674204901465903,False
smooth,strong,159,adaptshrink,0.2,0.1923285530907827,-0.6251544494636673,1.0098115556452327,True
smooth,strong,160,reml_hksj,0.2,0.3195347984117795,0.26626968625746544,0.3727999105660936,True
smooth,strong,160,trim_and_fill,0.2,0.26229962352921027,0.22155438433944336,0.3030448627189772,True
smooth,strong,160,pet_peese,0.2,0.27406826058841166,0.19351736083374788,0.35461916034307545,True
smooth,strong,160,copas,0.2,0.3195386074216028,0.2698422360918907,0.3692349787513149,True
smooth,strong,160,ubcma,0.2,0.3006230947030395,0.22291082048249083,0.38248249944750434,True
smooth,strong,160,adaptshrink,0.2,0.27067871656307096,0.177067280994347,0.36429015213179494,True
smooth,strong,161,reml_hksj,0.2,0.31371871743371477,0.25631749625472533,0.3711199386127042,True
smooth,strong,161,trim_and_fill,0.2,0.19208950551650092,0.16040269748512562,0.22377631354787622,True
smooth,strong,161,pet_peese,0.2,0.31038791686877854,0.2539234809784051,0.36685235275915196,True
smooth,strong,161,copas,0.2,0.3136807842208481,0.261344148722065,0.3660174197196312,True
smooth,strong,161,ubcma,0.2,0.26864258393372903,0.17391148491232467,0.35847247815531935,True
smooth,strong,161,adaptshrink,0.2,0.2723524784964819,0.07074295796177127,0.47396199903119257,True
smooth,strong,162,reml_hksj,0.2,0.2944052112063371,0.23860424037389277,0.35020618203878146,True
smooth,strong,162,trim_and_fill,0.2,0.16245066868964816,0.1249584455965568,0.19994289178273952,True
smooth,strong,162,pet_peese,0.2,0.3249141782550075,0.22280130796512493,0.4270270485448901,True
smooth,strong,162,copas,0.2,0.2946407147386506,0.2438863049902888,0.34539512448701243,True
smooth,strong,162,ubcma,0.2,0.260501179128598,0.15765685080796013,0.36334550744923577,True
smooth,strong,162,adaptshrink,0.2,0.2597790469308523,-0.0025675150423690174,0.5221256089040736,True
smooth,strong,163,reml_hksj,0.2,0.35705672811787487,0.278117077030532,0.4359963792052177,True
smooth,strong,163,trim_and_fill,0.2,0.15242153706318912,0.12299947509035031,0.18184359903602793,True
smooth,strong,163,pet_peese,0.2,0.2761305722368923,0.22805726944130852,0.3242038750324761,True
smooth,strong,163,copas,0.2,0.35616234918050177,0.2839748433841347,0.42834985497686884,True
smooth,strong,163,ubcma,0.2,0.19112901831506868,0.10953003244651027,0.2911821437632668,True
smooth,strong,163,adaptshrink,0.2,0.18124759183913608,-0.002808359892377932,0.3653035435706501,True
smooth,strong,164,reml_hksj,0.2,0.29729099386187213,0.22720064231016218,0.3673813454135821,True
smooth,strong,164,trim_and_fill,0.2,0.08966562082307503,0.06279613216228619,0.11653510948386386,True
smooth,strong,164,pet_peese,0.2,0.2583361222285,0.2094565231257556,0.3072157213312444,True
smooth,strong,164,copas,0.2,0.29695570160866325,0.23248195314848616,0.3614294500688403,True
smooth,strong,164,ubcma,0.2,0.20259459973218347,0.09757326921208326,0.29874213806638583,True
smooth,strong,164,adaptshrink,0.2,0.21117414198396134,-0.03387966501656242,0.4562279489844851,True
smooth,strong,165,reml_hksj,0.2,0.2969074389045727,0.20605672299887176,0.38775815481027365,True
smooth,strong,165,trim_and_fill,0.2,0.1260006252156782,0.08413644854395533,0.16786480188740108,True
smooth,strong,165,pet_peese,0.2,-0.0014141564792313327,-0.142691171471931,0.13986285851346836,True
smooth,strong,165,copas,0.2,0.2948995029230405,0.21458535681488433,0.3752136490311967,True
smooth,strong,165,ubcma,0.2,0.1691057025883821,0.07381835200470849,0.28304256521289695,True
smooth,strong,165,adaptshrink,0.2,0.1273112607140687,0.001383767363680788,0.2532387540644566,True
smooth,strong,166,reml_hksj,0.2,0.36471348298498585,0.2937021051339582,0.4357248608360135,True
smooth,strong,166,trim_and_fill,0.2,0.21046207477692924,0.18076395010754603,0.24016019944631245,True
smooth,strong,166,pet_peese,0.2,0.3691409709590275,0.3136710602817423,0.42461088163631266,True
smooth,strong,166,copas,0.2,0.3647927559830558,0.3022090561820513,0.42737645578406036,True
smooth,strong,166,ubcma,0.2,0.30780246630005165,0.2252545209693647,0.38882086081974737,True
smooth,strong,166,adaptshrink,0.2,0.3116074802399511,0.08557785453834299,0.5376371059415592,True
smooth,strong,167,reml_hksj,0.2,0.2707023637639125,0.1989815400534175,0.3424231874744075,True
smooth,strong,167,trim_and_fill,0.2,0.10869350452960151,0.07872759747675481,0.1386594115824482,True
smooth,strong,167,pet_peese,0.2,0.19660539688830356,0.1463568137570987,0.24685398001950842,True
smooth,strong,167,copas,0.2,0.2694607025631096,0.2041338248325572,0.334787580293662,True
smooth,strong,167,ubcma,0.2,0.16481850449725666,0.08018420975560342,0.25247714031287183,True
smooth,strong,167,adaptshrink,0.2,0.16656958657963483,0.0014535986741743556,0.3316855744850953,True
smooth,strong,168,reml_hksj,0.2,0.3678491337462708,0.2788686820011586,0.45682958549138303,True
smooth,strong,168,trim_and_fill,0.2,0.18677579443975903,0.14627912825653036,0.2272724606229877,True
smooth,strong,168,pet_peese,0.2,0.26534601872590147,0.18906995798125398,0.34162207947054896,True
smooth,strong,168,copas,0.2,0.36720451964843814,0.2843871186971224,0.4500219205997539,True
smooth,strong,168,ubcma,0.2,0.235274638830022,0.1283685255107242,0.3544821106742405,False
smooth,strong,168,adaptshrink,0.2,0.21756318267680064,-0.33065485486063195,0.7657812202142332,True
smooth,strong,169,reml_hksj,0.2,0.3499558699584679,0.26452928066223635,0.4353824592546994,True
smooth,strong,169,trim_and_fill,0.2,0.17280172471370114,0.14361379250429285,0.20198965692310944,True
smooth,strong,169,pet_peese,0.2,0.3217814569766105,0.2674821008320278,0.3760808131211932,True
smooth,strong,169,copas,0.2,0.349693676189199,0.2729377116911658,0.4264496406872322,True
smooth,strong,169,ubcma,0.2,0.2719057655792476,0.08949695177823407,0.45806881274894684,True
smooth,strong,169,adaptshrink,0.2,0.28239774469961665,0.012476929012649962,0.5523185603865833,True
smooth,strong,170,reml_hksj,0.2,0.2700983093358293,0.16765210447709056,0.372544514194568,True
smooth,strong,170,trim_and_fill,0.2,0.17880025568255975,0.1360045659317843,0.2215959454333352,True
smooth,strong,170,pet_peese,0.2,0.31664159078759774,0.24442865713907325,0.38885452443612223,True
smooth,strong,170,copas,0.2,0.2711220239799783,0.18553444725789753,0.3567096007020591,True
smooth,strong,170,ubcma,0.2,0.22431690055958148,0.13137896683950667,0.3159689410424362,True
smooth,strong,170,adaptshrink,0.2,0.21530027913037034,0.009134203924511891,0.4214663543362288,True
smooth,strong,171,reml_hksj,0.2,0.3750139585166675,0.3105198855496299,0.43950803148370515,True
smooth,strong,171,trim_and_fill,0.2,0.21469258889903595,0.18409687229798352,0.24528830550008837,True
smooth,strong,171,pet_peese,0.2,0.32799092816214387,0.2748264750503806,0.38115538127390713,True
smooth,strong,171,copas,0.2,0.3742007855881516,0.3153158756703543,0.43308569550594894,True
smooth,strong,171,ubcma,0.2,0.2731540824040347,0.18838698940175236,0.36011643855646447,True
smooth,strong,171,adaptshrink,0.2,0.271914328034866,0.07193174289003595,0.471896913179696,True
smooth,strong,172,reml_hksj,0.2,0.2953868267496971,0.2198641534408236,0.37090950005857054,True
smooth,strong,172,trim_and_fill,0.2,0.14507507642941078,0.11192950647568986,0.1782206463831317,True
smooth,strong,172,pet_peese,0.2,0.08326699108644206,-0.024840633398893294,0.19137461557177743,True
smooth,strong,172,copas,0.2,0.29214559902307846,0.22989894583495177,0.3543922522112052,True
smooth,strong,172,ubcma,0.2,0.18663275949803543,0.10016788295301951,0.255689702683561,True
smooth,strong,172,adaptshrink,0.2,0.14598313713876312,0.04872414873363086,0.2432421255438954,True
smooth,strong,173,reml_hksj,0.2,0.30582989871763683,0.18270055056502424,0.42895924687024944,True
smooth,strong,173,trim_and_fill,0.2,0.08016082820053988,0.045344481046235945,0.11497717535484381,True
smooth,strong,173,pet_peese,0.2,0.04240599752878174,-0.05433893584136941,0.13915093089893288,True
smooth,strong,173,copas,0.2,0.30262913539681946,0.20011355395327357,0.40514471684036535,True
smooth,strong,173,ubcma,0.2,0.08876927672580563,-0.06653050204079403,0.2613706503505458,True
smooth,strong,173,adaptshrink,0.2,0.07776297836382434,-0.005349926247819561,0.16087588297546823,True
smooth,strong,174,reml_hksj,0.2,0.3617486947690595,0.2925492018561874,0.43094818768193166,True
smooth,strong,174,trim_and_fill,0.2,0.24857275811023696,0.21610838439632862,0.2810371318241453,True
smooth,strong,174,pet_peese,0.2,0.30071048101321946,0.24751281632719546,0.35390814569924345,True
smooth,strong,174,copas,0.2,0.35950311852759625,0.302166338292626,0.4168398987625665,True
smooth,strong,174,ubcma,0.2,0.2739322893291592,0.22377270661592405,0.3284752318028359,True
smooth,strong,174,adaptshrink,0.2,0.2710321190475181,0.1680769159203307,0.37398732217470554,True
smooth,strong,175,reml_hksj,0.2,0.2999901350948658,0.22205659117610188,0.37792367901362967,True
smooth,strong,175,trim_and_fill,0.2,0.09124231709919124,0.06123711128431958,0.1212475229140629,True
smooth,strong,175,pet_peese,0.2,0.24406554459192215,0.18962997602403334,0.298501113159811,True
smooth,strong,175,copas,0.2,0.2995279662528133,0.226970486900837,0.3720854456047896,True
smooth,strong,175,ubcma,0.2,0.09463835660868347,-0.0017584124212984796,0.17695415687590665,True
smooth,strong,175,adaptshrink,0.2,0.09303920353433401,0.004340035527886893,0.18173837154078112,True
smooth,strong,176,reml_hksj,0.2,0.39364287740515047,0.3115754141448077,0.4757103406654932,True
smooth,strong,176,trim_and_fill,0.2,0.21879553357578496,0.18451667802774255,0.2530743891238274,True
smooth,strong,176,pet_peese,0.2,0.32702584716361427,0.2676382498496463,0.38641344447758225,True
smooth,strong,176,copas,0.2,0.39241289430001913,0.31901539791052347,0.4658103906895148,True
smooth,strong,176,ubcma,0.2,0.31934523631854855,0.2354419661584839,0.40193709098929936,True
smooth,strong,176,adaptshrink,0.2,0.3182741758821261,0.17192187662408684,0.4646264751401653,True
smooth,strong,177,reml_hksj,0.2,0.3328458190544282,0.2526885899068645,0.41300304820199196,True
smooth,strong,177,trim_and_fill,0.2,0.16929110759414778,0.133196760833621,0.20538545435467456,True
smooth,strong,177,pet_peese,0.2,0.3542068314138387,0.2889449987424777,0.41946866408519967,True
smooth,strong,177,copas,0.2,0.333231036168918,0.2626351998556163,0.40382687248221977,True
smooth,strong,177,ubcma,0.2,0.23830625875597022,0.10410644763666396,0.38914216192273576,True
smooth,strong,177,adaptshrink,0.2,0.22606491248036073,-0.07661696129799309,0.5287467862587145,True
smooth,strong,178,reml_hksj,0.2,0.41254509473413997,0.3206274527417926,0.5044627367264873,True
smooth,strong,178,trim_and_fill,0.2,0.29115356116023244,0.24238949534005927,0.3399176269804056,True
smooth,strong,178,pet_peese,0.2,0.31123564547939014,0.23732820551877476,0.38514308544000553,True
smooth,strong,178,copas,0.2,0.4083364372832742,0.32785546685565314,0.4888174077108952,True
smooth,strong,178,ubcma,0.2,0.32795714704312884,0.20448352080341314,0.45851271341704103,True
smooth,strong,178,adaptshrink,0.2,0.30288222189223096,0.19882218065584792,0.40694226312861403,True
smooth,strong,179,reml_hksj,0.2,0.26449181484053286,0.19887218563677717,0.33011144404428855,True
smooth,strong,179,trim_and_fill,0.2,0.21231851019638948,0.16680938657888505,0.2578276338138939,True
smooth,strong,179,pet_peese,0.2,0.26315146975976494,0.18489714284194397,0.3414057966775859,True
smooth,strong,179,copas,0.2,0.2644918188800868,0.21223939626139682,0.31674424149877684,True
smooth,strong,179,ubcma,0.2,0.22275730257106727,0.14077955357322475,0.3009599746003707,True
smooth,strong,179,adaptshrink,0.2,0.22129538617517097,0.11490916490040774,0.3276816074499342,True
smooth,strong,180,reml_hksj,0.2,0.3053637734881201,0.2581918668884553,0.3525356800877849,True
smooth,strong,180,trim_and_fill,0.2,0.21475738715153414,0.18622533786893683,0.24328943643413145,True
smooth,strong,180,pet_peese,0.2,0.2962846174979794,0.24745820707672156,0.34511102791923726,True
smooth,strong,180,copas,0.2,0.3051052090184289,0.2627907736755725,0.3474196443612853,True
smooth,strong,180,ubcma,0.2,0.2229774396897074,0.1373403431792737,0.3103631711638146,True
smooth,strong,180,adaptshrink,0.2,0.2189422561095576,0.1297286355526343,0.30815587666648087,True
smooth,strong,181,reml_hksj,0.2,0.3273850937771684,0.25339857299023694,0.40137161456409987,True
smooth,strong,181,trim_and_fill,0.2,0.14785549037471118,0.1173386863931536,0.17837229435626875,True
smooth,strong,181,pet_peese,0.2,0.3364122480444531,0.27781560717116444,0.3950088889177417,True
smooth,strong,181,copas,0.2,0.32751274907024674,0.25970221678744415,0.39532328135304934,True
smooth,strong,181,ubcma,0.2,0.2589641884230899,0.14796988859144092,0.3667317632085315,True
smooth,strong,181,adaptshrink,0.2,0.26338209875927354,-0.02588745383713048,0.5526516513556776,True
smooth,strong,182,reml_hksj,0.2,0.35744225014073355,0.31517872830422566,0.39970577197724144,True
smooth,strong,182,trim_and_fill,0.2,0.2862264204331351,0.2548279068574787,0.31762493400879155,True
smooth,strong,182,pet_peese,0.2,0.3397445145465604,0.28334682784786386,0.39614220124525695,True
smooth,strong,182,copas,0.2,0.3574422421451392,0.3173993580049539,0.3974851262853245,True
smooth,strong,182,ubcma,0.2,0.3085901018259511,0.2363155458341451,0.38276005680166925,True
smooth,strong,182,adaptshrink,0.2,0.30387524260218435,0.19403256416499337,0.4137179210393753,True
smooth,strong,183,reml_hksj,0.2,0.3419748277890784,0.267814374869236,0.4161352807089208,True
smooth,strong,183,trim_and_fill,0.2,0.18014915728465417,0.1449455960631743,0.21535271850613402,True
smooth,strong,183,pet_peese,0.2,0.32073424485398455,0.250541459519517,0.3909270301884521,True
smooth,strong,183,copas,0.2,0.3416890901817282,0.27586553218132925,0.4075126481821272,True
smooth,strong,183,ubcma,0.2,0.24179275938150765,0.12062878405756872,0.35567349502499823,True
smooth,strong,183,adaptshrink,0.2,0.23499022005814088,-0.0151690986001147,0.48514953871639643,True
smooth,strong,184,reml_hksj,0.2,0.31700609346265834,0.25579065112916266,0.37822153579615403,True
smooth,strong,184,trim_and_fill,0.2,0.17251647031263437,0.14133153671999205,0.2037014039052767,True
smooth,strong,184,pet_peese,0.2,0.25143430674195116,0.19235851548178629,0.31051009800211604,True
smooth,strong,184,copas,0.2,0.31597451221161565,0.2608433437228587,0.3711056807003726,True
smooth,strong,184,ubcma,0.2,0.22398663254568213,0.08718068323662798,0.36762905293712056,True
smooth,strong,184,adaptshrink,0.2,0.22291982832757148,0.04969828080592903,0.39614137584921394,True
smooth,strong,185,reml_hksj,0.2,0.3390273030048161,0.26608074589182695,0.41197386011780524,True
smooth,strong,185,trim_and_fill,0.2,0.15390703257693042,0.1267274108267521,0.18108665432710874,True
smooth,strong,185,pet_peese,0.2,0.2593184798002448,0.2100921991579796,0.30854476044251,True
smooth,strong,185,copas,0.2,0.338094945976453,0.2715837287527474,0.40460616320015863,True
smooth,strong,185,ubcma,0.2,0.2882655572521082,0.1799997315989236,0.39644508093187436,True
smooth,strong,185,adaptshrink,0.2,0.2583460666479205,0.11568094137571258,0.40101119192012835,True
smooth,strong,186,reml_hksj,0.2,0.29806554251213907,0.2333596068606808,0.36277147816359734,True
smooth,strong,186,trim_and_fill,0.2,0.14773763161354364,0.11676393664117105,0.17871132658591624,True
smooth,strong,186,pet_peese,0.2,0.2285890573566304,0.17310985979924307,0.2840682549140177,True
smooth,strong,186,copas,0.2,0.29721134260411947,0.23731600261738878,0.35710668259085016,True
smooth,strong,186,ubcma,0.2,0.21025310516677118,0.15983745088057102,0.2634285606651191,True
smooth,strong,186,adaptshrink,0.2,0.2106783204294548,0.08888059009418736,0.33247605076472225,True
smooth,strong,187,reml_hksj,0.2,0.30177340085492077,0.24503776810934882,0.35850903360049274,True
smooth,strong,187,trim_and_fill,0.2,0.17002949660030067,0.13914525734703495,0.2009137358535664,True
smooth,strong,187,pet_peese,0.2,0.09181444662904145,-0.011418020570870518,0.19504691382895342,True
smooth,strong,187,copas,0.2,0.2998503190890957,0.2478524043765535,0.3518482338016379,True
smooth,strong,187,ubcma,0.2,0.20457488398717877,0.1455840026850963,0.26425456623857657,True
smooth,strong,187,adaptshrink,0.2,0.17167171267924788,0.07843928311796912,0.26490414224052666,True
smooth,strong,188,reml_hksj,0.2,0.3092321974482009,0.2538220434807259,0.3646423514156759,True
smooth,strong,188,trim_and_fill,0.2,0.2220400320935296,0.1865215463867022,0.257558517800357,True
smooth,strong,188,pet_peese,0.2,0.2956468599272124,0.23688951716123663,0.3544042026931882,True
smooth,strong,188,copas,0.2,0.3085710926528236,0.26482424063363297,0.35231794467201427,True
smooth,strong,188,ubcma,0.2,0.30341003606756145,0.22955209734517082,0.3679790110474902,True
smooth,strong,188,adaptshrink,0.2,0.292297797318338,0.1624407914698615,0.4221548031668145,True
smooth,strong,189,reml_hksj,0.2,0.35994502783382665,0.2804990957091273,0.439390959958526,True
smooth,strong,189,trim_and_fill,0.2,0.20974556622557394,0.16989936789293592,0.24959176455821197,True
smooth,strong,189,pet_peese,0.2,0.4129026509146529,0.3186441667585901,0.5071611350707157,True
smooth,strong,189,copas,0.2,0.36352671986116847,0.30420303433141715,0.4228504053909198,True
smooth,strong,189,ubcma,0.2,0.22602511290205968,0.08936907719827944,0.36054537661926067,True
smooth,strong,189,adaptshrink,0.2,0.214925441247164,0.07663993785537368,0.3532109446389543,True
smooth,strong,190,reml_hksj,0.2,0.3574805693271857,0.2915942750942794,0.423366863560092,True
smooth,strong,190,trim_and_fill,0.2,0.228571790094942,0.19356380736134912,0.2635797728285349,True
smooth,strong,190,pet_peese,0.2,0.3388713454156295,0.2713380805528902,0.4064046102783688,True
smooth,strong,190,copas,0.2,0.3571127668800334,0.29759923018995255,0.41662630357011426,True
smooth,strong,190,ubcma,0.2,0.34302531551835624,0.27318965743894624,0.4126919482050771,True
smooth,strong,190,adaptshrink,0.2,0.3355805589850935,0.19113630455021968,0.4800248134199673,True
smooth,strong,191,reml_hksj,0.2,0.3156629326049108,0.23319045335886568,0.3981354118509559,True
smooth,strong,191,trim_and_fill,0.2,0.15787301573005685,0.1281330714694569,0.1876129599906568,True
smooth,strong,191,pet_peese,0.2,0.24499438904554627,0.19746793889613082,0.29252083919496175,True
smooth,strong,191,copas,0.2,0.3136870003373977,0.24699632220903955,0.3803776784657559,True
smooth,strong,191,ubcma,0.2,0.1581317542921824,0.037304985947260436,0.3000902932376543,True
smooth,strong,191,adaptshrink,0.2,0.16017053678055776,0.0739129318742497,0.24642814168686583,True
smooth,strong,192,reml_hksj,0.2,0.30936560966453996,0.1821205865844324,0.4366106327446475,True
smooth,strong,192,trim_and_fill,0.2,0.016008485027131703,-0.022729454392538248,0.05474642444680165,True
smooth,strong,192,pet_peese,0.2,0.2592406050618704,0.181430823941382,0.33705038618235883,True
smooth,strong,192,copas,0.2,0.3083691265635583,0.19716597941951217,0.4195722737076044,True
smooth,strong,192,ubcma,0.2,0.019605638661670335,-0.09520458610286428,0.13646661820849082,True
smooth,strong,192,adaptshrink,0.2,0.01786114147400786,-0.0964327925218843,0.13215507546990002,True
smooth,strong,193,reml_hksj,0.2,0.30935227461283615,0.24959803860644048,0.36910651061923183,True
smooth,strong,193,trim_and_fill,0.2,0.18430518406660457,0.1535881259435436,0.21502224218966554,True
smooth,strong,193,pet_peese,0.2,0.30072298025618377,0.24478879110193033,0.3566571694104372,True
smooth,strong,193,copas,0.2,0.3091754678691093,0.25515274405249366,0.363198191685725,True
smooth,strong,193,ubcma,0.2,0.21099274655828132,0.1432278978421393,0.27788717409710983,True
smooth,strong,193,adaptshrink,0.2,0.20214064973631207,0.06432409895478117,0.33995720051784295,True
smooth,strong,194,reml_hksj,0.2,0.34298616391189035,0.26940749536013087,0.41656483246364984,True
smooth,strong,194,trim_and_fill,0.2,0.16829720697945438,0.13350501720544772,0.20308939675346105,True
smooth,strong,194,pet_peese,0.2,0.03809988764915638,-0.07155707695666802,0.14775685225498078,True
smooth,strong,194,copas,0.2,0.3414010056293214,0.27321024363718077,0.40959176762146204,True
smooth,strong,194,ubcma,0.2,0.19435466465158996,0.09388147158786868,0.2948278577153113,True
smooth,strong,194,adaptshrink,0.2,0.16869327245761,0.06572010204336844,0.2716664428718516,True
smooth,strong,195,reml_hksj,0.2,0.33598474198640726,0.2755428750516686,0.39642660892114595,True
smooth,strong,195,trim_and_fill,0.2,0.2283345537139751,0.19297213360849652,0.2636969738194537,True
smooth,strong,195,pet_peese,0.2,0.23314846674504017,0.17401837885412091,0.2922785546359594,True
smooth,strong,195,copas,0.2,0.33324954643481486,0.27818621656502057,0.38831287630460914,True
smooth,strong,195,ubcma,0.2,0.3026540206308087,0.2097189200906044,0.4163251476607138,True
smooth,strong,195,adaptshrink,0.2,0.2320087146904123,0.14621827457213343,0.31779915480869114,True
smooth,strong,196,reml_hksj,0.2,0.32701668753877605,0.21874120547843356,0.43529216959911854,True
smooth,strong,196,trim_and_fill,0.2,0.097804555295001,0.06257207380684411,0.13303703678315787,True
smooth,strong,196,pet_peese,0.2,0.07505369257952922,-0.04121056258104509,0.19131794774010352,True
smooth,strong,196,copas,0.2,0.325730337241557,0.22803699176654746,0.4234236827165665,True
smooth,strong,196,ubcma,0.2,0.18609682237008543,-0.0010989414443110714,0.33747483629514213,True
smooth,strong,196,adaptshrink,0.2,0.09784888803574576,0.004037089199485658,0.19166068687200588,True
smooth,strong,197,reml_hksj,0.2,0.3295509117624355,0.24591770315867073,0.4131841203662003,True
smooth,strong,197,trim_and_fill,0.2,0.2433416495093078,0.2047789219202395,0.2819043770983761,True
smooth,strong,197,pet_peese,0.2,0.34753548292871683,0.2861818431441815,0.4088891227132522,True
smooth,strong,197,copas,0.2,0.3305028399208166,0.26823207478382666,0.3927736050578065,True
smooth,strong,197,ubcma,0.2,0.22266429895888265,0.11311431895218725,0.3322730031574873,True
smooth,strong,197,adaptshrink,0.2,0.24435341785882173,0.1323960784910162,0.35631075722662725,True
smooth,strong,198,reml_hksj,0.2,0.3170482018100837,0.2588304467555445,0.3752659568646229,True
smooth,strong,198,trim_and_fill,0.2,0.1853606402749789,0.15267757491950115,0.21804370563045664,True
smooth,strong,198,pet_peese,0.2,0.3168048329075184,0.255767844898204,0.37784182091683277,True
smooth,strong,198,copas,0.2,0.31741224926713035,0.26500451866959984,0.36981997986466086,True
smooth,strong,198,ubcma,0.2,0.22695371253543603,0.14719759494252505,0.30670983012834696,True
smooth,strong,198,adaptshrink,0.2,0.2180651561083839,0.03382284466319194,0.4023074675535758,True
smooth,strong,199,reml_hksj,0.2,0.33381853492178376,0.24765858137498709,0.41997848846858044,True
smooth,strong,199,trim_and_fill,0.2,0.1659900547654073,0.1354133054204003,0.19656680411041427,True
smooth,strong,199,pet_peese,0.2,0.24910716483999912,0.19790106423773055,0.3003132654422677,True
smooth,strong,199,copas,0.2,0.3330668344388643,0.2540122721346951,0.4121213967430335,True
smooth,strong,199,ubcma,0.2,0.16992082262256966,0.077708999863778,0.25618049545038535,True
smooth,strong,199,adaptshrink,0.2,0.16907493930318906,0.08107547731950317,0.257074401286875,True
smooth,strong,200,reml_hksj,0.2,0.37297597103715363,0.27441211078813227,0.471539831286175,True
smooth,strong,200,trim_and_fill,0.2,0.23093911256449645,0.19389200714432533,0.26798621798466754,True
smooth,strong,200,pet_peese,0.2,0.3062229902764906,0.24776482834437502,0.36468115220860614,True
smooth,strong,200,copas,0.2,0.3684920148875739,0.29470000183028594,0.4422840279448618,True
smooth,strong,200,ubcma,0.2,0.24146078768330315,0.11498620963044312,0.3574525746730135,True
smooth,strong,200,adaptshrink,0.2,0.23770583414655896,0.12540699122188592,0.350004677071232,True
smooth,strong,201,reml_hksj,0.2,0.3008288741477978,0.23334218702575127,0.3683155612698443,True
smooth,strong,201,trim_and_fill,0.2,0.1855002352444061,0.14744229373021137,0.22355817675860082,True
smooth,strong,201,pet_peese,0.2,0.2678847965337243,0.19263547188583413,0.3431341211816145,True
smooth,strong,201,copas,0.2,0.3005707898177091,0.24020548733523633,0.3609360923001819,True
smooth,strong,201,ubcma,0.2,0.23552368943807564,0.08123988741277849,0.38406437603293486,True
smooth,strong,201,adaptshrink,0.2,0.23054526850395282,0.042017342451320466,0.4190731945565852,True
smooth,strong,202,reml_hksj,0.2,0.2952621151954594,0.23268721025967437,0.35783702013124447,True
smooth,strong,202,trim_and_fill,0.2,0.14520991764432012,0.11631140326303036,0.17410843202560988,True
smooth,strong,202,pet_peese,0.2,0.22343461805011564,0.1735172841837621,0.27335195191646916,True
smooth,strong,202,copas,0.2,0.2944878913386552,0.23610335836883073,0.3528724243084797,True
smooth,strong,202,ubcma,0.2,0.2173403289711876,0.08449936010643416,0.3305751145255299,True
smooth,strong,202,adaptshrink,0.2,0.21500904042772093,0.07994524459070951,0.35007283626473235,True
smooth,strong,203,reml_hksj,0.2,0.32860900010588984,0.25382481977406596,0.4033931804377137,True
smooth,strong,203,trim_and_fill,0.2,0.16260031825466878,0.12665572207188253,0.19854491443745503,True
smooth,strong,203,pet_peese,0.2,0.057909909944015604,-0.07223238622565484,0.18805220611368603,True
smooth,strong,203,copas,0.2,0.327189617697551,0.25907360533228985,0.39530563006281216,True
smooth,strong,203,ubcma,0.2,0.2525264184228324,0.11857265102097989,0.38225629154041374,True
smooth,strong,203,adaptshrink,0.2,0.16270253429798423,0.04525007759637878,0.2801549909995897,True
smooth,strong,204,reml_hksj,0.2,0.2897782031631097,0.2416351530887904,0.337921253237429,True
smooth,strong,204,trim_and_fill,0.2,0.19741953196236584,0.16720886519672137,0.2276301987280103,True
smooth,strong,204,pet_peese,0.2,0.29734897187500847,0.24438558848896497,0.350312355261052,True
smooth,strong,204,copas,0.2,0.2900470530921945,0.2469933021040508,0.33310080408033815,True
smooth,strong,204,ubcma,0.2,0.25623654528335926,0.1852225215062234,0.3179815734349274,True
smooth,strong,204,adaptshrink,0.2,0.25692840151361873,0.09201329070162462,0.42184351232561285,True
smooth,strong,205,reml_hksj,0.2,0.29155039604931243,0.2323234536244766,0.35077733847414827,True
smooth,strong,205,trim_and_fill,0.2,0.14938182248608128,0.1204967631327329,0.17826688183942968,True
smooth,strong,205,pet_peese,0.2,0.30565227999412053,0.25136483578092567,0.3599397242073154,True
smooth,strong,205,copas,0.2,0.2918259583586465,0.23741101776049464,0.3462408989567984,True
smooth,strong,205,ubcma,0.2,0.24046285696020203,0.12888102639674534,0.35338500981270926,True
smooth,strong,205,adaptshrink,0.2,0.2441545395380308,-0.02079991132926945,0.509108990405331,True
smooth,strong,206,reml_hksj,0.2,0.41929911282765786,0.2866690317401675,0.5519291939151483,True
smooth,strong,206,trim_and_fill,0.2,0.11143708993208913,0.07286882941508391,0.15000535044909435,True
smooth,strong,206,pet_peese,0.2,0.3262878521837168,0.25731530857327334,0.3952603957941603,True
smooth,strong,206,copas,0.2,0.41807450998687834,0.30005456393131247,0.5360944560424442,True
smooth,strong,206,ubcma,0.2,0.2742245282268913,0.10078723248649389,0.46290699049465955,True
smooth,strong,206,adaptshrink,0.2,0.29171582190897793,-0.011998118750068287,0.5954297625680242,True
smooth,strong,207,reml_hksj,0.2,0.2789093558631477,0.21951308606185996,0.33830562566443545,True
smooth,strong,207,trim_and_fill,0.2,0.15106154366336805,0.12051694582658154,0.18160614150015456,True
smooth,strong,207,pet_peese,0.2,0.07527151410459541,-0.027394524523979738,0.17793755273317058,True
smooth,strong,207,copas,0.2,0.27747798203406276,0.22260442649857756,0.33235153756954794,True
smooth,strong,207,ubcma,0.2,0.19674507230298524,0.11640478260546056,0.28660999622665395,True
smooth,strong,207,adaptshrink,0.2,0.1516346083584294,0.057375946053846494,0.2458932706630123,True
smooth,strong,208,reml_hksj,0.2,0.35279711312833234,0.2848130187097526,0.42078120754691206,True
smooth,strong,208,trim_and_fill,0.2,0.2329555807942149,0.19717761752537402,0.26873354406305583,True
smooth,strong,208,pet_peese,0.2,0.328331086712812,0.2631436629365959,0.39351851048902814,True
smooth,strong,208,copas,0.2,0.35253451577620465,0.2900702586040218,0.4149987729483875,True
smooth,strong,208,ubcma,0.2,0.3139191159779947,0.23004225242229598,0.3959915696958566,True
smooth,strong,208,adaptshrink,0.2,0.31338306675448147,0.1570605746087148,0.4697055589002481,True
smooth,strong,209,reml_hksj,0.2,0.39894201647919625,0.30450708308872393,0.49337694986966857,True
smooth,strong,209,trim_and_fill,0.2,0.2655084345054421,0.21912576341211884,0.3118911055987654,True
smooth,strong,209,pet_peese,0.2,0.4030890960311864,0.32007613339933416,0.4861020586630387,True
smooth,strong,209,copas,0.2,0.39893610877008184,0.31491644794373985,0.48295576959642383,True
smooth,strong,209,ubcma,0.2,0.29215213418684816,0.20054825295712617,0.3828157466001576,True
smooth,strong,209,adaptshrink,0.2,0.2822246201056383,0.11811963866269626,0.44632960154858037,True
smooth,strong,210,reml_hksj,0.2,0.3343881974798371,0.25640563492429513,0.4123707600353791,True
smooth,strong,210,trim_and_fill,0.2,0.17028722675496336,0.14007071732068815,0.20050373618923856,True
smooth,strong,210,pet_peese,0.2,0.27464247893661625,0.22246336531631572,0.3268215925569168,True
smooth,strong,210,copas,0.2,0.3331932302182576,0.2643207254629848,0.4020657349735304,True
smooth,strong,210,ubcma,0.2,0.247539965896755,0.09252409408446816,0.3786321283584842,True
smooth,strong,210,adaptshrink,0.2,0.25361589307175864,0.06770169722184313,0.4395300889216741,True
smooth,strong,211,reml_hksj,0.2,0.31140870837530166,0.2524405626147339,0.3703768541358694,True
smooth,strong,211,trim_and_fill,0.2,0.1858845217487212,0.15799461874909493,0.21377442474834746,True
smooth,strong,211,pet_peese,0.2,0.24755401404113525,0.2001672410565255,0.294940787025745,True
smooth,strong,211,copas,0.2,0.31046420606259517,0.25630252901937334,0.364625883105817,True
smooth,strong,211,ubcma,0.2,0.24801556277465403,0.15604500453112047,0.35113934835610544,True
smooth,strong,211,adaptshrink,0.2,0.24112037612156276,0.12400851744065096,0.35823223480247457,True
smooth,strong,212,reml_hksj,0.2,0.35064242168546156,0.25826720614813514,0.443017637222788,True
smooth,strong,212,trim_and_fill,0.2,0.171579911510246,0.13514822393734663,0.2080115990831454,True
smooth,strong,212,pet_peese,0.2,0.2605867724299591,0.19045531598154614,0.33071822887837204,True
smooth,strong,212,copas,0.2,0.3498435133354485,0.26640378338103715,0.43328324328985984,True
smooth,strong,212,ubcma,0.2,0.2519763860767572,0.12985889228598801,0.3922539049919884,True
smooth,strong,212,adaptshrink,0.2,0.24705877649653188,0.07294418874418579,0.42117336424887797,True
smooth,strong,213,reml_hksj,0.2,0.3290369466006195,0.2522314357658571,0.4058424574353819,True
smooth,strong,213,trim_and_fill,0.2,0.12161207815842595,0.08850328409194316,0.15472087222490874,True
smooth,strong,213,pet_peese,0.2,0.2722688700085307,0.20899382206586353,0.3355439179511978,True
smooth,strong,213,copas,0.2,0.3283162264696213,0.25803039347921547,0.3986020594600271,True
smooth,strong,213,ubcma,0.2,0.2865745877656508,0.18456951598167315,0.39066868823612333,True
smooth,strong,213,adaptshrink,0.2,0.2709724966023227,0.10453164636998105,0.4374133468346644,True
smooth,strong,214,reml_hksj,0.2,0.3115154347236784,0.26377330108261515,0.3592575683647416,True
smooth,strong,214,trim_and_fill,0.2,0.2256953843444742,0.19630770927262894,0.2550830594163195,True
smooth,strong,214,pet_peese,0.2,0.2767209281762797,0.2278807569884932,0.3255610993640662,True
smooth,strong,214,copas,0.2,0.31025739469979813,0.2667449822290185,0.35376980717057777,True
smooth,strong,214,ubcma,0.2,0.22265459448007852,0.15726180788280528,0.28609535759683613,True
smooth,strong,214,adaptshrink,0.2,0.22799151972784187,0.15264698972132873,0.303336049734355,True
smooth,strong,215,reml_hksj,0.2,0.3583522921275731,0.2581301273071225,0.4585744569480237,True
smooth,strong,215,trim_and_fill,0.2,0.24580023215968166,0.2105580211454809,0.28104244317388244,True
smooth,strong,215,pet_peese,0.2,0.35476540699850845,0.2972212248098869,0.41230958918713,True
smooth,strong,215,copas,0.2,0.35820071136694753,0.27755797123252257,0.4388434515013725,True
smooth,strong,215,ubcma,0.2,0.2446135766425315,0.16728399996319476,0.3159265415899573,True
smooth,strong,215,adaptshrink,0.2,0.24780002236180437,0.1524494075637008,0.34315063715990796,True
smooth,strong,216,reml_hksj,0.2,0.3067104779349755,0.1904810020264126,0.42293995384353844,True
smooth,strong,216,trim_and_fill,0.2,0.11261547683695944,0.07643168199825537,0.1487992716756635,True
smooth,strong,216,pet_peese,0.2,0.340768221767065,0.2751351710555098,0.40640127247862023,True
smooth,strong,216,copas,0.2,0.3071599241415266,0.20446374828040337,0.4098561000026498,True
smooth,strong,216,ubcma,0.2,0.17773664562188432,-0.08390234280949316,0.44618929848554845,False
smooth,strong,216,adaptshrink,0.2,0.2234526774707265,-1.2450728629923877,1.691978217933841,True
smooth,strong,217,reml_hksj,0.2,0.28608747546896773,0.22085050708871207,0.3513244438492234,True
smooth,strong,217,trim_and_fill,0.2,0.15237918235006295,0.11837401629442386,0.18638434840570206,True
smooth,strong,217,pet_peese,0.2,0.2337522609004263,0.16459907702925425,0.30290544477159836,True
smooth,strong,217,copas,0.2,0.28540947276898426,0.22596027183900974,0.3448586736989588,True
smooth,strong,217,ubcma,0.2,0.23234473319312263,0.15680043558897405,0.3121828452259262,True
smooth,strong,217,adaptshrink,0.2,0.22553384976016919,0.08097370752992106,0.3700939919904173,True
smooth,strong,218,reml_hksj,0.2,0.4055896819223001,0.3307555533428569,0.4804238105017433,True
smooth,strong,218,trim_and_fill,0.2,0.246992452533539,0.2141639733225599,0.2798209317445181,True
smooth,strong,218,pet_peese,0.2,0.3730482666664239,0.3163696487914557,0.4297268845413921,True
smooth,strong,218,copas,0.2,0.40519296868221244,0.3360035975425235,0.47438233982190137,True
smooth,strong,218,ubcma,0.2,0.26340656522860323,0.11225802553066822,0.40458755568319166,True
smooth,strong,218,adaptshrink,0.2,0.25313709013257585,0.1285035022294198,0.3777706780357319,True
smooth,strong,219,reml_hksj,0.2,0.31393808669806533,0.24628908136239033,0.3815870920337403,True
smooth,strong,219,trim_and_fill,0.2,0.1465245528042774,0.1143657772540179,0.17868332835453687,True
smooth,strong,219,pet_peese,0.2,0.285178967680854,0.2246632466384068,0.34569468872330117,True
smooth,strong,219,copas,0.2,0.31344587489164527,0.25109770306050566,0.3757940467227849,True
smooth,strong,219,ubcma,0.2,0.3294969551824148,0.2278247182035985,0.42292902112114233,True
smooth,strong,219,adaptshrink,0.2,0.2873412027729969,0.1077580719414821,0.4669243336045117,True
smooth,strong,220,reml_hksj,0.2,0.2735038051997886,0.21416498854026156,0.3328426218593157,True
smooth,strong,220,trim_and_fill,0.2,0.13120451130979116,0.10070858505615696,0.16170043756342536,True
smooth,strong,220,pet_peese,0.2,0.2337032054212605,0.1770935635861812,0.2903128472563398,True
smooth,strong,220,copas,0.2,0.27299200762294645,0.2178756024445807,0.3281084128013122,True
smooth,strong,220,ubcma,0.2,0.3012837639935076,0.21184765771051858,0.3677624863589626,True
smooth,strong,220,adaptshrink,0.2,0.23470274986100778,0.05372226370139471,0.41568323602062085,True
smooth,strong,221,reml_hksj,0.2,0.3383939876770962,0.2706539693240691,0.40613400603012334,True
smooth,strong,221,trim_and_fill,0.2,0.24511569019668847,0.21582521804554655,0.2744061623478304,True
smooth,strong,221,pet_peese,0.2,0.3481234228013553,0.302684554943333,0.39356229065937753,True
smooth,strong,221,copas,0.2,0.3388408219993501,0.28177625450568977,0.39590538949301046,True
smooth,strong,221,ubcma,0.2,0.22296287434047968,0.10313076807795668,0.3297879019621127,True
smooth,strong,221,adaptshrink,0.2,0.24583277194785427,0.15711479503777204,0.3345507488579365,True
smooth,strong,222,reml_hksj,0.2,0.3868651422097546,0.32937298446247043,0.44435729995703876,True
smooth,strong,222,trim_and_fill,0.2,0.27832745095065986,0.24293531313390626,0.31371958876741346,True
smooth,strong,222,pet_peese,0.2,0.3104756987087247,0.24736140631323,0.3735899911042194,True
smooth,strong,222,copas,0.2,0.385191646313795,0.3321836089567704,0.4381996836708196,True
smooth,strong,222,ubcma,0.2,0.27338202017820246,0.1985687807441836,0.3467027261571785,True
smooth,strong,222,adaptshrink,0.2,0.2811877182551961,0.2023832341497372,0.35999220236065504,True
smooth,strong,223,reml_hksj,0.2,0.2806387410665742,0.21354669498777815,0.3477307871453703,True
smooth,strong,223,trim_and_fill,0.2,0.14103904384064214,0.10435206658940077,0.1777260210918835,True
smooth,strong,223,pet_peese,0.2,0.29554355661023884,0.22664306059665223,0.36444405262382545,True
smooth,strong,223,copas,0.2,0.2806391586921566,0.23183774434467758,0.32944057303963564,True
smooth,strong,223,ubcma,0.2,0.2815703194303093,0.20184566157398282,0.35983604340287534,True
smooth,strong,223,adaptshrink,0.2,0.2836027399238808,0.11853917081648196,0.44866630903127963,True
smooth,strong,224,reml_hksj,0.2,0.38756327842791194,0.2742857576238187,0.5008407992320052,True
smooth,strong,224,trim_and_fill,0.2,0.13520619480402724,0.09821415930774963,0.17219823030030484,True
smooth,strong,224,pet_peese,0.2,0.4080464141381918,0.3278734474142622,0.4882193808621214,True
smooth,strong,224,copas,0.2,0.3874650365612157,0.2868234134628079,0.4881066596596236,True
smooth,strong,224,ubcma,0.2,0.3843686330166051,0.26629850070343836,0.5363680337171122,True
smooth,strong,224,adaptshrink,0.2,0.3941691070093103,0.1604176869449131,0.6279205270737075,True
smooth,strong,225,reml_hksj,0.2,0.35430490908530593,0.24069830646575285,0.467911511704859,True
smooth,strong,225,trim_and_fill,0.2,0.256295118723906,0.2077482402375649,0.3048419972102471,True
smooth,strong,225,pet_peese,0.2,0.3871413896836637,0.2952121291722343,0.47907065019509304,True
smooth,strong,225,copas,0.2,0.3550981206583377,0.2606902891057165,0.44950595221095885,True
smooth,strong,225,ubcma,0.2,0.32284310538056055,0.22136760142623702,0.41920966386035047,True
smooth,strong,225,adaptshrink,0.2,0.3187732718974262,0.08830341454387416,0.5492431292509783,True
smooth,strong,226,reml_hksj,0.2,0.34424499308000484,0.22441725577280325,0.4640727303872064,True
smooth,strong,226,trim_and_fill,0.2,0.1540538267674591,0.10867688668649587,0.19943076684842231,True
smooth,strong,226,pet_peese,0.2,0.1118277039605765,-0.03575959971352975,0.2594150076346827,True
smooth,strong,226,copas,0.2,0.3424465187403316,0.24476710482577568,0.44012593265488753,True
smooth,strong,226,ubcma,0.2,0.2782684448605053,0.14096855464028774,0.40199117793236067,False
smooth,strong,226,adaptshrink,0.2,0.14821305644595711,-0.19249083567024183,0.48891694856215606,True
smooth,strong,227,reml_hksj,0.2,0.2815812529667735,0.1907068699068384,0.3724556360267086,True
smooth,strong,227,trim_and_fill,0.2,0.06304286682410505,0.03284717594257182,0.09323855770563828,True
smooth,strong,227,pet_peese,0.2,0.0908844299242852,-0.0012333170192796172,0.18300217686785003,True
smooth,strong,227,copas,0.2,0.2807077600285468,0.19737106181972847,0.36404445823736514,True
smooth,strong,227,ubcma,0.2,0.13863354647999784,0.024285776195160452,0.22452655425595597,True
smooth,strong,227,adaptshrink,0.2,0.08010431563393655,-0.05082295465302883,0.21103158592090193,True
smooth,strong,228,reml_hksj,0.2,0.32101479450760734,0.24585621093025356,0.3961733780849611,True
smooth,strong,228,trim_and_fill,0.2,0.1324434588302239,0.09753427728049713,0.16735264037995068,True
smooth,strong,228,pet_peese,0.2,0.3031670564013868,0.2351338156046905,0.3712002971980831,True
smooth,strong,228,copas,0.2,0.32053359793745617,0.2527749873681907,0.38829220850672164,True
smooth,strong,228,ubcma,0.2,0.29164999685562376,0.17741822689536724,0.3995403614686039,True
smooth,strong,228,adaptshrink,0.2,0.2938422323206455,0.11118211908447051,0.4765023455568205,True
smooth,strong,229,reml_hksj,0.2,0.30853514757938133,0.2510736954291015,0.36599659972966114,True
smooth,strong,229,trim_and_fill,0.2,0.24963003419895718,0.2136874354791896,0.28557263291872476,True
smooth,strong,229,pet_peese,0.2,0.28127027603056,0.22843722388969964,0.3341033281714203,True
smooth,strong,229,copas,0.2,0.3074780103508885,0.2550481744596851,0.35990784624209193,True
smooth,strong,229,ubcma,0.2,0.2150205549154418,0.1391951980419974,0.2893449149520645,True
smooth,strong,229,adaptshrink,0.2,0.2509862294816817,0.15651762624345653,0.34545483271990685,True
smooth,strong,230,reml_hksj,0.2,0.2917576617323244,0.23331907543923466,0.35019624802541416,True
smooth,strong,230,trim_and_fill,0.2,0.14751100414263077,0.11953853493767203,0.1754834733475895,True
smooth,strong,230,pet_peese,0.2,0.23996763344908054,0.19442418989452134,0.28551107700363976,True
smooth,strong,230,copas,0.2,0.2905311713049587,0.23674104325815376,0.34432129935176364,True
smooth,strong,230,ubcma,0.2,0.20507067159304151,0.15524555000659168,0.2551620004185997,True
smooth,strong,230,adaptshrink,0.2,0.20652784097930443,0.07158859186292335,0.34146709009568554,True
smooth,strong,231,reml_hksj,0.2,0.3219769882195062,0.22286906359906902,0.4210849128399434,True
smooth,strong,231,trim_and_fill,0.2,0.11025752835181156,0.07992302014140013,0.140592036562223,True
smooth,strong,231,pet_peese,0.2,0.23623063767255187,0.18251991224629835,0.28994136309880536,True
smooth,strong,231,copas,0.2,0.32090883678719473,0.24040065081250228,0.4014170227618872,True
smooth,strong,231,ubcma,0.2,0.2070602676299458,0.10462025756993126,0.3235635042708369,True
smooth,strong,231,adaptshrink,0.2,0.2148183603887434,0.025518289424088486,0.4041184313533983,True
smooth,strong,232,reml_hksj,0.2,0.2846132797093939,0.20053490418457132,0.36869165523421643,True
smooth,strong,232,trim_and_fill,0.2,0.12851911502048818,0.09101816675093162,0.16602006329004476,True
smooth,strong,232,pet_peese,0.2,0.07405693835198335,-0.03140083352185258,0.17951471022581927,True
smooth,strong,232,copas,0.2,0.283346173417644,0.2061208993145,0.360571447520788,True
smooth,strong,232,ubcma,0.2,0.2137752901684626,0.12777117682781716,0.3118776701854866,True
smooth,strong,232,adaptshrink,0.2,0.12842154159337182,0.011590777926232143,0.2452523052605115,True
smooth,strong,233,reml_hksj,0.2,0.3774187976519963,0.31081736677795957,0.44402022852603307,True
smooth,strong,233,trim_and_fill,0.2,0.2548530587970967,0.2119495969397488,0.2977565206544446,True
smooth,strong,233,pet_peese,0.2,0.30855990646509196,0.22594389583603686,0.39117591709414706,True
smooth,strong,233,copas,0.2,0.3770000904820735,0.3231773707292358,0.4308228102349112,True
smooth,strong,233,ubcma,0.2,0.2801029571356044,0.17715747871619236,0.3889482741098248,True
smooth,strong,233,adaptshrink,0.2,0.27295752247681193,0.14611853521375986,0.399796509739864,True
smooth,strong,234,reml_hksj,0.2,0.24663592886405467,0.1613463330513957,0.33192552467671366,True
smooth,strong,234,trim_and_fill,0.2,0.07851073342842864,0.05190616759028383,0.10511529926657345,True
smooth,strong,234,pet_peese,0.2,0.2575053585177647,0.21209738495229197,0.3029133320832374,True
smooth,strong,234,copas,0.2,0.24667338231190927,0.1700263946772032,0.32332036994661534,True
smooth,strong,234,ubcma,0.2,0.1381157088382481,-0.01859234130191224,0.27228207541744487,True
smooth,strong,234,adaptshrink,0.2,0.12287249104355469,-0.15631618613322512,0.4020611682203345,True
smooth,strong,235,reml_hksj,0.2,0.34087255387095533,0.26135233376424416,0.4203927739776665,True
smooth,strong,235,trim_and_fill,0.2,0.1477118415956877,0.11629183078684541,0.17913185240453,True
smooth,strong,235,pet_peese,0.2,0.27452851944663853,0.21796155700630995,0.33109548188696714,True
smooth,strong,235,copas,0.2,0.33987217376298273,0.26740044969081006,0.4123438978351554,True
smooth,strong,235,ubcma,0.2,0.204574008160222,0.0475786264821709,0.3666561326908756,True
smooth,strong,235,adaptshrink,0.2,0.1979148459052255,-0.05268901371047824,0.44851870552092926,True
smooth,strong,236,reml_hksj,0.2,0.30753104115631985,0.2195784482394435,0.3954836340731962,True
smooth,strong,236,trim_and_fill,0.2,0.22159230760196602,0.17832255322106505,0.264862061982867,True
smooth,strong,236,pet_peese,0.2,0.3158872997954184,0.24684628298194972,0.3849283166088871,True
smooth,strong,236,copas,0.2,0.30733624811152643,0.2409620105046965,0.37371048571835636,True
smooth,strong,236,ubcma,0.2,0.2122778547404805,0.12111926146980707,0.3059480588465876,True
smooth,strong,236,adaptshrink,0.2,0.22363384963394092,0.1080422773931507,0.33922542187473115,True
smooth,strong,237,reml_hksj,0.2,0.4019799020157899,0.33147135931121435,0.4724884447203655,True
smooth,strong,237,trim_and_fill,0.2,0.22603348593256836,0.19164264639166265,0.26042432547347405,True
smooth,strong,237,pet_peese,0.2,0.32605136447167504,0.2568540000681133,0.39524872887523677,True
smooth,strong,237,copas,0.2,0.4012860664832685,0.33634040391987374,0.4662317290466632,True
smooth,strong,237,ubcma,0.2,0.22906784708663902,0.13507808554929113,0.328989680504284,True
smooth,strong,237,adaptshrink,0.2,0.22894072089725545,0.13178358383241573,0.3260978579620952,True
smooth,strong,238,reml_hksj,0.2,0.3620593804691605,0.27548905466102347,0.4486297062772975,True
smooth,strong,238,trim_and_fill,0.2,0.16409583163043037,0.1331410522445064,0.19505061101635435,True
smooth,strong,238,pet_peese,0.2,0.3182191392681912,0.26354679658508406,0.3728914819512983,True
smooth,strong,238,copas,0.2,0.3617073718932414,0.2818422946138751,0.44157244917260774,True
smooth,strong,238,ubcma,0.2,0.3262754815430265,0.14116634821404223,0.4954226308608884,True
smooth,strong,238,adaptshrink,0.2,0.3144614673366166,0.15666716634123662,0.4722557683319966,True
smooth,strong,239,reml_hksj,0.2,0.3735699033349518,0.30868495247234046,0.4384548541975632,True
smooth,strong,239,trim_and_fill,0.2,0.21376401288222788,0.17492942838295963,0.2525985973814961,True
smooth,strong,239,pet_peese,0.2,0.31931447345532843,0.23403213337685103,0.40459681353380583,True
smooth,strong,239,copas,0.2,0.3726484514002856,0.31383354474252134,0.4314633580580498,True
smooth,strong,239,ubcma,0.2,0.25207700261873617,0.1523516926892195,0.3503418336381102,True
smooth,strong,239,adaptshrink,0.2,0.24276189686374625,0.06237865530828468,0.4231451384192078,True
smooth,strong,240,reml_hksj,0.2,0.3464210596834585,0.2769595664480682,0.4158825529188488,True
smooth,strong,240,trim_and_fill,0.2,0.1984624479384913,0.1701604475015766,0.226764448375406,True
smooth,strong,240,pet_peese,0.2,0.3480582524860764,0.29915403014814396,0.39696247482400887,True
smooth,strong,240,copas,0.2,0.34658684878360074,0.2833969943373677,0.4097767032298338,True
smooth,strong,240,ubcma,0.2,0.250086517131682,0.15777178926590713,0.3357639329179936,True
smooth,strong,240,adaptshrink,0.2,0.2410841223794911,0.0250967130722638,0.4570715316867184,True
smooth,strong,241,reml_hksj,0.2,0.3219824640944624,0.26711310287381523,0.3768518253151096,True
smooth,strong,241,trim_and_fill,0.2,0.2264994454030903,0.19359863981976683,0.2594002509864138,True
smooth,strong,241,pet_peese,0.2,0.2668337770635698,0.2075200393673798,0.3261475147597598,True
smooth,strong,241,copas,0.2,0.3202024980112009,0.2718853537773834,0.3685196422450184,True
smooth,strong,241,ubcma,0.2,0.28917207092979247,0.1464939277417682,0.4298783030644816,True
smooth,strong,241,adaptshrink,0.2,0.25721033106553065,0.13202101392666177,0.38239964820439953,True
smooth,strong,242,reml_hksj,0.2,0.2802419262282797,0.18885493424878447,0.37162891820777494,True
smooth,strong,242,trim_and_fill,0.2,0.1288097733277997,0.09111547741143097,0.1665040692441684,True
smooth,strong,242,pet_peese,0.2,0.07634624426618108,-0.048373259780941605,0.20106574831330376,True
smooth,strong,242,copas,0.2,0.2790655763466277,0.19756458727235635,0.36056656542089904,True
smooth,strong,242,ubcma,0.2,0.1517794566025682,0.07665956964573893,0.21817767079939981,True
smooth,strong,242,adaptshrink,0.2,0.13023220232664007,0.036207629866596716,0.22425677478668343,True
smooth,strong,243,reml_hksj,0.2,0.29789334863625844,0.2441976172315314,0.3515890800409855,True
smooth,strong,243,trim_and_fill,0.2,0.1573350341215481,0.12758433036125016,0.18708573788184601,True
smooth,strong,243,pet_peese,0.2,0.30509568206891485,0.24984392574938025,0.36034743838844946,True
smooth,strong,243,copas,0.2,0.29813182360035884,0.24838538938766075,0.3478782578130569,True
smooth,strong,243,ubcma,0.2,0.283535151004246,0.19786374913445853,0.36753347552562865,True
smooth,strong,243,adaptshrink,0.2,0.2902326551442604,0.12546839597960707,0.4549969143089137,True
smooth,strong,244,reml_hksj,0.2,0.341807727782971,0.24136784069494227,0.4422476148709998,True
smooth,strong,244,trim_and_fill,0.2,0.08283419257639485,0.04853576362725978,0.11713262152552992,True
smooth,strong,244,pet_peese,0.2,0.2321636434600932,0.17596221113125518,0.2883650757889312,True
smooth,strong,244,copas,0.2,0.3406170642825169,0.249735531199886,0.43149859736514784,True
smooth,strong,244,ubcma,0.2,0.12071556701060855,0.04700683631657407,0.20995919901603877,True
smooth,strong,244,adaptshrink,0.2,0.10985688119198148,-0.0711546323606613,0.2908683947446242,True
smooth,strong,245,reml_hksj,0.2,0.37250086730150106,0.26790989824061073,0.4770918363623914,True
smooth,strong,245,trim_and_fill,0.2,0.07720263367545856,0.045925308166696266,0.10847995918422085,True
smooth,strong,245,pet_peese,0.2,0.2394766243824853,0.18934177262078192,0.2896114761441887,True
smooth,strong,245,copas,0.2,0.3710015018498471,0.27466442266423213,0.46733858103546205,True
smooth,strong,245,ubcma,0.2,0.22541398929503273,0.14877136495598342,0.2913715832702015,True
smooth,strong,245,adaptshrink,0.2,0.23039526401486604,0.09306836590998749,0.3677221621197446,True
smooth,strong,246,reml_hksj,0.2,0.30690872854196444,0.24564925957325767,0.3681681975106712,True
smooth,strong,246,trim_and_fill,0.2,0.1662604025107856,0.1336400744659045,0.1988807305556667,True
smooth,strong,246,pet_peese,0.2,0.2489025922001326,0.1841071322822183,0.3136980521180469,True
smooth,strong,246,copas,0.2,0.3054723674903486,0.2522492251310674,0.35869550984962983,True
smooth,strong,246,ubcma,0.2,0.23660814671430844,0.16279347194370608,0.3094170998494561,True
smooth,strong,246,adaptshrink,0.2,0.23451487130436308,0.09116809356686895,0.3778616490418572,True
smooth,strong,247,reml_hksj,0.2,0.2816881724897048,0.20268533815989584,0.3606910068195137,True
smooth,strong,247,trim_and_fill,0.2,0.10362395056068774,0.0749184943872845,0.132329406734091,True
smooth,strong,247,pet_peese,0.2,0.2299088449158944,0.18232258946802263,0.2774951003637661,True
smooth,strong,247,copas,0.2,0.2807872178825429,0.20882853973718044,0.3527458960279054,True
smooth,strong,247,ubcma,0.2,0.21055502208011986,0.09895976092533426,0.3236192459485843,True
smooth,strong,247,adaptshrink,0.2,0.21818748104253713,0.05934572039739153,0.3770292416876827,True
smooth,strong,248,reml_hksj,0.2,0.4514979309789882,0.36250638387686124,0.5404894780811152,True
smooth,strong,248,trim_and_fill,0.2,0.2828772644657781,0.24690940607351708,0.3188451228580391,True
smooth,strong,248,pet_peese,0.2,0.4037244100195463,0.34007884290784446,0.4673699771312481,True
smooth,strong,248,copas,0.2,0.4505847343801848,0.3704932056437085,0.530676263116661,True
smooth,strong,248,ubcma,0.2,0.2821644276286568,0.1517082280704703,0.44041359770883115,True
smooth,strong,248,adaptshrink,0.2,0.2852350206710551,0.1807797176883882,0.389690323653722,True
smooth,strong,249,reml_hksj,0.2,0.2535720470014359,0.16870829111302638,0.33843580288984537,True
smooth,strong,249,trim_and_fill,0.2,0.054161762242387855,0.021052771790066753,0.08727075269470896,True
smooth,strong,249,pet_peese,0.2,0.19421045705487758,0.1375205871905088,0.25090032691924635,True
smooth,strong,249,copas,0.2,0.25180805657576283,0.1808817205850912,0.32273439256643444,True
smooth,strong,249,ubcma,0.2,0.18360258095463727,0.07023071320664212,0.3007834387397621,True
smooth,strong,249,adaptshrink,0.2,0.1861574777982302,0.025149052544977707,0.34716590305148265,True
smooth,strong,250,reml_hksj,0.2,0.38545977649758184,0.30763584772353836,0.4632837052716253,True
smooth,strong,250,trim_and_fill,0.2,0.23329321862780103,0.19963312797683988,0.26695330927876215,True
smooth,strong,250,pet_peese,0.2,0.38563457846604615,0.3312508519813845,0.4400183049507078,True
smooth,strong,250,copas,0.2,0.3854171100403616,0.31457328751713154,0.4562609325635917,True
smooth,strong,250,ubcma,0.2,0.29197154636982703,0.19740288426607086,0.4089694454065178,True
smooth,strong,250,adaptshrink,0.2,0.28375152097271206,0.039127825716800874,0.5283752162286233,True
smooth,strong,251,reml_hksj,0.2,0.3555953456016516,0.2447306108355168,0.4664600803677864,True
smooth,strong,251,trim_and_fill,0.2,0.15422751697968415,0.11574123040905537,0.19271380355031292,True
smooth,strong,251,pet_peese,0.2,0.03810833324435636,-0.06708703446173275,0.14330370095044548,True
smooth,strong,251,copas,0.2,0.3523218907596404,0.25692293089630747,0.4477208506229733,True
smooth,strong,251,ubcma,0.2,0.14890161221309084,-0.010799713614451919,0.3005213081568956,True
smooth,strong,251,adaptshrink,0.2,0.15100587983334365,0.03916862438584466,0.26284313528084263,True
smooth,strong,252,reml_hksj,0.2,0.31476549038540486,0.25921830108161026,0.37031267968919945,True
smooth,strong,252,trim_and_fill,0.2,0.1744705678518734,0.1448751959264001,0.2040659397773467,True
smooth,strong,252,pet_peese,0.2,0.2774407282249708,0.2200283914777776,0.334853064972164,True
smooth,strong,252,copas,0.2,0.3142935557966522,0.26322204102601093,0.36536507056729345,True
smooth,strong,252,ubcma,0.2,0.23621810958603728,0.17790066017689493,0.2966474666281034,True
smooth,strong,252,adaptshrink,0.2,0.23670304802658818,0.07898375553380446,0.39442234051937186,True
smooth,strong,253,reml_hksj,0.2,0.3811261259968474,0.31201822321332295,0.4502340287803719,True
smooth,strong,253,trim_and_fill,0.2,0.23505270182073493,0.19959969002651756,0.2705057136149523,True
smooth,strong,253,pet_peese,0.2,0.2953304602869527,0.23477078911223087,0.35589013146167453,True
smooth,strong,253,copas,0.2,0.37879775346047123,0.31533520550484007,0.4422603014161024,True
smooth,strong,253,ubcma,0.2,0.19976394383792168,0.06632100882096159,0.3636657844417265,True
smooth,strong,253,adaptshrink,0.2,0.23742197598031586,0.13615914845975124,0.3386848035008805,True
smooth,strong,254,reml_hksj,0.2,0.3744703268096794,0.2903163775024793,0.4586242761168795,True
smooth,strong,254,trim_and_fill,0.2,0.23413199377219365,0.19942142267359053,0.2688425648707968,True
smooth,strong,254,pet_peese,0.2,0.3308874612816545,0.26855503416720256,0.3932198883961065,True
smooth,strong,254,copas,0.2,0.3736980934813726,0.2986667834569405,0.44872940350580476,True
smooth,strong,254,ubcma,0.2,0.05987899747678162,-0.09282198609553509,0.2429720575351998,True
smooth,strong,254,adaptshrink,0.2,0.2355531133813444,0.11341112649074678,0.35769510027194207,True
smooth,strong,255,reml_hksj,0.2,0.358876800334159,0.28975167626964643,0.4280019243986715,True
smooth,strong,255,trim_and_fill,0.2,0.2168650550353209,0.18236943993775093,0.2513606701328909,True
smooth,strong,255,pet_peese,0.2,0.2989074528794342,0.24012773370576546,0.35768717205310296,True
smooth,strong,255,copas,0.2,0.35659796750601974,0.2962916467514494,0.41690428826059006,True
smooth,strong,255,ubcma,0.2,0.26732762257882803,0.16115453011637437,0.3788162909872507,True
smooth,strong,255,adaptshrink,0.2,0.2664807932280442,0.0942245366104622,0.43873704984562617,True
smooth,strong,256,reml_hksj,0.2,0.30088992412604443,0.22233131028091177,0.37944853797117706,True
smooth,strong,256,trim_and_fill,0.2,0.13357918982106484,0.09410314678493367,0.173055232857196,True
smooth,strong,256,pet_peese,0.2,0.25574984977584314,0.17127640091153207,0.3402232986401542,True
smooth,strong,256,copas,0.2,0.3000888997422449,0.2338626333309825,0.3663151661535073,True
smooth,strong,256,ubcma,0.2,0.22618081389153033,0.09955988037610748,0.34897574368520556,True
smooth,strong,256,adaptshrink,0.2,0.22688827899044622,0.002737383015048417,0.451039174965844,True
smooth,strong,257,reml_hksj,0.2,0.3515982915322467,0.2893011928490624,0.413895390215431,True
smooth,strong,257,trim_and_fill,0.2,0.18125890508422265,0.1512933726205519,0.2112244375478934,True
smooth,strong,257,pet_peese,0.2,0.3121964428044551,0.254684679171153,0.36970820643775715,True
smooth,strong,257,copas,0.2,0.3512406618890661,0.29297916129221174,0.4095021624859205,True
smooth,strong,257,ubcma,0.2,0.2799560447507824,0.18184252731394995,0.39209273490315216,True
smooth,strong,257,adaptshrink,0.2,0.28721431255290014,0.08856624764602072,0.48586237745977956,True
smooth,strong,258,reml_hksj,0.2,0.33705838987118564,0.2889098588084471,0.38520692093392417,True
smooth,strong,258,trim_and_fill,0.2,0.2542997797946722,0.22132947618971913,0.28727008339962534,True
smooth,strong,258,pet_peese,0.2,0.28367802007557097,0.22677001528547092,0.340586024865671,True
smooth,strong,258,copas,0.2,0.33705839003155175,0.295976736561215,0.3781400435018885,True
smooth,strong,258,ubcma,0.2,0.29136246264066756,0.23069703071059963,0.35253962322472165,True
smooth,strong,258,adaptshrink,0.2,0.2776998868379208,0.18308565887574754,0.372314114800094,True
smooth,strong,259,reml_hksj,0.2,0.291537676434972,0.17749583836272198,0.40557951450722207,True
smooth,strong,259,trim_and_fill,0.2,0.09002887357386538,0.0491367517360664,0.13092099541166435,True
smooth,strong,259,pet_peese,0.2,0.34434920324852586,0.2624892534314635,0.4262091530655882,True
smooth,strong,259,copas,0.2,0.29226337800640567,0.19545734817363797,0.3890694078391734,True
smooth,strong,259,ubcma,0.2,0.21866431363070357,0.03950407346516805,0.4700190039498998,True
smooth,strong,259,adaptshrink,0.2,0.21660455145405572,-0.2489262038699951,0.6821353067781065,True
smooth,strong,260,reml_hksj,0.2,0.28051577415922263,0.1981843920556426,0.3628471562628027,True
smooth,strong,260,trim_and_fill,0.2,0.10497127104540056,0.07106161898863514,0.138880923102166,True
smooth,strong,260,pet_peese,0.2,0.24865918092646283,0.18797076431897558,0.3093475975339501,True
smooth,strong,260,copas,0.2,0.2799488991790422,0.20743165220413434,0.35246614615395006,True
smooth,strong,260,ubcma,0.2,0.22916940070154956,0.13431320197515145,0.31818995746699574,True
smooth,strong,260,adaptshrink,0.2,0.23443474648726678,0.06281293952441619,0.4060565534501174,True
smooth,strong,261,reml_hksj,0.2,0.30819668513581566,0.24134349802223537,0.37504987224939595,True
smooth,strong,261,trim_and_fill,0.2,0.15138549510634683,0.12367925356829718,0.17909173664439648,True
smooth,strong,261,pet_peese,0.2,0.2717841768344799,0.22540954577194647,0.31815880789701334,True
smooth,strong,261,copas,0.2,0.3074164883907719,0.24741544942887855,0.36741752735266525,True
smooth,strong,261,ubcma,0.2,0.23393029983684996,0.15236984408435988,0.30756695921807636,True
smooth,strong,261,adaptshrink,0.2,0.23956546018121408,0.05891915458170047,0.4202117657807277,True
smooth,strong,262,reml_hksj,0.2,0.3164465404284158,0.24530968107597745,0.38758339978085415,True
smooth,strong,262,trim_and_fill,0.2,0.16535565690528756,0.12175135397871234,0.20895995983186277,True
smooth,strong,262,pet_peese,0.2,0.2668702666338787,0.18500496503621322,0.34873556823154417,True
smooth,strong,262,copas,0.2,0.31518014683137113,0.25031396007664675,0.3800463335860955,True
smooth,strong,262,ubcma,0.2,0.2885065090309636,0.19725378678429947,0.39327815309194836,True
smooth,strong,262,adaptshrink,0.2,0.2647641812743876,0.0742195753357921,0.4553087872129831,True
smooth,strong,263,reml_hksj,0.2,0.3915523178372512,0.29192888066805034,0.49117575500645205,True
smooth,strong,263,trim_and_fill,0.2,0.20315419079652064,0.16042462792026627,0.245883753672775,True
smooth,strong,263,pet_peese,0.2,0.34322208457168835,0.2423298394700349,0.4441143296733418,True
smooth,strong,263,copas,0.2,0.3905885298214616,0.30784415789799485,0.4733329017449283,True
smooth,strong,263,ubcma,0.2,0.23368499081062932,0.05741811762847336,0.35890947038730514,True
smooth,strong,263,adaptshrink,0.2,0.21868777658996613,0.03578649318497579,0.4015890599949565,True
smooth,strong,264,reml_hksj,0.2,0.36337983450915184,0.28490089176872013,0.44185877724958356,True
smooth,strong,264,trim_and_fill,0.2,0.17281911523920426,0.13789283146990555,0.20774539900850297,True
smooth,strong,264,pet_peese,0.2,0.26933034197373057,0.1999899168430994,0.3386707671043617,True
smooth,strong,264,copas,0.2,0.36231248420576134,0.2909533378290481,0.4336716305824746,True
smooth,strong,264,ubcma,0.2,0.24818162176897451,0.14747057155658122,0.3295132104257712,True
smooth,strong,264,adaptshrink,0.2,0.2480847262426274,0.07583811064131335,0.42033134184394144,True
smooth,strong,265,reml_hksj,0.2,0.28860157112380586,0.2443784498776094,0.3328246923700023,True
smooth,strong,265,trim_and_fill,0.2,0.2187270502148512,0.1864877553898489,0.2509663450398535,True
smooth,strong,265,pet_peese,0.2,0.2594248419009797,0.2013254509234188,0.3175242328785406,True
smooth,strong,265,copas,0.2,0.2886015601657181,0.24930380678762606,0.3278993135438101,True
smooth,strong,265,ubcma,0.2,0.274945448811931,0.2047010686115241,0.3446024195611847,True
smooth,strong,265,adaptshrink,0.2,0.254732100528664,0.13717578677146552,0.3722884142858625,True
smooth,strong,266,reml_hksj,0.2,0.3439214869506612,0.2625660189826056,0.4252769549187168,True
smooth,strong,266,trim_and_fill,0.2,0.21013937036354757,0.1751700949006803,0.24510864582641484,True
smooth,strong,266,pet_peese,0.2,0.37318602971455855,0.3136711033660983,0.4327009560630188,True
smooth,strong,266,copas,0.2,0.34451608007862927,0.2721869731509924,0.41684518700626616,True
smooth,strong,266,ubcma,0.2,0.2859278580830094,0.15880271035850393,0.4118651846274416,True
smooth,strong,266,adaptshrink,0.2,0.28156149647099277,-0.005884873031117455,0.569007865973103,True
smooth,strong,267,reml_hksj,0.2,0.31021446523854124,0.2548779172325215,0.36555101324456096,True
smooth,strong,267,trim_and_fill,0.2,0.21751182068848363,0.18254968296404872,0.25247395841291853,True
smooth,strong,267,pet_peese,0.2,0.2533901840489809,0.1972301809823805,0.3095501871155813,True
smooth,strong,267,copas,0.2,0.30810306816805133,0.2576527695062363,0.3585533668298664,True
smooth,strong,267,ubcma,0.2,0.25654879486303556,0.19100962799656487,0.3200883725356677,True
smooth,strong,267,adaptshrink,0.2,0.24632541300962674,0.14628809123131,0.34636273478794344,True
smooth,strong,268,reml_hksj,0.2,0.3248430050193817,0.2747467759915611,0.37493923404720225,True
smooth,strong,268,trim_and_fill,0.2,0.22878088743739244,0.19933388347946163,0.25822789139532326,True
smooth,strong,268,pet_peese,0.2,0.3204753955440246,0.26945874372387585,0.37149204736417335,True
smooth,strong,268,copas,0.2,0.3248561454917947,0.27828263500172484,0.37142965598186456,True
smooth,strong,268,ubcma,0.2,0.2528262593249542,0.18190618305640283,0.3263568905481761,True
smooth,strong,268,adaptshrink,0.2,0.244978572274129,0.11542257505894035,0.3745345694893176,True
smooth,strong,269,reml_hksj,0.2,0.354167482590855,0.2718321338776641,0.43650283130404594,True
smooth,strong,269,trim_and_fill,0.2,0.20616714571010836,0.17786898469056353,0.23446530672965318,True
smooth,strong,269,pet_peese,0.2,0.3381869198458631,0.28891142058517116,0.387462419106555,True
smooth,strong,269,copas,0.2,0.35376469788924336,0.2893109098298248,0.4182184859486619,True
smooth,strong,269,ubcma,0.2,0.2675219507215076,0.11943952100619631,0.36110580654218893,True
smooth,strong,269,adaptshrink,0.2,0.26336042132850956,0.018064067923598354,0.5086567747334207,True
smooth,strong,270,reml_hksj,0.2,0.3234486751382596,0.2603416813029,0.3865556689736192,True
smooth,strong,270,trim_and_fill,0.2,0.15920440305537056,0.13256597381789023,0.1858428322928509,True
smooth,strong,270,pet_peese,0.2,0.2552368102959699,0.209575927699864,0.3008976928920758,True
smooth,strong,270,copas,0.2,0.32251350397065337,0.2640078140943637,0.38101919384694305,True
smooth,strong,270,ubcma,0.2,0.17647740532277942,0.09998685445787012,0.2639012316021744,True
smooth,strong,270,adaptshrink,0.2,0.1678469594240593,0.05788937489301578,0.27780454395510285,True
smooth,strong,271,reml_hksj,0.2,0.3471893440005488,0.27314318718222014,0.42123550081887745,True
smooth,strong,271,trim_and_fill,0.2,0.20843322803757844,0.1726388411832344,0.2442276148919225,True
smooth,strong,271,pet_peese,0.2,0.2815571507054185,0.2220525443806287,0.34106175703020825,True
smooth,strong,271,copas,0.2,0.34531728836238973,0.27959532837887846,0.411039248345901,True
smooth,strong,271,ubcma,0.2,0.29236362027525054,0.19750629399214276,0.4179255675112311,True
smooth,strong,271,adaptshrink,0.2,0.2754417270758595,0.12933969748984833,0.4215437566618707,True
smooth,strong,272,reml_hksj,0.2,0.3683185853732764,0.28296541011126075,0.453671760635292,True
smooth,strong,272,trim_and_fill,0.2,0.25768206161422047,0.2197282923480053,0.2956358308804356,True
smooth,strong,272,pet_peese,0.2,0.33674679866197876,0.2681715687476583,0.40532202857629923,True
smooth,strong,272,copas,0.2,0.36739313548722674,0.29146270597482893,0.44332356499962455,True
smooth,strong,272,ubcma,0.2,0.3400699576740422,0.18497655692824067,0.47543878111756216,True
smooth,strong,272,adaptshrink,0.2,0.32689255629017167,0.16096475066046942,0.4928203619198739,True
smooth,strong,273,reml_hksj,0.2,0.3741542034171016,0.2757808711656868,0.4725275356685164,True
smooth,strong,273,trim_and_fill,0.2,0.10805883067146664,0.07716771054015145,0.13894995080278183,True
smooth,strong,273,pet_peese,0.2,0.2327767082822573,0.18113446769493774,0.28441894886957686,True
smooth,strong,273,copas,0.2,0.3728184168494581,0.2843160546646366,0.4613207790342796,True
smooth,strong,273,ubcma,0.2,0.16262888723886812,0.030334139228108074,0.28456112235061304,True
smooth,strong,273,adaptshrink,0.2,0.1565374844418071,-0.0783608309239561,0.39143579980757026,True
smooth,strong,274,reml_hksj,0.2,0.3344714154128731,0.2690104671984354,0.3999323636273108,True
smooth,strong,274,trim_and_fill,0.2,0.20923574188782693,0.1777877658334296,0.24068371794222426,True
smooth,strong,274,pet_peese,0.2,0.3299656190259199,0.2718672686863453,0.38806396936549453,True
smooth,strong,274,copas,0.2,0.3343863563762268,0.27633064229871523,0.3924420704537384,True
smooth,strong,274,ubcma,0.2,0.25320999074637196,0.16240855550567904,0.34323493054941057,True
smooth,strong,274,adaptshrink,0.2,0.24508038428574414,0.05091944708952831,0.43924132148195993,True
smooth,strong,275,reml_hksj,0.2,0.29778671523164785,0.21020465577076664,0.38536877469252906,True
smooth,strong,275,trim_and_fill,0.2,0.13935430907389135,0.10444712938537049,0.1742614887624122,True
smooth,strong,275,pet_peese,0.2,0.2366563742336155,0.18106329069178506,0.2922494577754459,True
smooth,strong,275,copas,0.2,0.29564948743894987,0.22191238426641063,0.3693865906114891,True
smooth,strong,275,ubcma,0.2,0.20737233995384607,0.11517560624942219,0.2920169346343501,True
smooth,strong,275,adaptshrink,0.2,0.21035249537951908,0.03899403265683696,0.38171095810220124,True
smooth,strong,276,reml_hksj,0.2,0.2761313408167172,0.2137411755234572,0.33852150610997717,True
smooth,strong,276,trim_and_fill,0.2,0.1077532934799995,0.07809188726362526,0.13741469969637374,True
smooth,strong,276,pet_peese,0.2,0.22806921923703097,0.1732594719478355,0.28287896652622646,True
smooth,strong,276,copas,0.2,0.27560462142856806,0.218212012899589,0.3329972299575471,True
smooth,strong,276,ubcma,0.2,0.21122527806552893,0.13079977150449704,0.2917484476582075,True
smooth,strong,276,adaptshrink,0.2,0.21513354570931306,0.06366042194358595,0.36660666947504017,True
smooth,strong,277,reml_hksj,0.2,0.30647167362741634,0.217761103180312,0.3951822440745207,True
smooth,strong,277,trim_and_fill,0.2,0.15823669750987593,0.12512063880028745,0.1913527562194644,True
smooth,strong,277,pet_peese,0.2,0.24959528778089118,0.1883754953081968,0.31081508025358556,True
smooth,strong,277,copas,0.2,0.3054997911509197,0.23491932407221733,0.37608025822962204,True
smooth,strong,277,ubcma,0.2,0.25568203246313576,0.11628486817763486,0.37850137503829695,True
smooth,strong,277,adaptshrink,0.2,0.24281729894435183,0.08517259718918685,0.4004620006995168,True
smooth,strong,278,reml_hksj,0.2,0.3410495629229723,0.2656486950671687,0.41645043077877586,True
smooth,strong,278,trim_and_fill,0.2,0.16182101608584365,0.13160859132120095,0.19203344085048635,True
smooth,strong,278,pet_peese,0.2,0.2917075562112151,0.23869902015420386,0.3447160922682263,True
smooth,strong,278,copas,0.2,0.34074532569142835,0.271724643641812,0.4097660077410447,True
smooth,strong,278,ubcma,0.2,0.2485608340403744,0.1276872234260133,0.3363878342188092,True
smooth,strong,278,adaptshrink,0.2,0.2548602057400643,0.038664285644083696,0.4710561258360449,True
smooth,strong,279,reml_hksj,0.2,0.3534330409286445,0.270488294243314,0.43637778761397505,True
smooth,strong,279,trim_and_fill,0.2,0.1618298005601475,0.1303909947259448,0.19326860639435023,True
smooth,strong,279,pet_peese,0.2,0.3257024138469464,0.27071213646184566,0.3806926912320472,True
smooth,strong,279,copas,0.2,0.352901753184565,0.27786175785906997,0.42794174851006006,True
smooth,strong,279,ubcma,0.2,0.3131832975994018,0.17940727384162997,0.43443180073771676,True
smooth,strong,279,adaptshrink,0.2,0.31820951149327314,0.15367433359507368,0.48274468939147264,True
smooth,strong,280,reml_hksj,0.2,0.3281956870885329,0.25519083801751674,0.4012005361595491,True
smooth,strong,280,trim_and_fill,0.2,0.1369876660168702,0.11085042262622734,0.1631249094075131,True
smooth,strong,280,pet_peese,0.2,0.2608167265054756,0.2178365812051323,0.30379687180581894,True
smooth,strong,280,copas,0.2,0.32763888369600896,0.26035486614039377,0.39492290125162416,True
smooth,strong,280,ubcma,0.2,0.17580965059977732,0.09667734406562126,0.25758107522574475,True
smooth,strong,280,adaptshrink,0.2,0.16668840819016298,-0.010259329147552232,0.3436361455278782,True
smooth,strong,281,reml_hksj,0.2,0.35241281617252546,0.26998391578113307,0.43484171656391785,True
smooth,strong,281,trim_and_fill,0.2,0.2120446050601162,0.17533591823388045,0.24875329188635192,True
smooth,strong,281,pet_peese,0.2,0.3268291795006426,0.2568098739159081,0.3968484850853771,True
smooth,strong,281,copas,0.2,0.3522153840647817,0.2777681124084063,0.4266626557211571,True
smooth,strong,281,ubcma,0.2,0.3107494078352196,0.18962498630570807,0.4251181098278771,True
smooth,strong,281,adaptshrink,0.2,0.31142813688874055,0.12480607233789967,0.49805020143958145,True
smooth,strong,282,reml_hksj,0.2,0.32221944405668507,0.22601518281347072,0.4184237052998994,True
smooth,strong,282,trim_and_fill,0.2,0.10887669369448591,0.07396967999488799,0.14378370739408383,True
smooth,strong,282,pet_peese,0.2,0.25020065353750276,0.19180118478553265,0.30860012228947287,True
smooth,strong,282,copas,0.2,0.3215460677773944,0.23429155660225276,0.4088005789525361,True
smooth,strong,282,ubcma,0.2,0.14198034819226363,0.04396324096135104,0.27050013952948976,True
smooth,strong,282,adaptshrink,0.2,0.1283235278937637,-0.05299161935767635,0.3096386751452037,True
smooth,strong,283,reml_hksj,0.2,0.3620754310908343,0.3045733261991873,0.41957753598248126,True
smooth,strong,283,trim_and_fill,0.2,0.22268574922723833,0.19558062775342253,0.24979087070105413,True
smooth,strong,283,pet_peese,0.2,0.3319223839049897,0.2800109672757126,0.38383380053426674,True
smooth,strong,283,copas,0.2,0.36179141334146653,0.30789981282581136,0.4156830138571217,True
smooth,strong,283,ubcma,0.2,0.38327970626814445,0.3001132536015789,0.47000498828977444,True
smooth,strong,283,adaptshrink,0.2,0.3332883482652897,0.17156372318612387,0.4950129733444555,True
smooth,strong,284,reml_hksj,0.2,0.30782619477261347,0.2436967578659536,0.37195563167927337,True
smooth,strong,284,trim_and_fill,0.2,0.17277254185769206,0.1428615512872225,0.20268353242816162,True
smooth,strong,284,pet_peese,0.2,0.07247887124272082,-0.057685905019475486,0.20264364750491712,True
smooth,strong,284,copas,0.2,0.3069626691829904,0.24939077740721813,0.36453456095876274,True
smooth,strong,284,ubcma,0.2,0.1978909102290156,0.11233794636565159,0.2735080748273993,True
smooth,strong,284,adaptshrink,0.2,0.1735837879121142,0.08726353294298093,0.25990404288124747,True
smooth,strong,285,reml_hksj,0.2,0.31623243175381327,0.2556125625308665,0.37685230097676004,True
smooth,strong,285,trim_and_fill,0.2,0.21047883626682065,0.17148030539970663,0.24947736713393467,True
smooth,strong,285,pet_peese,0.2,0.25666011834807106,0.1771441600913456,0.33617607660479654,True
smooth,strong,285,copas,0.2,0.31431301278341606,0.2654147896902924,0.3632112358765397,True
smooth,strong,285,ubcma,0.2,0.2737365482906229,0.18118480092245975,0.3662273863153387,True
smooth,strong,285,adaptshrink,0.2,0.24845431344226412,0.1032726183080393,0.39363600857648895,True
smooth,strong,286,reml_hksj,0.2,0.339483378497782,0.20744479410720942,0.4715219628883546,True
smooth,strong,286,trim_and_fill,0.2,0.18868916058474905,0.15060183500103622,0.22677648616846188,True
smooth,strong,286,pet_peese,0.2,0.3362789312967326,0.26620479208832387,0.4063530705051413,True
smooth,strong,286,copas,0.2,0.33952412302543167,0.23799624524445745,0.4410520008064059,True
smooth,strong,286,ubcma,0.2,0.1994140270388696,0.1159600226837505,0.28057583611715853,True
smooth,strong,286,adaptshrink,0.2,0.19377337682226464,0.07883935416222054,0.30870739948230874,True
smooth,strong,287,reml_hksj,0.2,0.29282149135717755,0.20502968722243503,0.3806132954919201,True
smooth,strong,287,trim_and_fill,0.2,0.10647234004755687,0.07316472325903209,0.13977995683608166,True
smooth,strong,287,pet_peese,0.2,0.21618586007255855,0.16022409502600768,0.27214762511910945,True
smooth,strong,287,copas,0.2,0.2907110270788192,0.2161608323817863,0.3652612217758521,True
smooth,strong,287,ubcma,0.2,0.17108741990331275,0.0848961688659142,0.2597730386964334,True
smooth,strong,287,adaptshrink,0.2,0.17234402376973132,-0.02298103488283909,0.36766908242230173,True
smooth,strong,288,reml_hksj,0.2,0.3635458311597993,0.2738235655061892,0.45326809681340946,True
smooth,strong,288,trim_and_fill,0.2,0.1394918954336041,0.10829028544315779,0.17069350542405043,True
smooth,strong,288,pet_peese,0.2,0.30969208766807815,0.25171861373603177,0.36766556160012454,True
smooth,strong,288,copas,0.2,0.3631098690794067,0.2840154314882179,0.44220430667059546,True
smooth,strong,288,ubcma,0.2,0.3546619207419916,0.24372847614228005,0.4502802109329658,True
smooth,strong,288,adaptshrink,0.2,0.3122517034538117,0.1363497467882889,0.4881536601193345,True
smooth,strong,289,reml_hksj,0.2,0.3332605196148074,0.26754793094123536,0.39897310828837945,True
smooth,strong,289,trim_and_fill,0.2,0.19352120364494682,0.16137043127695527,0.22567197601293837,True
smooth,strong,289,pet_peese,0.2,0.34540927122953063,0.2905644817218373,0.40025406073722397,True
smooth,strong,289,copas,0.2,0.33329112047181053,0.2726553169692118,0.39392692397440926,True
smooth,strong,289,ubcma,0.2,0.2394321785775044,0.15269434966148596,0.31445490114037145,True
smooth,strong,289,adaptshrink,0.2,0.22981468152848727,0.03195601709439386,0.42767334596258066,True
smooth,strong,290,reml_hksj,0.2,0.29812601818214474,0.25067638635359285,0.3455756500106966,True
smooth,strong,290,trim_and_fill,0.2,0.19040932116959353,0.1606586336562727,0.22016000868291435,True
smooth,strong,290,pet_peese,0.2,0.30529172546053646,0.24546423499577277,0.36511921592530017,True
smooth,strong,290,copas,0.2,0.2983617393053438,0.2550253846132702,0.34169809399741746,True
smooth,strong,290,ubcma,0.2,0.30403194430161556,0.2126851459849859,0.3951817683900693,True
smooth,strong,290,adaptshrink,0.2,0.2994964766015751,0.15150126395600003,0.4474916892471501,True
smooth,strong,291,reml_hksj,0.2,0.3525310634341595,0.27619787623447134,0.4288642506338477,True
smooth,strong,291,trim_and_fill,0.2,0.19602673022313138,0.15863602319936573,0.23341743724689704,True
smooth,strong,291,pet_peese,0.2,0.28966569949640053,0.2133888091982947,0.36594258979450633,True
smooth,strong,291,copas,0.2,0.3516648188189006,0.28182204492989665,0.42150759270790455,True
smooth,strong,291,ubcma,0.2,0.27888043976388494,0.18348868276227925,0.3716415246827137,True
smooth,strong,291,adaptshrink,0.2,0.2747905763495157,0.10466583962855527,0.44491531307047616,True
smooth,strong,292,reml_hksj,0.2,0.3329563114091098,0.24939231353307278,0.41652030928514683,True
smooth,strong,292,trim_and_fill,0.2,0.14687896189991786,0.10930037141749176,0.18445755238234396,True
smooth,strong,292,pet_peese,0.2,0.22995330476113923,0.1668741558404509,0.29303245368182756,True
smooth,strong,292,copas,0.2,0.331961706573331,0.2547794058576019,0.40914400728906014,True
smooth,strong,292,ubcma,0.2,0.16469842241019161,0.022822182297273237,0.30657466252311,True
smooth,strong,292,adaptshrink,0.2,0.15725955296882851,0.02585064715187385,0.2886684587857832,True
smooth,strong,293,reml_hksj,0.2,0.30413116823798847,0.23189733378984612,0.3763650026861308,True
smooth,strong,293,trim_and_fill,0.2,0.16097584042921192,0.12672596450570617,0.19522571635271768,True
smooth,strong,293,pet_peese,0.2,0.23740725531385418,0.17983893374511822,0.29497557688259013,True
smooth,strong,293,copas,0.2,0.3024820191263986,0.23997191183853753,0.3649921264142597,True
smooth,strong,293,ubcma,0.2,0.20653973848986104,0.13434417085574468,0.3051567129809074,True
smooth,strong,293,adaptshrink,0.2,0.20511657967457805,0.04960615941055149,0.3606269999386046,True
smooth,strong,294,reml_hksj,0.2,0.3256488665229907,0.2454415707823667,0.40585616226361465,True
smooth,strong,294,trim_and_fill,0.2,0.1947086163254883,0.1559546182144198,0.2334626144365568,True
smooth,strong,294,pet_peese,0.2,0.11052858501419618,-0.010036282024787083,0.23109345205317944,True
smooth,strong,294,copas,0.2,0.32342447213545483,0.25723203558890156,0.3896169086820081,True
smooth,strong,294,ubcma,0.2,0.18616021049459058,0.11496930325782034,0.2559454560500095,True
smooth,strong,294,adaptshrink,0.2,0.1896098217013745,0.0910863480142253,0.2881332953885237,True
smooth,strong,295,reml_hksj,0.2,0.29218909586964176,0.22228061147573724,0.36209758026354627,True
smooth,strong,295,trim_and_fill,0.2,0.13764874867036983,0.09461137218596895,0.18068612515477073,True
smooth,strong,295,pet_peese,0.2,0.28399089478813516,0.18639190733454483,0.3815898822417255,True
smooth,strong,295,copas,0.2,0.2921891634068292,0.23388294530857176,0.35049538150508663,True
smooth,strong,295,ubcma,0.2,0.2925260986885362,0.1956760508923248,0.38109650235368786,True
smooth,strong,295,adaptshrink,0.2,0.28060176561621086,0.07913639563415079,0.48206713559827097,True
smooth,strong,296,reml_hksj,0.2,0.36207699582361774,0.29063056895728684,0.43352342268994865,True
smooth,strong,296,trim_and_fill,0.2,0.22042836211706843,0.18764851364396135,0.2532082105901755,True
smooth,strong,296,pet_peese,0.2,0.3380278489424807,0.2714087311108362,0.40464696677412526,True
smooth,strong,296,copas,0.2,0.36153541037826575,0.30034340874013427,0.42272741201639724,True
smooth,strong,296,ubcma,0.2,0.23827367879705094,0.1323508719526269,0.3419168249253767,True
smooth,strong,296,adaptshrink,0.2,0.22839941833459232,0.10408458730146423,0.3527142493677204,True
smooth,strong,297,reml_hksj,0.2,0.3352426910315023,0.24951275904582781,0.42097262301717675,True
smooth,strong,297,trim_and_fill,0.2,0.0995757453742673,0.06998921863473621,0.1291622721137984,True
smooth,strong,297,pet_peese,0.2,0.23229514724373748,0.18191298239814863,0.28267731208932634,True
smooth,strong,297,copas,0.2,0.33390491313504944,0.25543296069710797,0.4123768655729909,True
smooth,strong,297,ubcma,0.2,0.3397621592917943,0.19050988948230813,0.4729359543798995,True
smooth,strong,297,adaptshrink,0.2,0.23166981049301913,0.059213814319136165,0.4041258066669021,True
smooth,strong,298,reml_hksj,0.2,0.3304471105114556,0.26030162733206913,0.40059259369084205,True
smooth,strong,298,trim_and_fill,0.2,0.18189257876319562,0.14637445506141883,0.2174107024649724,True
smooth,strong,298,pet_peese,0.2,0.2852260677113988,0.21996394051150736,0.35048819491129024,True
smooth,strong,298,copas,0.2,0.32966789198939467,0.2649729395163914,0.39436284446239794,True
smooth,strong,298,ubcma,0.2,0.20681657519242375,0.09929477811726106,0.43888799544081836,True
smooth,strong,298,adaptshrink,0.2,0.19515467416083374,0.04040255740104129,0.34990679092062615,True
smooth,strong,299,reml_hksj,0.2,0.34946468237123934,0.2429949415376422,0.45593442320483646,True
smooth,strong,299,trim_and_fill,0.2,0.14503490372628633,0.11124893405907754,0.17882087339349512,True
smooth,strong,299,pet_peese,0.2,0.28451061065329875,0.22721923544656727,0.34180198586003024,True
smooth,strong,299,copas,0.2,0.34811648233915227,0.25567015944556026,0.44056280523274427,True
smooth,strong,299,ubcma,0.2,0.1951793925409242,-0.02876460128969938,0.32507292381784925,True
smooth,strong,299,adaptshrink,0.2,0.18212453879942903,-0.06718913414326119,0.43143821174211927,True
step,strong,0,reml_hksj,0.2,0.32319007313440107,0.2761978370075755,0.37018230926122664,True
step,strong,0,trim_and_fill,0.2,0.23261933619251665,0.19993342220346136,0.2653052501815719,True
step,strong,0,pet_peese,0.2,0.2680068489995204,0.20552274113504015,0.3304909568640006,True
step,strong,0,copas,0.2,0.32319046973944693,0.2812625459927165,0.36511839348617736,True
step,strong,0,ubcma,0.2,0.2944218261266664,0.212033701474294,0.3863152684885359,True
step,strong,0,adaptshrink,0.2,0.26142063791602754,0.13715692025251058,0.3856843555795445,True
step,strong,1,reml_hksj,0.2,0.34740569123899745,0.2657045326251703,0.4291068498528246,True
step,strong,1,trim_and_fill,0.2,0.20805329839684636,0.17250082102768188,0.24360577576601083,True
step,strong,1,pet_peese,0.2,0.2382644852672319,0.18272173688692103,0.2938072336475428,True
step,strong,1,copas,0.2,0.34599628678306804,0.27040883129777155,0.42158374226836454,True
step,strong,1,ubcma,0.2,0.3076084250928,0.17096640733028892,0.43684074578967313,True
step,strong,1,adaptshrink,0.2,0.23040121225671029,0.10565081142833568,0.3551516130850849,True
step,strong,2,reml_hksj,0.2,0.3268059397087411,0.2590592471944215,0.3945526322230607,True
step,strong,2,trim_and_fill,0.2,0.21208831268665246,0.17466642066037066,0.24951020471293425,True
step,strong,2,pet_peese,0.2,0.32424031727000174,0.2521264277226733,0.3963542068173302,True
step,strong,2,copas,0.2,0.3267300636898796,0.2647094791092107,0.3887506482705485,True
step,strong,2,ubcma,0.2,0.25167261621296416,0.1728251240410203,0.33333713825037387,True
step,strong,2,adaptshrink,0.2,0.24413846337623396,0.06851246328006513,0.4197644634724028,True
step,strong,3,reml_hksj,0.2,0.35660418259292265,0.2941128465022625,0.4190955186835828,True
step,strong,3,trim_and_fill,0.2,0.2032305829921314,0.1759671156843339,0.2304940502999289,True
step,strong,3,pet_peese,0.2,0.2633899600877245,0.21671210814140704,0.31006781203404193,True
step,strong,3,copas,0.2,0.3551656939756344,0.29708510908222013,0.4132462788690487,True
step,strong,3,ubcma,0.2,0.21484645443867229,0.091180003200094,0.32571241853966937,True
step,strong,3,adaptshrink,0.2,0.20972814537203685,0.1169575665543201,0.3024987241897536,True
step,strong,4,reml_hksj,0.2,0.38176521290171905,0.32541693051826764,0.43811349528517046,True
step,strong,4,trim_and_fill,0.2,0.2671958089875451,0.2338254371640622,0.3005661808110279,True
step,strong,4,pet_peese,0.2,0.30610113957220136,0.24729912306663604,0.3649031560777667,True
step,strong,4,copas,0.2,0.3798529629114121,0.32843182430459883,0.4312741015182253,True
step,strong,4,ubcma,0.2,0.3296436555821986,0.2512224673195632,0.4039910158831387,True
step,strong,4,adaptshrink,0.2,0.3013448451096862,0.17743459903896264,0.4252550911804097,True
step,strong,5,reml_hksj,0.2,0.327974699158286,0.2707152335326403,0.38523416478393163,True
step,strong,5,trim_and_fill,0.2,0.18292138660346072,0.153016407617718,0.21282636558920343,True
step,strong,5,pet_peese,0.2,0.24090247812698726,0.18976936777962322,0.2920355884743513,True
step,strong,5,copas,0.2,0.3264783928888985,0.2733788755448853,0.3795779102329117,True
step,strong,5,ubcma,0.2,0.24754565966107994,0.15913152352426854,0.3276429128689341,True
step,strong,5,adaptshrink,0.2,0.23535791365474018,0.11540713087616267,0.3553086964333177,True
step,strong,6,reml_hksj,0.2,0.4422055701481507,0.3690539170583667,0.5153572232379348,True
step,strong,6,trim_and_fill,0.2,0.277305589592396,0.24261041346312168,0.3120007657216703,True
step,strong,6,pet_peese,0.2,0.4402832071298547,0.37292076983285766,0.5076456444268518,True
step,strong,6,copas,0.2,0.44221384763067695,0.3766126114604258,0.5078150838009281,True
step,strong,6,ubcma,0.2,0.33369800324839016,0.22089882620168663,0.4457034188079594,True
step,strong,6,adaptshrink,0.2,0.3222899748083888,0.07394393267249105,0.5706360169442866,True
step,strong,7,reml_hksj,0.2,0.33834608576810876,0.29212719458286474,0.3845649769533528,True
step,strong,7,trim_and_fill,0.2,0.25746525260650943,0.2240555187475898,0.29087498646542903,True
step,strong,7,pet_peese,0.2,0.3064981197056305,0.2504695274212614,0.36252671198999964,True
step,strong,7,copas,0.2,0.3365015292406175,0.2947895180128962,0.37821354046833877,True
step,strong,7,ubcma,0.2,0.2802690880706406,0.2207761778710725,0.3392453425151104,True
step,strong,7,adaptshrink,0.2,0.2766918042388499,0.17431570433714547,0.37906790414055436,True
step,strong,8,reml_hksj,0.2,0.31381216748913177,0.2498290367054974,0.37779529827276614,True
step,strong,8,trim_and_fill,0.2,0.1653401445387512,0.13730433334235034,0.19337595573515207,True
step,strong,8,pet_peese,0.2,0.22623931982547676,0.17644219942861575,0.2760364402223378,True
step,strong,8,copas,0.2,0.3120107089098561,0.2556436450314146,0.3683777727882976,True
step,strong,8,ubcma,0.2,0.24918929227378417,0.17864957764841197,0.31781884054566467,True
step,strong,8,adaptshrink,0.2,0.22508862984563432,0.09786284427435316,0.3523144154169155,True
step,strong,9,reml_hksj,0.2,0.3450280551731956,0.2746868094989025,0.41536930084748874,True
step,strong,9,trim_and_fill,0.2,0.23229444311266134,0.19702118855194492,0.2675676976733778,True
step,strong,9,pet_peese,0.2,0.29085579859494987,0.22643075853034234,0.3552808386595574,True
step,strong,9,copas,0.2,0.3424986389616996,0.2849308407864741,0.400066437136925,True
step,strong,9,ubcma,0.2,0.2842115475080515,0.18425054184995313,0.38137800450363657,False
step,strong,9,adaptshrink,0.2,0.2544726137833947,-0.16442747748270647,0.6733727050494959,True
step,strong,10,reml_hksj,0.2,0.2967110812275656,0.22871568943275983,0.3647064730223714,True
step,strong,10,trim_and_fill,0.2,0.18500139646752176,0.14574648895365275,0.22425630398139076,True
step,strong,10,pet_peese,0.2,0.09442996029385074,-0.0501822250024319,0.23904214559013337,True
step,strong,10,copas,0.2,0.2954509418849458,0.23305829157761268,0.3578435921922789,True
step,strong,10,ubcma,0.2,0.18331269331560157,0.09755438153674892,0.2802186768481164,True
step,strong,10,adaptshrink,0.2,0.1824887329522177,0.08403210534450051,0.2809453605599349,True
step,strong,11,reml_hksj,0.2,0.34090244987139723,0.2860345409470112,0.39577035879578326,True
step,strong,11,trim_and_fill,0.2,0.21728998219289955,0.18643807279074107,0.24814189159505803,True
step,strong,11,pet_peese,0.2,0.3144533297529338,0.2589662168245611,0.36994044268130644,True
step,strong,11,copas,0.2,0.3403887183057936,0.290254270386524,0.39052316622506317,True
step,strong,11,ubcma,0.2,0.2957811825230988,0.20901516876294263,0.38594000188169697,True
step,strong,11,adaptshrink,0.2,0.2984106001858963,0.1428856306105604,0.4539355697612323,True
step,strong,12,reml_hksj,0.2,0.3254637928937165,0.2731687185405187,0.3777588672469143,True
step,strong,12,trim_and_fill,0.2,0.19415275389286593,0.16186943103462595,0.2264360767511059,True
step,strong,12,pet_peese,0.2,0.26663419487806667,0.20486064199511936,0.328407747761014,True
step,strong,12,copas,0.2,0.32461223419581803,0.2758485788006906,0.3733758895909455,True
step,strong,12,ubcma,0.2,0.19590062505165734,0.11434012795960938,0.278718720556946,True
step,strong,12,adaptshrink,0.2,0.19713912604464695,0.10997276468467057,0.28430548740462336,True
step,strong,13,reml_hksj,0.2,0.3182871942889056,0.27483715323802266,0.3617372353397886,True
step,strong,13,trim_and_fill,0.2,0.21974189462698646,0.19209275882352758,0.24739103043044533,True
step,strong,13,pet_peese,0.2,0.2588836511482815,0.21034161123266149,0.3074256910639015,True
step,strong,13,copas,0.2,0.317022520764066,0.2778592833345139,0.35618575819361814,True
step,strong,13,ubcma,0.2,0.27375146353533714,0.22352030690813982,0.323445866930543,True
step,strong,13,adaptshrink,0.2,0.25723329946396856,0.15511451328251308,0.35935208564542404,True
step,strong,14,reml_hksj,0.2,0.3461028046690123,0.2853331992323021,0.40687241010572245,True
step,strong,14,trim_and_fill,0.2,0.22384506187560543,0.19500284501791307,0.25268727873329777,True
step,strong,14,pet_peese,0.2,0.31704141015477116,0.26865100393403585,0.3654318163755065,True
step,strong,14,copas,0.2,0.34574666598777243,0.2900283734985252,0.40146495847701963,True
step,strong,14,ubcma,0.2,0.27037418540578423,0.21204138457057287,0.3292594673854491,True
step,strong,14,adaptshrink,0.2,0.2689005636924394,0.11787174031998135,0.41992938706489746,True
step,strong,15,reml_hksj,0.2,0.3556628839271777,0.3006962852976669,0.4106294825566885,True
step,strong,15,trim_and_fill,0.2,0.23133035405088936,0.20371808295111266,0.2589426251506661,True
step,strong,15,pet_peese,0.2,0.3756181654585166,0.32731219399123856,0.42392413692579467,True
step,strong,15,copas,0.2,0.35593133557713175,0.3047852728529268,0.4070773983013367,True
step,strong,15,ubcma,0.2,0.3179400456782797,0.23909118078685476,0.3972423255489539,True
step,strong,15,adaptshrink,0.2,0.3213577535047735,0.10751527873367225,0.5352002282758748,True
step,strong,16,reml_hksj,0.2,0.331095636308426,0.26649645380587805,0.3956948188109739,True
step,strong,16,trim_and_fill,0.2,0.2027914166839869,0.1725996421153634,0.23298319125261038,True
step,strong,16,pet_peese,0.2,0.29158232968581327,0.24012667240660893,0.34303798696501764,True
step,strong,16,copas,0.2,0.33046079721480925,0.27134335327246706,0.38957824115715145,True
step,strong,16,ubcma,0.2,0.30061667045115364,0.17388431106834767,0.43414079006884015,True
step,strong,16,adaptshrink,0.2,0.28661718220852367,0.14759117072294076,0.4256431936941066,True
step,strong,17,reml_hksj,0.2,0.2945444326550406,0.24942525422123227,0.33966361108884896,True
step,strong,17,trim_and_fill,0.2,0.20090111508701713,0.17151261839682358,0.2302896117772107,True
step,strong,17,pet_peese,0.2,0.26083618660402996,0.2088450220759979,0.31282735113206206,True
step,strong,17,copas,0.2,0.2936941218554984,0.2526831276155712,0.33470511609542564,True
step,strong,17,ubcma,0.2,0.25598764652177636,0.20553535034306641,0.3066262854379884,True
step,strong,17,adaptshrink,0.2,0.25277527150753076,0.14973853860554465,0.3558120044095169,True
step,strong,18,reml_hksj,0.2,0.31440533306056767,0.24839019328819395,0.3804204728329414,True
step,strong,18,trim_and_fill,0.2,0.15320908871574698,0.12095927079721888,0.18545890663427508,True
step,strong,18,pet_peese,0.2,0.21311362472065995,0.15412403470298014,0.27210321473833976,True
step,strong,18,copas,0.2,0.3125588238865832,0.2527773472447933,0.3723403005283731,True
step,strong,18,ubcma,0.2,0.20262661844987898,0.11056120618531017,0.3045589350710189,True
step,strong,18,adaptshrink,0.2,0.19814558932761556,0.06352578351143584,0.3327653951437953,True
step,strong,19,reml_hksj,0.2,0.37405512146522074,0.3103129894013755,0.43779725352906596,True
step,strong,19,trim_and_fill,0.2,0.23499005818611446,0.1993400820117182,0.2706400343605107,True
step,strong,19,pet_peese,0.2,0.3170667094578236,0.24740730597133226,0.38672611294431497,True
step,strong,19,copas,0.2,0.37336428755532225,0.3148724495862532,0.4318561255243913,True
step,strong,19,ubcma,0.2,0.3083249303473044,0.2380453941495183,0.3760770455457423,True
step,strong,19,adaptshrink,0.2,0.30466776334134604,0.16366845066740074,0.4456670760152913,True
step,strong,20,reml_hksj,0.2,0.36051320137751447,0.28571562305496195,0.435310779700067,True
step,strong,20,trim_and_fill,0.2,0.19722352420818925,0.15233100913338748,0.24211603928299102,True
step,strong,20,pet_peese,0.2,0.2797272303253177,0.1863051991537676,0.37314926149686783,True
step,strong,20,copas,0.2,0.3595497519152194,0.29100274929097714,0.4280967545394616,True
step,strong,20,ubcma,0.2,0.23352701424196662,0.14038118836250155,0.3332068972933042,True
step,strong,20,adaptshrink,0.2,0.22573455282775137,0.06230056051631333,0.3891685451391894,True
step,strong,21,reml_hksj,0.2,0.3008034305394269,0.23083059757127264,0.3707762635075811,True
step,strong,21,trim_and_fill,0.2,0.1501965657030469,0.11459755296670603,0.18579557843938777,True
step,strong,21,pet_peese,0.2,0.2276454639868091,0.16669571798662,0.28859520998699817,True
step,strong,21,copas,0.2,0.2986911693693484,0.23529224693904055,0.3620900917996563,True
step,strong,21,ubcma,0.2,0.1575368890120237,0.05931827282713946,0.2686292301122017,True
step,strong,21,adaptshrink,0.2,0.15523143270364745,0.05207899005168408,0.2583838753556108,True
step,strong,22,reml_hksj,0.2,0.3428835013284571,0.28835092103215904,0.3974160816247551,True
step,strong,22,trim_and_fill,0.2,0.1843021101751552,0.15868995673537695,0.20991426361493343,True
step,strong,22,pet_peese,0.2,0.3540152994059357,0.3076250836476995,0.40040551516417183,True
step,strong,22,copas,0.2,0.34299541417530555,0.2918888598280517,0.3941019685225594,True
step,strong,22,ubcma,0.2,0.28266100909024533,0.187705332576998,0.3818576716022979,True
step,strong,22,adaptshrink,0.2,0.2865011248841497,0.02701233572324091,0.5459899140450585,True
step,strong,23,reml_hksj,0.2,0.31660940271833843,0.2460777535586633,0.38714105187801356,True
step,strong,23,trim_and_fill,0.2,0.17281808205494556,0.13893773356190847,0.20669843054798265,True
step,strong,23,pet_peese,0.2,0.2412800308127891,0.18078072894744524,0.30177933267813295,True
step,strong,23,copas,0.2,0.31529516421379866,0.25139727325409267,0.37919305517350466,True
step,strong,23,ubcma,0.2,0.2505108691673594,0.03774424781583605,0.3947396040551426,True
step,strong,23,adaptshrink,0.2,0.2320575579192399,0.08067556305534337,0.38343955278313646,True
step,strong,24,reml_hksj,0.2,0.3028351953550701,0.2284068418865421,0.3772635488235981,True
step,strong,24,trim_and_fill,0.2,0.14154166545490957,0.10889811329524723,0.1741852176145719,True
step,strong,24,pet_peese,0.2,0.24004139010358622,0.18312383016461148,0.29695895004256095,True
step,strong,24,copas,0.2,0.30159962510489,0.23688951031789396,0.3663097398918861,True
step,strong,24,ubcma,0.2,0.25043653549314976,0.1366024986799178,0.3323773034935482,True
step,strong,24,adaptshrink,0.2,0.23652352297562027,0.09044647350937199,0.3826005724418685,True
step,strong,25,reml_hksj,0.2,0.32836240783754966,0.25494647059524994,0.4017783450798494,True
step,strong,25,trim_and_fill,0.2,0.10142766103358122,0.06874395357542443,0.13411136849173802,True
step,strong,25,pet_peese,0.2,0.2500960092334057,0.187382011175456,0.3128100072913554,True
step,strong,25,copas,0.2,0.3278317581160774,0.2598533744245466,0.3958101418076082,True
step,strong,25,ubcma,0.2,0.3324453068275835,0.2238323658366591,0.4368145187443814,True
step,strong,25,adaptshrink,0.2,0.251712893512667,0.04564805082397019,0.45777773620136386,True
step,strong,26,reml_hksj,0.2,0.3054975080885419,0.2601214454806358,0.35087357069644803,True
step,strong,26,trim_and_fill,0.2,0.22968842475535847,0.19765674775679284,0.2617201017539241,True
step,strong,26,pet_peese,0.2,0.2688520831750345,0.21329968167520436,0.32440448467486466,True
step,strong,26,copas,0.2,0.3043657644824997,0.2636541829117285,0.3450773460532709,True
step,strong,26,ubcma,0.2,0.25420428876567025,0.17779453086175803,0.3296003185381873,True
step,strong,26,adaptshrink,0.2,0.24925972090330456,0.15049202742878992,0.3480274143778192,True
step,strong,27,reml_hksj,0.2,0.32940531662546274,0.2559640040525141,0.40284662919841135,True
step,strong,27,trim_and_fill,0.2,0.18190564644712595,0.15146624734125508,0.21234504555299683,True
step,strong,27,pet_peese,0.2,0.24096246538684113,0.1891051193640045,0.2928198114096777,True
step,strong,27,copas,0.2,0.3277716140670033,0.2679071103182778,0.38763611781572876,True
step,strong,27,ubcma,0.2,0.23747493368098072,0.14137114875059215,0.32216785558313815,True
step,strong,27,adaptshrink,0.2,0.23205083911903338,0.11028847751071835,0.3538132007273484,True
step,strong,28,reml_hksj,0.2,0.3755520958759152,0.3146752753695776,0.4364289163822528,True
step,strong,28,trim_and_fill,0.2,0.2657754100906989,0.23296036896202682,0.29859045121937094,True
step,strong,28,pet_peese,0.2,0.32476273232250075,0.27353907532987826,0.37598638931512324,True
step,strong,28,copas,0.2,0.37468476446025245,0.3183070830111911,0.4310624459093138,True
step,strong,28,ubcma,0.2,0.2952705304572374,0.20852872233441566,0.38083150852053116,True
step,strong,28,adaptshrink,0.2,0.2919965725342105,0.16414137218244435,0.4198517728859767,True
step,strong,29,reml_hksj,0.2,0.29987596441053593,0.24225245022988182,0.35749947859119,True
step,strong,29,trim_and_fill,0.2,0.16255193380276453,0.13181687766251182,0.19328698994301724,True
step,strong,29,pet_peese,0.2,0.2542252581522879,0.19257209827814753,0.3158784180264283,True
step,strong,29,copas,0.2,0.29880106277327184,0.24824028886648491,0.34936183668005877,True
step,strong,29,ubcma,0.2,0.23345643073196093,0.15676864953498854,0.3023308356111472,True
step,strong,29,adaptshrink,0.2,0.23418016351715557,0.08246850960828542,0.38589181742602574,True
step,strong,30,reml_hksj,0.2,0.327533170641254,0.25582544221961123,0.3992408990628967,True
step,strong,30,trim_and_fill,0.2,0.19237205697193968,0.15735770810064606,0.2273864058432333,True
step,strong,30,pet_peese,0.2,0.2331724557795458,0.17927849552789174,0.28706641603119987,True
step,strong,30,copas,0.2,0.3253964052612809,0.25942365522315064,0.39136915529941113,True
step,strong,30,ubcma,0.2,0.15330223967550036,0.06884321752560614,0.2377612618253946,True
step,strong,30,adaptshrink,0.2,0.19375329696295202,0.09502513583827214,0.2924814580876319,True
step,strong,31,reml_hksj,0.2,0.34662979594258503,0.2926670309025572,0.40059256098261287,True
step,strong,31,trim_and_fill,0.2,0.24081036807090814,0.21045864931028488,0.27116208683153137,True
step,strong,31,pet_peese,0.2,0.3211603934531893,0.2659565323001539,0.3763642546062247,True
step,strong,31,copas,0.2,0.34637709060376465,0.29597904644588147,0.39677513476164783,True
step,strong,31,ubcma,0.2,0.2817001846429396,0.210584033976294,0.3457948607941326,True
step,strong,31,adaptshrink,0.2,0.279129134633155,0.13129579351689846,0.4269624757494115,True
step,strong,32,reml_hksj,0.2,0.317350085716478,0.2651151185645683,0.36958505286838766,True
step,strong,32,trim_and_fill,0.2,0.22050429090956866,0.1892760306470638,0.2517325511720735,True
step,strong,32,pet_peese,0.2,0.08125142736894306,-0.022301752217572676,0.1848046069554588,True
step,strong,32,copas,0.2,0.31464137825885796,0.26891431430793283,0.3603684422097831,True
step,strong,32,ubcma,0.2,0.2691872526351867,0.2135230590727149,0.3255146791422327,True
step,strong,32,adaptshrink,0.2,0.22259861332461592,0.11809159794220414,0.3271056287070277,True
step,strong,33,reml_hksj,0.2,0.3720385481962108,0.31028746708878363,0.43378962930363796,True
step,strong,33,trim_and_fill,0.2,0.23663944375392817,0.2008877167641986,0.27239117074365776,True
step,strong,33,pet_peese,0.2,0.2936945933630154,0.21410787975741213,0.37328130696861866,True
step,strong,33,copas,0.2,0.3706904906508644,0.3150514530354054,0.4263295282663234,True
step,strong,33,ubcma,0.2,0.3494644716223915,0.2803092145168764,0.41909117487775255,True
step,strong,33,adaptshrink,0.2,0.2908936202710363,0.09808064980750181,0.48370659073457084,True
step,strong,34,reml_hksj,0.2,0.3476229668565448,0.28452528590009224,0.4107206478129974,True
step,strong,34,trim_and_fill,0.2,0.2056964952010463,0.18053837008018678,0.23085462032190582,True
step,strong,34,pet_peese,0.2,0.3535570572032039,0.3018279381885946,0.4052861762178132,True
step,strong,34,copas,0.2,0.3476596936296166,0.29029459943176517,0.405024787827468,True
step,strong,34,ubcma,0.2,0.30380877631853787,0.23016367194540915,0.380204631619016,True
step,strong,34,adaptshrink,0.2,0.30895902429469696,0.1071727194298926,0.5107453291595013,True
step,strong,35,reml_hksj,0.2,0.381960714077118,0.3209663612145207,0.4429550669397153,True
step,strong,35,trim_and_fill,0.2,0.22334196922963004,0.19255224276498595,0.25413169569427413,True
step,strong,35,pet_peese,0.2,0.3476756253142864,0.2868148884146041,0.4085363622139687,True
step,strong,35,copas,0.2,0.38134574371697466,0.3252512235531093,0.43744026388084,True
step,strong,35,ubcma,0.2,0.2819681822503154,0.21249105456066797,0.35210627054001065,True
step,strong,35,adaptshrink,0.2,0.27918701169386867,0.090031626236485,0.46834239715125237,True
step,strong,36,reml_hksj,0.2,0.3034139697459415,0.2491440500857892,0.3576838894060938,True
step,strong,36,trim_and_fill,0.2,0.17496920559788623,0.1458501783418666,0.20408823285390587,True
step,strong,36,pet_peese,0.2,0.25338886164151697,0.19980058284405827,0.30697714043897567,True
step,strong,36,copas,0.2,0.3026188082111709,0.25480763227176373,0.350429984150578,True
step,strong,36,ubcma,0.2,0.23761857086510066,0.14374116930286238,0.3180782594497089,True
step,strong,36,adaptshrink,0.2,0.23802845883292414,0.09544017155411069,0.38061674611173757,True
step,strong,37,reml_hksj,0.2,0.35361583824334,0.29918253169922376,0.4080491447874562,True
step,strong,37,trim_and_fill,0.2,0.2570108619081526,0.22650448966279518,0.28751723415351,True
step,strong,37,pet_peese,0.2,0.30485629254089636,0.254960185482406,0.3547523995993867,True
step,strong,37,copas,0.2,0.3529507050118354,0.30196320226367446,0.40393820775999634,True
step,strong,37,ubcma,0.2,0.31078269992249763,0.24069281098985296,0.3826990354722796,True
step,strong,37,adaptshrink,0.2,0.29944523731230566,0.19071956685439162,0.4081709077702197,True
step,strong,38,reml_hksj,0.2,0.3395019501701929,0.28355662480062016,0.39544727553976566,True
step,strong,38,trim_and_fill,0.2,0.205320857831337,0.17967122454524037,0.23097049111743362,True
step,strong,38,pet_peese,0.2,0.2806988735838663,0.23250173723380993,0.32889600993392265,True
step,strong,38,copas,0.2,0.33881889486722294,0.28849580525269714,0.38914198448174875,True
step,strong,38,ubcma,0.2,0.2773761372466087,0.19741643708002815,0.350335717752957,True
step,strong,38,adaptshrink,0.2,0.27411837575561915,0.1555185587429176,0.3927181927683207,True
step,strong,39,reml_hksj,0.2,0.3216953828196616,0.23810224585772688,0.4052885197815963,True
step,strong,39,trim_and_fill,0.2,0.17706658993652793,0.14836465734823315,0.20576852252482272,True
step,strong,39,pet_peese,0.2,0.23825513353831992,0.18873515848996766,0.28777510858667216,True
step,strong,39,copas,0.2,0.32037860150754804,0.2512344437834765,0.3895227592316196,True
step,strong,39,ubcma,0.2,0.18618841815074447,0.07150823188040781,0.3153638264236516,True
step,strong,39,adaptshrink,0.2,0.18233302828378864,0.09192367687763112,0.2727423796899462,True
step,strong,40,reml_hksj,0.2,0.37878194567695705,0.3077201407416072,0.4498437506123069,True
step,strong,40,trim_and_fill,0.2,0.23713963898262086,0.20436460219370217,0.26991467577153955,True
step,strong,40,pet_peese,0.2,0.3286257176792259,0.2681160879887367,0.38913534736971506,True
step,strong,40,copas,0.2,0.37789427848610246,0.3134099392471308,0.44237861772507414,True
step,strong,40,ubcma,0.2,0.2301286758838936,0.09161637012269513,0.3629562660751854,True
step,strong,40,adaptshrink,0.2,0.2392900000452178,0.14508765261086273,0.3334923474795729,True
step,strong,41,reml_hksj,0.2,0.2893123480665866,0.21966421560534105,0.3589604805278322,True
step,strong,41,trim_and_fill,0.2,0.16809670991027106,0.13575693971865138,0.20043648010189075,True
step,strong,41,pet_peese,0.2,0.24752478405029768,0.18809988898989663,0.3069496791106987,True
step,strong,41,copas,0.2,0.28878647520714923,0.22503158926064207,0.3525413611536564,True
step,strong,41,ubcma,0.2,0.2679611701942312,0.1989367547277754,0.3452585480920457,True
step,strong,41,adaptshrink,0.2,0.24708694467583792,0.10203609821928378,0.39213779113239206,True
step,strong,42,reml_hksj,0.2,0.3402703905352222,0.2679854554663029,0.41255532560414143,True
step,strong,42,trim_and_fill,0.2,0.2267882519856213,0.19088337809647243,0.2626931258747702,True
step,strong,42,pet_peese,0.2,0.287868206234752,0.22388822714015655,0.3518481853293475,True
step,strong,42,copas,0.2,0.3390315186488252,0.27744633549930975,0.40061670179834064,True
step,strong,42,ubcma,0.2,0.23381089959546414,0.13607839462787552,0.3245605630135963,True
step,strong,42,adaptshrink,0.2,0.2323818331997581,0.13454027080103553,0.3302233955984807,True
step,strong,43,reml_hksj,0.2,0.3463277767086545,0.2692232367660381,0.4234323166512709,True
step,strong,43,trim_and_fill,0.2,0.23363372261898285,0.1985346793289493,0.2687327659090164,True
step,strong,43,pet_peese,0.2,0.2844777007947346,0.221956642583526,0.34699875900594324,True
step,strong,43,copas,0.2,0.3443892129629002,0.28562139579992124,0.40315703012587917,True
step,strong,43,ubcma,0.2,0.3197321609150119,0.23770683859287478,0.3956998897793208,True
step,strong,43,adaptshrink,0.2,0.28137300526245035,0.1314657170173295,0.4312802935075712,True
step,strong,44,reml_hksj,0.2,0.35073897116514374,0.29889849429167753,0.40257944803860995,True
step,strong,44,trim_and_fill,0.2,0.2522565143276641,0.21759932155405043,0.2869137071012778,True
step,strong,44,pet_peese,0.2,0.3039581728107181,0.24158954530283233,0.3663268003186038,True
step,strong,44,copas,0.2,0.34825353905119305,0.30252233450992644,0.39398474359245966,True
step,strong,44,ubcma,0.2,0.2874501126222886,0.21450609120654862,0.35955408772613917,True
step,strong,44,adaptshrink,0.2,0.2828793505227359,0.1637770216007838,0.401981679444688,True
step,strong,45,reml_hksj,0.2,0.35050195572365583,0.2877855532835771,0.4132183581637346,True
step,strong,45,trim_and_fill,0.2,0.21444489628724095,0.17978819283975384,0.24910159973472806,True
step,strong,45,pet_peese,0.2,0.2603564878264997,0.1983234088824055,0.32238956677059394,True
step,strong,45,copas,0.2,0.34894889699367665,0.2910015835633791,0.4068962104239742,True
step,strong,45,ubcma,0.2,0.27189810156134386,0.1943628082576172,0.3620398910549979,True
step,strong,45,adaptshrink,0.2,0.25354290332898644,0.12765883505195683,0.379426971606016,True
step,strong,46,reml_hksj,0.2,0.26930511615666874,0.21703652987677902,0.3215737024365585,True
step,strong,46,trim_and_fill,0.2,0.10849467393246746,0.08338976388445726,0.13359958398047767,True
step,strong,46,pet_peese,0.2,0.2219385729730926,0.178399778266963,0.26547736767922225,True
step,strong,46,copas,0.2,0.26869085189646774,0.2202258147666234,0.3171558890263121,True
step,strong,46,ubcma,0.2,0.2283209958819763,0.1493135953481215,0.3205993317167707,True
step,strong,46,adaptshrink,0.2,0.21986247453821695,0.10197042055398271,0.3377545285224512,True
step,strong,47,reml_hksj,0.2,0.33175540242818685,0.2621324236194742,0.4013783812368995,True
step,strong,47,trim_and_fill,0.2,0.1838412168555345,0.15163226531099527,0.21605016840007374,True
step,strong,47,pet_peese,0.2,0.24023914825203072,0.18364221170704925,0.2968360847970122,True
step,strong,47,copas,0.2,0.3302359324739593,0.26781662993842975,0.3926552350094889,True
step,strong,47,ubcma,0.2,0.21882064155475808,0.1483712219038913,0.2864631117211364,True
step,strong,47,adaptshrink,0.2,0.21577509195590905,0.0944798776750145,0.33707030623680356,True
step,strong,48,reml_hksj,0.2,0.3536749915298786,0.2594986214269114,0.4478513616328458,True
step,strong,48,trim_and_fill,0.2,0.27216589350795867,0.2314306045106872,0.31290118250523014,True
step,strong,48,pet_peese,0.2,0.3106306144697034,0.24883634675545044,0.3724248821839564,True
step,strong,48,copas,0.2,0.35262119922029705,0.27111766517197833,0.4341247332686158,True
step,strong,48,ubcma,0.2,0.13581146406742226,-0.002447639790092988,0.25339630940418756,True
step,strong,48,adaptshrink,0.2,0.2756343657646504,0.15208876252164116,0.3991799690076596,True
step,strong,49,reml_hksj,0.2,0.39425094374396463,0.3252117839365156,0.46329010355141365,True
step,strong,49,trim_and_fill,0.2,0.259934426451936,0.22093178768446117,0.29893706521941077,True
step,strong,49,pet_peese,0.2,0.4162980333814082,0.3424399930712049,0.4901560736916115,True
step,strong,49,copas,0.2,0.39574972147540516,0.332988388312467,0.4585110546383433,True
step,strong,49,ubcma,0.2,0.26766326753822345,0.14441284691061013,0.37783431597420136,True
step,strong,49,adaptshrink,0.2,0.2634400198031202,0.1454016895645061,0.3814783500417343,True
step,strong,50,reml_hksj,0.2,0.3730318176474733,0.2914337042523865,0.45462993104256005,True
step,strong,50,trim_and_fill,0.2,0.2419771657007491,0.2016127935552678,0.2823415378462304,True
step,strong,50,pet_peese,0.2,0.2592401510373246,0.18321147740365185,0.3352688246709974,True
step,strong,50,copas,0.2,0.3668579171318046,0.30131809262096265,0.43239774164264655,True
step,strong,50,ubcma,0.2,0.2961154457370222,0.21105323854593488,0.37892136096017615,True
step,strong,50,adaptshrink,0.2,0.2540087303271129,0.14648127842131764,0.3615361822329082,True
step,strong,51,reml_hksj,0.2,0.3075835757230457,0.2539838234329979,0.36118332801309344,True
step,strong,51,trim_and_fill,0.2,0.18591132377582312,0.15399746239810486,0.21782518515354138,True
step,strong,51,pet_peese,0.2,0.28047607029649113,0.22379513611311,0.33715700447987224,True
step,strong,51,copas,0.2,0.30692864612533105,0.2573081794426165,0.3565491128080456,True
step,strong,51,ubcma,0.2,0.2694317676865869,0.1929814482747697,0.3365657441905027,True
step,strong,51,adaptshrink,0.2,0.2694266267329043,0.13245839299186046,0.4063948604739481,True
step,strong,52,reml_hksj,0.2,0.33353973460643255,0.27798936512575995,0.38909010408710515,True
step,strong,52,trim_and_fill,0.2,0.217760493826339,0.18747654746981052,0.24804444018286748,True
step,strong,52,pet_peese,0.2,0.2387890773496894,0.17938059437470955,0.29819756032466926,True
step,strong,52,copas,0.2,0.3317265092217215,0.2832375982484385,0.3802154201950044,True
step,strong,52,ubcma,0.2,0.25864014379782735,0.1806314450475199,0.33741692819736857,True
step,strong,52,adaptshrink,0.2,0.23194745730267968,0.14122913339006327,0.3226657812152961,True
step,strong,53,reml_hksj,0.2,0.3406140960245956,0.29936797742130794,0.3818602146278832,True
step,strong,53,trim_and_fill,0.2,0.2589945521854,0.2314385594460773,0.2865505449247227,True
step,strong,53,pet_peese,0.2,0.2976434953750108,0.24990678875541694,0.3453802019946046,True
step,strong,53,copas,0.2,0.339765890812819,0.3020319174970066,0.3774998641286314,True
step,strong,53,ubcma,0.2,0.318647131946747,0.2516323806314484,0.38388783292941037,True
step,strong,53,adaptshrink,0.2,0.2943609666865812,0.18468353005006483,0.40403840332309754,True
step,strong,54,reml_hksj,0.2,0.33360116970645864,0.2688035447037463,0.398398794709171,True
step,strong,54,trim_and_fill,0.2,0.1988584675559672,0.163577540022955,0.2341393950889794,True
step,strong,54,pet_peese,0.2,0.2691244818729258,0.2018398362139639,0.33640912753188773,True
step,strong,54,copas,0.2,0.33266523821345256,0.2727735756794659,0.3925569007474392,True
step,strong,54,ubcma,0.2,0.22101845106843,0.15754476856336128,0.2862560570126321,True
step,strong,54,adaptshrink,0.2,0.2155225550441046,0.09832711155211944,0.3327179985360898,True
step,strong,55,reml_hksj,0.2,0.3472372491028674,0.2852168018739951,0.4092576963317397,True
step,strong,55,trim_and_fill,0.2,0.22433447008303112,0.19392025411499383,0.2547486860510684,True
step,strong,55,pet_peese,0.2,0.28687072712736217,0.2369599920130509,0.33678146224167343,True
step,strong,55,copas,0.2,0.3455859058765655,0.2898692548500239,0.4013025569031071,True
step,strong,55,ubcma,0.2,0.36198600000063186,0.24744039439449472,0.4545466316220667,True
step,strong,55,adaptshrink,0.2,0.283632945569606,0.1298205235209867,0.4374453676182253,True
step,strong,56,reml_hksj,0.2,0.35131971012779833,0.29650556088029717,0.4061338593752995,True
step,strong,56,trim_and_fill,0.2,0.2420013825856581,0.206459667571009,0.27754309760030715,True
step,strong,56,pet_peese,0.2,0.26890380277758696,0.2008849330327535,0.3369226725224204,True
step,strong,56,copas,0.2,0.3502119430989643,0.2989695932156139,0.4014542929823147,True
step,strong,56,ubcma,0.2,0.29727510426334697,0.16941447801983145,0.43271100611963453,True
step,strong,56,adaptshrink,0.2,0.2586306069342147,0.14870157317541585,0.3685596406930135,True
step,strong,57,reml_hksj,0.2,0.33945627262496425,0.2883361986179299,0.3905763466319986,True
step,strong,57,trim_and_fill,0.2,0.20955420553572174,0.18397836020199548,0.235130050869448,True
step,strong,57,pet_peese,0.2,0.27830009264824906,0.23233223168015604,0.3242679536163421,True
step,strong,57,copas,0.2,0.33858033305216784,0.2909589497291047,0.386201716375231,True
step,strong,57,ubcma,0.2,0.298356619652021,0.22844410554923922,0.3704241134426182,True
step,strong,57,adaptshrink,0.2,0.27740205095829545,0.15613968389537364,0.39866441802121727,True
step,strong,58,reml_hksj,0.2,0.34550321255754823,0.27505706432864024,0.4159493607864562,True
step,strong,58,trim_and_fill,0.2,0.11853790332677364,0.09112147368140514,0.14595433297214214,True
step,strong,58,pet_peese,0.2,0.29426160555663805,0.23932669951530067,0.34919651159797543,True
step,strong,58,copas,0.2,0.3452994528543555,0.279503732537187,0.41109517317152394,True
step,strong,58,ubcma,0.2,0.2395601988058689,0.17264422194356605,0.3153333532806539,True
step,strong,58,adaptshrink,0.2,0.24538064661197673,0.03951338239033905,0.4512479108336144,True
step,strong,59,reml_hksj,0.2,0.3369224339763235,0.276903683909719,0.396941184042928,True
step,strong,59,trim_and_fill,0.2,0.22242615971873678,0.1921339142399384,0.2527184051975352,True
step,strong,59,pet_peese,0.2,0.24307157896478304,0.19184204570609964,0.29430111222346644,True
step,strong,59,copas,0.2,0.3331936441752549,0.28252574812482284,0.3838615402256869,True
step,strong,59,ubcma,0.2,0.20272834490727334,0.12177222200521515,0.287505405763411,True
step,strong,59,adaptshrink,0.2,0.22414860606129844,0.15413433592757328,0.29416287619502357,True
step,strong,60,reml_hksj,0.2,0.38222168017318897,0.32322578437150196,0.441217575974876,True
step,strong,60,trim_and_fill,0.2,0.16915026421590912,0.14146287733671953,0.1968376510950987,True
step,strong,60,pet_peese,0.2,0.2622829180581661,0.20989135234227535,0.3146744837740569,True
step,strong,60,copas,0.2,0.3813375405457229,0.32587359482766326,0.4368014862637825,True
step,strong,60,ubcma,0.2,0.3693787639060155,0.28838595790602406,0.45324015849704147,True
step,strong,60,adaptshrink,0.2,0.26076757423955577,0.0823650715764109,0.4391700769027006,True
step,strong,61,reml_hksj,0.2,0.3717082286847408,0.3211206584913512,0.4222957988781304,True
step,strong,61,trim_and_fill,0.2,0.2554156876064271,0.22306153660058287,0.2877698386122713,True
step,strong,61,pet_peese,0.2,0.3059363538296979,0.24639625278765137,0.36547645487174446,True
step,strong,61,copas,0.2,0.37060668093341453,0.32320319868702235,0.4180101631798067,True
step,strong,61,ubcma,0.2,0.3165936792195323,0.25780093988165276,0.3770146034633505,True
step,strong,61,adaptshrink,0.2,0.3027612498674725,0.1845634356711594,0.4209590640637856,True
step,strong,62,reml_hksj,0.2,0.2865399076429279,0.2110244787117987,0.36205533657405714,True
step,strong,62,trim_and_fill,0.2,0.1216145436087019,0.08817864224884603,0.15505044496855777,True
step,strong,62,pet_peese,0.2,0.09748673684170495,-0.0023392063874991265,0.19731268007090902,True
step,strong,62,copas,0.2,0.2849204367145129,0.21651642451768396,0.35332444891134185,True
step,strong,62,ubcma,0.2,0.13862318571930896,0.07870053723733497,0.20187631574956466,True
step,strong,62,adaptshrink,0.2,0.1228774076983244,0.048613840377642784,0.19714097501900602,True
step,strong,63,reml_hksj,0.2,0.36083505635634744,0.29503976021826783,0.42663035249442705,True
step,strong,63,trim_and_fill,0.2,0.22504577676609921,0.19506075786153285,0.25503079567066556,True
step,strong,63,pet_peese,0.2,0.29790524229268306,0.24366499991467616,0.35214548467068996,True
step,strong,63,copas,0.2,0.3603105990437188,0.2988157754476761,0.4218054226397615,True
step,strong,63,ubcma,0.2,0.25008879537499784,0.17476243484658527,0.3279590104803549,True
step,strong,63,adaptshrink,0.2,0.2438312347647758,0.11625801340399089,0.3714044561255607,True
step,strong,64,reml_hksj,0.2,0.34676402461916833,0.28505099056572913,0.40847705867260753,True
step,strong,64,trim_and_fill,0.2,0.19630576420690143,0.17055949175194032,0.22205203666186255,True
step,strong,64,pet_peese,0.2,0.323831417766973,0.2752579134358363,0.3724049220981097,True
step,strong,64,copas,0.2,0.3465068759692981,0.28863028455962925,0.4043834673789669,True
step,strong,64,ubcma,0.2,0.24610180807661422,0.2017604104021001,0.28977953656236105,True
step,strong,64,adaptshrink,0.2,0.24327489582643366,0.10407275154865633,0.382477040104211,True
step,strong,65,reml_hksj,0.2,0.3104639601151538,0.26090265538688306,0.36002526484342456,True
step,strong,65,trim_and_fill,0.2,0.19536349938653721,0.16467876559605907,0.22604823317701536,True
step,strong,65,pet_peese,0.2,0.24358474853709422,0.189822809788725,0.29734668728546343,True
step,strong,65,copas,0.2,0.3089249290401402,0.2642405015659499,0.35360935651433045,True
step,strong,65,ubcma,0.2,0.27135587435627523,0.20977285924419073,0.33213878533373264,True
step,strong,65,adaptshrink,0.2,0.2423398719639141,0.11273112060104803,0.37194862332678014,True
step,strong,66,reml_hksj,0.2,0.342815246890442,0.2737652835538693,0.4118652102270147,True
step,strong,66,trim_and_fill,0.2,0.20330636905505511,0.16738710712126642,0.2392256309888438,True
step,strong,66,pet_peese,0.2,0.09910985522565488,-0.02003245592928872,0.21825216638059847,True
step,strong,66,copas,0.2,0.3409478719995393,0.2774184484642862,0.4044772955347924,True
step,strong,66,ubcma,0.2,0.26636720104399997,0.17699948230645624,0.3606516807999268,True
step,strong,66,adaptshrink,0.2,0.2042594166439994,0.08808237547374526,0.32043645781425356,True
step,strong,67,reml_hksj,0.2,0.34831110435201473,0.2699348223710123,0.42668738633301717,True
step,strong,67,trim_and_fill,0.2,0.2052414989635417,0.17650580180529557,0.23397719612178786,True
step,strong,67,pet_peese,0.2,0.32048127754729,0.2726246025326841,0.3683379525618959,True
step,strong,67,copas,0.2,0.3478264487838389,0.27618983685149495,0.41946306071618283,True
step,strong,67,ubcma,0.2,0.25379006415103145,0.17884851764916793,0.32864244759935324,True
step,strong,67,adaptshrink,0.2,0.24934445087722018,0.06418198222960758,0.4345069195248328,True
step,strong,68,reml_hksj,0.2,0.32525998331535677,0.24632118704693048,0.40419877958378303,True
step,strong,68,trim_and_fill,0.2,0.16592599600961927,0.12797922768710063,0.2038727643321379,True
step,strong,68,pet_peese,0.2,0.17267345406126078,-0.004166049317921555,0.3495129574404431,True
step,strong,68,copas,0.2,0.32464933323181866,0.25396513219599937,0.39533353426763795,True
step,strong,68,ubcma,0.2,0.20470693782760438,0.11956416239092144,0.2857996785408127,True
step,strong,68,adaptshrink,0.2,0.17102412381715001,0.07821900352594865,0.2638292441083514,True
step,strong,69,reml_hksj,0.2,0.3519157602110055,0.2803784436119642,0.42345307681004685,True
step,strong,69,trim_and_fill,0.2,0.186934816178084,0.15350941233959378,0.2203602200165742,True
step,strong,69,pet_peese,0.2,0.315692895036775,0.24784505670708865,0.38354073336646133,True
step,strong,69,copas,0.2,0.35176644521316447,0.2855505855529065,0.4179823048734224,True
step,strong,69,ubcma,0.2,0.2347962652694899,0.15460956902672995,0.33015854444430315,True
step,strong,69,adaptshrink,0.2,0.2268253649400362,0.025526386642249294,0.4281243432378231,True
step,strong,70,reml_hksj,0.2,0.4003195068416906,0.27977746101685164,0.5208615526665296,True
step,strong,70,trim_and_fill,0.2,0.2141215135484145,0.1753614852777453,0.2528815418190837,True
step,strong,70,pet_peese,0.2,0.34029081341109074,0.27293997103346135,0.40764165578872014,True
step,strong,70,copas,0.2,0.3992916445254861,0.29607037077581405,0.5025129182751581,True
step,strong,70,ubcma,0.2,0.29106582500113054,0.18019747371725375,0.4049699679658734,True
step,strong,70,adaptshrink,0.2,0.29304888380922994,0.060890679529163744,0.5252070880892962,True
step,strong,71,reml_hksj,0.2,0.31846685470264524,0.25032712373702337,0.3866065856682671,True
step,strong,71,trim_and_fill,0.2,0.19801519259358802,0.1607512386098112,0.23527914657736484,True
step,strong,71,pet_peese,0.2,0.2822519470170577,0.21316638326177068,0.3513375107723447,True
step,strong,71,copas,0.2,0.31768806997785765,0.2559445652296378,0.37943157472607747,True
step,strong,71,ubcma,0.2,0.26506644888435826,0.1627385805010584,0.3564030161601932,True
step,strong,71,adaptshrink,0.2,0.26298986663522544,0.09792680119961666,0.4280529320708342,True
step,strong,72,reml_hksj,0.2,0.3252547807854179,0.2581680987455336,0.39234146282530225,True
step,strong,72,trim_and_fill,0.2,0.1997783261557832,0.17129570076670364,0.22826095154486276,True
step,strong,72,pet_peese,0.2,0.2920759004912804,0.24504168267876758,0.33911011830379323,True
step,strong,72,copas,0.2,0.324891211516657,0.26519329302628786,0.38458913000702616,True
step,strong,72,ubcma,0.2,0.24994312766416674,0.14398791450653542,0.34528124003288674,True
step,strong,72,adaptshrink,0.2,0.24954173828481546,0.06672241931740669,0.43236105725222423,True
step,strong,73,reml_hksj,0.2,0.3602601723021014,0.2932311589891568,0.427289185615046,True
step,strong,73,trim_and_fill,0.2,0.2399062980744154,0.19868013484547004,0.2811324613033608,True
step,strong,73,pet_peese,0.2,0.28575617407611975,0.21448442217023345,0.35702792598200606,True
step,strong,73,copas,0.2,0.3581609791896948,0.2973396652168739,0.41898229316251573,True
step,strong,73,ubcma,0.2,0.265769992710241,0.17016168858615566,0.3697057769691856,True
step,strong,73,adaptshrink,0.2,0.2595207970814228,0.14173901067806954,0.377302583484776,True
step,strong,74,reml_hksj,0.2,0.3787981720452109,0.31708406829067987,0.4405122757997419,True
step,strong,74,trim_and_fill,0.2,0.23624994239652516,0.2052905363429788,0.26720934845007155,True
step,strong,74,pet_peese,0.2,0.34076278936663057,0.28256556993210397,0.3989600088011572,True
step,strong,74,copas,0.2,0.37804125090235774,0.3211128021001593,0.4349696997045562,True
step,strong,74,ubcma,0.2,0.29487485972532573,0.21447470564562982,0.3816887013099546,True
step,strong,74,adaptshrink,0.2,0.29440543275791903,0.10607673148173821,0.4827341340340998,True
step,strong,75,reml_hksj,0.2,0.35953453738531715,0.2924437081703791,0.4266253666002552,True
step,strong,75,trim_and_fill,0.2,0.1863952685292648,0.1537956943153878,0.2189948427431418,True
step,strong,75,pet_peese,0.2,0.26632424748872907,0.2069722022897507,0.3256762926877074,True
step,strong,75,copas,0.2,0.3584799070582398,0.2959425388740422,0.42101727524243737,True
step,strong,75,ubcma,0.2,0.24544172744557932,0.1583867612468271,0.332080038107634,True
step,strong,75,adaptshrink,0.2,0.24527159664410147,0.09170269273702841,0.39884050055117454,True
step,strong,76,reml_hksj,0.2,0.33028449019190737,0.2619038390530167,0.39866514133079806,True
step,strong,76,trim_and_fill,0.2,0.24140709674656838,0.19690373153544016,0.2859104619576966,True
step,strong,76,pet_peese,0.2,0.24565715476773578,0.17500898924070019,0.3163053202947714,True
step,strong,76,copas,0.2,0.32557716949653487,0.26484512989246917,0.38630920910060057,True
step,strong,76,ubcma,0.2,0.2740490779411612,0.20093602703851215,0.3528765661701137,True
step,strong,76,adaptshrink,0.2,0.24706591094734798,0.15838061142351573,0.33575121047118023,True
step,strong,77,reml_hksj,0.2,0.33524993460173846,0.2805311960380356,0.3899686731654413,True
step,strong,77,trim_and_fill,0.2,0.2264352323544918,0.19887458941280448,0.2539958752961792,True
step,strong,77,pet_peese,0.2,0.3118101944040756,0.2638740127376943,0.3597463760704569,True
step,strong,77,copas,0.2,0.33517513509919156,0.28885730341526833,0.3814929667831148,True
step,strong,77,ubcma,0.2,0.3163831303517707,0.21704576675302006,0.3917561809581841,True
step,strong,77,adaptshrink,0.2,0.307848519264498,0.18462966227507527,0.4310673762539208,True
step,strong,78,reml_hksj,0.2,0.3438179059111966,0.28065144437937717,0.406984367443016,True
step,strong,78,trim_and_fill,0.2,0.21096086512450754,0.17903125970631245,0.24289047054270263,True
step,strong,78,pet_peese,0.2,0.2780566422066791,0.21104470216238808,0.3450685822509701,True
step,strong,78,copas,0.2,0.34270789387483286,0.28793072930331176,0.39748505844635396,True
step,strong,78,ubcma,0.2,0.3031658387192868,0.22475660377487014,0.3820938248045862,True
step,strong,78,adaptshrink,0.2,0.27615603181942017,0.11939932854647428,0.43291273509236605,True
step,strong,79,reml_hksj,0.2,0.36440662798295925,0.29605856316014,0.4327546928057785,True
step,strong,79,trim_and_fill,0.2,0.20948206945580103,0.17984736329936107,0.23911677561224098,True
step,strong,79,pet_peese,0.2,0.3117645499406422,0.26084756022298267,0.3626815396583017,True
step,strong,79,copas,0.2,0.36290975528994,0.30276638093377517,0.42305312964610486,True
step,strong,79,ubcma,0.2,0.20064937073975617,0.12205437936382615,0.29323610398126,True
step,strong,79,adaptshrink,0.2,0.21043517740097178,0.1251184942446537,0.29575186055728986,True
step,strong,80,reml_hksj,0.2,0.322036051513389,0.26122962021515483,0.38284248281162314,True
step,strong,80,trim_and_fill,0.2,0.1804961383789155,0.1533482529308933,0.20764402382693772,True
step,strong,80,pet_peese,0.2,0.2642522965405756,0.22000522900009944,0.3084993640810517,True
step,strong,80,copas,0.2,0.3213649826501331,0.26451920714309707,0.3782107581571691,True
step,strong,80,ubcma,0.2,0.2578795596056976,0.15497969046936494,0.36395457695736166,True
step,strong,80,adaptshrink,0.2,0.25747619117523074,0.13406818379636207,0.3808841985540994,True
step,strong,81,reml_hksj,0.2,0.40125987988136896,0.2976215227356787,0.5048982370270592,True
step,strong,81,trim_and_fill,0.2,0.1778626706272843,0.14042537240931702,0.2152999688452516,True
step,strong,81,pet_peese,0.2,0.2934589336042287,0.21490751430767346,0.37201035290078394,True
step,strong,81,copas,0.2,0.4008117546984776,0.3060490417215989,0.49557446767535623,True
step,strong,81,ubcma,0.2,0.26810259095754163,0.07357448213698131,0.4235969986822692,True
step,strong,81,adaptshrink,0.2,0.2690729499312629,0.04325639798584688,0.4948895018766789,True
step,strong,82,reml_hksj,0.2,0.34868006686504965,0.29250561130886626,0.40485452242123304,True
step,strong,82,trim_and_fill,0.2,0.22194756422104622,0.18901908721191785,0.2548760412301746,True
step,strong,82,pet_peese,0.2,0.2935977473247121,0.23406224863845884,0.3531332460109654,True
step,strong,82,copas,0.2,0.34777971422141246,0.29587208640451984,0.3996873420383051,True
step,strong,82,ubcma,0.2,0.3220808693662774,0.23814960083185652,0.39899808906935796,True
step,strong,82,adaptshrink,0.2,0.2925113497746021,0.14033031523193853,0.44469238431726565,True
step,strong,83,reml_hksj,0.2,0.330462838863671,0.28236376799333596,0.37856190973400605,True
step,strong,83,trim_and_fill,0.2,0.21818786876890034,0.19386285965036706,0.24251287788743361,True
step,strong,83,pet_peese,0.2,0.2926022330560495,0.24976291390877597,0.335441552203323,True
step,strong,83,copas,0.2,0.3295815190210455,0.28781179677103674,0.37135124127105423,True
step,strong,83,ubcma,0.2,0.24623403587893614,0.18274203661870836,0.30901130344017447,True
step,strong,83,adaptshrink,0.2,0.24117839305504007,0.11427378635303684,0.3680829997570433,True
step,strong,84,reml_hksj,0.2,0.3220789234590224,0.25588631843534104,0.38827152848270374,True
step,strong,84,trim_and_fill,0.2,0.20641619333172925,0.1671090676136104,0.2457233190498481,True
step,strong,84,pet_peese,0.2,0.2994771679269037,0.22910557000367218,0.36984876585013526,True
step,strong,84,copas,0.2,0.32321703934518586,0.27228127948999237,0.37415279920037936,True
step,strong,84,ubcma,0.2,0.29639301747893393,0.18678747647803878,0.41411983734993885,True
step,strong,84,adaptshrink,0.2,0.2894623468178913,0.12159936329328216,0.45732533034250045,True
step,strong,85,reml_hksj,0.2,0.338919436244263,0.27548351584260944,0.4023553566459166,True
step,strong,85,trim_and_fill,0.2,0.19872861434835737,0.16857864728904273,0.228878581407672,True
step,strong,85,pet_peese,0.2,0.2523532821339864,0.20246349529459792,0.30224306897337483,True
step,strong,85,copas,0.2,0.33697431734276845,0.28318969911218,0.3907589355733569,True
step,strong,85,ubcma,0.2,0.33009412312997816,0.1398066158773541,0.5142173204043214,True
step,strong,85,adaptshrink,0.2,0.24608355287984116,0.10488425694750547,0.38728284881217684,True
step,strong,86,reml_hksj,0.2,0.3788779449206181,0.29103402907905074,0.46672186076218547,True
step,strong,86,trim_and_fill,0.2,0.15846259197419005,0.12204301248577497,0.1948821714626051,True
step,strong,86,pet_peese,0.2,0.27345886171315903,0.21130415909870892,0.33561356432760914,True
step,strong,86,copas,0.2,0.37728004414406924,0.29730523837160516,0.4572548499165333,True
step,strong,86,ubcma,0.2,0.1783234082256033,0.09734863419503866,0.2942769834004545,True
step,strong,86,adaptshrink,0.2,0.1689115486015343,0.033460093598669555,0.30436300360439905,True
step,strong,87,reml_hksj,0.2,0.3923638629459133,0.31887327358406375,0.46585445230776285,True
step,strong,87,trim_and_fill,0.2,0.2365656629237756,0.20532560396798777,0.2678057218795634,True
step,strong,87,pet_peese,0.2,0.39022973378022396,0.32813294458142106,0.45232652297902687,True
step,strong,87,copas,0.2,0.3922140953288743,0.32429745174156077,0.46013073891618783,True
step,strong,87,ubcma,0.2,0.3303570502556165,0.1861336568143101,0.4581885112155811,True
step,strong,87,adaptshrink,0.2,0.3353673444190624,0.05836107163152132,0.6123736172066034,True
step,strong,88,reml_hksj,0.2,0.26469612631210004,0.2097639408712349,0.3196283117529652,True
step,strong,88,trim_and_fill,0.2,0.18894311862639268,0.15807835042943338,0.21980788682335198,True
step,strong,88,pet_peese,0.2,0.2193703528202516,0.17050755527024375,0.26823315037025947,True
step,strong,88,copas,0.2,0.26305174455651253,0.21484430953549186,0.3112591795775332,True
step,strong,88,ubcma,0.2,0.28244033708272337,0.21358089020133705,0.34953534769877403,True
step,strong,88,adaptshrink,0.2,0.21419006344952124,0.09097808625624235,0.3374020406428001,True
step,strong,89,reml_hksj,0.2,0.2889820399778902,0.23602291465709158,0.3419411652986888,True
step,strong,89,trim_and_fill,0.2,0.15616673965925698,0.13063702021955467,0.1816964590989593,True
step,strong,89,pet_peese,0.2,0.2728470809950742,0.22582151753621063,0.31987264445393776,True
step,strong,89,copas,0.2,0.28878696440059387,0.24090796874894288,0.33666596005224486,True
step,strong,89,ubcma,0.2,0.23955685641811789,0.1744899248113817,0.30321199754966,True
step,strong,89,adaptshrink,0.2,0.24440966191081567,0.08511467783041635,0.403704645991215,True
step,strong,90,reml_hksj,0.2,0.35359379421380316,0.2718272734571645,0.4353603149704418,True
step,strong,90,trim_and_fill,0.2,0.17116583688505382,0.14035283609944588,0.20197883767066177,True
step,strong,90,pet_peese,0.2,0.28788220940301373,0.2334466082531291,0.3423178105528984,True
step,strong,90,copas,0.2,0.3527529482048691,0.27910538867290613,0.426400507736832,True
step,strong,90,ubcma,0.2,0.21684800250904152,0.03236779876021409,0.3701789973961914,True
step,strong,90,adaptshrink,0.2,0.20683254114029215,-0.01556609608911555,0.4292311783696998,True
step,strong,91,reml_hksj,0.2,0.37764937450430447,0.31769225365367826,0.4376064953549307,True
step,strong,91,trim_and_fill,0.2,0.25423855359372655,0.2264393716344186,0.2820377355530345,True
step,strong,91,pet_peese,0.2,0.31151269627019906,0.262908712139341,0.3601166804010571,True
step,strong,91,copas,0.2,0.37669936315237096,0.32321588567627607,0.43018284062846585,True
step,strong,91,ubcma,0.2,0.27706766444504594,0.17319565771773301,0.3538463536933404,True
step,strong,91,adaptshrink,0.2,0.271888618656947,0.15597353332004038,0.38780370399385367,True
step,strong,92,reml_hksj,0.2,0.36254930209484176,0.2675840729527271,0.4575145312369564,True
step,strong,92,trim_and_fill,0.2,0.16947803197274403,0.13531911801573687,0.20363694592975118,True
step,strong,92,pet_peese,0.2,0.2942406933489317,0.2384774240117439,0.35000396268611955,True
step,strong,92,copas,0.2,0.36148896213273196,0.27561196062994614,0.4473659636355178,True
step,strong,92,ubcma,0.2,0.15282671053806185,-0.013583890430349538,0.3147287168009474,True
step,strong,92,adaptshrink,0.2,0.1710066620529942,0.06898751056768428,0.27302581353830413,True
step,strong,93,reml_hksj,0.2,0.33008410500668295,0.27661068079638734,0.38355752921697855,True
step,strong,93,trim_and_fill,0.2,0.2417384401490602,0.20311984400852015,0.2803570362896003,True
step,strong,93,pet_peese,0.2,0.2913803939967236,0.21596721010120762,0.3667935778922396,True
step,strong,93,copas,0.2,0.32961455840474846,0.28039849302738773,0.3788306237821092,True
step,strong,93,ubcma,0.2,0.3635344124158058,0.27295573245596033,0.45356134407132737,True
step,strong,93,adaptshrink,0.2,0.2848790835875549,0.09850079447959037,0.4712573726955195,True
step,strong,94,reml_hksj,0.2,0.3894728251968653,0.3061067294464606,0.47283892094727004,True
step,strong,94,trim_and_fill,0.2,0.17487459414321968,0.13905865188098812,0.21069053640545124,True
step,strong,94,pet_peese,0.2,0.318599323622425,0.2521395968991767,0.3850590503456733,True
step,strong,94,copas,0.2,0.3886073980155932,0.31195241222160536,0.465262383809581,True
step,strong,94,ubcma,0.2,0.19880792316758358,0.11179400276654171,0.2839157968555591,True
step,strong,94,adaptshrink,0.2,0.18773671884396984,0.04321436308115806,0.3322590746067816,True
step,strong,95,reml_hksj,0.2,0.32328263720940936,0.25229739425578995,0.39426788016302877,True
step,strong,95,trim_and_fill,0.2,0.15164818817086506,0.11875183908161102,0.1845445372601191,True
step,strong,95,pet_peese,0.2,0.29741127088761393,0.22764864149106018,0.3671739002841677,True
step,strong,95,copas,0.2,0.3231233733457299,0.2572217340741859,0.38902501261727385,True
step,strong,95,ubcma,0.2,0.21568425530870544,0.12199338893917025,0.30519132636171104,True
step,strong,95,adaptshrink,0.2,0.210354213387884,-0.02162044682440359,0.4423288736001716,True
step,strong,96,reml_hksj,0.2,0.3442728510341094,0.26923595943962586,0.4193097426285929,True
step,strong,96,trim_and_fill,0.2,0.18615348153071318,0.1480366553059479,0.22427030775547846,True
step,strong,96,pet_peese,0.2,0.25060030129597083,0.1764222567814388,0.32477834581050286,True
step,strong,96,copas,0.2,0.3426197886087089,0.2746000226237596,0.4106395545936582,True
step,strong,96,ubcma,0.2,0.19930426679050156,0.12369358513080358,0.2787394951740542,True
step,strong,96,adaptshrink,0.2,0.19514181029686056,0.08894411870823668,0.3013395018854844,True
step,strong,97,reml_hksj,0.2,0.36005261323833315,0.3051559951801776,0.4149492312964887,True
step,strong,97,trim_and_fill,0.2,0.2542949903735045,0.22252864745735407,0.28606133328965494,True
step,strong,97,pet_peese,0.2,0.3047521712519541,0.24360580620772557,0.36589853629618263,True
step,strong,97,copas,0.2,0.3589822047209319,0.3098010832630751,0.4081633261787887,True
step,strong,97,ubcma,0.2,0.2887610494128201,0.236633195651413,0.3416912559016755,True
step,strong,97,adaptshrink,0.2,0.2850485246227098,0.1797623582701255,0.3903346909752941,True
step,strong,98,reml_hksj,0.2,0.29967275232759427,0.2219441462765106,0.37740135837867794,True
step,strong,98,trim_and_fill,0.2,0.17895658596998046,0.13536513722854904,0.22254803471141188,True
step,strong,98,pet_peese,0.2,0.022403691594696323,-0.11131198794585134,0.156119371135244,True
step,strong,98,copas,0.2,0.29278163086711356,0.2283980787262192,0.3571651830080079,True
step,strong,98,ubcma,0.2,0.2819635565641199,0.19540295744302916,0.37152902066456217,True
step,strong,98,adaptshrink,0.2,0.1802624432223082,0.029186603328838823,0.33133828311577757,True
step,strong,99,reml_hksj,0.2,0.37648546392229376,0.29584021830983487,0.45713070953475266,True
step,strong,99,trim_and_fill,0.2,0.21468589149415213,0.1770283004658241,0.2523434825224801,True
step,strong,99,pet_peese,0.2,0.23179898005385402,0.17017034521366214,0.2934276148940459,True
step,strong,99,copas,0.2,0.3744321072960691,0.3004485319226226,0.44841568266951565,True
step,strong,99,ubcma,0.2,0.2430097954385041,0.17018848312943424,0.3236764203472428,True
step,strong,99,adaptshrink,0.2,0.22568914864099082,0.14232484414468077,0.30905345313730087,True
step,strong,100,reml_hksj,0.2,0.298913522076079,0.24452222319628059,0.35330482095587745,True
step,strong,100,trim_and_fill,0.2,0.18719848670991152,0.16011996863839562,0.21427700478142742,True
step,strong,100,pet_peese,0.2,0.24611175484145795,0.1969561804758937,0.2952673292070222,True
step,strong,100,copas,0.2,0.2974655169989084,0.2523792672841071,0.3425517667137097,True
step,strong,100,ubcma,0.2,0.27952490826536275,0.22467423384792629,0.33196554491344077,True
step,strong,100,adaptshrink,0.2,0.24687079712099372,0.11354902012327345,0.380192574118714,True
step,strong,101,reml_hksj,0.2,0.31303844090582184,0.24543626262829005,0.3806406191833536,True
step,strong,101,trim_and_fill,0.2,0.1920458631273713,0.15987910663126356,0.22421261962347902,True
step,strong,101,pet_peese,0.2,0.22288425499614078,0.1720427394794557,0.27372577051282587,True
step,strong,101,copas,0.2,0.31098676206527875,0.2529565704720712,0.3690169536584863,True
step,strong,101,ubcma,0.2,0.19470784575056987,0.13687341153851132,0.25540773500203684,True
step,strong,101,adaptshrink,0.2,0.19648426285313028,0.12558604939399456,0.26738247631226597,True
step,strong,102,reml_hksj,0.2,0.35835624854699466,0.2959324785138346,0.42078001858015474,True
step,strong,102,trim_and_fill,0.2,0.24663320749871215,0.21327593415973572,0.27999048083768857,True
step,strong,102,pet_peese,0.2,0.3452921827651861,0.2861018610747172,0.404482504455655,True
step,strong,102,copas,0.2,0.35808796449216035,0.3020494754704788,0.4141264535138419,True
step,strong,102,ubcma,0.2,0.26216113630755067,0.18090356576842986,0.34067761461959767,True
step,strong,102,adaptshrink,0.2,0.2550341736112583,0.1410530966657345,0.3690152505567821,True
step,strong,103,reml_hksj,0.2,0.3363820619449571,0.25644403169526087,0.4163200921946534,True
step,strong,103,trim_and_fill,0.2,0.1841020924284477,0.1528208590573905,0.21538332579950487,True
step,strong,103,pet_peese,0.2,0.2629432664318673,0.20937507152282187,0.3165114613409127,True
step,strong,103,copas,0.2,0.3349130476238369,0.26404724609489805,0.40577884915277573,True
step,strong,103,ubcma,0.2,0.26822534762767153,0.13138512531827445,0.40367683263200776,True
step,strong,103,adaptshrink,0.2,0.25641348484178544,0.11615000200969589,0.396676967673875,True
step,strong,104,reml_hksj,0.2,0.36989379887723417,0.2895184616836071,0.4502691360708612,True
step,strong,104,trim_and_fill,0.2,0.1559186498047416,0.12496608134807394,0.18687121826140926,True
step,strong,104,pet_peese,0.2,0.25902364655061555,0.20580589378610845,0.3122413993151226,True
step,strong,104,copas,0.2,0.3681421358981079,0.2953697855975137,0.4409144861987021,True
step,strong,104,ubcma,0.2,0.29049235044049626,0.11494419450984189,0.4383982592180937,True
step,strong,104,adaptshrink,0.2,0.25557199132986425,0.10163420611572782,0.40950977654400067,True
step,strong,105,reml_hksj,0.2,0.33678081112297725,0.2759018923978741,0.3976597298480804,True
step,strong,105,trim_and_fill,0.2,0.17765441461473394,0.14627113382260354,0.20903769540686434,True
step,strong,105,pet_peese,0.2,0.28767588633172053,0.23183404551040898,0.3435177271530321,True
step,strong,105,copas,0.2,0.33596616867881374,0.279610537241796,0.39232180011583145,True
step,strong,105,ubcma,0.2,0.36542572202222096,0.2853852281201218,0.43769825172069105,True
step,strong,105,adaptshrink,0.2,0.28863826214559957,0.1043924295924723,0.47288409469872683,True
step,strong,106,reml_hksj,0.2,0.39197871860422806,0.33141789713356545,0.45253954007489067,True
step,strong,106,trim_and_fill,0.2,0.31342815460900936,0.2721973965430647,0.35465891267495403,True
step,strong,106,pet_peese,0.2,0.2983985486156314,0.21521627986105635,0.3815808173702065,True
step,strong,106,copas,0.2,0.3919765021071612,0.3413255664320104,0.44262743778231195,True
step,strong,106,ubcma,0.2,0.3583708118557991,0.21455090847283675,0.5023799934621214,True
step,strong,106,adaptshrink,0.2,0.3129605832802217,0.21987982643190163,0.40604134012854176,True
step,strong,107,reml_hksj,0.2,0.291906415945807,0.23701307658186205,0.346799755309752,True
step,strong,107,trim_and_fill,0.2,0.1899026537209101,0.15973860776820156,0.2200666996736186,True
step,strong,107,pet_peese,0.2,0.2253417072908205,0.17662144036892632,0.27406197421271467,True
step,strong,107,copas,0.2,0.2891639363416249,0.24259359653627272,0.3357342761469771,True
step,strong,107,ubcma,0.2,0.2615240847568682,0.17760953419563916,0.33832967511027706,True
step,strong,107,adaptshrink,0.2,0.22090346813204242,0.10337772733188354,0.3384292089322013,True
step,strong,108,reml_hksj,0.2,0.3640433450799529,0.2899953306584607,0.43809135950144507,True
step,strong,108,trim_and_fill,0.2,0.2126912655256548,0.1820961925197625,0.24328633853154708,True
step,strong,108,pet_peese,0.2,0.3277649808650643,0.27180723320956623,0.38372272852056233,True
step,strong,108,copas,0.2,0.3634572124448731,0.298978183608415,0.42793624128133123,True
step,strong,108,ubcma,0.2,0.2297899640047382,0.16909730520644367,0.2898966920664442,True
step,strong,108,adaptshrink,0.2,0.2223293465142989,0.1133910089223118,0.331267684106286,True
step,strong,109,reml_hksj,0.2,0.3522875316801187,0.27270473395013395,0.4318703294101035,True
step,strong,109,trim_and_fill,0.2,0.1771193993057463,0.14203275867398407,0.21220603993750853,True
step,strong,109,pet_peese,0.2,0.3188493098145416,0.2601220944758382,0.3775765251532451,True
step,strong,109,copas,0.2,0.35183538580486373,0.2781841558194855,0.42548661579024194,True
step,strong,109,ubcma,0.2,0.2231883804267204,0.11544499405530034,0.3420804611018532,True
step,strong,109,adaptshrink,0.2,0.21163033404803006,-0.00871761682900074,0.43197828492506085,True
step,strong,110,reml_hksj,0.2,0.32775601902221824,0.25570059356788405,0.3998114444765524,True
step,strong,110,trim_and_fill,0.2,0.1999597462007885,0.16431057754372835,0.23560891485784863,True
step,strong,110,pet_peese,0.2,0.22520290534110216,0.16091125296142272,0.2894945577207816,True
step,strong,110,copas,0.2,0.3263420528940745,0.2609833231018604,0.39170078268628855,True
step,strong,110,ubcma,0.2,0.2524120085109595,0.10114398085268417,0.36929483364701987,True
step,strong,110,adaptshrink,0.2,0.21539512068722674,0.11116475773821323,0.31962548363624027,True
step,strong,111,reml_hksj,0.2,0.33901103555869355,0.2786112379711518,0.3994108331462353,True
step,strong,111,trim_and_fill,0.2,0.22104328981361895,0.18871787324606654,0.25336870638117137,True
step,strong,111,pet_peese,0.2,0.34476699737571337,0.28743578849997314,0.4020982062514536,True
step,strong,111,copas,0.2,0.33909512711333667,0.28357739470569177,0.3946128595209816,True
step,strong,111,ubcma,0.2,0.3040947120884159,0.213394201410564,0.38246699801393835,True
step,strong,111,adaptshrink,0.2,0.30839160068813887,0.11236139610574192,0.5044218052705358,True
step,strong,112,reml_hksj,0.2,0.38425917790083697,0.3167976229446303,0.4517207328570436,True
step,strong,112,trim_and_fill,0.2,0.23465624602023769,0.1990571174465026,0.27025537459397275,True
step,strong,112,pet_peese,0.2,0.28753535917957984,0.2263819797157394,0.34868873864342026,True
step,strong,112,copas,0.2,0.38261662071949537,0.3201457627323833,0.4450874787066074,True
step,strong,112,ubcma,0.2,0.3432406088533081,0.21627484043878129,0.4897438419593817,True
step,strong,112,adaptshrink,0.2,0.28079467317133694,0.1226467413789461,0.4389426049637278,True
step,strong,113,reml_hksj,0.2,0.35129710859383884,0.2860640755664019,0.4165301416212758,True
step,strong,113,trim_and_fill,0.2,0.22328381524128454,0.19018230374973885,0.2563853267328302,True
step,strong,113,pet_peese,0.2,0.315852836681392,0.2554322657461894,0.37627340761659467,True
step,strong,113,copas,0.2,0.3507768345619788,0.2895803033990168,0.41197336572494075,True
step,strong,113,ubcma,0.2,0.31857375217149886,0.2123059023765781,0.4132157175444112,True
step,strong,113,adaptshrink,0.2,0.30975379329787234,0.16119228461441654,0.45831530198132814,True
step,strong,114,reml_hksj,0.2,0.32240419504863616,0.23729353833982708,0.40751485175744523,True
step,strong,114,trim_and_fill,0.2,0.16302588035487126,0.12412127700217486,0.20193048370756767,True
step,strong,114,pet_peese,0.2,0.2363292469543076,0.16688412726917407,0.30577436663944113,True
step,strong,114,copas,0.2,0.3206190505329077,0.24373898101264732,0.397499120053168,True
step,strong,114,ubcma,0.2,0.21664238077555886,0.08244159606112883,0.373999379323067,True
step,strong,114,adaptshrink,0.2,0.21260667508036254,0.0420660578357073,0.38314729232501776,True
step,strong,115,reml_hksj,0.2,0.3630759481480974,0.277792529009479,0.4483593672867158,True
step,strong,115,trim_and_fill,0.2,0.22290359745354021,0.18733319975045082,0.2584739951566296,True
step,strong,115,pet_peese,0.2,0.2673429504510764,0.21259089126948316,0.3220950096326697,True
step,strong,115,copas,0.2,0.36178321785034284,0.2842978759456275,0.4392685597550582,True
step,strong,115,ubcma,0.2,0.269832559769785,0.14575049558580316,0.4052453522385427,True
step,strong,115,adaptshrink,0.2,0.257710426393692,0.13870570812081578,0.37671514466656825,True
step,strong,116,reml_hksj,0.2,0.3345887158364468,0.2843408519646746,0.38483657970821894,True
step,strong,116,trim_and_fill,0.2,0.24210495680388103,0.20833536350420043,0.27587455010356166,True
step,strong,116,pet_peese,0.2,0.3196239747144249,0.2562896425830172,0.3829583068458326,True
step,strong,116,copas,0.2,0.3345887088399195,0.29066699869640056,0.3785104189834384,True
step,strong,116,ubcma,0.2,0.30460017459249256,0.2209204463022329,0.38652916649485536,True
step,strong,116,adaptshrink,0.2,0.30268279905886714,0.15478507959367388,0.4505805185240604,True
step,strong,117,reml_hksj,0.2,0.3266684887240103,0.27898478054163034,0.3743521969063902,True
step,strong,117,trim_and_fill,0.2,0.2526870054210373,0.22192644866573796,0.2834475621763366,True
step,strong,117,pet_peese,0.2,0.30694632226130086,0.2564532959644742,0.35743934855812753,True
step,strong,117,copas,0.2,0.3252939492958424,0.2828205791989147,0.3677673193927701,True
step,strong,117,ubcma,0.2,0.2533148569709779,0.19336443957628174,0.31104317395258874,True
step,strong,117,adaptshrink,0.2,0.25562968140895115,0.17868206560304173,0.33257729721486057,True
step,strong,118,reml_hksj,0.2,0.359292587030285,0.2996707421004807,0.41891443196008926,True
step,strong,118,trim_and_fill,0.2,0.2567527551092162,0.2174183203005318,0.2960871899179006,True
step,strong,118,pet_peese,0.2,0.2883917296782175,0.21876938849318273,0.3580140708632523,True
step,strong,118,copas,0.2,0.3572690276992857,0.30383691493894344,0.41070114045962797,True
step,strong,118,ubcma,0.2,0.35296591028353985,0.23233822582259142,0.473107070178979,True
step,strong,118,adaptshrink,0.2,0.2795565848069136,0.13825565813260074,0.4208575114812264,True
step,strong,119,reml_hksj,0.2,0.3294949561142747,0.2710343580582006,0.3879555541703488,True
step,strong,119,trim_and_fill,0.2,0.20122233328599187,0.1739696175373245,0.22847504903465923,True
step,strong,119,pet_peese,0.2,0.23345003050405871,0.18446217176164484,0.2824378892464726,True
step,strong,119,copas,0.2,0.32811236189086046,0.2761335943171957,0.3800911294645252,True
step,strong,119,ubcma,0.2,0.19394224358310433,0.13636354369296777,0.25220083956050443,True
step,strong,119,adaptshrink,0.2,0.20290270562586551,0.13718973837168258,0.26861567288004845,True
step,strong,120,reml_hksj,0.2,0.28816474335541153,0.23103884844672543,0.3452906382640976,True
step,strong,120,trim_and_fill,0.2,0.20044447256235082,0.16481997300381968,0.23606897212088196,True
step,strong,120,pet_peese,0.2,0.23333367832536342,0.17524382922756365,0.2914235274231632,True
step,strong,120,copas,0.2,0.2868486723439368,0.23464997458372577,0.3390473701041478,True
step,strong,120,ubcma,0.2,0.21593395844848937,0.10634930604536406,0.3227245917660729,True
step,strong,120,adaptshrink,0.2,0.21168930203954897,0.12109411241684324,0.3022844916622547,True
step,strong,121,reml_hksj,0.2,0.32570657914197054,0.2519256385935479,0.3994875196903932,True
step,strong,121,trim_and_fill,0.2,0.1908741659431117,0.15355122059232773,0.2281971112938957,True
step,strong,121,pet_peese,0.2,0.21225902545251638,0.15220509796836035,0.2723129529366724,True
step,strong,121,copas,0.2,0.3231848826015904,0.2561824561063377,0.39018730909684307,True
step,strong,121,ubcma,0.2,0.10778259826633212,0.007090205007752367,0.21119717393911172,True
step,strong,121,adaptshrink,0.2,0.19273993258375774,0.09237812163415574,0.2931017435333597,True
step,strong,122,reml_hksj,0.2,0.4165222959094925,0.3237950317486159,0.5092495600703691,True
step,strong,122,trim_and_fill,0.2,0.1946897292142189,0.15845400918867986,0.23092544923975794,True
step,strong,122,pet_peese,0.2,0.3845209304277533,0.31588729904398394,0.4531545618115227,True
step,strong,122,copas,0.2,0.4156621929025135,0.33523042800695624,0.49609395779807075,True
step,strong,122,ubcma,0.2,0.44130635602539453,0.3031729052689933,0.5335052622715273,True
step,strong,122,adaptshrink,0.2,0.3878309135584725,0.17794153976005142,0.5977202873568935,True
step,strong,123,reml_hksj,0.2,0.36387098871959234,0.27858754070374697,0.4491544367354377,True
step,strong,123,trim_and_fill,0.2,0.18138659040537355,0.1415180399133662,0.2212551408973809,True
step,strong,123,pet_peese,0.2,0.06783948310254932,-0.08136561133885774,0.2170445775439564,True
step,strong,123,copas,0.2,0.3621640430854779,0.28590032631978113,0.43842775985117466,True
step,strong,123,ubcma,0.2,0.32142636161898464,0.18076990560033238,0.4561172688071573,True
step,strong,123,adaptshrink,0.2,0.181239041600552,0.04653480675055918,0.31594327645054476,True
step,strong,124,reml_hksj,0.2,0.3896489315055483,0.3354015514733938,0.4438963115377028,True
step,strong,124,trim_and_fill,0.2,0.2992826374622109,0.26020555736238543,0.33835971756203637,True
step,strong,124,pet_peese,0.2,0.37474513900586676,0.30696766202657655,0.44252261598515696,True
step,strong,124,copas,0.2,0.3896802761690838,0.3397953142133437,0.4395652381248239,True
step,strong,124,ubcma,0.2,0.38437147327506965,0.2557756090926703,0.5081205254708892,True
step,strong,124,adaptshrink,0.2,0.36656426106294865,0.20489465505736953,0.5282338670685278,True
step,strong,125,reml_hksj,0.2,0.3680663767356101,0.3038301048331394,0.4323026486380808,True
step,strong,125,trim_and_fill,0.2,0.2277539445391263,0.19594773279443037,0.2595601562838223,True
step,strong,125,pet_peese,0.2,0.2856495495268716,0.23215362631210393,0.3391454727416393,True
step,strong,125,copas,0.2,0.366371149537684,0.3083150320882766,0.42442726698709143,True
step,strong,125,ubcma,0.2,0.26239409773935174,0.20074918541031805,0.32649378512252825,True
step,strong,125,adaptshrink,0.2,0.260097915705646,0.1410339594147887,0.3791618719965033,True
step,strong,126,reml_hksj,0.2,0.34643353117092296,0.2663097673677126,0.4265572949741333,True
step,strong,126,trim_and_fill,0.2,0.185419321354155,0.15094954554225706,0.21988909716605295,True
step,strong,126,pet_peese,0.2,0.25181089579612326,0.1922415577889373,0.3113802338033092,True
step,strong,126,copas,0.2,0.34486267168285456,0.2747211249982362,0.4150042183674729,True
step,strong,126,ubcma,0.2,0.21653598134732316,0.1404624821723647,0.29057871623099363,True
step,strong,126,adaptshrink,0.2,0.2123371924948186,0.07889637103141914,0.34577801395821806,True
step,strong,127,reml_hksj,0.2,0.3332415630056631,0.25603684827149614,0.41044627773983006,True
step,strong,127,trim_and_fill,0.2,0.2058433217447804,0.16739005142578287,0.24429659206377793,True
step,strong,127,pet_peese,0.2,0.2771256787033069,0.2076768198396624,0.3465745375669514,True
step,strong,127,copas,0.2,0.3311647644103624,0.2642031390702028,0.398126389750522,True
step,strong,127,ubcma,0.2,0.30141350289898267,0.19162267583223236,0.3879406776822176,True
step,strong,127,adaptshrink,0.2,0.2731314285273255,0.10785519284255754,0.43840766421209354,True
step,strong,128,reml_hksj,0.2,0.31103684253217906,0.25264028283802625,0.36943340222633186,True
step,strong,128,trim_and_fill,0.2,0.22801519823818608,0.1904781374681323,0.26555225900823987,True
step,strong,128,pet_peese,0.2,0.30852231285463483,0.24217168212438878,0.3748729435848809,True
step,strong,128,copas,0.2,0.3113536525422244,0.259025324094554,0.36368198098989485,True
step,strong,128,ubcma,0.2,0.22363201168850022,0.11676205223996926,0.3240372476921295,True
step,strong,128,adaptshrink,0.2,0.23081602468538592,0.12908533912421472,0.33254671024655713,True
step,strong,129,reml_hksj,0.2,0.30813044149281404,0.27135849900345044,0.34490238398217765,True
step,strong,129,trim_and_fill,0.2,0.23817453791202445,0.21050720815692692,0.265841867667122,True
step,strong,129,pet_peese,0.2,0.28176854200077267,0.23755368514926178,0.32598339885228356,True
step,strong,129,copas,0.2,0.3081289569608573,0.27320877979374436,0.3430491341279702,True
step,strong,129,ubcma,0.2,0.2378462873444754,0.16272543554916605,0.30774739263403084,True
step,strong,129,adaptshrink,0.2,0.2410710441687989,0.16995294721676837,0.3121891411208294,True
step,strong,130,reml_hksj,0.2,0.2974434584094,0.2414809745384856,0.3534059422803144,True
step,strong,130,trim_and_fill,0.2,0.161496926713638,0.13442012625881278,0.1885737271684632,True
step,strong,130,pet_peese,0.2,0.20831836384510946,0.16201472155097235,0.25462200613924657,True
step,strong,130,copas,0.2,0.29571647039773075,0.24402669533143112,0.34740624546403037,True
step,strong,130,ubcma,0.2,0.18331261653744654,0.12287346770565886,0.24082242672307486,True
step,strong,130,adaptshrink,0.2,0.17995307762790833,0.08266695258409251,0.27723920267172414,True
step,strong,131,reml_hksj,0.2,0.34271412353819375,0.27054160373132785,0.41488664334505965,True
step,strong,131,trim_and_fill,0.2,0.24423634963616875,0.2067244119550184,0.2817482873173191,True
step,strong,131,pet_peese,0.2,0.3112716741120827,0.24560666030463918,0.37693668791952617,True
step,strong,131,copas,0.2,0.3423509358021655,0.27658886065499827,0.4081130109493328,True
step,strong,131,ubcma,0.2,0.2599033726279495,0.15193822477332655,0.36431914079023503,True
step,strong,131,adaptshrink,0.2,0.25457036151265894,0.13735908036438227,0.3717816426609356,True
step,strong,132,reml_hksj,0.2,0.33452418478288004,0.2807546261026897,0.3882937434630704,True
step,strong,132,trim_and_fill,0.2,0.198483133540578,0.16812233528603854,0.22884393179511747,True
step,strong,132,pet_peese,0.2,0.25806964247630754,0.20444719590050814,0.31169208905210694,True
step,strong,132,copas,0.2,0.3332508576090641,0.2832166192029963,0.3832850960151319,True
step,strong,132,ubcma,0.2,0.2634534831464883,0.1824225864362669,0.3596140266392286,True
step,strong,132,adaptshrink,0.2,0.2517682094937841,0.12717619733970315,0.37636022164786503,True
step,strong,133,reml_hksj,0.2,0.34268155967224195,0.2855035190544422,0.3998596002900417,True
step,strong,133,trim_and_fill,0.2,0.19800191416576382,0.1639135074923485,0.23209032083917913,True
step,strong,133,pet_peese,0.2,0.29427459721247035,0.2252445688627982,0.3633046255621425,True
step,strong,133,copas,0.2,0.3420091709897341,0.2900670253304715,0.3939513166489967,True
step,strong,133,ubcma,0.2,0.3213852125320722,0.23403028081626537,0.4085172289516346,True
step,strong,133,adaptshrink,0.2,0.29421326401283926,0.12060370678161053,0.467822821244068,True
step,strong,134,reml_hksj,0.2,0.2932629955711787,0.2312427994825111,0.35528319165984623,True
step,strong,134,trim_and_fill,0.2,0.1610989937920901,0.13181886071370516,0.19037912687047506,True
step,strong,134,pet_peese,0.2,0.27639953780045795,0.22489677832287336,0.32790229727804254,True
step,strong,134,copas,0.2,0.29303569923822453,0.2355389069919195,0.3505324914845296,True
step,strong,134,ubcma,0.2,0.23090427795353996,0.122588623307476,0.3204069660957283,True
step,strong,134,adaptshrink,0.2,0.23383086206029233,0.026197893054687865,0.4414638310658968,True
step,strong,135,reml_hksj,0.2,0.29019928204720324,0.24197741152270655,0.3384211525716999,True
step,strong,135,trim_and_fill,0.2,0.1943698790810395,0.16466240949757505,0.22407734866450396,True
step,strong,135,pet_peese,0.2,0.25357777479439536,0.19791212913351744,0.30924342045527325,True
step,strong,135,copas,0.2,0.289049651938244,0.24498077670282628,0.33311852717366175,True
step,strong,135,ubcma,0.2,0.24612391622814964,0.18816216883275366,0.3025540567559546,True
step,strong,135,adaptshrink,0.2,0.24270688999795714,0.1309084476575026,0.3545053323384117,True
step,strong,136,reml_hksj,0.2,0.3380568234627075,0.2807235798421507,0.3953900670832643,True
step,strong,136,trim_and_fill,0.2,0.23101599028705835,0.19852567476745805,0.2635063058066586,True
step,strong,136,pet_peese,0.2,0.2810995042783277,0.2295645435955459,0.3326344649611095,True
step,strong,136,copas,0.2,0.3362642073392038,0.2844903658005055,0.3880380488779021,True
step,strong,136,ubcma,0.2,0.3572891330861328,0.29874315299008813,0.41827558825348465,True
step,strong,136,adaptshrink,0.2,0.27768007154909596,0.1235048283100302,0.43185531478816175,True
step,strong,137,reml_hksj,0.2,0.3856732296020444,0.32116577998986817,0.45018067921422067,True
step,strong,137,trim_and_fill,0.2,0.23947259579995875,0.20904192076660047,0.26990327083331705,True
step,strong,137,pet_peese,0.2,0.30200292800444584,0.24894923758914053,0.3550566184197511,True
step,strong,137,copas,0.2,0.3845942911297914,0.32509309622154037,0.4440954860380424,True
step,strong,137,ubcma,0.2,0.3641720484755485,0.2751082386239906,0.45170932275386066,True
step,strong,137,adaptshrink,0.2,0.2994586574899174,0.14140381236586103,0.4575135026139738,True
step,strong,138,reml_hksj,0.2,0.3616911202757914,0.2889710642878356,0.43441117626374726,True
step,strong,138,trim_and_fill,0.2,0.20576005028539537,0.17349649203692089,0.23802360853386986,True
step,strong,138,pet_peese,0.2,0.31775536609752786,0.25161756573486427,0.38389316646019145,True
step,strong,138,copas,0.2,0.3613244354711775,0.2951013853680725,0.42754748557428246,True
step,strong,138,ubcma,0.2,0.2911980051677485,0.21364843692644964,0.3656445563403726,True
step,strong,138,adaptshrink,0.2,0.29352479822022715,0.12358833727606744,0.46346125916438685,True
step,strong,139,reml_hksj,0.2,0.37413369440512284,0.29633192554652615,0.45193546326371953,True
step,strong,139,trim_and_fill,0.2,0.17814741627733427,0.1432539264662813,0.21304090608838724,True
step,strong,139,pet_peese,0.2,0.262042435915827,0.20000424312324633,0.32408062870840765,True
step,strong,139,copas,0.2,0.37248442164980855,0.30061284979187125,0.44435599350774585,True
step,strong,139,ubcma,0.2,0.3265673175106619,0.17388300178474808,0.47256876031097056,True
step,strong,139,adaptshrink,0.2,0.2580454739543966,0.07576198939846363,0.44032895851032955,True
step,strong,140,reml_hksj,0.2,0.3661911633219641,0.2915842472379889,0.4407980794059393,True
step,strong,140,trim_and_fill,0.2,0.21263644636379325,0.17214470016924122,0.2531281925583453,True
step,strong,140,pet_peese,0.2,0.2937853036249904,0.2196083487695426,0.3679622584804382,True
step,strong,140,copas,0.2,0.3646854250375291,0.29689934362777703,0.43247150644728116,True
step,strong,140,ubcma,0.2,0.3055626779987875,0.2208813941654667,0.38844154758099997,True
step,strong,140,adaptshrink,0.2,0.28964871555542543,0.12987629618587748,0.4494211349249734,True
step,strong,141,reml_hksj,0.2,0.40576719817885853,0.3404198652655233,0.47111453109219376,True
step,strong,141,trim_and_fill,0.2,0.2257054766893657,0.199912575050877,0.2514983783278544,True
step,strong,141,pet_peese,0.2,0.325780729608782,0.2795975487782647,0.37196391043929933,True
step,strong,141,copas,0.2,0.40505077610745827,0.3438743438490299,0.46622720836588666,True
step,strong,141,ubcma,0.2,0.3782036797831798,0.2008533192130283,0.5580431682209825,True
step,strong,141,adaptshrink,0.2,0.32322806810386545,0.18149872073457285,0.46495741547315805,True
step,strong,142,reml_hksj,0.2,0.2623280819622514,0.20854725086940287,0.31610891305509986,True
step,strong,142,trim_and_fill,0.2,0.1485835409688917,0.11963185090490377,0.17753523103287963,True
step,strong,142,pet_peese,0.2,0.19053707141699971,0.14194245348227044,0.239131689351729,True
step,strong,142,copas,0.2,0.26104196288386744,0.21186296387983175,0.31022096188790316,True
step,strong,142,ubcma,0.2,0.19236334930329488,0.10861343935962649,0.26644464324063916,True
step,strong,142,adaptshrink,0.2,0.18322842988822652,0.08002623044973568,0.28643062932671737,True
step,strong,143,reml_hksj,0.2,0.27778834107377154,0.21452893769150866,0.3410477444560344,True
step,strong,143,trim_and_fill,0.2,0.1629714722046127,0.13243984841762826,0.19350309599159712,True
step,strong,143,pet_peese,0.2,0.22242484777238355,0.1696397389665195,0.2752099565782476,True
step,strong,143,copas,0.2,0.2764960084820155,0.222646434470339,0.330345582493692,True
step,strong,143,ubcma,0.2,0.2206190582079863,0.14916443128998796,0.2932458731273736,True
step,strong,143,adaptshrink,0.2,0.2148995003044812,0.09866961317835166,0.33112938743061077,True
step,strong,144,reml_hksj,0.2,0.35682712063061023,0.307393390228404,0.40626085103281645,True
step,strong,144,trim_and_fill,0.2,0.22386498347565162,0.19930419688425674,0.2484257700670465,True
step,strong,144,pet_peese,0.2,0.3095992492948765,0.26614635782057794,0.353052140769175,True
step,strong,144,copas,0.2,0.35601108258245734,0.3097825794557448,0.4022395857091699,True
step,strong,144,ubcma,0.2,0.2977395556363825,0.21904438057564177,0.37595365983582474,True
step,strong,144,adaptshrink,0.2,0.30008946987255125,0.17668563661954328,0.4234933031255592,True
step,strong,145,reml_hksj,0.2,0.30642998445620995,0.26035506768133854,0.35250490123108136,True
step,strong,145,trim_and_fill,0.2,0.20056295573863367,0.17391374173067958,0.22721216974658776,True
step,strong,145,pet_peese,0.2,0.29905304650680536,0.2524711459493423,0.34563494706426845,True
step,strong,145,copas,0.2,0.30622698174850277,0.2631728051225461,0.34928115837445944,True
step,strong,145,ubcma,0.2,0.23313594295859438,0.15577391648830105,0.3102427895724712,True
step,strong,145,adaptshrink,0.2,0.22542861080480045,0.07139249838450762,0.3794647232250933,True
step,strong,146,reml_hksj,0.2,0.4125285541566516,0.321849701409421,0.5032074069038822,True
step,strong,146,trim_and_fill,0.2,0.250506474309228,0.2186170213277339,0.28239592729072216,True
step,strong,146,pet_peese,0.2,0.3748616366336266,0.32006396380657376,0.42965930946067943,True
step,strong,146,copas,0.2,0.4114127135276351,0.33520083644905396,0.4876245906062162,True
step,strong,146,ubcma,0.2,0.3220900843458255,0.13409882930706424,0.4707789618509624,False
step,strong,146,adaptshrink,0.2,0.3090225240668122,-0.5045648102054345,1.122609858339059,True
step,strong,147,reml_hksj,0.2,0.37780992179855194,0.3161543169765227,0.4394655266205812,True
step,strong,147,trim_and_fill,0.2,0.24554051195526067,0.2121569311814603,0.27892409272906105,True
step,strong,147,pet_peese,0.2,0.36705614834689554,0.3087328979914723,0.4253793987023188,True
step,strong,147,copas,0.2,0.3777060516507867,0.3213065846486454,0.43410551865292796,True
step,strong,147,ubcma,0.2,0.24165526673346951,0.13579410030791167,0.34864005433412804,True
step,strong,147,adaptshrink,0.2,0.24721731426430124,0.15107049101669978,0.3433641375119027,True
step,strong,148,reml_hksj,0.2,0.36006329260179437,0.30616804199493625,0.4139585432086525,True
step,strong,148,trim_and_fill,0.2,0.23586054837749224,0.2052124310019347,0.26650866575304977,True
step,strong,148,pet_peese,0.2,0.26906740213958474,0.21646887590530217,0.3216659283738673,True
step,strong,148,copas,0.2,0.3583423954897116,0.3083704225156604,0.4083143684637628,True
step,strong,148,ubcma,0.2,0.25178010024445674,0.19141699301127924,0.3214225557268129,True
step,strong,148,adaptshrink,0.2,0.24793112296749759,0.16615010016968074,0.32971214576531443,True
step,strong,149,reml_hksj,0.2,0.34370565539102943,0.25614774308262594,0.4312635676994329,True
step,strong,149,trim_and_fill,0.2,0.18060725446894194,0.1452595128778667,0.21595499606001717,True
step,strong,149,pet_peese,0.2,0.2818768409743675,0.22224576162188325,0.34150792032685173,True
step,strong,149,copas,0.2,0.3423913413509505,0.26884191789089595,0.41594076481100506,True
step,strong,149,ubcma,0.2,0.2295404112238894,0.1392508906716916,0.3143093251999822,True
step,strong,149,adaptshrink,0.2,0.22629071486575217,0.039436447978562966,0.41314498175294134,True
step,strong,150,reml_hksj,0.2,0.3360495284531906,0.2865212372444479,0.3855778196619333,True
step,strong,150,trim_and_fill,0.2,0.23501244633186633,0.20082714947444857,0.2691977431892841,True
step,strong,150,pet_peese,0.2,0.27248927922499255,0.19522545309126044,0.34975310535872467,True
step,strong,150,copas,0.2,0.3360495194556746,0.2924498411089717,0.37964919780237744,True
step,strong,150,ubcma,0.2,0.2833533505129461,0.21907814000936104,0.3492035344889468,True
step,strong,150,adaptshrink,0.2,0.2661294103865887,0.1473032699912668,0.3849555507819106,True
step,strong,151,reml_hksj,0.2,0.35582720851384636,0.27791194953741466,0.43374246749027806,True
step,strong,151,trim_and_fill,0.2,0.21616990451874724,0.18379534056913605,0.24854446846835843,True
step,strong,151,pet_peese,0.2,0.37743430634925956,0.3164375202493447,0.43843109244917444,True
step,strong,151,copas,0.2,0.35590065435682844,0.28496342250755985,0.42683788620609703,True
step,strong,151,ubcma,0.2,0.2803221081731156,0.1773740711773299,0.37609569831702994,True
step,strong,151,adaptshrink,0.2,0.27291762418284704,0.024164300866522215,0.5216709474991719,True
step,strong,152,reml_hksj,0.2,0.39964413192508375,0.3388440479022307,0.4604442159479368,True
step,strong,152,trim_and_fill,0.2,0.30107621139109236,0.27185503649064113,0.3302973862915436,True
step,strong,152,pet_peese,0.2,0.36998641593732673,0.31845120370043833,0.4215216281742151,True
step,strong,152,copas,0.2,0.39831653743908224,0.35087697352280567,0.4457561013553588,True
step,strong,152,ubcma,0.2,0.39629020844823964,0.27114826323371755,0.49862702601787356,True
step,strong,152,adaptshrink,0.2,0.3660880011937495,0.2272034930480588,0.5049725093394402,True
step,strong,153,reml_hksj,0.2,0.33365721856645486,0.2887664165082233,0.3785480206246864,True
step,strong,153,trim_and_fill,0.2,0.2413764238406034,0.20928192670140303,0.2734709209798038,True
step,strong,153,pet_peese,0.2,0.29122834718468515,0.22788178226948214,0.3545749120998882,True
step,strong,153,copas,0.2,0.3336572164884648,0.29147796911278867,0.37583646386414093,True
step,strong,153,ubcma,0.2,0.2935205717077321,0.22172456572280286,0.36410815607710817,True
step,strong,153,adaptshrink,0.2,0.2833382372475943,0.16320357201774705,0.4034729024774416,True
step,strong,154,reml_hksj,0.2,0.3798077910554384,0.3152914373692314,0.4443241447416454,True
step,strong,154,trim_and_fill,0.2,0.25128131023807565,0.21538192336327328,0.287180697112878,True
step,strong,154,pet_peese,0.2,0.3209515211064926,0.252125694753517,0.38977734745946824,True
step,strong,154,copas,0.2,0.37847941131125973,0.31995543513591507,0.4370033874866044,True
step,strong,154,ubcma,0.2,0.36478706277884865,0.26353300771623744,0.45846755190320154,True
step,strong,154,adaptshrink,0.2,0.3181490475329684,0.13894627637353257,0.49735181869240425,True
step,strong,155,reml_hksj,0.2,0.28838237043495923,0.24338260040584703,0.33338214046407144,True
step,strong,155,trim_and_fill,0.2,0.22414220070528748,0.1926948779821134,0.25558952342846153,True
step,strong,155,pet_peese,0.2,0.24428023713643846,0.19519237933019182,0.2933680949426851,True
step,strong,155,copas,0.2,0.28694459382204607,0.2492254841640702,0.32466370348002194,True
step,strong,155,ubcma,0.2,0.24101221582495394,0.17218039398867985,0.30495768307353344,True
step,strong,155,adaptshrink,0.2,0.23494295985800787,0.16439407709234627,0.30549184262366946,True
step,strong,156,reml_hksj,0.2,0.34274544428853204,0.25371944281666453,0.43177144576039955,True
step,strong,156,trim_and_fill,0.2,0.15898707932815476,0.117741830681207,0.20023232797510251,True
step,strong,156,pet_peese,0.2,0.03451276317839541,-0.11683684262533806,0.18586236898212888,True
step,strong,156,copas,0.2,0.34079228475494866,0.2601943113502738,0.4213902581596235,True
step,strong,156,ubcma,0.2,0.3218720537998777,0.19103401430402314,0.439570445844479,True
step,strong,156,adaptshrink,0.2,0.15878615642376506,0.01628732305049163,0.3012849897970385,True
step,strong,157,reml_hksj,0.2,0.328997825489035,0.2642425152199741,0.3937531357580959,True
step,strong,157,trim_and_fill,0.2,0.20909371049018438,0.17271759058613717,0.2454698303942316,True
step,strong,157,pet_peese,0.2,0.2552964724302132,0.1947539801799873,0.3158389646804391,True
step,strong,157,copas,0.2,0.3267942030746872,0.26787121827224436,0.38571718787713005,True
step,strong,157,ubcma,0.2,0.3188374975454883,0.211027400824367,0.4102713770431482,True
step,strong,157,adaptshrink,0.2,0.24965529280360238,0.0922117311671467,0.40709885444005806,True
step,strong,158,reml_hksj,0.2,0.37726829595117894,0.33418365616291607,0.4203529357394418,True
step,strong,158,trim_and_fill,0.2,0.2823825388257681,0.2495752564094212,0.315189821242115,True
step,strong,158,pet_peese,0.2,0.33280207854395705,0.2681817767974567,0.3974223802904574,True
step,strong,158,copas,0.2,0.37726828792480677,0.33604389972812687,0.41849267612148666,True
step,strong,158,ubcma,0.2,0.3161974791774343,0.22173790782233377,0.39946260282641255,True
step,strong,158,adaptshrink,0.2,0.3101810679190147,0.18741649107120045,0.4329456447668289,True
step,strong,159,reml_hksj,0.2,0.27987723105361606,0.1817657447510184,0.37798871735621375,True
step,strong,159,trim_and_fill,0.2,0.15598089250000366,0.12526873755057813,0.1866930474494292,True
step,strong,159,pet_peese,0.2,0.271347639577948,0.21953238544927897,0.32316289370661705,True
step,strong,159,copas,0.2,0.27959687861080856,0.19973070628846173,0.3594630509331554,True
step,strong,159,ubcma,0.2,0.28352324616097757,0.20902712573326912,0.34432767374683526,True
step,strong,159,adaptshrink,0.2,0.27160438558196637,0.14260244764963761,0.40060632351429515,True
step,strong,160,reml_hksj,0.2,0.33080911483544956,0.28252452063176137,0.37909370903913775,True
step,strong,160,trim_and_fill,0.2,0.2635861680490391,0.2261216619085445,0.30105067418953374,True
step,strong,160,pet_peese,0.2,0.24651611793184255,0.17562307055295068,0.31740916531073443,True
step,strong,160,copas,0.2,0.3308091188883699,0.28517658957362835,0.37644164820311143,True
step,strong,160,ubcma,0.2,0.29364919267234196,0.22410347700121963,0.3647864735570249,True
step,strong,160,adaptshrink,0.2,0.2643837154726494,0.17873507870662514,0.3500323522386736,True
step,strong,161,reml_hksj,0.2,0.32631120669453173,0.2788143602147779,0.37380805317428556,True
step,strong,161,trim_and_fill,0.2,0.21138792298099573,0.1829537327221995,0.23982211323979197,True
step,strong,161,pet_peese,0.2,0.3069802328313348,0.25515817151721354,0.35880229414545606,True
step,strong,161,copas,0.2,0.3260925232675473,0.2815610398909116,0.370624006644183,True
step,strong,161,ubcma,0.2,0.317163681516997,0.24098729266229335,0.3926141488578976,True
step,strong,161,adaptshrink,0.2,0.3051949152755526,0.1753833544349235,0.4350064761161817,True
step,strong,162,reml_hksj,0.2,0.32763464984152896,0.2759459656403227,0.3793233340427352,True
step,strong,162,trim_and_fill,0.2,0.2241463570465818,0.18727995896136307,0.26101275513180056,True
step,strong,162,pet_peese,0.2,0.35099028740326127,0.2532486045351119,0.44873197027141065,True
step,strong,162,copas,0.2,0.32764086083154487,0.2790672001901595,0.3762145214729302,True
step,strong,162,ubcma,0.2,0.3190396037299573,0.199650161330673,0.43637217202659373,True
step,strong,162,adaptshrink,0.2,0.3174915484227824,0.08334550502744323,0.5516375918181216,True
step,strong,163,reml_hksj,0.2,0.357750836810401,0.28736925633330035,0.4281324172875016,True
step,strong,163,trim_and_fill,0.2,0.15985036353464877,0.13148740665698058,0.18821332041231695,True
step,strong,163,pet_peese,0.2,0.27824194001639097,0.2316550813315704,0.3248287987012115,True
step,strong,163,copas,0.2,0.356938340994694,0.2917058618102668,0.4221708201791212,True
step,strong,163,ubcma,0.2,0.1939692372487794,0.12102570158135141,0.2777526791454227,True
step,strong,163,adaptshrink,0.2,0.1846374910845725,0.020967553561678454,0.34830742860746655,True
step,strong,164,reml_hksj,0.2,0.35115227316101144,0.29938494401717397,0.4029196023048489,True
step,strong,164,trim_and_fill,0.2,0.220930533441613,0.19100104928234962,0.2508600176008764,True
step,strong,164,pet_peese,0.2,0.3391182483805371,0.2844977026695497,0.3937387940915245,True
step,strong,164,copas,0.2,0.35125142341374743,0.3040016596569629,0.39850118717053196,True
step,strong,164,ubcma,0.2,0.3002498170149841,0.22659126457951229,0.3738103540779536,True
step,strong,164,adaptshrink,0.2,0.3039713333438626,0.12410436086600851,0.4838383058217167,True
step,strong,165,reml_hksj,0.2,0.32106527659070166,0.23487819169735252,0.4072523614840508,True
step,strong,165,trim_and_fill,0.2,0.14152367874324182,0.10167373348643372,0.18137362400004992,True
step,strong,165,pet_peese,0.2,-0.006071089248259389,-0.14027521350225425,0.12813303500573547,True
step,strong,165,copas,0.2,0.31903907963727435,0.2421678244014859,0.3959103348730628,True
step,strong,165,ubcma,0.2,0.23824502971841816,0.13251781564398984,0.33612228402233946,True
step,strong,165,adaptshrink,0.2,0.1424881004972795,0.0059093480082553496,0.2790668529863036,True
step,strong,166,reml_hksj,0.2,0.39566104172174676,0.33359830876886126,0.45772377467463227,True
step,strong,166,trim_and_fill,0.2,0.23780248618430505,0.20903050778305643,0.26657446458555367,True
step,strong,166,pet_peese,0.2,0.34152649023478365,0.2892583375677652,0.3937946429018021,True
step,strong,166,copas,0.2,0.3949193455206641,0.3373120972533665,0.4525265937879617,True
step,strong,166,ubcma,0.2,0.3294531290893145,0.2557799459832333,0.40902385280676434,True
step,strong,166,adaptshrink,0.2,0.33123432919682133,0.19374938717229503,0.4687192712213476,True
step,strong,167,reml_hksj,0.2,0.32412698236779514,0.2592565917302392,0.3889973730053511,True
step,strong,167,trim_and_fill,0.2,0.16227577131782825,0.13199035799980421,0.19256118463585228,True
step,strong,167,pet_peese,0.2,0.2432969951076688,0.1928327967780732,0.2937611934372644,True
step,strong,167,copas,0.2,0.3228385855523322,0.2631090246404979,0.3825681464641665,True
step,strong,167,ubcma,0.2,0.27896511011331804,0.16634311089314865,0.39415643250961296,True
step,strong,167,adaptshrink,0.2,0.24103111167358907,0.096123240644751,0.3859389827024271,True
step,strong,168,reml_hksj,0.2,0.398478444789985,0.3161900061629613,0.48076688341700874,True
step,strong,168,trim_and_fill,0.2,0.20212660392539153,0.1624255654485483,0.24182764240223475,True
step,strong,168,pet_peese,0.2,0.2845682778475374,0.20738076742361855,0.36175578827145627,True
step,strong,168,copas,0.2,0.3977832967691336,0.3206864522214529,0.4748801413168143,True
step,strong,168,ubcma,0.2,0.27098813079021383,0.15429892378660337,0.3702728459017604,True
step,strong,168,adaptshrink,0.2,0.2659507372067054,0.09282074943309718,0.4390807249803137,True
step,strong,169,reml_hksj,0.2,0.38018443470796276,0.3274495037193382,0.43291936569658734,True
step,strong,169,trim_and_fill,0.2,0.24358652779291262,0.21506311022564634,0.2721099453601789,True
step,strong,169,pet_peese,0.2,0.31815188187781496,0.2607079493279155,0.3755958144277144,True
step,strong,169,copas,0.2,0.3792857909624705,0.33076623949204875,0.42780534243289225,True
step,strong,169,ubcma,0.2,0.3472813089442941,0.25871442834339486,0.4348242949717725,True
step,strong,169,adaptshrink,0.2,0.31651596328999654,0.1648712841207761,0.46816064245921696,True
step,strong,170,reml_hksj,0.2,0.3462090223580933,0.2668378670579409,0.42558017765824574,True
step,strong,170,trim_and_fill,0.2,0.20463530369339503,0.16946652279340524,0.23980408459338481,True
step,strong,170,pet_peese,0.2,0.3210214201537404,0.2584601748018789,0.38358266550560194,True
step,strong,170,copas,0.2,0.34554838799370274,0.2743629980368526,0.4167337779505529,True
step,strong,170,ubcma,0.2,0.24580218610077065,0.16218021342114247,0.32722283786611905,True
step,strong,170,adaptshrink,0.2,0.2382407862873663,0.056043908440650686,0.4204376641340819,True
step,strong,171,reml_hksj,0.2,0.3735614483307939,0.313470476741527,0.4336524199200608,True
step,strong,171,trim_and_fill,0.2,0.21616563224443838,0.18619322627755686,0.2461380382113199,True
step,strong,171,pet_peese,0.2,0.326342291332343,0.27339300587475135,0.37929157678993464,True
step,strong,171,copas,0.2,0.37286208438732826,0.31728457250103775,0.4284395962736188,True
step,strong,171,ubcma,0.2,0.2688812166411374,0.1856063762408689,0.35030225274427046,True
step,strong,171,adaptshrink,0.2,0.2660510498544003,0.0738388084038468,0.4582632913049538,True
step,strong,172,reml_hksj,0.2,0.33971413581092563,0.25798526430788865,0.4214430073139626,True
step,strong,172,trim_and_fill,0.2,0.19507962077855226,0.159847574136907,0.2303116674201975,True
step,strong,172,pet_peese,0.2,0.07676257904531913,-0.036563230368097985,0.19008838845873627,True
step,strong,172,copas,0.2,0.33517901549982104,0.26751601053911844,0.40284202046052364,True
step,strong,172,ubcma,0.2,0.23078179319597222,0.12619288365399614,0.33326899983897484,True
step,strong,172,adaptshrink,0.2,0.195656276045436,0.08912632587985157,0.3021862262110204,True
step,strong,173,reml_hksj,0.2,0.37392111563411534,0.28400389988687,0.46383833138136066,True
step,strong,173,trim_and_fill,0.2,0.18562784155040374,0.15046314272377767,0.2207925403770298,True
step,strong,173,pet_peese,0.2,0.20584058359217805,0.1486013247413531,0.263079842443003,True
step,strong,173,copas,0.2,0.3708490569649146,0.2934294219953119,0.4482686919345173,True
step,strong,173,ubcma,0.2,0.2514143220576583,0.1418577671228889,0.3609708769924277,True
step,strong,173,adaptshrink,0.2,0.1989234274783156,0.09747923916896954,0.30036761578766163,True
step,strong,174,reml_hksj,0.2,0.3870999291779858,0.31652620932884507,0.45767364902712654,True
step,strong,174,trim_and_fill,0.2,0.25262809934887276,0.22190927747272396,0.28334692122502153,True
step,strong,174,pet_peese,0.2,0.29083492526330684,0.2412688313350907,0.340401019191523,True
step,strong,174,copas,0.2,0.3848219592341544,0.3238818099047739,0.44576210856353493,True
step,strong,174,ubcma,0.2,0.28615923238597685,0.22813541178037983,0.3374393643981872,True
step,strong,174,adaptshrink,0.2,0.2812254558855727,0.190058552427675,0.37239235934347037,True
step,strong,175,reml_hksj,0.2,0.3171515591006609,0.23945887728280743,0.39484424091851433,True
step,strong,175,trim_and_fill,0.2,0.12745905279195563,0.0976571178072465,0.15726098777666475,True
step,strong,175,pet_peese,0.2,0.23250241838597593,0.1812267462452999,0.283778090526652,True
step,strong,175,copas,0.2,0.3163109248281852,0.24460195750227076,0.3880198921540996,True
step,strong,175,ubcma,0.2,0.1440930636194356,0.05953691402430971,0.2395053431017055,True
step,strong,175,adaptshrink,0.2,0.13536566477012088,0.02103875615438104,0.2496925733858607,True
step,strong,176,reml_hksj,0.2,0.3804192792898395,0.30957720203180084,0.45126135654787813,True
step,strong,176,trim_and_fill,0.2,0.20121415691111375,0.17110581483403395,0.23132249898819354,True
step,strong,176,pet_peese,0.2,0.2830220940996648,0.23335865015500729,0.33268553804432227,True
step,strong,176,copas,0.2,0.37910306175471914,0.31352463114457163,0.44468149236486665,True
step,strong,176,ubcma,0.2,0.32777636854605696,0.236692838838427,0.41838771821373033,True
step,strong,176,adaptshrink,0.2,0.2824934806600448,0.13392380550813096,0.43106315581195864,True
step,strong,177,reml_hksj,0.2,0.340161655961264,0.27653051087820113,0.4037928010443269,True
step,strong,177,trim_and_fill,0.2,0.19458793708485084,0.16500046633055548,0.2241754078391462,True
step,strong,177,pet_peese,0.2,0.3715664654688323,0.3180600291075562,0.42507290183010843,True
step,strong,177,copas,0.2,0.3406962077028553,0.28268606609547475,0.39870634931023585,True
step,strong,177,ubcma,0.2,0.26123036236427494,0.17506019644137227,0.34957081294694164,True
step,strong,177,adaptshrink,0.2,0.25402973217786784,0.012693548164021434,0.4953659161917142,True
step,strong,178,reml_hksj,0.2,0.38842343755032355,0.2969861847478441,0.479860690352803,True
step,strong,178,trim_and_fill,0.2,0.2133911892270165,0.17370664130478777,0.25307573714924525,True
step,strong,178,pet_peese,0.2,0.2504780151383207,0.18828396359791338,0.312672066678728,True
step,strong,178,copas,0.2,0.38453250958456087,0.3035825170293132,0.4654825021398085,True
step,strong,178,ubcma,0.2,0.2458146705823505,0.16567940518411245,0.3375416378653736,True
step,strong,178,adaptshrink,0.2,0.23770347560967853,0.1300854522315708,0.34532149898778625,True
step,strong,179,reml_hksj,0.2,0.3135559503625945,0.2503566285792313,0.37675527214595766,True
step,strong,179,trim_and_fill,0.2,0.2364689758807287,0.19529680232759783,0.2776411494338596,True
step,strong,179,pet_peese,0.2,0.25625336587189435,0.17983084191277643,0.33267588983101226,True
step,strong,179,copas,0.2,0.3120278071944088,0.26280790890912864,0.361247705479689,True
step,strong,179,ubcma,0.2,0.2437044714834513,0.17604870770190673,0.31491622466176034,True
step,strong,179,adaptshrink,0.2,0.24160464800382098,0.1642270747659243,0.31898222124171766,True
step,strong,180,reml_hksj,0.2,0.29667405238780215,0.2436946032168278,0.3496535015587765,True
step,strong,180,trim_and_fill,0.2,0.1870262772902809,0.15979765192109746,0.21425490265946434,True
step,strong,180,pet_peese,0.2,0.2649851558857152,0.22116388012835925,0.30880643164307114,True
step,strong,180,copas,0.2,0.2958890003967464,0.24736098238731707,0.3444170184061758,True
step,strong,180,ubcma,0.2,0.21551094089944503,0.12827473920496152,0.30550696311219194,True
step,strong,180,adaptshrink,0.2,0.20916479568001767,0.06778742356258971,0.3505421677974456,True
step,strong,181,reml_hksj,0.2,0.3639420315126422,0.2948056500161944,0.43307841300909,True
step,strong,181,trim_and_fill,0.2,0.18433600130785951,0.15415774213910752,0.2145142604766115,True
step,strong,181,pet_peese,0.2,0.3320115020590706,0.27653268052549385,0.38749032359264735,True
step,strong,181,copas,0.2,0.3635901832693963,0.30007796244712115,0.42710240409167144,True
step,strong,181,ubcma,0.2,0.26014345014423973,0.17366479034313836,0.3592631831627259,True
step,strong,181,adaptshrink,0.2,0.25934566545262167,0.019106170301337794,0.49958516060390556,True
step,strong,182,reml_hksj,0.2,0.36103859785019826,0.3204092725195158,0.40166792318088074,True
step,strong,182,trim_and_fill,0.2,0.2984443945266565,0.26760812140431206,0.32928066764900094,True
step,strong,182,pet_peese,0.2,0.3336998439940282,0.280597902481504,0.38680178550655236,True
step,strong,182,copas,0.2,0.36104715504375645,0.32238081561248627,0.39971349447502663,True
step,strong,182,ubcma,0.2,0.31885223499928717,0.2572523065676813,0.3912405793563658,True
step,strong,182,adaptshrink,0.2,0.31440039787372837,0.22589721755237516,0.4029035781950816,True
step,strong,183,reml_hksj,0.2,0.3456439723372718,0.2790311998304835,0.41225674484406005,True
step,strong,183,trim_and_fill,0.2,0.19200980807712495,0.15777726572326478,0.22624235043098512,True
step,strong,183,pet_peese,0.2,0.3029710002773738,0.2356041146734053,0.37033788588134225,True
step,strong,183,copas,0.2,0.34500200359845523,0.2842345859776494,0.4057694212192611,True
step,strong,183,ubcma,0.2,0.24079529331095537,0.13981113337273482,0.3399756613887109,True
step,strong,183,adaptshrink,0.2,0.23466338548668153,0.03225480389314794,0.4370719670802151,True
step,strong,184,reml_hksj,0.2,0.3392266094627777,0.2776442346975402,0.40080898422801525,True
step,strong,184,trim_and_fill,0.2,0.203659354452598,0.17093056222086908,0.23638814668432692,True
step,strong,184,pet_peese,0.2,0.26566717450666966,0.2067529916596831,0.32458135735365623,True
step,strong,184,copas,0.2,0.3377149265687797,0.28187538554766145,0.393554467589898,True
step,strong,184,ubcma,0.2,0.2928447422942489,0.13142573843266445,0.43094206022684356,True
step,strong,184,adaptshrink,0.2,0.2584040146233332,0.10927537102392554,0.4075326582227408,True
step,strong,185,reml_hksj,0.2,0.39274997155850155,0.3183737925409643,0.4671261505760388,True
step,strong,185,trim_and_fill,0.2,0.21879668438891434,0.19052536681185367,0.247068001965975,True
step,strong,185,pet_peese,0.2,0.3009632780948464,0.25247889557174585,0.34944766061794696,True
step,strong,185,copas,0.2,0.39131292399561945,0.32393116792185395,0.45869468006938496,True
step,strong,185,ubcma,0.2,0.3328823871207317,0.22476797413793118,0.43103479742638406,True
step,strong,185,adaptshrink,0.2,0.29930816367375673,0.16032595954014583,0.43829036780736763,True
step,strong,186,reml_hksj,0.2,0.3111894266714824,0.24487914171430003,0.3774997116286648,True
step,strong,186,trim_and_fill,0.2,0.15340899471235556,0.12288042142714851,0.1839375679975626,True
step,strong,186,pet_peese,0.2,0.22458139560093582,0.1695995110723299,0.27956328012954174,True
step,strong,186,copas,0.2,0.3101410754548677,0.2486434040082407,0.3716387469014947,True
step,strong,186,ubcma,0.2,0.20132759192376184,0.1361623001385624,0.2579529794988384,True
step,strong,186,adaptshrink,0.2,0.2007046533195096,0.07023785348742437,0.3311714531515948,True
step,strong,187,reml_hksj,0.2,0.3086825371277864,0.25633621934825107,0.3610288549073218,True
step,strong,187,trim_and_fill,0.2,0.19337666492926095,0.16258530722170317,0.22416802263681873,True
step,strong,187,pet_peese,0.2,0.21781693517510098,0.16038427111754033,0.2752495992326616,True
step,strong,187,copas,0.2,0.3070446186345947,0.25877649636683714,0.35531274090235226,True
step,strong,187,ubcma,0.2,0.21845482524822576,0.15667449422067053,0.2804283707590572,True
step,strong,187,adaptshrink,0.2,0.20937065324031617,0.12733147389326566,0.2914098325873667,True
step,strong,188,reml_hksj,0.2,0.3178128453237068,0.260491811871586,0.3751338787758276,True
step,strong,188,trim_and_fill,0.2,0.22320468831582435,0.18808709042209665,0.25832228620955205,True
step,strong,188,pet_peese,0.2,0.28376321321050957,0.22505752093351156,0.3424689054875076,True
step,strong,188,copas,0.2,0.3163994971957726,0.2716292447826623,0.3611697496088829,True
step,strong,188,ubcma,0.2,0.30496220355690995,0.23283500606471896,0.3698740285894187,True
step,strong,188,adaptshrink,0.2,0.28248918784314764,0.14565907603297776,0.4193192996533175,True
step,strong,189,reml_hksj,0.2,0.3824759602920008,0.32980973151484805,0.4351421890691536,True
step,strong,189,trim_and_fill,0.2,0.2581572606959006,0.221793055472088,0.29452146591971323,True
step,strong,189,pet_peese,0.2,0.3851740479474305,0.30413877232539593,0.46620932356946504,True
step,strong,189,copas,0.2,0.38247595768334397,0.3345300910574477,0.43042182430924025,True
step,strong,189,ubcma,0.2,0.3175125084772691,0.19045140926773127,0.44140827830579377,True
step,strong,189,adaptshrink,0.2,0.31057966825988487,0.069548141852107,0.5516111946676627,True
step,strong,190,reml_hksj,0.2,0.3770209844493793,0.3230083381915545,0.43103363070720413,True
step,strong,190,trim_and_fill,0.2,0.2994151529426803,0.2646501492155353,0.33418015666982526,True
step,strong,190,pet_peese,0.2,0.35387215687189544,0.288775633280905,0.4189686804628859,True
step,strong,190,copas,0.2,0.37647006288411444,0.32851068529429917,0.4244294404739297,True
step,strong,190,ubcma,0.2,0.3133188731980257,0.24620180277629222,0.3837166150864019,True
step,strong,190,adaptshrink,0.2,0.309308427223521,0.2116284217169105,0.40698843273013147,True
step,strong,191,reml_hksj,0.2,0.34305002733258694,0.2807758094160939,0.40532424524907995,True
step,strong,191,trim_and_fill,0.2,0.2698642932585431,0.23707036042632446,0.30265822609076176,True
step,strong,191,pet_peese,0.2,0.2782649315009204,0.22959195878022234,0.3269379042216185,True
step,strong,191,copas,0.2,0.3402669100811245,0.29124195889944987,0.3892918612627991,True
step,strong,191,ubcma,0.2,0.2718205217363286,0.19891542709121202,0.3479219712723981,True
step,strong,191,adaptshrink,0.2,0.27232566228231914,0.21410392929723954,0.33054739526739874,True
step,strong,192,reml_hksj,0.2,0.3592904082258245,0.27739181867589724,0.4411889977757517,True
step,strong,192,trim_and_fill,0.2,0.18066733366569274,0.1441018807356919,0.21723278659569356,True
step,strong,192,pet_peese,0.2,0.2511695101801071,0.1824589778419034,0.31988004251831076,True
step,strong,192,copas,0.2,0.3572624508750648,0.28477704394344416,0.42974785780668545,True
step,strong,192,ubcma,0.2,0.15639454156649868,0.06674367466668721,0.23400935920829002,True
step,strong,192,adaptshrink,0.2,0.1810442811574476,0.07798856519412053,0.2840999971207747,True
step,strong,193,reml_hksj,0.2,0.3172510864436141,0.25529051310766626,0.37921165977956195,True
step,strong,193,trim_and_fill,0.2,0.1617084416843697,0.13311562090677562,0.1903012624619638,True
step,strong,193,pet_peese,0.2,0.2563256580965182,0.20631602491393214,0.30633529127910425,True
step,strong,193,copas,0.2,0.31635169669973606,0.25964044881532844,0.3730629445841437,True
step,strong,193,ubcma,0.2,0.1925789850077657,0.13675208006665773,0.24886612824187543,True
step,strong,193,adaptshrink,0.2,0.1869258252394622,0.053013875340442385,0.320837775138482,True
step,strong,194,reml_hksj,0.2,0.36019557918708095,0.2992831776122118,0.4211079807619501,True
step,strong,194,trim_and_fill,0.2,0.24060364062004017,0.20300657236637937,0.27820070887370096,True
step,strong,194,pet_peese,0.2,0.12965184599865034,-0.0011896259795408093,0.2604933179768415,True
step,strong,194,copas,0.2,0.3583464551072596,0.30208110467253657,0.4146118055419826,True
step,strong,194,ubcma,0.2,0.25247077079373487,0.14648182604419285,0.33730173998823015,True
step,strong,194,adaptshrink,0.2,0.24000835249775557,0.13847492649691526,0.3415417784985959,True
step,strong,195,reml_hksj,0.2,0.332354927682506,0.277517193029111,0.38719266233590105,True
step,strong,195,trim_and_fill,0.2,0.22369739039853032,0.19047867266256688,0.2569161081344937,True
step,strong,195,pet_peese,0.2,0.226545245091285,0.16955262656656409,0.2835378636160059,True
step,strong,195,copas,0.2,0.33005208713556233,0.27918421348233485,0.3809199607887898,True
step,strong,195,ubcma,0.2,0.26460548283135105,0.19015254686682176,0.34472524096919144,True
step,strong,195,adaptshrink,0.2,0.22716350015426573,0.15300048183251325,0.3013265184760182,True
step,strong,196,reml_hksj,0.2,0.4070105126179422,0.3020948895557106,0.5119261356801738,True
step,strong,196,trim_and_fill,0.2,0.20716786045088498,0.1656750951964146,0.24866062570535535,True
step,strong,196,pet_peese,0.2,0.09742961157672737,-0.02242562113216845,0.2172848442856232,True
step,strong,196,copas,0.2,0.405595399969809,0.30952545464311404,0.5016653452965039,True
step,strong,196,ubcma,0.2,0.20698772181691316,0.11436537860869649,0.3312297336294565,True
step,strong,196,adaptshrink,0.2,0.20448615514508012,0.09402899579107074,0.3149433144990895,True
step,strong,197,reml_hksj,0.2,0.33289218755414557,0.258234788247338,0.40754958686095316,True
step,strong,197,trim_and_fill,0.2,0.24201810088801318,0.207456087556824,0.27658011421920237,True
step,strong,197,pet_peese,0.2,0.33053401452656034,0.2761398215985328,0.3849282074545879,True
step,strong,197,copas,0.2,0.3325572531575471,0.27737828828682637,0.3877362180282678,True
step,strong,197,ubcma,0.2,0.24880853964724506,0.176396390480152,0.321643379214438,True
step,strong,197,adaptshrink,0.2,0.2466120262429359,0.1492297902125361,0.34399426227333574,True
step,strong,198,reml_hksj,0.2,0.34544257581610077,0.2957537142891827,0.39513143734301887,True
step,strong,198,trim_and_fill,0.2,0.24867765235339775,0.21800054219439027,0.2793547625124052,True
step,strong,198,pet_peese,0.2,0.32784095580358563,0.2745975244586818,0.38108438714848947,True
step,strong,198,copas,0.2,0.3451666372394465,0.30012226223409383,0.3902110122447992,True
step,strong,198,ubcma,0.2,0.2524085955997782,0.18454880004654267,0.3190839292669936,True
step,strong,198,adaptshrink,0.2,0.25185883454626995,0.16759855442047195,0.33611911467206795,True
step,strong,199,reml_hksj,0.2,0.37451300735010284,0.29219353728219566,0.45683247741801003,True
step,strong,199,trim_and_fill,0.2,0.20124063919514357,0.17012083398848488,0.23236044440180226,True
step,strong,199,pet_peese,0.2,0.27926040499948807,0.22676750874486484,0.3317533012541113,True
step,strong,199,copas,0.2,0.3736869027677244,0.29814210290573406,0.4492317026297148,True
step,strong,199,ubcma,0.2,0.21024378971532598,0.09726403389633964,0.30520339241412325,True
step,strong,199,adaptshrink,0.2,0.20616665355574276,0.10907021624825196,0.30326309086323355,True
step,strong,200,reml_hksj,0.2,0.39300150589627425,0.2896879670783816,0.4963150447141669,True
step,strong,200,trim_and_fill,0.2,0.23686426031051744,0.1996062499575676,0.2741222706634673,True
step,strong,200,pet_peese,0.2,0.30368560597711014,0.24503201209461875,0.3623391998596015,True
step,strong,200,copas,0.2,0.3866690744465417,0.3075049628545923,0.4658331860384911,True
step,strong,200,ubcma,0.2,0.2613260411003141,0.13043510235560785,0.38210910684611865,True
step,strong,200,adaptshrink,0.2,0.25544536798551304,0.1179526848102877,0.3929380511607384,True
step,strong,201,reml_hksj,0.2,0.34112427341982726,0.2784319895925647,0.4038165572470898,True
step,strong,201,trim_and_fill,0.2,0.22253473888814676,0.18703193216588682,0.2580375456104067,True
step,strong,201,pet_peese,0.2,0.2914618331908211,0.2218232184640615,0.36110044791758067,True
step,strong,201,copas,0.2,0.3401425412957621,0.2839451610830907,0.3963399215084335,True
step,strong,201,ubcma,0.2,0.22668225040728324,0.09589021012281584,0.36133229053924776,True
step,strong,201,adaptshrink,0.2,0.226638679446674,0.12802164151437273,0.3252557173789753,True
step,strong,202,reml_hksj,0.2,0.3263552335791322,0.2697770165855184,0.382933450572746,True
step,strong,202,trim_and_fill,0.2,0.19263331105750992,0.16434444360899295,0.22092217850602688,True
step,strong,202,pet_peese,0.2,0.28184016675405915,0.2327585826652715,0.3309217508428468,True
step,strong,202,copas,0.2,0.3257557106937207,0.27302818665831036,0.3784832347291311,True
step,strong,202,ubcma,0.2,0.30180377821859794,0.16588521523501273,0.41647815030927504,True
step,strong,202,adaptshrink,0.2,0.2785035874138414,0.14139398234644956,0.41561319248123324,True
step,strong,203,reml_hksj,0.2,0.3437923092390707,0.28515796669834587,0.4024266517797956,True
step,strong,203,trim_and_fill,0.2,0.21250132599742255,0.176609750289845,0.2483929017050001,True
step,strong,203,pet_peese,0.2,0.11977352009969715,-0.009457709566923003,0.2490047497663173,True
step,strong,203,copas,0.2,0.34224815780682394,0.2882811225720316,0.3962151930416163,True
step,strong,203,ubcma,0.2,0.32144398518917944,0.21851783146080728,0.4160106543507803,True
step,strong,203,adaptshrink,0.2,0.21262891502313563,0.09214517243267671,0.33311265761359454,True
step,strong,204,reml_hksj,0.2,0.32487610370447334,0.2834867343262804,0.36626547308266627,True
step,strong,204,trim_and_fill,0.2,0.24248777613265232,0.21397841821099609,0.27099713405430853,True
step,strong,204,pet_peese,0.2,0.2946856934515065,0.23929460540323955,0.3500767814997735,True
step,strong,204,copas,0.2,0.32417493986431173,0.2872429123950674,0.3611069673335561,True
step,strong,204,ubcma,0.2,0.2875407569729617,0.22529741658147884,0.34950807368199893,True
step,strong,204,adaptshrink,0.2,0.2830761332848836,0.17242043649176805,0.39373183007799917,True
step,strong,205,reml_hksj,0.2,0.29918148927737265,0.24728170290813067,0.3510812756466146,True
step,strong,205,trim_and_fill,0.2,0.1714074712093383,0.14372524953609692,0.1990896928825797,True
step,strong,205,pet_peese,0.2,0.29971304660178505,0.2454639101080024,0.3539621830955677,True
step,strong,205,copas,0.2,0.29926701176719506,0.25099867626585204,0.3475353472685381,True
step,strong,205,ubcma,0.2,0.26055691449679647,0.16898435532848682,0.3519476919099333,True
step,strong,205,adaptshrink,0.2,0.26654413852377895,0.06626346855984658,0.46682480848771135,True
step,strong,206,reml_hksj,0.2,0.45334748898488875,0.35166074650843376,0.5550342314613437,True
step,strong,206,trim_and_fill,0.2,0.18093550276121884,0.14364154599777285,0.21822945952466483,True
step,strong,206,pet_peese,0.2,0.3372102162625846,0.2742883842884698,0.40013204823669934,True
step,strong,206,copas,0.2,0.45205974313212816,0.3595985147629839,0.5445209715012724,True
step,strong,206,ubcma,0.2,0.29966635418033355,0.15266239977046397,0.4613677045626242,True
step,strong,206,adaptshrink,0.2,0.31087242083699296,0.07055825303181348,0.5511865886421724,True
step,strong,207,reml_hksj,0.2,0.2878367124825632,0.2434085850953673,0.3322648398697591,True
step,strong,207,trim_and_fill,0.2,0.2018710277956869,0.1707766512187172,0.23296540437265661,True
step,strong,207,pet_peese,0.2,0.09954777324093202,-0.00594679185203123,0.20504233833389526,True
step,strong,207,copas,0.2,0.2854258137869525,0.24463840936990647,0.32621321820399846,True
step,strong,207,ubcma,0.2,0.23115709406446988,0.15385938449038455,0.29849943299371945,True
step,strong,207,adaptshrink,0.2,0.20310297003385896,0.10989285238994459,0.2963130876777733,True
step,strong,208,reml_hksj,0.2,0.3649374932572246,0.29791450942528397,0.4319604770891652,True
step,strong,208,trim_and_fill,0.2,0.23352149097289204,0.1988427590685962,0.26820022287718787,True
step,strong,208,pet_peese,0.2,0.3135821549311297,0.2492399002151164,0.3779244096471429,True
step,strong,208,copas,0.2,0.36425705045161944,0.30244756022480884,0.42606654067843003,True
step,strong,208,ubcma,0.2,0.3022933777755245,0.21913807845622163,0.3782559770546632,True
step,strong,208,adaptshrink,0.2,0.2996812300576618,0.15436078278195242,0.44500167733337115,True
step,strong,209,reml_hksj,0.2,0.4270637366637092,0.34163238745151225,0.5124950858759062,True
step,strong,209,trim_and_fill,0.2,0.2812548276011236,0.23931586593523002,0.32319378926701714,True
step,strong,209,pet_peese,0.2,0.3641568940107793,0.27964487453370046,0.4486689134878581,True
step,strong,209,copas,0.2,0.42628202120528513,0.35025586886016125,0.502308173550409,True
step,strong,209,ubcma,0.2,0.29063733003706826,0.2004052282972907,0.3798098254444887,True
step,strong,209,adaptshrink,0.2,0.28774931326635156,0.17359690414007395,0.40190172239262917,True
step,strong,210,reml_hksj,0.2,0.3527383974007219,0.2787844162453757,0.42669237855606806,True
step,strong,210,trim_and_fill,0.2,0.1881531204668158,0.1579157836564005,0.21839045727723108,True
step,strong,210,pet_peese,0.2,0.2818381708258664,0.2321400127625724,0.33153632888916035,True
step,strong,210,copas,0.2,0.3515582802314091,0.28407114786414167,0.41904541259867656,True
step,strong,210,ubcma,0.2,0.2516304262042373,0.0986289974899799,0.38507349667143476,True
step,strong,210,adaptshrink,0.2,0.255900331768589,0.07177939679127587,0.44002126674590214,True
step,strong,211,reml_hksj,0.2,0.3334699611759068,0.2849211095603252,0.38201881279148847,True
step,strong,211,trim_and_fill,0.2,0.23543604704233195,0.20680246681698666,0.26406962726767724,True
step,strong,211,pet_peese,0.2,0.2719367859367689,0.22321502126286313,0.32065855061067466,True
step,strong,211,copas,0.2,0.3321741697690035,0.28746122899987575,0.37688711053813123,True
step,strong,211,ubcma,0.2,0.2879490367517405,0.20988414316059995,0.3620906232977523,True
step,strong,211,adaptshrink,0.2,0.26680380091816097,0.16118104431816666,0.3724265575181553,True
step,strong,212,reml_hksj,0.2,0.3828188654449906,0.29103126452275385,0.47460646636722736,True
step,strong,212,trim_and_fill,0.2,0.18202067565963168,0.14700239699215523,0.21703895432710812,True
step,strong,212,pet_peese,0.2,0.24764755750922623,0.18397712045654124,0.3113179945619112,True
step,strong,212,copas,0.2,0.38149445018572237,0.3006064990021745,0.4623824013692702,True
step,strong,212,ubcma,0.2,0.2367206570170675,0.10635871853362133,0.387411516530001,True
step,strong,212,adaptshrink,0.2,0.23136576335710482,0.0785603087629731,0.38417121795123654,True
step,strong,213,reml_hksj,0.2,0.3443997817884427,0.2784740406426384,0.410325522934247,True
step,strong,213,trim_and_fill,0.2,0.18827402090275044,0.15664701468232153,0.21990102712317935,True
step,strong,213,pet_peese,0.2,0.2567592759897506,0.20279676179941858,0.31072179018008267,True
step,strong,213,copas,0.2,0.3432013740074615,0.2816675697438513,0.40473517827107164,True
step,strong,213,ubcma,0.2,0.2564209316998502,0.16147300588961552,0.36195710978907913,True
step,strong,213,adaptshrink,0.2,0.2493619108148749,0.1189342796690118,0.379789541960738,True
step,strong,214,reml_hksj,0.2,0.3332126409243688,0.2840865458649331,0.3823387359838045,True
step,strong,214,trim_and_fill,0.2,0.24312825506977317,0.2139607102430865,0.27229579989645986,True
step,strong,214,pet_peese,0.2,0.27571706090395615,0.22789451287452447,0.32353960893338785,True
step,strong,214,copas,0.2,0.3317929413740146,0.28655317294507215,0.37703270980295706,True
step,strong,214,ubcma,0.2,0.2628455712425559,0.18107741203441516,0.3350882072767488,True
step,strong,214,adaptshrink,0.2,0.2585691520789572,0.17313630714213168,0.3440019970157827,True
step,strong,215,reml_hksj,0.2,0.36374904078009135,0.28745406830177195,0.44004401325841075,True
step,strong,215,trim_and_fill,0.2,0.23722362620038054,0.205075973067784,0.26937127933297705,True
step,strong,215,pet_peese,0.2,0.3019194916761253,0.24958839435580704,0.35425058899644357,True
step,strong,215,copas,0.2,0.36256510239066203,0.2959112800256868,0.4292189247556373,True
step,strong,215,ubcma,0.2,0.24619948951462467,0.18699139422249883,0.3032492118217849,True
step,strong,215,adaptshrink,0.2,0.24359825522215958,0.1548984726144,0.3322980378299192,True
step,strong,216,reml_hksj,0.2,0.3584289954999124,0.24079538185206206,0.47606260914776277,True
step,strong,216,trim_and_fill,0.2,0.19170979032324173,0.15262309989806755,0.2307964807484159,True
step,strong,216,pet_peese,0.2,0.33652455973453416,0.2718817732636649,0.4011673462054034,True
step,strong,216,copas,0.2,0.3583909811810731,0.2553919058472857,0.4613900565148605,True
step,strong,216,ubcma,0.2,0.2901154626016659,0.05855093775257342,0.7284730426647127,True
step,strong,216,adaptshrink,0.2,0.30042415996154714,0.01840385535598471,0.5824444645671096,True
step,strong,217,reml_hksj,0.2,0.314880117099766,0.2622875906770168,0.3674726435225152,True
step,strong,217,trim_and_fill,0.2,0.19373773345512382,0.16024292808713914,0.2272325388231085,True
step,strong,217,pet_peese,0.2,0.26646578164854606,0.19715354352337844,0.3357780197737137,True
step,strong,217,copas,0.2,0.31425425154222336,0.2665924351843405,0.3619160679001062,True
step,strong,217,ubcma,0.2,0.27078634083110337,0.2082442242203158,0.33257720078590547,True
step,strong,217,adaptshrink,0.2,0.2619565424369016,0.13029810606790698,0.3936149788058962,True
step,strong,218,reml_hksj,0.2,0.438958396537464,0.38750282119631885,0.49041397187860913,True
step,strong,218,trim_and_fill,0.2,0.3266386215974937,0.29577292656514453,0.35750431662984283,True
step,strong,218,pet_peese,0.2,0.401207007199273,0.3466879854155114,0.4557260289830346,True
step,strong,218,copas,0.2,0.43825288169978505,0.39029685326827407,0.486208910131296,True
step,strong,218,ubcma,0.2,0.33413062276929906,0.24433853906582442,0.4225644253578643,True
step,strong,218,adaptshrink,0.2,0.33112332211939477,0.2392043978954998,0.42304224634328974,True
step,strong,219,reml_hksj,0.2,0.34519603819787686,0.28290789967402724,0.4074841767217265,True
step,strong,219,trim_and_fill,0.2,0.19308206839678368,0.1600985011175856,0.22606563567598176,True
step,strong,219,pet_peese,0.2,0.28235677610812326,0.22211697300092803,0.3425965792153185,True
step,strong,219,copas,0.2,0.3440373489145365,0.28646630642616816,0.4016083914029049,True
step,strong,219,ubcma,0.2,0.32188867876390753,0.2371330946577746,0.4014493144111908,True
step,strong,219,adaptshrink,0.2,0.28309313676915654,0.11498065873415031,0.45120561480416277,True
step,strong,220,reml_hksj,0.2,0.3094510565755661,0.2611466816316186,0.3577554315195136,True
step,strong,220,trim_and_fill,0.2,0.1913066019424265,0.1613072718797877,0.2213059320050653,True
step,strong,220,pet_peese,0.2,0.27849538299719495,0.2216553838355992,0.33533538215879066,True
step,strong,220,copas,0.2,0.30949826810055664,0.2647490793380865,0.3542474568630268,True
step,strong,220,ubcma,0.2,0.30412596333666625,0.22700133774887066,0.3650086447993996,True
step,strong,220,adaptshrink,0.2,0.2797908151717547,0.1329655189899071,0.4266161113536023,True
step,strong,221,reml_hksj,0.2,0.36191364532432607,0.3070480289069984,0.41677926174165375,True
step,strong,221,trim_and_fill,0.2,0.24749227020363104,0.21970116659036842,0.27528337381689366,True
step,strong,221,pet_peese,0.2,0.3550385031386814,0.3100673936033981,0.40000961267396473,True
step,strong,221,copas,0.2,0.3617333334556879,0.3129082868151024,0.41055838009627343,True
step,strong,221,ubcma,0.2,0.22043461752537957,0.12337874199849198,0.31301430189714685,True
step,strong,221,adaptshrink,0.2,0.24750844735077548,0.1611984618228132,0.3338184328787378,True
step,strong,222,reml_hksj,0.2,0.3863116990320267,0.3297523065329911,0.44287109153106236,True
step,strong,222,trim_and_fill,0.2,0.2696179287285486,0.23537235693095448,0.30386350052614275,True
step,strong,222,pet_peese,0.2,0.30485809588376117,0.24186058393462986,0.3678556078328925,True
step,strong,222,copas,0.2,0.3846141256598804,0.33245067052243255,0.43677758079732826,True
step,strong,222,ubcma,0.2,0.27245891414634693,0.1977562882953492,0.3461045520121873,True
step,strong,222,adaptshrink,0.2,0.2739440273431248,0.19567502970568063,0.35221302498056895,True
step,strong,223,reml_hksj,0.2,0.30765429692966273,0.25689784852641123,0.3584107453329142,True
step,strong,223,trim_and_fill,0.2,0.21001039741324154,0.17400512811312924,0.24601566671335384,True
step,strong,223,pet_peese,0.2,0.26610997578987605,0.19895784676810693,0.3332621048116452,True
step,strong,223,copas,0.2,0.30765428618433077,0.25981809950837015,0.3554904728602914,True
step,strong,223,ubcma,0.2,0.28541543640019734,0.20750597348402772,0.36183523463345746,True
step,strong,223,adaptshrink,0.2,0.26245795559555246,0.11846956165143435,0.40644634953967057,True
step,strong,224,reml_hksj,0.2,0.4183016431242508,0.32560719756430884,0.5109960886841927,True
step,strong,224,trim_and_fill,0.2,0.2425035779485716,0.2064944754548617,0.2785126804422815,True
step,strong,224,pet_peese,0.2,0.41998640016886335,0.3463259889275926,0.4936468114101341,True
step,strong,224,copas,0.2,0.41839182698695404,0.3376083440921198,0.49917530988178827,True
step,strong,224,ubcma,0.2,0.40112521314504584,0.29378580604434706,0.5084646202457446,True
step,strong,224,adaptshrink,0.2,0.4058642749471107,0.20698894276685184,0.6047396071273695,True
step,strong,225,reml_hksj,0.2,0.37022129596016096,0.3179662642362543,0.4224763276840676,True
step,strong,225,trim_and_fill,0.2,0.2938445033998442,0.25460888415859934,0.33308012264108905,True
step,strong,225,pet_peese,0.2,0.3357559781725602,0.2639730105097815,0.4075389458353389,True
step,strong,225,copas,0.2,0.37022117763857815,0.32190632520166906,0.41853603007548723,True
step,strong,225,ubcma,0.2,0.3088025332481918,0.23203934374432056,0.3864082822605336,True
step,strong,225,adaptshrink,0.2,0.3048028469226818,0.207587811210939,0.40201788263442456,True
step,strong,226,reml_hksj,0.2,0.3657626357364555,0.2691498387427851,0.46237543273012593,True
step,strong,226,trim_and_fill,0.2,0.1678058814950988,0.12511083292824265,0.21050093006195497,True
step,strong,226,pet_peese,0.2,0.0955839799093333,-0.04167344776406327,0.23284140758272986,True
step,strong,226,copas,0.2,0.36395014641053075,0.28010742918903714,0.44779286363202436,True
step,strong,226,ubcma,0.2,0.27405282494788546,0.13260458942463468,0.404782747573329,True
step,strong,226,adaptshrink,0.2,0.16756733824577005,0.034351142332616824,0.3007835341589233,True
step,strong,227,reml_hksj,0.2,0.32596685516556945,0.247135795217947,0.40479791511319185,True
step,strong,227,trim_and_fill,0.2,0.14574870850677635,0.1144631342878092,0.1770342827257435,True
step,strong,227,pet_peese,0.2,0.23464883819683427,0.1802687451411754,0.2890289312524931,True
step,strong,227,copas,0.2,0.3247680284460813,0.2528530716312892,0.3966829852608735,True
step,strong,227,ubcma,0.2,0.17708257561755938,0.1096014628077959,0.2517964984344728,True
step,strong,227,adaptshrink,0.2,0.17088353694109923,0.025442080919041737,0.31632499296315675,True
step,strong,228,reml_hksj,0.2,0.3473279633426117,0.2885294722362011,0.40612645444902223,True
step,strong,228,trim_and_fill,0.2,0.21591812477463826,0.18129486520321494,0.25054138434606155,True
step,strong,228,pet_peese,0.2,0.3192484832143344,0.24984124547667214,0.3886557209519967,True
step,strong,228,copas,0.2,0.34672484351356053,0.29362076633058615,0.3998289206965349,True
step,strong,228,ubcma,0.2,0.3322349490776529,0.24334908694766044,0.41770323814432203,True
step,strong,228,adaptshrink,0.2,0.3167714906150269,0.15351736265294325,0.48002561857711057,True
step,strong,229,reml_hksj,0.2,0.3375553334882325,0.27723506266318726,0.3978756043132778,True
step,strong,229,trim_and_fill,0.2,0.24650826442103652,0.21344160173471521,0.2795749271073578,True
step,strong,229,pet_peese,0.2,0.2760106902336266,0.22470739068972423,0.327313989777529,True
step,strong,229,copas,0.2,0.3356534006574399,0.28242144120272417,0.3888853601121557,True
step,strong,229,ubcma,0.2,0.22742762727050972,0.1403468926465225,0.30283925172712844,True
step,strong,229,adaptshrink,0.2,0.24862265438398212,0.1682459824486243,0.3289993263193399,True
step,strong,230,reml_hksj,0.2,0.31590394238798614,0.2591854515907144,0.3726224331852579,True
step,strong,230,trim_and_fill,0.2,0.1577779578631597,0.13201243082636738,0.18354348489995204,True
step,strong,230,pet_peese,0.2,0.25561394243236785,0.21411794986618304,0.29710993499855265,True
step,strong,230,copas,0.2,0.31451131974855745,0.2619181401813683,0.3671044993157466,True
step,strong,230,ubcma,0.2,0.2473804937272976,0.17284565609644953,0.3165884417898885,True
step,strong,230,adaptshrink,0.2,0.2491746872674626,0.13517866734533213,0.3631707071895931,True
step,strong,231,reml_hksj,0.2,0.3512028250323198,0.26110760978042435,0.44129804028421526,True
step,strong,231,trim_and_fill,0.2,0.1830643884839911,0.15044600941539,0.2156827675525922,True
step,strong,231,pet_peese,0.2,0.3151057708177773,0.2542611351624963,0.3759504064730583,True
step,strong,231,copas,0.2,0.350332107512995,0.28070841816447883,0.41995579686151113,True
step,strong,231,ubcma,0.2,0.23607856687077555,0.1517706433058733,0.3043629776105885,True
step,strong,231,adaptshrink,0.2,0.23054775457437665,0.03273805972749402,0.4283574494212593,True
step,strong,232,reml_hksj,0.2,0.3263148931447227,0.255036300175969,0.39759348611347634,True
step,strong,232,trim_and_fill,0.2,0.16635146407981544,0.13004304727042507,0.2026598808892058,True
step,strong,232,pet_peese,0.2,0.22408623645928208,0.1622870122463697,0.28588546067219445,True
step,strong,232,copas,0.2,0.32470928633771623,0.2591631024922303,0.39025547018320217,True
step,strong,232,ubcma,0.2,0.25442573605852536,0.18355325259224742,0.3384812215294724,True
step,strong,232,adaptshrink,0.2,0.22201394926328896,0.07230804438874547,0.3717198541378325,True
step,strong,233,reml_hksj,0.2,0.4153960833840564,0.3348464580257453,0.49594570874236754,True
step,strong,233,trim_and_fill,0.2,0.2646659928203325,0.22286957589125167,0.3064624097494133,True
step,strong,233,pet_peese,0.2,0.3179333702482358,0.2355472471997572,0.40031949329671446,True
step,strong,233,copas,0.2,0.41298714753527604,0.3445890005144513,0.4813852945561008,True
step,strong,233,ubcma,0.2,0.2922462789104179,0.13841992430879005,0.43278422515348886,True
step,strong,233,adaptshrink,0.2,0.28367313158009166,0.15064058886480514,0.4167056742953782,True
step,strong,234,reml_hksj,0.2,0.30061850790048894,0.20742263572692454,0.39381438007405334,True
step,strong,234,trim_and_fill,0.2,0.14247042497173623,0.1130207391647639,0.17192011077870856,True
step,strong,234,pet_peese,0.2,0.24106403820438319,0.1957618277598952,0.28636624864887117,True
step,strong,234,copas,0.2,0.29969831923765505,0.21480705138597966,0.38458958708933044,True
step,strong,234,ubcma,0.2,0.1716833249386164,0.04251803452017014,0.3210071034457442,True
step,strong,234,adaptshrink,0.2,0.1609369992021652,-0.0007538873000155488,0.322627885704346,True
step,strong,235,reml_hksj,0.2,0.33259733579816225,0.2647469189271296,0.4004477526691949,True
step,strong,235,trim_and_fill,0.2,0.16332553996495436,0.13390183070614037,0.19274924922376835,True
step,strong,235,pet_peese,0.2,0.26204876901944896,0.21084367013868097,0.313253867900217,True
step,strong,235,copas,0.2,0.33169820634857144,0.2685866579444957,0.3948097547526472,True
step,strong,235,ubcma,0.2,0.2328406221187114,0.10351931925134072,0.3534870727339508,True
step,strong,235,adaptshrink,0.2,0.23765928977494508,0.05456259373428157,0.4207559858156086,True
step,strong,236,reml_hksj,0.2,0.32631275642424534,0.2686484693116772,0.3839770435368135,True
step,strong,236,trim_and_fill,0.2,0.18009508513682285,0.1496274188718887,0.21056275140175698,True
step,strong,236,pet_peese,0.2,0.2575252130139596,0.2029335961668552,0.312116829861064,True
step,strong,236,copas,0.2,0.32512125784694634,0.2716652816174003,0.3785772340764924,True
step,strong,236,ubcma,0.2,0.21174369399363455,0.1456854629019756,0.2820731406150995,True
step,strong,236,adaptshrink,0.2,0.20693536881838637,0.06898864292866538,0.3448820947081074,True
step,strong,237,reml_hksj,0.2,0.41072588454436626,0.3488791038979502,0.47257266519078234,True
step,strong,237,trim_and_fill,0.2,0.24664295518454105,0.21339072130881234,0.2798951890602698,True
step,strong,237,pet_peese,0.2,0.3366655731440486,0.27224260728154903,0.4010885390065482,True
step,strong,237,copas,0.2,0.41010291107543156,0.3519988004402909,0.4682070217105722,True
step,strong,237,ubcma,0.2,0.2424141707213874,0.1521962857753223,0.3350222851773571,True
step,strong,237,adaptshrink,0.2,0.2485923034516258,0.1564968228983654,0.3406877840048862,True
step,strong,238,reml_hksj,0.2,0.3775967653827116,0.2995770665080985,0.45561646425732466,True
step,strong,238,trim_and_fill,0.2,0.20909352529632794,0.17950304329689024,0.23868400729576564,True
step,strong,238,pet_peese,0.2,0.30208837210726014,0.25326942279670617,0.3509073214178141,True
step,strong,238,copas,0.2,0.3769187128579376,0.3044601087101616,0.4493773170057136,True
step,strong,238,ubcma,0.2,0.3261837154156246,0.15383816681906481,0.4813631908274674,True
step,strong,238,adaptshrink,0.2,0.29816174868833106,0.15844306049698087,0.43788043687968126,True
step,strong,239,reml_hksj,0.2,0.37956784820425366,0.329684285522421,0.4294514108860863,True
step,strong,239,trim_and_fill,0.2,0.25718003535383815,0.22373520723628582,0.2906248634713905,True
step,strong,239,pet_peese,0.2,0.3393119955333898,0.2697641369030948,0.4088598541636848,True
step,strong,239,copas,0.2,0.37881238450940535,0.3329679267846229,0.4246568422341878,True
step,strong,239,ubcma,0.2,0.26694153579607827,0.17378435578784074,0.3582545562000771,True
step,strong,239,adaptshrink,0.2,0.2625198397055833,0.1617433306808005,0.3632963487303661,True
step,strong,240,reml_hksj,0.2,0.35680887171537934,0.29042414638964986,0.4231935970411088,True
step,strong,240,trim_and_fill,0.2,0.20428684443893297,0.1759925367045779,0.23258115217328804,True
step,strong,240,pet_peese,0.2,0.3416124662259133,0.2943586751646339,0.3888662572871927,True
step,strong,240,copas,0.2,0.3566395771026236,0.29549524515291986,0.4177839090523274,True
step,strong,240,ubcma,0.2,0.267535868417302,0.1771918552326442,0.3556662457505746,True
step,strong,240,adaptshrink,0.2,0.2643473238244338,0.03922801946297447,0.48946662818589315,True
step,strong,241,reml_hksj,0.2,0.316327257827883,0.2764553368278246,0.35619917882794144,True
step,strong,241,trim_and_fill,0.2,0.2283491929595356,0.2010992595373541,0.25559912638171706,True
step,strong,241,pet_peese,0.2,0.27962921388038287,0.2287749520530556,0.33048347570771014,True
step,strong,241,copas,0.2,0.31541740879965174,0.2794588448142031,0.3513759727851004,True
step,strong,241,ubcma,0.2,0.2749519856622471,0.20183349902697345,0.34675617954793536,True
step,strong,241,adaptshrink,0.2,0.2699481400657415,0.1592109492797078,0.38068533085177525,True
step,strong,242,reml_hksj,0.2,0.3230426021752213,0.24861765103201722,0.39746755331842537,True
step,strong,242,trim_and_fill,0.2,0.1740943654013792,0.13850709413007836,0.20968163667268006,True
step,strong,242,pet_peese,0.2,0.25216232054722093,0.1837948923520781,0.32052974874236373,True
step,strong,242,copas,0.2,0.32236107013360166,0.2549444823293737,0.3897776579378296,True
step,strong,242,ubcma,0.2,0.21776067439553623,0.1121177888271255,0.30015147960813127,True
step,strong,242,adaptshrink,0.2,0.21376151840099977,0.050338748447433135,0.3771842883545664,True
step,strong,243,reml_hksj,0.2,0.3296401477159798,0.27255669940167493,0.3867235960302847,True
step,strong,243,trim_and_fill,0.2,0.1914020577974002,0.1599208610817937,0.22288325451300667,True
step,strong,243,pet_peese,0.2,0.2975304975736834,0.239834113861058,0.3552268812863088,True
step,strong,243,copas,0.2,0.329085386744518,0.27716561677187634,0.3810051567171596,True
step,strong,243,ubcma,0.2,0.3164434714439656,0.21400625881458457,0.414281989534121,True
step,strong,243,adaptshrink,0.2,0.29573079519403883,0.1420216771499887,0.44943991323808896,True
step,strong,244,reml_hksj,0.2,0.3420851508334254,0.27700788687163735,0.4071624147952134,True
step,strong,244,trim_and_fill,0.2,0.1864013819414473,0.15823289733610646,0.21456986654678817,True
step,strong,244,pet_peese,0.2,0.27700752046235844,0.23069327078984192,0.32332177013487495,True
step,strong,244,copas,0.2,0.34123386251022525,0.2808906219149705,0.40157710310548,True
step,strong,244,ubcma,0.2,0.20008935166024155,0.14339539488911734,0.25544091008635106,True
step,strong,244,adaptshrink,0.2,0.194251003902132,0.09920031152249963,0.2893016962817644,True
step,strong,245,reml_hksj,0.2,0.39758610613497725,0.32374039725585857,0.4714318150140959,True
step,strong,245,trim_and_fill,0.2,0.2281329289794104,0.1981831927283698,0.258082665230451,True
step,strong,245,pet_peese,0.2,0.305432418904493,0.2583012534211791,0.35256358438780694,True
step,strong,245,copas,0.2,0.3959175147224067,0.32781036171266037,0.46402466773215306,True
step,strong,245,ubcma,0.2,0.23411353382634154,0.17091913529290792,0.3061838098421594,True
step,strong,245,adaptshrink,0.2,0.23207969946750737,0.14645203225495065,0.31770736668006405,True
step,strong,246,reml_hksj,0.2,0.30627533349555025,0.26095370470391555,0.35159696228718496,True
step,strong,246,trim_and_fill,0.2,0.20132289918728133,0.17244717008314792,0.23019862829141474,True
step,strong,246,pet_peese,0.2,0.2402036630714573,0.1858168646537878,0.2945904614891268,True
step,strong,246,copas,0.2,0.30436177988536245,0.26387910964400063,0.34484445012672427,True
step,strong,246,ubcma,0.2,0.25390563471402783,0.19972002755469198,0.3110628604322304,True
step,strong,246,adaptshrink,0.2,0.23718094613612023,0.12979626416834739,0.3445656281038931,True
step,strong,247,reml_hksj,0.2,0.31736596618588203,0.24197619652533348,0.3927557358464306,True
step,strong,247,trim_and_fill,0.2,0.13832624610559077,0.1074386068896644,0.16921388532151713,True
step,strong,247,pet_peese,0.2,0.25669492867107174,0.20691600828622847,0.306473849055915,True
step,strong,247,copas,0.2,0.31633073736354983,0.2475451963807449,0.38511627834635476,True
step,strong,247,ubcma,0.2,0.27882226030362944,0.1684342860331708,0.3936508526907835,True
step,strong,247,adaptshrink,0.2,0.25538740395681087,0.11333141738231689,0.39744339053130484,True
step,strong,248,reml_hksj,0.2,0.4642604553829342,0.382520823633009,0.5460000871328594,True
step,strong,248,trim_and_fill,0.2,0.28793218667101816,0.2539517433047875,0.32191263003724885,True
step,strong,248,pet_peese,0.2,0.4018042783795121,0.3390382411922326,0.4645703155667916,True
step,strong,248,copas,0.2,0.46334895562271616,0.3886156209421203,0.538082290303312,True
step,strong,248,ubcma,0.2,0.30619709797578915,0.16802900694667294,0.4480459534884257,True
step,strong,248,adaptshrink,0.2,0.295831244842084,0.16486795553802605,0.426794534146142,True
step,strong,249,reml_hksj,0.2,0.31766684616487983,0.2651733380591424,0.3701603542706173,True
step,strong,249,trim_and_fill,0.2,0.256283405414729,0.2187309971459904,0.2938358136834676,True
step,strong,249,pet_peese,0.2,0.263803479353152,0.19955673833165188,0.32805022037465215,True
step,strong,249,copas,0.2,0.31766717879196077,0.269134173393369,0.36620018419055256,True
step,strong,249,ubcma,0.2,0.2892210386022567,0.2061866931615649,0.3707440199104276,True
step,strong,249,adaptshrink,0.2,0.26186172281677944,0.18213078639949337,0.3415926592340655,True
step,strong,250,reml_hksj,0.2,0.3917912088845865,0.31851758678012515,0.4650648309890479,True
step,strong,250,trim_and_fill,0.2,0.2358392008579142,0.20310244924879942,0.268575952467029,True
step,strong,250,pet_peese,0.2,0.37711485473481415,0.32328775429363843,0.4309419551759899,True
step,strong,250,copas,0.2,0.3915098749824285,0.32439491672728227,0.45862483323757475,True
step,strong,250,ubcma,0.2,0.2734448372566548,0.19386605462530387,0.35328359630953904,True
step,strong,250,adaptshrink,0.2,0.26315232465713106,0.08550407740978253,0.44080057190447963,True
step,strong,251,reml_hksj,0.2,0.3808188097355641,0.2754099661027773,0.4862276533683509,True
step,strong,251,trim_and_fill,0.2,0.1655262977789895,0.12658079649607687,0.20447179906190213,True
step,strong,251,pet_peese,0.2,0.021339309266034882,-0.08254874259121123,0.125227361123281,True
step,strong,251,copas,0.2,0.37718966224567774,0.28330501888626564,0.47107430560508984,True
step,strong,251,ubcma,0.2,0.16722869631376433,0.014480834353054868,0.3371640496769682,True
step,strong,251,adaptshrink,0.2,0.16337441128382152,0.051063215424722655,0.2756856071429204,True
step,strong,252,reml_hksj,0.2,0.32683520607784905,0.27608298568959255,0.37758742646610555,True
step,strong,252,trim_and_fill,0.2,0.21045271961218795,0.18078742727106353,0.24011801195331237,True
step,strong,252,pet_peese,0.2,0.27003148232743945,0.21349124770313566,0.32657171695174325,True
step,strong,252,copas,0.2,0.3262625341384036,0.27899108665085043,0.3735339816259568,True
step,strong,252,ubcma,0.2,0.25105005862958263,0.19306915329442143,0.3140687256511456,True
step,strong,252,adaptshrink,0.2,0.24869193600549508,0.12914571360007832,0.36823815841091184,True
step,strong,253,reml_hksj,0.2,0.3952083360319245,0.32720952426789485,0.4632071477959542,True
step,strong,253,trim_and_fill,0.2,0.2519744721538392,0.2162591289326902,0.2876898153749882,True
step,strong,253,pet_peese,0.2,0.2906319336965706,0.22936619225994168,0.3518976751331995,True
step,strong,253,copas,0.2,0.39252720692397247,0.33011429721705743,0.4549401166308875,True
step,strong,253,ubcma,0.2,0.26709233654527154,0.1566733012390677,0.372209932797014,True
step,strong,253,adaptshrink,0.2,0.26290326622392224,0.16707499857540073,0.3587315338724437,True
step,strong,254,reml_hksj,0.2,0.3669871672906728,0.30068914627439136,0.4332851883069543,True
step,strong,254,trim_and_fill,0.2,0.21403879062507417,0.1856205241151865,0.24245705713496182,True
step,strong,254,pet_peese,0.2,0.2838000775542413,0.23357999030480603,0.3340201648036766,True
step,strong,254,copas,0.2,0.3660292441151974,0.30462386729897023,0.42743462093142454,True
step,strong,254,ubcma,0.2,0.20396220959414474,0.07189013717648055,0.3078781586128945,True
step,strong,254,adaptshrink,0.2,0.21594543449456902,0.13467469610671814,0.29721617288241986,True
step,strong,255,reml_hksj,0.2,0.37830459251437226,0.3175512885787726,0.43905789644997195,True
step,strong,255,trim_and_fill,0.2,0.24201994743153712,0.20796624544506792,0.27607364941800633,True
step,strong,255,pet_peese,0.2,0.30668813959441704,0.25025394731105194,0.36312233187778215,True
step,strong,255,copas,0.2,0.37569820579543795,0.3201584151297946,0.4312379964610813,True
step,strong,255,ubcma,0.2,0.28163565166722565,0.19546295934573205,0.3629352416896715,True
step,strong,255,adaptshrink,0.2,0.27938990515127193,0.14061434095693617,0.4181654693456077,True
step,strong,256,reml_hksj,0.2,0.3254757349471379,0.2736471750846114,0.3773042948096644,True
step,strong,256,trim_and_fill,0.2,0.21117982959805198,0.17467570643547625,0.2476839527606277,True
step,strong,256,pet_peese,0.2,0.2742131251167334,0.19878795457477705,0.34963829565868976,True
step,strong,256,copas,0.2,0.325475732895975,0.27694207019783446,0.3740093955941155,True
step,strong,256,ubcma,0.2,0.29816718979813345,0.2280691826279831,0.36814428621852935,True
step,strong,256,adaptshrink,0.2,0.2730744803042432,0.11452210012825748,0.4316268604802289,True
step,strong,257,reml_hksj,0.2,0.3728638926343366,0.3157947456196868,0.42993303964898644,True
step,strong,257,trim_and_fill,0.2,0.231193725746729,0.20009845771526608,0.2622889937781919,True
step,strong,257,pet_peese,0.2,0.3121856272464038,0.25310489469235775,0.37126635980044986,True
step,strong,257,copas,0.2,0.37221642651930864,0.31888315315192356,0.4255496998866937,True
step,strong,257,ubcma,0.2,0.3142987908792354,0.21480245135056997,0.42570491668564625,True
step,strong,257,adaptshrink,0.2,0.30517566364514853,0.1606225780151537,0.4497287492751434,True
step,strong,258,reml_hksj,0.2,0.3592929500455002,0.3134269030200527,0.4051589970709477,True
step,strong,258,trim_and_fill,0.2,0.25824929251689493,0.22864695095899557,0.2878516340747943,True
step,strong,258,pet_peese,0.2,0.3045736446949322,0.25314586624570823,0.35600142314415617,True
step,strong,258,copas,0.2,0.35629955848779915,0.31669743227089886,0.39590168470469944,True
step,strong,258,ubcma,0.2,0.2916905599776413,0.23001508772275642,0.3536482998401001,True
step,strong,258,adaptshrink,0.2,0.28834629356742125,0.18441018783705906,0.3922823992977834,True
step,strong,259,reml_hksj,0.2,0.32024270976729885,0.23712498489890574,0.40336043463569193,True
step,strong,259,trim_and_fill,0.2,0.1535852565271903,0.11718723302050739,0.18998328003387321,True
step,strong,259,pet_peese,0.2,0.301509561178212,0.2312101716062479,0.37180895075017606,True
step,strong,259,copas,0.2,0.3199840424540001,0.24407864517936667,0.3958894397286335,True
step,strong,259,ubcma,0.2,0.261757190302617,0.09281996763361142,0.3753098640076034,True
step,strong,259,adaptshrink,0.2,0.2695837348320675,0.023211083356929424,0.5159563863072055,True
step,strong,260,reml_hksj,0.2,0.3096395140907519,0.2441664515264907,0.37511257665501313,True
step,strong,260,trim_and_fill,0.2,0.15014948537872386,0.11958144146145733,0.1807175292959904,True
step,strong,260,pet_peese,0.2,0.28515995147194517,0.22998645051212954,0.34033345243176083,True
step,strong,260,copas,0.2,0.3093056766446673,0.25063227358604545,0.36797907970328914,True
step,strong,260,ubcma,0.2,0.24075500426033952,0.1795388097977795,0.3074693653466418,True
step,strong,260,adaptshrink,0.2,0.24452177796755734,0.06751024864130856,0.4215333072938061,True
step,strong,261,reml_hksj,0.2,0.3436433816208039,0.2935121634561494,0.39377459978545837,True
step,strong,261,trim_and_fill,0.2,0.2285956992072655,0.202195416921018,0.254995981493513,True
step,strong,261,pet_peese,0.2,0.32377435314421027,0.2800438710119929,0.36750483527642763,True
step,strong,261,copas,0.2,0.3431869132635078,0.2972720629182505,0.38910176360876514,True
step,strong,261,ubcma,0.2,0.28260689183091353,0.22496958428760105,0.3404982947785315,True
step,strong,261,adaptshrink,0.2,0.28330386891173076,0.13242294707586025,0.4341847907476013,True
step,strong,262,reml_hksj,0.2,0.30386358734076657,0.24357694789200715,0.364150226789526,True
step,strong,262,trim_and_fill,0.2,0.1981136725546308,0.15967712585843355,0.23655021925082806,True
step,strong,262,pet_peese,0.2,0.23096168743225276,0.16641508295512847,0.29550829190937705,True
step,strong,262,copas,0.2,0.3014960303955054,0.2465930655564473,0.3563989952345634,True
step,strong,262,ubcma,0.2,0.2543704899410383,0.1946275837784051,0.31411339610367145,True
step,strong,262,adaptshrink,0.2,0.2280716787196167,0.10864307107854877,0.34750028636068464,True
step,strong,263,reml_hksj,0.2,0.422303937870289,0.34020988025619797,0.5043979954843801,True
step,strong,263,trim_and_fill,0.2,0.2726352430812744,0.22869804450052947,0.31657244166201937,True
step,strong,263,pet_peese,0.2,0.3556991914645285,0.26853202357909833,0.44286635934995866,True
step,strong,263,copas,0.2,0.42070995214357193,0.34711755578954095,0.4943023484976029,True
step,strong,263,ubcma,0.2,0.27422433894009407,0.15167907568242484,0.3980261187108012,True
step,strong,263,adaptshrink,0.2,0.2769102714078146,0.16061532503068576,0.39320521778494344,True
step,strong,264,reml_hksj,0.2,0.37330338749038183,0.29918251204393315,0.4474242629368305,True
step,strong,264,trim_and_fill,0.2,0.16091390386131568,0.12857251771457942,0.19325529000805194,True
step,strong,264,pet_peese,0.2,0.22507257323825217,0.1666489370503981,0.2834962094261062,True
step,strong,264,copas,0.2,0.37217030700025944,0.30329103955688974,0.44104957444362913,True
step,strong,264,ubcma,0.2,0.23671067185377137,0.14569425089668034,0.317972611748199,True
step,strong,264,adaptshrink,0.2,0.220179564421875,0.08453243967199053,0.35582668917175947,True
step,strong,265,reml_hksj,0.2,0.299002578329667,0.2580663368380425,0.3399388198212915,True
step,strong,265,trim_and_fill,0.2,0.2298012534602512,0.19823188926610252,0.2613706176543999,True
step,strong,265,pet_peese,0.2,0.2536729231706137,0.19658191433561198,0.3107639320056154,True
step,strong,265,copas,0.2,0.2989987591119344,0.2601240024148299,0.3378735158090389,True
step,strong,265,ubcma,0.2,0.28753242416387886,0.2155261133055814,0.3597324305456687,True
step,strong,265,adaptshrink,0.2,0.2481994292558109,0.1419201902501797,0.3544786682614421,True
step,strong,266,reml_hksj,0.2,0.37565550666759284,0.3082334785440993,0.44307753479108636,True
step,strong,266,trim_and_fill,0.2,0.23035459986497644,0.19843341942935586,0.26227578030059706,True
step,strong,266,pet_peese,0.2,0.3611298259610055,0.3051484602349198,0.4171111916870912,True
step,strong,266,copas,0.2,0.3752912852453852,0.31408488520905303,0.43649768528171734,True
step,strong,266,ubcma,0.2,0.33849997031927365,0.2208376457917315,0.45824159371189277,True
step,strong,266,adaptshrink,0.2,0.3457115487236746,0.16437867012716945,0.5270444273201798,True
step,strong,267,reml_hksj,0.2,0.32581719934959397,0.2755834380964308,0.3760509606027571,True
step,strong,267,trim_and_fill,0.2,0.22622694698298776,0.1936654804899146,0.2587884134760609,True
step,strong,267,pet_peese,0.2,0.25560622841170977,0.20022653567281207,0.31098592115060747,True
step,strong,267,copas,0.2,0.3239875670694378,0.2773591385033032,0.37061599563557246,True
step,strong,267,ubcma,0.2,0.2653637441817505,0.2043183253724091,0.3253092455350678,True
step,strong,267,adaptshrink,0.2,0.2502640100239352,0.15485413255995067,0.3456738874879198,True
step,strong,268,reml_hksj,0.2,0.32270623216037625,0.2769093104049772,0.3685031539157753,True
step,strong,268,trim_and_fill,0.2,0.23754259941733674,0.20963534388194233,0.26544985495273116,True
step,strong,268,pet_peese,0.2,0.3129286529735268,0.26527284659071865,0.36058445935633493,True
step,strong,268,copas,0.2,0.32264359852722524,0.27993959834597465,0.36534759870847583,True
step,strong,268,ubcma,0.2,0.2489462184292069,0.1887535657677666,0.31120057028828396,True
step,strong,268,adaptshrink,0.2,0.2440889990748719,0.15439963092020337,0.3337783672295404,True
step,strong,269,reml_hksj,0.2,0.3577998633504425,0.2985348186703581,0.4170649080305269,True
step,strong,269,trim_and_fill,0.2,0.19851459619189785,0.1727603690064251,0.22426882337737059,True
step,strong,269,pet_peese,0.2,0.2764035958974265,0.22959108373426604,0.323216108060587,True
step,strong,269,copas,0.2,0.35687425137305157,0.3020540624353179,0.4116944403107852,True
step,strong,269,ubcma,0.2,0.2732900656379196,0.18372516384974164,0.3470421295931503,True
step,strong,269,adaptshrink,0.2,0.27021473115131484,0.1514726252570304,0.38895683704559925,True
step,strong,270,reml_hksj,0.2,0.32670596493120846,0.2680657138716834,0.38534621599073354,True
step,strong,270,trim_and_fill,0.2,0.17203935796207445,0.1468163917530191,0.1972623241711298,True
step,strong,270,pet_peese,0.2,0.24172801314668008,0.19887272204961326,0.2845833042437469,True
step,strong,270,copas,0.2,0.32551187163635953,0.2711251626724391,0.37989858060028,True
step,strong,270,ubcma,0.2,0.16077297975414795,0.08706342507666151,0.2294541619955958,True
step,strong,270,adaptshrink,0.2,0.17280189268363236,0.10036143898098125,0.24524234638628345,True
step,strong,271,reml_hksj,0.2,0.37754551667768893,0.3065238789279228,0.44856715442745504,True
step,strong,271,trim_and_fill,0.2,0.24074181913790985,0.203521557454297,0.2779620808215227,True
step,strong,271,pet_peese,0.2,0.2723429017475051,0.21403016695045132,0.3306556365445588,True
step,strong,271,copas,0.2,0.3754547102778838,0.3095676564557237,0.4413417641000439,True
step,strong,271,ubcma,0.2,0.30452462182236917,0.20961674467404884,0.4349789262668917,True
step,strong,271,adaptshrink,0.2,0.2647871390179157,0.14704183635239054,0.3825324416834408,True
step,strong,272,reml_hksj,0.2,0.3783335748832558,0.2980640026766136,0.458603147089898,True
step,strong,272,trim_and_fill,0.2,0.2598635878756684,0.2228926690374669,0.29683450671386985,True
step,strong,272,pet_peese,0.2,0.33171519248545384,0.26553234054453845,0.3978980444263692,True
step,strong,272,copas,0.2,0.37718618947010757,0.30482659048652516,0.44954578845369,True
step,strong,272,ubcma,0.2,0.35007662876758794,0.2212308012414226,0.46419059035108123,True
step,strong,272,adaptshrink,0.2,0.3250670031312434,0.16421907165011965,0.48591493461236723,True
step,strong,273,reml_hksj,0.2,0.4489530127504676,0.36962315215549735,0.5282828733454379,True
step,strong,273,trim_and_fill,0.2,0.29547360979367204,0.2572293958366233,0.3337178237507208,True
step,strong,273,pet_peese,0.2,0.3151081406670342,0.25355638342526876,0.3766598979087996,True
step,strong,273,copas,0.2,0.4465296901783509,0.3737019439373406,0.5193574364193613,True
step,strong,273,ubcma,0.2,0.3008841372410899,0.15950276925142187,0.4487748279879723,True
step,strong,273,adaptshrink,0.2,0.30052950710203385,0.22214649201635758,0.3789125221877101,True
step,strong,274,reml_hksj,0.2,0.3508483105473804,0.29441944575163315,0.4072771753431277,True
step,strong,274,trim_and_fill,0.2,0.22419402771075958,0.193892166205091,0.25449588921642813,True
step,strong,274,pet_peese,0.2,0.3079996945992313,0.25028358466170697,0.3657158045367557,True
step,strong,274,copas,0.2,0.3502483700590867,0.2975958333366983,0.4029009067814751,True
step,strong,274,ubcma,0.2,0.2943146789087689,0.21778112129390148,0.3784593085516341,True
step,strong,274,adaptshrink,0.2,0.2939569770957213,0.15064367801122497,0.4372702761802176,True
step,strong,275,reml_hksj,0.2,0.31097276646717875,0.2383851925931283,0.3835603403412292,True
step,strong,275,trim_and_fill,0.2,0.1512329048014602,0.11876090281431698,0.18370490678860343,True
step,strong,275,pet_peese,0.2,0.2253590820401733,0.1716037013125899,0.2791144627677567,True
step,strong,275,copas,0.2,0.30891712529612525,0.24400907857489484,0.37382517201735566,True
step,strong,275,ubcma,0.2,0.21160437486005135,0.13943481646815392,0.28634133127371675,True
step,strong,275,adaptshrink,0.2,0.21121342124834322,0.07926571526532464,0.34316112723136183,True
step,strong,276,reml_hksj,0.2,0.32290862827366057,0.2710572186650454,0.37476003788227574,True
step,strong,276,trim_and_fill,0.2,0.22843560191816273,0.19426993807510334,0.2626012657612221,True
step,strong,276,pet_peese,0.2,0.2728797540576417,0.214484121480257,0.3312753866350264,True
step,strong,276,copas,0.2,0.3214938035912208,0.27530858392224344,0.3676790232601982,True
step,strong,276,ubcma,0.2,0.23945189433460592,0.1560778007732097,0.3263896652603489,True
step,strong,276,adaptshrink,0.2,0.23671958935498147,0.14497994877515852,0.3284592299348044,True
step,strong,277,reml_hksj,0.2,0.3194013212778844,0.22698208516907248,0.4118205573866963,True
step,strong,277,trim_and_fill,0.2,0.16526060638137824,0.1334733842437398,0.19704782851901667,True
step,strong,277,pet_peese,0.2,0.22315719748604662,0.16509927909518146,0.2812151158769118,True
step,strong,277,copas,0.2,0.3175201593809398,0.24605202611349172,0.38898829264838786,True
step,strong,277,ubcma,0.2,0.21705234915872754,0.1339806417903091,0.32041869424340497,True
step,strong,277,adaptshrink,0.2,0.21123310668266243,0.08169692941302317,0.34076928395230166,True
step,strong,278,reml_hksj,0.2,0.3464216574665774,0.27789278522824296,0.4149505297049118,True
step,strong,278,trim_and_fill,0.2,0.16432905132513884,0.1364453143937045,0.19221278825657317,True
step,strong,278,pet_peese,0.2,0.2939885820741892,0.24440849731522168,0.34356866683315673,True
step,strong,278,copas,0.2,0.34606603344532827,0.28264519889907813,0.4094868679915784,True
step,strong,278,ubcma,0.2,0.27126876133148575,0.2048139492570244,0.3374617684995474,True
step,strong,278,adaptshrink,0.2,0.2770048496718102,0.13063389807148762,0.4233758012721328,True
step,strong,279,reml_hksj,0.2,0.36129009590916056,0.28253622871060424,0.4400439631077169,True
step,strong,279,trim_and_fill,0.2,0.19649049520972364,0.16396225798900377,0.22901873243044352,True
step,strong,279,pet_peese,0.2,0.3056263998459382,0.24744526456682392,0.3638075351250525,True
step,strong,279,copas,0.2,0.360508784065364,0.289163784896511,0.431853783234217,True
step,strong,279,ubcma,0.2,0.33243148406514433,0.23905826476040634,0.42657659551073157,True
step,strong,279,adaptshrink,0.2,0.3055997546346527,0.14669880148045095,0.4645007077888545,True
step,strong,280,reml_hksj,0.2,0.3639357981809708,0.3045979044114405,0.42327369195050113,True
step,strong,280,trim_and_fill,0.2,0.20410857655394157,0.1778330589445122,0.23038409416337094,True
step,strong,280,pet_peese,0.2,0.2817805366833834,0.23915751176401287,0.32440356160275385,True
step,strong,280,copas,0.2,0.36293885400505954,0.3076075822895539,0.41827012572056516,True
step,strong,280,ubcma,0.2,0.19363307872229615,0.13313892622444454,0.2523396269824678,True
step,strong,280,adaptshrink,0.2,0.2043796557530634,0.13002501036182923,0.2787343011442976,True
step,strong,281,reml_hksj,0.2,0.3783033651656888,0.3110335805245372,0.4455731498068404,True
step,strong,281,trim_and_fill,0.2,0.25441910584982647,0.21746025356827184,0.2913779581313811,True
step,strong,281,pet_peese,0.2,0.35645061790262095,0.2852863291260843,0.4276149066791576,True
step,strong,281,copas,0.2,0.37770671929139465,0.3194146733182515,0.4359987652645378,True
step,strong,281,ubcma,0.2,0.3476743607461829,0.1964339271477684,0.4387950821014411,True
step,strong,281,adaptshrink,0.2,0.3439889002885093,0.16579796362084195,0.5221798369561766,True
step,strong,282,reml_hksj,0.2,0.3385329906025854,0.2717377485470018,0.40532823265816903,True
step,strong,282,trim_and_fill,0.2,0.2227396531402413,0.1882870045681983,0.2571923017122843,True
step,strong,282,pet_peese,0.2,0.2978222681425553,0.24006501678926323,0.3555795194958474,True
step,strong,282,copas,0.2,0.337861405808982,0.27630933520425666,0.39941347641370734,True
step,strong,282,ubcma,0.2,0.22385195581841982,0.15830649838488137,0.29551879352671684,True
step,strong,282,adaptshrink,0.2,0.22577745207681962,0.13628107719724403,0.3152738269563952,True
step,strong,283,reml_hksj,0.2,0.3657189152007543,0.3086589264608859,0.4227789039406227,True
step,strong,283,trim_and_fill,0.2,0.2168051001265501,0.19082902473250726,0.24278117552059295,True
step,strong,283,pet_peese,0.2,0.2907425302475154,0.2414261836981858,0.340058876796845,True
step,strong,283,copas,0.2,0.36511031035825675,0.31167022651931514,0.41855039419719836,True
step,strong,283,ubcma,0.2,0.3563698417307097,0.25035138841697074,0.4527761725004446,True
step,strong,283,adaptshrink,0.2,0.2887988902883013,0.13454068550094886,0.4430570950756537,True
step,strong,284,reml_hksj,0.2,0.306345910194911,0.2518810235917825,0.36081079679803946,True
step,strong,284,trim_and_fill,0.2,0.1766890845359529,0.1492179938059683,0.20416017526593747,True
step,strong,284,pet_peese,0.2,0.06680292938377272,-0.05928618014284262,0.19289203891038806,True
step,strong,284,copas,0.2,0.30571973320723167,0.2551737633715794,0.35626570304288396,True
step,strong,284,ubcma,0.2,0.2213624229733903,0.1338121484430769,0.29837706029020994,True
step,strong,284,adaptshrink,0.2,0.17763215689782744,0.09021656040786208,0.2650477533877928,True
step,strong,285,reml_hksj,0.2,0.35889314509077364,0.3084290394865976,0.40935725069494966,True
step,strong,285,trim_and_fill,0.2,0.2767606743296195,0.2376901140784616,0.3158312345807774,True
step,strong,285,pet_peese,0.2,0.28830375410259274,0.21804796134498972,0.35855954686019575,True
step,strong,285,copas,0.2,0.35889313639570636,0.3115328577060154,0.4062534150853973,True
step,strong,285,ubcma,0.2,0.2874205270131544,0.1921160840968748,0.376117667170769,True
step,strong,285,adaptshrink,0.2,0.2810937286332024,0.20648580769175667,0.35570164957464817,True
step,strong,286,reml_hksj,0.2,0.35824615269871946,0.2579063374578622,0.45858596793957673,True
step,strong,286,trim_and_fill,0.2,0.19584751992642438,0.15992457279548128,0.23177046705736748,True
step,strong,286,pet_peese,0.2,0.2951220219318731,0.22495845218088367,0.3652855916828625,True
step,strong,286,copas,0.2,0.3568747433080305,0.27352415004366887,0.4402253365723921,True
step,strong,286,ubcma,0.2,0.19986227433655596,0.12049347965080287,0.2752700193061486,True
step,strong,286,adaptshrink,0.2,0.19924597604020602,0.10113396640804856,0.2973579856723635,True
step,strong,287,reml_hksj,0.2,0.3207969920675104,0.24694314433328957,0.3946508398017312,True
step,strong,287,trim_and_fill,0.2,0.1802767921705483,0.14425803671535256,0.21629554762574402,True
step,strong,287,pet_peese,0.2,0.25393152098275734,0.19380536532277257,0.3140576766427421,True
step,strong,287,copas,0.2,0.3182659542655263,0.2551346203638135,0.38139728816723906,True
step,strong,287,ubcma,0.2,0.20246698126789126,0.12314961738246494,0.289251520625104,True
step,strong,287,adaptshrink,0.2,0.19639180432627729,0.06842139992435717,0.32436220872819743,True
step,strong,288,reml_hksj,0.2,0.3951699709076947,0.3277926878217281,0.46254725399366126,True
step,strong,288,trim_and_fill,0.2,0.26205375338251463,0.22936993990810484,0.2947375668569244,True
step,strong,288,pet_peese,0.2,0.3654707898815641,0.303275186158763,0.42766639360436526,True
step,strong,288,copas,0.2,0.39460361425392587,0.3373759803747359,0.45183124813311587,True
step,strong,288,ubcma,0.2,0.34410289193238436,0.23280824858503812,0.4354277018754823,True
step,strong,288,adaptshrink,0.2,0.3465154024168367,0.1720384435401161,0.5209923612935573,True
step,strong,289,reml_hksj,0.2,0.3433307032715363,0.2775185774470788,0.4091428290959938,True
step,strong,289,trim_and_fill,0.2,0.1987643833125095,0.16654994158990055,0.23097882503511846,True
step,strong,289,pet_peese,0.2,0.33528325210061005,0.2797450554863057,0.3908214487149144,True
step,strong,289,copas,0.2,0.34301485274133753,0.282469243795873,0.40356046168680204,True
step,strong,289,ubcma,0.2,0.2428935168707408,0.16819681404076434,0.31969579881108445,True
step,strong,289,adaptshrink,0.2,0.23474122281261314,0.04816057569027371,0.4213218699349526,True
step,strong,290,reml_hksj,0.2,0.3247845907948026,0.2774952999192189,0.3720738816703863,True
step,strong,290,trim_and_fill,0.2,0.22808885381592442,0.1977366883102251,0.2584410193216237,True
step,strong,290,pet_peese,0.2,0.2887551621099749,0.22755485308959544,0.3499554711303544,True
step,strong,290,copas,0.2,0.32403594656514856,0.28081960040965487,0.36725229272064225,True
step,strong,290,ubcma,0.2,0.27025142361231935,0.17318365427228405,0.36117503603649737,True
step,strong,290,adaptshrink,0.2,0.2661953685126527,0.12819675794461732,0.40419397908068805,True
step,strong,291,reml_hksj,0.2,0.36832037107530874,0.2980553478827413,0.4385853942678762,True
step,strong,291,trim_and_fill,0.2,0.20598641378727495,0.16997384475985286,0.24199898281469703,True
step,strong,291,pet_peese,0.2,0.2803108123144817,0.20584791990428797,0.3547737047246754,True
step,strong,291,copas,0.2,0.36732618799250905,0.30217459600029317,0.4324777799847249,True
step,strong,291,ubcma,0.2,0.286012992099021,0.18995955268192047,0.3789446224709674,True
step,strong,291,adaptshrink,0.2,0.2723429958149286,0.11395146901297376,0.43073452261688344,True
step,strong,292,reml_hksj,0.2,0.3621898393148442,0.2779691514684812,0.4464105271612072,True
step,strong,292,trim_and_fill,0.2,0.16504608147941227,0.1268524354198359,0.20323972753898864,True
step,strong,292,pet_peese,0.2,0.22777453639376466,0.16480201785269,0.2907470549348393,True
step,strong,292,copas,0.2,0.3609215715969888,0.2828075073058241,0.4390356358881535,True
step,strong,292,ubcma,0.2,0.20723807578385484,0.055380863848597965,0.3661504103132709,True
step,strong,292,adaptshrink,0.2,0.20310733603582726,0.0504759241293922,0.35573874794226235,True
step,strong,293,reml_hksj,0.2,0.36150975278051095,0.28752597614412917,0.43549352941689273,True
step,strong,293,trim_and_fill,0.2,0.20033887590997204,0.16439027872269668,0.2362874730972474,True
step,strong,293,pet_peese,0.2,0.24161231313389067,0.18162700663727285,0.30159761963050846,True
step,strong,293,copas,0.2,0.3587860633303858,0.2921764605001653,0.4253956661606063,True
step,strong,293,ubcma,0.2,0.22948443298606905,0.1612934099552749,0.30844688869634684,True
step,strong,293,adaptshrink,0.2,0.22407684169518743,0.11869383417368792,0.3294598492166869,True
step,strong,294,reml_hksj,0.2,0.34281783220325246,0.27514167467367445,0.41049398973283047,True
step,strong,294,trim_and_fill,0.2,0.21462022482314924,0.17698759826190488,0.2522528513843936,True
step,strong,294,pet_peese,0.2,0.24316838905299595,0.17445351722428515,0.31188326088170676,True
step,strong,294,copas,0.2,0.34098308252447457,0.2815920138856689,0.40037415116328023,True
step,strong,294,ubcma,0.2,0.21371580727649928,0.14340462183240893,0.2976785268750984,True
step,strong,294,adaptshrink,0.2,0.21809887765397437,0.13894649651651972,0.297251258791429,True
step,strong,295,reml_hksj,0.2,0.32325898487029114,0.26472480589951386,0.38179316384106843,True
step,strong,295,trim_and_fill,0.2,0.22141468854191237,0.17985169836818093,0.2629776787156438,True
step,strong,295,pet_peese,0.2,0.2592520109655092,0.17958067401576538,0.338923347915253,True
step,strong,295,copas,0.2,0.32325917449496416,0.2691412467024774,0.3773771022874509,True
step,strong,295,ubcma,0.2,0.3049464311188311,0.22772672262976823,0.38223355096406064,True
step,strong,295,adaptshrink,0.2,0.2538926976951649,0.09620366489569698,0.41158173049463287,True
step,strong,296,reml_hksj,0.2,0.3593315060861995,0.30199197324412846,0.41667103892827057,True
step,strong,296,trim_and_fill,0.2,0.22987004525709429,0.20013959945424153,0.25960049105994704,True
step,strong,296,pet_peese,0.2,0.3281117785803215,0.2667101419965602,0.3895134151640828,True
step,strong,296,copas,0.2,0.3587680720889851,0.3090736485772496,0.40846249560072057,True
step,strong,296,ubcma,0.2,0.2654895826029263,0.18773968040714564,0.34166778747068105,True
step,strong,296,adaptshrink,0.2,0.2582561166419424,0.09877462225472519,0.41773761102915963,True
step,strong,297,reml_hksj,0.2,0.34001626846877636,0.28109439569904604,0.3989381412385067,True
step,strong,297,trim_and_fill,0.2,0.17428656992053365,0.14666872128236422,0.20190441855870309,True
step,strong,297,pet_peese,0.2,0.24681701376723578,0.2005979305329449,0.29303609700152666,True
step,strong,297,copas,0.2,0.3388189373839502,0.2834977072772655,0.3941401674906349,True
step,strong,297,ubcma,0.2,0.2957054169548693,0.18589371196236493,0.37931949848991736,True
step,strong,297,adaptshrink,0.2,0.2453762482567011,0.10508470221753988,0.3856677942958623,True
step,strong,298,reml_hksj,0.2,0.34183059888037115,0.27344886430317833,0.41021233345756397,True
step,strong,298,trim_and_fill,0.2,0.1911224246202296,0.15615764202759558,0.22608720721286363,True
step,strong,298,pet_peese,0.2,0.27285879219966425,0.20773313994159626,0.33798444445773224,True
step,strong,298,copas,0.2,0.3408830034074798,0.2773840138844671,0.4043819929304925,True
step,strong,298,ubcma,0.2,0.2014076557227137,0.09934673079441986,0.40044728809307617,True
step,strong,298,adaptshrink,0.2,0.19666632438418985,0.08711348036104502,0.30621916840733465,True
step,strong,299,reml_hksj,0.2,0.3583464613200856,0.26820626978262435,0.4484866528575468,True
step,strong,299,trim_and_fill,0.2,0.15451786890359473,0.12169037485239204,0.18734536295479742,True
step,strong,299,pet_peese,0.2,0.26967333150601625,0.21287753770421206,0.32646912530782046,True
step,strong,299,copas,0.2,0.35685637650681395,0.27517302010593464,0.43853973290769327,True
step,strong,299,ubcma,0.2,0.20949246837099622,0.1011918154804311,0.3246963254173709,True
step,strong,299,adaptshrink,0.2,0.20571051530541876,-0.013435802837069744,0.42485683344790726,True
copas,strong,0,reml_hksj,0.2,0.31306042458775707,0.2725867780399065,0.35353407113560764,True
copas,strong,0,trim_and_fill,0.2,0.22139960094750663,0.19068310156016272,0.25211610033485055,True
copas,strong,0,pet_peese,0.2,0.2886538804504776,0.23316547463475512,0.3441422862662,True
copas,strong,0,copas,0.2,0.3130604192156414,0.2740698520351766,0.35205098639610616,True
copas,strong,0,ubcma,0.2,0.27760589704509764,0.20829917720440172,0.3481753882353787,True
copas,strong,0,adaptshrink,0.2,0.2755031034513246,0.14935708690951316,0.4016491199931361,True
copas,strong,1,reml_hksj,0.2,0.30459586632005525,0.23851691789232504,0.37067481474778546,True
copas,strong,1,trim_and_fill,0.2,0.14226295194766833,0.11118081119339918,0.1733450927019375,True
copas,strong,1,pet_peese,0.2,0.2570814789634024,0.20298469951960596,0.3111782584071988,True
copas,strong,1,copas,0.2,0.30414164385668224,0.24149641636128236,0.3667868713520821,True
copas,strong,1,ubcma,0.2,0.2546576878964339,0.1382270752899582,0.3634392207557898,True
copas,strong,1,adaptshrink,0.2,0.2513506953786307,0.10608544782943027,0.3966159429278311,True
copas,strong,2,reml_hksj,0.2,0.2644052606076083,0.2009927911362721,0.32781773007894444,True
copas,strong,2,trim_and_fill,0.2,0.11369383796250204,0.08246031539491798,0.1449273605300861,True
copas,strong,2,pet_peese,0.2,0.2655982839707543,0.2049923110804399,0.32620425686106874,True
copas,strong,2,copas,0.2,0.2643888526805517,0.20440685999908975,0.3243708453620136,True
copas,strong,2,ubcma,0.2,0.1891991937054661,0.10488528153079625,0.27054256287926676,True
copas,strong,2,adaptshrink,0.2,0.18756212021406862,-0.041769948873784435,0.4168941893019217,True
copas,strong,3,reml_hksj,0.2,0.3206498967710286,0.26501624484551467,0.37628354869654257,True
copas,strong,3,trim_and_fill,0.2,0.16839337255338988,0.14348424908704874,0.193302496019731,True
copas,strong,3,pet_peese,0.2,0.25402569411130527,0.2127661588934505,0.29528522932916007,True
copas,strong,3,copas,0.2,0.3198488745581601,0.26709396562492205,0.3726037834913981,True
copas,strong,3,ubcma,0.2,0.19107671693177372,0.09138832775581611,0.27705259614683364,True
copas,strong,3,adaptshrink,0.2,0.18212437871224613,0.05528713126084159,0.30896162616365064,True
copas,strong,4,reml_hksj,0.2,0.33312167877320414,0.27254581052864707,0.3936975470177612,True
copas,strong,4,trim_and_fill,0.2,0.20685774049872352,0.1763372314598492,0.23737824953759784,True
copas,strong,4,pet_peese,0.2,0.29094891769440157,0.23769497346880733,0.34420286191999583,True
copas,strong,4,copas,0.2,0.3325763236108995,0.27537570723196986,0.38977693998982915,True
copas,strong,4,ubcma,0.2,0.2964371898714101,0.2098603885932624,0.37114647494629316,True
copas,strong,4,adaptshrink,0.2,0.2869364505592655,0.15724246775233017,0.41663043336620076,True
copas,strong,5,reml_hksj,0.2,0.28500646371491434,0.23075681241989307,0.3392561150099356,True
copas,strong,5,trim_and_fill,0.2,0.12251352638745916,0.09609857183428033,0.148928480940638,True
copas,strong,5,pet_peese,0.2,0.2157756435721273,0.17198821881166354,0.2595630683325911,True
copas,strong,5,copas,0.2,0.28421769391877527,0.23249510251834002,0.3359402853192105,True
copas,strong,5,ubcma,0.2,0.17501269835153604,0.09243370705155056,0.25362591518188743,True
copas,strong,5,adaptshrink,0.2,0.17572623101252807,0.003969501124003821,0.34748296090105235,True
copas,strong,6,reml_hksj,0.2,0.3298670976722286,0.24946896568266452,0.4102652296617927,True
copas,strong,6,trim_and_fill,0.2,0.041159914719728595,0.012252258745026001,0.07006757069443119,True
copas,strong,6,pet_peese,0.2,0.34656105537717635,0.2916376406172427,0.40148447013711,True
copas,strong,6,copas,0.2,0.33004714177804667,0.25389075907549563,0.4062035244805977,True
copas,strong,6,ubcma,0.2,0.2478506761790963,0.09664602949429205,0.4075590913030459,True
copas,strong,6,adaptshrink,0.2,0.264304872204838,-0.13974303157066792,0.6683527759803439,True
copas,strong,7,reml_hksj,0.2,0.2890397005280334,0.23475938883026215,0.34332001222580466,True
copas,strong,7,trim_and_fill,0.2,0.12059138852387767,0.09337688025615755,0.1478058967915978,True
copas,strong,7,pet_peese,0.2,0.25680317447955137,0.2086873679518665,0.30491898100723624,True
copas,strong,7,copas,0.2,0.2886767506770128,0.23703151075945283,0.3403219905945728,True
copas,strong,7,ubcma,0.2,0.21798419933980678,0.15800823690951377,0.29278865579260044,True
copas,strong,7,adaptshrink,0.2,0.2238428137917377,0.04950922493533194,0.39817640264814347,True
copas,strong,8,reml_hksj,0.2,0.2747714828320378,0.22288955790840898,0.3266534077556666,True
copas,strong,8,trim_and_fill,0.2,0.1455736577316104,0.11978631964069661,0.1713609958225242,True
copas,strong,8,pet_peese,0.2,0.24083917823147924,0.19527585906301276,0.2864024973999457,True
copas,strong,8,copas,0.2,0.274174662114254,0.22636440475794056,0.32198491947056745,True
copas,strong,8,ubcma,0.2,0.19528568300639487,0.13805377915467587,0.2533524796932958,True
copas,strong,8,adaptshrink,0.2,0.1945642176271206,0.042799221940481635,0.34632921331375954,True
copas,strong,9,reml_hksj,0.2,0.318851432856672,0.2611501678425538,0.3765526978707902,True
copas,strong,9,trim_and_fill,0.2,0.17392554951990424,0.14355580471296875,0.20429529432683974,True
copas,strong,9,pet_peese,0.2,0.265035841690283,0.21183922461718563,0.31823245876338035,True
copas,strong,9,copas,0.2,0.31763959421698607,0.2636306137535496,0.3716485746804225,True
copas,strong,9,ubcma,0.2,0.2547334718273897,0.17450111816110297,0.34553946087617676,True
copas,strong,9,adaptshrink,0.2,0.25488820322100103,0.11614635273572382,0.39363005370627824,True
copas,strong,10,reml_hksj,0.2,0.2652393748670871,0.21648075975804254,0.31399798997613165,True
copas,strong,10,trim_and_fill,0.2,0.11388151708842142,0.08079782805061522,0.14696520612622763,True
copas,strong,10,pet_peese,0.2,0.21775768017526642,0.1451211756148642,0.29039418473566864,True
copas,strong,10,copas,0.2,0.26461966876921833,0.21880264981611772,0.3104366877223189,True
copas,strong,10,ubcma,0.2,0.20953264942335834,0.13832212054175086,0.27602263100433944,True
copas,strong,10,adaptshrink,0.2,0.2067806739381061,0.05819057724854135,0.35537077062767086,True
copas,strong,11,reml_hksj,0.2,0.30490599916771377,0.25095931614293987,0.35885268219248767,True
copas,strong,11,trim_and_fill,0.2,0.16552124267384474,0.13708219790562595,0.19396028744206353,True
copas,strong,11,pet_peese,0.2,0.30048093400429643,0.248478835629376,0.35248303237921685,True
copas,strong,11,copas,0.2,0.30495701712167045,0.25452609677212734,0.35538793747121356,True
copas,strong,11,ubcma,0.2,0.23353871897871645,0.14741515555638746,0.31358622127237223,True
copas,strong,11,adaptshrink,0.2,0.23233384472613056,0.015052801724080855,0.44961488772818026,True
copas,strong,12,reml_hksj,0.2,0.2675523441794572,0.20582729753977788,0.3292773908191366,True
copas,strong,12,trim_and_fill,0.2,0.033031677694581235,0.005306922414474273,0.0607564329746882,True
copas,strong,12,pet_peese,0.2,0.18769159660744147,0.13535683372514976,0.2400263594897332,True
copas,strong,12,copas,0.2,0.2671416987096474,0.20819591919151514,0.3260874782277796,True
copas,strong,12,ubcma,0.2,0.16042765237743867,0.0867715911861673,0.23980804619316826,True
copas,strong,12,adaptshrink,0.2,0.16824117335602143,0.0010244472721920583,0.3354578994398508,True
copas,strong,13,reml_hksj,0.2,0.26226730986736047,0.2134986924748697,0.31103592725985124,True
copas,strong,13,trim_and_fill,0.2,0.12174586641566788,0.09764233842092844,0.1458493944104073,True
copas,strong,13,pet_peese,0.2,0.24164080496686371,0.19984236495455326,0.28343924497917417,True
copas,strong,13,copas,0.2,0.2620044846960167,0.2166725983796905,0.30733637101234296,True
copas,strong,13,ubcma,0.2,0.23904249087631127,0.16032767809335924,0.30791314534346664,True
copas,strong,13,adaptshrink,0.2,0.23809028428630136,0.12689604248037328,0.34928452609222943,True
copas,strong,14,reml_hksj,0.2,0.29795383541803677,0.24491794886856358,0.35098972196751,True
copas,strong,14,trim_and_fill,0.2,0.15661677267367466,0.13117827297178355,0.18205527237556576,True
copas,strong,14,pet_peese,0.2,0.3166193571784328,0.27250484423977195,0.3607338701170937,True
copas,strong,14,copas,0.2,0.29821249999707544,0.24777252072600617,0.3486524792681447,True
copas,strong,14,ubcma,0.2,0.2442203739398117,0.18946978835271905,0.29846827626214145,True
copas,strong,14,adaptshrink,0.2,0.2451139965567813,0.06770378171590924,0.42252421139765334,True
copas,strong,15,reml_hksj,0.2,0.2964993336493931,0.23519919285305485,0.3577994744457314,True
copas,strong,15,trim_and_fill,0.2,0.1345288105040185,0.10906492065875713,0.15999270034927987,True
copas,strong,15,pet_peese,0.2,0.3537551689594445,0.3091918163673749,0.39831852155151404,True
copas,strong,15,copas,0.2,0.2969607282588207,0.2388518905008725,0.35506956601676887,True
copas,strong,15,ubcma,0.2,0.24523407745583423,0.1591547927239193,0.32525795573860605,True
copas,strong,15,adaptshrink,0.2,0.24511864691944324,-0.019833127553256058,0.5100704213921425,True
copas,strong,16,reml_hksj,0.2,0.2897972193408187,0.23672975859161005,0.34286468009002735,True
copas,strong,16,trim_and_fill,0.2,0.14143732541777157,0.11590976204951266,0.16696488878603047,True
copas,strong,16,pet_peese,0.2,0.27613887690416705,0.23011251230995888,0.3221652414983752,True
copas,strong,16,copas,0.2,0.28963428104455263,0.2392971268708245,0.33997143521828077,True
copas,strong,16,ubcma,0.2,0.26989917843784106,0.15946030432755948,0.37566515723253835,True
copas,strong,16,adaptshrink,0.2,0.2712741851471109,0.13894812623748126,0.4036002440567405,True
copas,strong,17,reml_hksj,0.2,0.263689991148353,0.2173461537011092,0.3100338285955968,True
copas,strong,17,trim_and_fill,0.2,0.13164092465051852,0.10579287643798099,0.15748897286305605,True
copas,strong,17,pet_peese,0.2,0.24982722998018483,0.20351368056750158,0.2961407793928681,True
copas,strong,17,copas,0.2,0.2634605679384761,0.2195858680202982,0.307335267856654,True
copas,strong,17,ubcma,0.2,0.22323984802207175,0.16689845979166118,0.2765607001746047,True
copas,strong,17,adaptshrink,0.2,0.22796234701027107,0.0903418985460907,0.36558279547445144,True
copas,strong,18,reml_hksj,0.2,0.2808863497468104,0.22715907034727045,0.3346136291463504,True
copas,strong,18,trim_and_fill,0.2,0.12292918367515188,0.09424604409085284,0.15161232325945093,True
copas,strong,18,pet_peese,0.2,0.20548067920207486,0.15149587736425751,0.2594654810398922,True
copas,strong,18,copas,0.2,0.2800151630419561,0.22909785744174446,0.33093246864216774,True
copas,strong,18,ubcma,0.2,0.1854617255765942,0.10283135715374571,0.2647702701432478,True
copas,strong,18,adaptshrink,0.2,0.18670667887175538,0.03951460639458276,0.333898751348928,True
copas,strong,19,reml_hksj,0.2,0.3022850055679973,0.24545469220034136,0.35911531893565324,True
copas,strong,19,trim_and_fill,0.2,0.13477220116399397,0.10581473179514087,0.16372967053284707,True
copas,strong,19,pet_peese,0.2,0.27359881967170996,0.2152305592078402,0.3319670801355797,True
copas,strong,19,copas,0.2,0.302063917150535,0.24803616413467916,0.3560916701663908,True
copas,strong,19,ubcma,0.2,0.29305157989784386,0.2183719462230977,0.3555619034384494,True
copas,strong,19,adaptshrink,0.2,0.27637846267416855,0.12948278284386372,0.42327414250447337,True
copas,strong,20,reml_hksj,0.2,0.28678222706028084,0.22628533905328704,0.3472791150672746,True
copas,strong,20,trim_and_fill,0.2,0.10442307521693092,0.07155754872441017,0.13728860170945167,True
copas,strong,20,pet_peese,0.2,0.08069538496105803,-0.020725385818513534,0.18211615574062961,True
copas,strong,20,copas,0.2,0.28610972242620164,0.22836776569059197,0.3438516791618113,True
copas,strong,20,ubcma,0.2,0.15729722378354796,0.08281948867277092,0.24005313716297688,True
copas,strong,20,adaptshrink,0.2,0.1055673657475156,0.016467580399380996,0.1946671510956502,True
copas,strong,21,reml_hksj,0.2,0.2700601914304705,0.21416032339109844,0.3259600594698426,True
copas,strong,21,trim_and_fill,0.2,0.14164075459851486,0.10896195380629276,0.17431955539073696,True
copas,strong,21,pet_peese,0.2,0.21872428252389636,0.16193347744142683,0.2755150876063659,True
copas,strong,21,copas,0.2,0.26908660812098295,0.21673527372858237,0.32143794251338353,True
copas,strong,21,ubcma,0.2,0.13519994019024223,0.04611608374692025,0.21512873288260903,True
copas,strong,21,adaptshrink,0.2,0.143508735138091,0.053954309010236776,0.23306316126594523,True
copas,strong,22,reml_hksj,0.2,0.3078182227092079,0.2565548017677859,0.3590816436506299,True
copas,strong,22,trim_and_fill,0.2,0.15151660072525544,0.1273127212056397,0.1757204802448712,True
copas,strong,22,pet_peese,0.2,0.34356846090033705,0.2997140526837859,0.38742286911688817,True
copas,strong,22,copas,0.2,0.30808287365082687,0.25923610355624116,0.3569296437454126,True
copas,strong,22,ubcma,0.2,0.26183861824634863,0.16417916309514674,0.3417345996225856,True
copas,strong,22,adaptshrink,0.2,0.2652718919528396,0.0038330310425091496,0.52671075286317,True
copas,strong,23,reml_hksj,0.2,0.2850904276697557,0.22788599422336642,0.34229486111614493,True
copas,strong,23,trim_and_fill,0.2,0.16084687404219644,0.12915077396980448,0.1925429741145884,True
copas,strong,23,pet_peese,0.2,0.27013877955734655,0.2142610214327336,0.32601653768195954,True
copas,strong,23,copas,0.2,0.2849075713460582,0.23099584349779523,0.3388192991943212,True
copas,strong,23,ubcma,0.2,0.20192757399031258,0.08657033925057799,0.3024097307588159,True
copas,strong,23,adaptshrink,0.2,0.19354808088744838,0.0007269746245972264,0.38636918715029955,True
copas,strong,24,reml_hksj,0.2,0.25567465871838796,0.19138200030546154,0.3199673171313144,True
copas,strong,24,trim_and_fill,0.2,0.06320602467730614,0.035294139654774945,0.09111790969983734,True
copas,strong,24,pet_peese,0.2,0.18892345364224003,0.14047539692479855,0.23737151035968151,True
copas,strong,24,copas,0.2,0.25506226459130105,0.19453777916685835,0.31558675001574377,True
copas,strong,24,ubcma,0.2,0.1744450259730969,0.06663388689564244,0.2601135874180804,True
copas,strong,24,adaptshrink,0.2,0.1795944676484958,0.033638985493510715,0.32554994980348084,True
copas,strong,25,reml_hksj,0.2,0.27993170500516557,0.21329293133006777,0.34657047868026336,True
copas,strong,25,trim_and_fill,0.2,0.02196367107742776,-0.0062487124952855765,0.05017605465014109,True
copas,strong,25,pet_peese,0.2,0.07213668250668862,-0.011405320894378346,0.15567868590775558,True
copas,strong,25,copas,0.2,0.2795046427921376,0.21602992249509717,0.34297936308917804,True
copas,strong,25,ubcma,0.2,0.3294404008997442,0.24212892319677493,0.43357869337273724,False
copas,strong,25,adaptshrink,0.2,0.03474929685677364,-0.3040695266515082,0.3735681203650555,True
copas,strong,26,reml_hksj,0.2,0.27109361661874765,0.2302700256180596,0.3119172076194357,True
copas,strong,26,trim_and_fill,0.2,0.1913013058379229,0.16268874153437235,0.21991387014147346,True
copas,strong,26,pet_peese,0.2,0.2552840628723112,0.20560152293222708,0.3049666028123953,True
copas,strong,26,copas,0.2,0.271172718910499,0.232904135769336,0.309441302051662,True
copas,strong,26,ubcma,0.2,0.1989160425084345,0.1406703519350807,0.256808461266332,True
copas,strong,26,adaptshrink,0.2,0.19629666294397724,0.11509110716543643,0.27750221872251807,True
copas,strong,27,reml_hksj,0.2,0.3021480326082077,0.2416871444286619,0.36260892078775353,True
copas,strong,27,trim_and_fill,0.2,0.14724969710700328,0.1194669143681182,0.17503247984588835,True
copas,strong,27,pet_peese,0.2,0.23327379025971784,0.1860106764932185,0.28053690402621717,True
copas,strong,27,copas,0.2,0.30121503031623753,0.24594233166835683,0.35648772896411823,True
copas,strong,27,ubcma,0.2,0.22433778312822072,0.12439128390122112,0.30851930077780254,True
copas,strong,27,adaptshrink,0.2,0.22479070499421572,0.09528830815261152,0.3542931018358199,True
copas,strong,28,reml_hksj,0.2,0.3022664778752255,0.2387094899012635,0.36582346584918746,True
copas,strong,28,trim_and_fill,0.2,0.09703589036214165,0.07168178600559476,0.12238999471868854,True
copas,strong,28,pet_peese,0.2,0.2709978228743403,0.22547727397953632,0.3165183717691443,True
copas,strong,28,copas,0.2,0.3019197195328203,0.24132178548168182,0.3625176535839588,True
copas,strong,28,ubcma,0.2,0.20893048683529378,0.12285335033957548,0.27886027579102385,True
copas,strong,28,adaptshrink,0.2,0.2145960881808802,-0.00923042228832388,0.43842259865008426,True
copas,strong,29,reml_hksj,0.2,0.25384799314199036,0.2027555353748321,0.3049404509091486,True
copas,strong,29,trim_and_fill,0.2,0.09015848229994779,0.06348147187026298,0.11683549272963259,True
copas,strong,29,pet_peese,0.2,0.22233545696217966,0.1689035914319852,0.2757673224923741,True
copas,strong,29,copas,0.2,0.25353937577245844,0.20505733526052816,0.3020214162843887,True
copas,strong,29,ubcma,0.2,0.1994053986618193,0.1142446684888293,0.27828055982152866,True
copas,strong,29,adaptshrink,0.2,0.20568728434805453,0.043066524655181404,0.36830804404092765,True
copas,strong,30,reml_hksj,0.2,0.2814319051920453,0.2226518112512696,0.340211999132821,True
copas,strong,30,trim_and_fill,0.2,0.14406632778510411,0.1135945999531621,0.17453805561704613,True
copas,strong,30,pet_peese,0.2,0.22070691422403904,0.17012143944007996,0.2712923890079981,True
copas,strong,30,copas,0.2,0.2807522398535537,0.22485029891152414,0.33665418079558324,True
copas,strong,30,ubcma,0.2,0.15317323350173956,0.08799674695377269,0.21872456684509375,True
copas,strong,30,adaptshrink,0.2,0.14954524609698377,0.05906313532194922,0.24002735687201832,True
copas,strong,31,reml_hksj,0.2,0.3139963716048399,0.2636680752848928,0.364324667924787,True
copas,strong,31,trim_and_fill,0.2,0.2086983245283149,0.18039807545768963,0.2369985735989402,True
copas,strong,31,pet_peese,0.2,0.3086401800573406,0.2586827177959875,0.35859764231869373,True
copas,strong,31,copas,0.2,0.31394322668851377,0.26600405808213534,0.3618823952948922,True
copas,strong,31,ubcma,0.2,0.2602318917285539,0.2004078357021521,0.3197088901420396,True
copas,strong,31,adaptshrink,0.2,0.25920018310599724,0.10123064654912362,0.41716971966287086,True
copas,strong,32,reml_hksj,0.2,0.2670281547263646,0.2177975176707008,0.3162587917820284,True
copas,strong,32,trim_and_fill,0.2,0.10942306036005597,0.08499122594529354,0.1338548947748184,True
copas,strong,32,pet_peese,0.2,0.21425274598901978,0.1650157407183549,0.26348975125968466,True
copas,strong,32,copas,0.2,0.26632790518168475,0.22193155851134733,0.3107242518520222,True
copas,strong,32,ubcma,0.2,0.2365932032119948,0.16606674596048915,0.29530370951036866,True
copas,strong,32,adaptshrink,0.2,0.2162829376983576,0.0843582997509498,0.34820757564576543,True
copas,strong,33,reml_hksj,0.2,0.3185931600037042,0.2669307633789912,0.3702555566284172,True
copas,strong,33,trim_and_fill,0.2,0.1742721830232754,0.14297285017123507,0.20557151587531575,True
copas,strong,33,pet_peese,0.2,0.3290936686746799,0.2621450398465336,0.39604229750282616,True
copas,strong,33,copas,0.2,0.31875466214984705,0.2700407749981445,0.3674685493015496,True
copas,strong,33,ubcma,0.2,0.3279962913096533,0.26751092620507444,0.3892993715318268,True
copas,strong,33,adaptshrink,0.2,0.3251544394161918,0.18843091696107347,0.46187796187131014,True
copas,strong,34,reml_hksj,0.2,0.3071685747408555,0.2506777228834154,0.36365942659829564,True
copas,strong,34,trim_and_fill,0.2,0.17455368121103837,0.15058437193707314,0.1985229904850036,True
copas,strong,34,pet_peese,0.2,0.3549790229969163,0.3146316817595442,0.3953263642342884,True
copas,strong,34,copas,0.2,0.30767892035847194,0.25427445327665243,0.36108338744029145,True
copas,strong,34,ubcma,0.2,0.2994956364803057,0.2212061395987675,0.3755136021866918,True
copas,strong,34,adaptshrink,0.2,0.30745562703368856,0.09210322498144094,0.5228080290859362,True
copas,strong,35,reml_hksj,0.2,0.3350505498857129,0.2791864631176053,0.39091463665382054,True
copas,strong,35,trim_and_fill,0.2,0.17746934454796173,0.14885999707522124,0.20607869202070223,True
copas,strong,35,pet_peese,0.2,0.3556022609943422,0.30114668470512523,0.4100578372835592,True
copas,strong,35,copas,0.2,0.3352294539724403,0.28234464471337334,0.3881142632315073,True
copas,strong,35,ubcma,0.2,0.3045317079033986,0.22188779571113992,0.3842986282057528,True
copas,strong,35,adaptshrink,0.2,0.31234562990978015,0.0951509637567391,0.5295402960628213,True
copas,strong,36,reml_hksj,0.2,0.27064451528643135,0.21770361641859218,0.3235854141542705,True
copas,strong,36,trim_and_fill,0.2,0.11148857930441261,0.0858678531917033,0.13710930541712193,True
copas,strong,36,pet_peese,0.2,0.21317516202071837,0.16714823411176183,0.2592020899296749,True
copas,strong,36,copas,0.2,0.2700321015380288,0.22030666673427052,0.3197575363417871,True
copas,strong,36,ubcma,0.2,0.18804894253918622,0.10528312198093422,0.26899664222646313,True
copas,strong,36,adaptshrink,0.2,0.1934457029327517,0.03782469005927733,0.34906671580622606,True
copas,strong,37,reml_hksj,0.2,0.33168563221655556,0.27874639615960706,0.38462486827350406,True
copas,strong,37,trim_and_fill,0.2,0.21740982522073754,0.18923955934297354,0.24558009109850154,True
copas,strong,37,pet_peese,0.2,0.29433764215013075,0.24698062601470755,0.34169465828555395,True
copas,strong,37,copas,0.2,0.33127800157042986,0.281133954186866,0.38142204895399373,True
copas,strong,37,ubcma,0.2,0.3172592731384166,0.2445048500719087,0.39227504109402106,True
copas,strong,37,adaptshrink,0.2,0.29400926703892727,0.1661059300310521,0.4219126040468024,True
copas,strong,38,reml_hksj,0.2,0.3004431896913049,0.23712104633237807,0.36376533305023173,True
copas,strong,38,trim_and_fill,0.2,0.1554279155281451,0.130835513294094,0.1800203177621962,True
copas,strong,38,pet_peese,0.2,0.2857961532257022,0.24140635045809888,0.33018595599330547,True
copas,strong,38,copas,0.2,0.30022234887887406,0.24309654493515276,0.35734815282259536,True
copas,strong,38,ubcma,0.2,0.21297548408884048,0.09291875980543149,0.2936835677039926,True
copas,strong,38,adaptshrink,0.2,0.2081418470864822,-0.01843913464702121,0.4347228288199856,True
copas,strong,39,reml_hksj,0.2,0.29750336834095714,0.23560804623167003,0.35939869045024425,True
copas,strong,39,trim_and_fill,0.2,0.17014869723788897,0.14344621042427952,0.19685118405149843,True
copas,strong,39,pet_peese,0.2,0.2396189201628654,0.19542423581424345,0.28381360451148735,True
copas,strong,39,copas,0.2,0.29672164098112347,0.24042288257641067,0.3530203993858363,True
copas,strong,39,ubcma,0.2,0.1926438955623054,0.09598237172233245,0.2928174139313183,True
copas,strong,39,adaptshrink,0.2,0.18575808917417205,0.06211282415123792,0.3094033541971062,True
copas,strong,40,reml_hksj,0.2,0.3203159218406892,0.2550836514339856,0.3855481922473928,True
copas,strong,40,trim_and_fill,0.2,0.15623539967864863,0.1270920103942885,0.18537878896300877,True
copas,strong,40,pet_peese,0.2,0.3275906193648914,0.27194121234907326,0.3832400263807096,True
copas,strong,40,copas,0.2,0.32026731666348307,0.26045738478922986,0.3800772485377363,True
copas,strong,40,ubcma,0.2,0.15828604127195034,0.06891350024312606,0.23875448176372166,True
copas,strong,40,adaptshrink,0.2,0.15761537399218947,0.07234213794979215,0.24288861003458678,True
copas,strong,41,reml_hksj,0.2,0.24749646733145578,0.1920061481495916,0.30298678651331995,True
copas,strong,41,trim_and_fill,0.2,0.053769554788260045,0.027880442453133522,0.07965866712338657,True
copas,strong,41,pet_peese,0.2,0.19422669029461576,0.14569380670795987,0.24275957388127165,True
copas,strong,41,copas,0.2,0.24712998719695972,0.19437381458654648,0.299886159807373,True
copas,strong,41,ubcma,0.2,0.16341556070694052,0.09987518540358555,0.22294021775544226,True
copas,strong,41,adaptshrink,0.2,0.16959408397122988,0.014495016924962911,0.32469315101749685,True
copas,strong,42,reml_hksj,0.2,0.30754216976913384,0.24822918272053293,0.36685515681773473,True
copas,strong,42,trim_and_fill,0.2,0.15604448335188498,0.12481436962384301,0.18727459707992694,True
copas,strong,42,pet_peese,0.2,0.27082343810874765,0.21247998044207192,0.3291668957754234,True
copas,strong,42,copas,0.2,0.3070700772505845,0.25117853317329714,0.36296162132787185,True
copas,strong,42,ubcma,0.2,0.205125727289742,0.08443240454122984,0.3054313300823759,True
copas,strong,42,adaptshrink,0.2,0.1985489296281105,-0.01286853528136142,0.40996639453758243,True
copas,strong,43,reml_hksj,0.2,0.2973462536888299,0.23229575535153443,0.3623967520261253,True
copas,strong,43,trim_and_fill,0.2,0.1071755372284168,0.07798325656299865,0.13636781789383495,True
copas,strong,43,pet_peese,0.2,0.24643626767358434,0.19205922915198861,0.3008133061951801,True
copas,strong,43,copas,0.2,0.2967192069013019,0.2364405119291204,0.35699790187348335,True
copas,strong,43,ubcma,0.2,0.2122037653988149,0.1231502622732013,0.29664856971038056,True
copas,strong,43,adaptshrink,0.2,0.2196497733204869,0.030004024285673503,0.4092955223553003,True
copas,strong,44,reml_hksj,0.2,0.27279738185504665,0.21731794441782856,0.3282768192922647,True
copas,strong,44,trim_and_fill,0.2,0.09830632367875435,0.0711274234955013,0.1254852238620074,True
copas,strong,44,pet_peese,0.2,0.2334070378311724,0.18428987060649393,0.28252420505585085,True
copas,strong,44,copas,0.2,0.2723455339858934,0.21963409762733968,0.32505697034444714,True
copas,strong,44,ubcma,0.2,0.1877407418176802,0.08997243080274821,0.25876900195673336,True
copas,strong,44,adaptshrink,0.2,0.19347988234596675,-0.010747323250724972,0.39770708794265847,True
copas,strong,45,reml_hksj,0.2,0.3130797958001862,0.2600505210316196,0.3661090705687528,True
copas,strong,45,trim_and_fill,0.2,0.1896015450354453,0.15856101578405343,0.22064207428683716,True
copas,strong,45,pet_peese,0.2,0.245571470580757,0.18915130449207238,0.3019916366694416,True
copas,strong,45,copas,0.2,0.3121857853481889,0.26198771740948845,0.3623838532868894,True
copas,strong,45,ubcma,0.2,0.2606865351469043,0.19161839240961376,0.3349979461389237,True
copas,strong,45,adaptshrink,0.2,0.24235187490573734,0.11490640606297295,0.3697973437485017,True
copas,strong,46,reml_hksj,0.2,0.25134456385909537,0.20521566605950395,0.29747346165868677,True
copas,strong,46,trim_and_fill,0.2,0.09471858538424878,0.07118348608763546,0.1182536846808621,True
copas,strong,46,pet_peese,0.2,0.22131910219594364,0.181600240946502,0.26103796344538527,True
copas,strong,46,copas,0.2,0.25101614356204766,0.20721791213351698,0.29481437499057833,True
copas,strong,46,ubcma,0.2,0.21136445243502408,0.14386765345054808,0.27701938311293106,True
copas,strong,46,adaptshrink,0.2,0.21517153853748758,0.10260664739213424,0.3277364296828409,True
copas,strong,47,reml_hksj,0.2,0.25373907888606595,0.20193106847581027,0.30554708929632163,True
copas,strong,47,trim_and_fill,0.2,0.10901983857428756,0.08399839196879622,0.1340412851797789,True
copas,strong,47,pet_peese,0.2,0.2270757471287643,0.18263471888707872,0.2715167753704499,True
copas,strong,47,copas,0.2,0.25345352530275606,0.20417466398340636,0.3027323866221057,True
copas,strong,47,ubcma,0.2,0.14535817629609948,0.0923149413090352,0.1971027245811086,True
copas,strong,47,adaptshrink,0.2,0.13942228045778765,-0.002615219111081285,0.2814597800266566,True
copas,strong,48,reml_hksj,0.2,0.3007790515160195,0.23315273256750535,0.3684053704645337,True
copas,strong,48,trim_and_fill,0.2,0.10030876748815774,0.07101700804891263,0.12960052692740284,True
copas,strong,48,pet_peese,0.2,0.25307089599385735,0.20017984507060788,0.3059619469171068,True
copas,strong,48,copas,0.2,0.3001758113392254,0.23619101294858744,0.3641606097298633,True
copas,strong,48,ubcma,0.2,0.13286511607355816,0.023354384376800735,0.22181543714765423,True
copas,strong,48,adaptshrink,0.2,0.11873874977733648,-0.052634780827582744,0.29011228038225567,True
copas,strong,49,reml_hksj,0.2,0.3564242533510197,0.29765918354340903,0.41518932315863033,True
copas,strong,49,trim_and_fill,0.2,0.2091144158917405,0.17459124823360253,0.2436375835498785,True
copas,strong,49,pet_peese,0.2,0.4128386943338103,0.3419854367433201,0.48369195192430053,True
copas,strong,49,copas,0.2,0.35740996341654646,0.3017639167860661,0.4130560100470268,True
copas,strong,49,ubcma,0.2,0.33480489056505236,0.24255819664995054,0.4233605632794249,True
copas,strong,49,adaptshrink,0.2,0.3389224796441531,0.0737518565430248,0.6040931027452814,True
copas,strong,50,reml_hksj,0.2,0.29905669554767805,0.226073143608491,0.3720402474868651,True
copas,strong,50,trim_and_fill,0.2,0.11135584781761304,0.07879704087528641,0.14391465475993967,True
copas,strong,50,pet_peese,0.2,0.25127383663491054,0.18480332089015267,0.3177443523796684,True
copas,strong,50,copas,0.2,0.29838956005645756,0.231392587390514,0.3653865327224011,True
copas,strong,50,ubcma,0.2,0.2634914863535055,0.1841699082255306,0.3355897607307847,True
copas,strong,50,adaptshrink,0.2,0.25153261375871944,0.09560155986258917,0.4074636676548497,True
copas,strong,51,reml_hksj,0.2,0.2801734547357731,0.22625778287333226,0.33408912659821394,True
copas,strong,51,trim_and_fill,0.2,0.11734836421738772,0.0887139628236954,0.14598276561108003,True
copas,strong,51,pet_peese,0.2,0.23630201367379064,0.18428521703302314,0.28831881031455814,True
copas,strong,51,copas,0.2,0.27969435443642143,0.22873498535870945,0.3306537235141334,True
copas,strong,51,ubcma,0.2,0.22416301106368933,0.14098781541358313,0.29805007766297403,True
copas,strong,51,adaptshrink,0.2,0.22685144107926636,0.08703804511891872,0.366664837039614,True
copas,strong,52,reml_hksj,0.2,0.3079163043245098,0.2649972549777084,0.3508353536713112,True
copas,strong,52,trim_and_fill,0.2,0.17132456441286145,0.14429357593701825,0.19835555288870466,True
copas,strong,52,pet_peese,0.2,0.28553463704906784,0.23232461930174103,0.33874465479639465,True
copas,strong,52,copas,0.2,0.3071675630622401,0.26852554750834634,0.3458095786161338,True
copas,strong,52,ubcma,0.2,0.2574955360547146,0.18989189243008847,0.3247388671217144,True
copas,strong,52,adaptshrink,0.2,0.2618392862508879,0.10482597457940421,0.4188525979223716,True
copas,strong,53,reml_hksj,0.2,0.320819545222182,0.2825198478889216,0.35911924255544236,True
copas,strong,53,trim_and_fill,0.2,0.22570381495166947,0.19976711593468524,0.2516405139686537,True
copas,strong,53,pet_peese,0.2,0.3068352766505871,0.26240832504321054,0.3512622282579636,True
copas,strong,53,copas,0.2,0.3207179106010292,0.28473522321698047,0.35670059798507797,True
copas,strong,53,ubcma,0.2,0.2804933904846014,0.2251623750684416,0.33466390520289424,True
copas,strong,53,adaptshrink,0.2,0.28237685437210086,0.15299975478531416,0.4117539539588876,True
copas,strong,54,reml_hksj,0.2,0.3295712303872059,0.2726990831893343,0.3864433775850776,True
copas,strong,54,trim_and_fill,0.2,0.20452221215029742,0.17056660718519417,0.23847781711540067,True
copas,strong,54,pet_peese,0.2,0.29051934462472406,0.2271101919268222,0.35392849732262593,True
copas,strong,54,copas,0.2,0.3288931385655815,0.2754542495782572,0.3823320275529058,True
copas,strong,54,ubcma,0.2,0.2383878770382609,0.17516143480067464,0.3003321607513841,True
copas,strong,54,adaptshrink,0.2,0.23345618781759667,0.09228433456548735,0.374628041069706,True
copas,strong,55,reml_hksj,0.2,0.2936211043800059,0.2352597339087047,0.35198247485130707,True
copas,strong,55,trim_and_fill,0.2,0.10906943166052,0.08258287105829891,0.13555599226274107,True
copas,strong,55,pet_peese,0.2,0.27528044790220746,0.22909541446531717,0.32146548133909775,True
copas,strong,55,copas,0.2,0.29339550632128714,0.2384965413095636,0.34829447133301067,True
copas,strong,55,ubcma,0.2,0.23621462408316954,0.16228721205992147,0.32549451341154056,True
copas,strong,55,adaptshrink,0.2,0.24604201934502035,0.05327605479069847,0.4388079838993422,True
copas,strong,56,reml_hksj,0.2,0.33295194380963616,0.2745208964565968,0.39138299116267555,True
copas,strong,56,trim_and_fill,0.2,0.18247324025290937,0.14966008632481087,0.21528639418100787,True
copas,strong,56,pet_peese,0.2,0.23947960056438716,0.1779162858455571,0.30104291528321725,True
copas,strong,56,copas,0.2,0.33209505568211367,0.2768061032870219,0.38738400807720547,True
copas,strong,56,ubcma,0.2,0.28809029104454686,0.15458003163889533,0.4160193203298924,True
copas,strong,56,adaptshrink,0.2,0.23323702842655386,0.07327711459281505,0.39319694226029267,True
copas,strong,57,reml_hksj,0.2,0.325972935310289,0.27978903454875137,0.3721568360718266,True
copas,strong,57,trim_and_fill,0.2,0.20722597110293306,0.18216495709299185,0.23228698511287427,True
copas,strong,57,pet_peese,0.2,0.29075726697255233,0.24849313844636037,0.33302139549874427,True
copas,strong,57,copas,0.2,0.32546705463370124,0.28152037689036635,0.3694137323770361,True
copas,strong,57,ubcma,0.2,0.29505684106632035,0.23290020989383675,0.35657881614514747,True
copas,strong,57,adaptshrink,0.2,0.2884815470803675,0.18403006363463276,0.39293303052610223,True
copas,strong,58,reml_hksj,0.2,0.3107885033482409,0.24674723005476085,0.3748297766417209,True
copas,strong,58,trim_and_fill,0.2,0.07691404922357224,0.051529480599975586,0.1022986178471689,True
copas,strong,58,pet_peese,0.2,0.2887378793411302,0.2418812947464265,0.3355944639358339,True
copas,strong,58,copas,0.2,0.3107090429924505,0.24969928903558056,0.3717187969493205,True
copas,strong,58,ubcma,0.2,0.256871086896929,0.1884585434782841,0.3308784023570265,False
copas,strong,58,adaptshrink,0.2,0.18098049821726603,-1.1753904188380782,1.5373514152726102,True
copas,strong,59,reml_hksj,0.2,0.3173529774170909,0.25608155397712923,0.37862440085705257,True
copas,strong,59,trim_and_fill,0.2,0.1783394778053171,0.14968805961314227,0.2069908959974919,True
copas,strong,59,pet_peese,0.2,0.2274398388926629,0.17997371590801475,0.27490596187731103,True
copas,strong,59,copas,0.2,0.3162025916189659,0.2582697690658488,0.374135414172083,True
copas,strong,59,ubcma,0.2,0.22108644560141566,0.13798376219944933,0.3059619862492906,True
copas,strong,59,adaptshrink,0.2,0.2169761463452251,0.10727768468405796,0.32667460800639225,True
copas,strong,60,reml_hksj,0.2,0.3259146957445935,0.25286866447896694,0.39896072701022,True
copas,strong,60,trim_and_fill,0.2,0.06344163839538508,0.03771967235771175,0.0891636044330584,True
copas,strong,60,pet_peese,0.2,0.2246307405931921,0.1770827846267568,0.2721786965596274,True
copas,strong,60,copas,0.2,0.32544358951126184,0.2560285105007578,0.3948586685217659,True
copas,strong,60,ubcma,0.2,0.3326243397509538,0.22854973504061518,0.42370503885541844,False
copas,strong,60,adaptshrink,0.2,0.14159640204199878,-0.8963996021564945,1.179592406240492,True
copas,strong,61,reml_hksj,0.2,0.348631788354144,0.3040288350026906,0.39323474170559736,True
copas,strong,61,trim_and_fill,0.2,0.2237143250079006,0.1940690505286059,0.2533595994871953,True
copas,strong,61,pet_peese,0.2,0.31405223782165403,0.25663611135014786,0.3714683642931602,True
copas,strong,61,copas,0.2,0.3480348395701228,0.305595989129996,0.3904736900102496,True
copas,strong,61,ubcma,0.2,0.314586322947943,0.2586952819030627,0.3714303229194197,True
copas,strong,61,adaptshrink,0.2,0.3099921269108187,0.19167197530365,0.42831227851798737,True
copas,strong,62,reml_hksj,0.2,0.2597227028312418,0.20835927410716606,0.3110861315553176,True
copas,strong,62,trim_and_fill,0.2,0.129605807238182,0.10018163388398177,0.15902998059238221,True
copas,strong,62,pet_peese,0.2,0.20583405028072005,0.1521979576052193,0.25947014295622084,True
copas,strong,62,copas,0.2,0.25908225966891346,0.21029667231369098,0.30786784702413594,True
copas,strong,62,ubcma,0.2,0.18068543229271222,0.12258860425323652,0.2630697703914462,True
copas,strong,62,adaptshrink,0.2,0.18078528987322232,0.03865101932087023,0.3229195604255744,True
copas,strong,63,reml_hksj,0.2,0.3055027209713743,0.24373691447383222,0.3672685274689164,True
copas,strong,63,trim_and_fill,0.2,0.13319778357401693,0.10759375368460161,0.15880181346343225,True
copas,strong,63,pet_peese,0.2,0.25843655939205895,0.21171799480723144,0.3051551239768865,True
copas,strong,63,copas,0.2,0.3052068593931504,0.24628729076488842,0.3641264280214124,True
copas,strong,63,ubcma,0.2,0.15159544515835827,0.07734138185496778,0.2185526267524262,True
copas,strong,63,adaptshrink,0.2,0.14193683013707686,0.031311973991101194,0.25256168628305253,True
copas,strong,64,reml_hksj,0.2,0.32258426313234,0.26309851017436336,0.38207001609031666,True
copas,strong,64,trim_and_fill,0.2,0.17703381890434217,0.15186450667107257,0.20220313113761176,True
copas,strong,64,pet_peese,0.2,0.32044471957383874,0.2767115135720063,0.3641779255756712,True
copas,strong,64,copas,0.2,0.32248559710039687,0.2659640157650556,0.37900717843573817,True
copas,strong,64,ubcma,0.2,0.22789824900672398,0.16773062894301088,0.2829891021830572,True
copas,strong,64,adaptshrink,0.2,0.22282561959503747,0.05200698282827307,0.3936442563618019,True
copas,strong,65,reml_hksj,0.2,0.3042825053410384,0.26012088837298375,0.34844412230909305,True
copas,strong,65,trim_and_fill,0.2,0.18633760699135996,0.1569458362544328,0.2157293777282871,True
copas,strong,65,pet_peese,0.2,0.26797159201758836,0.21745062802195295,0.3184925560132238,True
copas,strong,65,copas,0.2,0.30328859443174816,0.2618595832677781,0.34471760559571824,True
copas,strong,65,ubcma,0.2,0.27889486942202496,0.2232818149710856,0.3333503234333959,True
copas,strong,65,adaptshrink,0.2,0.2680381964354561,0.15218385053129035,0.3838925423396219,True
copas,strong,66,reml_hksj,0.2,0.31307034035400144,0.25985078747825646,0.3662898932297464,True
copas,strong,66,trim_and_fill,0.2,0.17978778910426985,0.14773749536200287,0.21183808284653682,True
copas,strong,66,pet_peese,0.2,0.24738167040421546,0.18540078519964223,0.30936255560878867,True
copas,strong,66,copas,0.2,0.31206173316062824,0.2618909349548122,0.3622325313664443,True
copas,strong,66,ubcma,0.2,0.25444492962111065,0.17506560835885565,0.33464710099039263,True
copas,strong,66,adaptshrink,0.2,0.2418926151708664,0.10549230601854437,0.37829292432318845,True
copas,strong,67,reml_hksj,0.2,0.2868181763582525,0.2216787602484739,0.35195759246803116,True
copas,strong,67,trim_and_fill,0.2,0.07293058833971706,0.049746457080153586,0.09611471959928054,True
copas,strong,67,pet_peese,0.2,0.2693036777428992,0.22991452842399035,0.30869282706180806,True
copas,strong,67,copas,0.2,0.286615327274714,0.224620932666888,0.34860972188254,True
copas,strong,67,ubcma,0.2,0.1789710286555425,0.06620258197614823,0.292199285515077,True
copas,strong,67,adaptshrink,0.2,0.18141167482583037,-0.12394171110973173,0.4867650607613925,True
copas,strong,68,reml_hksj,0.2,0.2748977519487318,0.21559010020280245,0.3342054036946611,True
copas,strong,68,trim_and_fill,0.2,0.11947800766862071,0.08878142230018155,0.15017459303705988,True
copas,strong,68,pet_peese,0.2,0.19656299630575402,0.1391663139508315,0.25395967866067654,True
copas,strong,68,copas,0.2,0.27444173539652517,0.2180888130038545,0.3307946577891958,True
copas,strong,68,ubcma,0.2,0.18256244657329704,0.11444677140554421,0.24522886772762964,True
copas,strong,68,adaptshrink,0.2,0.18177405170843766,0.05067267924689883,0.3128754241699765,True
copas,strong,69,reml_hksj,0.2,0.2794908953723927,0.21193716269330484,0.3470446280514805,True
copas,strong,69,trim_and_fill,0.2,0.08946324177224078,0.06122726198705239,0.11769922155742918,True
copas,strong,69,pet_peese,0.2,0.2133520365465888,0.15843135575906087,0.26827271733411673,True
copas,strong,69,copas,0.2,0.27916427653402054,0.2151330782515795,0.34319547481646157,True
copas,strong,69,ubcma,0.2,0.18439225946244503,0.07035796506039683,0.2920096181888797,True
copas,strong,69,adaptshrink,0.2,0.1916598642315327,0.0012841588459071018,0.3820355696171583,True
copas,strong,70,reml_hksj,0.2,0.27128974677291495,0.19326209162680896,0.34931740191902094,True
copas,strong,70,trim_and_fill,0.2,0.06854266593342187,0.03895925591389468,0.09812607595294906,True
copas,strong,70,pet_peese,0.2,0.2435402497045959,0.19553448061316692,0.2915460187960249,True
copas,strong,70,copas,0.2,0.2711012824584649,0.19724397413285694,0.3449585907840728,True
copas,strong,70,ubcma,0.2,0.08752684206840995,-0.007372237622673852,0.37148231989346536,True
copas,strong,70,adaptshrink,0.2,0.07344152127153619,-0.05464931456008548,0.20153235710315787,True
copas,strong,71,reml_hksj,0.2,0.28161367732177195,0.22450908801328903,0.33871826663025484,True
copas,strong,71,trim_and_fill,0.2,0.1516615986431057,0.12011923668661773,0.18320396059959365,True
copas,strong,71,pet_peese,0.2,0.2450799939617773,0.18938212220224754,0.30077786572130705,True
copas,strong,71,copas,0.2,0.2812547269401644,0.22723496390727144,0.33527448997305737,True
copas,strong,71,ubcma,0.2,0.22297435607017108,0.12833469271484557,0.29189619016578894,True
copas,strong,71,adaptshrink,0.2,0.2253949078834563,0.06945123847785903,0.3813385772890536,True
copas,strong,72,reml_hksj,0.2,0.30097253620333997,0.24692944753767587,0.35501562486900407,True
copas,strong,72,trim_and_fill,0.2,0.17460051530259452,0.14845719165314689,0.20074383895204215,True
copas,strong,72,pet_peese,0.2,0.294013508857161,0.24920408690838286,0.3388229308059391,True
copas,strong,72,copas,0.2,0.3009401572779392,0.24959904621879525,0.3522812683370832,True
copas,strong,72,ubcma,0.2,0.24159209324066405,0.14377852698430565,0.32255112612286113,True
copas,strong,72,adaptshrink,0.2,0.243260245471597,0.03536487275949543,0.45115561818369854,True
copas,strong,73,reml_hksj,0.2,0.28854790060300717,0.22829086529556208,0.34880493591045225,True
copas,strong,73,trim_and_fill,0.2,0.0938361467585177,0.0630525609267373,0.1246197325902981,True
copas,strong,73,pet_peese,0.2,0.22137096438542941,0.16449800706518455,0.27824392170567425,True
copas,strong,73,copas,0.2,0.2879128824330259,0.23071689174705962,0.34510887311899213,True
copas,strong,73,ubcma,0.2,0.16868363611730613,0.05354173111023946,0.25402763605089834,True
copas,strong,73,adaptshrink,0.2,0.17081187463542752,-0.0541661488165697,0.3957898980874247,True
copas,strong,74,reml_hksj,0.2,0.3342673572050513,0.2732188969528568,0.3953158174572458,True
copas,strong,74,trim_and_fill,0.2,0.17555907669099888,0.1466111605903952,0.20450699279160256,True
copas,strong,74,pet_peese,0.2,0.3405818645103411,0.28511707530949704,0.3960466537111852,True
copas,strong,74,copas,0.2,0.3342307958467457,0.27674280605721696,0.39171878563627444,True
copas,strong,74,ubcma,0.2,0.2584448541101476,0.16642367673279387,0.3410790180301515,True
copas,strong,74,adaptshrink,0.2,0.25740207422573713,0.011736720105723158,0.5030674283457511,True
copas,strong,75,reml_hksj,0.2,0.32540400074362213,0.26547222441804696,0.3853357770691973,True
copas,strong,75,trim_and_fill,0.2,0.14627197373985515,0.11569587541820532,0.176848072061505,True
copas,strong,75,pet_peese,0.2,0.29833524020272506,0.24256077519785746,0.35410970520759266,True
copas,strong,75,copas,0.2,0.32508330999642343,0.2682651171509264,0.3819015028419205,True
copas,strong,75,ubcma,0.2,0.22038972966044798,0.13645843559460033,0.29345293385314286,True
copas,strong,75,adaptshrink,0.2,0.2186939316945954,-0.003923389322013998,0.44131125271120475,True
copas,strong,76,reml_hksj,0.2,0.27275401859314885,0.2207166478379585,0.3247913893483392,True
copas,strong,76,trim_and_fill,0.2,0.13222421952664953,0.09890096210283576,0.1655474769504633,True
copas,strong,76,pet_peese,0.2,0.22098925635415168,0.15546644729572534,0.286512065412578,True
copas,strong,76,copas,0.2,0.2706391835981122,0.22428194987893574,0.3169964173172886,True
copas,strong,76,ubcma,0.2,0.2360231681402298,0.1656489734710908,0.3108449034358577,True
copas,strong,76,adaptshrink,0.2,0.22010113950147606,0.07077191034589098,0.36943036865706114,True
copas,strong,77,reml_hksj,0.2,0.3235260726083859,0.27774429858581345,0.36930784663095834,True
copas,strong,77,trim_and_fill,0.2,0.2198573927943943,0.19329994556084273,0.2464148400279459,True
copas,strong,77,pet_peese,0.2,0.31978185618147503,0.2746960495311615,0.36486766283178856,True
copas,strong,77,copas,0.2,0.3236812551619959,0.28103287605785693,0.3663296342661349,True
copas,strong,77,ubcma,0.2,0.31805526905809306,0.24801743186100425,0.38615579987450477,True
copas,strong,77,adaptshrink,0.2,0.3156331287650957,0.20236340721375878,0.4289028503164326,True
copas,strong,78,reml_hksj,0.2,0.3043214331107814,0.25036842094251577,0.35827444527904706,True
copas,strong,78,trim_and_fill,0.2,0.14211108790528856,0.11482079326015425,0.16940138255042286,True
copas,strong,78,pet_peese,0.2,0.27209925590737194,0.2187424789932413,0.3254560328215026,True
copas,strong,78,copas,0.2,0.30395776749202824,0.2531566274086951,0.3547589075753614,True
copas,strong,78,ubcma,0.2,0.2588729885420326,0.16902485282368657,0.34435382247356283,True
copas,strong,78,adaptshrink,0.2,0.262475570082126,0.11377847714426698,0.41117266301998506,True
copas,strong,79,reml_hksj,0.2,0.3356708887534169,0.27280663934124283,0.39853513816559094,True
copas,strong,79,trim_and_fill,0.2,0.18545018023014412,0.1572237547876565,0.21367660567263175,True
copas,strong,79,pet_peese,0.2,0.31715794722103563,0.26724895341404914,0.3670669410280221,True
copas,strong,79,copas,0.2,0.3351125730071771,0.2781127826683183,0.39211236334603594,True
copas,strong,79,ubcma,0.2,0.2123445290567163,0.13334193245354303,0.2931897518197303,True
copas,strong,79,adaptshrink,0.2,0.2010561393255669,0.0569266810163605,0.3451855976347733,True
copas,strong,80,reml_hksj,0.2,0.28514150993535936,0.2327832701873997,0.33749974968331903,True
copas,strong,80,trim_and_fill,0.2,0.13749922069017043,0.1137589616161341,0.16123947976420674,True
copas,strong,80,pet_peese,0.2,0.237323754010382,0.19729647337002948,0.2773510346507345,True
copas,strong,80,copas,0.2,0.28476717509400723,0.23476381598850962,0.3347705341995048,True
copas,strong,80,ubcma,0.2,0.20205240638041497,0.09211828185366898,0.2974930071843007,True
copas,strong,80,adaptshrink,0.2,0.20728473840346684,0.026340678514527954,0.38822879829240575,True
copas,strong,81,reml_hksj,0.2,0.29156973568223893,0.1960645808534101,0.38707489051106775,True
copas,strong,81,trim_and_fill,0.2,0.058186740760586886,0.02589919678633759,0.09047428473483618,True
copas,strong,81,pet_peese,0.2,0.245044169774813,0.1825680643129996,0.3075202752366264,True
copas,strong,81,copas,0.2,0.29147696624240843,0.20123383780930632,0.38172009467551055,True
copas,strong,81,ubcma,0.2,0.11297291685860544,-0.731710803140426,0.30262525390602735,True
copas,strong,81,adaptshrink,0.2,0.08735128713925798,-0.20529945061676869,0.3800020248952847,True
copas,strong,82,reml_hksj,0.2,0.2991321548028839,0.2441848584245824,0.35407945118118545,True
copas,strong,82,trim_and_fill,0.2,0.1276232171896242,0.09988262445846692,0.15536380992078147,True
copas,strong,82,pet_peese,0.2,0.23858742209935713,0.1885193725543818,0.2886554716443325,True
copas,strong,82,copas,0.2,0.2985762525153474,0.24640140218835388,0.35075110284234096,True
copas,strong,82,ubcma,0.2,0.22007318149751454,0.13351144049033237,0.29709127872544006,True
copas,strong,82,adaptshrink,0.2,0.22481667529599605,0.07646016091553812,0.37317318967645396,True
copas,strong,83,reml_hksj,0.2,0.2934781749943615,0.24056806240254677,0.34638828758617624,True
copas,strong,83,trim_and_fill,0.2,0.16740164550564435,0.14427651239313735,0.19052677861815134,True
copas,strong,83,pet_peese,0.2,0.3055588914100206,0.26604317498178875,0.3450746078382525,True
copas,strong,83,copas,0.2,0.2936094953117116,0.24718297007855405,0.34003602054486914,True
copas,strong,83,ubcma,0.2,0.23233811811405736,0.17385799830310308,0.288124336052722,True
copas,strong,83,adaptshrink,0.2,0.23093749895335786,0.054656676693648515,0.4072183212130672,True
copas,strong,84,reml_hksj,0.2,0.2683806229604678,0.20082563863921205,0.3359356072817235,True
copas,strong,84,trim_and_fill,0.2,0.06320060274154184,0.031520847536303416,0.09488035794678026,True
copas,strong,84,pet_peese,0.2,0.1950041392982218,0.13676684082318002,0.2532414377732636,True
copas,strong,84,copas,0.2,0.2674143025314057,0.20397022048609123,0.3308583845767201,True
copas,strong,84,ubcma,0.2,0.15399317993382886,0.03397267381404189,0.2853000768834313,True
copas,strong,84,adaptshrink,0.2,0.16107180503883173,-0.066221930365126,0.3883655404427895,True
copas,strong,85,reml_hksj,0.2,0.3026706682169539,0.23935435165414098,0.36598698477976677,True
copas,strong,85,trim_and_fill,0.2,0.13072918231069053,0.10358015827835948,0.15787820634302158,True
copas,strong,85,pet_peese,0.2,0.22867924184588048,0.18295233990818202,0.27440614378357897,True
copas,strong,85,copas,0.2,0.30170799922644465,0.24395564127688757,0.3594603571760017,True
copas,strong,85,ubcma,0.2,0.12773450120664795,-0.004516265841288222,0.26343042011516205,True
copas,strong,85,adaptshrink,0.2,0.1323623179272686,0.05221937395126869,0.21250526190326852,True
copas,strong,86,reml_hksj,0.2,0.2821310296300495,0.20054067401791809,0.3637213852421809,True
copas,strong,86,trim_and_fill,0.2,0.06628424544316185,0.0367281462731383,0.09584034461318539,True
copas,strong,86,pet_peese,0.2,0.19711917568751566,0.14529556319529469,0.24894278817973664,True
copas,strong,86,copas,0.2,0.2813837494715324,0.20587793302803561,0.3568895659150292,True
copas,strong,86,ubcma,0.2,0.1386311070678785,-0.030653378089935082,0.26537338176810576,True
copas,strong,86,adaptshrink,0.2,0.14021039149790793,-0.11770084759613836,0.3981216305919542,True
copas,strong,87,reml_hksj,0.2,0.32379623561016624,0.25576670702438964,0.39182576419594284,True
copas,strong,87,trim_and_fill,0.2,0.15714597115239415,0.12856414470642608,0.18572779759836222,True
copas,strong,87,pet_peese,0.2,0.38629652266021497,0.3300246735076747,0.4425683718127552,True
copas,strong,87,copas,0.2,0.32400503372564293,0.2595008054226079,0.38850926202867797,True
copas,strong,87,ubcma,0.2,0.22907041914058293,0.1445824256920773,0.3089136630866969,True
copas,strong,87,adaptshrink,0.2,0.220001089962004,-0.025792672194642402,0.46579485211865035,True
copas,strong,88,reml_hksj,0.2,0.24163509392059257,0.1990772208958898,0.28419296694529533,True
copas,strong,88,trim_and_fill,0.2,0.12759805030559762,0.10100428574223975,0.15419181486895547,True
copas,strong,88,pet_peese,0.2,0.23308873016729703,0.1884434014511629,0.27773405888343117,True
copas,strong,88,copas,0.2,0.2412094764725446,0.2014362197556622,0.280982733189427,True
copas,strong,88,ubcma,0.2,0.2570914032239982,0.19579507611074043,0.31804695853954507,True
copas,strong,88,adaptshrink,0.2,0.2354080863680883,0.11118196950421676,0.3596342032319598,True
copas,strong,89,reml_hksj,0.2,0.276424401342283,0.22830743227038472,0.3245413704141813,True
copas,strong,89,trim_and_fill,0.2,0.1387332585452798,0.11428328055725276,0.16318323653330682,True
copas,strong,89,pet_peese,0.2,0.2622851901920925,0.21793747100605898,0.30663290937812604,True
copas,strong,89,copas,0.2,0.27629374025535036,0.2309485311480104,0.32163894936269033,True
copas,strong,89,ubcma,0.2,0.22297084843255133,0.16519915985539885,0.2807425370097038,True
copas,strong,89,adaptshrink,0.2,0.2271911614070614,0.06843342781311265,0.38594889500101015,True
copas,strong,90,reml_hksj,0.2,0.3042692533779076,0.24299149761802777,0.3655470091377875,True
copas,strong,90,trim_and_fill,0.2,0.15319748643507655,0.12523702716298782,0.18115794570716529,True
copas,strong,90,pet_peese,0.2,0.3061918824198444,0.2551318460277016,0.3572519188119872,True
copas,strong,90,copas,0.2,0.3043654291152733,0.24625371595817674,0.3624771422723699,True
copas,strong,90,ubcma,0.2,0.16425203767714802,-0.008814285629864834,0.31707405490457785,True
copas,strong,90,adaptshrink,0.2,0.15593922129079593,0.05629799177387236,0.2555804508077195,True
copas,strong,91,reml_hksj,0.2,0.3306455282994836,0.2713434268003124,0.3899476297986548,True
copas,strong,91,trim_and_fill,0.2,0.12783570226054936,0.10457213572447815,0.15109926879662056,True
copas,strong,91,pet_peese,0.2,0.25804517615926,0.21540587910172368,0.30068447321679626,True
copas,strong,91,copas,0.2,0.3300564101207509,0.27436783448198054,0.3857449857595212,True
copas,strong,91,ubcma,0.2,0.2146859461860087,0.12581941031112914,0.2982605573384369,True
copas,strong,91,adaptshrink,0.2,0.22133055906558646,0.022132583800171884,0.420528534331001,True
copas,strong,92,reml_hksj,0.2,0.2958711288111545,0.22947645472017475,0.3622658029021343,True
copas,strong,92,trim_and_fill,0.2,0.1347878288281489,0.10629315599409098,0.16328250166220684,True
copas,strong,92,pet_peese,0.2,0.25561871733795405,0.207238776679361,0.3039986579965471,True
copas,strong,92,copas,0.2,0.29553194292885365,0.23250866687260477,0.35855521898510256,True
copas,strong,92,ubcma,0.2,0.10479526291891803,-0.03433720570705311,0.2266098419993952,True
copas,strong,92,adaptshrink,0.2,0.13525296258480385,0.04675736298393687,0.22374856218567082,True
copas,strong,93,reml_hksj,0.2,0.2490019863679146,0.18657932825381213,0.31142464448201707,True
copas,strong,93,trim_and_fill,0.2,0.031988566009866985,0.002463735238110179,0.06151339678162379,True
copas,strong,93,pet_peese,0.2,0.20114036543023053,0.1403559078811931,0.261924822979268,True
copas,strong,93,copas,0.2,0.2486154318338885,0.18931640316181414,0.3079144605059629,True
copas,strong,93,ubcma,0.2,0.2321525080032722,0.10973461557528402,0.3557293863950756,True
copas,strong,93,adaptshrink,0.2,0.20150311438733348,0.025880048500866726,0.37712618027380024,True
copas,strong,94,reml_hksj,0.2,0.32145947381801676,0.24535395884128333,0.3975649887947502,True
copas,strong,94,trim_and_fill,0.2,0.10034467114125686,0.06976566385194101,0.13092367843057273,True
copas,strong,94,pet_peese,0.2,0.21294669029654736,0.1588289816033167,0.267064398989778,True
copas,strong,94,copas,0.2,0.3209219011960325,0.24878882964192445,0.3930549727501405,True
copas,strong,94,ubcma,0.2,0.1297053001715738,0.04364493528675593,0.24674929725125708,True
copas,strong,94,adaptshrink,0.2,0.11852127893698722,-0.04042026778048405,0.27746282565445846,True
copas,strong,95,reml_hksj,0.2,0.3083379454263567,0.248067397994171,0.36860849285854236,True
copas,strong,95,trim_and_fill,0.2,0.14023571508647814,0.10965451772834592,0.17081691244461036,True
copas,strong,95,pet_peese,0.2,0.2932838292132151,0.23536348835416418,0.351204170072266,True
copas,strong,95,copas,0.2,0.3082230813087763,0.2508876974958473,0.3655584651217053,True
copas,strong,95,ubcma,0.2,0.23855068505504678,0.13596074906518044,0.3461757099278514,True
copas,strong,95,adaptshrink,0.2,0.24452581649091915,-0.0009854986911402575,0.4900371316729786,True
copas,strong,96,reml_hksj,0.2,0.3027277032356501,0.2465821549388486,0.35887325153245164,True
copas,strong,96,trim_and_fill,0.2,0.14468658871318416,0.1125147965103658,0.1768583809160025,True
copas,strong,96,pet_peese,0.2,0.27995404117889267,0.2151485228895148,0.3447595594682705,True
copas,strong,96,copas,0.2,0.30238529294305116,0.24918419967057454,0.3555863862155278,True
copas,strong,96,ubcma,0.2,0.18807640793379965,0.12038946839138875,0.25619191535617825,True
copas,strong,96,adaptshrink,0.2,0.18057282780148934,0.0053950142008917235,0.35575064140208695,True
copas,strong,97,reml_hksj,0.2,0.3363334630510521,0.28653409854824485,0.38613282755385936,True
copas,strong,97,trim_and_fill,0.2,0.2073989988643551,0.17891812682761246,0.23587987090109772,True
copas,strong,97,pet_peese,0.2,0.3116208397968719,0.25775530601215085,0.3654863735815929,True
copas,strong,97,copas,0.2,0.3358949980614426,0.28871224317689864,0.3830777529459865,True
copas,strong,97,ubcma,0.2,0.2864594731247563,0.2393067335013047,0.3443899818049968,True
copas,strong,97,adaptshrink,0.2,0.2890569618826972,0.1550962698341368,0.42301765393125756,True
copas,strong,98,reml_hksj,0.2,0.23543704071287427,0.17237043561914012,0.29850364580660843,True
copas,strong,98,trim_and_fill,0.2,0.003902477426367814,-0.026787175780901576,0.034592130633637204,True
copas,strong,98,pet_peese,0.2,-0.049785428728183596,-0.14043583964794185,0.04086498219157466,True
copas,strong,98,copas,0.2,0.23432056733069404,0.1742727685059022,0.2943683661554859,True
copas,strong,98,ubcma,0.2,0.19266947613692467,0.11022962544626125,0.2787821437758776,True
copas,strong,98,adaptshrink,0.2,0.0025886460261587813,-0.10078846581488288,0.10596575786720044,True
copas,strong,99,reml_hksj,0.2,0.31485978815502413,0.24404207192310906,0.3856775043869392,True
copas,strong,99,trim_and_fill,0.2,0.09786069342514783,0.0673554241665957,0.12836596268369996,True
copas,strong,99,pet_peese,0.2,0.21144270140906726,0.15721558307840267,0.26566981973973186,True
copas,strong,99,copas,0.2,0.3139513091621705,0.24714446972032583,0.3807581486040152,True
copas,strong,99,ubcma,0.2,0.20958838685248649,0.12068849293891581,0.2912231320641198,True
copas,strong,99,adaptshrink,0.2,0.20624971877254583,0.06971620783880528,0.3427832297062864,True
copas,strong,100,reml_hksj,0.2,0.2523766836101086,0.2077397536846773,0.29701361353553996,True
copas,strong,100,trim_and_fill,0.2,0.1321063205013317,0.10807204862373561,0.15614059237892777,True
copas,strong,100,pet_peese,0.2,0.25335683042553797,0.2125942864370729,0.29411937441400304,True
copas,strong,100,copas,0.2,0.25240237910042895,0.21023037559251712,0.2945743826083408,True
copas,strong,100,ubcma,0.2,0.260480525760139,0.20493862874418634,0.3188014475051735,True
copas,strong,100,adaptshrink,0.2,0.2532996770052374,0.15016403218727992,0.35643532182319493,True
copas,strong,101,reml_hksj,0.2,0.28606619885656187,0.22832129846140584,0.3438110992517179,True
copas,strong,101,trim_and_fill,0.2,0.16214993767466482,0.13294658632550166,0.19135328902382798,True
copas,strong,101,pet_peese,0.2,0.21649395176031194,0.16902980122125216,0.2639581022993717,True
copas,strong,101,copas,0.2,0.2849891814069696,0.23165698415646052,0.3383213786574787,True
copas,strong,101,ubcma,0.2,0.17979527885908217,0.10172151975241278,0.23939524707853962,True
copas,strong,101,adaptshrink,0.2,0.17539292292155872,0.07441399431003892,0.2763718515330785,True
copas,strong,102,reml_hksj,0.2,0.28167405106074433,0.222508096670794,0.3408400054506947,True
copas,strong,102,trim_and_fill,0.2,0.10695295670612359,0.07981377071588981,0.13409214269635739,True
copas,strong,102,pet_peese,0.2,0.31234406308168616,0.2627309418167727,0.3619571843465996,True
copas,strong,102,copas,0.2,0.2818650686831942,0.22573544563360887,0.3379946917327796,True
copas,strong,102,ubcma,0.2,0.19686070463626817,0.1045608382995749,0.29944116184974023,True
copas,strong,102,adaptshrink,0.2,0.19250125709170907,-0.09186096562973894,0.4768634798131571,True
copas,strong,103,reml_hksj,0.2,0.29650058314051353,0.23359737820643786,0.35940378807458917,True
copas,strong,103,trim_and_fill,0.2,0.14120902247657255,0.11298420480529417,0.16943384014785093,True
copas,strong,103,pet_peese,0.2,0.2862725341920494,0.23637401410178385,0.336171054282315,True
copas,strong,103,copas,0.2,0.29635082078976144,0.23759184615935036,0.3551097954201725,True
copas,strong,103,ubcma,0.2,0.25276889907869615,0.16145600915458957,0.3473149211700701,True
copas,strong,103,adaptshrink,0.2,0.26205107166553415,0.07202177144677097,0.45208037188429734,True
copas,strong,104,reml_hksj,0.2,0.26284008445212464,0.19382928819586295,0.3318508807083863,True
copas,strong,104,trim_and_fill,0.2,0.08762309070386834,0.06142751354197485,0.11381866786576184,True
copas,strong,104,pet_peese,0.2,0.2376495942043325,0.19124260501924986,0.2840565833894151,True
copas,strong,104,copas,0.2,0.2626119672259895,0.19970498190924563,0.3255189525427334,True
copas,strong,104,ubcma,0.2,0.13575028172334744,-0.011268214764817838,0.25847769534213116,True
copas,strong,104,adaptshrink,0.2,0.12156204442059455,-0.1125996166790985,0.3557237055202876,True
copas,strong,105,reml_hksj,0.2,0.316722238341983,0.26630236037415816,0.3671421163098078,True
copas,strong,105,trim_and_fill,0.2,0.15858242647509763,0.12973354594593356,0.1874313070042617,True
copas,strong,105,pet_peese,0.2,0.297677389008767,0.24530918592914908,0.3500455920883849,True
copas,strong,105,copas,0.2,0.3164782873240025,0.26847886949665184,0.3644777051513532,True
copas,strong,105,ubcma,0.2,0.3566786971845653,0.28362815566735555,0.42132394045351174,True
copas,strong,105,adaptshrink,0.2,0.30092486217463693,0.13132978025202047,0.4705199440972534,True
copas,strong,106,reml_hksj,0.2,0.320560628999211,0.24703081732288973,0.3940904406755323,True
copas,strong,106,trim_and_fill,0.2,0.052007334604443296,0.02270979815185625,0.08130487105703034,True
copas,strong,106,pet_peese,0.2,-0.021032614105551403,-0.10598032614216579,0.06391509793106298,True
copas,strong,106,copas,0.2,0.3195271229196223,0.24994719669361287,0.38910704914563177,True
copas,strong,106,ubcma,0.2,0.13715651583742486,0.0011123921176313845,0.26325842736448785,True
copas,strong,106,adaptshrink,0.2,0.051398295841701844,-0.044270156443128955,0.14706674812653264,True
copas,strong,107,reml_hksj,0.2,0.24418120550636754,0.19623608713647708,0.29212632387625803,True
copas,strong,107,trim_and_fill,0.2,0.117111211312456,0.09175247644480909,0.14246994618010292,True
copas,strong,107,pet_peese,0.2,0.20250718538922916,0.15868797481139116,0.24632639596706715,True
copas,strong,107,copas,0.2,0.24347801473846312,0.19987563238170733,0.28708039709521893,True
copas,strong,107,ubcma,0.2,0.18203996153220578,0.11298286452396078,0.24847722794855523,True
copas,strong,107,adaptshrink,0.2,0.18550583506163595,0.052446761755555155,0.3185649083677168,True
copas,strong,108,reml_hksj,0.2,0.316203927142593,0.24903604376769645,0.38337181051748953,True
copas,strong,108,trim_and_fill,0.2,0.13236102718961917,0.10537894419712679,0.15934311018211156,True
copas,strong,108,pet_peese,0.2,0.2651644801423944,0.21751317121472108,0.31281578907006774,True
copas,strong,108,copas,0.2,0.3157665811912768,0.25201921101229535,0.3795139513702583,True
copas,strong,108,ubcma,0.2,0.1862001931079227,0.11949396144026439,0.25984695755025067,True
copas,strong,108,adaptshrink,0.2,0.1815082065285901,-0.009899202588825096,0.3729156156460053,True
copas,strong,109,reml_hksj,0.2,0.32811012050406985,0.25821963933669445,0.39800060167144524,True
copas,strong,109,trim_and_fill,0.2,0.16282694054977392,0.13019699651162736,0.1954568845879205,True
copas,strong,109,pet_peese,0.2,0.31670197238082215,0.2586656183973692,0.3747383263642751,True
copas,strong,109,copas,0.2,0.3280098576778482,0.2623251593166277,0.39369455603906867,True
copas,strong,109,ubcma,0.2,0.23640034198459484,0.11826586511711851,0.3428851940146005,True
copas,strong,109,adaptshrink,0.2,0.23321072801415083,-0.0329021308927287,0.49932358692103035,True
copas,strong,110,reml_hksj,0.2,0.2616359458713969,0.19789584381522463,0.32537604792756913,True
copas,strong,110,trim_and_fill,0.2,0.09429557775628493,0.06610315465814876,0.1224880008544211,True
copas,strong,110,pet_peese,0.2,0.20772729462644862,0.1580514949982806,0.25740309425461666,True
copas,strong,110,copas,0.2,0.26113408100147906,0.2008254713465427,0.32144269065641545,True
copas,strong,110,ubcma,0.2,0.14723829291720453,-0.01304860321799485,0.25026389207973987,True
copas,strong,110,adaptshrink,0.2,0.14275309731178834,-0.08071241851479019,0.3662186131383669,True
copas,strong,111,reml_hksj,0.2,0.2833992510346554,0.22848501558805584,0.338313486481255,True
copas,strong,111,trim_and_fill,0.2,0.13596979632293155,0.10912508812540095,0.16281450452046214,True
copas,strong,111,pet_peese,0.2,0.3141869417073868,0.2644923890989265,0.36388149431584715,True
copas,strong,111,copas,0.2,0.2836367954821039,0.23146420220837788,0.33580938875582994,True
copas,strong,111,ubcma,0.2,0.2417261744873598,0.15097902144911574,0.3211243919233613,True
copas,strong,111,adaptshrink,0.2,0.24552561090755498,0.00026980350827049415,0.49078141830683947,True
copas,strong,112,reml_hksj,0.2,0.31621953437168326,0.2586609495129754,0.3737781192303911,True
copas,strong,112,trim_and_fill,0.2,0.1692186645673305,0.13868393041197769,0.19975339872268333,True
copas,strong,112,pet_peese,0.2,0.25722004013916844,0.2027188991126503,0.3117211811656866,True
copas,strong,112,copas,0.2,0.31559579906795077,0.26079928356039983,0.3703923145755017,True
copas,strong,112,ubcma,0.2,0.2715555127805418,0.15285249625167918,0.37960142481943837,True
copas,strong,112,adaptshrink,0.2,0.25311318228281826,0.10859882896048481,0.39762753560515174,True
copas,strong,113,reml_hksj,0.2,0.30399708065925896,0.24360948694137297,0.36438467437714495,True
copas,strong,113,trim_and_fill,0.2,0.08139676637340461,0.05345786308459441,0.10933566966221481,True
copas,strong,113,pet_peese,0.2,0.27162412080205256,0.21760799655239765,0.32564024505170747,True
copas,strong,113,copas,0.2,0.3036374413109412,0.2460030688805035,0.36127181374137896,True
copas,strong,113,ubcma,0.2,0.2034340927668867,0.10915108116078662,0.3241292315871896,True
copas,strong,113,adaptshrink,0.2,0.21118252583079272,-0.06627899554135097,0.4886440472029364,True
copas,strong,114,reml_hksj,0.2,0.30472086723262176,0.2460764560915053,0.3633652783737382,True
copas,strong,114,trim_and_fill,0.2,0.17043546052977118,0.13498615950831888,0.20588476155122348,True
copas,strong,114,pet_peese,0.2,0.2572623954066512,0.19142938241103544,0.3230954084022669,True
copas,strong,114,copas,0.2,0.3039080000858034,0.24896540386682228,0.35885059630478444,True
copas,strong,114,ubcma,0.2,0.2834503127477063,0.1778590541549994,0.37083127613714395,True
copas,strong,114,adaptshrink,0.2,0.2553032836960192,0.08755075901807965,0.42305580837395873,True
copas,strong,115,reml_hksj,0.2,0.27742033878578415,0.21089946499491968,0.3439412125766486,True
copas,strong,115,trim_and_fill,0.2,0.08502557181379539,0.05732605977131179,0.11272508385627898,True
copas,strong,115,pet_peese,0.2,0.23026853869649067,0.1821198588561517,0.27841721853682966,True
copas,strong,115,copas,0.2,0.27706498884568975,0.213625044029443,0.3405049336619365,True
copas,strong,115,ubcma,0.2,0.16757807497132174,0.04173330307078992,0.2983091599354111,True
copas,strong,115,adaptshrink,0.2,0.17103029601492364,-0.09488766583747343,0.4369482578673207,True
copas,strong,116,reml_hksj,0.2,0.2890374077273545,0.23436045055891258,0.3437143648957964,True
copas,strong,116,trim_and_fill,0.2,0.11193110214925209,0.08277709850777014,0.14108510579073402,True
copas,strong,116,pet_peese,0.2,0.2873318744593449,0.23217245093024586,0.3424912979884439,True
copas,strong,116,copas,0.2,0.28898944814188315,0.2375328946002908,0.3404460016834755,True
copas,strong,116,ubcma,0.2,0.24321489613889744,0.17067996802104823,0.35281784103402875,True
copas,strong,116,adaptshrink,0.2,0.2529142646968012,0.03566912459319185,0.47015940480041063,True
copas,strong,117,reml_hksj,0.2,0.30391185936702464,0.2509706461553322,0.35685307257871707,True
copas,strong,117,trim_and_fill,0.2,0.15018163669473292,0.124061389665373,0.17630188372409283,True
copas,strong,117,pet_peese,0.2,0.26131113332160655,0.2153934390305667,0.3072288276126464,True
copas,strong,117,copas,0.2,0.3032870289939806,0.25335190223622617,0.353222155751735,True
copas,strong,117,ubcma,0.2,0.2241549754145518,0.16300541447261283,0.2839447129026047,True
copas,strong,117,adaptshrink,0.2,0.22768566149884284,0.06976976819347472,0.385601554804211,True
copas,strong,118,reml_hksj,0.2,0.28811849422212954,0.23404241811188392,0.34219457033237516,True
copas,strong,118,trim_and_fill,0.2,0.1490206207618328,0.11805625223330235,0.17998498929036327,True
copas,strong,118,pet_peese,0.2,0.27289627282086737,0.21345289696928987,0.33233964867244487,True
copas,strong,118,copas,0.2,0.28801984965298644,0.23929739651423734,0.33674230279173556,True
copas,strong,118,ubcma,0.2,0.2439853525809406,0.16610506077271409,0.32166633462126376,True
copas,strong,118,adaptshrink,0.2,0.24872492630742918,0.0752661522419272,0.4221837003729312,True
copas,strong,119,reml_hksj,0.2,0.30421467582646894,0.2556544502908168,0.3527749013621211,True
copas,strong,119,trim_and_fill,0.2,0.18313069558993889,0.15771040533365707,0.2085509858462207,True
copas,strong,119,pet_peese,0.2,0.2574466300753557,0.21363456267382538,0.30125869747688594,True
copas,strong,119,copas,0.2,0.30360521975162486,0.25752960957010373,0.349680829933146,True
copas,strong,119,ubcma,0.2,0.20011672940489347,0.1434231083376007,0.2568103504721862,True
copas,strong,119,adaptshrink,0.2,0.19407384845592582,0.09525516698813982,0.29289252992371184,True
copas,strong,120,reml_hksj,0.2,0.2325198426116345,0.18359512896165736,0.28144455626161163,True
copas,strong,120,trim_and_fill,0.2,0.10159039094659897,0.07382902065396721,0.12935176123923073,True
copas,strong,120,pet_peese,0.2,0.1929476837435577,0.1440187387551807,0.2418766287319347,True
copas,strong,120,copas,0.2,0.23203540405142972,0.18560934166555756,0.27846146643730185,True
copas,strong,120,ubcma,0.2,0.1316960221608928,0.05458530935800282,0.20634622219058513,True
copas,strong,120,adaptshrink,0.2,0.12436134411838128,-0.02121296502282334,0.2699356532595859,True
copas,strong,121,reml_hksj,0.2,0.26216884030588516,0.2078467256665119,0.3164909549452584,True
copas,strong,121,trim_and_fill,0.2,0.09894664284990767,0.0689502872131801,0.12894299848663524,True
copas,strong,121,pet_peese,0.2,0.20612712368636293,0.15243752806327318,0.25981671930945266,True
copas,strong,121,copas,0.2,0.2612909793804253,0.20994759894575804,0.3126343598150925,True
copas,strong,121,ubcma,0.2,0.12954397249580085,0.045518605281376176,0.20354221614132118,True
copas,strong,121,adaptshrink,0.2,0.120557865171606,-0.0325048345118088,0.2736205648550208,True
copas,strong,122,reml_hksj,0.2,0.31492550255304297,0.24097059449462116,0.3888804106114648,True
copas,strong,122,trim_and_fill,0.2,0.08509691985275163,0.0558724734069304,0.11432136629857285,True
copas,strong,122,pet_peese,0.2,0.2679379526076654,0.21678223912811131,0.31909366608721945,True
copas,strong,122,copas,0.2,0.3145048180091724,0.2443222543113927,0.3846873817069521,True
copas,strong,122,ubcma,0.2,0.3187731706882616,0.14631504797696435,0.435464721787175,True
copas,strong,122,adaptshrink,0.2,0.26849349324394545,0.10747425805095559,0.42951272843693533,True
copas,strong,123,reml_hksj,0.2,0.279595309956263,0.21663412273176078,0.3425564971807653,True
copas,strong,123,trim_and_fill,0.2,0.12205562231469413,0.09118772278845477,0.1529235218409335,True
copas,strong,123,pet_peese,0.2,0.19823063207874428,0.13846448097299152,0.25799678318449704,True
copas,strong,123,copas,0.2,0.278950359600985,0.2199622464865459,0.33793847271542415,True
copas,strong,123,ubcma,0.2,0.2345832637172326,0.08952375792452139,0.3617967933351094,True
copas,strong,123,adaptshrink,0.2,0.19347459607805342,0.0308684055519379,0.356080786604169,True
copas,strong,124,reml_hksj,0.2,0.3228694388428448,0.26625103520127025,0.37948784248441936,True
copas,strong,124,trim_and_fill,0.2,0.15197095448093784,0.12016073054218657,0.1837811784196891,True
copas,strong,124,pet_peese,0.2,0.3417514412791242,0.281926701506086,0.4015761810521624,True
copas,strong,124,copas,0.2,0.32319513320078885,0.2697593030864588,0.3766309633151189,True
copas,strong,124,ubcma,0.2,0.22034615114704223,0.1338051135780379,0.29889226875708685,True
copas,strong,124,adaptshrink,0.2,0.21300016867369287,-0.024967242442061915,0.4509675797894477,True
copas,strong,125,reml_hksj,0.2,0.34252678627308825,0.28977116420742616,0.39528240833875034,True
copas,strong,125,trim_and_fill,0.2,0.2101831955757726,0.18093419539087457,0.23943219576067065,True
copas,strong,125,pet_peese,0.2,0.2882070329017751,0.23640040542157492,0.3400136603819752,True
copas,strong,125,copas,0.2,0.34168976926904426,0.29188598543300853,0.39149355310508,True
copas,strong,125,ubcma,0.2,0.3025380335237152,0.2228706537745355,0.3916056940692584,True
copas,strong,125,adaptshrink,0.2,0.28560454335351665,0.1536077395187294,0.4176013471883039,True
copas,strong,126,reml_hksj,0.2,0.30333615425585314,0.24580988405615137,0.36086242445555494,True
copas,strong,126,trim_and_fill,0.2,0.13354239269049345,0.1045397427522467,0.1625450426287402,True
copas,strong,126,pet_peese,0.2,0.23721804132566768,0.18440722951898042,0.29002885313235494,True
copas,strong,126,copas,0.2,0.3025790198316948,0.2480886146565023,0.3570694250068872,True
copas,strong,126,ubcma,0.2,0.19769846318699766,0.13705299844080499,0.2618920844541378,True
copas,strong,126,adaptshrink,0.2,0.19919462526510232,0.03819217650323886,0.36019707402696577,True
copas,strong,127,reml_hksj,0.2,0.27341195233555743,0.22074744273675168,0.3260764619343632,True
copas,strong,127,trim_and_fill,0.2,0.13228331141288652,0.10108696336457589,0.16347965946119716,True
copas,strong,127,pet_peese,0.2,0.25961609301028055,0.19845927929114587,0.3207729067294152,True
copas,strong,127,copas,0.2,0.2733635636825778,0.22356155725969049,0.3231655701054651,True
copas,strong,127,ubcma,0.2,0.2207595466658022,0.1201040619776356,0.3014403022452172,True
copas,strong,127,adaptshrink,0.2,0.2254873337274671,0.0236156178492595,0.4273590496056747,True
copas,strong,128,reml_hksj,0.2,0.23302524910333658,0.16827492567229277,0.29777557253438036,True
copas,strong,128,trim_and_fill,0.2,0.04122865459358947,0.012241481631037866,0.07021582755614109,True
copas,strong,128,pet_peese,0.2,0.22561252190084222,0.1711575008063851,0.28006754299529935,True
copas,strong,128,copas,0.2,0.23281697083409247,0.17194020803736787,0.2936937336308171,True
copas,strong,128,ubcma,0.2,0.11142155365535569,0.04400732834197383,0.1809202666101914,True
copas,strong,128,adaptshrink,0.2,0.10647607751692229,-0.10565338163270946,0.318605536666554,True
copas,strong,129,reml_hksj,0.2,0.27965540121926735,0.24281207232996943,0.3164987301085653,True
copas,strong,129,trim_and_fill,0.2,0.2040802649027982,0.17791001009482027,0.23025051971077615,True
copas,strong,129,pet_peese,0.2,0.27807263144742267,0.2368973151370944,0.31924794775775095,True
copas,strong,129,copas,0.2,0.27991170402073484,0.2452740221433916,0.31454938589807807,True
copas,strong,129,ubcma,0.2,0.2407893456142812,0.1768211404012424,0.30219722241353986,True
copas,strong,129,adaptshrink,0.2,0.23909113860325198,0.10299463217750776,0.3751876450289962,True
copas,strong,130,reml_hksj,0.2,0.2587448513055893,0.19806728707760357,0.319422415533575,True
copas,strong,130,trim_and_fill,0.2,0.06349849067058377,0.03969384178696704,0.0873031395542005,True
copas,strong,130,pet_peese,0.2,0.16993288090035416,0.13027842232214532,0.209587339478563,True
copas,strong,130,copas,0.2,0.25795042483193326,0.2004815249816555,0.315419324682211,True
copas,strong,130,ubcma,0.2,0.11024360913210111,0.019979094460023605,0.18098322667189998,True
copas,strong,130,adaptshrink,0.2,0.10630648147209158,-0.07740711890408296,0.2900200818482661,True
copas,strong,131,reml_hksj,0.2,0.28343934581817026,0.2165396006383689,0.3503390909979716,True
copas,strong,131,trim_and_fill,0.2,0.12216312087668411,0.09156414185150766,0.15276209990186057,True
copas,strong,131,pet_peese,0.2,0.27471042868316087,0.21859263481110874,0.330828222555213,True
copas,strong,131,copas,0.2,0.2832637488756875,0.21997665384433818,0.34655084390703683,True
copas,strong,131,ubcma,0.2,0.22621208729789027,0.13392722911127858,0.31330061345883464,True
copas,strong,131,adaptshrink,0.2,0.2328821149436937,0.012572375079566711,0.4531918548078207,True
copas,strong,132,reml_hksj,0.2,0.30107246866224396,0.23503126126982754,0.3671136760546604,True
copas,strong,132,trim_and_fill,0.2,0.11470556616753494,0.08638589690694846,0.14302523542812143,True
copas,strong,132,pet_peese,0.2,0.22744153967982073,0.1776963990022916,0.2771866803573499,True
copas,strong,132,copas,0.2,0.30024483706686267,0.23865177057193498,0.36183790356179035,True
copas,strong,132,ubcma,0.2,0.19582167491700286,0.0669269411549282,0.28429834765371986,True
copas,strong,132,adaptshrink,0.2,0.2025618889794826,0.014993537590168693,0.3901302403687965,True
copas,strong,133,reml_hksj,0.2,0.2682813306705717,0.20573112084919157,0.33083154049195185,True
copas,strong,133,trim_and_fill,0.2,0.05039349931068271,0.022157083798854043,0.07862991482251137,True
copas,strong,133,pet_peese,0.2,0.20862598064403254,0.15134501122218702,0.26590695006587806,True
copas,strong,133,copas,0.2,0.26794653484112946,0.20856204274566503,0.3273310269365939,True
copas,strong,133,ubcma,0.2,0.17668820087381176,0.058743469461628964,0.3232144905000537,True
copas,strong,133,adaptshrink,0.2,0.1880050306317606,-0.024895951319562515,0.4009060125830837,True
copas,strong,134,reml_hksj,0.2,0.24420092909867755,0.19486748804143814,0.293534370155917,True
copas,strong,134,trim_and_fill,0.2,0.117592367099114,0.09350608124240531,0.1416786529558227,True
copas,strong,134,pet_peese,0.2,0.22089867619750883,0.17975653977836142,0.26204081261665624,True
copas,strong,134,copas,0.2,0.2440045511703812,0.19681316620243472,0.29119593613832767,True
copas,strong,134,ubcma,0.2,0.14923254225037805,0.07304641498794963,0.20605517574565374,True
copas,strong,134,adaptshrink,0.2,0.14160588295332277,-0.004151687648964841,0.2873634535556104,True
copas,strong,135,reml_hksj,0.2,0.25482906270680644,0.19570345797605507,0.31395466743755784,True
copas,strong,135,trim_and_fill,0.2,0.06529952709494997,0.0392529756532562,0.09134607853664375,True
copas,strong,135,pet_peese,0.2,0.21585068661824924,0.1687240198541897,0.2629773533823088,True
copas,strong,135,copas,0.2,0.25435197951027455,0.19860969938633738,0.3100942596342117,True
copas,strong,135,ubcma,0.2,0.22924474073533752,0.14487940112870434,0.30175097317245947,True
copas,strong,135,adaptshrink,0.2,0.2162489608396266,0.0887656112290417,0.3437323104502115,True
copas,strong,136,reml_hksj,0.2,0.2858059742540592,0.22511578053232595,0.3464961679757924,True
copas,strong,136,trim_and_fill,0.2,0.09454290552720791,0.06730186965032589,0.12178394140408993,True
copas,strong,136,pet_peese,0.2,0.24799759387904266,0.2014537210838064,0.29454146667427894,True
copas,strong,136,copas,0.2,0.2853650847874991,0.22780700946911464,0.3429231601058836,True
copas,strong,136,ubcma,0.2,0.31880396483389417,0.2447950308692647,0.3808572663075528,True
copas,strong,136,adaptshrink,0.2,0.25048881393877087,0.09147620843503515,0.4095014194425066,True
copas,strong,137,reml_hksj,0.2,0.3197088541121952,0.2594680654859324,0.379949642738458,True
copas,strong,137,trim_and_fill,0.2,0.1886768768301259,0.1607422661003061,0.21661148755994572,True
copas,strong,137,pet_peese,0.2,0.31053417923018467,0.2618512868038277,0.35921707165654165,True
copas,strong,137,copas,0.2,0.31968335616516264,0.2626549502166958,0.37671176211362944,True
copas,strong,137,ubcma,0.2,0.13012345181391724,0.012553259838092017,0.2487283649512459,True
copas,strong,137,adaptshrink,0.2,0.18859568734565305,0.09513081632235901,0.28206055836894706,True
copas,strong,138,reml_hksj,0.2,0.29666708687981563,0.23618729432123595,0.35714687943839535,True
copas,strong,138,trim_and_fill,0.2,0.15149634764652709,0.12313822135680726,0.17985447393624693,True
copas,strong,138,pet_peese,0.2,0.33693250722397455,0.2841135134784789,0.3897515009694702,True
copas,strong,138,copas,0.2,0.297028809227332,0.23963238645577073,0.35442523199889325,True
copas,strong,138,ubcma,0.2,0.274050567382084,0.21139596794769155,0.34217320458529615,True
copas,strong,138,adaptshrink,0.2,0.2786250852208519,0.07653635424131752,0.4807138162003862,True
copas,strong,139,reml_hksj,0.2,0.33362731118263284,0.26896984767538457,0.3982847746898811,True
copas,strong,139,trim_and_fill,0.2,0.1240513893392479,0.09390924834785835,0.15419353033063746,True
copas,strong,139,pet_peese,0.2,0.21165032323177266,0.1575167789279034,0.2657838675356419,True
copas,strong,139,copas,0.2,0.3326625183056632,0.2712892897617367,0.39403574684958964,True
copas,strong,139,ubcma,0.2,0.26458539555487426,0.10590328983230717,0.3759538106021223,True
copas,strong,139,adaptshrink,0.2,0.20906309472478396,0.04720790147009918,0.37091828797946874,True
copas,strong,140,reml_hksj,0.2,0.33360023529023203,0.2710317815232436,0.39616868905722047,True
copas,strong,140,trim_and_fill,0.2,0.19186298990066547,0.15440149379576815,0.2293244860055628,True
copas,strong,140,pet_peese,0.2,0.29954694669392967,0.22762004044116835,0.371473852946691,True
copas,strong,140,copas,0.2,0.33293610086084063,0.2745021500897299,0.3913700516319514,True
copas,strong,140,ubcma,0.2,0.31770753838652144,0.23841092456226867,0.39121995559389533,True
copas,strong,140,adaptshrink,0.2,0.3001444146381461,0.1348415385927796,0.46544729068351265,True
copas,strong,141,reml_hksj,0.2,0.36511260089489267,0.3031878390786395,0.42703736271114584,True
copas,strong,141,trim_and_fill,0.2,0.16793333748046457,0.14392987556417036,0.19193679939675878,True
copas,strong,141,pet_peese,0.2,0.3479556632835007,0.3044369270714925,0.3914743994955089,True
copas,strong,141,copas,0.2,0.3650628522391718,0.3062087084701592,0.4239169960081844,True
copas,strong,141,ubcma,0.2,0.30364326928346635,0.12606949956295188,0.44586946951018647,True
copas,strong,141,adaptshrink,0.2,0.3211980704685112,0.07610698832332166,0.5662891526137007,True
copas,strong,142,reml_hksj,0.2,0.24856158879091303,0.1980137251321281,0.299109452449698,True
copas,strong,142,trim_and_fill,0.2,0.10774615330524716,0.08138671806510765,0.13410558854538665,True
copas,strong,142,pet_peese,0.2,0.18252631264634073,0.13786622395198808,0.22718640134069337,True
copas,strong,142,copas,0.2,0.2476753100191992,0.19995439856074665,0.29539622147765177,True
copas,strong,142,ubcma,0.2,0.16731964635343335,0.0894723602069272,0.23784404508049262,True
copas,strong,142,adaptshrink,0.2,0.16918655062153223,0.04348123886515126,0.2948918623779132,True
copas,strong,143,reml_hksj,0.2,0.22211443173124168,0.16700763487802195,0.2772212285844614,True
copas,strong,143,trim_and_fill,0.2,0.05676572481509582,0.031458160187101396,0.08207328944309025,True
copas,strong,143,pet_peese,0.2,0.17796513658627872,0.13419645432551258,0.22173381884704485,True
copas,strong,143,copas,0.2,0.22167249065515848,0.16919925545756526,0.2741457258527517,True
copas,strong,143,ubcma,0.2,0.09767293644792954,-0.009786406212643704,0.16951486986507364,True
copas,strong,143,adaptshrink,0.2,0.08851677353725579,-0.09847731955869846,0.27551086663321,True
copas,strong,144,reml_hksj,0.2,0.33290726115903224,0.2866909448455687,0.3791235774724958,True
copas,strong,144,trim_and_fill,0.2,0.1904302264109903,0.1673144260554296,0.21354602676655102,True
copas,strong,144,pet_peese,0.2,0.3153989261332767,0.27474996981754635,0.35604788244900704,True
copas,strong,144,copas,0.2,0.3326180825795064,0.28873947403438577,0.3764966911246271,True
copas,strong,144,ubcma,0.2,0.28096951229043166,0.21084130932085668,0.3497248956260183,True
copas,strong,144,adaptshrink,0.2,0.28777545449186376,0.12222398922379402,0.4533269197599335,True
copas,strong,145,reml_hksj,0.2,0.2956993162161366,0.2512087521458279,0.3401898802864453,True
copas,strong,145,trim_and_fill,0.2,0.16734799483791263,0.14279189148684587,0.19190409818897938,True
copas,strong,145,pet_peese,0.2,0.274176787538262,0.232960384904257,0.3153931901722671,True
copas,strong,145,copas,0.2,0.295386989051391,0.2531137459836712,0.3376602321191108,True
copas,strong,145,ubcma,0.2,0.21992364261356506,0.11684836639447455,0.31408085708175704,True
copas,strong,145,adaptshrink,0.2,0.21801252586170763,0.017197172559549972,0.4188278791638653,True
copas,strong,146,reml_hksj,0.2,0.34542587253276263,0.2711108397360983,0.419740905329427,True
copas,strong,146,trim_and_fill,0.2,0.11315638306950711,0.08553022541041709,0.14078254072859714,True
copas,strong,146,pet_peese,0.2,0.3378211256942457,0.288518266009845,0.38712398537864645,True
copas,strong,146,copas,0.2,0.34507499872164016,0.27532456453838516,0.41482543290489515,True
copas,strong,146,ubcma,0.2,0.24656098093097076,0.023719144192293772,0.41114291617055587,True
copas,strong,146,adaptshrink,0.2,0.2568405514617017,-0.14072181752208862,0.654402920445492,True
copas,strong,147,reml_hksj,0.2,0.2957458827351829,0.23301845058734103,0.3584733148830247,True
copas,strong,147,trim_and_fill,0.2,0.11040865184254109,0.0830943315176418,0.1377229721674404,True
copas,strong,147,pet_peese,0.2,0.27177467225523344,0.2238657350462797,0.31968360946418717,True
copas,strong,147,copas,0.2,0.29544637708812416,0.23594792862643463,0.35494482554981366,True
copas,strong,147,ubcma,0.2,0.13443014036098352,0.0733358655023292,0.19526202033835516,True
copas,strong,147,adaptshrink,0.2,0.12431561600228211,-0.0017830991504313165,0.25041433115499556,True
copas,strong,148,reml_hksj,0.2,0.3474024157202923,0.2983919353789196,0.39641289606166497,True
copas,strong,148,trim_and_fill,0.2,0.2298766830953099,0.19994380032891143,0.25980956586170834,True
copas,strong,148,pet_peese,0.2,0.2993288848260833,0.2498593475658904,0.34879842208627615,True
copas,strong,148,copas,0.2,0.34630909293238293,0.30014601831326304,0.3924721675515028,True
copas,strong,148,ubcma,0.2,0.25462968663841995,0.1978520567695118,0.3141747070777054,True
copas,strong,148,adaptshrink,0.2,0.25007035969108965,0.1328377367262735,0.3673029826559058,True
copas,strong,149,reml_hksj,0.2,0.2835850473277409,0.22597814858484946,0.34119194607063236,True
copas,strong,149,trim_and_fill,0.2,0.13935886148763083,0.11056941706761503,0.16814830590764662,True
copas,strong,149,pet_peese,0.2,0.2754867796189055,0.222587933523541,0.32838562571427,True
copas,strong,149,copas,0.2,0.2835906812581978,0.22910054173026095,0.33808082078613466,True
copas,strong,149,ubcma,0.2,0.21937318329592054,0.13971509968046109,0.28081286065269245,True
copas,strong,149,adaptshrink,0.2,0.2213907891721126,0.02446619730112745,0.41831538104309773,True
copas,strong,150,reml_hksj,0.2,0.28764408586805656,0.23322128446228158,0.34206688727383155,True
copas,strong,150,trim_and_fill,0.2,0.08194721044279456,0.05419361550462842,0.10970080538096069,True
copas,strong,150,pet_peese,0.2,0.24445116571328424,0.18503743157259497,0.30386489985397347,True
copas,strong,150,copas,0.2,0.2873878988189293,0.23562053626980176,0.3391552613680568,True
copas,strong,150,ubcma,0.2,0.2763382676366588,0.20586988264091602,0.34239950933625096,True
copas,strong,150,adaptshrink,0.2,0.24965518573849482,0.08691202907800263,0.412398342398987,True
copas,strong,151,reml_hksj,0.2,0.31994317147718143,0.25784781123929623,0.38203853171506663,True
copas,strong,151,trim_and_fill,0.2,0.1736227113939077,0.14424533294659625,0.20300008984121914,True
copas,strong,151,pet_peese,0.2,0.37087934461871314,0.3156797650874635,0.4260789241499628,True
copas,strong,151,copas,0.2,0.3203525461282845,0.26182315495801584,0.3788819372985532,True
copas,strong,151,ubcma,0.2,0.326223279937544,0.21261594641240192,0.40883362743500185,True
copas,strong,151,adaptshrink,0.2,0.3381305766040001,0.11157690418215871,0.5646842490258415,True
copas,strong,152,reml_hksj,0.2,0.35054430049934604,0.291090978439591,0.4099976225591011,True
copas,strong,152,trim_and_fill,0.2,0.2491206704510289,0.22150393386690473,0.27673740703515304,True
copas,strong,152,pet_peese,0.2,0.3844901468306375,0.33717938318139434,0.4318009104798806,True
copas,strong,152,copas,0.2,0.35145465964268635,0.30017336015043466,0.40273595913493804,True
copas,strong,152,ubcma,0.2,0.3296537659393487,0.2081899129287917,0.4207406175426853,True
copas,strong,152,adaptshrink,0.2,0.3338547301150264,0.0983503146976748,0.5693591455323781,True
copas,strong,153,reml_hksj,0.2,0.30125817443189773,0.26104413172356933,0.34147221714022613,True
copas,strong,153,trim_and_fill,0.2,0.17386271222370456,0.14555852246360856,0.20216690198380055,True
copas,strong,153,pet_peese,0.2,0.3043213529478079,0.24793210500480495,0.3607106008908108,True
copas,strong,153,copas,0.2,0.30167649551290826,0.26381450681730423,0.3395384842085123,True
copas,strong,153,ubcma,0.2,0.285836477413964,0.22175017995348628,0.34765924118930347,True
copas,strong,153,adaptshrink,0.2,0.2895268295355298,0.14733835174959214,0.4317153073214674,True
copas,strong,154,reml_hksj,0.2,0.3134631272982132,0.25215454714514896,0.3747717074512774,True
copas,strong,154,trim_and_fill,0.2,0.10880951442198489,0.08011977136338873,0.13749925748058106,True
copas,strong,154,pet_peese,0.2,0.22239012866449753,0.17005831280096775,0.27472194452802734,True
copas,strong,154,copas,0.2,0.31277294085998253,0.25426407812834717,0.3712818035916179,True
copas,strong,154,ubcma,0.2,0.19816349867581584,0.0660047160785379,0.31117544143492315,True
copas,strong,154,adaptshrink,0.2,0.20491122044288188,0.02673896951966309,0.38308347136610066,True
copas,strong,155,reml_hksj,0.2,0.24833971332948315,0.20136912150648342,0.2953103051524829,True
copas,strong,155,trim_and_fill,0.2,0.11167824051413541,0.08756986342129539,0.13578661760697544,True
copas,strong,155,pet_peese,0.2,0.2150782882573388,0.17155033056319258,0.258606245951485,True
copas,strong,155,copas,0.2,0.24787861777982384,0.20342017843826088,0.2923370571213868,True
copas,strong,155,ubcma,0.2,0.22059077304073854,0.1599515722363635,0.27828361740419194,True
copas,strong,155,adaptshrink,0.2,0.21392096284768208,0.10672971615569828,0.3211122095396659,True
copas,strong,156,reml_hksj,0.2,0.2860015329740275,0.21634780310922536,0.3556552628388296,True
copas,strong,156,trim_and_fill,0.2,0.1021288690555564,0.0693671643686916,0.1348905737424212,True
copas,strong,156,pet_peese,0.2,0.049950878596532154,-0.03471890792521864,0.13462066511828294,True
copas,strong,156,copas,0.2,0.2849176491208732,0.2190904176019829,0.3507448806397635,True
copas,strong,156,ubcma,0.2,0.1821398655431486,0.08489788228648451,0.2815614959028658,True
copas,strong,156,adaptshrink,0.2,0.10151495968483147,-0.0018481331275133905,0.20487805249717633,True
copas,strong,157,reml_hksj,0.2,0.27294596084708433,0.21524049118079375,0.3306514305133749,True
copas,strong,157,trim_and_fill,0.2,0.12234289187310661,0.09271724034990568,0.15196854339630755,True
copas,strong,157,pet_peese,0.2,0.21908398607484145,0.1648614719745224,0.2733065001751605,True
copas,strong,157,copas,0.2,0.2721673702454778,0.2179532519620756,0.32638148852888005,True
copas,strong,157,ubcma,0.2,0.24278360177329228,0.11592424345913793,0.33939078465145034,True
copas,strong,157,adaptshrink,0.2,0.21676949482365035,0.06688056574119375,0.3666584239061069,True
copas,strong,158,reml_hksj,0.2,0.3665862042638691,0.3253797320402633,0.4077926764874749,True
copas,strong,158,trim_and_fill,0.2,0.24509080309226267,0.21484717363304282,0.27533443255148254,True
copas,strong,158,pet_peese,0.2,0.3398928990294765,0.27944052416719234,0.40034527389176067,True
copas,strong,158,copas,0.2,0.36654083339337884,0.32698081694049097,0.4061008498462667,True
copas,strong,158,ubcma,0.2,0.3027539934863001,0.2208055741345027,0.38815183518002516,True
copas,strong,158,adaptshrink,0.2,0.30255687877772286,0.1261624400803823,0.4789513174750634,True
copas,strong,159,reml_hksj,0.2,0.27082470409045656,0.20810487560606078,0.33354453257485234,True
copas,strong,159,trim_and_fill,0.2,0.1546021838252424,0.12632471906189635,0.18287964858858846,True
copas,strong,159,pet_peese,0.2,0.2508920477711592,0.2049040942489021,0.2968800012934163,True
copas,strong,159,copas,0.2,0.2704120275208522,0.21348172816487765,0.32734232687682674,True
copas,strong,159,ubcma,0.2,0.24965233825774216,0.11603616368360406,0.3417163496990093,True
copas,strong,159,adaptshrink,0.2,0.24603346087783942,0.12015104111447786,0.37191588064120096,True
copas,strong,160,reml_hksj,0.2,0.27582235191151094,0.2124222392080071,0.3392224646150148,True
copas,strong,160,trim_and_fill,0.2,0.055011531826810386,0.02648672424470983,0.08353633940891095,True
copas,strong,160,pet_peese,0.2,0.07873825669869322,-0.016457399217294583,0.17393391261468102,True
copas,strong,160,copas,0.2,0.27508937618251755,0.2149188052784877,0.3352599470865474,True
copas,strong,160,ubcma,0.2,0.23624606168830126,0.149031326564544,0.31477167640757175,True
copas,strong,160,adaptshrink,0.2,0.0646405297336245,-0.0715647219645292,0.2008457814317782,True
copas,strong,161,reml_hksj,0.2,0.29621694314689057,0.2508241718320598,0.34160971446172134,True
copas,strong,161,trim_and_fill,0.2,0.14497956102038195,0.11961841081372163,0.17034071122704228,True
copas,strong,161,pet_peese,0.2,0.2926710408790097,0.24446968891614473,0.34087239284187465,True
copas,strong,161,copas,0.2,0.2961967625132698,0.2529637546376891,0.3394297703888505,True
copas,strong,161,ubcma,0.2,0.2848835558036692,0.20031701755084036,0.3554597657192501,True
copas,strong,161,adaptshrink,0.2,0.28698927587865863,0.1574219918084107,0.41655655994890656,True
copas,strong,162,reml_hksj,0.2,0.2823616939253255,0.23557227438817746,0.32915111346247355,True
copas,strong,162,trim_and_fill,0.2,0.15012434725197102,0.11893478254519502,0.18131391195874702,True
copas,strong,162,pet_peese,0.2,0.29923341821377586,0.22228362624475062,0.3761832101828011,True
copas,strong,162,copas,0.2,0.2825153654924936,0.23823948235835538,0.3267912486266319,True
copas,strong,162,ubcma,0.2,0.2560595695413979,0.1519047584757219,0.3242472516059772,True
copas,strong,162,adaptshrink,0.2,0.2598971698728656,0.045105136261603646,0.4746892034841276,True
copas,strong,163,reml_hksj,0.2,0.32212931821800855,0.2659783964810128,0.3782802399550043,True
copas,strong,163,trim_and_fill,0.2,0.15518536556338186,0.12894807238250108,0.18142265874426264,True
copas,strong,163,pet_peese,0.2,0.27676544839713746,0.23354384919944837,0.31998704759482655,True
copas,strong,163,copas,0.2,0.32180292121684406,0.2682650721557272,0.3753407702779609,True
copas,strong,163,ubcma,0.2,0.2010929460819306,0.13098019914310988,0.2745148492184537,True
copas,strong,163,adaptshrink,0.2,0.19521885488470406,0.013908716755750034,0.37652899301365805,True
copas,strong,164,reml_hksj,0.2,0.28866899078642383,0.23238510477951232,0.3449528767933353,True
copas,strong,164,trim_and_fill,0.2,0.08609761577515221,0.06106380906883936,0.11113142248146506,True
copas,strong,164,pet_peese,0.2,0.2595537168575499,0.21619597943086516,0.30291145428423466,True
copas,strong,164,copas,0.2,0.288440150404575,0.2348511396039394,0.3420291612052106,True
copas,strong,164,ubcma,0.2,0.20336968761114774,0.12155398528386674,0.28289340428043586,True
copas,strong,164,adaptshrink,0.2,0.21082614801678026,-0.010265392312337807,0.43191768834589833,True
copas,strong,165,reml_hksj,0.2,0.24664670080923112,0.18196015087997824,0.311333250738484,True
copas,strong,165,trim_and_fill,0.2,0.09280730576203076,0.060568406737788086,0.12504620478627343,True
copas,strong,165,pet_peese,0.2,0.05494993009737982,-0.036830811807941635,0.1467306720027013,True
copas,strong,165,copas,0.2,0.2459154440239258,0.18487590438593668,0.30695498366191487,True
copas,strong,165,ubcma,0.2,0.1630040971379193,0.07662394803258804,0.25382141749824244,True
copas,strong,165,adaptshrink,0.2,0.09271723518492364,-0.0033368285253124463,0.18877129889515973,True
copas,strong,166,reml_hksj,0.2,0.3445045635859725,0.28642142315560704,0.4025877040163379,True
copas,strong,166,trim_and_fill,0.2,0.16564350500510786,0.1402225341870248,0.19106447582319092,True
copas,strong,166,pet_peese,0.2,0.33482332509764456,0.2877406864692379,0.38190596372605123,True
copas,strong,166,copas,0.2,0.3444375739713422,0.2892739059516277,0.39960124199105673,True
copas,strong,166,ubcma,0.2,0.3009065948182657,0.21467365369158836,0.3849510962482191,True
copas,strong,166,adaptshrink,0.2,0.31149008064053907,0.12653980706317897,0.49644035421789917,True
copas,strong,167,reml_hksj,0.2,0.24191269883049965,0.18245977076786152,0.3013656268931378,True
copas,strong,167,trim_and_fill,0.2,0.05613249190859585,0.03161331760381822,0.08065166621337348,True
copas,strong,167,pet_peese,0.2,0.18383231657513277,0.14161575308198546,0.22604888006828008,True
copas,strong,167,copas,0.2,0.24149868416382234,0.18485742163673768,0.298139946690907,True
copas,strong,167,ubcma,0.2,0.11094852929194206,0.0273621189947967,0.18093602851690105,True
copas,strong,167,adaptshrink,0.2,0.10681052304078838,-0.09247094827697226,0.306091994358549,True
copas,strong,168,reml_hksj,0.2,0.352468688362576,0.2787864037305687,0.4261509729945833,True
copas,strong,168,trim_and_fill,0.2,0.13040203511843212,0.09574944412890256,0.16505462610796168,True
copas,strong,168,pet_peese,0.2,0.2662652869261009,0.19284587405602274,0.3396846997961791,True
copas,strong,168,copas,0.2,0.35206915615156525,0.2820957729053737,0.4220425393977568,True
copas,strong,168,ubcma,0.2,0.20768034876658065,0.09314535641978486,0.3058332309070737,True
copas,strong,168,adaptshrink,0.2,0.2074241246622892,-0.03487625239955594,0.44972450172413436,True
copas,strong,169,reml_hksj,0.2,0.3052549451313821,0.23045097478032248,0.38005891548244175,True
copas,strong,169,trim_and_fill,0.2,0.15196412013424715,0.1251530683628831,0.1787751719056112,True
copas,strong,169,pet_peese,0.2,0.3359226532476617,0.28495764623218456,0.3868876602631388,True
copas,strong,169,copas,0.2,0.3054024285497963,0.23616071792594268,0.37464413917364997,True
copas,strong,169,ubcma,0.2,0.3054281976845921,0.1523830416990484,0.39935683235168973,True
copas,strong,169,adaptshrink,0.2,0.3190885771718463,0.12007277166757743,0.5181043826761151,True
copas,strong,170,reml_hksj,0.2,0.32020866973141837,0.2607124626817555,0.3797048767810812,True
copas,strong,170,trim_and_fill,0.2,0.2071942426301757,0.174266208197999,0.24012227706235237,True
copas,strong,170,pet_peese,0.2,0.3335475414611288,0.27541382760882327,0.39168125531343434,True
copas,strong,170,copas,0.2,0.3203636874679826,0.26434167039096623,0.376385704544999,True
copas,strong,170,ubcma,0.2,0.22459350653770396,0.15540641790701137,0.29408958104988825,True
copas,strong,170,adaptshrink,0.2,0.2163987789101789,0.09964923553855869,0.3331483222817991,True
copas,strong,171,reml_hksj,0.2,0.33373259220634727,0.2794637322259974,0.3880014521866971,True
copas,strong,171,trim_and_fill,0.2,0.17957133655378305,0.1519684648496653,0.20717420825790078,True
copas,strong,171,pet_peese,0.2,0.30997097967533127,0.26093038332580376,0.3590115760248588,True
copas,strong,171,copas,0.2,0.3335049923821673,0.28210162275528666,0.38490836200904793,True
copas,strong,171,ubcma,0.2,0.23658614173186263,0.15543373935716542,0.31738397326057544,True
copas,strong,171,adaptshrink,0.2,0.23243791684269122,0.025305125602264084,0.4395707080831184,True
copas,strong,172,reml_hksj,0.2,0.280788413720347,0.21906415071371332,0.3425126767269807,True
copas,strong,172,trim_and_fill,0.2,0.12730978894319436,0.09667900334046235,0.1579405745459264,True
copas,strong,172,pet_peese,0.2,0.19405053031872083,0.1350348608772233,0.2530661997602183,True
copas,strong,172,copas,0.2,0.2792250861292298,0.2242646807690655,0.3341854914893941,True
copas,strong,172,ubcma,0.2,0.18148026434516354,0.06761936586095196,0.27930088657362007,True
copas,strong,172,adaptshrink,0.2,0.17820181561351553,0.0343348575336499,0.32206877369338116,True
copas,strong,173,reml_hksj,0.2,0.3089965593520903,0.22960445816149658,0.38838866054268406,True
copas,strong,173,trim_and_fill,0.2,0.1040011029100889,0.07454400549914417,0.13345820032103364,True
copas,strong,173,pet_peese,0.2,0.03352455488472472,-0.04427512027891237,0.11132423004836181,True
copas,strong,173,copas,0.2,0.30743801762894707,0.23448772915307348,0.38038830610482066,True
copas,strong,173,ubcma,0.2,0.1230965126960067,-0.0219047344883615,0.2444003620981624,True
copas,strong,173,adaptshrink,0.2,0.10254995240009951,0.019178093034716986,0.18592181176548203,True
copas,strong,174,reml_hksj,0.2,0.3676816892014068,0.313914157771696,0.4214492206311176,True
copas,strong,174,trim_and_fill,0.2,0.2518162550034707,0.22248205814743288,0.28115045185950854,True
copas,strong,174,pet_peese,0.2,0.31133642384482796,0.2633208942501488,0.3593519534395071,True
copas,strong,174,copas,0.2,0.36593983178833794,0.3168777800767858,0.4150018834998901,True
copas,strong,174,ubcma,0.2,0.2995779388738245,0.2549590197223489,0.3460124803712401,True
copas,strong,174,adaptshrink,0.2,0.29870697256933404,0.1993313959785778,0.3980825491600903,True
copas,strong,175,reml_hksj,0.2,0.2942704131887745,0.22974434431784108,0.35879648205970793,True
copas,strong,175,trim_and_fill,0.2,0.10528165116665268,0.07818701925431693,0.13237628307898844,True
copas,strong,175,pet_peese,0.2,0.21191466631013214,0.16613378909966034,0.257695543520604,True
copas,strong,175,copas,0.2,0.2936335916651326,0.23260378069331533,0.35466340263694984,True
copas,strong,175,ubcma,0.2,0.1344108309047381,0.0746399602812409,0.1946914744120178,True
copas,strong,175,adaptshrink,0.2,0.1269860409942603,-0.00932060915018093,0.2632926911387016,True
copas,strong,176,reml_hksj,0.2,0.30792685769999156,0.2409370610178021,0.374916654382181,True
copas,strong,176,trim_and_fill,0.2,0.09195563888680403,0.06683565774404465,0.1170756200295634,True
copas,strong,176,pet_peese,0.2,0.21497163061502775,0.1724027816346825,0.257540479595373,True
copas,strong,176,copas,0.2,0.3073084924834393,0.24353543306694664,0.3710815518999319,True
copas,strong,176,ubcma,0.2,0.24172499782950177,0.12482720138384464,0.3498925032079601,True
copas,strong,176,adaptshrink,0.2,0.21440728142843135,0.08737620474001442,0.3414383581168483,True
copas,strong,177,reml_hksj,0.2,0.29203553800240206,0.2302999940239736,0.3537710819808305,True
copas,strong,177,trim_and_fill,0.2,0.11538433540839295,0.08871769856495804,0.14205097225182786,True
copas,strong,177,pet_peese,0.2,0.3289271906097756,0.28231893270738745,0.37553544851216375,True
copas,strong,177,copas,0.2,0.2921998158704505,0.23361016002670312,0.3507894717141979,True
copas,strong,177,ubcma,0.2,0.31484242860339196,0.17046685396301536,0.40382167488037557,True
copas,strong,177,adaptshrink,0.2,0.3231627162992646,0.17496768293914117,0.471357749659388,True
copas,strong,178,reml_hksj,0.2,0.29292318480419716,0.2290677095790111,0.3567786600293832,True
copas,strong,178,trim_and_fill,0.2,0.13938120609431923,0.10731709051766919,0.17144532167096926,True
copas,strong,178,pet_peese,0.2,0.23595975758189028,0.17761967579203447,0.2942998393717461,True
copas,strong,178,copas,0.2,0.29205847013878244,0.2320750049222025,0.3520419353553624,True
copas,strong,178,ubcma,0.2,0.21262089122704755,0.14107006014445211,0.2899307543479116,True
copas,strong,178,adaptshrink,0.2,0.214727874245286,0.05928681818322648,0.37016893030734555,True
copas,strong,179,reml_hksj,0.2,0.2672548354248421,0.21424225959076537,0.3202674112589188,True
copas,strong,179,trim_and_fill,0.2,0.12613331716920045,0.09437815843359956,0.15788847590480135,True
copas,strong,179,pet_peese,0.2,0.2479261451995616,0.18507524014936166,0.31077705024976154,True
copas,strong,179,copas,0.2,0.2665516857561772,0.21879842785601278,0.31430494365634165,True
copas,strong,179,ubcma,0.2,0.22495566577266327,0.15564475429565555,0.29117118857187385,True
copas,strong,179,adaptshrink,0.2,0.22806436901715177,0.07122142163802614,0.3849073163962774,True
copas,strong,180,reml_hksj,0.2,0.246414328941907,0.19233476889783713,0.3004938889859769,True
copas,strong,180,trim_and_fill,0.2,0.06878811776474045,0.045537432075487765,0.09203880345399312,True
copas,strong,180,pet_peese,0.2,0.23017749580286193,0.19083040599155443,0.2695245856141694,True
copas,strong,180,copas,0.2,0.24619808391156614,0.19484589423943063,0.2975502735837017,True
copas,strong,180,ubcma,0.2,0.11078918203195885,0.046880629262888114,0.17546082199827226,True
copas,strong,180,adaptshrink,0.2,0.10165743628685932,-0.06947663765249677,0.2727915102262154,True
copas,strong,181,reml_hksj,0.2,0.3019524001778636,0.24338585083847988,0.36051894951724733,True
copas,strong,181,trim_and_fill,0.2,0.11683802883893346,0.09094525406151618,0.14273080361635074,True
copas,strong,181,pet_peese,0.2,0.2988014358356887,0.2509525663826698,0.3466503052887076,True
copas,strong,181,copas,0.2,0.3019702487684289,0.24624231030501162,0.3576981872318461,True
copas,strong,181,ubcma,0.2,0.2200249128780686,0.13330555422935025,0.30674427152678696,True
copas,strong,181,adaptshrink,0.2,0.22275330490281256,-0.03008554139649197,0.47559215120211706,True
copas,strong,182,reml_hksj,0.2,0.3387640460455679,0.3010845702748694,0.37644352181626645,True
copas,strong,182,trim_and_fill,0.2,0.23168846686160655,0.20430695608780758,0.2590699776354055,True
copas,strong,182,pet_peese,0.2,0.3333389618067426,0.28328309220529235,0.38339483140819286,True
copas,strong,182,copas,0.2,0.3387640284440554,0.30242466869781803,0.37510338819029276,True
copas,strong,182,ubcma,0.2,0.29662215812612946,0.23546824865684968,0.35596544111223294,True
copas,strong,182,adaptshrink,0.2,0.29865926973125356,0.14379852783199254,0.4535200116305146,True
copas,strong,183,reml_hksj,0.2,0.2692053788087966,0.19552850103391722,0.34288225658367594,True
copas,strong,183,trim_and_fill,0.2,0.0021040767863577154,-0.02683018537847916,0.03103833895119459,True
copas,strong,183,pet_peese,0.2,0.20865792859948923,0.15133016701412258,0.26598569018485585,True
copas,strong,183,copas,0.2,0.26895841753195693,0.19947746798774565,0.3384393670761682,True
copas,strong,183,ubcma,0.2,0.12643277207612183,-0.035349663994498376,0.28516180917637346,True
copas,strong,183,adaptshrink,0.2,0.1347430944415274,-0.218969813255704,0.48845600213875884,True
copas,strong,184,reml_hksj,0.2,0.28817752140043434,0.2391895380074573,0.3371655047934114,True
copas,strong,184,trim_and_fill,0.2,0.13832155477203298,0.11054316756425603,0.16609994197980993,True
copas,strong,184,pet_peese,0.2,0.2660846401297185,0.21466256845879,0.317506711800647,True
copas,strong,184,copas,0.2,0.28792078388625825,0.24145093158008507,0.3343906361924314,True
copas,strong,184,ubcma,0.2,0.19567045611974435,0.09388107928228921,0.2756380817816843,True
copas,strong,184,adaptshrink,0.2,0.19140355405574197,-0.024813478115341764,0.40762058622682573,True
copas,strong,185,reml_hksj,0.2,0.32151613404664314,0.25038172361573635,0.39265054447754993,True
copas,strong,185,trim_and_fill,0.2,0.08907227578889593,0.06512077576985796,0.1130237758079339,True
copas,strong,185,pet_peese,0.2,0.2430399798920469,0.20344236572747929,0.28263759405661454,True
copas,strong,185,copas,0.2,0.32097006430695346,0.25335174867741084,0.3885883799364961,True
copas,strong,185,ubcma,0.2,0.2136591149532249,0.06066154359510632,0.39732452001448404,True
copas,strong,185,adaptshrink,0.2,0.22903462164455043,0.04363309643672811,0.41443614685237273,True
copas,strong,186,reml_hksj,0.2,0.2901592251040103,0.2374593912194481,0.34285905898857255,True
copas,strong,186,trim_and_fill,0.2,0.15119051885463725,0.12291145733711342,0.17946958037216107,True
copas,strong,186,pet_peese,0.2,0.24034881985069104,0.18828636969274104,0.29241127000864103,True
copas,strong,186,copas,0.2,0.289662155577304,0.2396234687726387,0.33970084238196935,True
copas,strong,186,ubcma,0.2,0.21143834898145725,0.16034299033029242,0.262533707632622,True
copas,strong,186,adaptshrink,0.2,0.21272287515247965,0.080955697433304,0.3444900528716553,True
copas,strong,187,reml_hksj,0.2,0.26620807427216425,0.21506919850619163,0.3173469500381369,True
copas,strong,187,trim_and_fill,0.2,0.11411486738862998,0.0877532289881659,0.14047650578909407,True
copas,strong,187,pet_peese,0.2,0.20945105021606558,0.1606371844986042,0.25826491593352696,True
copas,strong,187,copas,0.2,0.2655018364710449,0.21705673303949705,0.3139469399025928,True
copas,strong,187,ubcma,0.2,0.1749120557425333,0.12265302340099968,0.22885822391430205,True
copas,strong,187,adaptshrink,0.2,0.1764627715440296,0.03565822292035156,0.31726732016770764,True
copas,strong,188,reml_hksj,0.2,0.3000554968879596,0.24571722262969548,0.3543937711462238,True
copas,strong,188,trim_and_fill,0.2,0.17506764918819145,0.1443983883890164,0.20573690998736652,True
copas,strong,188,pet_peese,0.2,0.26707196541433614,0.2111576559651864,0.32298627486348586,True
copas,strong,188,copas,0.2,0.2993512557456819,0.2551538028378022,0.3435487086535616,True
copas,strong,188,ubcma,0.2,0.2888677200976653,0.2069268630264437,0.35618161179005325,True
copas,strong,188,adaptshrink,0.2,0.2674798889982172,0.12338064815006913,0.41157912984636524,True
copas,strong,189,reml_hksj,0.2,0.2687020277296975,0.20745257380936954,0.3299514816500254,True
copas,strong,189,trim_and_fill,0.2,0.05193195120132205,0.02330639801580275,0.08055750438684135,True
copas,strong,189,pet_peese,0.2,0.30135767506285566,0.24310905908207012,0.3596062910436412,True
copas,strong,189,copas,0.2,0.26886580925377557,0.21046365338020107,0.32726796512735007,True
copas,strong,189,ubcma,0.2,0.2002583202150267,0.09771959234882308,0.2848492283718074,True
copas,strong,189,adaptshrink,0.2,0.2044880879326234,-0.08945934947476875,0.49843552534001556,True
copas,strong,190,reml_hksj,0.2,0.31988844135408273,0.2669329083987344,0.37284397430943106,True
copas,strong,190,trim_and_fill,0.2,0.167021325487852,0.1379069435636957,0.1961357074120083,True
copas,strong,190,pet_peese,0.2,0.3473111111240845,0.2911428361092594,0.40347938613890966,True
copas,strong,190,copas,0.2,0.3203466487921772,0.27049134379970463,0.3702019537846498,True
copas,strong,190,ubcma,0.2,0.30666727925477055,0.2401581520865248,0.37049882833428754,True
copas,strong,190,adaptshrink,0.2,0.3135468722079106,0.13439891894544923,0.492694825470372,True
copas,strong,191,reml_hksj,0.2,0.3045017144839599,0.24666786465408844,0.3623355643138314,True
copas,strong,191,trim_and_fill,0.2,0.13912932015209836,0.11300356519374297,0.16525507511045376,True
copas,strong,191,pet_peese,0.2,0.24653560845280553,0.20443606015126686,0.2886351567543442,True
copas,strong,191,copas,0.2,0.30358075607348756,0.2498099280452317,0.3573515841017434,True
copas,strong,191,ubcma,0.2,0.20184266786017566,0.11716206923960769,0.28337928724519734,True
copas,strong,191,adaptshrink,0.2,0.2042637219415988,0.016571596635877955,0.3919558472473197,True
copas,strong,192,reml_hksj,0.2,0.3261140891159806,0.25829588236940243,0.3939322958625588,True
copas,strong,192,trim_and_fill,0.2,0.1322130639869169,0.09833748690055955,0.16608864107327426,True
copas,strong,192,pet_peese,0.2,0.2457150736430342,0.18128758821934704,0.31014255906672134,True
copas,strong,192,copas,0.2,0.32508923612635077,0.2615545252264813,0.3886239470262202,True
copas,strong,192,ubcma,0.2,0.14664893161401016,0.06344646065386281,0.22454118300131842,True
copas,strong,192,adaptshrink,0.2,0.13935428526541005,0.026280833425733105,0.252427737105087,True
copas,strong,193,reml_hksj,0.2,0.2868951871306595,0.23335520121751724,0.3404351730438017,True
copas,strong,193,trim_and_fill,0.2,0.1293227932164788,0.10337984148126422,0.15526574495169337,True
copas,strong,193,pet_peese,0.2,0.25823400734590046,0.21374562123237364,0.3027223934594273,True
copas,strong,193,copas,0.2,0.2866051346047803,0.235703964694326,0.33750630451523467,True
copas,strong,193,ubcma,0.2,0.19104196490851647,0.13864529831310748,0.2447832131647539,True
copas,strong,193,adaptshrink,0.2,0.18986668528295686,0.026324674815844468,0.3534086957500693,True
copas,strong,194,reml_hksj,0.2,0.30346908505181547,0.23697236745977002,0.3699658026438609,True
copas,strong,194,trim_and_fill,0.2,0.1273408269039624,0.09662620696421957,0.15805544684370523,True
copas,strong,194,pet_peese,0.2,0.19845180158287498,0.14199921217695477,0.2549043909887952,True
copas,strong,194,copas,0.2,0.3027727071373392,0.24058758778013378,0.36495782649454467,True
copas,strong,194,ubcma,0.2,0.15742992960343355,0.0357853161726934,0.2516938094131865,True
copas,strong,194,adaptshrink,0.2,0.1512818772685361,0.006769133607703759,0.2957946209293684,True
copas,strong,195,reml_hksj,0.2,0.297727430331108,0.2407173197676743,0.3547375408945417,True
copas,strong,195,trim_and_fill,0.2,0.12660974399701366,0.09845191664670619,0.15476757134732114,True
copas,strong,195,pet_peese,0.2,0.19015107461171235,0.14103521991938048,0.23926692930404422,True
copas,strong,195,copas,0.2,0.29665652432998524,0.24250956483808517,0.3508034838218853,True
copas,strong,195,ubcma,0.2,0.19730422685461596,0.11070885846703282,0.28638516194117647,True
copas,strong,195,adaptshrink,0.2,0.18518060591044364,0.0646028018650219,0.30575840995586534,True
copas,strong,196,reml_hksj,0.2,0.33571918380132015,0.26112172487376856,0.41031664272887175,True
copas,strong,196,trim_and_fill,0.2,0.11745800440632213,0.08544109287319077,0.1494749159394535,True
copas,strong,196,pet_peese,0.2,0.2173828099080496,0.1569339763650585,0.2778316434510407,True
copas,strong,196,copas,0.2,0.3349685129353426,0.26408718961147526,0.4058498362592099,True
copas,strong,196,ubcma,0.2,0.24701045116770903,0.1229360433735614,0.36493923793063765,True
copas,strong,196,adaptshrink,0.2,0.21486550418591294,0.04780286962006991,0.38192813875175596,True
copas,strong,197,reml_hksj,0.2,0.30081772372216875,0.23655287051020316,0.3650825769341344,True
copas,strong,197,trim_and_fill,0.2,0.2198615977125327,0.18703719634223814,0.25268599908282724,True
copas,strong,197,pet_peese,0.2,0.3319381653622152,0.2803305499389014,0.38354578078552903,True
copas,strong,197,copas,0.2,0.3020166258622777,0.24937110435457463,0.3546621473699807,True
copas,strong,197,ubcma,0.2,0.24217515291061023,0.17750976940928268,0.3111811571198835,True
copas,strong,197,adaptshrink,0.2,0.2340258013274663,0.10599921392746817,0.3620523887274645,True
copas,strong,198,reml_hksj,0.2,0.2829539703575741,0.22852663086552183,0.33738130984962633,True
copas,strong,198,trim_and_fill,0.2,0.11735849154440202,0.09163482667993027,0.14308215640887378,True
copas,strong,198,pet_peese,0.2,0.2682828521964858,0.22213041862304686,0.3144352857699247,True
copas,strong,198,copas,0.2,0.28280988265976414,0.23128784193019736,0.33433192338933093,True
copas,strong,198,ubcma,0.2,0.19928026310203495,0.08915862124540036,0.3038601372403791,True
copas,strong,198,adaptshrink,0.2,0.20089897325579895,-0.05744978965803002,0.4592477361696279,True
copas,strong,199,reml_hksj,0.2,0.317489797049837,0.250989231363971,0.383990362735703,True
copas,strong,199,trim_and_fill,0.2,0.11640967564553195,0.09123444921883701,0.14158490207222688,True
copas,strong,199,pet_peese,0.2,0.26734148699823485,0.22215922315660375,0.31252375083986594,True
copas,strong,199,copas,0.2,0.3172008264280213,0.25400950218876045,0.3803921506672821,True
copas,strong,199,ubcma,0.2,0.18607405661653095,0.045362117889083425,0.2611008747948157,True
copas,strong,199,adaptshrink,0.2,0.18234932856451525,-0.07534885926396795,0.44004751639299844,True
copas,strong,200,reml_hksj,0.2,0.2987646691391118,0.23498734233201957,0.36254199594620407,True
copas,strong,200,trim_and_fill,0.2,0.16736941093433905,0.13614974869144858,0.1985890731772295,True
copas,strong,200,pet_peese,0.2,0.29296893622770454,0.2387049378554676,0.3472329345999415,True
copas,strong,200,copas,0.2,0.2986220159078574,0.23981191955363798,0.3574321122620769,True
copas,strong,200,ubcma,0.2,0.22065571748117216,0.11179514504355875,0.33236984366858735,True
copas,strong,200,adaptshrink,0.2,0.2142450444493793,-0.010981564166376745,0.43947165306513536,True
copas,strong,201,reml_hksj,0.2,0.29468507658015797,0.23958118621991023,0.34978896694040573,True
copas,strong,201,trim_and_fill,0.2,0.14765056160411313,0.11749663852549565,0.17780448468273063,True
copas,strong,201,pet_peese,0.2,0.2615804590151348,0.2064472131887235,0.31671370484154615,True
copas,strong,201,copas,0.2,0.29417935343046314,0.24197989651661417,0.3463788103443121,True
copas,strong,201,ubcma,0.2,0.18187241072842786,0.10234814410410589,0.2619832115872255,True
copas,strong,201,adaptshrink,0.2,0.17282245147197856,0.008879788760915358,0.3367651141830418,True
copas,strong,202,reml_hksj,0.2,0.2963955687258392,0.24605055927074249,0.34674057818093595,True
copas,strong,202,trim_and_fill,0.2,0.1489076907545524,0.12415209651393333,0.17366328499517147,True
copas,strong,202,pet_peese,0.2,0.2512294763453734,0.20700677946321333,0.2954521732275335,True
copas,strong,202,copas,0.2,0.29606267923618135,0.24810409687861826,0.34402126159374447,True
copas,strong,202,ubcma,0.2,0.2293158828071882,0.1249565037977462,0.3235517297869155,True
copas,strong,202,adaptshrink,0.2,0.2357706130295327,0.08184529962684656,0.38969592643221884,True
copas,strong,203,reml_hksj,0.2,0.30310154248626153,0.24352477815368653,0.3626783068188365,True
copas,strong,203,trim_and_fill,0.2,0.1315686465581207,0.10119252681391777,0.16194476630232363,True
copas,strong,203,pet_peese,0.2,0.055078518120502136,-0.05167452531128946,0.16183156155229372,True
copas,strong,203,copas,0.2,0.3021655298746346,0.24562771643445544,0.3587033433148137,True
copas,strong,203,ubcma,0.2,0.220401040188705,0.11559515476679363,0.3143796751003328,True
copas,strong,203,adaptshrink,0.2,0.13152641521115455,0.031054854906600204,0.2319979755157089,True
copas,strong,204,reml_hksj,0.2,0.2864965002551109,0.24138155250992677,0.3316114480002951,True
copas,strong,204,trim_and_fill,0.2,0.15737107678526133,0.1324627484660888,0.18227940510443386,True
copas,strong,204,pet_peese,0.2,0.2949314884724167,0.2517360402699663,0.33812693667486704,True
copas,strong,204,copas,0.2,0.28660434245502525,0.24408784721789628,0.3291208376921542,True
copas,strong,204,ubcma,0.2,0.24260548672872997,0.1849079245944888,0.29817065850690816,True
copas,strong,204,adaptshrink,0.2,0.24549980216916095,0.07520380869829171,0.4157957956400302,True
copas,strong,205,reml_hksj,0.2,0.26810689425170053,0.2152946939489561,0.32091909455444495,True
copas,strong,205,trim_and_fill,0.2,0.11328545967208131,0.08753839576711028,0.13903252357705234,True
copas,strong,205,pet_peese,0.2,0.27880377032281245,0.2294643835940794,0.3281431570515455,True
copas,strong,205,copas,0.2,0.2681910029132756,0.21817824787770004,0.31820375794885114,True
copas,strong,205,ubcma,0.2,0.2108774741745342,0.1272947832498656,0.3128373982021556,True
copas,strong,205,adaptshrink,0.2,0.21476872794007063,-0.03465953148363499,0.46419698736377624,True
copas,strong,206,reml_hksj,0.2,0.32319051854328174,0.2370894130283488,0.4092916240582147,True
copas,strong,206,trim_and_fill,0.2,0.07711292517143946,0.04670941789990102,0.1075164324429779,True
copas,strong,206,pet_peese,0.2,0.23904542447665467,0.18617125967277995,0.2919195892805294,True
copas,strong,206,copas,0.2,0.3226380517888963,0.2411705965539704,0.4041055070238222,True
copas,strong,206,ubcma,0.2,0.18886848248223675,0.0475232716754602,0.3532669386805365,True
copas,strong,206,adaptshrink,0.2,0.20099357139794724,-0.06475990350084163,0.46674704629673613,True
copas,strong,207,reml_hksj,0.2,0.2723865104352494,0.22517892471529657,0.31959409615520223,True
copas,strong,207,trim_and_fill,0.2,0.1676604249679915,0.13888120552906308,0.1964396444069199,True
copas,strong,207,pet_peese,0.2,0.20739426091260382,0.1587359836552033,0.25605253817000434,True
copas,strong,207,copas,0.2,0.2715153750128915,0.22656131298260787,0.31646943704317515,True
copas,strong,207,ubcma,0.2,0.18101224278774045,0.11831071379258387,0.26140440470300375,True
copas,strong,207,adaptshrink,0.2,0.17760705366927756,0.09337671982794186,0.26183738751061325,True
copas,strong,208,reml_hksj,0.2,0.3158218167312631,0.2583669477675461,0.37327668569498007,True
copas,strong,208,trim_and_fill,0.2,0.16574736983533037,0.1363068267850185,0.19518791288564225,True
copas,strong,208,pet_peese,0.2,0.2983103384252451,0.24088858505474567,0.3557320917957446,True
copas,strong,208,copas,0.2,0.3157130327770456,0.26114836958648757,0.3702776959676036,True
copas,strong,208,ubcma,0.2,0.26605726316450007,0.16691594402520799,0.3480534787496596,True
copas,strong,208,adaptshrink,0.2,0.2726835453263353,0.08282097602292793,0.4625461146297427,True
copas,strong,209,reml_hksj,0.2,0.3323847704101425,0.26475229362929,0.4000172471909951,True
copas,strong,209,trim_and_fill,0.2,0.13361724128002614,0.10137384289540075,0.16586063966465153,True
copas,strong,209,pet_peese,0.2,0.3403206285053636,0.2716384340196005,0.40900282299112667,True
copas,strong,209,copas,0.2,0.3323857120687265,0.2681509158016381,0.39662050833581497,True
copas,strong,209,ubcma,0.2,0.26209541189812763,0.1579973095996987,0.3640332422941248,True
copas,strong,209,adaptshrink,0.2,0.2674553415025248,-0.02018054488843135,0.555091227893481,True
copas,strong,210,reml_hksj,0.2,0.29378938769650986,0.23441811990767972,0.35316065548534004,True
copas,strong,210,trim_and_fill,0.2,0.13430000495347919,0.10861778192843757,0.1599822279785208,True
copas,strong,210,pet_peese,0.2,0.25255634224894524,0.2080042871681806,0.2971083973297099,True
copas,strong,210,copas,0.2,0.29341332381324364,0.23717504236950915,0.34965160525697814,True
copas,strong,210,ubcma,0.2,0.19096529269658089,0.05210022333200316,0.29122694509494396,True
copas,strong,210,adaptshrink,0.2,0.18787373479642286,-0.038939852960578086,0.4146873225534238,True
copas,strong,211,reml_hksj,0.2,0.2917899707671512,0.23824878512629183,0.34533115640801054,True
copas,strong,211,trim_and_fill,0.2,0.1307571771783024,0.10614386400748133,0.15537049034912348,True
copas,strong,211,pet_peese,0.2,0.23879439443622413,0.1967718847925719,0.28081690407987636,True
copas,strong,211,copas,0.2,0.29123184078844144,0.2404124375070424,0.3420512440698405,True
copas,strong,211,ubcma,0.2,0.21952627961522145,0.12870925365813873,0.3144444652334142,True
copas,strong,211,adaptshrink,0.2,0.2263745348679236,0.08289070858640427,0.3698583611494429,True
copas,strong,212,reml_hksj,0.2,0.337333842156705,0.2559193745428821,0.41874830977052785,True
copas,strong,212,trim_and_fill,0.2,0.14886090664138674,0.11652735096200519,0.1811944623207683,True
copas,strong,212,pet_peese,0.2,0.2234992901747286,0.16573553013395992,0.2812630502154973,True
copas,strong,212,copas,0.2,0.3365803565123631,0.2617578751903834,0.41140283783434284,True
copas,strong,212,ubcma,0.2,0.2061235396315163,0.06850310564458428,0.31976278648411743,True
copas,strong,212,adaptshrink,0.2,0.20519524846228113,0.0483949728039276,0.3619955241206346,True
copas,strong,213,reml_hksj,0.2,0.31247555694283313,0.2574042822238531,0.3675468316618132,True
copas,strong,213,trim_and_fill,0.2,0.15691951041325625,0.1286499882659488,0.18518903256056368,True
copas,strong,213,pet_peese,0.2,0.24304334671475805,0.19211350992646203,0.29397318350305407,True
copas,strong,213,copas,0.2,0.3118182730980782,0.2593809067668395,0.3642556394293169,True
copas,strong,213,ubcma,0.2,0.23508362551750192,0.15159298945218813,0.31803416043306704,True
copas,strong,213,adaptshrink,0.2,0.2343117981687587,0.10312750302092907,0.3654960933165883,True
copas,strong,214,reml_hksj,0.2,0.2946060156897028,0.24916104335164893,0.34005098802775663,True
copas,strong,214,trim_and_fill,0.2,0.1520240955111106,0.12769640804365945,0.17635178297856174,True
copas,strong,214,pet_peese,0.2,0.2718265618006929,0.22822497996250263,0.3154281436388832,True
copas,strong,214,copas,0.2,0.294198430290633,0.25115102093000197,0.337245839651264,True
copas,strong,214,ubcma,0.2,0.22501110403031763,0.15995529067869985,0.2898252239577188,True
copas,strong,214,adaptshrink,0.2,0.22781503036845036,0.05197428102167034,0.40365577971523037,True
copas,strong,215,reml_hksj,0.2,0.30322588171849013,0.23097505404713403,0.37547670938984623,True
copas,strong,215,trim_and_fill,0.2,0.11421048497230185,0.08736456561321686,0.14105640433138686,True
copas,strong,215,pet_peese,0.2,0.25703912106455246,0.2098052617371553,0.3042729803919496,True
copas,strong,215,copas,0.2,0.3026917058421976,0.23603137520902112,0.3693520364753741,True
copas,strong,215,ubcma,0.2,0.20988611823220024,0.14788165709652068,0.2693774705307943,True
copas,strong,215,adaptshrink,0.2,0.21425477566541404,0.03934551820791249,0.3891640331229156,True
copas,strong,216,reml_hksj,0.2,0.31992669789864453,0.2483735022522099,0.39147989354507917,True
copas,strong,216,trim_and_fill,0.2,0.12746630740700973,0.09524710263505881,0.15968551217896065,True
copas,strong,216,pet_peese,0.2,0.30500961097304347,0.24544633180397307,0.36457289014211386,True
copas,strong,216,copas,0.2,0.3197977219394838,0.25205009276186247,0.38754535111710514,True
copas,strong,216,ubcma,0.2,0.30151903748220826,0.10965521827062014,0.4523808384303343,True
copas,strong,216,adaptshrink,0.2,0.29992491735558796,0.12817275074928808,0.47167708396188784,True
copas,strong,217,reml_hksj,0.2,0.2805523101796123,0.230806325331475,0.3302982950277496,True
copas,strong,217,trim_and_fill,0.2,0.14986242533025323,0.1194914563466731,0.18023339431383337,True
copas,strong,217,pet_peese,0.2,0.2741355791674182,0.21540437427247341,0.33286678406236303,True
copas,strong,217,copas,0.2,0.2803787708074238,0.2342955918683209,0.32646194974652665,True
copas,strong,217,ubcma,0.2,0.23963894073110092,0.18587806874244267,0.2891415258295684,True
copas,strong,217,adaptshrink,0.2,0.2424350707607903,0.09691534250299061,0.38795479901859,True
copas,strong,218,reml_hksj,0.2,0.4032172897054511,0.34922121196784955,0.4572133674430527,True
copas,strong,218,trim_and_fill,0.2,0.30727573326466473,0.2763504515829981,0.33820101494633137,True
copas,strong,218,pet_peese,0.2,0.42490742017366817,0.3725998811192527,0.47721495922808366,True
copas,strong,218,copas,0.2,0.4036447922339003,0.35463379856911326,0.4526557858986874,True
copas,strong,218,ubcma,0.2,0.2944088377936244,0.21482394830918078,0.37343425529575214,True
copas,strong,218,adaptshrink,0.2,0.30747997053752807,0.21775947962694092,0.3972004614481152,True
copas,strong,219,reml_hksj,0.2,0.30488012740019615,0.250295692950368,0.3594645618500243,True
copas,strong,219,trim_and_fill,0.2,0.1656196877127181,0.13605243678611226,0.19518693863932393,True
copas,strong,219,pet_peese,0.2,0.2595917568171697,0.20540560895876858,0.3137779046755709,True
copas,strong,219,copas,0.2,0.30435722532024606,0.2526269880239216,0.35608746261657054,True
copas,strong,219,ubcma,0.2,0.30625169194984436,0.22064060224491686,0.39481647962841904,True
copas,strong,219,adaptshrink,0.2,0.2601131070863083,0.09793397549769495,0.42229223867492166,True
copas,strong,220,reml_hksj,0.2,0.2778868487191015,0.22748668526581026,0.32828701217239276,True
copas,strong,220,trim_and_fill,0.2,0.14450058307976438,0.11680224819189806,0.1721989179676307,True
copas,strong,220,pet_peese,0.2,0.2511258047395877,0.20202108261220314,0.3002305268669722,True
copas,strong,220,copas,0.2,0.27761688849185373,0.22999578824269662,0.32523798874101084,True
copas,strong,220,ubcma,0.2,0.26117682307119633,0.16863740700072688,0.3310571377413404,True
copas,strong,220,adaptshrink,0.2,0.24947192333336315,0.12124106454911518,0.3777027821176111,True
copas,strong,221,reml_hksj,0.2,0.31405874593717126,0.24677432654711096,0.38134316532723156,True
copas,strong,221,trim_and_fill,0.2,0.2087574144151953,0.18190227550586838,0.23561255332452222,True
copas,strong,221,pet_peese,0.2,0.3472699240738062,0.30325986714050723,0.39127998100710515,True
copas,strong,221,copas,0.2,0.3146492151895618,0.2547379618645085,0.3745604685146151,True
copas,strong,221,ubcma,0.2,0.16538296425973317,0.05836493601969654,0.271087384174614,True
copas,strong,221,adaptshrink,0.2,0.20840778002042057,0.12032885061762351,0.29648670942321764,True
copas,strong,222,reml_hksj,0.2,0.3418867009317739,0.29178467516028606,0.3919887267032618,True
copas,strong,222,trim_and_fill,0.2,0.20349476084560972,0.1729901472970477,0.23399937439417173,True
copas,strong,222,pet_peese,0.2,0.33544379890641035,0.2753105632080136,0.3955770346048071,True
copas,strong,222,copas,0.2,0.34143983641823966,0.29543701126316135,0.38744266157331797,True
copas,strong,222,ubcma,0.2,0.26689643150236614,0.19592095897680367,0.33192886514795694,True
copas,strong,222,adaptshrink,0.2,0.26470559436739727,0.07274507418734572,0.4566661145474488,True
copas,strong,223,reml_hksj,0.2,0.2651300854767691,0.21779936557804006,0.3124608053754981,True
copas,strong,223,trim_and_fill,0.2,0.12325876216002071,0.09398312261348825,0.1525344017065532,True
copas,strong,223,pet_peese,0.2,0.22338092016772912,0.16889799025507388,0.2778638500803844,True
copas,strong,223,copas,0.2,0.2644728719569838,0.2193981259470051,0.3095476179669625,True
copas,strong,223,ubcma,0.2,0.2160826476608921,0.15073316646324394,0.3032315090346731,True
copas,strong,223,adaptshrink,0.2,0.21524346282549453,0.08061492761150024,0.3498719980394888,True
copas,strong,224,reml_hksj,0.2,0.32112042176349775,0.24836612697619648,0.39387471655079903,True
copas,strong,224,trim_and_fill,0.2,0.11060508605791307,0.08033626996019522,0.14087390215563092,True
copas,strong,224,pet_peese,0.2,0.38726423415802397,0.3272985295376454,0.44722993877840256,True
copas,strong,224,copas,0.2,0.32146634916648104,0.25259423168787004,0.39033846664509203,True
copas,strong,224,ubcma,0.2,0.30402310834681096,0.1196414889392918,0.4390677954605018,True
copas,strong,224,adaptshrink,0.2,0.32192031754321543,-0.05395950550665546,0.6978001405930863,True
copas,strong,225,reml_hksj,0.2,0.30113906471700314,0.2366337829922599,0.36564434644174637,True
copas,strong,225,trim_and_fill,0.2,0.11330076470235914,0.08182715291206966,0.14477437649264863,True
copas,strong,225,pet_peese,0.2,0.2920396618053376,0.22831487099367104,0.3557644526170041,True
copas,strong,225,copas,0.2,0.3010207463560225,0.24160449872440407,0.36043699398764095,True
copas,strong,225,ubcma,0.2,0.25946702197715876,0.13275900119363163,0.36477843766795304,True
copas,strong,225,adaptshrink,0.2,0.27018897703949396,0.05313804962361235,0.48723990445537557,True
copas,strong,226,reml_hksj,0.2,0.32783465505481224,0.25405872759721776,0.4016105825124067,True
copas,strong,226,trim_and_fill,0.2,0.15422175662370266,0.11568984982325704,0.1927536634241483,True
copas,strong,226,pet_peese,0.2,0.21475424879809207,0.1391325235498469,0.29037597404633725,True
copas,strong,226,copas,0.2,0.32675735027569647,0.25886238168791253,0.3946523188634804,True
copas,strong,226,ubcma,0.2,0.23109612925938083,0.07405597345209464,0.3708380602665553,True
copas,strong,226,adaptshrink,0.2,0.20349490859049355,0.03834701297891707,0.36864280420207,True
copas,strong,227,reml_hksj,0.2,0.259008091090789,0.1974326797681375,0.32058350241344047,True
copas,strong,227,trim_and_fill,0.2,0.09282099844787169,0.06637068499376295,0.11927131190198043,True
copas,strong,227,pet_peese,0.2,0.18536995081191027,0.14075389003182623,0.2299860115919943,True
copas,strong,227,copas,0.2,0.25851530751255064,0.1997885051401645,0.3172421098849368,True
copas,strong,227,ubcma,0.2,0.1385554888670521,0.0437536118288682,0.20832934105103895,True
copas,strong,227,adaptshrink,0.2,0.13649330804004692,-0.0360075913639758,0.30899420744406964,True
copas,strong,228,reml_hksj,0.2,0.28569370653706655,0.22489326519129482,0.3464941478828383,True
copas,strong,228,trim_and_fill,0.2,0.08032410065913978,0.051844261410826646,0.1088039399074529,True
copas,strong,228,pet_peese,0.2,0.2082070088845417,0.15819799503738305,0.25821602273170036,True
copas,strong,228,copas,0.2,0.2851119720556262,0.22726648099661462,0.3429574631146378,True
copas,strong,228,ubcma,0.2,0.2723263776910239,0.13557772260970394,0.3705107296433251,True
copas,strong,228,adaptshrink,0.2,0.20855672735655278,0.04659011084344458,0.370523343869661,True
copas,strong,229,reml_hksj,0.2,0.3123387144317391,0.26406086664082745,0.36061656222265076,True
copas,strong,229,trim_and_fill,0.2,0.17991356015168106,0.15171497123792027,0.20811214906544184,True
copas,strong,229,pet_peese,0.2,0.2707764143312818,0.2208517708126626,0.320701057849901,True
copas,strong,229,copas,0.2,0.3113253931762287,0.26614659836191773,0.3565041879905397,True
copas,strong,229,ubcma,0.2,0.2141388453139857,0.14749936118273446,0.27822753579427995,True
copas,strong,229,adaptshrink,0.2,0.20875395226896448,0.062215061700478386,0.35529284283745055,True
copas,strong,230,reml_hksj,0.2,0.2685610793334479,0.22209801506761134,0.3150241435992845,True
copas,strong,230,trim_and_fill,0.2,0.1318123852378526,0.10883239376663909,0.15479237670906612,True
copas,strong,230,pet_peese,0.2,0.2454374646049768,0.20683783826828134,0.2840370909416723,True
copas,strong,230,copas,0.2,0.2682079202585523,0.22404072842816988,0.31237511208893465,True
copas,strong,230,ubcma,0.2,0.20975455106595853,0.12426911807605687,0.26703091057687034,True
copas,strong,230,adaptshrink,0.2,0.21564487326725693,0.04869526189623122,0.3825944846382826,True
copas,strong,231,reml_hksj,0.2,0.3187467118336326,0.25184887497731506,0.3856445486899502,True
copas,strong,231,trim_and_fill,0.2,0.1354525240350498,0.10696000705418769,0.16394504101591187,True
copas,strong,231,pet_peese,0.2,0.23945436579420912,0.18886815159312628,0.2900405799952919,True
copas,strong,231,copas,0.2,0.31808160160742477,0.25823333143617544,0.3779298717786741,True
copas,strong,231,ubcma,0.2,0.26090906945340303,0.17885484089771742,0.32892000710981606,True
copas,strong,231,adaptshrink,0.2,0.24026405778721058,0.10399479155329308,0.37653332402112805,True
copas,strong,232,reml_hksj,0.2,0.25979344430271645,0.20033111035735143,0.3192557782480815,True
copas,strong,232,trim_and_fill,0.2,0.08777832558600221,0.05887633576495206,0.11668031540705236,True
copas,strong,232,pet_peese,0.2,0.19146067068346048,0.13795246344488082,0.24496887792204014,True
copas,strong,232,copas,0.2,0.25919666710716477,0.20269312760727995,0.31570020660704956,True
copas,strong,232,ubcma,0.2,0.21289459070434005,0.10911658237736455,0.30629016318261415,True
copas,strong,232,adaptshrink,0.2,0.19016837938806602,0.04358653014765887,0.33675022862847315,True
copas,strong,233,reml_hksj,0.2,0.3450733766064736,0.27063174192338996,0.4195150112895572,True
copas,strong,233,trim_and_fill,0.2,0.06909473071926213,0.03573088337687658,0.10245857806164768,True
copas,strong,233,pet_peese,0.2,0.2392714466388225,0.17341692630046868,0.3051259669771763,True
copas,strong,233,copas,0.2,0.34451578965275703,0.2741693188240666,0.4148622604814475,True
copas,strong,233,ubcma,0.2,0.2041779053809148,0.07889817669873336,0.31373968073681946,True
copas,strong,233,adaptshrink,0.2,0.21420147604576767,-0.01078333424371461,0.4391862863352499,True
copas,strong,234,reml_hksj,0.2,0.26986993697009354,0.20434089515148043,0.3353989787887066,True
copas,strong,234,trim_and_fill,0.2,0.08418330026600024,0.05946447547552934,0.10890212505647114,True
copas,strong,234,pet_peese,0.2,0.23110379470121312,0.18914765405595896,0.2730599353464673,True
copas,strong,234,copas,0.2,0.2693483907338503,0.20724840689853127,0.3314483745691693,True
copas,strong,234,ubcma,0.2,0.16858142133815213,0.03431353150711408,0.3007507448117468,True
copas,strong,234,adaptshrink,0.2,0.173259664257984,-0.09576893747431481,0.4422882659902828,True
copas,strong,235,reml_hksj,0.2,0.2858459995726968,0.22746213444124344,0.3442298647041502,True
copas,strong,235,trim_and_fill,0.2,0.13171443065780197,0.10451772391429451,0.15891113740130944,True
copas,strong,235,pet_peese,0.2,0.25536136729731507,0.2081598111788239,0.30256292341580626,True
copas,strong,235,copas,0.2,0.28557037713448463,0.22991704999483484,0.3412237042741344,True
copas,strong,235,ubcma,0.2,0.20784205314047394,0.089850604160118,0.3230885174844276,True
copas,strong,235,adaptshrink,0.2,0.2128682593833021,-0.012099558495934942,0.43783607726253915,True
copas,strong,236,reml_hksj,0.2,0.3025607458910958,0.25078797846241263,0.3543335133197789,True
copas,strong,236,trim_and_fill,0.2,0.1607341813002908,0.1322258666787002,0.1892424959218814,True
copas,strong,236,pet_peese,0.2,0.2559851121208256,0.20474694841555596,0.3072232758260952,True
copas,strong,236,copas,0.2,0.30194683601448064,0.2529360714668642,0.35095760056209707,True
copas,strong,236,ubcma,0.2,0.19332892694671547,0.12860013395026793,0.25121097218014277,True
copas,strong,236,adaptshrink,0.2,0.18740442684288272,0.04555336270421076,0.3292554909815547,True
copas,strong,237,reml_hksj,0.2,0.386325920141169,0.3269201570501771,0.44573168323216095,True
copas,strong,237,trim_and_fill,0.2,0.21104522714407395,0.17973137092346209,0.2423590833646858,True
copas,strong,237,pet_peese,0.2,0.3281590497200828,0.2664883508603331,0.3898297485798325,True
copas,strong,237,copas,0.2,0.38593345867174106,0.3296506666506349,0.4422162506928472,True
copas,strong,237,ubcma,0.2,0.21234007774318214,0.1339381680712704,0.28852425419390193,True
copas,strong,237,adaptshrink,0.2,0.21299185154877065,0.12521602262894718,0.30076768046859415,True
copas,strong,238,reml_hksj,0.2,0.33900756993119313,0.2759956947201427,0.4020194451422436,True
copas,strong,238,trim_and_fill,0.2,0.1778040953272916,0.15109929736769778,0.20450889328688543,True
copas,strong,238,pet_peese,0.2,0.3173852452633001,0.27119958185446413,0.36357090867213604,True
copas,strong,238,copas,0.2,0.3389188645642441,0.27886091886981035,0.3989768102586778,True
copas,strong,238,ubcma,0.2,0.29494389682230293,0.14165723191953625,0.4062189778750789,True
copas,strong,238,adaptshrink,0.2,0.3052773167041371,0.13615010201398883,0.4744045313942854,True
copas,strong,239,reml_hksj,0.2,0.33898150088494033,0.2862775667005257,0.391685435069355,True
copas,strong,239,trim_and_fill,0.2,0.16623286463169906,0.13551373840061762,0.1969519908627805,True
copas,strong,239,pet_peese,0.2,0.34434064233536454,0.28047607245257455,0.40820521221815453,True
copas,strong,239,copas,0.2,0.33910748094357135,0.2893097832785629,0.3889051786085798,True
copas,strong,239,ubcma,0.2,0.2290439689626595,0.15394731575465295,0.30214204191230265,True
copas,strong,239,adaptshrink,0.2,0.22214299336049317,0.006468479419831363,0.437817507301155,True
copas,strong,240,reml_hksj,0.2,0.2970946794809564,0.23444774813529126,0.3597416108266216,True
copas,strong,240,trim_and_fill,0.2,0.13127718917886272,0.10588234541580575,0.15667203294191967,True
copas,strong,240,pet_peese,0.2,0.3048708777941738,0.2610967804552312,0.34864497513311643,True
copas,strong,240,copas,0.2,0.29716731611840025,0.23776467098182383,0.35656996125497664,True
copas,strong,240,ubcma,0.2,0.21680514879746252,0.0998777850951501,0.31596514664701414,True
copas,strong,240,adaptshrink,0.2,0.21550208436502113,-0.06590069627391645,0.4969048650039587,True
copas,strong,241,reml_hksj,0.2,0.29848116714740974,0.26071982500025004,0.33624250929456945,True
copas,strong,241,trim_and_fill,0.2,0.18769949582411896,0.16265174266183446,0.21274724898640346,True
copas,strong,241,pet_peese,0.2,0.2892598611017116,0.24370650462404958,0.3348132175793736,True
copas,strong,241,copas,0.2,0.2982036591148674,0.26298036020368576,0.33342695802604905,True
copas,strong,241,ubcma,0.2,0.27162224915578315,0.20444453864423873,0.33847045526261127,True
copas,strong,241,adaptshrink,0.2,0.27580567713514864,0.14370792829609857,0.4079034259741987,True
copas,strong,242,reml_hksj,0.2,0.24927786094043175,0.19043062168188177,0.30812510019898176,True
copas,strong,242,trim_and_fill,0.2,0.09566340889651569,0.06769894105585332,0.12362787673717805,True
copas,strong,242,pet_peese,0.2,0.21930751692948378,0.1683821658046498,0.27023286805431773,True
copas,strong,242,copas,0.2,0.24912140821264317,0.19317129557189983,0.3050715208533865,True
copas,strong,242,ubcma,0.2,0.13890017013354444,0.06278783799077944,0.1993489354012756,True
copas,strong,242,adaptshrink,0.2,0.1322654836592371,-0.041355414718170586,0.30588638203664476,True
copas,strong,243,reml_hksj,0.2,0.27920317317409077,0.22976574949087233,0.3286405968573092,True
copas,strong,243,trim_and_fill,0.2,0.12950650326946636,0.10154459844971479,0.15746840808921794,True
copas,strong,243,pet_peese,0.2,0.30712910948884165,0.2545689508617526,0.3596892681159307,True
copas,strong,243,copas,0.2,0.27970279721238744,0.23287782949062485,0.32652776493415003,True
copas,strong,243,ubcma,0.2,0.2629218406368678,0.15715940055892302,0.3351352365419395,True
copas,strong,243,adaptshrink,0.2,0.27289793963551,0.058569162693089566,0.4872267165779305,True
copas,strong,244,reml_hksj,0.2,0.28983187001249816,0.2268125683023985,0.35285117172259783,True
copas,strong,244,trim_and_fill,0.2,0.07616124925020609,0.051814650937551325,0.10050784756286085,True
copas,strong,244,pet_peese,0.2,0.23052797298779468,0.18968817872696672,0.27136776724862266,True
copas,strong,244,copas,0.2,0.2894326341680678,0.22957506456728952,0.34929020376884606,True
copas,strong,244,ubcma,0.2,0.1503340105576804,0.08206858808219829,0.21448848691998929,True
copas,strong,244,adaptshrink,0.2,0.1491385413730618,-0.05317801259348512,0.3514550953396087,True
copas,strong,245,reml_hksj,0.2,0.33911570444460165,0.26682896485301033,0.41140244403619297,True
copas,strong,245,trim_and_fill,0.2,0.09386770702765179,0.06827752416904274,0.11945788988626084,True
copas,strong,245,pet_peese,0.2,0.25307362090638186,0.2105232210014972,0.2956240208112665,True
copas,strong,245,copas,0.2,0.3384691803333373,0.2696601551598348,0.40727820550683974,True
copas,strong,245,ubcma,0.2,0.2083420358869112,0.14304675230031846,0.26868758224647227,True
copas,strong,245,adaptshrink,0.2,0.21485870046541655,0.0378921614775701,0.391825239453263,True
copas,strong,246,reml_hksj,0.2,0.2706717754661535,0.22315064274968133,0.3181929081826257,True
copas,strong,246,trim_and_fill,0.2,0.13258844433153094,0.10666907241749261,0.15850781624556926,True
copas,strong,246,pet_peese,0.2,0.22504814869680728,0.17455200094689155,0.275544296446723,True
copas,strong,246,copas,0.2,0.27006630501297757,0.22542134418415732,0.3147112658417978,True
copas,strong,246,ubcma,0.2,0.23524913207333475,0.1817358695497288,0.29010127215812564,True
copas,strong,246,adaptshrink,0.2,0.22546274743191605,0.10964731340618389,0.3412781814576482,True
copas,strong,247,reml_hksj,0.2,0.26506495810724423,0.20508735673876619,0.3250425594757223,True
copas,strong,247,trim_and_fill,0.2,0.1000825269864913,0.07357110655627169,0.1265939474167109,True
copas,strong,247,pet_peese,0.2,0.23102352918080582,0.18577992243186092,0.2762671359297507,True
copas,strong,247,copas,0.2,0.26469356542999045,0.20788554609211485,0.32150158476786606,True
copas,strong,247,ubcma,0.2,0.17159281295111578,0.050019820925847114,0.2534167223663836,True
copas,strong,247,adaptshrink,0.2,0.17298149969662388,-0.05889813470776023,0.404861134101008,True
copas,strong,248,reml_hksj,0.2,0.38665601663500154,0.3168439844772861,0.45646804879271696,True
copas,strong,248,trim_and_fill,0.2,0.19785983926939066,0.16819893922643148,0.22752073931234984,True
copas,strong,248,pet_peese,0.2,0.38680759237202117,0.33058635668140923,0.4430288280626331,True
copas,strong,248,copas,0.2,0.3865266585239871,0.3203368238771979,0.4527164931707763,True
copas,strong,248,ubcma,0.2,0.2200888576506162,0.1340784879621998,0.3200495100297867,True
copas,strong,248,adaptshrink,0.2,0.20670940581542668,0.07310005441432549,0.3403187572165279,True
copas,strong,249,reml_hksj,0.2,0.24028468028490554,0.18136795992047616,0.2992014006493349,True
copas,strong,249,trim_and_fill,0.2,0.0492504404904853,0.020186544101136676,0.07831433687983391,True
copas,strong,249,pet_peese,0.2,0.1941093963425917,0.14371051816820735,0.24450827451697604,True
copas,strong,249,copas,0.2,0.23959838004702871,0.1839016558288917,0.29529510426516575,True
copas,strong,249,ubcma,0.2,0.18653216791490732,0.07863011166840506,0.29857164505452166,True
copas,strong,249,adaptshrink,0.2,0.18843021642722965,0.04456520325837349,0.3322952295960858,True
copas,strong,250,reml_hksj,0.2,0.33013238278122115,0.2624433516805238,0.3978214138819185,True
copas,strong,250,trim_and_fill,0.2,0.1946285388195826,0.16417259155822836,0.22508448608093687,True
copas,strong,250,pet_peese,0.2,0.3689649731620788,0.3173637631945929,0.42056618312956473,True
copas,strong,250,copas,0.2,0.3304693084564943,0.26666401410668017,0.39427460280630844,True
copas,strong,250,ubcma,0.2,0.2602230476076221,0.16278146672208732,0.3546180915236043,True
copas,strong,250,adaptshrink,0.2,0.2522114492085429,0.0007920625992379748,0.5036308358178478,True
copas,strong,251,reml_hksj,0.2,0.3032571193798065,0.23230094932567463,0.37421328943393833,True
copas,strong,251,trim_and_fill,0.2,0.15028102788424644,0.1164342424156403,0.18412781335285258,True
copas,strong,251,pet_peese,0.2,0.1868300601811045,0.12789265152885548,0.24576746883335354,True
copas,strong,251,copas,0.2,0.3013999101288649,0.23674069387732105,0.3660591263804088,True
copas,strong,251,ubcma,0.2,0.16029642454875903,0.08261993839258565,0.23628371766585832,True
copas,strong,251,adaptshrink,0.2,0.15801370660010397,0.07432353675766201,0.24170387644254593,True
copas,strong,252,reml_hksj,0.2,0.292514959667189,0.24987425677500943,0.3351556625593686,True
copas,strong,252,trim_and_fill,0.2,0.1624599759916464,0.13655597238246692,0.1883639796008259,True
copas,strong,252,pet_peese,0.2,0.28042325992293327,0.23091888321157666,0.32992763663428987,True
copas,strong,252,copas,0.2,0.29244506763022005,0.25169240702260437,0.3331977282378357,True
copas,strong,252,ubcma,0.2,0.23422326654881914,0.18515345526756252,0.2831254610537094,True
copas,strong,252,adaptshrink,0.2,0.23570590263877125,0.08841852432229738,0.3829932809552451,True
copas,strong,253,reml_hksj,0.2,0.3585620228275614,0.29588515389769804,0.42123889175742474,True
copas,strong,253,trim_and_fill,0.2,0.22420965141029284,0.1902353026623348,0.2581840001582509,True
copas,strong,253,pet_peese,0.2,0.30592669428900165,0.24699260871747009,0.3648607798605332,True
copas,strong,253,copas,0.2,0.3571509645354399,0.29969625395929245,0.4146056751115873,True
copas,strong,253,ubcma,0.2,0.258682155664582,0.0869862728324109,0.36107009007160484,True
copas,strong,253,adaptshrink,0.2,0.25191285083775616,0.08415904764665638,0.41966665402885595,True
copas,strong,254,reml_hksj,0.2,0.33228151988179666,0.2742732563790252,0.3902897833845681,True
copas,strong,254,trim_and_fill,0.2,0.17765070738168431,0.15112867086930537,0.20417274389406326,True
copas,strong,254,pet_peese,0.2,0.30704597581204496,0.2599270078455076,0.3541649437785823,True
copas,strong,254,copas,0.2,0.3320727430658339,0.2769577828010791,0.3871877033305887,True
copas,strong,254,ubcma,0.2,0.21291895569222016,0.0978253886854332,0.3115644654862769,True
copas,strong,254,adaptshrink,0.2,0.2000221419921253,0.020097348310985197,0.37994693567326543,True
copas,strong,255,reml_hksj,0.2,0.3343664431690947,0.271524174488044,0.3972087118501454,True
copas,strong,255,trim_and_fill,0.2,0.14747780444295325,0.11740442285075547,0.17755118603515102,True
copas,strong,255,pet_peese,0.2,0.28898023818737695,0.23553146946060002,0.3424290069141539,True
copas,strong,255,copas,0.2,0.3334564368795644,0.2741109402426748,0.392801933516454,True
copas,strong,255,ubcma,0.2,0.22037142429224085,0.1189691889783541,0.3104792240166962,True
copas,strong,255,adaptshrink,0.2,0.21966902846679812,-0.018489272814075614,0.4578273297476718,True
copas,strong,256,reml_hksj,0.2,0.2684716647071912,0.21456100347716034,0.32238232593722205,True
copas,strong,256,trim_and_fill,0.2,0.10513292435248531,0.07518938990926555,0.13507645879570507,True
copas,strong,256,pet_peese,0.2,0.21018114602484583,0.15231471420566994,0.2680475778440217,True
copas,strong,256,copas,0.2,0.26786091515140076,0.2169554722691164,0.31876635803368514,True
copas,strong,256,ubcma,0.2,0.22325674118906752,0.13959300890401002,0.29779175515166945,True
copas,strong,256,adaptshrink,0.2,0.20903309155539426,0.06549285239579947,0.3525733307149891,True
copas,strong,257,reml_hksj,0.2,0.3211297579176668,0.26795185893204165,0.37430765690329193,True
copas,strong,257,trim_and_fill,0.2,0.16337808003810433,0.13546097890455758,0.1912951811716511,True
copas,strong,257,pet_peese,0.2,0.3187714218276855,0.2640702532099544,0.37347259044541653,True
copas,strong,257,copas,0.2,0.3211577452638632,0.2705871408285522,0.37172834969917423,True
copas,strong,257,ubcma,0.2,0.23669018114796184,0.1524479090686947,0.3282343516097015,True
copas,strong,257,adaptshrink,0.2,0.23394356277877293,-0.004825802330174878,0.47271292788772074,True
copas,strong,258,reml_hksj,0.2,0.3338592159142829,0.2892933986359679,0.3784250331925979,True
copas,strong,258,trim_and_fill,0.2,0.20400321148800224,0.17729327646450854,0.23071314651149594,True
copas,strong,258,pet_peese,0.2,0.30975057596580546,0.2596902546079987,0.3598108973236122,True
copas,strong,258,copas,0.2,0.33292226097452793,0.2955543688957131,0.37029015305334273,True
copas,strong,258,ubcma,0.2,0.27513363501084087,0.21771277652618445,0.32954862869414503,True
copas,strong,258,adaptshrink,0.2,0.2777586836584078,0.1295127263589366,0.42600464095787893,True
copas,strong,259,reml_hksj,0.2,0.27069384863131135,0.20510177329166865,0.336285923970954,True
copas,strong,259,trim_and_fill,0.2,0.07342475208119818,0.043459356316986886,0.10339014784540948,True
copas,strong,259,pet_peese,0.2,0.22791153688822274,0.1743645673223955,0.28145850645405,True
copas,strong,259,copas,0.2,0.27032386596192537,0.20810753761216744,0.3325401943116833,True
copas,strong,259,ubcma,0.2,0.2097066497000158,0.053278569078602414,0.3334681661490426,True
copas,strong,259,adaptshrink,0.2,0.21790238768804407,0.043696059623610284,0.39210871575247785,True
copas,strong,260,reml_hksj,0.2,0.3181593629700883,0.2650584977187916,0.371260228221385,True
copas,strong,260,trim_and_fill,0.2,0.17567541430969225,0.1460897688723768,0.2052610597470077,True
copas,strong,260,pet_peese,0.2,0.28972841220977313,0.23675384578877773,0.34270297863076854,True
copas,strong,260,copas,0.2,0.31784978206857323,0.267797642651345,0.3679019214858015,True
copas,strong,260,ubcma,0.2,0.2540821842589281,0.19721073944203357,0.31209965315273736,True
copas,strong,260,adaptshrink,0.2,0.25711093463487456,0.10334971836629411,0.41087215090345497,True
copas,strong,261,reml_hksj,0.2,0.3191037780741068,0.2701393164183729,0.36806823972984065,True
copas,strong,261,trim_and_fill,0.2,0.16429799116138888,0.14086199442131564,0.18773398790146212,True
copas,strong,261,pet_peese,0.2,0.2979597671612258,0.2580036666271214,0.3379158676953302,True
copas,strong,261,copas,0.2,0.31885441461612035,0.2723875915485816,0.3653212376836591,True
copas,strong,261,ubcma,0.2,0.24754642634132565,0.18410516543865135,0.30616443994054704,True
copas,strong,261,adaptshrink,0.2,0.25104020962234297,0.07473875427014556,0.4273416649745404,True
copas,strong,262,reml_hksj,0.2,0.2525312486854282,0.19848804650631194,0.30657445086454443,True
copas,strong,262,trim_and_fill,0.2,0.1359463046458862,0.10351901736698083,0.16837359192479157,True
copas,strong,262,pet_peese,0.2,0.2178494804232367,0.1591214711067504,0.276577489739723,True
copas,strong,262,copas,0.2,0.25202035531133177,0.20086929209995052,0.303171418522713,True
copas,strong,262,ubcma,0.2,0.20470155781474422,0.13174586180327097,0.27164235618185,True
copas,strong,262,adaptshrink,0.2,0.20393633838800818,0.06753940573778766,0.3403332710382287,True
copas,strong,263,reml_hksj,0.2,0.3273027034880267,0.26203741765710387,0.39256798931894954,True
copas,strong,263,trim_and_fill,0.2,0.1541144688850415,0.11953149062291617,0.1886974471471668,True
copas,strong,263,pet_peese,0.2,0.3094033617046398,0.23620900535640293,0.3825977180528766,True
copas,strong,263,copas,0.2,0.3271400919825124,0.26532681869797936,0.3889533652670455,True
copas,strong,263,ubcma,0.2,0.2139814147787906,0.10533825670877311,0.3079272662997512,True
copas,strong,263,adaptshrink,0.2,0.20533417879162416,-0.03647187007294048,0.44714022765618877,True
copas,strong,264,reml_hksj,0.2,0.30024052300197873,0.23326188673165538,0.3672191592723021,True
copas,strong,264,trim_and_fill,0.2,0.1058304577856017,0.0769760666476773,0.13468484892352608,True
copas,strong,264,pet_peese,0.2,0.2368800492876469,0.18488182597353606,0.2888782726017577,True
copas,strong,264,copas,0.2,0.29996199342191565,0.23690974888538963,0.3630142379584417,True
copas,strong,264,ubcma,0.2,0.19873774008395706,0.11584620883488875,0.2749582835000389,True
copas,strong,264,adaptshrink,0.2,0.20479707929542829,0.017211861084296204,0.3923822975065604,True
copas,strong,265,reml_hksj,0.2,0.2797794861748061,0.23124057582893767,0.32831839652067446,True
copas,strong,265,trim_and_fill,0.2,0.18444319294104758,0.15510610370070682,0.21378028218138834,True
copas,strong,265,pet_peese,0.2,0.24545633454740287,0.19320147369163265,0.2977111954031731,True
copas,strong,265,copas,0.2,0.2789453222833932,0.23361956379586124,0.32427108077092515,True
copas,strong,265,ubcma,0.2,0.28348059183852187,0.2104688955131162,0.3560402033569591,True
copas,strong,265,adaptshrink,0.2,0.24446373621454132,0.10083534169927313,0.3880921307298095,True
copas,strong,266,reml_hksj,0.2,0.3100899622147148,0.2550898984220852,0.3650900260073444,True
copas,strong,266,trim_and_fill,0.2,0.1722572215592641,0.14460225276033348,0.1999121903581947,True
copas,strong,266,pet_peese,0.2,0.35149227431146485,0.3006106661902279,0.4023738824327018,True
copas,strong,266,copas,0.2,0.3104774612831859,0.2581792578002057,0.3627756647661661,True
copas,strong,266,ubcma,0.2,0.29781167349875537,0.19451170245550542,0.3891031934828164,True
copas,strong,266,adaptshrink,0.2,0.30745875938669626,0.06699169830458826,0.5479258204688042,True
copas,strong,267,reml_hksj,0.2,0.2955818096619885,0.24329469361513184,0.34786892570884514,True
copas,strong,267,trim_and_fill,0.2,0.1618407353185461,0.13262694153825366,0.19105452909883852,True
copas,strong,267,pet_peese,0.2,0.23006255713855828,0.17884368871161163,0.28128142556550495,True
copas,strong,267,copas,0.2,0.29445069638259175,0.24528825126943796,0.3436131414957455,True
copas,strong,267,ubcma,0.2,0.22717435752258308,0.15662707969770506,0.2859560958535401,True
copas,strong,267,adaptshrink,0.2,0.22316718788040046,0.10867509959307203,0.3376592761677289,True
copas,strong,268,reml_hksj,0.2,0.30756303548892167,0.26553715233047903,0.3495889186473643,True
copas,strong,268,trim_and_fill,0.2,0.21450430211697835,0.18805646624749314,0.24095213798646356,True
copas,strong,268,pet_peese,0.2,0.31409376554920393,0.2687267058851062,0.35946082521330164,True
copas,strong,268,copas,0.2,0.30779017930741626,0.26781215611871517,0.34776820249611734,True
copas,strong,268,ubcma,0.2,0.24002469818634942,0.18253052994505772,0.29624027113687845,True
copas,strong,268,adaptshrink,0.2,0.23285153777541515,0.10846661324455062,0.3572364623062797,True
copas,strong,269,reml_hksj,0.2,0.3344362713925137,0.2787888926742413,0.3900836501107861,True
copas,strong,269,trim_and_fill,0.2,0.1840381825210187,0.15912157330148705,0.20895479174055034,True
copas,strong,269,pet_peese,0.2,0.29560912905300435,0.25156709857384174,0.33965115953216696,True
copas,strong,269,copas,0.2,0.33400237696362256,0.2818408868596695,0.3861638670675756,True
copas,strong,269,ubcma,0.2,0.2600532451183078,0.17860932784593866,0.327492150724886,True
copas,strong,269,adaptshrink,0.2,0.2651697455216066,0.09422606562764069,0.4361134254155725,True
copas,strong,270,reml_hksj,0.2,0.2996780122300603,0.2452230121561355,0.3541330123039851,True
copas,strong,270,trim_and_fill,0.2,0.1535163271413864,0.1293089261844761,0.17772372809829673,True
copas,strong,270,pet_peese,0.2,0.2561819719752655,0.2168904260680262,0.2954735178825048,True
copas,strong,270,copas,0.2,0.2990977411375018,0.24760952956785684,0.35058595270714676,True
copas,strong,270,ubcma,0.2,0.13326382451759344,0.07514675600625963,0.1933548235074311,True
copas,strong,270,adaptshrink,0.2,0.15271065712418447,0.0781158288081828,0.22730548544018614,True
copas,strong,271,reml_hksj,0.2,0.3334436584262616,0.2742858211528709,0.3926014956996523,True
copas,strong,271,trim_and_fill,0.2,0.17704926404488666,0.14582806855247943,0.2082704595372939,True
copas,strong,271,pet_peese,0.2,0.2570516928191372,0.19988034615721523,0.3142230394810592,True
copas,strong,271,copas,0.2,0.33222364693172063,0.27649375891497885,0.3879535349484624,True
copas,strong,271,ubcma,0.2,0.24601917211560137,0.17885653172774185,0.31388272712547355,True
copas,strong,271,adaptshrink,0.2,0.24484978899974078,0.11389564475980038,0.3758039332396812,True
copas,strong,272,reml_hksj,0.2,0.300733803371795,0.23558210675846336,0.36588549998512665,True
copas,strong,272,trim_and_fill,0.2,0.09796272568327341,0.06781012968485799,0.12811532168168885,True
copas,strong,272,pet_peese,0.2,0.3276506115024875,0.2664625952144655,0.38883862779050943,True
copas,strong,272,copas,0.2,0.300811713832736,0.23920970257844942,0.36241372508702263,True
copas,strong,272,ubcma,0.2,0.23355528105800868,0.12009117713581452,0.3497874159031217,True
copas,strong,272,adaptshrink,0.2,0.23868726225096085,-0.08656337172930348,0.5639378962312251,True
copas,strong,273,reml_hksj,0.2,0.3475348603917469,0.2572854462964275,0.4377842744870663,True
copas,strong,273,trim_and_fill,0.2,0.03717706796688084,0.00878541828689345,0.06556871764686822,True
copas,strong,273,pet_peese,0.2,0.18310828938756882,0.13564742425278828,0.23056915452234936,True
copas,strong,273,copas,0.2,0.34689708394801244,0.2612405856091746,0.43255358228685026,True
copas,strong,273,ubcma,0.2,0.13233610521521566,-0.012859241454055304,0.2650107567605581,True
copas,strong,273,adaptshrink,0.2,0.14160634316986126,-0.11150546469502232,0.39471815103474484,True
copas,strong,274,reml_hksj,0.2,0.3238089407987372,0.27294480068937765,0.3746730809080967,True
copas,strong,274,trim_and_fill,0.2,0.2026497365344889,0.17428666085641464,0.23101281221256315,True
copas,strong,274,pet_peese,0.2,0.3154095803244724,0.26091186844225556,0.3699072922066893,True
copas,strong,274,copas,0.2,0.3236800835145453,0.27551039154920076,0.37184977547988984,True
copas,strong,274,ubcma,0.2,0.25886537908579754,0.18786680968425207,0.33940700448655514,True
copas,strong,274,adaptshrink,0.2,0.2568603383090316,0.06812443189178005,0.4455962447262831,True
copas,strong,275,reml_hksj,0.2,0.283108447590272,0.22636722661195174,0.3398496685685922,True
copas,strong,275,trim_and_fill,0.2,0.13989051553450424,0.11050397269775371,0.16927705837125476,True
copas,strong,275,pet_peese,0.2,0.20817467641364343,0.15836533289089383,0.257984019936393,True
copas,strong,275,copas,0.2,0.28204989406159464,0.22856259908656706,0.3355371890366222,True
copas,strong,275,ubcma,0.2,0.20405946839657174,0.1335903872656517,0.2745285495274918,True
copas,strong,275,adaptshrink,0.2,0.2006495063036316,0.08414254669612611,0.3171564659111371,True
copas,strong,276,reml_hksj,0.2,0.26140961508967697,0.2075274685289516,0.31529176165040235,True
copas,strong,276,trim_and_fill,0.2,0.0885873819356443,0.06209132767035873,0.11508343620092988,True
copas,strong,276,pet_peese,0.2,0.19806553922769332,0.14983228146586242,0.24629879698952423,True
copas,strong,276,copas,0.2,0.2608209895126068,0.20973566071993524,0.3119063183052784,True
copas,strong,276,ubcma,0.2,0.15578109549766556,0.09210333911386534,0.21928756000148245,True
copas,strong,276,adaptshrink,0.2,0.15790836694778657,-0.008844453189999435,0.32466118708557257,True
copas,strong,277,reml_hksj,0.2,0.2571519835157164,0.1945934100709038,0.31971055696052897,True
copas,strong,277,trim_and_fill,0.2,0.12373866422156905,0.0959792236539709,0.1514981047891672,True
copas,strong,277,pet_peese,0.2,0.22990948133691963,0.1812162423525778,0.2786027203212615,True
copas,strong,277,copas,0.2,0.2568900736797846,0.20136254888828484,0.31241759847128436,True
copas,strong,277,ubcma,0.2,0.19131893976040845,0.11687161072888388,0.26820288505479994,True
copas,strong,277,adaptshrink,0.2,0.19437737590904455,0.01882667517529721,0.3699280766427919,True
copas,strong,278,reml_hksj,0.2,0.33164672896652975,0.2735350854716912,0.3897583724613683,True
copas,strong,278,trim_and_fill,0.2,0.1447983945989192,0.11873415202745843,0.17086263717037994,True
copas,strong,278,pet_peese,0.2,0.290214799141277,0.24298656873401908,0.33744302954853495,True
copas,strong,278,copas,0.2,0.3314282516956332,0.2761133551048253,0.38674314828644113,True
copas,strong,278,ubcma,0.2,0.26964138185093545,0.2036878322178739,0.33743744334676185,True
copas,strong,278,adaptshrink,0.2,0.2761950048174155,0.1346451199787985,0.4177448896560325,True
copas,strong,279,reml_hksj,0.2,0.297566928940276,0.2387781310112589,0.35635572686929307,True
copas,strong,279,trim_and_fill,0.2,0.1342150417894649,0.10660284243316115,0.16182724114576863,True
copas,strong,279,pet_peese,0.2,0.3151866483942462,0.26418545692893275,0.36618783985955966,True
copas,strong,279,copas,0.2,0.2976685128289208,0.2416954706024454,0.35364155505539624,True
copas,strong,279,ubcma,0.2,0.2620169834013962,0.09974669642801265,0.35456846777991835,True
copas,strong,279,adaptshrink,0.2,0.2747941499807656,0.010262500995263268,0.539325798966268,True
copas,strong,280,reml_hksj,0.2,0.3529414439271296,0.2878054919966472,0.41807739585761206,True
copas,strong,280,trim_and_fill,0.2,0.1475301613310761,0.12301212831028578,0.1720481943518664,True
copas,strong,280,pet_peese,0.2,0.2402299420618582,0.2000720954436891,0.2803877886800273,True
copas,strong,280,copas,0.2,0.35197371308870284,0.29027034396918094,0.41367708220822474,True
copas,strong,280,ubcma,0.2,0.1628240127475761,0.10047029542138285,0.235293317652384,True
copas,strong,280,adaptshrink,0.2,0.1552169232710108,0.05701827725803042,0.25341556928399117,True
copas,strong,281,reml_hksj,0.2,0.32240355907830276,0.25068487355129454,0.394122244605311,True
copas,strong,281,trim_and_fill,0.2,0.1627997448382531,0.12944648582578452,0.19615300385072168,True
copas,strong,281,pet_peese,0.2,0.30638998757644065,0.24223044426686696,0.37054953088601433,True
copas,strong,281,copas,0.2,0.3223022256366096,0.25430695967033135,0.39029749160288785,True
copas,strong,281,ubcma,0.2,0.24769791123789314,0.13601743068821515,0.3765679937694094,True
copas,strong,281,adaptshrink,0.2,0.2503925771516859,-0.008194231706504018,0.5089793860098758,True
copas,strong,282,reml_hksj,0.2,0.31763729921980605,0.25774761907730026,0.37752697936231183,True
copas,strong,282,trim_and_fill,0.2,0.133379915285647,0.10482869188629157,0.16193113868500242,True
copas,strong,282,pet_peese,0.2,0.25511334803929203,0.20607233618020426,0.3041543598983798,True
copas,strong,282,copas,0.2,0.31712760460113576,0.26013702902444114,0.3741181801778304,True
copas,strong,282,ubcma,0.2,0.208859370782953,0.13106823137161105,0.2960351302060712,True
copas,strong,282,adaptshrink,0.2,0.21246745367178022,0.014495147401873437,0.410439759941687,True
copas,strong,283,reml_hksj,0.2,0.335011425320475,0.27938233286625924,0.3906405177746908,True
copas,strong,283,trim_and_fill,0.2,0.1665844495988568,0.14266542614160221,0.19050347305611137,True
copas,strong,283,pet_peese,0.2,0.29857704601178664,0.2572028970350629,0.3399511949885104,True
copas,strong,283,copas,0.2,0.3347086922088404,0.2818352739530254,0.38758211046465546,True
copas,strong,283,ubcma,0.2,0.31431244594864527,0.21686093273848778,0.4022900370591873,True
copas,strong,283,adaptshrink,0.2,0.29814034469494527,0.1795133336261331,0.41676735576375745,True
copas,strong,284,reml_hksj,0.2,0.2859570289423356,0.23745693275484414,0.33445712512982706,True
copas,strong,284,trim_and_fill,0.2,0.1626566232611757,0.1366958195356596,0.1886174269866918,True
copas,strong,284,pet_peese,0.2,0.2512243766973689,0.20325129416972926,0.29919745922500857,True
copas,strong,284,copas,0.2,0.28567235214106984,0.2397408668130447,0.33160383746909494,True
copas,strong,284,ubcma,0.2,0.20438778139962785,0.12585654164068544,0.26530377176037234,True
copas,strong,284,adaptshrink,0.2,0.20139421505149413,0.04427664766926587,0.3585117824337224,True
copas,strong,285,reml_hksj,0.2,0.3255095763361802,0.27602517209742206,0.3749939805749384,True
copas,strong,285,trim_and_fill,0.2,0.17955575026134585,0.14781888030726084,0.21129262021543085,True
copas,strong,285,pet_peese,0.2,0.2508265469804901,0.18595420895177622,0.315698885009204,True
copas,strong,285,copas,0.2,0.32436080494898606,0.2787109585602597,0.37001065133771244,True
copas,strong,285,ubcma,0.2,0.240287949470087,0.16911474838607637,0.31239935459621565,True
copas,strong,285,adaptshrink,0.2,0.2366609336800392,0.10058219161217266,0.3727396757479058,True
copas,strong,286,reml_hksj,0.2,0.3053319430724001,0.2420216120252896,0.36864227411951056,True
copas,strong,286,trim_and_fill,0.2,0.16417285868474524,0.13275258068465978,0.1955931366848307,True
copas,strong,286,pet_peese,0.2,0.3003289870580019,0.24088609363716187,0.3597718804788419,True
copas,strong,286,copas,0.2,0.30525623061155677,0.24570960978890571,0.3648028514342078,True
copas,strong,286,ubcma,0.2,0.20538815544086428,0.13614236086583043,0.2852283783142483,True
copas,strong,286,adaptshrink,0.2,0.1965515482373474,0.017248397783699188,0.37585469869099564,True
copas,strong,287,reml_hksj,0.2,0.2563275578694368,0.1922611165385216,0.32039399920035194,True
copas,strong,287,trim_and_fill,0.2,0.09627132393167143,0.06706984405373208,0.1254728038096108,True
copas,strong,287,pet_peese,0.2,0.18510884087749988,0.1381802983827244,0.23203738337227536,True
copas,strong,287,copas,0.2,0.25536918455212054,0.1958925227415744,0.31484584636266666,True
copas,strong,287,ubcma,0.2,0.13894300037629265,0.04113882617861074,0.22683611132040937,True
copas,strong,287,adaptshrink,0.2,0.13601640811681665,-0.03702464932884153,0.3090574655624748,True
copas,strong,288,reml_hksj,0.2,0.3116108498991287,0.2383605342981293,0.38486116550012806,True
copas,strong,288,trim_and_fill,0.2,0.05071831615300635,0.02432398161449835,0.07711265069151435,True
copas,strong,288,pet_peese,0.2,0.24005758983433778,0.1945511990783786,0.285563980590297,True
copas,strong,288,copas,0.2,0.3112372692337707,0.24183002059239458,0.38064451787514686,True
copas,strong,288,ubcma,0.2,0.2925834806757215,0.14421021841260467,0.37633232119291377,True
copas,strong,288,adaptshrink,0.2,0.2415893361628858,0.09463193622391144,0.3885467361018602,True
copas,strong,289,reml_hksj,0.2,0.3041466659553453,0.25139446127794857,0.356898870632742,True
copas,strong,289,trim_and_fill,0.2,0.15069605804967745,0.12280291455285446,0.17858920154650043,True
copas,strong,289,pet_peese,0.2,0.3279492924302345,0.2748140562666023,0.3810845285938667,True
copas,strong,289,copas,0.2,0.3043946272113679,0.25412770633075765,0.35466154809197814,True
copas,strong,289,ubcma,0.2,0.22197117619703877,0.12175792846490674,0.31002060903202927,True
copas,strong,289,adaptshrink,0.2,0.2154085380843608,-0.040611348207371584,0.4714284243760932,True
copas,strong,290,reml_hksj,0.2,0.28276038026811134,0.23452948187182865,0.33099127866439404,True
copas,strong,290,trim_and_fill,0.2,0.14986604556411745,0.12276802097386745,0.17696407015436744,True
copas,strong,290,pet_peese,0.2,0.2998476657497329,0.24795003610029576,0.35174529539917,True
copas,strong,290,copas,0.2,0.28293489511070624,0.23785186159325833,0.32801792862815415,True
copas,strong,290,ubcma,0.2,0.2336112757138228,0.16248965285307423,0.30455498332038566,True
copas,strong,290,adaptshrink,0.2,0.23488148957563956,0.02715380537165013,0.442609173779629,True
copas,strong,291,reml_hksj,0.2,0.374084642630223,0.32084188932027624,0.4273273959401698,True
copas,strong,291,trim_and_fill,0.2,0.26526905300747544,0.22873669564343357,0.3018014103715173,True
copas,strong,291,pet_peese,0.2,0.3240475981853374,0.25177557161783226,0.39631962475284255,True
copas,strong,291,copas,0.2,0.37309232766888717,0.32303512426301123,0.4231495310747631,True
copas,strong,291,ubcma,0.2,0.28916794779057525,0.20685621972979296,0.37147967585135755,True
copas,strong,291,adaptshrink,0.2,0.28306234491718746,0.16279069955318753,0.4033339902811874,True
copas,strong,292,reml_hksj,0.2,0.2904882213229132,0.21703927934149714,0.36393716330432924,True
copas,strong,292,trim_and_fill,0.2,0.09760570063708973,0.0660983525816184,0.12911304869256107,True
copas,strong,292,pet_peese,0.2,0.1868172200417406,0.13051041621030085,0.24312402387318033,True
copas,strong,292,copas,0.2,0.28979145233691506,0.2202060572720176,0.3593768474018125,True
copas,strong,292,ubcma,0.2,0.11928479164454421,0.006099794157945926,0.23030733151524574,True
copas,strong,292,adaptshrink,0.2,0.1100455584950862,-0.022659372701340705,0.24275048969151308,True
copas,strong,293,reml_hksj,0.2,0.2768924546927216,0.21328990627566385,0.34049500310977937,True
copas,strong,293,trim_and_fill,0.2,0.11859632127581692,0.0887800256133998,0.14841261693823402,True
copas,strong,293,pet_peese,0.2,0.21668194829807216,0.16252853719684507,0.27083535939929926,True
copas,strong,293,copas,0.2,0.27613495123837506,0.2165976737303803,0.3356722287463698,True
copas,strong,293,ubcma,0.2,0.1735523378642556,0.10446709033218846,0.22820327938274998,True
copas,strong,293,adaptshrink,0.2,0.17327934286437116,0.014340296805282732,0.33221838892345956,True
copas,strong,294,reml_hksj,0.2,0.3076960766575882,0.25132729522557706,0.3640648580895993,True
copas,strong,294,trim_and_fill,0.2,0.16463337491429023,0.13164555259185334,0.1976211972367271,True
copas,strong,294,pet_peese,0.2,0.10247483470646021,-0.0011213756464128338,0.20607104505933327,True
copas,strong,294,copas,0.2,0.30632926317114995,0.2530836858247077,0.3595748405175922,True
copas,strong,294,ubcma,0.2,0.1999947562250227,0.13469785422018943,0.26692471869422074,True
copas,strong,294,adaptshrink,0.2,0.16596773652072566,0.07040841567752638,0.26152705736392495,True
copas,strong,295,reml_hksj,0.2,0.25187691167716486,0.20215603116941455,0.30159779218491517,True
copas,strong,295,trim_and_fill,0.2,0.1070834424133014,0.07426686866968832,0.13990001615691447,True
copas,strong,295,pet_peese,0.2,0.22395334900990346,0.15661653919141005,0.2912901588283969,True
copas,strong,295,copas,0.2,0.25171967629577163,0.20472109771643346,0.29871825487510983,True
copas,strong,295,ubcma,0.2,0.21355708237853338,0.12792968955327902,0.2890550931533592,True
copas,strong,295,adaptshrink,0.2,0.2128030778523849,0.054981268326130456,0.3706248873786393,True
copas,strong,296,reml_hksj,0.2,0.2969187795285839,0.24002797457246683,0.353809584484701,True
copas,strong,296,trim_and_fill,0.2,0.10228135370925734,0.07680257726989614,0.12776013014861853,True
copas,strong,296,pet_peese,0.2,0.2809731850419603,0.23132779785051133,0.33061857223340924,True
copas,strong,296,copas,0.2,0.29670377336905446,0.2426113921657458,0.35079615457236313,True
copas,strong,296,ubcma,0.2,0.22609183920497497,0.11763119076601292,0.31742049207169676,True
copas,strong,296,adaptshrink,0.2,0.23581623030675167,-0.009184786599111122,0.48081724721261443,True
copas,strong,297,reml_hksj,0.2,0.3073544915691763,0.24415213741775482,0.3705568457205978,True
copas,strong,297,trim_and_fill,0.2,0.09599983102196606,0.07026074611830235,0.12173891592562977,True
copas,strong,297,pet_peese,0.2,0.23496057442454862,0.1912247491820989,0.27869639966699833,True
copas,strong,297,copas,0.2,0.3067384053045476,0.24674590915399555,0.3667309014550996,True
copas,strong,297,ubcma,0.2,0.2424225785258066,0.1419821196353634,0.3540460988184846,True
copas,strong,297,adaptshrink,0.2,0.23302706779848328,0.10940465985303673,0.35664947574392986,True
copas,strong,298,reml_hksj,0.2,0.3048843648923154,0.24732362596765073,0.3624451038169801,True
copas,strong,298,trim_and_fill,0.2,0.12223124544068042,0.0916990922151748,0.15276339866618605,True
copas,strong,298,pet_peese,0.2,0.25278214365613,0.19239472189917983,0.31316956541308016,True
copas,strong,298,copas,0.2,0.30433977299417814,0.24982937700274588,0.3588501689856104,True
copas,strong,298,ubcma,0.2,0.18045800154979205,0.09076913776594814,0.30138652539566146,True
copas,strong,298,adaptshrink,0.2,0.17493853279846955,-0.055797511108116565,0.4056745767050557,True
copas,strong,299,reml_hksj,0.2,0.30674714222805627,0.236523473363434,0.37697081109267855,True
copas,strong,299,trim_and_fill,0.2,0.11322524511702334,0.08409243572283148,0.1423580545112152,True
copas,strong,299,pet_peese,0.2,0.24247556079331006,0.19286544532314115,0.292085676263479,True
copas,strong,299,copas,0.2,0.30617532412706944,0.23994650805428214,0.37240414019985674,True
copas,strong,299,ubcma,0.2,0.19871092745583474,0.10380018917980163,0.28471943722722765,True
copas,strong,299,adaptshrink,0.2,0.20451618426684148,-0.0007727097139465788,0.4098050782476296,True
