mechanism,strength,rep,method,true_mu,mu_hat,ci_low,ci_high,converged
smooth,strong,0,reml_hksj,0.2,0.3248568219751436,0.2669299461657312,0.3827836977845559,True
smooth,strong,0,trim_and_fill,0.2,0.2186526771720908,0.183619614583659,0.2536857397605225,True
smooth,strong,0,pet_peese,0.2,0.2680942199708288,0.1972757742576598,0.3389126656839977,True
smooth,strong,0,copas,0.2,0.32356751766935,0.2743190914184035,0.3728159439202965,True
smooth,strong,0,ubcma,0.2,0.3027654708955293,0.2008555321780227,0.4024399297398797,True
smooth,strong,0,henmi_copas,0.2,0.3209203607764304,0.2639186881712366,0.3779220333816242,True
smooth,strong,0,adaptshrink_ens,0.2,0.2616990800032668,0.1045569156176286,0.4188412443889051,True
smooth,strong,0,adaptshrink_solo,0.2,0.2398976451446224,0.0427930626358759,0.437002227653369,True
smooth,strong,1,reml_hksj,0.2,0.3289288661179902,0.2371488156172672,0.4207089166187132,True
smooth,strong,1,trim_and_fill,0.2,0.152726700392297,0.1187985182323964,0.1866548825521977,True
smooth,strong,1,pet_peese,0.2,0.2362417204023481,0.179418857812997,0.2930645829916993,True
smooth,strong,1,copas,0.2,0.3274106870505184,0.2466869286951172,0.4081344454059196,True
smooth,strong,1,ubcma,0.2,0.3066013237933895,0.2047699106877971,0.4009719786511833,True
smooth,strong,1,henmi_copas,0.2,0.2880864418869929,0.1878976676471576,0.3882752161268281,True
smooth,strong,1,adaptshrink_ens,0.2,0.2348432255694337,0.0579932457947265,0.4116932053441409,True
smooth,strong,1,adaptshrink_solo,0.2,0.2072911248541309,-0.0296042923887585,0.4441865420970204,True
smooth,strong,2,reml_hksj,0.2,0.253374288618472,0.1786834505843961,0.3280651266525479,True
smooth,strong,2,trim_and_fill,0.2,0.1146605882359913,0.0755932199879826,0.153727956484,True
smooth,strong,2,pet_peese,0.2,0.2632620874364962,0.1835366790387401,0.3429874958342523,True
smooth,strong,2,copas,0.2,0.2534325806037031,0.1865075344033637,0.3203576268040424,True
smooth,strong,2,ubcma,0.2,0.1647442734097239,0.0774167900653489,0.2480368235302664,True
smooth,strong,2,henmi_copas,0.2,0.2521569686527268,0.1773345108587391,0.3269794264467146,True
smooth,strong,2,adaptshrink_ens,0.2,0.1558231483656932,-0.0526345621033706,0.3642808588347571,True
smooth,strong,2,adaptshrink_solo,0.2,0.253410291394357,0.1758069947397986,0.3310135880489154,True
smooth,strong,3,reml_hksj,0.2,0.3447513499330999,0.2806374184747389,0.4088652813914609,True
smooth,strong,3,trim_and_fill,0.2,0.1958471568167067,0.1675194006756983,0.2241749129577151,True
smooth,strong,3,pet_peese,0.2,0.2782974536855855,0.2309091855766624,0.3256857217945086,True
smooth,strong,3,copas,0.2,0.343575876772925,0.2844385651951427,0.4027131883507074,True
smooth,strong,3,ubcma,0.2,0.2359943653170962,0.0988255597285551,0.3752339831987365,True
smooth,strong,3,henmi_copas,0.2,0.321887478842815,0.2472809065605122,0.3964940511251178,True
smooth,strong,3,adaptshrink_ens,0.2,0.2323819609235661,0.0573975923668829,0.4073663294802493,True
smooth,strong,3,adaptshrink_solo,0.2,0.2510859198655992,0.0105823070642366,0.4915895326669618,True
smooth,strong,4,reml_hksj,0.2,0.3387336275400317,0.2536906363357844,0.423776618744279,True
smooth,strong,4,trim_and_fill,0.2,0.2313530994209645,0.1957451783176756,0.2669610205242534,True
smooth,strong,4,pet_peese,0.2,0.3177794036171944,0.2580974471836943,0.3774613600506945,True
smooth,strong,4,copas,0.2,0.3380384184726873,0.2723064919998818,0.4037703449454929,True
smooth,strong,4,ubcma,0.2,0.2728820854953416,0.1794972555243716,0.3742122761077049,False
smooth,strong,4,henmi_copas,0.2,0.3340074857283523,0.2462496621035797,0.4217653093531249,True
smooth,strong,4,adaptshrink_ens,0.2,0.269396898362156,-0.3161590971782713,0.8549528939025834,True
smooth,strong,4,adaptshrink_solo,0.2,0.3389401367042974,0.2747501905620698,0.4031300828465249,True
smooth,strong,5,reml_hksj,0.2,0.3169000607297482,0.2463580008859635,0.3874421205735328,True
smooth,strong,5,trim_and_fill,0.2,0.1690268826922547,0.134870333681559,0.2031834317029504,True
smooth,strong,5,pet_peese,0.2,0.2145532149240716,0.1564689119739071,0.272637517874236,True
smooth,strong,5,copas,0.2,0.3146853762342841,0.2513539433945359,0.3780168090740324,True
smooth,strong,5,ubcma,0.2,0.2208888280872057,0.1168552950029396,0.3294003610582656,True
smooth,strong,5,henmi_copas,0.2,0.2884525462185656,0.2078424559746402,0.3690626364624909,True
smooth,strong,5,adaptshrink_ens,0.2,0.2055652272620818,0.0830469516105563,0.3280835029136073,True
smooth,strong,5,adaptshrink_solo,0.2,0.1440143187997727,-0.017857942306365,0.3058865799059105,True
smooth,strong,6,reml_hksj,0.2,0.395508362283253,0.3042009104325903,0.4868158141339156,True
smooth,strong,6,trim_and_fill,0.2,0.2454208072000157,0.211213817887079,0.2796277965129524,True
smooth,strong,6,pet_peese,0.2,0.4373167060664542,0.3708217560450141,0.5038116560878942,True
smooth,strong,6,copas,0.2,0.3959095023814704,0.3147545248218449,0.4770644799410958,True
smooth,strong,6,ubcma,0.2,0.3155253609901918,0.1319299591462635,0.483009611117087,True
smooth,strong,6,henmi_copas,0.2,0.4119393882707786,0.3122958672022355,0.5115829093393216,True
smooth,strong,6,adaptshrink_ens,0.2,0.3001821238347426,-0.024031248918718,0.6243954965882033,True
smooth,strong,6,adaptshrink_solo,0.2,0.3960922133643593,0.2787825063656477,0.5134019203630709,True
smooth,strong,7,reml_hksj,0.2,0.3275144567021558,0.2825731791342066,0.3724557342701051,True
smooth,strong,7,trim_and_fill,0.2,0.2335316064623711,0.202251681030577,0.2648115318941652,True
smooth,strong,7,pet_peese,0.2,0.3100116357084478,0.254335425294998,0.3656878461218976,True
smooth,strong,7,copas,0.2,0.3268009213294916,0.2855346419432944,0.3680672007156888,True
smooth,strong,7,ubcma,0.2,0.2826359564728307,0.2246792555757696,0.3428543822829477,True
smooth,strong,7,henmi_copas,0.2,0.3268008959074698,0.2882043232458648,0.3653974685690748,True
smooth,strong,7,adaptshrink_ens,0.2,0.2822441903066373,0.1474252933045906,0.417063087308684,True
smooth,strong,7,adaptshrink_solo,0.2,0.3268008959074698,0.2530706599287038,0.4005311318862357,True
smooth,strong,8,reml_hksj,0.2,0.2869390688620297,0.2159698442769129,0.3579082934471466,True
smooth,strong,8,trim_and_fill,0.2,0.1526013372937328,0.1221106284066712,0.1830920461807944,True
smooth,strong,8,pet_peese,0.2,0.2288149890229507,0.1714959884717203,0.2861339895741811,True
smooth,strong,8,copas,0.2,0.2855677927064779,0.2231312031081288,0.348004382304827,True
smooth,strong,8,ubcma,0.2,0.2410360742318593,0.1491355100784891,0.3252424022236695,True
smooth,strong,8,henmi_copas,0.2,0.2764084080903242,0.1989014376528774,0.353915378527771,True
smooth,strong,8,adaptshrink_ens,0.2,0.2249402148169446,0.0851388599810361,0.3647415696528531,True
smooth,strong,8,adaptshrink_solo,0.2,0.2351633360923708,-0.1657674080108962,0.636094080195638,True
smooth,strong,9,reml_hksj,0.2,0.3344486769270274,0.2542023218384627,0.414695032015592,True
smooth,strong,9,trim_and_fill,0.2,0.1922279626245069,0.157896927271894,0.2265589979771199,True
smooth,strong,9,pet_peese,0.2,0.2908185586112439,0.2261681091793706,0.3554690080431172,True
smooth,strong,9,copas,0.2,0.3329542983322313,0.2680117190865137,0.3978968775779489,True
smooth,strong,9,ubcma,0.2,0.2958569758067862,0.1765008532940046,0.4195563582010684,True
smooth,strong,9,henmi_copas,0.2,0.3228235886364827,0.2401821307769866,0.4054650464959788,True
smooth,strong,9,adaptshrink_ens,0.2,0.2841393919333534,0.120741827437641,0.4475369564290659,True
smooth,strong,9,adaptshrink_solo,0.2,0.3342200408317635,0.1834854628115152,0.4849546188520118,True
smooth,strong,10,reml_hksj,0.2,0.2504037086128889,0.1787485134574798,0.3220589037682979,True
smooth,strong,10,trim_and_fill,0.2,0.0660260680088798,0.0297922817416773,0.1022598542760823,True
smooth,strong,10,pet_peese,0.2,0.080552589244763,-0.0536174507817135,0.2147226292712395,True
smooth,strong,10,copas,0.2,0.2491623433392644,0.1840040300607143,0.3143206566178145,True
smooth,strong,10,ubcma,0.2,0.141180587463309,0.059313179782259,0.2149048782169366,True
smooth,strong,10,henmi_copas,0.2,0.2328698526342179,0.1566967734824516,0.3090429317859842,True
smooth,strong,10,adaptshrink_ens,0.2,0.0738945393602421,-0.0422104569796447,0.1899995357001291,True
smooth,strong,10,adaptshrink_solo,0.2,0.1271253149257494,-0.1718556494023939,0.4261062792538927,True
smooth,strong,11,reml_hksj,0.2,0.3335673978708661,0.2740310347463347,0.3931037609953974,True
smooth,strong,11,trim_and_fill,0.2,0.2095719980582817,0.1775682421439361,0.2415757539726273,True
smooth,strong,11,pet_peese,0.2,0.3288223635044698,0.2697139747342325,0.3879307522747071,True
smooth,strong,11,copas,0.2,0.3334402238095593,0.2801817947870786,0.38669865283204,True
smooth,strong,11,ubcma,0.2,0.2882837323537986,0.20409172881279,0.3839410659963373,True
smooth,strong,11,henmi_copas,0.2,0.3325420905127876,0.2717088944261456,0.3933752865994295,True
smooth,strong,11,adaptshrink_ens,0.2,0.2919050094976472,0.092365412337657,0.4914446066576373,True
smooth,strong,11,adaptshrink_solo,0.2,0.3335281632454296,0.2670808501950422,0.399975476295817,True
smooth,strong,12,reml_hksj,0.2,0.2886167344361443,0.2103272527025851,0.3669062161697035,True
smooth,strong,12,trim_and_fill,0.2,0.0339494536545193,0.0019258103861816,0.0659730969228571,True
smooth,strong,12,pet_peese,0.2,0.0196785707604282,-0.0828284178434687,0.1221855593643251,True
smooth,strong,12,copas,0.2,0.2874515714756468,0.2146722806107932,0.3602308623405004,True
smooth,strong,12,ubcma,0.2,0.1828514140525354,0.0944883964103411,0.276996878657,True
smooth,strong,12,henmi_copas,0.2,0.2371039775137049,0.1388608940708248,0.335347060956585,True
smooth,strong,12,adaptshrink_ens,0.2,0.0342552280655364,-0.0596297420510652,0.1281401981821381,True
smooth,strong,12,adaptshrink_solo,0.2,0.0506632507244701,-0.2663144824051966,0.3676409838541369,True
smooth,strong,13,reml_hksj,0.2,0.2962657112621872,0.2479605691277436,0.3445708533966307,True
smooth,strong,13,trim_and_fill,0.2,0.1737281575047127,0.1465632001571977,0.2008931148522276,True
smooth,strong,13,pet_peese,0.2,0.2738763486057088,0.2271133365739297,0.320639360637488,True
smooth,strong,13,copas,0.2,0.2958034896571615,0.2542608582497342,0.3373461210645888,True
smooth,strong,13,ubcma,0.2,0.2872086988435128,0.2305987134851789,0.3505463759723445,True
smooth,strong,13,henmi_copas,0.2,0.2942110826693849,0.243655686450197,0.3447664788885728,True
smooth,strong,13,adaptshrink_ens,0.2,0.2746646899065054,0.1571732734820083,0.3921561063310026,True
smooth,strong,13,adaptshrink_solo,0.2,0.2971692254646984,0.2051342213563378,0.389204229573059,True
smooth,strong,14,reml_hksj,0.2,0.2941532036178921,0.243473553061739,0.3448328541740452,True
smooth,strong,14,trim_and_fill,0.2,0.2069394982284727,0.1739561617646773,0.2399228346922682,True
smooth,strong,14,pet_peese,0.2,0.2517920371667412,0.1969521739583262,0.3066319003751562,True
smooth,strong,14,copas,0.2,0.2935164645698866,0.2486432575787533,0.3383896715610199,True
smooth,strong,14,ubcma,0.2,0.2887184508675529,0.2375994089235252,0.3539558316496913,True
smooth,strong,14,henmi_copas,0.2,0.2929833103844831,0.2497538308146718,0.3362127899542945,True
smooth,strong,14,adaptshrink_ens,0.2,0.2503590415807232,0.1137080320957306,0.3870100510657158,True
smooth,strong,14,adaptshrink_solo,0.2,0.2190491080916223,0.0508428961864345,0.3872553199968102,True
smooth,strong,15,reml_hksj,0.2,0.331413437040263,0.2653326845392519,0.397494189541274,True
smooth,strong,15,trim_and_fill,0.2,0.1607298977473173,0.1336387357763621,0.1878210597182726,True
smooth,strong,15,pet_peese,0.2,0.3574325567704106,0.3093344519126237,0.4055306616281975,True
smooth,strong,15,copas,0.2,0.3315900673760638,0.2700478077918309,0.3931323269602966,True
smooth,strong,15,ubcma,0.2,0.298064028321137,0.1791883263023544,0.4083430694029681,True
smooth,strong,15,henmi_copas,0.2,0.3429446450000173,0.2650216721159121,0.4208676178841225,True
smooth,strong,15,adaptshrink_ens,0.2,0.3102825849059313,0.0401411626294651,0.5804240071823974,True
smooth,strong,15,adaptshrink_solo,0.2,0.3311629496940453,0.2051210562248908,0.4572048431631999,True
smooth,strong,16,reml_hksj,0.2,0.3532276679121631,0.2898538391127722,0.4166014967115539,True
smooth,strong,16,trim_and_fill,0.2,0.2289836505686278,0.1971274043029769,0.2608398968342788,True
smooth,strong,16,pet_peese,0.2,0.3255714793030358,0.2713253286151931,0.3798176299908786,True
smooth,strong,16,copas,0.2,0.3528147949461491,0.2954967980777304,0.4101327918145678,True
smooth,strong,16,ubcma,0.2,0.3536014692969196,0.2430433819243605,0.4836742914665656,True
smooth,strong,16,henmi_copas,0.2,0.3493791287165618,0.2784543253741309,0.4203039320589928,True
smooth,strong,16,adaptshrink_ens,0.2,0.3231697074102441,0.1705433552067862,0.4757960596137019,True
smooth,strong,16,adaptshrink_solo,0.2,0.353312789804954,0.1992350594761455,0.5073905201337626,True
smooth,strong,17,reml_hksj,0.2,0.2762448906300974,0.2145064616283256,0.3379833196318692,True
smooth,strong,17,trim_and_fill,0.2,0.1335722277519776,0.103372989160418,0.1637714663435373,True
smooth,strong,17,pet_peese,0.2,0.2432151052091384,0.186856851939905,0.2995733584783719,True
smooth,strong,17,copas,0.2,0.2756056048643286,0.2194789643299103,0.3317322453987469,True
smooth,strong,17,ubcma,0.2,0.2290403777575813,0.1554433824397458,0.3089051145263036,True
smooth,strong,17,henmi_copas,0.2,0.2714268529195023,0.2050546377004994,0.3377990681385052,True
smooth,strong,17,adaptshrink_ens,0.2,0.2311086819735756,0.0851805874854961,0.3770367764616552,True
smooth,strong,17,adaptshrink_solo,0.2,0.2760076477760161,0.117286929719918,0.4347283658321142,True
smooth,strong,18,reml_hksj,0.2,0.3043740842445562,0.2255828598009336,0.3831653086881788,True
smooth,strong,18,trim_and_fill,0.2,0.1440464106304909,0.1103416818278812,0.1777511394331007,True
smooth,strong,18,pet_peese,0.2,0.2137416607784576,0.1538034692768568,0.2736798522800584,True
smooth,strong,18,copas,0.2,0.3020880736495972,0.2350050060942043,0.3691711412049901,True
smooth,strong,18,ubcma,0.2,0.1924179148834721,0.0775813614992692,0.3091436712610697,True
smooth,strong,18,henmi_copas,0.2,0.283376117145126,0.1995710779246624,0.3671811563655895,True
smooth,strong,18,adaptshrink_ens,0.2,0.1902439804754563,0.0353567107089404,0.3451312502419722,True
smooth,strong,18,adaptshrink_solo,0.2,0.1766547943620515,-0.1084495398697875,0.4617591285938905,True
smooth,strong,19,reml_hksj,0.2,0.3156526666620745,0.2418019885069827,0.3895033448171662,True
smooth,strong,19,trim_and_fill,0.2,0.1958666896033454,0.157200989123506,0.2345323900831848,True
smooth,strong,19,pet_peese,0.2,0.3173493297547262,0.2373767314604007,0.3973219280490517,True
smooth,strong,19,copas,0.2,0.3156938197672265,0.2487707668441632,0.3826168726902899,True
smooth,strong,19,ubcma,0.2,0.2799863086075643,0.2011988382079796,0.3543078480921208,True
smooth,strong,19,henmi_copas,0.2,0.3144991178222264,0.236505942928777,0.3924922927156757,True
smooth,strong,19,adaptshrink_ens,0.2,0.2808271640223897,0.0917264545106462,0.4699278735341332,True
smooth,strong,19,adaptshrink_solo,0.2,0.3156829674780054,0.2285699129641469,0.402796021991864,True
smooth,strong,20,reml_hksj,0.2,0.3070804586260147,0.2103732306670748,0.4037876865849545,True
smooth,strong,20,trim_and_fill,0.2,0.0917035682012614,0.0519427039665241,0.1314644324359986,True
smooth,strong,20,pet_peese,0.2,0.0281624434104591,-0.0930203203751023,0.1493452071960206,True
smooth,strong,20,copas,0.2,0.3055252980720559,0.2185751414649656,0.3924754546791462,True
smooth,strong,20,ubcma,0.2,0.1343511829935609,0.052096725178553,0.2218261730763894,True
smooth,strong,20,henmi_copas,0.2,0.2508605623589123,0.1303594136994129,0.3713617110184116,True
smooth,strong,20,adaptshrink_ens,0.2,0.0929279890480262,-0.0195236621852235,0.2053796402812759,True
smooth,strong,20,adaptshrink_solo,0.2,0.0622171992670766,-0.1988007395295482,0.3232351380637015,True
smooth,strong,21,reml_hksj,0.2,0.2534333257853558,0.1685731384049291,0.3382935131657825,True
smooth,strong,21,trim_and_fill,0.2,0.0971182039131223,0.0603307214432307,0.1339056863830139,True
smooth,strong,21,pet_peese,0.2,0.2323518922267642,0.1667245140521011,0.2979792704014274,True
smooth,strong,21,copas,0.2,0.252703899309968,0.1775134052171234,0.3278943934028126,True
smooth,strong,21,ubcma,0.2,0.0763066879208178,-0.0367061694895895,0.1765128581389807,True
smooth,strong,21,henmi_copas,0.2,0.2491526382422574,0.1481267062630485,0.3501785702214663,True
smooth,strong,21,adaptshrink_ens,0.2,0.0973793114685669,-0.0115854002771901,0.2063440232143239,True
smooth,strong,21,adaptshrink_solo,0.2,0.2532588242412559,0.118113925600512,0.3884037228819997,True
smooth,strong,22,reml_hksj,0.2,0.339591907727699,0.2741930100662589,0.4049908053891391,True
smooth,strong,22,trim_and_fill,0.2,0.1762075697031375,0.1486297424797572,0.2037853969265178,True
smooth,strong,22,pet_peese,0.2,0.3572258244588359,0.309612861691678,0.4048387872259938,True
smooth,strong,22,copas,0.2,0.3398075356318725,0.2795631100528666,0.4000519612108784,True
smooth,strong,22,ubcma,0.2,0.2841025751552806,0.1722544348372581,0.3989478641785364,True
smooth,strong,22,henmi_copas,0.2,0.348425605752019,0.2729635151653978,0.4238876963386402,True
smooth,strong,22,adaptshrink_ens,0.2,0.2899060526608137,0.0038196224212033,0.5759924829004242,True
smooth,strong,22,adaptshrink_solo,0.2,0.3395403279471647,0.2223782276526084,0.4567024282417211,True
smooth,strong,23,reml_hksj,0.2,0.3039434127981313,0.2344598767447701,0.3734269488514924,True
smooth,strong,23,trim_and_fill,0.2,0.1676845884704203,0.1337701493386429,0.2015990276021976,True
smooth,strong,23,pet_peese,0.2,0.2513310036320141,0.189534175406367,0.3131278318576613,True
smooth,strong,23,copas,0.2,0.3030956258671096,0.2401114955428393,0.3660797561913798,True
smooth,strong,23,ubcma,0.2,0.1559946745032522,0.0054849528823671,0.2908867417098641,True
smooth,strong,23,henmi_copas,0.2,0.2920780156064292,0.2168710421148249,0.3672849890980336,True
smooth,strong,23,adaptshrink_ens,0.2,0.1699641835187374,0.0730702778113572,0.2668580892261176,True
smooth,strong,23,adaptshrink_solo,0.2,0.2569867006142958,-0.0653809093174576,0.5793543105460492,True
smooth,strong,24,reml_hksj,0.2,0.229862841581841,0.156180986094017,0.303544697069665,True
smooth,strong,24,trim_and_fill,0.2,0.0765663852323247,0.0455761319547249,0.1075566385099245,True
smooth,strong,24,pet_peese,0.2,0.2463546135456547,0.1902774124072424,0.302431814684067,True
smooth,strong,24,copas,0.2,0.2301945985727319,0.1643779949115195,0.2960112022339443,True
smooth,strong,24,ubcma,0.2,0.1655697137562638,0.0314539939170464,0.2555409970709832,True
smooth,strong,24,henmi_copas,0.2,0.2398601127553142,0.1530761589377429,0.3266440665728856,True
smooth,strong,24,adaptshrink_ens,0.2,0.165759473392533,-0.1167344093166521,0.4482533561017182,True
smooth,strong,24,adaptshrink_solo,0.2,0.2296528915949963,0.1002230100284664,0.3590827731615261,True
smooth,strong,25,reml_hksj,0.2,0.296978345728211,0.2077829103831392,0.3861737810732828,True
smooth,strong,25,trim_and_fill,0.2,0.0174876107947487,-0.01553764490914,0.0505128664986374,True
smooth,strong,25,pet_peese,0.2,0.0917042705412902,-0.0142209897385755,0.1976295308211559,True
smooth,strong,25,copas,0.2,0.2962063267425469,0.2144991209543432,0.3779135325307506,True
smooth,strong,25,ubcma,0.2,0.2118046380713126,0.0263447041530961,0.3656765574382974,True
smooth,strong,25,henmi_copas,0.2,0.2536417285337305,0.1384700779871067,0.3688133790803544,True
smooth,strong,25,adaptshrink_ens,0.2,0.0786229926711913,-0.1888588733317708,0.3461048586741534,True
smooth,strong,25,adaptshrink_solo,0.2,0.1569367019167905,-0.2848157599425418,0.5986891637761229,True
smooth,strong,26,reml_hksj,0.2,0.2945597667546101,0.2505506731091174,0.3385688604001029,True
smooth,strong,26,trim_and_fill,0.2,0.2146322295173927,0.1832460864840479,0.2460183725507375,True
smooth,strong,26,pet_peese,0.2,0.2785231237009411,0.2252526070256988,0.3317936403761834,True
smooth,strong,26,copas,0.2,0.2940771919953901,0.2540280004021096,0.3341263835886706,True
smooth,strong,26,ubcma,0.2,0.2396169316327531,0.1664145521272945,0.3109486383599955,True
smooth,strong,26,henmi_copas,0.2,0.2939261098251379,0.254534173260817,0.3333180463894588,True
smooth,strong,26,adaptshrink_ens,0.2,0.2348235081112838,0.1131559664284264,0.3564910497941412,True
smooth,strong,26,adaptshrink_solo,0.2,0.2943279993926259,0.2086186466775317,0.3800373521077201,True
smooth,strong,27,reml_hksj,0.2,0.3200583967935114,0.2385115374272638,0.401605256159759,True
smooth,strong,27,trim_and_fill,0.2,0.171906792740815,0.1385732695666337,0.2052403159149963,True
smooth,strong,27,pet_peese,0.2,0.2584466170385549,0.2018286300664651,0.3150646040106447,True
smooth,strong,27,copas,0.2,0.3185672727103718,0.2535164592840706,0.383618086136673,True
smooth,strong,27,ubcma,0.2,0.253269951010652,0.1398730844607589,0.3489966094426806,True
smooth,strong,27,henmi_copas,0.2,0.2984040727215403,0.2115522645057426,0.385255880937338,True
smooth,strong,27,adaptshrink_ens,0.2,0.2497907814238267,0.1054987543265859,0.3940828085210676,True
smooth,strong,27,adaptshrink_solo,0.2,0.2657670336563482,0.0299525160638585,0.501581551248838,True
smooth,strong,28,reml_hksj,0.2,0.3457206107024445,0.282140113197204,0.4093011082076849,True
smooth,strong,28,trim_and_fill,0.2,0.2413061401465084,0.210142390479769,0.2724698898132478,True
smooth,strong,28,pet_peese,0.2,0.3409425375957822,0.2877913771655777,0.3940936980259867,True
smooth,strong,28,copas,0.2,0.3457008752676903,0.2876195399040563,0.4037822106313243,True
smooth,strong,28,ubcma,0.2,0.2865829791067249,0.2060250704561564,0.3680062807728128,True
smooth,strong,28,henmi_copas,0.2,0.3420700606932561,0.2750133586252517,0.4091267627612604,True
smooth,strong,28,adaptshrink_ens,0.2,0.2827626852758895,0.104953139525463,0.460572231026316,True
smooth,strong,28,adaptshrink_solo,0.2,0.3456659956337211,0.2339943865179326,0.4573376047495095,True
smooth,strong,29,reml_hksj,0.2,0.3041746249919425,0.233756249011407,0.374593000972478,True
smooth,strong,29,trim_and_fill,0.2,0.1568313152239013,0.1229653134852169,0.1906973169625857,True
smooth,strong,29,pet_peese,0.2,0.2543467525094671,0.1918977332878627,0.3167957717310715,True
smooth,strong,29,copas,0.2,0.3024713998890396,0.2421975491369365,0.3627452506411427,True
smooth,strong,29,ubcma,0.2,0.2155301532958995,0.1154537802252149,0.3113610313326058,True
smooth,strong,29,henmi_copas,0.2,0.287732643607142,0.212697445659202,0.362767841555082,True
smooth,strong,29,adaptshrink_ens,0.2,0.2152613022219015,0.0257555295191183,0.4047670749246846,True
smooth,strong,29,adaptshrink_solo,0.2,0.2416631594345562,0.0102892933849073,0.4730370254842051,True
smooth,strong,30,reml_hksj,0.2,0.3082899399887196,0.230637048797079,0.3859428311803601,True
smooth,strong,30,trim_and_fill,0.2,0.1744865612595021,0.1392672965841254,0.2097058259348788,True
smooth,strong,30,pet_peese,0.2,0.2324246608321228,0.1768839272913428,0.2879653943729028,True
smooth,strong,30,copas,0.2,0.306297075890645,0.2367944090216328,0.3757997427596571,True
smooth,strong,30,ubcma,0.2,0.1614187582375547,0.0706638417745454,0.2476237415564918,True
smooth,strong,30,henmi_copas,0.2,0.2817812840066482,0.1943332996038357,0.3692292684094606,True
smooth,strong,30,adaptshrink_ens,0.2,0.1766003553867448,0.082653887565948,0.2705468232075415,True
smooth,strong,30,adaptshrink_solo,0.2,0.1996325586613552,-0.0002711649984796,0.3995362823211901,True
smooth,strong,31,reml_hksj,0.2,0.3551407226900885,0.2884444811326675,0.4218369642475096,True
smooth,strong,31,trim_and_fill,0.2,0.232484350606257,0.1988764486780801,0.2660922525344338,True
smooth,strong,31,pet_peese,0.2,0.3487985811743698,0.2895531868476809,0.4080439755010586,True
smooth,strong,31,copas,0.2,0.3549495466112594,0.2941440915418988,0.4157550016806199,True
smooth,strong,31,ubcma,0.2,0.2939273341559653,0.2183518847549831,0.3673791320107307,True
smooth,strong,31,henmi_copas,0.2,0.3576336387554013,0.2860180326967541,0.4292492448140486,True
smooth,strong,31,adaptshrink_ens,0.2,0.2929898943831615,0.1024381582506681,0.4835416305156548,True
smooth,strong,31,adaptshrink_solo,0.2,0.3550698589029228,0.2532889967382192,0.4568507210676265,True
smooth,strong,32,reml_hksj,0.2,0.2797106902755975,0.2042756179809803,0.3551457625702147,True
smooth,strong,32,trim_and_fill,0.2,0.0862016971446193,0.0562832433475086,0.11612015094173,True
smooth,strong,32,pet_peese,0.2,0.0922108396066057,-0.0221034077850279,0.2065250869982394,True
smooth,strong,32,copas,0.2,0.2784191756328498,0.2145576632743708,0.3422806879913287,True
smooth,strong,32,ubcma,0.2,0.2259742036845898,0.1368084325412312,0.3098627153409603,True
smooth,strong,32,henmi_copas,0.2,0.2553190306071778,0.1775181402344136,0.333119920979942,True
smooth,strong,32,adaptshrink_ens,0.2,0.0883718062587098,-0.0032768136321318,0.1800204261495516,True
smooth,strong,32,adaptshrink_solo,0.2,0.1341041584301668,-0.0718334975167771,0.3400418143771109,True
smooth,strong,33,reml_hksj,0.2,0.3443409308602472,0.2825219872978363,0.4061598744226582,True
smooth,strong,33,trim_and_fill,0.2,0.2150110722426659,0.1770546830039221,0.2529674614814098,True
smooth,strong,33,pet_peese,0.2,0.3400416717369241,0.2553372751394466,0.4247460683344016,True
smooth,strong,33,copas,0.2,0.3438680341318301,0.2912575587312997,0.3964785095323604,True
smooth,strong,33,ubcma,0.2,0.342396767847954,0.2683061673885536,0.414131242637395,True
smooth,strong,33,henmi_copas,0.2,0.3435866316069247,0.286016332010137,0.4011569312037124,True
smooth,strong,33,adaptshrink_ens,0.2,0.3354000729916971,0.1718517599774604,0.4989483860059338,True
smooth,strong,33,adaptshrink_solo,0.2,0.3444901144611921,0.2837272464830623,0.4052529824393218,True
smooth,strong,34,reml_hksj,0.2,0.3396621669530553,0.2656796019368184,0.4136447319692922,True
smooth,strong,34,trim_and_fill,0.2,0.2073629529030173,0.1805624173041804,0.2341634885018541,True
smooth,strong,34,pet_peese,0.2,0.3713901976302248,0.3234636774668614,0.4193167177935881,True
smooth,strong,34,copas,0.2,0.3400317652172024,0.2764668884493486,0.4035966419850562,True
smooth,strong,34,ubcma,0.2,0.274798203700909,0.1930624879434585,0.3476976258629595,True
smooth,strong,34,henmi_copas,0.2,0.3478541712679614,0.2662519858911378,0.429456356644785,True
smooth,strong,34,adaptshrink_ens,0.2,0.270069119354529,0.0469321915603412,0.4932060471487167,True
smooth,strong,34,adaptshrink_solo,0.2,0.3391821991695814,0.2697981676235785,0.4085662307155843,True
smooth,strong,35,reml_hksj,0.2,0.3616460797014109,0.295856829256829,0.4274353301459928,True
smooth,strong,35,trim_and_fill,0.2,0.1973538646081428,0.1663462461593457,0.2283614830569399,True
smooth,strong,35,pet_peese,0.2,0.3449096674796515,0.2856656355064437,0.4041536994528593,True
smooth,strong,35,copas,0.2,0.3613449137754152,0.3007875483234042,0.4219022792274262,True
smooth,strong,35,ubcma,0.2,0.2659662535347406,0.1998323733731264,0.3320495532908775,True
smooth,strong,35,henmi_copas,0.2,0.355921242796079,0.2856296418560424,0.4262128437361156,True
smooth,strong,35,adaptshrink_ens,0.2,0.2636795112682955,0.0666966640312147,0.4606623585053763,True
smooth,strong,35,adaptshrink_solo,0.2,0.3614229370228328,0.295037439611657,0.4278084344340086,True
smooth,strong,36,reml_hksj,0.2,0.2950827251796731,0.2388023495238123,0.3513631008355339,True
smooth,strong,36,trim_and_fill,0.2,0.1582559087546946,0.1292757846366918,0.1872360328726975,True
smooth,strong,36,pet_peese,0.2,0.2698016888748146,0.2163564064685011,0.3232469712811281,True
smooth,strong,36,copas,0.2,0.2945798456758143,0.2458793748589547,0.343280316492674,True
smooth,strong,36,ubcma,0.2,0.2385095549743094,0.147694689649198,0.3135550173282386,True
smooth,strong,36,henmi_copas,0.2,0.2896504663163787,0.2289082963651479,0.3503926362676094,True
smooth,strong,36,adaptshrink_ens,0.2,0.2432508659107722,0.0680316015503688,0.4184701302711757,True
smooth,strong,36,adaptshrink_solo,0.2,0.2960449972445195,0.1537296400436695,0.4383603544453696,True
smooth,strong,37,reml_hksj,0.2,0.3248891295242127,0.2628771209146861,0.3869011381337393,True
smooth,strong,37,trim_and_fill,0.2,0.2376513675626862,0.2052503382148848,0.2700523969104876,True
smooth,strong,37,pet_peese,0.2,0.2885681442265485,0.2393496453553177,0.3377866430977793,True
smooth,strong,37,copas,0.2,0.3243345527019937,0.2666197384266043,0.382049366977383,True
smooth,strong,37,ubcma,0.2,0.3092552350042983,0.2374734001043671,0.3852457768364732,True
smooth,strong,37,henmi_copas,0.2,0.3083706726599984,0.2377813496635578,0.378959995656439,True
smooth,strong,37,adaptshrink_ens,0.2,0.285910442319702,0.165445118268952,0.4063757663704518,True
smooth,strong,37,adaptshrink_solo,0.2,0.3099262393461288,0.1235507818965516,0.4963016967957059,True
smooth,strong,38,reml_hksj,0.2,0.3505545644026953,0.2788857191400017,0.4222234096653888,True
smooth,strong,38,trim_and_fill,0.2,0.2004414096810417,0.1709394226561466,0.2299433967059367,True
smooth,strong,38,pet_peese,0.2,0.3130031066296392,0.2529520469199433,0.3730541663393351,True
smooth,strong,38,copas,0.2,0.3498816644221157,0.2884609741442426,0.4113023546999889,True
smooth,strong,38,ubcma,0.2,0.2936905990055088,0.14688876845805,0.4108098512447351,True
smooth,strong,38,henmi_copas,0.2,0.3470772087325856,0.273937296011875,0.4202171214532961,True
smooth,strong,38,adaptshrink_ens,0.2,0.2975913439562886,0.1162769530679073,0.4789057348446698,True
smooth,strong,38,adaptshrink_solo,0.2,0.3505083990688616,0.2645127307021369,0.4365040674355864,True
smooth,strong,39,reml_hksj,0.2,0.3208785026966709,0.222478730465824,0.4192782749275179,True
smooth,strong,39,trim_and_fill,0.2,0.1680853170810037,0.1378435938348977,0.1983270403271097,True
smooth,strong,39,pet_peese,0.2,0.2482327411903293,0.1974047882397776,0.299060694140881,True
smooth,strong,39,copas,0.2,0.3196212604150906,0.238661419136939,0.4005811016932421,True
smooth,strong,39,ubcma,0.2,0.2048241191929898,0.0630613733364049,0.3640803971933475,True
smooth,strong,39,henmi_copas,0.2,0.2940715121146327,0.1960709308198415,0.3920720934094239,True
smooth,strong,39,adaptshrink_ens,0.2,0.199649365060513,0.0294257341822414,0.3698729959387845,True
smooth,strong,39,adaptshrink_solo,0.2,0.2791804716033329,-0.0601468539301482,0.618507797136814,True
smooth,strong,40,reml_hksj,0.2,0.3556087960343492,0.28013125521469,0.4310863368540084,True
smooth,strong,40,trim_and_fill,0.2,0.1947459578389535,0.162862795757963,0.2266291199199439,True
smooth,strong,40,pet_peese,0.2,0.3399453921590691,0.2811312111869424,0.3987595731311957,True
smooth,strong,40,copas,0.2,0.355165541113824,0.2876053902023538,0.4227256920252941,True
smooth,strong,40,ubcma,0.2,0.1921848735086821,0.0841854108232722,0.3214941202844002,True
smooth,strong,40,henmi_copas,0.2,0.3551034535731223,0.2696648947869254,0.4405420123593191,True
smooth,strong,40,adaptshrink_ens,0.2,0.1961879148444995,0.1025210254157458,0.2898548042732531,True
smooth,strong,40,adaptshrink_solo,0.2,0.3555657003146785,0.2793279776356533,0.4318034229937036,True
smooth,strong,41,reml_hksj,0.2,0.2700563135493078,0.1933510937797689,0.3467615333188468,True
smooth,strong,41,trim_and_fill,0.2,0.1103512796776447,0.0796614716654955,0.1410410876897939,True
smooth,strong,41,pet_peese,0.2,0.2125182384321538,0.1571377934588202,0.2678986834054874,True
smooth,strong,41,copas,0.2,0.269498907845782,0.1998556232753162,0.3391421924162477,True
smooth,strong,41,ubcma,0.2,0.2689866022471063,0.1727103344198032,0.3516664205155064,True
smooth,strong,41,henmi_copas,0.2,0.2477467253610259,0.1602588760239342,0.3352345746981177,True
smooth,strong,41,adaptshrink_ens,0.2,0.2132644275634618,0.0415275538857901,0.3850013012411334,True
smooth,strong,41,adaptshrink_solo,0.2,0.2224808427122788,-0.1200557318404608,0.5650174172650186,True
smooth,strong,42,reml_hksj,0.2,0.2748639423431809,0.1688684222634797,0.3808594624228822,True
smooth,strong,42,trim_and_fill,0.2,0.1597885197557435,0.1242100168816187,0.1953670226298683,True
smooth,strong,42,pet_peese,0.2,0.3031988691028445,0.2378992771674342,0.3684984610382549,True
smooth,strong,42,copas,0.2,0.2753161854740693,0.1852692108645511,0.3653631600835874,True
smooth,strong,42,ubcma,0.2,0.1670993836839942,0.0181596010812088,0.3059570886952064,False
smooth,strong,42,henmi_copas,0.2,0.2821363610496222,0.1783121706400311,0.3859605514592134,True
smooth,strong,42,adaptshrink_ens,0.2,0.2267196663408895,-0.7116776217590512,1.1651169544408304,True
smooth,strong,42,adaptshrink_solo,0.2,0.2764340685003605,0.182812438428946,0.370055698571775,True
smooth,strong,43,reml_hksj,0.2,0.2912931092136146,0.1684580055885818,0.4141282128386473,True
smooth,strong,43,trim_and_fill,0.2,0.162709523717622,0.126941187211306,0.1984778602239381,True
smooth,strong,43,pet_peese,0.2,0.2468734116168285,0.18398742637998,0.309759396853677,True
smooth,strong,43,copas,0.2,0.2907519390163539,0.1935182684744643,0.3879856095582434,True
smooth,strong,43,ubcma,0.2,0.1988760280277641,0.0503279787081989,0.3617936414035081,True
smooth,strong,43,henmi_copas,0.2,0.2736929014483925,0.1681464368825874,0.3792393660141976,True
smooth,strong,43,adaptshrink_ens,0.2,0.1917220565707228,0.0158261182871149,0.3676179948543306,True
smooth,strong,43,adaptshrink_solo,0.2,0.2895482260846204,0.0364222755768209,0.5426741765924198,True
smooth,strong,44,reml_hksj,0.2,0.3380714284149878,0.2790973699496835,0.397045486880292,True
smooth,strong,44,trim_and_fill,0.2,0.1882421371652108,0.1547715485306251,0.2217127257997965,True
smooth,strong,44,pet_peese,0.2,0.291940947151532,0.2288982514914083,0.3549836428116557,True
smooth,strong,44,copas,0.2,0.3367339769631011,0.2834571884366901,0.3900107654895122,True
smooth,strong,44,ubcma,0.2,0.2941528859626356,0.208306136430595,0.3878770108960007,True
smooth,strong,44,henmi_copas,0.2,0.3314835346169983,0.2748637316825528,0.3881033375514438,True
smooth,strong,44,adaptshrink_ens,0.2,0.2865007736505549,0.136108407214482,0.4368931400866277,True
smooth,strong,44,adaptshrink_solo,0.2,0.2800003648101832,0.1240804757929839,0.4359202538273824,True
smooth,strong,45,reml_hksj,0.2,0.3577330913630264,0.2927684147501019,0.4226977679759508,True
smooth,strong,45,trim_and_fill,0.2,0.2185771750036409,0.1812088932752516,0.2559454567320302,True
smooth,strong,45,pet_peese,0.2,0.2947616183083782,0.2219533337959938,0.3675699028207626,True
smooth,strong,45,copas,0.2,0.3563898135960417,0.29682486389181,0.4159547633002733,True
smooth,strong,45,ubcma,0.2,0.3206104518633147,0.2292061253230901,0.4117766687935356,True
smooth,strong,45,henmi_copas,0.2,0.339966913538373,0.2786955522327793,0.4012382748439666,True
smooth,strong,45,adaptshrink_ens,0.2,0.2921452093912998,0.1202479984047261,0.4640424203778735,True
smooth,strong,45,adaptshrink_solo,0.2,0.2562838754866395,-0.003738916021594,0.5163066669948732,True
smooth,strong,46,reml_hksj,0.2,0.2701728440691613,0.2172112590528087,0.323134429085514,True
smooth,strong,46,trim_and_fill,0.2,0.1071919982323572,0.0817963518026945,0.1325876446620199,True
smooth,strong,46,pet_peese,0.2,0.2248739993618792,0.1807502876177342,0.2689977111060243,True
smooth,strong,46,copas,0.2,0.2695858961537939,0.2204678907755441,0.3187039015320436,True
smooth,strong,46,ubcma,0.2,0.238833192112249,0.1577841431345621,0.3090590501632803,True
smooth,strong,46,henmi_copas,0.2,0.2579179527199721,0.1997787093288496,0.3160571961110946,True
smooth,strong,46,adaptshrink_ens,0.2,0.224833403837979,0.1048671882056216,0.3447996194703364,True
smooth,strong,46,adaptshrink_solo,0.2,0.2043913687855514,0.0138795394532063,0.3949031981178964,True
smooth,strong,47,reml_hksj,0.2,0.3100580273118692,0.2230789706431515,0.3970370839805869,True
smooth,strong,47,trim_and_fill,0.2,0.1305714387811569,0.0997606140372733,0.1613822635250404,True
smooth,strong,47,pet_peese,0.2,0.2124218671152073,0.1569730994260813,0.2678706348043334,True
smooth,strong,47,copas,0.2,0.3083959171326385,0.2323909121011362,0.3844009221641408,True
smooth,strong,47,ubcma,0.2,0.1855167933063952,0.0898193038766906,0.2813127876145657,True
smooth,strong,47,henmi_copas,0.2,0.2771275447524765,0.1826115375592385,0.3716435519457145,True
smooth,strong,47,adaptshrink_ens,0.2,0.1861166216059259,0.0236956446096849,0.3485375986021669,True
smooth,strong,47,adaptshrink_solo,0.2,0.1622514195583328,-0.0542000448809817,0.3787028839976474,True
smooth,strong,48,reml_hksj,0.2,0.3381830007337064,0.2318969285786888,0.4444690728887239,True
smooth,strong,48,trim_and_fill,0.2,0.1903475004934465,0.1479489588410222,0.2327460421458709,True
smooth,strong,48,pet_peese,0.2,0.2822752247627042,0.2108818099193715,0.3536686396060369,True
smooth,strong,48,copas,0.2,0.3369970587495465,0.2444097560022787,0.4295843614968143,True
smooth,strong,48,ubcma,0.2,0.1354393430530743,-0.0128883988371934,0.2701159100873677,True
smooth,strong,48,henmi_copas,0.2,0.3216629159715441,0.2006760339205712,0.442649798022517,True
smooth,strong,48,adaptshrink_ens,0.2,0.191503034371415,0.0610157516789657,0.3219903170638643,True
smooth,strong,48,adaptshrink_solo,0.2,0.3363038919073389,0.2185962165087409,0.4540115673059368,True
smooth,strong,49,reml_hksj,0.2,0.3837237000286857,0.3008448332330903,0.4666025668242811,True
smooth,strong,49,trim_and_fill,0.2,0.2440261538142845,0.2033190738585177,0.2847332337700514,True
smooth,strong,49,pet_peese,0.2,0.4249414839983709,0.3493683483698946,0.5005146196268472,True
smooth,strong,49,copas,0.2,0.385792989481477,0.3127928329287778,0.4587931460341762,True
smooth,strong,49,ubcma,0.2,0.2384824351715073,0.1053751240231793,0.3696700941374231,True
smooth,strong,49,henmi_copas,0.2,0.403634757682928,0.314548813988949,0.4927207013769071,True
smooth,strong,49,adaptshrink_ens,0.2,0.2456146392541299,0.1271447540667774,0.3640845244414825,True
smooth,strong,49,adaptshrink_solo,0.2,0.3949130277498659,0.2211738456085494,0.5686522098911824,True
smooth,strong,50,reml_hksj,0.2,0.319485972221211,0.2235830811281891,0.4153888633142329,True
smooth,strong,50,trim_and_fill,0.2,0.1494311182760339,0.1106227182562684,0.1882395182957993,True
smooth,strong,50,pet_peese,0.2,0.2359520655844183,0.1620990221677465,0.3098051090010902,True
smooth,strong,50,copas,0.2,0.3165636830732701,0.2371325384769704,0.3959948276695698,True
smooth,strong,50,ubcma,0.2,0.2187494291845332,0.086857588230146,0.3174345734429978,True
smooth,strong,50,henmi_copas,0.2,0.2955318004600012,0.1949987609185146,0.3960648400014879,True
smooth,strong,50,adaptshrink_ens,0.2,0.2156376443822425,0.0374579922905232,0.3938172964739618,True
smooth,strong,50,adaptshrink_solo,0.2,0.2227767984575524,-0.0338146132977864,0.4793682102128913,True
smooth,strong,51,reml_hksj,0.2,0.3150473601194189,0.2576274166741912,0.3724673035646466,True
smooth,strong,51,trim_and_fill,0.2,0.1884082110128812,0.1543252909481826,0.2224911310775798,True
smooth,strong,51,pet_peese,0.2,0.3243752544195751,0.2616423877592589,0.3871081210798912,True
smooth,strong,51,copas,0.2,0.3148480353054538,0.2624237368567098,0.3672723337541979,True
smooth,strong,51,ubcma,0.2,0.2735688054442085,0.1871466929011224,0.3487343745105005,True
smooth,strong,51,henmi_copas,0.2,0.3129141438451835,0.2648767097179215,0.3609515779724455,True
smooth,strong,51,adaptshrink_ens,0.2,0.2763917946006596,0.0679931263159524,0.4847904628853667,True
smooth,strong,51,adaptshrink_solo,0.2,0.3140407186329048,0.2522693636538812,0.3758120736119283,True
smooth,strong,52,reml_hksj,0.2,0.3246067222366702,0.2670141050177976,0.3821993394555427,True
smooth,strong,52,trim_and_fill,0.2,0.2243680920824032,0.1916210991933211,0.2571150849714853,True
smooth,strong,52,pet_peese,0.2,0.2738657182199901,0.2056697309103019,0.3420617055296783,True
smooth,strong,52,copas,0.2,0.3227265132320565,0.2792702559555901,0.3661827705085229,True
smooth,strong,52,ubcma,0.2,0.3353953836679463,0.2279518399432608,0.4578993899318186,True
smooth,strong,52,henmi_copas,0.2,0.3219587981268916,0.263438642669025,0.3804789535847583,True
smooth,strong,52,adaptshrink_ens,0.2,0.2666348467136867,0.0977475714314536,0.4355221219959199,True
smooth,strong,52,adaptshrink_solo,0.2,0.2623149026552552,-0.0151990536953993,0.5398288590059098,True
smooth,strong,53,reml_hksj,0.2,0.3330306551533171,0.2908330539974061,0.375228256309228,True
smooth,strong,53,trim_and_fill,0.2,0.2505409691995747,0.2226289071231485,0.2784530312760008,True
smooth,strong,53,pet_peese,0.2,0.2970899727717699,0.2476874591057166,0.3464924864378232,True
smooth,strong,53,copas,0.2,0.3324730624908509,0.2941921206562459,0.3707540043254559,True
smooth,strong,53,ubcma,0.2,0.3150556570265275,0.25179878669874,0.3783125273543151,True
smooth,strong,53,henmi_copas,0.2,0.3315793295169017,0.297559393040859,0.3655992659929444,True
smooth,strong,53,adaptshrink_ens,0.2,0.2947165906580225,0.1802720463784158,0.4091611349376292,True
smooth,strong,53,adaptshrink_solo,0.2,0.278587824897501,0.1310033321328192,0.4261723176621828,True
smooth,strong,54,reml_hksj,0.2,0.3402543838054581,0.2631097375158616,0.4173990300950545,True
smooth,strong,54,trim_and_fill,0.2,0.1909552901289261,0.1523905353943145,0.2295200448635376,True
smooth,strong,54,pet_peese,0.2,0.3052275480116932,0.2285754218192712,0.3818796742041152,True
smooth,strong,54,copas,0.2,0.3397042092651003,0.2697627662934383,0.4096456522367623,True
smooth,strong,54,ubcma,0.2,0.228875492752356,0.1582980937537458,0.3102402319365982,True
smooth,strong,54,henmi_copas,0.2,0.3291135305121249,0.2486498568191731,0.4095772042050767,True
smooth,strong,54,adaptshrink_ens,0.2,0.2211667987877791,0.0514224497139542,0.3909111478616038,True
smooth,strong,54,adaptshrink_solo,0.2,0.3399305358382282,0.2492766269590408,0.4305844447174155,True
smooth,strong,55,reml_hksj,0.2,0.3224943252412924,0.2522811706679027,0.392707479814682,True
smooth,strong,55,trim_and_fill,0.2,0.1886037094733307,0.1588665087409118,0.2183409102057496,True
smooth,strong,55,pet_peese,0.2,0.2767196936363355,0.2282969858654631,0.3251424014072078,True
smooth,strong,55,copas,0.2,0.32156396589669,0.2577400365247435,0.3853878952686365,True
smooth,strong,55,ubcma,0.2,0.3524571620375337,0.2057563110466296,0.4485520874706155,True
smooth,strong,55,henmi_copas,0.2,0.3032692348358618,0.2261341871799602,0.3804042824917634,True
smooth,strong,55,adaptshrink_ens,0.2,0.2750546972167161,0.1186959683109081,0.4314134261225242,True
smooth,strong,55,adaptshrink_solo,0.2,0.2813244847057158,0.1056494393768244,0.4569995300346072,True
smooth,strong,56,reml_hksj,0.2,0.342603947920843,0.2867248952212361,0.3984830006204499,True
smooth,strong,56,trim_and_fill,0.2,0.2357905320477688,0.1997057528849041,0.2718753112106336,True
smooth,strong,56,pet_peese,0.2,0.2776624248206265,0.2061397072127638,0.3491851424284892,True
smooth,strong,56,copas,0.2,0.3416254910490357,0.2898003388000735,0.3934506432979979,True
smooth,strong,56,ubcma,0.2,0.30617138302648,0.167017476217767,0.4389574706063571,True
smooth,strong,56,henmi_copas,0.2,0.334043808956,0.2907405670631107,0.3773470508488893,True
smooth,strong,56,adaptshrink_ens,0.2,0.2670378065486014,0.1255691557461005,0.4085064573511021,True
smooth,strong,56,adaptshrink_solo,0.2,0.2208545346407358,-0.0061172351101591,0.4478263043916308,True
smooth,strong,57,reml_hksj,0.2,0.3494154271188844,0.2839729817312972,0.4148578725064715,True
smooth,strong,57,trim_and_fill,0.2,0.2307413727455549,0.1965530459822791,0.2649296995088306,True
smooth,strong,57,pet_peese,0.2,0.1221511423926181,-0.0042453366178555,0.2485476214030919,True
smooth,strong,57,copas,0.2,0.3464577137129978,0.2913817189326882,0.4015337084933073,True
smooth,strong,57,ubcma,0.2,0.3661281692132313,0.2719529638621143,0.4623392977884157,True
smooth,strong,57,henmi_copas,0.2,0.3325131271263965,0.2667604428694772,0.3982658113833158,True
smooth,strong,57,adaptshrink_ens,0.2,0.2306637250114025,0.1116619843768465,0.3496654656459584,True
smooth,strong,57,adaptshrink_solo,0.2,0.1412805598705658,-0.0046621648682563,0.287223284609388,True
smooth,strong,58,reml_hksj,0.2,0.3412334110714902,0.2467943015372441,0.4356725206057362,True
smooth,strong,58,trim_and_fill,0.2,0.0729966459526373,0.0424469223780053,0.1035463695272694,True
smooth,strong,58,pet_peese,0.2,0.2847761347391653,0.222732990991124,0.3468192784872066,True
smooth,strong,58,copas,0.2,0.3410165487297488,0.2559392536712108,0.4260938437882867,True
smooth,strong,58,ubcma,0.2,0.1783208372429752,0.0818689806141241,0.2691448699893406,True
smooth,strong,58,henmi_copas,0.2,0.3203461618163448,0.2012075343297238,0.4394847893029657,True
smooth,strong,58,adaptshrink_ens,0.2,0.1772333925765193,-0.1059900479868116,0.4604568331398502,True
smooth,strong,58,adaptshrink_solo,0.2,0.342098603510897,0.1317125230370643,0.5524846839847297,True
smooth,strong,59,reml_hksj,0.2,0.3143550419521108,0.2467173021011292,0.3819927818030924,True
smooth,strong,59,trim_and_fill,0.2,0.2396172482214584,0.2043955993015451,0.2748388971413716,True
smooth,strong,59,pet_peese,0.2,0.2747417748456169,0.2178469896131714,0.3316365600780625,True
smooth,strong,59,copas,0.2,0.3114698398555212,0.2597421280936425,0.3631975516173998,True
smooth,strong,59,ubcma,0.2,0.1691012050512723,0.0765563394510228,0.253325093693927,True
smooth,strong,59,henmi_copas,0.2,0.3044141408046431,0.2333265999931577,0.3755016816161284,True
smooth,strong,59,adaptshrink_ens,0.2,0.2414585319024072,0.1371415480109069,0.3457755157939076,True
smooth,strong,59,adaptshrink_solo,0.2,0.2914592080647892,0.1169742289221859,0.4659441872073925,True
smooth,strong,60,reml_hksj,0.2,0.3363693694850745,0.2592241890538521,0.4135145499162969,True
smooth,strong,60,trim_and_fill,0.2,0.0973067433005173,0.0695850168386982,0.1250284697623363,True
smooth,strong,60,pet_peese,0.2,0.2232143579159155,0.1712033832906507,0.2752253325411802,True
smooth,strong,60,copas,0.2,0.3356181520053671,0.2638684410532584,0.4073678629574759,True
smooth,strong,60,ubcma,0.2,0.3204579952099136,0.2213470514838545,0.4181524359439075,True
smooth,strong,60,henmi_copas,0.2,0.2978994884253881,0.2069311843252673,0.3888677925255088,True
smooth,strong,60,adaptshrink_ens,0.2,0.2233905196365682,0.0448679909743579,0.4019130482987786,True
smooth,strong,60,adaptshrink_solo,0.2,0.1567490495803273,-0.0969611832023857,0.4104592823630403,True
smooth,strong,61,reml_hksj,0.2,0.3874372655639405,0.3228629979240832,0.4520115332037978,True
smooth,strong,61,trim_and_fill,0.2,0.2227751020981939,0.1842841058068039,0.2612660983895838,True
smooth,strong,61,pet_peese,0.2,0.3111391898919656,0.2314090836505393,0.390869296133392,True
smooth,strong,61,copas,0.2,0.3865099531150032,0.3266693862035794,0.4463505200264271,True
smooth,strong,61,ubcma,0.2,0.3124369727676594,0.2343318786623578,0.419485982461884,True
smooth,strong,61,henmi_copas,0.2,0.3724048891134771,0.3219501322711003,0.4228596459558538,True
smooth,strong,61,adaptshrink_ens,0.2,0.3024501084187384,0.1356024559453951,0.4692977608920817,True
smooth,strong,61,adaptshrink_solo,0.2,0.2608848420171837,-0.0667088187538791,0.5884785027882466,True
smooth,strong,62,reml_hksj,0.2,0.2839474811775853,0.2061013227810757,0.3617936395740948,True
smooth,strong,62,trim_and_fill,0.2,0.1026590921915091,0.0679109436965832,0.137407240686435,True
smooth,strong,62,pet_peese,0.2,0.2219199072103941,0.1600939994686666,0.2837458149521217,True
smooth,strong,62,copas,0.2,0.2827849705813944,0.2122678688635983,0.3533020722991906,True
smooth,strong,62,ubcma,0.2,0.1533563467782676,0.0808425295129041,0.2251964003524315,True
smooth,strong,62,henmi_copas,0.2,0.2571230682605336,0.1645071250474886,0.3497390114735786,True
smooth,strong,62,adaptshrink_ens,0.2,0.1489594583720971,-0.0361606793574408,0.334079596101635,True
smooth,strong,62,adaptshrink_solo,0.2,0.2159659029825927,-0.0845399886990515,0.516471794664237,True
smooth,strong,63,reml_hksj,0.2,0.3433271865799177,0.2674998742982915,0.4191544988615438,True
smooth,strong,63,trim_and_fill,0.2,0.2055059334339518,0.1748396571228053,0.2361722097450983,True
smooth,strong,63,pet_peese,0.2,0.3030346678337268,0.2467602443801268,0.3593090912873267,True
smooth,strong,63,copas,0.2,0.3429906731581409,0.2728772292038957,0.4131041171123862,True
smooth,strong,63,ubcma,0.2,0.2436685014825562,0.146939546401145,0.3302256585834484,True
smooth,strong,63,henmi_copas,0.2,0.3321431788113175,0.2470024268489626,0.4172839307736723,True
smooth,strong,63,adaptshrink_ens,0.2,0.2367820503607632,0.0636252424341234,0.4099388582874032,True
smooth,strong,63,adaptshrink_solo,0.2,0.3433028884119692,0.134707975997056,0.5518978008268824,True
smooth,strong,64,reml_hksj,0.2,0.3549425878335822,0.2857185739380485,0.4241666017291158,True
smooth,strong,64,trim_and_fill,0.2,0.1992612536757688,0.1715143283034924,0.2270081790480452,True
smooth,strong,64,pet_peese,0.2,0.350533814748265,0.2973836360756449,0.4036839934208851,True
smooth,strong,64,copas,0.2,0.354750366569004,0.29060161045111,0.418899122686898,True
smooth,strong,64,ubcma,0.2,0.2524727060883797,0.2004473861813554,0.3024188212032901,True
smooth,strong,64,henmi_copas,0.2,0.3565245125182799,0.2735786459642806,0.4394703790722792,True
smooth,strong,64,adaptshrink_ens,0.2,0.2482307588880347,0.0886398123183956,0.4078217054576739,True
smooth,strong,64,adaptshrink_solo,0.2,0.3555931793850448,0.1114004809030159,0.5997858778670738,True
smooth,strong,65,reml_hksj,0.2,0.2940942050860497,0.2472949985137235,0.3408934116583759,True
smooth,strong,65,trim_and_fill,0.2,0.182066720147059,0.1514604650587714,0.2126729752353466,True
smooth,strong,65,pet_peese,0.2,0.27099633343795,0.2164457966166273,0.3255468702592726,True
smooth,strong,65,copas,0.2,0.2933637709569161,0.2504373892079171,0.3362901527059151,True
smooth,strong,65,ubcma,0.2,0.2672373379725735,0.2093800189279465,0.3238965762086836,True
smooth,strong,65,henmi_copas,0.2,0.2916020438512187,0.2483077388671733,0.334896348835264,True
smooth,strong,65,adaptshrink_ens,0.2,0.2646745672282834,0.1474580214854363,0.3818911129711305,True
smooth,strong,65,adaptshrink_solo,0.2,0.2858216885368098,0.1645679833164844,0.4070753937571351,True
smooth,strong,66,reml_hksj,0.2,0.307758655465482,0.2361319438980414,0.3793853670329226,True
smooth,strong,66,trim_and_fill,0.2,0.1664229648030169,0.1295933483364163,0.2032525812696176,True
smooth,strong,66,pet_peese,0.2,0.2431991469614388,0.1714039928214382,0.3149943011014394,True
smooth,strong,66,copas,0.2,0.3066111037740554,0.2412537803019989,0.3719684272461119,True
smooth,strong,66,ubcma,0.2,0.2531292431328498,0.1471379912232625,0.3542614649907964,True
smooth,strong,66,henmi_copas,0.2,0.2896955275114229,0.2154763896986372,0.3639146653242086,True
smooth,strong,66,adaptshrink_ens,0.2,0.2361236770099612,0.0736214932650457,0.3986258607548768,True
smooth,strong,66,adaptshrink_solo,0.2,0.2232218036212641,-0.0050016233636559,0.4514452306061842,True
smooth,strong,67,reml_hksj,0.2,0.3396707990235283,0.2377425585965367,0.4415990394505198,True
smooth,strong,67,trim_and_fill,0.2,0.1038105414459394,0.074537201453483,0.1330838814383958,True
smooth,strong,67,pet_peese,0.2,0.311974998415481,0.2604460973982482,0.3635038994327137,True
smooth,strong,67,copas,0.2,0.3391408124260317,0.2479685082292274,0.430313116622836,True
smooth,strong,67,ubcma,0.2,0.1365766324438022,-0.0154662402582928,0.326811514505088,True
smooth,strong,67,henmi_copas,0.2,0.3294057735349057,0.2174180132645568,0.4413935338052546,True
smooth,strong,67,adaptshrink_ens,0.2,0.1154953192373973,-0.0666463789936261,0.2976370174684209,True
smooth,strong,67,adaptshrink_solo,0.2,0.3392273755297205,0.2401403594676981,0.4383143915917429,True
smooth,strong,68,reml_hksj,0.2,0.275205749388149,0.1777798078358425,0.3726316909404555,True
smooth,strong,68,trim_and_fill,0.2,0.1026812293154685,0.0633842706486109,0.1419781879823261,True
smooth,strong,68,pet_peese,0.2,0.0634272398142374,-0.075664758477852,0.2025192381063269,True
smooth,strong,68,copas,0.2,0.2741394225031272,0.1879356908792684,0.360343154126986,True
smooth,strong,68,ubcma,0.2,0.1849410195628147,0.1020567664112434,0.2698232358788683,True
smooth,strong,68,henmi_copas,0.2,0.2430059370937807,0.127978993042747,0.3580328811448144,True
smooth,strong,68,adaptshrink_ens,0.2,0.1039870172542876,-0.011061554019458,0.2190355885280334,True
smooth,strong,68,adaptshrink_solo,0.2,0.1351650843688838,-0.2704499619431184,0.540780130680886,True
smooth,strong,69,reml_hksj,0.2,0.2838431609872147,0.1959702844437708,0.3717160375306587,True
smooth,strong,69,trim_and_fill,0.2,0.0408497776166712,0.0110614158103916,0.0706381394229507,True
smooth,strong,69,pet_peese,0.2,0.2405455217721897,0.1738559987185324,0.307235044825847,True
smooth,strong,69,copas,0.2,0.2836096806629648,0.2025932966366097,0.3646260646893199,True
smooth,strong,69,ubcma,0.2,0.1988835816367592,0.0665795989134556,0.3176539120261767,True
smooth,strong,69,henmi_copas,0.2,0.2750976128832298,0.1692235191965936,0.380971706569866,True
smooth,strong,69,adaptshrink_ens,0.2,0.2118062760867312,-0.0364185458911506,0.4600310980646132,True
smooth,strong,69,adaptshrink_solo,0.2,0.2845246448336291,-0.0227838206056197,0.591833110272878,True
smooth,strong,70,reml_hksj,0.2,0.3167642964578486,0.1669586339233344,0.4665699589923628,True
smooth,strong,70,trim_and_fill,0.2,0.0909414211943693,0.0547201744301414,0.1271626679585973,True
smooth,strong,70,pet_peese,0.2,0.3758114717236613,0.308183154465289,0.4434397889820337,True
smooth,strong,70,copas,0.2,0.3174577359871066,0.1882347868879547,0.4466806850862585,True
smooth,strong,70,ubcma,0.2,0.2815477379967398,0.1573642087789032,0.3955815066168646,True
smooth,strong,70,henmi_copas,0.2,0.342672147655787,0.1704981664565912,0.5148461288549828,True
smooth,strong,70,adaptshrink_ens,0.2,0.2920124418958601,-0.0520710154001741,0.6360958991918944,True
smooth,strong,70,adaptshrink_solo,0.2,0.318012880837398,0.1700041228651909,0.4660216388096051,True
smooth,strong,71,reml_hksj,0.2,0.2891548764628299,0.2201303978405413,0.3581793550851185,True
smooth,strong,71,trim_and_fill,0.2,0.1890443219197622,0.1500279886135722,0.2280606552259522,True
smooth,strong,71,pet_peese,0.2,0.284889297838368,0.21394718674378,0.355831408932956,True
smooth,strong,71,copas,0.2,0.2888760426416027,0.2274927807128608,0.3502593045703446,True
smooth,strong,71,ubcma,0.2,0.2600119513007495,0.1730906407795156,0.3382739763354984,True
smooth,strong,71,henmi_copas,0.2,0.2839997839577883,0.2137161119333176,0.3542834559822591,True
smooth,strong,71,adaptshrink_ens,0.2,0.2598802852883445,0.0896273553218106,0.4301332152548784,True
smooth,strong,71,adaptshrink_solo,0.2,0.2890968954723865,0.2163500172021771,0.3618437737425959,True
smooth,strong,72,reml_hksj,0.2,0.3302750092478136,0.2593227481025312,0.4012272703930961,True
smooth,strong,72,trim_and_fill,0.2,0.2031662611930256,0.173932926902019,0.2323995954840322,True
smooth,strong,72,pet_peese,0.2,0.2998054997224026,0.2519868919238936,0.3476241075209116,True
smooth,strong,72,copas,0.2,0.3299515005015461,0.2676510128290922,0.3922519881740001,True
smooth,strong,72,ubcma,0.2,0.2576261753533963,0.1497729213314525,0.3569330716484671,True
smooth,strong,72,henmi_copas,0.2,0.3118713431010679,0.232982802592797,0.3907598836093388,True
smooth,strong,72,adaptshrink_ens,0.2,0.2582517820304999,0.0685960347188485,0.4479075293421513,True
smooth,strong,72,adaptshrink_solo,0.2,0.3304578386255212,0.1728440837786952,0.4880715934723472,True
smooth,strong,73,reml_hksj,0.2,0.3437551777600402,0.2681825877260603,0.4193277677940201,True
smooth,strong,73,trim_and_fill,0.2,0.1908514610022118,0.1452136669443128,0.2364892550601107,True
smooth,strong,73,pet_peese,0.2,0.2990891783504519,0.2049726610034687,0.3932056956974352,True
smooth,strong,73,copas,0.2,0.3430128352524491,0.2796679550333955,0.4063577154715027,True
smooth,strong,73,ubcma,0.2,0.2443748037642513,0.1133942604121947,0.3486231252042538,True
smooth,strong,73,henmi_copas,0.2,0.342413592869493,0.2673900021134386,0.4174371836255474,True
smooth,strong,73,adaptshrink_ens,0.2,0.2372875243088776,0.0219997177923099,0.4525753308254453,True
smooth,strong,73,adaptshrink_solo,0.2,0.3449393291234535,0.0552907635248016,0.6345878947221053,True
smooth,strong,74,reml_hksj,0.2,0.376669904390784,0.3093417659816893,0.4439980427998788,True
smooth,strong,74,trim_and_fill,0.2,0.2398667980700725,0.2047129588312817,0.2750206373088634,True
smooth,strong,74,pet_peese,0.2,0.3947076781689048,0.3246627232279647,0.4647526331098448,True
smooth,strong,74,copas,0.2,0.3771082188528155,0.3164672117955883,0.4377492259100426,True
smooth,strong,74,ubcma,0.2,0.3260415205242482,0.2440016308321057,0.4086642868749494,True
smooth,strong,74,henmi_copas,0.2,0.385267911948505,0.3118963788921532,0.4586394450048567,True
smooth,strong,74,adaptshrink_ens,0.2,0.3264318006305513,0.0971547551871813,0.5557088460739213,True
smooth,strong,74,adaptshrink_solo,0.2,0.3765808231220435,0.3192708143275024,0.4338908319165845,True
smooth,strong,75,reml_hksj,0.2,0.3603054375854034,0.2838949779868404,0.4367158971839664,True
smooth,strong,75,trim_and_fill,0.2,0.1755967077016073,0.1400926358789629,0.2111007795242518,True
smooth,strong,75,pet_peese,0.2,0.2626701405771393,0.1995279364320137,0.3258123447222648,True
smooth,strong,75,copas,0.2,0.3591475372202566,0.2885837496467668,0.4297113247937464,True
smooth,strong,75,ubcma,0.2,0.2505830662593691,0.1569173734791435,0.3428974054918186,True
smooth,strong,75,henmi_copas,0.2,0.3253250218139298,0.237930051010205,0.4127199926176547,True
smooth,strong,75,adaptshrink_ens,0.2,0.2489415756890012,0.0942236342467498,0.4036595171312526,True
smooth,strong,75,adaptshrink_solo,0.2,0.2101495379665958,-0.0163194068171808,0.4366184827503725,True
smooth,strong,76,reml_hksj,0.2,0.3015581543297647,0.2283262452161298,0.3747900634433996,True
smooth,strong,76,trim_and_fill,0.2,0.2284747609890045,0.1812860566612636,0.2756634653167455,True
smooth,strong,76,pet_peese,0.2,0.2614982945625021,0.1913287439471376,0.3316678451778666,True
smooth,strong,76,copas,0.2,0.2956611209594548,0.2373070198418278,0.3540152220770817,True
smooth,strong,76,ubcma,0.2,0.2601804089222337,0.1787465760380188,0.3478707837587337,True
smooth,strong,76,henmi_copas,0.2,0.2899911809955531,0.2113898013125926,0.3685925606785135,True
smooth,strong,76,adaptshrink_ens,0.2,0.2504346559746088,0.1416575390597259,0.3592117728894917,True
smooth,strong,76,adaptshrink_solo,0.2,0.2689716223930605,0.05643573895422,0.481507505831901,True
smooth,strong,77,reml_hksj,0.2,0.3417220972157919,0.2865550028583968,0.3968891915731869,True
smooth,strong,77,trim_and_fill,0.2,0.2262826599383073,0.1966456140697706,0.255919705806844,True
smooth,strong,77,pet_peese,0.2,0.3343445464558027,0.2848283951818287,0.3838606977297767,True
smooth,strong,77,copas,0.2,0.341847315041295,0.2913147447435933,0.3923798853389967,True
smooth,strong,77,ubcma,0.2,0.355429594598856,0.2640261087055565,0.4425463093976287,True
smooth,strong,77,henmi_copas,0.2,0.3470181804760881,0.2881688278326297,0.4058675331195465,True
smooth,strong,77,adaptshrink_ens,0.2,0.3340004716316115,0.1967865573415256,0.4712143859216974,True
smooth,strong,77,adaptshrink_solo,0.2,0.3417023295941164,0.2858367218246798,0.397567937363553,True
smooth,strong,78,reml_hksj,0.2,0.3198927658792012,0.2585303659329016,0.3812551658255007,True
smooth,strong,78,trim_and_fill,0.2,0.181733151071437,0.1517543554360947,0.2117119467067793,True
smooth,strong,78,pet_peese,0.2,0.2738736221853347,0.2066337073227409,0.3411135370479283,True
smooth,strong,78,copas,0.2,0.3193553203452393,0.265526909684804,0.3731837310056745,True
smooth,strong,78,ubcma,0.2,0.301676817408922,0.2002203031239545,0.3936171369001846,True
smooth,strong,78,henmi_copas,0.2,0.3139749356899058,0.2512745186943427,0.376675352685469,True
smooth,strong,78,adaptshrink_ens,0.2,0.2723903458924421,0.0993027642094497,0.4454779275754344,True
smooth,strong,78,adaptshrink_solo,0.2,0.320064434866652,0.1345261437231054,0.5056027260101985,True
smooth,strong,79,reml_hksj,0.2,0.3373205260014764,0.275491311035114,0.3991497409678388,True
smooth,strong,79,trim_and_fill,0.2,0.2039268614870806,0.1738146196505205,0.2340391033236406,True
smooth,strong,79,pet_peese,0.2,0.314797354353056,0.263792492073972,0.3658022166321399,True
smooth,strong,79,copas,0.2,0.3368944638763896,0.2804779618761929,0.3933109658765862,True
smooth,strong,79,ubcma,0.2,0.2087730807304328,0.1249346644544371,0.2979408371817126,True
smooth,strong,79,henmi_copas,0.2,0.3413959691211909,0.2701604877716212,0.4126314504707606,True
smooth,strong,79,adaptshrink_ens,0.2,0.206576149234157,0.1172989020765146,0.2958533963917995,True
smooth,strong,79,adaptshrink_solo,0.2,0.3375696204928279,0.1772084247904094,0.4979308161952465,True
smooth,strong,80,reml_hksj,0.2,0.3122108562517133,0.2461113132207023,0.3783103992827243,True
smooth,strong,80,trim_and_fill,0.2,0.1639392823430686,0.1366613811139274,0.1912171835722099,True
smooth,strong,80,pet_peese,0.2,0.2477258861133167,0.2041486405177509,0.2913031317088826,True
smooth,strong,80,copas,0.2,0.311471002799751,0.2497182405018281,0.3732237650976739,True
smooth,strong,80,ubcma,0.2,0.2151140174574935,0.1020114635649439,0.3239157795384068,True
smooth,strong,80,henmi_copas,0.2,0.2872509869576325,0.2078936083269399,0.3666083655883252,True
smooth,strong,80,adaptshrink_ens,0.2,0.21720525493562,0.0481897085610758,0.3862208013101642,True
smooth,strong,80,adaptshrink_solo,0.2,0.2403246325718621,-0.0501407119686358,0.5307899771123601,True
smooth,strong,81,reml_hksj,0.2,0.3353119351575721,0.2018049718001115,0.4688188985150328,True
smooth,strong,81,trim_and_fill,0.2,0.0993104883774055,0.0605390239908496,0.1380819527639614,True
smooth,strong,81,pet_peese,0.2,0.2722632087672276,0.1889239084499779,0.3556025090844772,True
smooth,strong,81,copas,0.2,0.3350498658870374,0.2161069327896968,0.4539927989843779,True
smooth,strong,81,ubcma,0.2,0.1501686425485133,-0.0270596857556286,0.3065950772460142,True
smooth,strong,81,henmi_copas,0.2,0.3139576576954923,0.1575436435836409,0.4703716718073437,True
smooth,strong,81,adaptshrink_ens,0.2,0.1318532208245642,-0.1272229768279126,0.390929418477041,True
smooth,strong,81,adaptshrink_solo,0.2,0.3348925941873185,0.1936858424624108,0.4760993459122262,True
smooth,strong,82,reml_hksj,0.2,0.3308965907763694,0.2732248853450261,0.3885682962077128,True
smooth,strong,82,trim_and_fill,0.2,0.194688596314846,0.1625308925406177,0.2268463000890743,True
smooth,strong,82,pet_peese,0.2,0.3070924177349445,0.2465401905725706,0.3676446448973185,True
smooth,strong,82,copas,0.2,0.330466505413526,0.2774111961410669,0.383521814685985,True
smooth,strong,82,ubcma,0.2,0.3377309282562473,0.2504080200471908,0.4235016670886181,True
smooth,strong,82,henmi_copas,0.2,0.3263378608755767,0.2743802419144572,0.3782954798366963,True
smooth,strong,82,adaptshrink_ens,0.2,0.3083808901173761,0.1430069356603149,0.4737548445744373,True
smooth,strong,82,adaptshrink_solo,0.2,0.3293070170823253,0.2121625418253118,0.4464514923393389,True
smooth,strong,83,reml_hksj,0.2,0.3184163537842346,0.2732866122096563,0.3635460953588129,True
smooth,strong,83,trim_and_fill,0.2,0.2110986479107322,0.1868759085957603,0.2353213872257041,True
smooth,strong,83,pet_peese,0.2,0.3063277404678111,0.2617395716719663,0.3509159092636559,True
smooth,strong,83,copas,0.2,0.3180411341780814,0.2773484879330929,0.3587337804230699,True
smooth,strong,83,ubcma,0.2,0.2499345167054461,0.1897941975081105,0.310314917017342,True
smooth,strong,83,henmi_copas,0.2,0.3149351539036334,0.2683577732810569,0.36151253452621,True
smooth,strong,83,adaptshrink_ens,0.2,0.2457224816884747,0.0962341832271765,0.3952107801497729,True
smooth,strong,83,adaptshrink_solo,0.2,0.3185492359109735,0.2731823507859492,0.3639161210359979,True
smooth,strong,84,reml_hksj,0.2,0.3015693637024157,0.2156042463171202,0.3875344810877112,True
smooth,strong,84,trim_and_fill,0.2,0.170600012361793,0.1303190702043323,0.2108809545192537,True
smooth,strong,84,pet_peese,0.2,0.3046887822982041,0.2315286550267583,0.3778489095696499,True
smooth,strong,84,copas,0.2,0.3023954083287317,0.2400797436880851,0.3647110729693782,True
smooth,strong,84,ubcma,0.2,0.2988891626366592,0.1703719560265476,0.4253224824408304,True
smooth,strong,84,henmi_copas,0.2,0.3083573358019535,0.2134024509352599,0.4033122206686471,True
smooth,strong,84,adaptshrink_ens,0.2,0.295340948749531,0.1068909091229409,0.483790988376121,True
smooth,strong,84,adaptshrink_solo,0.2,0.30156207066139,0.2299419439055341,0.3731821974172458,True
smooth,strong,85,reml_hksj,0.2,0.3171294328044618,0.2575944805864753,0.3766643850224483,True
smooth,strong,85,trim_and_fill,0.2,0.1884240212035664,0.156290424525238,0.2205576178818948,True
smooth,strong,85,pet_peese,0.2,0.2687749181595478,0.2131707356981625,0.324379100620933,True
smooth,strong,85,copas,0.2,0.3160766505370746,0.262361200810849,0.3697921002633002,True
smooth,strong,85,ubcma,0.2,0.2809989141685022,0.0202475059398077,0.5307229500668202,True
smooth,strong,85,henmi_copas,0.2,0.3033195766981308,0.2402889046789372,0.3663502487173243,True
smooth,strong,85,adaptshrink_ens,0.2,0.2610255868659689,0.1101312888006326,0.4119198849313052,True
smooth,strong,85,adaptshrink_solo,0.2,0.2496509131608055,0.0021116559293102,0.4971901703923008,True
smooth,strong,86,reml_hksj,0.2,0.3320841004026911,0.2384100136139546,0.4257581871914276,True
smooth,strong,86,trim_and_fill,0.2,0.1258534657009122,0.0880423400095909,0.1636645913922335,True
smooth,strong,86,pet_peese,0.2,0.2709975385533238,0.2057432859242501,0.3362517911823974,True
smooth,strong,86,copas,0.2,0.3309363670512341,0.2471736214228491,0.4146991126796191,True
smooth,strong,86,ubcma,0.2,0.1713132493066036,0.0837529109845214,0.2815053202023293,True
smooth,strong,86,henmi_copas,0.2,0.308736105981043,0.1884750215148927,0.4289971904471934,True
smooth,strong,86,adaptshrink_ens,0.2,0.1605516517120229,-0.0511712814177706,0.3722745848418166,True
smooth,strong,86,adaptshrink_solo,0.2,0.3236191487234763,0.034821335886589,0.6124169615603636,True
smooth,strong,87,reml_hksj,0.2,0.4051383523068437,0.329288811119624,0.4809878934940634,True
smooth,strong,87,trim_and_fill,0.2,0.2722702613200236,0.2380734111700233,0.3064671114700239,True
smooth,strong,87,pet_peese,0.2,0.4474345354533098,0.3816020456704663,0.5132670252361533,True
smooth,strong,87,copas,0.2,0.4054423044760426,0.335914044769076,0.4749705641830092,True
smooth,strong,87,ubcma,0.2,0.3403557127468749,0.2203939152840104,0.4532593120597753,True
smooth,strong,87,henmi_copas,0.2,0.4227008891003854,0.335801224638064,0.5096005535627068,True
smooth,strong,87,adaptshrink_ens,0.2,0.3310137670937524,0.0544306030707946,0.6075969311167102,True
smooth,strong,87,adaptshrink_solo,0.2,0.4048477730126725,0.2218582675429349,0.5878372784824102,True
smooth,strong,88,reml_hksj,0.2,0.2440073493027322,0.1882936952655053,0.2997210033399592,True
smooth,strong,88,trim_and_fill,0.2,0.1265066555453768,0.0972593016225652,0.1557540094681885,True
smooth,strong,88,pet_peese,0.2,0.2201286662989002,0.1718720884600848,0.2683852441377156,True
smooth,strong,88,copas,0.2,0.2431790510359574,0.1938004252242727,0.2925576768476421,True
smooth,strong,88,ubcma,0.2,0.2537098120492243,0.1786556515977811,0.3290428114868647,True
smooth,strong,88,henmi_copas,0.2,0.2359476243227418,0.1773515431348929,0.2945437055105906,True
smooth,strong,88,adaptshrink_ens,0.2,0.2212945381610548,0.0811035590174214,0.3614855173046882,True
smooth,strong,88,adaptshrink_solo,0.2,0.2438719487878457,0.1690478952045174,0.3186960023711741,True
smooth,strong,89,reml_hksj,0.2,0.2654193419641742,0.1946893327227996,0.3361493512055488,True
smooth,strong,89,trim_and_fill,0.2,0.1172530341042756,0.0899851056398279,0.1445209625687232,True
smooth,strong,89,pet_peese,0.2,0.2762575600531348,0.2257383284640098,0.3267767916422597,True
smooth,strong,89,copas,0.2,0.2655868235387272,0.203582227603775,0.3275914194736795,True
smooth,strong,89,ubcma,0.2,0.223499406377014,0.1236667770210324,0.3108365731527721,True
smooth,strong,89,henmi_copas,0.2,0.2688806949085684,0.194990472737073,0.3427709170800638,True
smooth,strong,89,adaptshrink_ens,0.2,0.2309141017152246,-0.0001985380574151,0.4620267414878645,True
smooth,strong,89,adaptshrink_solo,0.2,0.2655145946751219,0.1974915376950453,0.3335376516551984,True
smooth,strong,90,reml_hksj,0.2,0.2931114787503527,0.1879801734141178,0.3982427840865877,True
smooth,strong,90,trim_and_fill,0.2,0.1258847374936526,0.0920524095521992,0.1597170654351059,True
smooth,strong,90,pet_peese,0.2,0.293882374381765,0.2230812862260771,0.3646834625374529,True
smooth,strong,90,copas,0.2,0.2933421300487739,0.2014237494189671,0.3852605106785807,True
smooth,strong,90,ubcma,0.2,0.1651757818511693,-0.0015806875089616,0.3088593745414748,True
smooth,strong,90,henmi_copas,0.2,0.287869899693901,0.1679402933719071,0.4077995060158948,True
smooth,strong,90,adaptshrink_ens,0.2,0.1465418585172425,-0.0650113671547792,0.3580950841892643,True
smooth,strong,90,adaptshrink_solo,0.2,0.293008282968732,0.1869161299712007,0.3991004359662633,True
smooth,strong,91,reml_hksj,0.2,0.3619232362197296,0.2870746533376018,0.4367718191018575,True
smooth,strong,91,trim_and_fill,0.2,0.1724622912088027,0.1436257973574061,0.2012987850601993,True
smooth,strong,91,pet_peese,0.2,0.3143599754891532,0.2630481980543506,0.3656717529239559,True
smooth,strong,91,copas,0.2,0.3612829971944895,0.2939740349315485,0.4285919594574304,True
smooth,strong,91,ubcma,0.2,0.2124922295017154,0.0915729738682036,0.3246623136698058,True
smooth,strong,91,henmi_copas,0.2,0.3436964133423719,0.2589168430927438,0.4284759835919999,True
smooth,strong,91,adaptshrink_ens,0.2,0.1986248058491883,-0.0029028273593955,0.4001524390577721,True
smooth,strong,91,adaptshrink_solo,0.2,0.3505232356826986,0.1871655665693659,0.5138809047960313,True
smooth,strong,92,reml_hksj,0.2,0.3052945844178327,0.2060638117947933,0.404525357040872,True
smooth,strong,92,trim_and_fill,0.2,0.1215056372565173,0.0896406914237042,0.1533705830893305,True
smooth,strong,92,pet_peese,0.2,0.267458192049381,0.2145822959091954,0.3203340881895666,True
smooth,strong,92,copas,0.2,0.3049708237199496,0.2145965365068876,0.3953451109330117,True
smooth,strong,92,ubcma,0.2,0.107034469280845,-0.0369843097320634,0.2419499135630616,True
smooth,strong,92,henmi_copas,0.2,0.2845324758627375,0.1640869111352437,0.4049780405902312,True
smooth,strong,92,adaptshrink_ens,0.2,0.1224713966299348,0.0267178970096122,0.2182248962502574,True
smooth,strong,92,adaptshrink_solo,0.2,0.305401433268405,0.0499076037067899,0.5608952628300201,True
smooth,strong,93,reml_hksj,0.2,0.2818620249424238,0.2053182053734981,0.3584058445113495,True
smooth,strong,93,trim_and_fill,0.2,0.1745344937985356,0.135727812025853,0.2133411755712181,True
smooth,strong,93,pet_peese,0.2,0.2821814305766172,0.2118025489090788,0.3525603122441557,True
smooth,strong,93,copas,0.2,0.2818202978446089,0.2146738673310345,0.3489667283581832,True
smooth,strong,93,ubcma,0.2,0.327332556917627,0.1973592408678955,0.454916108480119,True
smooth,strong,93,henmi_copas,0.2,0.2811846813316522,0.2022084950771199,0.3601608675861845,True
smooth,strong,93,adaptshrink_ens,0.2,0.280330122113381,0.0821862709760652,0.4784739732506967,True
smooth,strong,93,adaptshrink_solo,0.2,0.2818428431118094,0.2089644974803536,0.3547211887432651,True
smooth,strong,94,reml_hksj,0.2,0.3371997180707824,0.2500280709383169,0.4243713652032478,True
smooth,strong,94,trim_and_fill,0.2,0.0719883394810875,0.0412991146838126,0.1026775642783623,True
smooth,strong,94,pet_peese,0.2,0.2176001887711602,0.161177066245959,0.2740233112963615,True
smooth,strong,94,copas,0.2,0.3364317795111903,0.2552234783575976,0.4176400806647831,True
smooth,strong,94,ubcma,0.2,0.1273694562722268,0.0563874408557576,0.2120383627682967,True
smooth,strong,94,henmi_copas,0.2,0.2872353262740841,0.1803045109790594,0.3941661415691088,True
smooth,strong,94,adaptshrink_ens,0.2,0.1210109742564597,-0.0861174223984167,0.3281393709113361,True
smooth,strong,94,adaptshrink_solo,0.2,0.1558434109458243,-0.2037176941438544,0.5154045160355032,True
smooth,strong,95,reml_hksj,0.2,0.2858453193633385,0.2011672834132131,0.370523355313464,True
smooth,strong,95,trim_and_fill,0.2,0.083958152745476,0.0515030635996894,0.1164132418912625,True
smooth,strong,95,pet_peese,0.2,0.2741744184405677,0.2036239557715684,0.344724881109567,True
smooth,strong,95,copas,0.2,0.285748043356782,0.2085008901957011,0.3629951965178629,True
smooth,strong,95,ubcma,0.2,0.1839200055922455,0.0946870665641751,0.3253776963041129,True
smooth,strong,95,henmi_copas,0.2,0.2837701958446545,0.1854032933480759,0.3821370983412331,True
smooth,strong,95,adaptshrink_ens,0.2,0.1835595553320056,-0.1205206692023048,0.4876397798663161,True
smooth,strong,95,adaptshrink_solo,0.2,0.2859755643713636,0.2005815017796355,0.3713696269630916,True
smooth,strong,96,reml_hksj,0.2,0.3518859854742009,0.2657598692119232,0.4380121017364787,True
smooth,strong,96,trim_and_fill,0.2,0.1764756228773268,0.1365902448104485,0.2163610009442051,True
smooth,strong,96,pet_peese,0.2,0.2463467153202347,0.1693108134120056,0.3233826172284638,True
smooth,strong,96,copas,0.2,0.3497174346491181,0.2732849973413782,0.4261498719568579,True
smooth,strong,96,ubcma,0.2,0.202644998874392,0.1258970705044326,0.2846134416585668,True
smooth,strong,96,henmi_copas,0.2,0.3283789483215079,0.2311787660825205,0.4255791305604952,True
smooth,strong,96,adaptshrink_ens,0.2,0.1964755574159021,0.0643856923883543,0.32856542244345,True
smooth,strong,96,adaptshrink_solo,0.2,0.2238415263372576,-0.2288660490190961,0.6765491016936115,True
smooth,strong,97,reml_hksj,0.2,0.3569752836716884,0.2904567099456138,0.4234938573977631,True
smooth,strong,97,trim_and_fill,0.2,0.22970473687673,0.1980816044712949,0.2613278692821651,True
smooth,strong,97,pet_peese,0.2,0.3213850575864667,0.2598674542038292,0.3829026609691042,True
smooth,strong,97,copas,0.2,0.3560171303607621,0.299983344255557,0.4120509164659672,True
smooth,strong,97,ubcma,0.2,0.2939055825446268,0.2464152407100457,0.3499636340848377,True
smooth,strong,97,henmi_copas,0.2,0.3459382678819108,0.2755983301143491,0.4162782056494726,True
smooth,strong,97,adaptshrink_ens,0.2,0.2944152343373087,0.1604845116490736,0.4283459570255439,True
smooth,strong,97,adaptshrink_solo,0.2,0.3516437071920769,0.1611480756809089,0.5421393387032448,True
smooth,strong,98,reml_hksj,0.2,0.2732620305729267,0.1906792084077375,0.355844852738116,True
smooth,strong,98,trim_and_fill,0.2,0.1697546605482207,0.1221893780502724,0.2173199430461689,True
smooth,strong,98,pet_peese,0.2,0.051975805025972,-0.0915575230057531,0.1955091330576973,True
smooth,strong,98,copas,0.2,0.2634277915921414,0.197382943806285,0.3294726393779978,True
smooth,strong,98,ubcma,0.2,0.2729485178740848,0.1808905966712706,0.3717377203945953,True
smooth,strong,98,henmi_copas,0.2,0.2557972854133668,0.1737173171164349,0.3378772537102986,True
smooth,strong,98,adaptshrink_ens,0.2,0.170741684644269,0.0121285959393708,0.3293547733491672,True
smooth,strong,98,adaptshrink_solo,0.2,0.0658064479199303,-0.0232719885304656,0.1548848843703264,True
smooth,strong,99,reml_hksj,0.2,0.387360136106763,0.3079986813383583,0.4667215908751677,True
smooth,strong,99,trim_and_fill,0.2,0.2551466264985103,0.2137916370291493,0.2965016159678713,True
smooth,strong,99,pet_peese,0.2,0.2902014481794193,0.2200510687862606,0.3603518275725779,True
smooth,strong,99,copas,0.2,0.3849029575344334,0.3160231270639824,0.4537827880048844,True
smooth,strong,99,ubcma,0.2,0.2717689407562119,0.208626667420314,0.3289887341309509,True
smooth,strong,99,henmi_copas,0.2,0.3552320798637868,0.2661913472657333,0.4442728124618403,True
smooth,strong,99,adaptshrink_ens,0.2,0.267961079743486,0.1782218177869192,0.3577003417000527,True
smooth,strong,99,adaptshrink_solo,0.2,0.22780405919742,0.043786453882748,0.411821664512092,True
smooth,strong,100,reml_hksj,0.2,0.2897972467688142,0.237169916649901,0.3424245768877274,True
smooth,strong,100,trim_and_fill,0.2,0.1806053830159996,0.1533797451855218,0.2078310208464774,True
smooth,strong,100,pet_peese,0.2,0.2479933222359287,0.1989655121134302,0.2970211323584271,True
smooth,strong,100,copas,0.2,0.2886784877800007,0.2450473755515793,0.3323096000084221,True
smooth,strong,100,ubcma,0.2,0.2781010095634953,0.2240659470291038,0.3317773330935091,True
smooth,strong,100,henmi_copas,0.2,0.2834596616105888,0.2305550689187899,0.3363642543023876,True
smooth,strong,100,adaptshrink_ens,0.2,0.2496049891722976,0.1173455635787104,0.3818644147658849,True
smooth,strong,100,adaptshrink_solo,0.2,0.2198671199857587,0.0301092859961148,0.4096249539754025,True
smooth,strong,101,reml_hksj,0.2,0.2899590964217889,0.2099122056596176,0.3700059871839601,True
smooth,strong,101,trim_and_fill,0.2,0.1885277987864803,0.1537148518988473,0.2233407456741133,True
smooth,strong,101,pet_peese,0.2,0.2442454693879312,0.1898022864787598,0.2986886522971025,True
smooth,strong,101,copas,0.2,0.2889592600375034,0.2240811365356897,0.3538373835393171,True
smooth,strong,101,ubcma,0.2,0.1995274871853745,0.1512393424901006,0.2612527706337886,True
smooth,strong,101,henmi_copas,0.2,0.2715590929690687,0.1867811162930823,0.356337069645055,True
smooth,strong,101,adaptshrink_ens,0.2,0.1972159694471092,0.1063365092327327,0.2880954296614858,True
smooth,strong,101,adaptshrink_solo,0.2,0.2748707701375741,0.0421154259923722,0.507626114282776,True
smooth,strong,102,reml_hksj,0.2,0.3542137771814386,0.2797045193364472,0.4287230350264299,True
smooth,strong,102,trim_and_fill,0.2,0.2223365274487397,0.1888139614897737,0.2558590934077058,True
smooth,strong,102,pet_peese,0.2,0.3414768904498529,0.2798918488822381,0.4030619320174678,True
smooth,strong,102,copas,0.2,0.3538468384841564,0.2879157642742742,0.4197779126940385,True
smooth,strong,102,ubcma,0.2,0.2694423478210565,0.1412508673407656,0.3871108484260972,True
smooth,strong,102,henmi_copas,0.2,0.3535581859593467,0.2750122629157887,0.4321041090029048,True
smooth,strong,102,adaptshrink_ens,0.2,0.2607315900722078,0.0441718550440124,0.4772913251004033,True
smooth,strong,102,adaptshrink_solo,0.2,0.3540022302129278,0.2805196444282349,0.4274848159976208,True
smooth,strong,103,reml_hksj,0.2,0.2701705303725801,0.1967112007751425,0.3436298599700176,True
smooth,strong,103,trim_and_fill,0.2,0.1227802900771675,0.0921260540981517,0.1534345260561833,True
smooth,strong,103,pet_peese,0.2,0.2167185060675478,0.1615187454586587,0.2719182666764369,True
smooth,strong,103,copas,0.2,0.2689978304820353,0.2066618412082914,0.3313338197557792,True
smooth,strong,103,ubcma,0.2,0.2108579599557114,0.1119622924287775,0.3340009092885569,True
smooth,strong,103,henmi_copas,0.2,0.2584981742450637,0.1780471757708726,0.3389491727192549,True
smooth,strong,103,adaptshrink_ens,0.2,0.2084722088856117,0.0623445894026428,0.3545998283685807,True
smooth,strong,103,adaptshrink_solo,0.2,0.2507896102118367,-0.0524152741160875,0.5539944945397611,True
smooth,strong,104,reml_hksj,0.2,0.3738530879856201,0.2862234821504862,0.461482693820754,True
smooth,strong,104,trim_and_fill,0.2,0.1514947339419625,0.1193253778052288,0.1836640900786962,True
smooth,strong,104,pet_peese,0.2,0.266581355624682,0.2126363801364437,0.3205263311129203,True
smooth,strong,104,copas,0.2,0.3720619824181197,0.2932112008109498,0.4509127640252896,True
smooth,strong,104,ubcma,0.2,0.2538434650874193,0.0486410235466939,0.4625452836876479,True
smooth,strong,104,henmi_copas,0.2,0.3262374828307645,0.2191231225325455,0.4333518431289835,True
smooth,strong,104,adaptshrink_ens,0.2,0.257247562415059,0.0902042699707595,0.4242908548593583,True
smooth,strong,104,adaptshrink_solo,0.2,0.2103075928278289,-0.0658818598762008,0.4864970455318588,True
smooth,strong,105,reml_hksj,0.2,0.3118430717457259,0.2406882186662525,0.3829979248251992,True
smooth,strong,105,trim_and_fill,0.2,0.1217655765009195,0.086893792696592,0.156637360305247,True
smooth,strong,105,pet_peese,0.2,0.2796457748341092,0.2144256633567952,0.3448658863114233,True
smooth,strong,105,copas,0.2,0.3112341030330845,0.2460207665866801,0.3764474394794889,True
smooth,strong,105,ubcma,0.2,0.3660212064644867,0.2501009518984339,0.4562910217223066,True
smooth,strong,105,henmi_copas,0.2,0.3026637044031629,0.224360950947216,0.3809664578591099,True
smooth,strong,105,adaptshrink_ens,0.2,0.2817514318671987,0.0664136665666956,0.4970891971677018,True
smooth,strong,105,adaptshrink_solo,0.2,0.3112979051083209,-0.0583290368268044,0.6809248470434461,True
smooth,strong,106,reml_hksj,0.2,0.3183165604229483,0.2262942048970946,0.4103389159488021,True
smooth,strong,106,trim_and_fill,0.2,0.062074740160145,0.0231664579341152,0.1009830223861747,True
smooth,strong,106,pet_peese,0.2,0.1104154905284385,-0.0152253597320985,0.2360563407889755,True
smooth,strong,106,copas,0.2,0.3169544748810207,0.2356709292103195,0.3982380205517219,True
smooth,strong,106,ubcma,0.2,0.3093165551538575,0.1470307432224781,0.4646613611992176,True
smooth,strong,106,henmi_copas,0.2,0.2820943243870396,0.1613556550062517,0.4028329937678275,True
smooth,strong,106,adaptshrink_ens,0.2,0.0892032848284126,-0.1470746321644794,0.3254812018213047,True
smooth,strong,106,adaptshrink_solo,0.2,0.1655742664093997,-0.3005989521494562,0.6317474849682558,True
smooth,strong,107,reml_hksj,0.2,0.2512766652839223,0.1984308622258169,0.3041224683420276,True
smooth,strong,107,trim_and_fill,0.2,0.163155141748246,0.1335039792790545,0.1928063042174375,True
smooth,strong,107,pet_peese,0.2,0.2214188066102997,0.1729455651401866,0.2698920480804128,True
smooth,strong,107,copas,0.2,0.2506191467660382,0.2056131081117121,0.2956251854203642,True
smooth,strong,107,ubcma,0.2,0.1885132652354484,0.089881732394935,0.2658392656385984,True
smooth,strong,107,henmi_copas,0.2,0.2485677680979427,0.1937427702138575,0.303392765982028,True
smooth,strong,107,adaptshrink_ens,0.2,0.1841862768533643,0.0624748438015383,0.3058977099051903,True
smooth,strong,107,adaptshrink_solo,0.2,0.2299598779267965,0.0708927091804663,0.3890270466731267,True
smooth,strong,108,reml_hksj,0.2,0.3154960958454867,0.2322696936271673,0.3987224980638061,True
smooth,strong,108,trim_and_fill,0.2,0.1757750634720858,0.1448967767189028,0.2066533502252688,True
smooth,strong,108,pet_peese,0.2,0.3146285717263487,0.2604383027042323,0.3688188407484651,True
smooth,strong,108,copas,0.2,0.3155220411668207,0.243641444126265,0.3874026382073764,True
smooth,strong,108,ubcma,0.2,0.2015818438883107,0.1369394239506887,0.272000206039272,True
smooth,strong,108,henmi_copas,0.2,0.3120593611853092,0.2210647071821008,0.4030540151885176,True
smooth,strong,108,adaptshrink_ens,0.2,0.191690388307221,0.0544746933571274,0.3289060832573147,True
smooth,strong,108,adaptshrink_solo,0.2,0.3154655157757793,0.2360339294699138,0.3948971020816448,True
smooth,strong,109,reml_hksj,0.2,0.2873044500488512,0.2054075808559526,0.3692013192417498,True
smooth,strong,109,trim_and_fill,0.2,0.137393650952468,0.103005651105621,0.171781650799315,True
smooth,strong,109,pet_peese,0.2,0.287533455621828,0.2284970350938353,0.3465698761498207,True
smooth,strong,109,copas,0.2,0.2871262470569674,0.2114047631502786,0.3628477309636561,True
smooth,strong,109,ubcma,0.2,0.2100304850097967,0.0664026954851965,0.334771848867724,True
smooth,strong,109,henmi_copas,0.2,0.2928430111516186,0.1860093621114677,0.3996766601917694,True
smooth,strong,109,adaptshrink_ens,0.2,0.2066815982860451,-0.072341775529234,0.4857049721013244,True
smooth,strong,109,adaptshrink_solo,0.2,0.2878868094129081,0.0716872924061601,0.5040863264196561,True
smooth,strong,110,reml_hksj,0.2,0.2640512619942164,0.1817167188777839,0.3463858051106488,True
smooth,strong,110,trim_and_fill,0.2,0.1402629840780147,0.1066924013031438,0.1738335668528856,True
smooth,strong,110,pet_peese,0.2,0.2204723225317096,0.1566583491147904,0.2842862959486288,True
smooth,strong,110,copas,0.2,0.2630379631463628,0.1981677897400428,0.3279081365526828,True
smooth,strong,110,ubcma,0.2,0.1538476893494403,0.0240458069282603,0.2431300910546318,True
smooth,strong,110,henmi_copas,0.2,0.2483833532253313,0.1668806461072144,0.3298860603434481,True
smooth,strong,110,adaptshrink_ens,0.2,0.1475615450624756,0.0366849291027882,0.258438161022163,True
smooth,strong,110,adaptshrink_solo,0.2,0.2642099734105777,-0.0408476196778727,0.5692675664990282,True
smooth,strong,111,reml_hksj,0.2,0.3164822397258212,0.2392700236723456,0.3936944557792967,True
smooth,strong,111,trim_and_fill,0.2,0.2060827822704393,0.1701633804709596,0.2420021840699191,True
smooth,strong,111,pet_peese,0.2,0.3289343571325607,0.2707054323794491,0.3871632818856723,True
smooth,strong,111,copas,0.2,0.3166569203709274,0.2477180336514639,0.385595807090391,True
smooth,strong,111,ubcma,0.2,0.301709249664251,0.1389369773208104,0.4133534566406919,True
smooth,strong,111,henmi_copas,0.2,0.3243825196951607,0.2340340780054318,0.4147309613848896,True
smooth,strong,111,adaptshrink_ens,0.2,0.3089269937118265,0.1109521565080504,0.5069018309156026,True
smooth,strong,111,adaptshrink_solo,0.2,0.3164590597856976,0.237708469480534,0.3952096500908612,True
smooth,strong,112,reml_hksj,0.2,0.3556792142705032,0.286458395697853,0.4249000328431535,True
smooth,strong,112,trim_and_fill,0.2,0.2135130053954557,0.1765689344039383,0.250457076386973,True
smooth,strong,112,pet_peese,0.2,0.2875899123999891,0.2223082343260197,0.3528715904739585,True
smooth,strong,112,copas,0.2,0.3547117623529167,0.2906271636438525,0.4187963610619809,True
smooth,strong,112,ubcma,0.2,0.3591779317072138,0.235915849065218,0.4888328614230247,True
smooth,strong,112,henmi_copas,0.2,0.3362280651540426,0.2619261589196988,0.4105299713883865,True
smooth,strong,112,adaptshrink_ens,0.2,0.2833781268404272,0.0941192547128144,0.4726369989680399,True
smooth,strong,112,adaptshrink_solo,0.2,0.2685672728912011,0.0098028903732205,0.5273316554091816,True
smooth,strong,113,reml_hksj,0.2,0.3359194733688765,0.2612760071499505,0.4105629395878026,True
smooth,strong,113,trim_and_fill,0.2,0.2107641628185347,0.1766913349153888,0.2448369907216806,True
smooth,strong,113,pet_peese,0.2,0.3258725346456287,0.263868388405971,0.3878766808852864,True
smooth,strong,113,copas,0.2,0.3356333454172891,0.2671017731049758,0.4041649177296024,True
smooth,strong,113,ubcma,0.2,0.3080800039672795,0.1961186836836467,0.4159948589512841,True
smooth,strong,113,henmi_copas,0.2,0.3363315548075963,0.2532914563119489,0.4193716533032436,True
smooth,strong,113,adaptshrink_ens,0.2,0.3110887479851313,0.1356789222025149,0.4864985737677477,True
smooth,strong,113,adaptshrink_solo,0.2,0.3355389763461994,0.2603072629559972,0.4107706897364016,True
smooth,strong,114,reml_hksj,0.2,0.2972035920635761,0.1982288161842545,0.3961783679428976,True
smooth,strong,114,trim_and_fill,0.2,0.1264565817005416,0.0869495537533017,0.1659636096477815,True
smooth,strong,114,pet_peese,0.2,0.2316753594728688,0.1616253789691051,0.3017253399766326,True
smooth,strong,114,copas,0.2,0.2956614452395446,0.20989796153677,0.3814249289423192,True
smooth,strong,114,ubcma,0.2,0.1909049555568045,0.0383261843668915,0.3268194060172915,True
smooth,strong,114,henmi_copas,0.2,0.2793843941435616,0.1595433072460602,0.3992254810410631,True
smooth,strong,114,adaptshrink_ens,0.2,0.1905496506263835,-0.0296704507758602,0.4107697520286272,True
smooth,strong,114,adaptshrink_solo,0.2,0.2962254165861139,0.0554209985478627,0.5370298346243652,True
smooth,strong,115,reml_hksj,0.2,0.3472260431918006,0.2576046890281174,0.4368473973554839,True
smooth,strong,115,trim_and_fill,0.2,0.1569502204956385,0.1247840867647568,0.1891163542265202,True
smooth,strong,115,pet_peese,0.2,0.2535535224601547,0.2000417821525417,0.3070652627677677,True
smooth,strong,115,copas,0.2,0.3458039800743183,0.2650304744503252,0.4265774856983113,True
smooth,strong,115,ubcma,0.2,0.2240902071418191,0.0822009273260853,0.3800880170653503,True
smooth,strong,115,henmi_copas,0.2,0.3053528155282735,0.1971659055254362,0.4135397255311107,True
smooth,strong,115,adaptshrink_ens,0.2,0.2282866207603585,0.039271091592303,0.4173021499284141,True
smooth,strong,115,adaptshrink_solo,0.2,0.2107251430707087,-0.0297210688325455,0.4511713549739631,True
smooth,strong,116,reml_hksj,0.2,0.3302658997753558,0.2832187660196557,0.3773130335310559,True
smooth,strong,116,trim_and_fill,0.2,0.2331572528094119,0.199991663456174,0.2663228421626498,True
smooth,strong,116,pet_peese,0.2,0.3290265252639661,0.2667152726610418,0.3913377778668905,True
smooth,strong,116,copas,0.2,0.330268605461426,0.2869402133114794,0.3735969976113725,True
smooth,strong,116,ubcma,0.2,0.3103994850530914,0.2305486425811326,0.3897106124694777,True
smooth,strong,116,henmi_copas,0.2,0.3302659005895755,0.285892796498081,0.37463900468107,True
smooth,strong,116,adaptshrink_ens,0.2,0.3113083953411992,0.1550739745047694,0.4675428161776289,True
smooth,strong,116,adaptshrink_solo,0.2,0.3300473264809515,0.2941676781855127,0.3659269747763902,True
smooth,strong,117,reml_hksj,0.2,0.291278222980227,0.2319340113828366,0.3506224345776174,True
smooth,strong,117,trim_and_fill,0.2,0.2211100200398429,0.189754298520056,0.2524657415596298,True
smooth,strong,117,pet_peese,0.2,0.2780644951142463,0.2289755114314075,0.3271534787970851,True
smooth,strong,117,copas,0.2,0.2907777717610931,0.238156509704522,0.3433990338176641,True
smooth,strong,117,ubcma,0.2,0.2562774970952303,0.1920611206540753,0.3201287484393495,True
smooth,strong,117,henmi_copas,0.2,0.2821426527254699,0.219161890800509,0.3451234146504308,True
smooth,strong,117,adaptshrink_ens,0.2,0.2547705724736028,0.1371988842855595,0.372342260661646,True
smooth,strong,117,adaptshrink_solo,0.2,0.2913543886998738,0.2173735744600627,0.3653352029396848,True
smooth,strong,118,reml_hksj,0.2,0.3334380590000505,0.2687448433983728,0.3981312746017282,True
smooth,strong,118,trim_and_fill,0.2,0.2035616784192643,0.1661651094621113,0.2409582473764173,True
smooth,strong,118,pet_peese,0.2,0.2688454670449355,0.1957929563547233,0.3418979777351477,True
smooth,strong,118,copas,0.2,0.3319399164470242,0.27606315856265,0.3878166743313984,True
smooth,strong,118,ubcma,0.2,0.3729677923286122,0.2567321806875847,0.4924296346148215,True
smooth,strong,118,henmi_copas,0.2,0.3277718507862931,0.2627686320906478,0.3927750694819384,True
smooth,strong,118,adaptshrink_ens,0.2,0.2619709718861564,0.0528697364341845,0.4710722073381282,True
smooth,strong,118,adaptshrink_solo,0.2,0.2475011051159563,0.0260210814446968,0.4689811287872157,True
smooth,strong,119,reml_hksj,0.2,0.3070745588765719,0.2548441927374535,0.3593049250156903,True
smooth,strong,119,trim_and_fill,0.2,0.1933445885999778,0.165161117067178,0.2215280601327776,True
smooth,strong,119,pet_peese,0.2,0.2492836806037602,0.2005932747529069,0.2979740864546136,True
smooth,strong,119,copas,0.2,0.3061964725300692,0.2578622846426546,0.3545306604174837,True
smooth,strong,119,ubcma,0.2,0.1994602554315189,0.1431259586787325,0.2547358026760304,True
smooth,strong,119,henmi_copas,0.2,0.294551879247533,0.2372060543101423,0.3518977041849238,True
smooth,strong,119,adaptshrink_ens,0.2,0.1978727868747475,0.1214471902852893,0.2742983834642057,True
smooth,strong,119,adaptshrink_solo,0.2,0.2171319318039471,0.0115890670135136,0.4226747965943805,True
step,strong,0,reml_hksj,0.2,0.323190073134401,0.2761978370075755,0.3701823092612266,True
step,strong,0,trim_and_fill,0.2,0.2326193361925166,0.1999334222034613,0.2653052501815719,True
step,strong,0,pet_peese,0.2,0.2680068489995204,0.2055227411350401,0.3304909568640006,True
step,strong,0,copas,0.2,0.3231904697394469,0.2812625459927165,0.3651183934861773,True
step,strong,0,ubcma,0.2,0.2944218261266664,0.212033701474294,0.3863152684885359,True
step,strong,0,henmi_copas,0.2,0.3231900686907651,0.2779242590122279,0.3684558783693022,True
step,strong,0,adaptshrink_ens,0.2,0.2614206379160275,0.1371569202525105,0.3856843555795445,True
step,strong,0,adaptshrink_solo,0.2,0.2118479091937467,0.0792083438062298,0.3444874745812636,True
step,strong,1,reml_hksj,0.2,0.3474056912389974,0.2657045326251703,0.4291068498528246,True
step,strong,1,trim_and_fill,0.2,0.2080532983968463,0.1725008210276818,0.2436057757660108,True
step,strong,1,pet_peese,0.2,0.2382644852672319,0.182721736886921,0.2938072336475428,True
step,strong,1,copas,0.2,0.345996286783068,0.2704088312977715,0.4215837422683645,True
step,strong,1,ubcma,0.2,0.3076084250928,0.1709664073302889,0.4368407457896731,True
step,strong,1,henmi_copas,0.2,0.2997089113373436,0.2056768514187565,0.3937409712559306,True
step,strong,1,adaptshrink_ens,0.2,0.2304012122567102,0.1056508114283356,0.3551516130850849,True
step,strong,1,adaptshrink_solo,0.2,0.186402505023715,-0.0105624432280535,0.3833674532754837,True
step,strong,2,reml_hksj,0.2,0.3268059397087411,0.2590592471944215,0.3945526322230607,True
step,strong,2,trim_and_fill,0.2,0.2120883126866524,0.1746664206603706,0.2495102047129342,True
step,strong,2,pet_peese,0.2,0.3242403172700017,0.2521264277226733,0.3963542068173302,True
step,strong,2,copas,0.2,0.3267300636898796,0.2647094791092107,0.3887506482705485,True
step,strong,2,ubcma,0.2,0.2516726162129641,0.1728251240410203,0.3333371382503738,True
step,strong,2,henmi_copas,0.2,0.3270558387116926,0.2583735783033309,0.3957380991200542,True
step,strong,2,adaptshrink_ens,0.2,0.2441384633762339,0.0685124632800651,0.4197644634724028,True
step,strong,2,adaptshrink_solo,0.2,0.3267561933975763,0.2552005709605505,0.3983118158346022,True
step,strong,3,reml_hksj,0.2,0.3566041825929226,0.2941128465022625,0.4190955186835828,True
step,strong,3,trim_and_fill,0.2,0.2032305829921314,0.1759671156843339,0.2304940502999289,True
step,strong,3,pet_peese,0.2,0.2633899600877245,0.216712108141407,0.3100678120340419,True
step,strong,3,copas,0.2,0.3551656939756344,0.2970851090822201,0.4132462788690487,True
step,strong,3,ubcma,0.2,0.2148464544386722,0.091180003200094,0.3257124185396693,True
step,strong,3,henmi_copas,0.2,0.3254100295163068,0.2529411595190743,0.3978788995135393,True
step,strong,3,adaptshrink_ens,0.2,0.2097281453720368,0.1169575665543201,0.3024987241897536,True
step,strong,3,adaptshrink_solo,0.2,0.2107830357555403,-0.001808874101148,0.4233749456122287,True
step,strong,4,reml_hksj,0.2,0.381765212901719,0.3254169305182676,0.4381134952851704,True
step,strong,4,trim_and_fill,0.2,0.2671958089875451,0.2338254371640622,0.3005661808110279,True
step,strong,4,pet_peese,0.2,0.3061011395722013,0.247299123066636,0.3649031560777667,True
step,strong,4,copas,0.2,0.3798529629114121,0.3284318243045988,0.4312741015182253,True
step,strong,4,ubcma,0.2,0.3296436555821986,0.2512224673195632,0.4039910158831387,True
step,strong,4,henmi_copas,0.2,0.3681992655237993,0.3107582258398434,0.4256403052077551,True
step,strong,4,adaptshrink_ens,0.2,0.3013448451096862,0.1774345990389626,0.4252550911804097,True
step,strong,4,adaptshrink_solo,0.2,0.2409376110812287,0.0479050305824318,0.4339701915800257,True
step,strong,5,reml_hksj,0.2,0.327974699158286,0.2707152335326403,0.3852341647839316,True
step,strong,5,trim_and_fill,0.2,0.1829213866034607,0.153016407617718,0.2128263655892034,True
step,strong,5,pet_peese,0.2,0.2409024781269872,0.1897693677796232,0.2920355884743513,True
step,strong,5,copas,0.2,0.3264783928888985,0.2733788755448853,0.3795779102329117,True
step,strong,5,ubcma,0.2,0.2475456596610799,0.1591315235242685,0.3276429128689341,True
step,strong,5,henmi_copas,0.2,0.3061868831869714,0.2435628644213209,0.3688109019526219,True
step,strong,5,adaptshrink_ens,0.2,0.2353579136547401,0.1154071308761626,0.3553086964333177,True
step,strong,5,adaptshrink_solo,0.2,0.1865461753944153,0.0321016536606682,0.3409906971281625,True
step,strong,6,reml_hksj,0.2,0.4422055701481507,0.3690539170583667,0.5153572232379348,True
step,strong,6,trim_and_fill,0.2,0.277305589592396,0.2426104134631216,0.3120007657216703,True
step,strong,6,pet_peese,0.2,0.4402832071298547,0.3729207698328576,0.5076456444268518,True
step,strong,6,copas,0.2,0.4422138476306769,0.3766126114604258,0.5078150838009281,True
step,strong,6,ubcma,0.2,0.3336980032483901,0.2208988262016866,0.4457034188079594,True
step,strong,6,henmi_copas,0.2,0.4419791954224493,0.3614257891402764,0.5225326017046222,True
step,strong,6,adaptshrink_ens,0.2,0.3222899748083888,0.073943932672491,0.5706360169442866,True
step,strong,6,adaptshrink_solo,0.2,0.4422057793270326,0.3679554851593162,0.5164560734947491,True
step,strong,7,reml_hksj,0.2,0.3383460857681087,0.2921271945828647,0.3845649769533528,True
step,strong,7,trim_and_fill,0.2,0.2574652526065094,0.2240555187475898,0.290874986465429,True
step,strong,7,pet_peese,0.2,0.3064981197056305,0.2504695274212614,0.3625267119899996,True
step,strong,7,copas,0.2,0.3365015292406175,0.2947895180128962,0.3782135404683387,True
step,strong,7,ubcma,0.2,0.2802690880706406,0.2207761778710725,0.3392453425151104,True
step,strong,7,henmi_copas,0.2,0.3362728753053855,0.2975039958775634,0.3750417547332076,True
step,strong,7,adaptshrink_ens,0.2,0.2766918042388499,0.1743157043371454,0.3790679041405543,True
step,strong,7,adaptshrink_solo,0.2,0.2890219024578148,0.1654356304228008,0.4126081744928287,True
step,strong,8,reml_hksj,0.2,0.3138121674891317,0.2498290367054974,0.3777952982727661,True
step,strong,8,trim_and_fill,0.2,0.1653401445387512,0.1373043333423503,0.193375955735152,True
step,strong,8,pet_peese,0.2,0.2262393198254767,0.1764421994286157,0.2760364402223378,True
step,strong,8,copas,0.2,0.3120107089098561,0.2556436450314146,0.3683777727882976,True
step,strong,8,ubcma,0.2,0.2491892922737841,0.1786495776484119,0.3178188405456646,True
step,strong,8,henmi_copas,0.2,0.2922289344125338,0.2238942847694826,0.3605635840555851,True
step,strong,8,adaptshrink_ens,0.2,0.2250886298456343,0.0978628442743531,0.3523144154169155,True
step,strong,8,adaptshrink_solo,0.2,0.1669464481290391,-0.0715827609155942,0.4054756571736725,True
step,strong,9,reml_hksj,0.2,0.3450280551731956,0.2746868094989025,0.4153693008474887,True
step,strong,9,trim_and_fill,0.2,0.2322944431126613,0.1970211885519449,0.2675676976733778,True
step,strong,9,pet_peese,0.2,0.2908557985949498,0.2264307585303423,0.3552808386595574,True
step,strong,9,copas,0.2,0.3424986389616996,0.2849308407864741,0.400066437136925,True
step,strong,9,ubcma,0.2,0.2842115475080515,0.1842505418499531,0.3813780045036365,False
step,strong,9,henmi_copas,0.2,0.3323867916024072,0.2586726792553772,0.4061009039494372,True
step,strong,9,adaptshrink_ens,0.2,0.2544726137833947,-0.1644274774827064,0.6733727050494959,True
step,strong,9,adaptshrink_solo,0.2,0.2889402973954346,0.0956236883803362,0.482256906410533,True
step,strong,10,reml_hksj,0.2,0.2967110812275656,0.2287156894327598,0.3647064730223714,True
step,strong,10,trim_and_fill,0.2,0.1850013964675217,0.1457464889536527,0.2242563039813907,True
step,strong,10,pet_peese,0.2,0.0944299602938507,-0.0501822250024319,0.2390421455901333,True
step,strong,10,copas,0.2,0.2954509418849458,0.2330582915776126,0.3578435921922789,True
step,strong,10,ubcma,0.2,0.1833126933156015,0.0975543815367489,0.2802186768481164,True
step,strong,10,henmi_copas,0.2,0.2796408538822562,0.2113483679437922,0.3479333398207201,True
step,strong,10,adaptshrink_ens,0.2,0.1824887329522177,0.0840321053445005,0.2809453605599349,True
step,strong,10,adaptshrink_solo,0.2,0.1270196435183322,-0.1961479450939053,0.4501872321305698,True
step,strong,11,reml_hksj,0.2,0.3409024498713972,0.2860345409470112,0.3957703587957832,True
step,strong,11,trim_and_fill,0.2,0.2172899821928995,0.186438072790741,0.248141891595058,True
step,strong,11,pet_peese,0.2,0.3144533297529338,0.2589662168245611,0.3699404426813064,True
step,strong,11,copas,0.2,0.3403887183057936,0.290254270386524,0.3905231662250631,True
step,strong,11,ubcma,0.2,0.2957811825230988,0.2090151687629426,0.3859400018816969,True
step,strong,11,henmi_copas,0.2,0.3369069085681902,0.2803258100842241,0.3934880070521563,True
step,strong,11,adaptshrink_ens,0.2,0.2984106001858963,0.1428856306105604,0.4539355697612323,True
step,strong,11,adaptshrink_solo,0.2,0.3407673151414174,0.2221510124671763,0.4593836178156585,True
step,strong,12,reml_hksj,0.2,0.3254637928937165,0.2731687185405187,0.3777588672469143,True
step,strong,12,trim_and_fill,0.2,0.1941527538928659,0.1618694310346259,0.2264360767511059,True
step,strong,12,pet_peese,0.2,0.2666341948780666,0.2048606419951193,0.328407747761014,True
step,strong,12,copas,0.2,0.324612234195818,0.2758485788006906,0.3733758895909455,True
step,strong,12,ubcma,0.2,0.1959006250516573,0.1143401279596093,0.278718720556946,True
step,strong,12,henmi_copas,0.2,0.318168304711601,0.2702457187527877,0.3660908906704143,True
step,strong,12,adaptshrink_ens,0.2,0.1971391260446469,0.1099727646846705,0.2843054874046233,True
step,strong,12,adaptshrink_solo,0.2,0.2244358591557097,0.0325634935838306,0.4163082247275889,True
step,strong,13,reml_hksj,0.2,0.3182871942889056,0.2748371532380226,0.3617372353397886,True
step,strong,13,trim_and_fill,0.2,0.2197418946269864,0.1920927588235275,0.2473910304304453,True
step,strong,13,pet_peese,0.2,0.2588836511482815,0.2103416112326614,0.3074256910639015,True
step,strong,13,copas,0.2,0.317022520764066,0.2778592833345139,0.3561857581936181,True
step,strong,13,ubcma,0.2,0.2737514635353371,0.2235203069081398,0.323445866930543,True
step,strong,13,henmi_copas,0.2,0.3138413722690977,0.2713826876705056,0.3563000568676897,True
step,strong,13,adaptshrink_ens,0.2,0.2572332994639685,0.155114513282513,0.359352085645424,True
step,strong,13,adaptshrink_solo,0.2,0.2034198553470929,0.0828413030288485,0.3239984076653372,True
step,strong,14,reml_hksj,0.2,0.3461028046690123,0.2853331992323021,0.4068724101057224,True
step,strong,14,trim_and_fill,0.2,0.2238450618756054,0.195002845017913,0.2526872787332977,True
step,strong,14,pet_peese,0.2,0.3170414101547711,0.2686510039340358,0.3654318163755065,True
step,strong,14,copas,0.2,0.3457466659877724,0.2900283734985252,0.4014649584770196,True
step,strong,14,ubcma,0.2,0.2703741854057842,0.2120413845705728,0.3292594673854491,True
step,strong,14,henmi_copas,0.2,0.3425152811318299,0.2775020121878617,0.407528550075798,True
step,strong,14,adaptshrink_ens,0.2,0.2689005636924394,0.1178717403199813,0.4199293870648974,True
step,strong,14,adaptshrink_solo,0.2,0.345986335691014,0.2017210032737553,0.4902516681082727,True
step,strong,15,reml_hksj,0.2,0.3556628839271777,0.3006962852976669,0.4106294825566885,True
step,strong,15,trim_and_fill,0.2,0.2313303540508893,0.2037180829511126,0.2589426251506661,True
step,strong,15,pet_peese,0.2,0.3756181654585166,0.3273121939912385,0.4239241369257946,True
step,strong,15,copas,0.2,0.3559313355771317,0.3047852728529268,0.4070773983013367,True
step,strong,15,ubcma,0.2,0.3179400456782797,0.2390911807868547,0.3972423255489539,True
step,strong,15,henmi_copas,0.2,0.3653665025895035,0.3074407649854977,0.4232922401935093,True
step,strong,15,adaptshrink_ens,0.2,0.3213577535047735,0.1075152787336722,0.5352002282758748,True
step,strong,15,adaptshrink_solo,0.2,0.3560197478535556,0.2942462527296856,0.4177932429774256,True
step,strong,16,reml_hksj,0.2,0.331095636308426,0.266496453805878,0.3956948188109739,True
step,strong,16,trim_and_fill,0.2,0.2027914166839869,0.1725996421153634,0.2329831912526103,True
step,strong,16,pet_peese,0.2,0.2915823296858132,0.2401266724066089,0.3430379869650176,True
step,strong,16,copas,0.2,0.3304607972148092,0.271343353272467,0.3895782411571514,True
step,strong,16,ubcma,0.2,0.3006166704511536,0.1738843110683476,0.4341407900688401,True
step,strong,16,henmi_copas,0.2,0.3237163734425827,0.2498221761067817,0.3976105707783837,True
step,strong,16,adaptshrink_ens,0.2,0.2866171822085236,0.1475911707229407,0.4256431936941066,True
step,strong,16,adaptshrink_solo,0.2,0.3313896399420631,0.1038581487398167,0.5589211311443095,True
step,strong,17,reml_hksj,0.2,0.2945444326550406,0.2494252542212322,0.3396636110888489,True
step,strong,17,trim_and_fill,0.2,0.2009011150870171,0.1715126183968235,0.2302896117772107,True
step,strong,17,pet_peese,0.2,0.2608361866040299,0.2088450220759979,0.312827351132062,True
step,strong,17,copas,0.2,0.2936941218554984,0.2526831276155712,0.3347051160954256,True
step,strong,17,ubcma,0.2,0.2559876465217763,0.2055353503430664,0.3066262854379884,True
step,strong,17,henmi_copas,0.2,0.2917721785763589,0.250704954231898,0.3328394029208198,True
step,strong,17,adaptshrink_ens,0.2,0.2527752715075307,0.1497385386055446,0.3558120044095169,True
step,strong,17,adaptshrink_solo,0.2,0.2531599136995629,0.0946489891304156,0.4116708382687102,True
step,strong,18,reml_hksj,0.2,0.3144053330605676,0.2483901932881939,0.3804204728329414,True
step,strong,18,trim_and_fill,0.2,0.1532090887157469,0.1209592707972188,0.185458906634275,True
step,strong,18,pet_peese,0.2,0.2131136247206599,0.1541240347029801,0.2721032147383397,True
step,strong,18,copas,0.2,0.3125588238865832,0.2527773472447933,0.3723403005283731,True
step,strong,18,ubcma,0.2,0.2026266184498789,0.1105612061853101,0.3045589350710189,True
step,strong,18,henmi_copas,0.2,0.2928737508104639,0.2206891228572124,0.3650583787637155,True
step,strong,18,adaptshrink_ens,0.2,0.1981455893276155,0.0635257835114358,0.3327653951437953,True
step,strong,18,adaptshrink_solo,0.2,0.1600672555441907,-0.092716541216651,0.4128510523050325,True
step,strong,19,reml_hksj,0.2,0.3740551214652207,0.3103129894013755,0.4377972535290659,True
step,strong,19,trim_and_fill,0.2,0.2349900581861144,0.1993400820117182,0.2706400343605107,True
step,strong,19,pet_peese,0.2,0.3170667094578236,0.2474073059713322,0.3867261129443149,True
step,strong,19,copas,0.2,0.3733642875553222,0.3148724495862532,0.4318561255243913,True
step,strong,19,ubcma,0.2,0.3083249303473044,0.2380453941495183,0.3760770455457423,True
step,strong,19,henmi_copas,0.2,0.365285031905575,0.3005170169234162,0.4300530468877337,True
step,strong,19,adaptshrink_ens,0.2,0.304667763341346,0.1636684506674007,0.4456670760152913,True
step,strong,19,adaptshrink_solo,0.2,0.3217009244489955,0.0349449822495572,0.6084568666484339,True
step,strong,20,reml_hksj,0.2,0.3605132013775144,0.2857156230549619,0.435310779700067,True
step,strong,20,trim_and_fill,0.2,0.1972235242081892,0.1523310091333874,0.242116039282991,True
step,strong,20,pet_peese,0.2,0.2797272303253177,0.1863051991537676,0.3731492614968678,True
step,strong,20,copas,0.2,0.3595497519152194,0.2910027492909771,0.4280967545394616,True
step,strong,20,ubcma,0.2,0.2335270142419666,0.1403811883625015,0.3332068972933042,True
step,strong,20,henmi_copas,0.2,0.3483151541145692,0.2821065206556936,0.4145237875734447,True
step,strong,20,adaptshrink_ens,0.2,0.2257345528277513,0.0623005605163133,0.3891685451391894,True
step,strong,20,adaptshrink_solo,0.2,0.2519075433232353,-0.090696285035818,0.5945113716822887,True
step,strong,21,reml_hksj,0.2,0.3008034305394269,0.2308305975712726,0.3707762635075811,True
step,strong,21,trim_and_fill,0.2,0.1501965657030469,0.114597552966706,0.1857955784393877,True
step,strong,21,pet_peese,0.2,0.2276454639868091,0.16669571798662,0.2885952099869981,True
step,strong,21,copas,0.2,0.2986911693693484,0.2352922469390405,0.3620900917996563,True
step,strong,21,ubcma,0.2,0.1575368890120237,0.0593182728271394,0.2686292301122017,True
step,strong,21,henmi_copas,0.2,0.2801940825594297,0.2031908440803634,0.357197321038496,True
step,strong,21,adaptshrink_ens,0.2,0.1552314327036474,0.052078990051684,0.2583838753556108,True
step,strong,21,adaptshrink_solo,0.2,0.1967029205245748,-0.0409006931461932,0.4343065341953428,True
step,strong,22,reml_hksj,0.2,0.3428835013284571,0.288350921032159,0.3974160816247551,True
step,strong,22,trim_and_fill,0.2,0.1843021101751552,0.1586899567353769,0.2099142636149334,True
step,strong,22,pet_peese,0.2,0.3540152994059357,0.3076250836476995,0.4004055151641718,True
step,strong,22,copas,0.2,0.3429954141753055,0.2918888598280517,0.3941019685225594,True
step,strong,22,ubcma,0.2,0.2826610090902453,0.187705332576998,0.3818576716022979,True
step,strong,22,henmi_copas,0.2,0.3487277299238804,0.2884976292102404,0.4089578306375204,True
step,strong,22,adaptshrink_ens,0.2,0.2865011248841497,0.0270123357232409,0.5459899140450585,True
step,strong,22,adaptshrink_solo,0.2,0.3429388715607683,0.2439585358889778,0.4419192072325588,True
step,strong,23,reml_hksj,0.2,0.3166094027183384,0.2460777535586633,0.3871410518780135,True
step,strong,23,trim_and_fill,0.2,0.1728180820549455,0.1389377335619084,0.2066984305479826,True
step,strong,23,pet_peese,0.2,0.2412800308127891,0.1807807289474452,0.3017793326781329,True
step,strong,23,copas,0.2,0.3152951642137986,0.2513972732540926,0.3791930551735046,True
step,strong,23,ubcma,0.2,0.2505108691673594,0.037744247815836,0.3947396040551426,True
step,strong,23,henmi_copas,0.2,0.2987273414690914,0.2225598625625139,0.374894820375669,True
step,strong,23,adaptshrink_ens,0.2,0.2320575579192399,0.0806755630553433,0.3834395527831364,True
step,strong,23,adaptshrink_solo,0.2,0.191926716198436,-0.0713125010990397,0.4551659334959117,True
step,strong,24,reml_hksj,0.2,0.3028351953550701,0.2284068418865421,0.3772635488235981,True
step,strong,24,trim_and_fill,0.2,0.1415416654549095,0.1088981132952472,0.1741852176145719,True
step,strong,24,pet_peese,0.2,0.2400413901035862,0.1831238301646114,0.2969589500425609,True
step,strong,24,copas,0.2,0.30159962510489,0.2368895103178939,0.3663097398918861,True
step,strong,24,ubcma,0.2,0.2504365354931497,0.1366024986799178,0.3323773034935482,True
step,strong,24,henmi_copas,0.2,0.2850463349860224,0.1976154211271999,0.3724772488448449,True
step,strong,24,adaptshrink_ens,0.2,0.2365235229756202,0.0904464735093719,0.3826005724418685,True
step,strong,24,adaptshrink_solo,0.2,0.246467608932703,-0.051714493327701,0.5446497111931071,True
step,strong,25,reml_hksj,0.2,0.3283624078375496,0.2549464705952499,0.4017783450798494,True
step,strong,25,trim_and_fill,0.2,0.1014276610335812,0.0687439535754244,0.134111368491738,True
step,strong,25,pet_peese,0.2,0.2500960092334057,0.187382011175456,0.3128100072913554,True
step,strong,25,copas,0.2,0.3278317581160774,0.2598533744245466,0.3958101418076082,True
step,strong,25,ubcma,0.2,0.3324453068275835,0.2238323658366591,0.4368145187443814,True
step,strong,25,henmi_copas,0.2,0.2986007719814496,0.2065130326729233,0.3906885112899758,True
step,strong,25,adaptshrink_ens,0.2,0.251712893512667,0.0456480508239701,0.4577777362013638,True
step,strong,25,adaptshrink_solo,0.2,0.2129353095674988,-0.1527600296548586,0.5786306487898563,True
step,strong,26,reml_hksj,0.2,0.3054975080885419,0.2601214454806358,0.350873570696448,True
step,strong,26,trim_and_fill,0.2,0.2296884247553584,0.1976567477567928,0.2617201017539241,True
step,strong,26,pet_peese,0.2,0.2688520831750345,0.2132996816752043,0.3244044846748646,True
step,strong,26,copas,0.2,0.3043657644824997,0.2636541829117285,0.3450773460532709,True
step,strong,26,ubcma,0.2,0.2542042887656702,0.177794530861758,0.3296003185381873,True
step,strong,26,henmi_copas,0.2,0.3043514185259194,0.2661119209719561,0.3425909160798827,True
step,strong,26,adaptshrink_ens,0.2,0.2492597209033045,0.1504920274287899,0.3480274143778192,True
step,strong,26,adaptshrink_solo,0.2,0.2431314546649377,0.1115569118392039,0.3747059974906715,True
step,strong,27,reml_hksj,0.2,0.3294053166254627,0.2559640040525141,0.4028466291984113,True
step,strong,27,trim_and_fill,0.2,0.1819056464471259,0.151466247341255,0.2123450455529968,True
step,strong,27,pet_peese,0.2,0.2409624653868411,0.1891051193640045,0.2928198114096777,True
step,strong,27,copas,0.2,0.3277716140670033,0.2679071103182778,0.3876361178157287,True
step,strong,27,ubcma,0.2,0.2374749336809807,0.1413711487505921,0.3221678555831381,True
step,strong,27,henmi_copas,0.2,0.2999604026376343,0.2243818642224576,0.3755389410528111,True
step,strong,27,adaptshrink_ens,0.2,0.2320508391190333,0.1102884775107183,0.3538132007273484,True
step,strong,27,adaptshrink_solo,0.2,0.1934440611545118,0.0246794280510094,0.3622086942580141,True
step,strong,28,reml_hksj,0.2,0.3755520958759152,0.3146752753695776,0.4364289163822528,True
step,strong,28,trim_and_fill,0.2,0.2657754100906989,0.2329603689620268,0.2985904512193709,True
step,strong,28,pet_peese,0.2,0.3247627323225007,0.2735390753298782,0.3759863893151232,True
step,strong,28,copas,0.2,0.3746847644602524,0.3183070830111911,0.4310624459093138,True
step,strong,28,ubcma,0.2,0.2952705304572374,0.2085287223344156,0.3808315085205311,True
step,strong,28,henmi_copas,0.2,0.3591839894287295,0.2891347602903629,0.4292332185670962,True
step,strong,28,adaptshrink_ens,0.2,0.2919965725342105,0.1641413721824443,0.4198517728859767,True
step,strong,28,adaptshrink_solo,0.2,0.3172296535556604,0.0805450973648073,0.5539142097465136,True
step,strong,29,reml_hksj,0.2,0.2998759644105359,0.2422524502298818,0.35749947859119,True
step,strong,29,trim_and_fill,0.2,0.1625519338027645,0.1318168776625118,0.1932869899430172,True
step,strong,29,pet_peese,0.2,0.2542252581522879,0.1925720982781475,0.3158784180264283,True
step,strong,29,copas,0.2,0.2988010627732718,0.2482402888664849,0.3493618366800587,True
step,strong,29,ubcma,0.2,0.2334564307319609,0.1567686495349885,0.3023308356111472,True
step,strong,29,henmi_copas,0.2,0.2891474835579689,0.2291006609860321,0.3491943061299055,True
step,strong,29,adaptshrink_ens,0.2,0.2341801635171555,0.0824685096082854,0.3858918174260257,True
step,strong,29,adaptshrink_solo,0.2,0.2353184822353806,-0.0003135845002023,0.4709505489709636,True
step,strong,30,reml_hksj,0.2,0.327533170641254,0.2558254422196112,0.3992408990628967,True
step,strong,30,trim_and_fill,0.2,0.1923720569719396,0.157357708100646,0.2273864058432333,True
step,strong,30,pet_peese,0.2,0.2331724557795458,0.1792784955278917,0.2870664160311998,True
step,strong,30,copas,0.2,0.3253964052612809,0.2594236552231506,0.3913691552994111,True
step,strong,30,ubcma,0.2,0.1533022396755003,0.0688432175256061,0.2377612618253946,True
step,strong,30,henmi_copas,0.2,0.2932368354061524,0.2127178706215739,0.3737558001907308,True
step,strong,30,adaptshrink_ens,0.2,0.193753296962952,0.0950251358382721,0.2924814580876319,True
step,strong,30,adaptshrink_solo,0.2,0.1738442777309383,0.0114086770981636,0.336279878363713,True
step,strong,31,reml_hksj,0.2,0.346629795942585,0.2926670309025572,0.4005925609826128,True
step,strong,31,trim_and_fill,0.2,0.2408103680709081,0.2104586493102848,0.2711620868315313,True
step,strong,31,pet_peese,0.2,0.3211603934531893,0.2659565323001539,0.3763642546062247,True
step,strong,31,copas,0.2,0.3463770906037646,0.2959790464458814,0.3967751347616478,True
step,strong,31,ubcma,0.2,0.2817001846429396,0.210584033976294,0.3457948607941326,True
step,strong,31,henmi_copas,0.2,0.3467560314661608,0.2928915469978374,0.4006205159344841,True
step,strong,31,adaptshrink_ens,0.2,0.279129134633155,0.1312957935168984,0.4269624757494115,True
step,strong,31,adaptshrink_solo,0.2,0.3460818866735032,0.1212698879473363,0.5708938853996701,True
step,strong,32,reml_hksj,0.2,0.317350085716478,0.2651151185645683,0.3695850528683876,True
step,strong,32,trim_and_fill,0.2,0.2205042909095686,0.1892760306470638,0.2517325511720735,True
step,strong,32,pet_peese,0.2,0.081251427368943,-0.0223017522175726,0.1848046069554588,True
step,strong,32,copas,0.2,0.3146413782588579,0.2689143143079328,0.3603684422097831,True
step,strong,32,ubcma,0.2,0.2691872526351867,0.2135230590727149,0.3255146791422327,True
step,strong,32,henmi_copas,0.2,0.3000335585388378,0.2468170761455065,0.3532500409321691,True
step,strong,32,adaptshrink_ens,0.2,0.2225986133246159,0.1180915979422041,0.3271056287070277,True
step,strong,32,adaptshrink_solo,0.2,0.08694705160762,0.0062987668295965,0.1675953363856435,True
step,strong,33,reml_hksj,0.2,0.3720385481962108,0.3102874670887836,0.4337896293036379,True
step,strong,33,trim_and_fill,0.2,0.2366394437539281,0.2008877167641986,0.2723911707436577,True
step,strong,33,pet_peese,0.2,0.2936945933630154,0.2141078797574121,0.3732813069686186,True
step,strong,33,copas,0.2,0.3706904906508644,0.3150514530354054,0.4263295282663234,True
step,strong,33,ubcma,0.2,0.3494644716223915,0.2803092145168764,0.4190911748777525,True
step,strong,33,henmi_copas,0.2,0.3638545587395244,0.3054881727471392,0.4222209447319096,True
step,strong,33,adaptshrink_ens,0.2,0.2908936202710363,0.0980806498075018,0.4837065907345708,True
step,strong,33,adaptshrink_solo,0.2,0.2260508188502409,0.0955387109586231,0.3565629267418587,True
step,strong,34,reml_hksj,0.2,0.3476229668565448,0.2845252859000922,0.4107206478129974,True
step,strong,34,trim_and_fill,0.2,0.2056964952010463,0.1805383700801867,0.2308546203219058,True
step,strong,34,pet_peese,0.2,0.3535570572032039,0.3018279381885946,0.4052861762178132,True
step,strong,34,copas,0.2,0.3476596936296166,0.2902945994317651,0.405024787827468,True
step,strong,34,ubcma,0.2,0.3038087763185378,0.2301636719454091,0.380204631619016,True
step,strong,34,henmi_copas,0.2,0.3512114297376918,0.2805946043348729,0.4218282551405108,True
step,strong,34,adaptshrink_ens,0.2,0.3089590242946969,0.1071727194298926,0.5107453291595013,True
step,strong,34,adaptshrink_solo,0.2,0.3475910930781034,0.2828955138408519,0.4122866723153548,True
step,strong,35,reml_hksj,0.2,0.381960714077118,0.3209663612145207,0.4429550669397153,True
step,strong,35,trim_and_fill,0.2,0.22334196922963,0.1925522427649859,0.2541316956942741,True
step,strong,35,pet_peese,0.2,0.3476756253142864,0.2868148884146041,0.4085363622139687,True
step,strong,35,copas,0.2,0.3813457437169746,0.3252512235531093,0.43744026388084,True
step,strong,35,ubcma,0.2,0.2819681822503154,0.2124910545606679,0.3521062705400106,True
step,strong,35,henmi_copas,0.2,0.3721063679597938,0.3098361078184855,0.4343766281011021,True
step,strong,35,adaptshrink_ens,0.2,0.2791870116938686,0.090031626236485,0.4683423971512523,True
step,strong,35,adaptshrink_solo,0.2,0.3739236576017276,0.1679652680759276,0.5798820471275276,True
step,strong,36,reml_hksj,0.2,0.3034139697459415,0.2491440500857892,0.3576838894060938,True
step,strong,36,trim_and_fill,0.2,0.1749692055978862,0.1458501783418666,0.2040882328539058,True
step,strong,36,pet_peese,0.2,0.2533888616415169,0.1998005828440582,0.3069771404389756,True
step,strong,36,copas,0.2,0.3026188082111709,0.2548076322717637,0.350429984150578,True
step,strong,36,ubcma,0.2,0.2376185708651006,0.1437411693028623,0.3180782594497089,True
step,strong,36,henmi_copas,0.2,0.2952211209537274,0.2368539072554089,0.3535883346520458,True
step,strong,36,adaptshrink_ens,0.2,0.2380284588329241,0.0954401715541106,0.3806167461117375,True
step,strong,36,adaptshrink_solo,0.2,0.2402308806673458,-0.0327231256410658,0.5131848869757576,True
step,strong,37,reml_hksj,0.2,0.35361583824334,0.2991825316992237,0.4080491447874562,True
step,strong,37,trim_and_fill,0.2,0.2570108619081526,0.2265044896627951,0.28751723415351,True
step,strong,37,pet_peese,0.2,0.3048562925408963,0.254960185482406,0.3547523995993867,True
step,strong,37,copas,0.2,0.3529507050118354,0.3019632022636744,0.4039382077599963,True
step,strong,37,ubcma,0.2,0.3107826999224976,0.2406928109898529,0.3826990354722796,True
step,strong,37,henmi_copas,0.2,0.3357481480771501,0.2782935634436312,0.3932027327106689,True
step,strong,37,adaptshrink_ens,0.2,0.2994452373123056,0.1907195668543916,0.4081709077702197,True
step,strong,37,adaptshrink_solo,0.2,0.2858931032041921,0.0863113962900367,0.4854748101183475,True
step,strong,38,reml_hksj,0.2,0.3395019501701929,0.2835566248006201,0.3954472755397656,True
step,strong,38,trim_and_fill,0.2,0.205320857831337,0.1796712245452403,0.2309704911174336,True
step,strong,38,pet_peese,0.2,0.2806988735838663,0.2325017372338099,0.3288960099339226,True
step,strong,38,copas,0.2,0.3388188948672229,0.2884958052526971,0.3891419844817487,True
step,strong,38,ubcma,0.2,0.2773761372466087,0.1974164370800281,0.350335717752957,True
step,strong,38,henmi_copas,0.2,0.3293931722463214,0.2705891782223514,0.3881971662702914,True
step,strong,38,adaptshrink_ens,0.2,0.2741183757556191,0.1555185587429176,0.3927181927683207,True
step,strong,38,adaptshrink_solo,0.2,0.2612303864673301,0.0631699361083008,0.4592908368263594,True
step,strong,39,reml_hksj,0.2,0.3216953828196616,0.2381022458577268,0.4052885197815963,True
step,strong,39,trim_and_fill,0.2,0.1770665899365279,0.1483646573482331,0.2057685225248227,True
step,strong,39,pet_peese,0.2,0.2382551335383199,0.1887351584899676,0.2877751085866721,True
step,strong,39,copas,0.2,0.320378601507548,0.2512344437834765,0.3895227592316196,True
step,strong,39,ubcma,0.2,0.1861884181507444,0.0715082318804078,0.3153638264236516,True
step,strong,39,henmi_copas,0.2,0.2944013156125483,0.2100586084940488,0.3787440227310477,True
step,strong,39,adaptshrink_ens,0.2,0.1823330282837886,0.0919236768776311,0.2727423796899462,True
step,strong,39,adaptshrink_solo,0.2,0.224667512888546,-0.0806128569605415,0.5299478827376336,True
step,strong,40,reml_hksj,0.2,0.378781945676957,0.3077201407416072,0.4498437506123069,True
step,strong,40,trim_and_fill,0.2,0.2371396389826208,0.2043646021937021,0.2699146757715395,True
step,strong,40,pet_peese,0.2,0.3286257176792259,0.2681160879887367,0.389135347369715,True
step,strong,40,copas,0.2,0.3778942784861024,0.3134099392471308,0.4423786177250741,True
step,strong,40,ubcma,0.2,0.2301286758838936,0.0916163701226951,0.3629562660751854,True
step,strong,40,henmi_copas,0.2,0.3705623768044805,0.2905003759257311,0.4506243776832299,True
step,strong,40,adaptshrink_ens,0.2,0.2392900000452178,0.1450876526108627,0.3334923474795729,True
step,strong,40,adaptshrink_solo,0.2,0.378684413296884,0.1148906232153176,0.6424782033784505,True
step,strong,41,reml_hksj,0.2,0.2893123480665866,0.219664215605341,0.3589604805278322,True
step,strong,41,trim_and_fill,0.2,0.168096709910271,0.1357569397186513,0.2004364801018907,True
step,strong,41,pet_peese,0.2,0.2475247840502976,0.1880998889898966,0.3069496791106987,True
step,strong,41,copas,0.2,0.2887864752071492,0.225031589260642,0.3525413611536564,True
step,strong,41,ubcma,0.2,0.2679611701942312,0.1989367547277754,0.3452585480920457,True
step,strong,41,henmi_copas,0.2,0.2778164372391546,0.2006629002134916,0.3549699742648177,True
step,strong,41,adaptshrink_ens,0.2,0.2470869446758379,0.1020360982192837,0.392137791132392,True
step,strong,41,adaptshrink_solo,0.2,0.2897022213617061,0.0529346731482006,0.5264697695752116,True
step,strong,42,reml_hksj,0.2,0.3402703905352222,0.2679854554663029,0.4125553256041414,True
step,strong,42,trim_and_fill,0.2,0.2267882519856213,0.1908833780964724,0.2626931258747702,True
step,strong,42,pet_peese,0.2,0.287868206234752,0.2238882271401565,0.3518481853293475,True
step,strong,42,copas,0.2,0.3390315186488252,0.2774463354993097,0.4006167017983406,True
step,strong,42,ubcma,0.2,0.2338108995954641,0.1360783946278755,0.3245605630135963,True
step,strong,42,henmi_copas,0.2,0.3246506732574838,0.2479975521831356,0.4013037943318319,True
step,strong,42,adaptshrink_ens,0.2,0.2323818331997581,0.1345402708010355,0.3302233955984807,True
step,strong,42,adaptshrink_solo,0.2,0.2983832041344149,0.0723464419688273,0.5244199663000025,True
step,strong,43,reml_hksj,0.2,0.3463277767086545,0.2692232367660381,0.4234323166512709,True
step,strong,43,trim_and_fill,0.2,0.2336337226189828,0.1985346793289493,0.2687327659090164,True
step,strong,43,pet_peese,0.2,0.2844777007947346,0.221956642583526,0.3469987590059432,True
step,strong,43,copas,0.2,0.3443892129629002,0.2856213957999212,0.4031570301258791,True
step,strong,43,ubcma,0.2,0.3197321609150119,0.2377068385928747,0.3956998897793208,True
step,strong,43,henmi_copas,0.2,0.3349950319372224,0.258300482370876,0.4116895815035687,True
step,strong,43,adaptshrink_ens,0.2,0.2813730052624503,0.1314657170173295,0.4312802935075712,True
step,strong,43,adaptshrink_solo,0.2,0.2696674691736297,0.0352884198846365,0.5040465184626228,True
step,strong,44,reml_hksj,0.2,0.3507389711651437,0.2988984942916775,0.4025794480386099,True
step,strong,44,trim_and_fill,0.2,0.2522565143276641,0.2175993215540504,0.2869137071012778,True
step,strong,44,pet_peese,0.2,0.3039581728107181,0.2415895453028323,0.3663268003186038,True
step,strong,44,copas,0.2,0.348253539051193,0.3025223345099264,0.3939847435924596,True
step,strong,44,ubcma,0.2,0.2874501126222886,0.2145060912065486,0.3595540877261391,True
step,strong,44,henmi_copas,0.2,0.3475720884182943,0.3053997092599007,0.3897444675766879,True
step,strong,44,adaptshrink_ens,0.2,0.2828793505227359,0.1637770216007838,0.401981679444688,True
step,strong,44,adaptshrink_solo,0.2,0.262159033336323,0.1445176616537288,0.3798004050189172,True
step,strong,45,reml_hksj,0.2,0.3505019557236558,0.2877855532835771,0.4132183581637346,True
step,strong,45,trim_and_fill,0.2,0.2144448962872409,0.1797881928397538,0.249101599734728,True
step,strong,45,pet_peese,0.2,0.2603564878264997,0.1983234088824055,0.3223895667705939,True
step,strong,45,copas,0.2,0.3489488969936766,0.2910015835633791,0.4068962104239742,True
step,strong,45,ubcma,0.2,0.2718981015613438,0.1943628082576172,0.3620398910549979,True
step,strong,45,henmi_copas,0.2,0.3211877974465853,0.2572255154744098,0.3851500794187608,True
step,strong,45,adaptshrink_ens,0.2,0.2535429033289864,0.1276588350519568,0.379426971606016,True
step,strong,45,adaptshrink_solo,0.2,0.1860039804062571,0.0281093449143499,0.3438986158981643,True
step,strong,46,reml_hksj,0.2,0.2693051161566687,0.217036529876779,0.3215737024365585,True
step,strong,46,trim_and_fill,0.2,0.1084946739324674,0.0833897638844572,0.1335995839804776,True
step,strong,46,pet_peese,0.2,0.2219385729730926,0.178399778266963,0.2654773676792222,True
step,strong,46,copas,0.2,0.2686908518964677,0.2202258147666234,0.3171558890263121,True
step,strong,46,ubcma,0.2,0.2283209958819763,0.1493135953481215,0.3205993317167707,True
step,strong,46,henmi_copas,0.2,0.257085137434657,0.199747496881214,0.3144227779881,True
step,strong,46,adaptshrink_ens,0.2,0.2198624745382169,0.1019704205539827,0.3377545285224512,True
step,strong,46,adaptshrink_solo,0.2,0.1917367990782163,0.0087718018093455,0.3747017963470871,True
step,strong,47,reml_hksj,0.2,0.3317554024281868,0.2621324236194742,0.4013783812368995,True
step,strong,47,trim_and_fill,0.2,0.1838412168555345,0.1516322653109952,0.2160501684000737,True
step,strong,47,pet_peese,0.2,0.2402391482520307,0.1836422117070492,0.2968360847970122,True
step,strong,47,copas,0.2,0.3302359324739593,0.2678166299384297,0.3926552350094889,True
step,strong,47,ubcma,0.2,0.218820641554758,0.1483712219038913,0.2864631117211364,True
step,strong,47,henmi_copas,0.2,0.303272620946977,0.224566416154896,0.3819788257390579,True
step,strong,47,adaptshrink_ens,0.2,0.215775091955909,0.0944798776750145,0.3370703062368035,True
step,strong,47,adaptshrink_solo,0.2,0.1748305622060374,-0.0214642704921527,0.3711253949042277,True
step,strong,48,reml_hksj,0.2,0.3536749915298786,0.2594986214269114,0.4478513616328458,True
step,strong,48,trim_and_fill,0.2,0.2721658935079586,0.2314306045106872,0.3129011825052301,True
step,strong,48,pet_peese,0.2,0.3106306144697034,0.2488363467554504,0.3724248821839564,True
step,strong,48,copas,0.2,0.352621199220297,0.2711176651719783,0.4341247332686158,True
step,strong,48,ubcma,0.2,0.1358114640674222,-0.0024476397900929,0.2533963094041875,True
step,strong,48,henmi_copas,0.2,0.3414960487644679,0.2375062666112217,0.445485830917714,True
step,strong,48,adaptshrink_ens,0.2,0.2756343657646504,0.1520887625216411,0.3991799690076596,True
step,strong,48,adaptshrink_solo,0.2,0.3519742906888723,0.2699178473403681,0.4340307340373766,True
step,strong,49,reml_hksj,0.2,0.3942509437439646,0.3252117839365156,0.4632901035514136,True
step,strong,49,trim_and_fill,0.2,0.259934426451936,0.2209317876844611,0.2989370652194107,True
step,strong,49,pet_peese,0.2,0.4162980333814082,0.3424399930712049,0.4901560736916115,True
step,strong,49,copas,0.2,0.3957497214754051,0.332988388312467,0.4585110546383433,True
step,strong,49,ubcma,0.2,0.2676632675382234,0.1444128469106101,0.3778343159742013,True
step,strong,49,henmi_copas,0.2,0.4062810292191914,0.3487138313622442,0.4638482270761385,True
step,strong,49,adaptshrink_ens,0.2,0.2634400198031202,0.1454016895645061,0.3814783500417343,True
step,strong,49,adaptshrink_solo,0.2,0.4007160220043421,0.3004585016975533,0.500973542311131,True
step,strong,50,reml_hksj,0.2,0.3730318176474733,0.2914337042523865,0.45462993104256,True
step,strong,50,trim_and_fill,0.2,0.2419771657007491,0.2016127935552678,0.2823415378462304,True
step,strong,50,pet_peese,0.2,0.2592401510373246,0.1832114774036518,0.3352688246709974,True
step,strong,50,copas,0.2,0.3668579171318046,0.3013180926209626,0.4323977416426465,True
step,strong,50,ubcma,0.2,0.2961154457370222,0.2110532385459348,0.3789213609601761,True
step,strong,50,henmi_copas,0.2,0.3467661928181189,0.2606021124415598,0.432930273194678,True
step,strong,50,adaptshrink_ens,0.2,0.2540087303271129,0.1464812784213176,0.3615361822329082,True
step,strong,50,adaptshrink_solo,0.2,0.190226045858696,0.0217239482716507,0.3587281434457414,True
step,strong,51,reml_hksj,0.2,0.3075835757230457,0.2539838234329979,0.3611833280130934,True
step,strong,51,trim_and_fill,0.2,0.1859113237758231,0.1539974623981048,0.2178251851535413,True
step,strong,51,pet_peese,0.2,0.2804760702964911,0.22379513611311,0.3371570044798722,True
step,strong,51,copas,0.2,0.306928646125331,0.2573081794426165,0.3565491128080456,True
step,strong,51,ubcma,0.2,0.2694317676865869,0.1929814482747697,0.3365657441905027,True
step,strong,51,henmi_copas,0.2,0.301839149020971,0.2480165762475149,0.355661721794427,True
step,strong,51,adaptshrink_ens,0.2,0.2694266267329043,0.1324583929918604,0.4063948604739481,True
step,strong,51,adaptshrink_solo,0.2,0.3006846474017625,0.1322921432563115,0.4690771515472136,True
step,strong,52,reml_hksj,0.2,0.3335397346064325,0.2779893651257599,0.3890901040871051,True
step,strong,52,trim_and_fill,0.2,0.217760493826339,0.1874765474698105,0.2480444401828674,True
step,strong,52,pet_peese,0.2,0.2387890773496894,0.1793805943747095,0.2981975603246692,True
step,strong,52,copas,0.2,0.3317265092217215,0.2832375982484385,0.3802154201950044,True
step,strong,52,ubcma,0.2,0.2586401437978273,0.1806314450475199,0.3374169281973685,True
step,strong,52,henmi_copas,0.2,0.319018322877486,0.262334952189345,0.375701693565627,True
step,strong,52,adaptshrink_ens,0.2,0.2319474573026796,0.1412291333900632,0.3226657812152961,True
step,strong,52,adaptshrink_solo,0.2,0.1504985023430508,0.0151549880310855,0.2858420166550161,True
step,strong,53,reml_hksj,0.2,0.3406140960245956,0.2993679774213079,0.3818602146278832,True
step,strong,53,trim_and_fill,0.2,0.2589945521854,0.2314385594460773,0.2865505449247227,True
step,strong,53,pet_peese,0.2,0.2976434953750108,0.2499067887554169,0.3453802019946046,True
step,strong,53,copas,0.2,0.339765890812819,0.3020319174970066,0.3774998641286314,True
step,strong,53,ubcma,0.2,0.318647131946747,0.2516323806314484,0.3838878329294103,True
step,strong,53,henmi_copas,0.2,0.3382278906104358,0.3047578251240462,0.3716979560968254,True
step,strong,53,adaptshrink_ens,0.2,0.2943609666865812,0.1846835300500648,0.4040384033230975,True
step,strong,53,adaptshrink_solo,0.2,0.2558773789336432,0.1359647676904428,0.3757899901768435,True
step,strong,54,reml_hksj,0.2,0.3336011697064586,0.2688035447037463,0.398398794709171,True
step,strong,54,trim_and_fill,0.2,0.1988584675559672,0.163577540022955,0.2341393950889794,True
step,strong,54,pet_peese,0.2,0.2691244818729258,0.2018398362139639,0.3364091275318877,True
step,strong,54,copas,0.2,0.3326652382134525,0.2727735756794659,0.3925569007474392,True
step,strong,54,ubcma,0.2,0.22101845106843,0.1575447685633612,0.2862560570126321,True
step,strong,54,henmi_copas,0.2,0.319732912908158,0.2533281165192811,0.3861377092970349,True
step,strong,54,adaptshrink_ens,0.2,0.2155225550441046,0.0983271115521194,0.3327179985360898,True
step,strong,54,adaptshrink_solo,0.2,0.240333448334651,0.0527306308681078,0.4279362658011941,True
step,strong,55,reml_hksj,0.2,0.3472372491028674,0.2852168018739951,0.4092576963317397,True
step,strong,55,trim_and_fill,0.2,0.2243344700830311,0.1939202541149938,0.2547486860510684,True
step,strong,55,pet_peese,0.2,0.2868707271273621,0.2369599920130509,0.3367814622416734,True
step,strong,55,copas,0.2,0.3455859058765655,0.2898692548500239,0.4013025569031071,True
step,strong,55,ubcma,0.2,0.3619860000006318,0.2474403943944947,0.4545466316220667,True
step,strong,55,henmi_copas,0.2,0.3264973615470344,0.2605166098372765,0.3924781132567924,True
step,strong,55,adaptshrink_ens,0.2,0.283632945569606,0.1298205235209867,0.4374453676182253,True
step,strong,55,adaptshrink_solo,0.2,0.2305911148642375,0.0655965137372235,0.3955857159912516,True
step,strong,56,reml_hksj,0.2,0.3513197101277983,0.2965055608802971,0.4061338593752995,True
step,strong,56,trim_and_fill,0.2,0.2420013825856581,0.206459667571009,0.2775430976003071,True
step,strong,56,pet_peese,0.2,0.2689038027775869,0.2008849330327535,0.3369226725224204,True
step,strong,56,copas,0.2,0.3502119430989643,0.2989695932156139,0.4014542929823147,True
step,strong,56,ubcma,0.2,0.2972751042633469,0.1694144780198314,0.4327110061196345,True
step,strong,56,henmi_copas,0.2,0.3406911250265501,0.2928978420736823,0.3884844079794179,True
step,strong,56,adaptshrink_ens,0.2,0.2586306069342147,0.1487015731754158,0.3685596406930135,True
step,strong,56,adaptshrink_solo,0.2,0.1964044445242947,0.0022081608565129,0.3906007281920765,True
step,strong,57,reml_hksj,0.2,0.3394562726249642,0.2883361986179299,0.3905763466319986,True
step,strong,57,trim_and_fill,0.2,0.2095542055357217,0.1839783602019954,0.235130050869448,True
step,strong,57,pet_peese,0.2,0.278300092648249,0.232332231680156,0.3242679536163421,True
step,strong,57,copas,0.2,0.3385803330521678,0.2909589497291047,0.386201716375231,True
step,strong,57,ubcma,0.2,0.298356619652021,0.2284441055492392,0.3704241134426182,True
step,strong,57,henmi_copas,0.2,0.3267345752834486,0.2719145096092031,0.3815546409576941,True
step,strong,57,adaptshrink_ens,0.2,0.2774020509582954,0.1561396838953736,0.3986644180212172,True
step,strong,57,adaptshrink_solo,0.2,0.2313148000074197,0.0410368786061826,0.4215927214086569,True
step,strong,58,reml_hksj,0.2,0.3455032125575482,0.2750570643286402,0.4159493607864562,True
step,strong,58,trim_and_fill,0.2,0.1185379033267736,0.0911214736814051,0.1459543329721421,True
step,strong,58,pet_peese,0.2,0.294261605556638,0.2393266995153006,0.3491965115979754,True
step,strong,58,copas,0.2,0.3452994528543555,0.279503732537187,0.4110951731715239,True
step,strong,58,ubcma,0.2,0.2395601988058689,0.172644221943566,0.3153333532806539,True
step,strong,58,henmi_copas,0.2,0.3284821806917101,0.2414951394977053,0.4154692218857149,True
step,strong,58,adaptshrink_ens,0.2,0.2453806466119767,0.039513382390339,0.4512479108336144,True
step,strong,58,adaptshrink_solo,0.2,0.3458124988267877,0.0968119778448784,0.5948130198086969,True
step,strong,59,reml_hksj,0.2,0.3369224339763235,0.276903683909719,0.396941184042928,True
step,strong,59,trim_and_fill,0.2,0.2224261597187367,0.1921339142399384,0.2527184051975352,True
step,strong,59,pet_peese,0.2,0.243071578964783,0.1918420457060996,0.2943011122234664,True
step,strong,59,copas,0.2,0.3331936441752549,0.2825257481248228,0.3838615402256869,True
step,strong,59,ubcma,0.2,0.2027283449072733,0.1217722220052151,0.287505405763411,True
step,strong,59,henmi_copas,0.2,0.3141718898537373,0.2518041874675358,0.3765395922399387,True
step,strong,59,adaptshrink_ens,0.2,0.2241486060612984,0.1541343359275732,0.2941628761950235,True
step,strong,59,adaptshrink_solo,0.2,0.1604080189369498,0.0583324494869953,0.2624835883869043,True
step,strong,60,reml_hksj,0.2,0.3822216801731889,0.3232257843715019,0.441217575974876,True
step,strong,60,trim_and_fill,0.2,0.1691502642159091,0.1414628773367195,0.1968376510950987,True
step,strong,60,pet_peese,0.2,0.2622829180581661,0.2098913523422753,0.3146744837740569,True
step,strong,60,copas,0.2,0.3813375405457229,0.3258735948276632,0.4368014862637825,True
step,strong,60,ubcma,0.2,0.3693787639060155,0.288385957906024,0.4532401584970414,True
step,strong,60,henmi_copas,0.2,0.3450475830783635,0.2741481569636358,0.4159470091930911,True
step,strong,60,adaptshrink_ens,0.2,0.2607675742395557,0.0823650715764109,0.4391700769027006,True
step,strong,60,adaptshrink_solo,0.2,0.1629197365292802,-0.064343055428313,0.3901825284868734,True
step,strong,61,reml_hksj,0.2,0.3717082286847408,0.3211206584913512,0.4222957988781304,True
step,strong,61,trim_and_fill,0.2,0.2554156876064271,0.2230615366005828,0.2877698386122713,True
step,strong,61,pet_peese,0.2,0.3059363538296979,0.2463962527876513,0.3654764548717444,True
step,strong,61,copas,0.2,0.3706066809334145,0.3232031986870223,0.4180101631798067,True
step,strong,61,ubcma,0.2,0.3165936792195323,0.2578009398816527,0.3770146034633505,True
step,strong,61,henmi_copas,0.2,0.3595723379442185,0.321029725440841,0.398114950447596,True
step,strong,61,adaptshrink_ens,0.2,0.3027612498674725,0.1845634356711594,0.4209590640637856,True
step,strong,61,adaptshrink_solo,0.2,0.2359564449878939,0.0930235053888208,0.378889384586967,True
step,strong,62,reml_hksj,0.2,0.2865399076429279,0.2110244787117987,0.3620553365740571,True
step,strong,62,trim_and_fill,0.2,0.1216145436087019,0.088178642248846,0.1550504449685577,True
step,strong,62,pet_peese,0.2,0.0974867368417049,-0.0023392063874991,0.197312680070909,True
step,strong,62,copas,0.2,0.2849204367145129,0.2165164245176839,0.3533244489113418,True
step,strong,62,ubcma,0.2,0.1386231857193089,0.0787005372373349,0.2018763157495646,True
step,strong,62,henmi_copas,0.2,0.2494539239477196,0.1620901630323618,0.3368176848630774,True
step,strong,62,adaptshrink_ens,0.2,0.1228774076983244,0.0486138403776427,0.197140975019006,True
step,strong,62,adaptshrink_solo,0.2,0.1285620619103553,-0.1301502267523914,0.3872743505731022,True
step,strong,63,reml_hksj,0.2,0.3608350563563474,0.2950397602182678,0.426630352494427,True
step,strong,63,trim_and_fill,0.2,0.2250457767660992,0.1950607578615328,0.2550307956706655,True
step,strong,63,pet_peese,0.2,0.297905242292683,0.2436649999146761,0.3521454846706899,True
step,strong,63,copas,0.2,0.3603105990437188,0.2988157754476761,0.4218054226397615,True
step,strong,63,ubcma,0.2,0.2500887953749978,0.1747624348465852,0.3279590104803549,True
step,strong,63,henmi_copas,0.2,0.3434298911096643,0.2699494194921437,0.4169103627271849,True
step,strong,63,adaptshrink_ens,0.2,0.2438312347647758,0.1162580134039908,0.3714044561255607,True
step,strong,63,adaptshrink_solo,0.2,0.2889074325287362,0.0289340943435649,0.5488807707139074,True
step,strong,64,reml_hksj,0.2,0.3467640246191683,0.2850509905657291,0.4084770586726075,True
step,strong,64,trim_and_fill,0.2,0.1963057642069014,0.1705594917519403,0.2220520366618625,True
step,strong,64,pet_peese,0.2,0.323831417766973,0.2752579134358363,0.3724049220981097,True
step,strong,64,copas,0.2,0.3465068759692981,0.2886302845596292,0.4043834673789669,True
step,strong,64,ubcma,0.2,0.2461018080766142,0.2017604104021001,0.289779536562361,True
step,strong,64,henmi_copas,0.2,0.3414062199323712,0.2674923811673468,0.4153200586973955,True
step,strong,64,adaptshrink_ens,0.2,0.2432748958264336,0.1040727515486563,0.382477040104211,True
step,strong,64,adaptshrink_solo,0.2,0.3476637317808139,0.0466351808014046,0.6486922827602233,True
step,strong,65,reml_hksj,0.2,0.3104639601151538,0.260902655386883,0.3600252648434245,True
step,strong,65,trim_and_fill,0.2,0.1953634993865372,0.164678765596059,0.2260482331770153,True
step,strong,65,pet_peese,0.2,0.2435847485370942,0.189822809788725,0.2973466872854634,True
step,strong,65,copas,0.2,0.3089249290401402,0.2642405015659499,0.3536093565143304,True
step,strong,65,ubcma,0.2,0.2713558743562752,0.2097728592441907,0.3321387853337326,True
step,strong,65,henmi_copas,0.2,0.3037271216155964,0.2540828721533767,0.3533713710778161,True
step,strong,65,adaptshrink_ens,0.2,0.2423398719639141,0.112731120601048,0.3719486233267801,True
step,strong,65,adaptshrink_solo,0.2,0.1855003394879126,0.0564911527526113,0.3145095262232139,True
step,strong,66,reml_hksj,0.2,0.342815246890442,0.2737652835538693,0.4118652102270147,True
step,strong,66,trim_and_fill,0.2,0.2033063690550551,0.1673871071212664,0.2392256309888438,True
step,strong,66,pet_peese,0.2,0.0991098552256548,-0.0200324559292887,0.2182521663805984,True
step,strong,66,copas,0.2,0.3409478719995393,0.2774184484642862,0.4044772955347924,True
step,strong,66,ubcma,0.2,0.2663672010439999,0.1769994823064562,0.3606516807999268,True
step,strong,66,henmi_copas,0.2,0.3135371971146489,0.2420482024571424,0.3850261917721553,True
step,strong,66,adaptshrink_ens,0.2,0.2042594166439994,0.0880823754737452,0.3204364578142535,True
step,strong,66,adaptshrink_solo,0.2,0.1171212758667241,-0.0126935116128538,0.2469360633463022,True
step,strong,67,reml_hksj,0.2,0.3483111043520147,0.2699348223710123,0.4266873863330171,True
step,strong,67,trim_and_fill,0.2,0.2052414989635417,0.1765058018052955,0.2339771961217878,True
step,strong,67,pet_peese,0.2,0.32048127754729,0.2726246025326841,0.3683379525618959,True
step,strong,67,copas,0.2,0.3478264487838389,0.2761898368514949,0.4194630607161828,True
step,strong,67,ubcma,0.2,0.2537900641510314,0.1788485176491679,0.3286424475993532,True
step,strong,67,henmi_copas,0.2,0.3386086339344528,0.2534165543973752,0.4238007134715304,True
step,strong,67,adaptshrink_ens,0.2,0.2493444508772201,0.0641819822296075,0.4345069195248328,True
step,strong,67,adaptshrink_solo,0.2,0.3476471382090553,0.2726086200868847,0.4226856563312258,True
step,strong,68,reml_hksj,0.2,0.3252599833153567,0.2463211870469304,0.404198779583783,True
step,strong,68,trim_and_fill,0.2,0.1659259960096192,0.1279792276871006,0.2038727643321379,True
step,strong,68,pet_peese,0.2,0.1726734540612607,-0.0041660493179215,0.3495129574404431,True
step,strong,68,copas,0.2,0.3246493332318186,0.2539651321959993,0.3953335342676379,True
step,strong,68,ubcma,0.2,0.2047069378276043,0.1195641623909214,0.2857996785408127,True
step,strong,68,henmi_copas,0.2,0.3170791300770847,0.2338586946593667,0.4002995654948028,True
step,strong,68,adaptshrink_ens,0.2,0.17102412381715,0.0782190035259486,0.2638292441083514,True
step,strong,68,adaptshrink_solo,0.2,0.2841812093726768,-0.110839281294253,0.6792017000396067,True
step,strong,69,reml_hksj,0.2,0.3519157602110055,0.2803784436119642,0.4234530768100468,True
step,strong,69,trim_and_fill,0.2,0.186934816178084,0.1535094123395937,0.2203602200165742,True
step,strong,69,pet_peese,0.2,0.315692895036775,0.2478450567070886,0.3835407333664613,True
step,strong,69,copas,0.2,0.3517664452131644,0.2855505855529065,0.4179823048734224,True
step,strong,69,ubcma,0.2,0.2347962652694899,0.1546095690267299,0.3301585444443031,True
step,strong,69,henmi_copas,0.2,0.3447096768516677,0.2588337246790875,0.430585629024248,True
step,strong,69,adaptshrink_ens,0.2,0.2268253649400362,0.0255263866422492,0.4281243432378231,True
step,strong,69,adaptshrink_solo,0.2,0.3524261107235553,-0.0046410081408188,0.7094932295879295,True
step,strong,70,reml_hksj,0.2,0.4003195068416906,0.2797774610168516,0.5208615526665296,True
step,strong,70,trim_and_fill,0.2,0.2141215135484145,0.1753614852777453,0.2528815418190837,True
step,strong,70,pet_peese,0.2,0.3402908134110907,0.2729399710334613,0.4076416557887201,True
step,strong,70,copas,0.2,0.3992916445254861,0.296070370775814,0.5025129182751581,True
step,strong,70,ubcma,0.2,0.2910658250011305,0.1801974737172537,0.4049699679658734,True
step,strong,70,henmi_copas,0.2,0.3756284916114022,0.2239429705842822,0.5273140126385223,True
step,strong,70,adaptshrink_ens,0.2,0.2930488838092299,0.0608906795291637,0.5252070880892962,True
step,strong,70,adaptshrink_solo,0.2,0.4015307844112585,0.1308671393117741,0.6721944295107429,True
step,strong,71,reml_hksj,0.2,0.3184668547026452,0.2503271237370233,0.3866065856682671,True
step,strong,71,trim_and_fill,0.2,0.198015192593588,0.1607512386098112,0.2352791465773648,True
step,strong,71,pet_peese,0.2,0.2822519470170577,0.2131663832617706,0.3513375107723447,True
step,strong,71,copas,0.2,0.3176880699778576,0.2559445652296378,0.3794315747260774,True
step,strong,71,ubcma,0.2,0.2650664488843582,0.1627385805010584,0.3564030161601932,True
step,strong,71,henmi_copas,0.2,0.3054069120018438,0.2327533262736596,0.3780604977300279,True
step,strong,71,adaptshrink_ens,0.2,0.2629898666352254,0.0979268011996166,0.4280529320708342,True
step,strong,71,adaptshrink_solo,0.2,0.3065093285287438,0.0333887859531778,0.5796298711043097,True
step,strong,72,reml_hksj,0.2,0.3252547807854179,0.2581680987455336,0.3923414628253022,True
step,strong,72,trim_and_fill,0.2,0.1997783261557832,0.1712957007667036,0.2282609515448627,True
step,strong,72,pet_peese,0.2,0.2920759004912804,0.2450416826787675,0.3391101183037932,True
step,strong,72,copas,0.2,0.324891211516657,0.2651932930262878,0.3845891300070261,True
step,strong,72,ubcma,0.2,0.2499431276641667,0.1439879145065354,0.3452812400328867,True
step,strong,72,henmi_copas,0.2,0.3071358342272886,0.23281014066556,0.3814615277890172,True
step,strong,72,adaptshrink_ens,0.2,0.2495417382848154,0.0667224193174066,0.4323610572522242,True
step,strong,72,adaptshrink_solo,0.2,0.3254432281531441,0.1350474767994731,0.515838979506815,True
step,strong,73,reml_hksj,0.2,0.3602601723021014,0.2932311589891568,0.427289185615046,True
step,strong,73,trim_and_fill,0.2,0.2399062980744154,0.19868013484547,0.2811324613033608,True
step,strong,73,pet_peese,0.2,0.2857561740761197,0.2144844221702334,0.357027925982006,True
step,strong,73,copas,0.2,0.3581609791896948,0.2973396652168739,0.4189822931625157,True
step,strong,73,ubcma,0.2,0.265769992710241,0.1701616885861556,0.3697057769691856,True
step,strong,73,henmi_copas,0.2,0.343266570090446,0.2783189826837279,0.4082141574971641,True
step,strong,73,adaptshrink_ens,0.2,0.2595207970814228,0.1417390106780695,0.377302583484776,True
step,strong,73,adaptshrink_solo,0.2,0.2423180028228034,0.0084248108558764,0.4762111947897304,True
step,strong,74,reml_hksj,0.2,0.3787981720452109,0.3170840682906798,0.4405122757997419,True
step,strong,74,trim_and_fill,0.2,0.2362499423965251,0.2052905363429788,0.2672093484500715,True
step,strong,74,pet_peese,0.2,0.3407627893666305,0.2825655699321039,0.3989600088011572,True
step,strong,74,copas,0.2,0.3780412509023577,0.3211128021001593,0.4349696997045562,True
step,strong,74,ubcma,0.2,0.2948748597253257,0.2144747056456298,0.3816887013099546,True
step,strong,74,henmi_copas,0.2,0.3719749502310981,0.3051360858378191,0.4388138146243772,True
step,strong,74,adaptshrink_ens,0.2,0.294405432757919,0.1060767314817382,0.4827341340340998,True
step,strong,74,adaptshrink_solo,0.2,0.3783281148967067,0.1239031540427327,0.6327530757506806,True
step,strong,75,reml_hksj,0.2,0.3595345373853171,0.2924437081703791,0.4266253666002552,True
step,strong,75,trim_and_fill,0.2,0.1863952685292648,0.1537956943153878,0.2189948427431418,True
step,strong,75,pet_peese,0.2,0.266324247488729,0.2069722022897507,0.3256762926877074,True
step,strong,75,copas,0.2,0.3584799070582398,0.2959425388740422,0.4210172752424373,True
step,strong,75,ubcma,0.2,0.2454417274455793,0.1583867612468271,0.332080038107634,True
step,strong,75,henmi_copas,0.2,0.3302303998726867,0.2568772121819355,0.4035835875634379,True
step,strong,75,adaptshrink_ens,0.2,0.2452715966441014,0.0917026927370284,0.3988405005511745,True
step,strong,75,adaptshrink_solo,0.2,0.210436663960576,0.0239728087530437,0.3969005191681082,True
step,strong,76,reml_hksj,0.2,0.3302844901919073,0.2619038390530167,0.398665141330798,True
step,strong,76,trim_and_fill,0.2,0.2414070967465683,0.1969037315354401,0.2859104619576966,True
step,strong,76,pet_peese,0.2,0.2456571547677357,0.1750089892407001,0.3163053202947714,True
step,strong,76,copas,0.2,0.3255771694965348,0.2648451298924691,0.3863092091006005,True
step,strong,76,ubcma,0.2,0.2740490779411612,0.2009360270385121,0.3528765661701137,True
step,strong,76,henmi_copas,0.2,0.3099821989240456,0.2451433436263084,0.3748210542217829,True
step,strong,76,adaptshrink_ens,0.2,0.2470659109473479,0.1583806114235157,0.3357512104711802,True
step,strong,76,adaptshrink_solo,0.2,0.1885027813480528,0.0560531514052566,0.3209524112908489,True
step,strong,77,reml_hksj,0.2,0.3352499346017384,0.2805311960380356,0.3899686731654413,True
step,strong,77,trim_and_fill,0.2,0.2264352323544918,0.1988745894128044,0.2539958752961792,True
step,strong,77,pet_peese,0.2,0.3118101944040756,0.2638740127376943,0.3597463760704569,True
step,strong,77,copas,0.2,0.3351751350991915,0.2888573034152683,0.3814929667831148,True
step,strong,77,ubcma,0.2,0.3163831303517707,0.21704576675302,0.3917561809581841,True
step,strong,77,henmi_copas,0.2,0.3388203113365204,0.2812036550724192,0.3964369676006217,True
step,strong,77,adaptshrink_ens,0.2,0.307848519264498,0.1846296622750752,0.4310673762539208,True
step,strong,77,adaptshrink_solo,0.2,0.335764614505492,0.2594929724747788,0.4120362565362052,True
step,strong,78,reml_hksj,0.2,0.3438179059111966,0.2806514443793771,0.406984367443016,True
step,strong,78,trim_and_fill,0.2,0.2109608651245075,0.1790312597063124,0.2428904705427026,True
step,strong,78,pet_peese,0.2,0.2780566422066791,0.211044702162388,0.3450685822509701,True
step,strong,78,copas,0.2,0.3427078938748328,0.2879307293033117,0.3974850584463539,True
step,strong,78,ubcma,0.2,0.3031658387192868,0.2247566037748701,0.3820938248045862,True
step,strong,78,henmi_copas,0.2,0.3334846830899113,0.2688533064290667,0.3981160597507559,True
step,strong,78,adaptshrink_ens,0.2,0.2761560318194201,0.1193993285464742,0.432912735092366,True
step,strong,78,adaptshrink_solo,0.2,0.2599265895564733,0.0167436299450711,0.5031095491678754,True
step,strong,79,reml_hksj,0.2,0.3644066279829592,0.29605856316014,0.4327546928057785,True
step,strong,79,trim_and_fill,0.2,0.209482069455801,0.179847363299361,0.2391167756122409,True
step,strong,79,pet_peese,0.2,0.3117645499406422,0.2608475602229826,0.3626815396583017,True
step,strong,79,copas,0.2,0.36290975528994,0.3027663809337751,0.4230531296461048,True
step,strong,79,ubcma,0.2,0.2006493707397561,0.1220543793638261,0.29323610398126,True
step,strong,79,henmi_copas,0.2,0.3551166633119779,0.2774616442232329,0.4327716824007229,True
step,strong,79,adaptshrink_ens,0.2,0.2104351774009717,0.1251184942446537,0.2957518605572898,True
step,strong,79,adaptshrink_solo,0.2,0.3299232424335427,0.0791843222082607,0.5806621626588248,True
step,strong,80,reml_hksj,0.2,0.322036051513389,0.2612296202151548,0.3828424828116231,True
step,strong,80,trim_and_fill,0.2,0.1804961383789155,0.1533482529308933,0.2076440238269377,True
step,strong,80,pet_peese,0.2,0.2642522965405756,0.2200052290000994,0.3084993640810517,True
step,strong,80,copas,0.2,0.3213649826501331,0.264519207143097,0.3782107581571691,True
step,strong,80,ubcma,0.2,0.2578795596056976,0.1549796904693649,0.3639545769573616,True
step,strong,80,henmi_copas,0.2,0.3013075014359451,0.229055244254091,0.3735597586177992,True
step,strong,80,adaptshrink_ens,0.2,0.2574761911752307,0.134068183796362,0.3808841985540994,True
step,strong,80,adaptshrink_solo,0.2,0.252500574576969,-0.0322797053296021,0.5372808544835402,True
step,strong,81,reml_hksj,0.2,0.4012598798813689,0.2976215227356787,0.5048982370270592,True
step,strong,81,trim_and_fill,0.2,0.1778626706272843,0.140425372409317,0.2152999688452516,True
step,strong,81,pet_peese,0.2,0.2934589336042287,0.2149075143076734,0.3720103529007839,True
step,strong,81,copas,0.2,0.4008117546984776,0.3060490417215989,0.4955744676753562,True
step,strong,81,ubcma,0.2,0.2681025909575416,0.0735744821369813,0.4235969986822692,True
step,strong,81,henmi_copas,0.2,0.36294185401024,0.2365718464298613,0.4893118615906187,True
step,strong,81,adaptshrink_ens,0.2,0.2690729499312629,0.0432563979858468,0.4948895018766789,True
step,strong,81,adaptshrink_solo,0.2,0.3000608203978073,-0.0046132180499604,0.604734858845575,True
step,strong,82,reml_hksj,0.2,0.3486800668650496,0.2925056113088662,0.404854522421233,True
step,strong,82,trim_and_fill,0.2,0.2219475642210462,0.1890190872119178,0.2548760412301746,True
step,strong,82,pet_peese,0.2,0.2935977473247121,0.2340622486384588,0.3531332460109654,True
step,strong,82,copas,0.2,0.3477797142214124,0.2958720864045198,0.3996873420383051,True
step,strong,82,ubcma,0.2,0.3220808693662774,0.2381496008318565,0.3989980890693579,True
step,strong,82,henmi_copas,0.2,0.3394546671962608,0.2898381307088883,0.3890712036836333,True
step,strong,82,adaptshrink_ens,0.2,0.2925113497746021,0.1403303152319385,0.4446923843172656,True
step,strong,82,adaptshrink_solo,0.2,0.2615095561765589,0.0554157642616249,0.4676033480914928,True
step,strong,83,reml_hksj,0.2,0.330462838863671,0.2823637679933359,0.378561909734006,True
step,strong,83,trim_and_fill,0.2,0.2181878687689003,0.193862859650367,0.2425128778874336,True
step,strong,83,pet_peese,0.2,0.2926022330560495,0.2497629139087759,0.335441552203323,True
step,strong,83,copas,0.2,0.3295815190210455,0.2878117967710367,0.3713512412710542,True
step,strong,83,ubcma,0.2,0.2462340358789361,0.1827420366187083,0.3090113034401744,True
step,strong,83,henmi_copas,0.2,0.3221841482340104,0.272124544865791,0.3722437516022298,True
step,strong,83,adaptshrink_ens,0.2,0.24117839305504,0.1142737863530368,0.3680829997570433,True
step,strong,83,adaptshrink_solo,0.2,0.2785300419457975,0.1312976639191277,0.4257624199724673,True
step,strong,84,reml_hksj,0.2,0.3220789234590224,0.255886318435341,0.3882715284827037,True
step,strong,84,trim_and_fill,0.2,0.2064161933317292,0.1671090676136104,0.2457233190498481,True
step,strong,84,pet_peese,0.2,0.2994771679269037,0.2291055700036721,0.3698487658501352,True
step,strong,84,copas,0.2,0.3232170393451858,0.2722812794899923,0.3741527992003793,True
step,strong,84,ubcma,0.2,0.2963930174789339,0.1867874764780387,0.4141198373499388,True
step,strong,84,henmi_copas,0.2,0.3232172097273568,0.249152862777979,0.3972815566767346,True
step,strong,84,adaptshrink_ens,0.2,0.2894623468178913,0.1215993632932821,0.4573253303425004,True
step,strong,84,adaptshrink_solo,0.2,0.3224725092081217,0.0724913059416204,0.572453712474623,True
step,strong,85,reml_hksj,0.2,0.338919436244263,0.2754835158426094,0.4023553566459166,True
step,strong,85,trim_and_fill,0.2,0.1987286143483573,0.1685786472890427,0.228878581407672,True
step,strong,85,pet_peese,0.2,0.2523532821339864,0.2024634952945979,0.3022430689733748,True
step,strong,85,copas,0.2,0.3369743173427684,0.28318969911218,0.3907589355733569,True
step,strong,85,ubcma,0.2,0.3300941231299781,0.1398066158773541,0.5142173204043214,True
step,strong,85,henmi_copas,0.2,0.3124861295333027,0.2423539086579979,0.3826183504086074,True
step,strong,85,adaptshrink_ens,0.2,0.2460835528798411,0.1048842569475054,0.3872828488121768,True
step,strong,85,adaptshrink_solo,0.2,0.1852206501501665,0.0362202105556992,0.3342210897446338,True
step,strong,86,reml_hksj,0.2,0.3788779449206181,0.2910340290790507,0.4667218607621854,True
step,strong,86,trim_and_fill,0.2,0.15846259197419,0.1220430124857749,0.1948821714626051,True
step,strong,86,pet_peese,0.2,0.273458861713159,0.2113041590987089,0.3356135643276091,True
step,strong,86,copas,0.2,0.3772800441440692,0.2973052383716051,0.4572548499165333,True
step,strong,86,ubcma,0.2,0.1783234082256033,0.0973486341950386,0.2942769834004545,True
step,strong,86,henmi_copas,0.2,0.3376474727065625,0.2273067364555457,0.4479882089575792,True
step,strong,86,adaptshrink_ens,0.2,0.1689115486015343,0.0334600935986695,0.304363003604399,True
step,strong,86,adaptshrink_solo,0.2,0.2398817316546275,-0.0954202946966748,0.5751837580059299,True
step,strong,87,reml_hksj,0.2,0.3923638629459133,0.3188732735840637,0.4658544523077628,True
step,strong,87,trim_and_fill,0.2,0.2365656629237756,0.2053256039679877,0.2678057218795634,True
step,strong,87,pet_peese,0.2,0.3902297337802239,0.328132944581421,0.4523265229790268,True
step,strong,87,copas,0.2,0.3922140953288743,0.3242974517415607,0.4601307389161878,True
step,strong,87,ubcma,0.2,0.3303570502556165,0.1861336568143101,0.4581885112155811,True
step,strong,87,henmi_copas,0.2,0.3985009197190207,0.3124602784762142,0.4845415609618272,True
step,strong,87,adaptshrink_ens,0.2,0.3353673444190624,0.0583610716315213,0.6123736172066034,True
step,strong,87,adaptshrink_solo,0.2,0.3927454607264005,0.3139615838502222,0.4715293376025788,True
step,strong,88,reml_hksj,0.2,0.2646961263121,0.2097639408712349,0.3196283117529652,True
step,strong,88,trim_and_fill,0.2,0.1889431186263926,0.1580783504294333,0.2198078868233519,True
step,strong,88,pet_peese,0.2,0.2193703528202516,0.1705075552702437,0.2682331503702594,True
step,strong,88,copas,0.2,0.2630517445565125,0.2148443095354918,0.3112591795775332,True
step,strong,88,ubcma,0.2,0.2824403370827233,0.213580890201337,0.349535347698774,True
step,strong,88,henmi_copas,0.2,0.2517653627115097,0.1948812813376358,0.3086494440853837,True
step,strong,88,adaptshrink_ens,0.2,0.2141900634495212,0.0909780862562423,0.3374020406428001,True
step,strong,88,adaptshrink_solo,0.2,0.177376363207027,0.0253316226693097,0.3294211037447442,True
step,strong,89,reml_hksj,0.2,0.2889820399778902,0.2360229146570915,0.3419411652986888,True
step,strong,89,trim_and_fill,0.2,0.1561667396592569,0.1306370202195546,0.1816964590989593,True
step,strong,89,pet_peese,0.2,0.2728470809950742,0.2258215175362106,0.3198726444539377,True
step,strong,89,copas,0.2,0.2887869644005938,0.2409079687489428,0.3366659600522448,True
step,strong,89,ubcma,0.2,0.2395568564181178,0.1744899248113817,0.30321199754966,True
step,strong,89,henmi_copas,0.2,0.2877864627170273,0.2322377330589703,0.3433351923750843,True
step,strong,89,adaptshrink_ens,0.2,0.2444096619108156,0.0851146778304163,0.403704645991215,True
step,strong,89,adaptshrink_solo,0.2,0.2889761391369587,0.238201513246533,0.3397507650273843,True
step,strong,90,reml_hksj,0.2,0.3535937942138031,0.2718272734571645,0.4353603149704418,True
step,strong,90,trim_and_fill,0.2,0.1711658368850538,0.1403528360994458,0.2019788376706617,True
step,strong,90,pet_peese,0.2,0.2878822094030137,0.2334466082531291,0.3423178105528984,True
step,strong,90,copas,0.2,0.3527529482048691,0.2791053886729061,0.426400507736832,True
step,strong,90,ubcma,0.2,0.2168480025090415,0.032367798760214,0.3701789973961914,True
step,strong,90,henmi_copas,0.2,0.3298494530157322,0.2384798597949809,0.4212190462364835,True
step,strong,90,adaptshrink_ens,0.2,0.2068325411402921,-0.0155660960891155,0.4292311783696998,True
step,strong,90,adaptshrink_solo,0.2,0.2913164050914473,-0.0227837863011919,0.6054165964840865,True
step,strong,91,reml_hksj,0.2,0.3776493745043044,0.3176922536536782,0.4376064953549307,True
step,strong,91,trim_and_fill,0.2,0.2542385535937265,0.2264393716344186,0.2820377355530345,True
step,strong,91,pet_peese,0.2,0.311512696270199,0.262908712139341,0.3601166804010571,True
step,strong,91,copas,0.2,0.3766993631523709,0.323215885676276,0.4301828406284658,True
step,strong,91,ubcma,0.2,0.2770676644450459,0.173195657717733,0.3538463536933404,True
step,strong,91,henmi_copas,0.2,0.3588896214051458,0.2960106912169837,0.421768551593308,True
step,strong,91,adaptshrink_ens,0.2,0.271888618656947,0.1559735333200403,0.3878037039938536,True
step,strong,91,adaptshrink_solo,0.2,0.2813193979332377,0.1307798619960435,0.4318589338704318,True
step,strong,92,reml_hksj,0.2,0.3625493020948417,0.2675840729527271,0.4575145312369564,True
step,strong,92,trim_and_fill,0.2,0.169478031972744,0.1353191180157368,0.2036369459297511,True
step,strong,92,pet_peese,0.2,0.2942406933489317,0.2384774240117439,0.3500039626861195,True
step,strong,92,copas,0.2,0.3614889621327319,0.2756119606299461,0.4473659636355178,True
step,strong,92,ubcma,0.2,0.1528267105380618,-0.0135838904303495,0.3147287168009474,True
step,strong,92,henmi_copas,0.2,0.3288666971457306,0.209796508692963,0.4479368855984981,True
step,strong,92,adaptshrink_ens,0.2,0.1710066620529942,0.0689875105676842,0.2730258135383041,True
step,strong,92,adaptshrink_solo,0.2,0.3228264193087694,-0.1393250260956903,0.7849778647132291,True
step,strong,93,reml_hksj,0.2,0.3300841050066829,0.2766106807963873,0.3835575292169785,True
step,strong,93,trim_and_fill,0.2,0.2417384401490602,0.2031198440085201,0.2803570362896003,True
step,strong,93,pet_peese,0.2,0.2913803939967236,0.2159672101012076,0.3667935778922396,True
step,strong,93,copas,0.2,0.3296145584047484,0.2803984930273877,0.3788306237821092,True
step,strong,93,ubcma,0.2,0.3635344124158058,0.2729557324559603,0.4535613440713273,True
step,strong,93,henmi_copas,0.2,0.3296145353557506,0.2833103886195068,0.3759186820919943,True
step,strong,93,adaptshrink_ens,0.2,0.2848790835875549,0.0985007944795903,0.4712573726955195,True
step,strong,93,adaptshrink_solo,0.2,0.2488352531213014,0.0340764446060649,0.463594061636538,True
step,strong,94,reml_hksj,0.2,0.3894728251968653,0.3061067294464606,0.47283892094727,True
step,strong,94,trim_and_fill,0.2,0.1748745941432196,0.1390586518809881,0.2106905364054512,True
step,strong,94,pet_peese,0.2,0.318599323622425,0.2521395968991767,0.3850590503456733,True
step,strong,94,copas,0.2,0.3886073980155932,0.3119524122216053,0.465262383809581,True
step,strong,94,ubcma,0.2,0.1988079231675835,0.1117940027665417,0.2839157968555591,True
step,strong,94,henmi_copas,0.2,0.3650458491187893,0.2700039450789006,0.460087753158678,True
step,strong,94,adaptshrink_ens,0.2,0.1877367188439698,0.043214363081158,0.3322590746067816,True
step,strong,94,adaptshrink_solo,0.2,0.3220966078905836,0.0530457136697838,0.5911475021113834,True
step,strong,95,reml_hksj,0.2,0.3232826372094093,0.2522973942557899,0.3942678801630287,True
step,strong,95,trim_and_fill,0.2,0.151648188170865,0.118751839081611,0.1845445372601191,True
step,strong,95,pet_peese,0.2,0.2974112708876139,0.2276486414910601,0.3671739002841677,True
step,strong,95,copas,0.2,0.3231233733457299,0.2572217340741859,0.3890250126172738,True
step,strong,95,ubcma,0.2,0.2156842553087054,0.1219933889391702,0.305191326361711,True
step,strong,95,henmi_copas,0.2,0.3182118771468797,0.236428315523397,0.3999954387703623,True
step,strong,95,adaptshrink_ens,0.2,0.210354213387884,-0.0216204468244035,0.4423288736001716,True
step,strong,95,adaptshrink_solo,0.2,0.3235747484559926,0.2157399423476545,0.4314095545643306,True
step,strong,96,reml_hksj,0.2,0.3442728510341094,0.2692359594396258,0.4193097426285929,True
step,strong,96,trim_and_fill,0.2,0.1861534815307131,0.1480366553059479,0.2242703077554784,True
step,strong,96,pet_peese,0.2,0.2506003012959708,0.1764222567814388,0.3247783458105028,True
step,strong,96,copas,0.2,0.3426197886087089,0.2746000226237596,0.4106395545936582,True
step,strong,96,ubcma,0.2,0.1993042667905015,0.1236935851308035,0.2787394951740542,True
step,strong,96,henmi_copas,0.2,0.3263974764766378,0.2449093026015728,0.4078856503517028,True
step,strong,96,adaptshrink_ens,0.2,0.1951418102968605,0.0889441187082366,0.3013395018854844,True
step,strong,96,adaptshrink_solo,0.2,0.2271338666204866,-0.1793111682315242,0.6335789014724974,True
step,strong,97,reml_hksj,0.2,0.3600526132383331,0.3051559951801776,0.4149492312964887,True
step,strong,97,trim_and_fill,0.2,0.2542949903735045,0.222528647457354,0.2860613332896549,True
step,strong,97,pet_peese,0.2,0.3047521712519541,0.2436058062077255,0.3658985362961826,True
step,strong,97,copas,0.2,0.3589822047209319,0.3098010832630751,0.4081633261787887,True
step,strong,97,ubcma,0.2,0.2887610494128201,0.236633195651413,0.3416912559016755,True
step,strong,97,henmi_copas,0.2,0.3496906817259774,0.292116221488997,0.4072651419629577,True
step,strong,97,adaptshrink_ens,0.2,0.2850485246227098,0.1797623582701255,0.3903346909752941,True
step,strong,97,adaptshrink_solo,0.2,0.2754275882872237,0.0766447503008918,0.4742104262735556,True
step,strong,98,reml_hksj,0.2,0.2996727523275942,0.2219441462765106,0.3774013583786779,True
step,strong,98,trim_and_fill,0.2,0.1789565859699804,0.135365137228549,0.2225480347114118,True
step,strong,98,pet_peese,0.2,0.0224036915946963,-0.1113119879458513,0.156119371135244,True
step,strong,98,copas,0.2,0.2927816308671135,0.2283980787262192,0.3571651830080079,True
step,strong,98,ubcma,0.2,0.2819635565641199,0.1954029574430291,0.3715290206645621,True
step,strong,98,henmi_copas,0.2,0.2737723529077043,0.1925296968926901,0.3550150089227184,True
step,strong,98,adaptshrink_ens,0.2,0.1802624432223082,0.0291866033288388,0.3313382831157775,True
step,strong,98,adaptshrink_solo,0.2,0.0309538418747891,-0.0422733404043719,0.1041810241539502,True
step,strong,99,reml_hksj,0.2,0.3764854639222937,0.2958402183098348,0.4571307095347526,True
step,strong,99,trim_and_fill,0.2,0.2146858914941521,0.1770283004658241,0.2523434825224801,True
step,strong,99,pet_peese,0.2,0.231798980053854,0.1701703452136621,0.2934276148940459,True
step,strong,99,copas,0.2,0.3744321072960691,0.3004485319226226,0.4484156826695156,True
step,strong,99,ubcma,0.2,0.2430097954385041,0.1701884831294342,0.3236764203472428,True
step,strong,99,henmi_copas,0.2,0.3183695866732246,0.2207448013038544,0.4159943720425948,True
step,strong,99,adaptshrink_ens,0.2,0.2256891486409908,0.1423248441446807,0.3090534531373008,True
step,strong,99,adaptshrink_solo,0.2,0.1221291851534688,-0.0618546349860279,0.3061130052929656,True
step,strong,100,reml_hksj,0.2,0.298913522076079,0.2445222231962805,0.3533048209558774,True
step,strong,100,trim_and_fill,0.2,0.1871984867099115,0.1601199686383956,0.2142770047814274,True
step,strong,100,pet_peese,0.2,0.2461117548414579,0.1969561804758937,0.2952673292070222,True
step,strong,100,copas,0.2,0.2974655169989084,0.2523792672841071,0.3425517667137097,True
step,strong,100,ubcma,0.2,0.2795249082653627,0.2246742338479262,0.3319655449134407,True
step,strong,100,henmi_copas,0.2,0.2894317128105273,0.2346458292982954,0.3442175963227592,True
step,strong,100,adaptshrink_ens,0.2,0.2468707971209937,0.1135490201232734,0.380192574118714,True
step,strong,100,adaptshrink_solo,0.2,0.1874573300156828,0.0285873442918289,0.3463273157395368,True
step,strong,101,reml_hksj,0.2,0.3130384409058218,0.24543626262829,0.3806406191833536,True
step,strong,101,trim_and_fill,0.2,0.1920458631273713,0.1598791066312635,0.224212619623479,True
step,strong,101,pet_peese,0.2,0.2228842549961407,0.1720427394794557,0.2737257705128258,True
step,strong,101,copas,0.2,0.3109867620652787,0.2529565704720712,0.3690169536584863,True
step,strong,101,ubcma,0.2,0.1947078457505698,0.1368734115385113,0.2554077350020368,True
step,strong,101,henmi_copas,0.2,0.2825412752143992,0.2092613958029029,0.3558211546258954,True
step,strong,101,adaptshrink_ens,0.2,0.1964842628531302,0.1255860493939945,0.2673824763122659,True
step,strong,101,adaptshrink_solo,0.2,0.1629587692408149,0.0185768622479655,0.3073406762336642,True
step,strong,102,reml_hksj,0.2,0.3583562485469946,0.2959324785138346,0.4207800185801547,True
step,strong,102,trim_and_fill,0.2,0.2466332074987121,0.2132759341597357,0.2799904808376885,True
step,strong,102,pet_peese,0.2,0.3452921827651861,0.2861018610747172,0.404482504455655,True
step,strong,102,copas,0.2,0.3580879644921603,0.3020494754704788,0.4141264535138419,True
step,strong,102,ubcma,0.2,0.2621611363075506,0.1809035657684298,0.3406776146195976,True
step,strong,102,henmi_copas,0.2,0.3580541094492263,0.2959587218549153,0.4201494970435373,True
step,strong,102,adaptshrink_ens,0.2,0.2550341736112583,0.1410530966657345,0.3690152505567821,True
step,strong,102,adaptshrink_solo,0.2,0.3580704762277706,0.2751629192906088,0.4409780331649324,True
step,strong,103,reml_hksj,0.2,0.3363820619449571,0.2564440316952608,0.4163200921946534,True
step,strong,103,trim_and_fill,0.2,0.1841020924284477,0.1528208590573905,0.2153833257995048,True
step,strong,103,pet_peese,0.2,0.2629432664318673,0.2093750715228218,0.3165114613409127,True
step,strong,103,copas,0.2,0.3349130476238369,0.264047246094898,0.4057788491527757,True
step,strong,103,ubcma,0.2,0.2682253476276715,0.1313851253182744,0.4036768326320077,True
step,strong,103,henmi_copas,0.2,0.3144846410386599,0.2213964713685701,0.4075728107087497,True
step,strong,103,adaptshrink_ens,0.2,0.2564134848417854,0.1161500020096958,0.396676967673875,True
step,strong,103,adaptshrink_solo,0.2,0.2626829156958497,-0.0469226553822436,0.5722884867739431,True
step,strong,104,reml_hksj,0.2,0.3698937988772341,0.2895184616836071,0.4502691360708612,True
step,strong,104,trim_and_fill,0.2,0.1559186498047416,0.1249660813480739,0.1868712182614092,True
step,strong,104,pet_peese,0.2,0.2590236465506155,0.2058058937861084,0.3122413993151226,True
step,strong,104,copas,0.2,0.3681421358981079,0.2953697855975137,0.4409144861987021,True
step,strong,104,ubcma,0.2,0.2904923504404962,0.1149441945098418,0.4383982592180937,True
step,strong,104,henmi_copas,0.2,0.3258403772657264,0.229433587953567,0.4222471665778858,True
step,strong,104,adaptshrink_ens,0.2,0.2555719913298642,0.1016342061157278,0.4095097765440006,True
step,strong,104,adaptshrink_solo,0.2,0.1852971589533276,-0.0719247567703056,0.4425190746769609,True
step,strong,105,reml_hksj,0.2,0.3367808111229772,0.2759018923978741,0.3976597298480804,True
step,strong,105,trim_and_fill,0.2,0.1776544146147339,0.1462711338226035,0.2090376954068643,True
step,strong,105,pet_peese,0.2,0.2876758863317205,0.2318340455104089,0.3435177271530321,True
step,strong,105,copas,0.2,0.3359661686788137,0.279610537241796,0.3923218001158314,True
step,strong,105,ubcma,0.2,0.3654257220222209,0.2853852281201218,0.437698251720691,True
step,strong,105,henmi_copas,0.2,0.3243605561493347,0.2607507233806698,0.3879703889179995,True
step,strong,105,adaptshrink_ens,0.2,0.2886382621455995,0.1043924295924723,0.4728840946987268,True
step,strong,105,adaptshrink_solo,0.2,0.2787898766105864,0.0131471056960567,0.5444326475251161,True
step,strong,106,reml_hksj,0.2,0.391978718604228,0.3314178971335654,0.4525395400748906,True
step,strong,106,trim_and_fill,0.2,0.3134281546090093,0.2721973965430647,0.354658912674954,True
step,strong,106,pet_peese,0.2,0.2983985486156314,0.2152162798610563,0.3815808173702065,True
step,strong,106,copas,0.2,0.3919765021071612,0.3413255664320104,0.4426274377823119,True
step,strong,106,ubcma,0.2,0.3583708118557991,0.2145509084728367,0.5023799934621214,True
step,strong,106,henmi_copas,0.2,0.3919787134898213,0.329758482306009,0.4541989446736335,True
step,strong,106,adaptshrink_ens,0.2,0.3129605832802217,0.2198798264319016,0.4060413401285417,True
step,strong,106,adaptshrink_solo,0.2,0.2490638788368855,0.0579106951915848,0.4402170624821863,True
step,strong,107,reml_hksj,0.2,0.291906415945807,0.237013076581862,0.346799755309752,True
step,strong,107,trim_and_fill,0.2,0.1899026537209101,0.1597386077682015,0.2200666996736186,True
step,strong,107,pet_peese,0.2,0.2253417072908205,0.1766214403689263,0.2740619742127146,True
step,strong,107,copas,0.2,0.2891639363416249,0.2425935965362727,0.3357342761469771,True
step,strong,107,ubcma,0.2,0.2615240847568682,0.1776095341956391,0.338329675110277,True
step,strong,107,henmi_copas,0.2,0.2793846135762628,0.2209827794984182,0.3377864476541074,True
step,strong,107,adaptshrink_ens,0.2,0.2209034681320424,0.1033777273318835,0.3384292089322013,True
step,strong,107,adaptshrink_solo,0.2,0.1652782684543774,0.0578716288216092,0.2726849080871456,True
step,strong,108,reml_hksj,0.2,0.3640433450799529,0.2899953306584607,0.438091359501445,True
step,strong,108,trim_and_fill,0.2,0.2126912655256548,0.1820961925197625,0.243286338531547,True
step,strong,108,pet_peese,0.2,0.3277649808650643,0.2718072332095662,0.3837227285205623,True
step,strong,108,copas,0.2,0.3634572124448731,0.298978183608415,0.4279362412813312,True
step,strong,108,ubcma,0.2,0.2297899640047382,0.1690973052064436,0.2898966920664442,True
step,strong,108,henmi_copas,0.2,0.3528159195233885,0.272087825714683,0.4335440133320939,True
step,strong,108,adaptshrink_ens,0.2,0.2223293465142989,0.1133910089223118,0.331267684106286,True
step,strong,108,adaptshrink_solo,0.2,0.364519566605301,0.1166320475463514,0.6124070856642507,True
step,strong,109,reml_hksj,0.2,0.3522875316801187,0.2727047339501339,0.4318703294101035,True
step,strong,109,trim_and_fill,0.2,0.1771193993057463,0.142032758673984,0.2122060399375085,True
step,strong,109,pet_peese,0.2,0.3188493098145416,0.2601220944758382,0.3775765251532451,True
step,strong,109,copas,0.2,0.3518353858048637,0.2781841558194855,0.4254866157902419,True
step,strong,109,ubcma,0.2,0.2231883804267204,0.1154449940553003,0.3420804611018532,True
step,strong,109,henmi_copas,0.2,0.3398166217569591,0.2347613242001606,0.4448719193137576,True
step,strong,109,adaptshrink_ens,0.2,0.21163033404803,-0.0087176168290007,0.4319782849250608,True
step,strong,109,adaptshrink_solo,0.2,0.3537125291853236,0.0068062859327099,0.7006187724379371,True
step,strong,110,reml_hksj,0.2,0.3277560190222182,0.255700593567884,0.3998114444765524,True
step,strong,110,trim_and_fill,0.2,0.1999597462007885,0.1643105775437283,0.2356089148578486,True
step,strong,110,pet_peese,0.2,0.2252029053411021,0.1609112529614227,0.2894945577207816,True
step,strong,110,copas,0.2,0.3263420528940745,0.2609833231018604,0.3917007826862885,True
step,strong,110,ubcma,0.2,0.2524120085109595,0.1011439808526841,0.3692948336470198,True
step,strong,110,henmi_copas,0.2,0.2980698676223138,0.2207435176117282,0.3753962176328994,True
step,strong,110,adaptshrink_ens,0.2,0.2153951206872267,0.1111647577382132,0.3196254836362402,True
step,strong,110,adaptshrink_solo,0.2,0.1472048874454149,0.000101941282067,0.2943078336087629,True
step,strong,111,reml_hksj,0.2,0.3390110355586935,0.2786112379711518,0.3994108331462353,True
step,strong,111,trim_and_fill,0.2,0.2210432898136189,0.1887178732460665,0.2533687063811713,True
step,strong,111,pet_peese,0.2,0.3447669973757133,0.2874357884999731,0.4020982062514536,True
step,strong,111,copas,0.2,0.3390951271133366,0.2835773947056917,0.3946128595209816,True
step,strong,111,ubcma,0.2,0.3040947120884159,0.213394201410564,0.3824669980139383,True
step,strong,111,henmi_copas,0.2,0.3411698150275289,0.2749497247007226,0.4073899053543353,True
step,strong,111,adaptshrink_ens,0.2,0.3083916006881388,0.1123613961057419,0.5044218052705358,True
step,strong,111,adaptshrink_solo,0.2,0.3390297326239012,0.277033113494907,0.4010263517528953,True
step,strong,112,reml_hksj,0.2,0.3842591779008369,0.3167976229446303,0.4517207328570436,True
step,strong,112,trim_and_fill,0.2,0.2346562460202376,0.1990571174465026,0.2702553745939727,True
step,strong,112,pet_peese,0.2,0.2875353591795798,0.2263819797157394,0.3486887386434202,True
step,strong,112,copas,0.2,0.3826166207194953,0.3201457627323833,0.4450874787066074,True
step,strong,112,ubcma,0.2,0.3432406088533081,0.2162748404387812,0.4897438419593817,True
step,strong,112,henmi_copas,0.2,0.3542706567873342,0.2852130557350286,0.4233282578396398,True
step,strong,112,adaptshrink_ens,0.2,0.2807946731713369,0.1226467413789461,0.4389426049637278,True
step,strong,112,adaptshrink_solo,0.2,0.2147110636364399,0.0531111861918755,0.3763109410810042,True
step,strong,113,reml_hksj,0.2,0.3512971085938388,0.2860640755664019,0.4165301416212758,True
step,strong,113,trim_and_fill,0.2,0.2232838152412845,0.1901823037497388,0.2563853267328302,True
step,strong,113,pet_peese,0.2,0.315852836681392,0.2554322657461894,0.3762734076165946,True
step,strong,113,copas,0.2,0.3507768345619788,0.2895803033990168,0.4119733657249407,True
step,strong,113,ubcma,0.2,0.3185737521714988,0.2123059023765781,0.4132157175444112,True
step,strong,113,henmi_copas,0.2,0.3450048797002244,0.2733155591049229,0.4166942002955259,True
step,strong,113,adaptshrink_ens,0.2,0.3097537932978723,0.1611922846144165,0.4583153019813281,True
step,strong,113,adaptshrink_solo,0.2,0.3502187304410444,0.2386480503859677,0.4617894104961211,True
step,strong,114,reml_hksj,0.2,0.3224041950486361,0.237293538339827,0.4075148517574452,True
step,strong,114,trim_and_fill,0.2,0.1630258803548712,0.1241212770021748,0.2019304837075676,True
step,strong,114,pet_peese,0.2,0.2363292469543076,0.166884127269174,0.3057743666394411,True
step,strong,114,copas,0.2,0.3206190505329077,0.2437389810126473,0.397499120053168,True
step,strong,114,ubcma,0.2,0.2166423807755588,0.0824415960611288,0.373999379323067,True
step,strong,114,henmi_copas,0.2,0.2976177051251117,0.1940239649226748,0.4012114453275487,True
step,strong,114,adaptshrink_ens,0.2,0.2126066750803625,0.0420660578357073,0.3831472923250177,True
step,strong,114,adaptshrink_solo,0.2,0.2391650822797398,-0.0632214226797179,0.5415515872391977,True
step,strong,115,reml_hksj,0.2,0.3630759481480974,0.277792529009479,0.4483593672867158,True
step,strong,115,trim_and_fill,0.2,0.2229035974535402,0.1873331997504508,0.2584739951566296,True
step,strong,115,pet_peese,0.2,0.2673429504510764,0.2125908912694831,0.3220950096326697,True
step,strong,115,copas,0.2,0.3617832178503428,0.2842978759456275,0.4392685597550582,True
step,strong,115,ubcma,0.2,0.269832559769785,0.1457504955858031,0.4052453522385427,True
step,strong,115,henmi_copas,0.2,0.3198089221904088,0.2128539948848558,0.4267638494959617,True
step,strong,115,adaptshrink_ens,0.2,0.257710426393692,0.1387057081208157,0.3767151446665682,True
step,strong,115,adaptshrink_solo,0.2,0.2233459701007444,-0.018919646381532,0.4656115865830209,True
step,strong,116,reml_hksj,0.2,0.3345887158364468,0.2843408519646746,0.3848365797082189,True
step,strong,116,trim_and_fill,0.2,0.242104956803881,0.2083353635042004,0.2758745501035616,True
step,strong,116,pet_peese,0.2,0.3196239747144249,0.2562896425830172,0.3829583068458326,True
step,strong,116,copas,0.2,0.3345887088399195,0.2906669986964005,0.3785104189834384,True
step,strong,116,ubcma,0.2,0.3046001745924925,0.2209204463022329,0.3865291664948553,True
step,strong,116,henmi_copas,0.2,0.3345887152053665,0.2830199459994076,0.3861574844113254,True
step,strong,116,adaptshrink_ens,0.2,0.3026827990588671,0.1547850795936738,0.4505805185240604,True
step,strong,116,adaptshrink_solo,0.2,0.3350953365576672,0.2956434173662492,0.3745472557490853,True
step,strong,117,reml_hksj,0.2,0.3266684887240103,0.2789847805416303,0.3743521969063902,True
step,strong,117,trim_and_fill,0.2,0.2526870054210373,0.2219264486657379,0.2834475621763366,True
step,strong,117,pet_peese,0.2,0.3069463222613008,0.2564532959644742,0.3574393485581275,True
step,strong,117,copas,0.2,0.3252939492958424,0.2828205791989147,0.3677673193927701,True
step,strong,117,ubcma,0.2,0.2533148569709779,0.1933644395762817,0.3110431739525887,True
step,strong,117,henmi_copas,0.2,0.3191947766413516,0.270635658633389,0.3677538946493142,True
step,strong,117,adaptshrink_ens,0.2,0.2556296814089511,0.1786820656030417,0.3325772972148605,True
step,strong,117,adaptshrink_solo,0.2,0.3080526063663654,0.1267035407320556,0.4894016720006752,True
step,strong,118,reml_hksj,0.2,0.359292587030285,0.2996707421004807,0.4189144319600892,True
step,strong,118,trim_and_fill,0.2,0.2567527551092162,0.2174183203005318,0.2960871899179006,True
step,strong,118,pet_peese,0.2,0.2883917296782175,0.2187693884931827,0.3580140708632523,True
step,strong,118,copas,0.2,0.3572690276992857,0.3038369149389434,0.4107011404596279,True
step,strong,118,ubcma,0.2,0.3529659102835398,0.2323382258225914,0.473107070178979,True
step,strong,118,henmi_copas,0.2,0.352821757515312,0.2987056112020976,0.4069379038285263,True
step,strong,118,adaptshrink_ens,0.2,0.2795565848069136,0.1382556581326007,0.4208575114812264,True
step,strong,118,adaptshrink_solo,0.2,0.2166954979260992,0.0612366694092733,0.3721543264429251,True
step,strong,119,reml_hksj,0.2,0.3294949561142747,0.2710343580582006,0.3879555541703488,True
step,strong,119,trim_and_fill,0.2,0.2012223332859918,0.1739696175373245,0.2284750490346592,True
step,strong,119,pet_peese,0.2,0.2334500305040587,0.1844621717616448,0.2824378892464726,True
step,strong,119,copas,0.2,0.3281123618908604,0.2761335943171957,0.3800911294645252,True
step,strong,119,ubcma,0.2,0.1939422435831043,0.1363635436929677,0.2522008395605044,True
step,strong,119,henmi_copas,0.2,0.3052820735584995,0.2425829397768901,0.3679812073401088,True
step,strong,119,adaptshrink_ens,0.2,0.2029027056258655,0.1371897383716825,0.2686156728800484,True
step,strong,119,adaptshrink_solo,0.2,0.1553231275478486,-0.034626286870305,0.3452725419660023,True
copas,strong,0,reml_hksj,0.2,0.313060424587757,0.2725867780399065,0.3535340711356076,True
copas,strong,0,trim_and_fill,0.2,0.2213996009475066,0.1906831015601627,0.2521161003348505,True
copas,strong,0,pet_peese,0.2,0.2886538804504776,0.2331654746347551,0.3441422862662,True
copas,strong,0,copas,0.2,0.3130604192156414,0.2740698520351766,0.3520509863961061,True
copas,strong,0,ubcma,0.2,0.2776058970450976,0.2082991772044017,0.3481753882353787,True
copas,strong,0,henmi_copas,0.2,0.3130604221444008,0.2760775943094227,0.3500432499793788,True
copas,strong,0,adaptshrink_ens,0.2,0.2755031034513246,0.1493570869095131,0.4016491199931361,True
copas,strong,0,adaptshrink_solo,0.2,0.2913779034184588,0.1562131358935705,0.4265426709433471,True
copas,strong,1,reml_hksj,0.2,0.3045958663200552,0.238516917892325,0.3706748147477854,True
copas,strong,1,trim_and_fill,0.2,0.1422629519476683,0.1111808111933991,0.1733450927019375,True
copas,strong,1,pet_peese,0.2,0.2570814789634024,0.2029846995196059,0.3111782584071988,True
copas,strong,1,copas,0.2,0.3041416438566822,0.2414964163612823,0.3667868713520821,True
copas,strong,1,ubcma,0.2,0.2546576878964339,0.1382270752899582,0.3634392207557898,True
copas,strong,1,henmi_copas,0.2,0.2837924841275881,0.2068000653896545,0.3607849028655217,True
copas,strong,1,adaptshrink_ens,0.2,0.2513506953786307,0.1060854478294302,0.3966159429278311,True
copas,strong,1,adaptshrink_solo,0.2,0.2807567285976142,0.0818804235404897,0.4796330336547386,True
copas,strong,2,reml_hksj,0.2,0.2644052606076083,0.2009927911362721,0.3278177300789444,True
copas,strong,2,trim_and_fill,0.2,0.113693837962502,0.0824603153949179,0.1449273605300861,True
copas,strong,2,pet_peese,0.2,0.2655982839707543,0.2049923110804399,0.3262042568610687,True
copas,strong,2,copas,0.2,0.2643888526805517,0.2044068599990897,0.3243708453620136,True
copas,strong,2,ubcma,0.2,0.1891991937054661,0.1048852815307962,0.2705425628792667,True
copas,strong,2,henmi_copas,0.2,0.2652868526673057,0.1973044419873749,0.3332692633472364,True
copas,strong,2,adaptshrink_ens,0.2,0.1875621202140686,-0.0417699488737844,0.4168941893019217,True
copas,strong,2,adaptshrink_solo,0.2,0.2644067894853487,0.1986782061667482,0.3301353728039491,True
copas,strong,3,reml_hksj,0.2,0.3206498967710286,0.2650162448455146,0.3762835486965425,True
copas,strong,3,trim_and_fill,0.2,0.1683933725533898,0.1434842490870487,0.193302496019731,True
copas,strong,3,pet_peese,0.2,0.2540256941113052,0.2127661588934505,0.29528522932916,True
copas,strong,3,copas,0.2,0.3198488745581601,0.267093965624922,0.3726037834913981,True
copas,strong,3,ubcma,0.2,0.1910767169317737,0.0913883277558161,0.2770525961468336,True
copas,strong,3,henmi_copas,0.2,0.294456554598493,0.2288179100350084,0.3600951991619777,True
copas,strong,3,adaptshrink_ens,0.2,0.1821243787122461,0.0552871312608415,0.3089616261636506,True
copas,strong,3,adaptshrink_solo,0.2,0.2251210806378038,0.0232290705960052,0.4270130906796023,True
copas,strong,4,reml_hksj,0.2,0.3331216787732041,0.272545810528647,0.3936975470177612,True
copas,strong,4,trim_and_fill,0.2,0.2068577404987235,0.1763372314598492,0.2373782495375978,True
copas,strong,4,pet_peese,0.2,0.2909489176944015,0.2376949734688073,0.3442028619199958,True
copas,strong,4,copas,0.2,0.3325763236108995,0.2753757072319698,0.3897769399898291,True
copas,strong,4,ubcma,0.2,0.2964371898714101,0.2098603885932624,0.3711464749462931,True
copas,strong,4,henmi_copas,0.2,0.3220102557430472,0.2541426372366661,0.3898778742494283,True
copas,strong,4,adaptshrink_ens,0.2,0.2869364505592655,0.1572424677523301,0.4166304333662007,True
copas,strong,4,adaptshrink_solo,0.2,0.3210568212454799,0.0999693250368003,0.5421443174541596,True
copas,strong,5,reml_hksj,0.2,0.2850064637149143,0.230756812419893,0.3392561150099356,True
copas,strong,5,trim_and_fill,0.2,0.1225135263874591,0.0960985718342803,0.148928480940638,True
copas,strong,5,pet_peese,0.2,0.2157756435721273,0.1719882188116635,0.2595630683325911,True
copas,strong,5,copas,0.2,0.2842176939187752,0.23249510251834,0.3359402853192105,True
copas,strong,5,ubcma,0.2,0.175012698351536,0.0924337070515505,0.2536259151818874,True
copas,strong,5,henmi_copas,0.2,0.2614476950506102,0.1995588973552696,0.3233364927459508,True
copas,strong,5,adaptshrink_ens,0.2,0.175726231012528,0.0039695011240038,0.3474829609010523,True
copas,strong,5,adaptshrink_solo,0.2,0.1860745363655588,0.0305376070360873,0.3416114656950302,True
copas,strong,6,reml_hksj,0.2,0.3298670976722286,0.2494689656826645,0.4102652296617927,True
copas,strong,6,trim_and_fill,0.2,0.0411599147197285,0.012252258745026,0.0700675706944311,True
copas,strong,6,pet_peese,0.2,0.3465610553771763,0.2916376406172427,0.40148447013711,True
copas,strong,6,copas,0.2,0.3300471417780466,0.2538907590754956,0.4062035244805977,True
copas,strong,6,ubcma,0.2,0.2478506761790963,0.096646029494292,0.4075590913030459,True
copas,strong,6,henmi_copas,0.2,0.3333469332935338,0.2269163768330967,0.4397774897539709,True
copas,strong,6,adaptshrink_ens,0.2,0.264304872204838,-0.1397430315706679,0.6683527759803439,True
copas,strong,6,adaptshrink_solo,0.2,0.329110519179182,0.2382707860106289,0.4199502523477352,True
copas,strong,7,reml_hksj,0.2,0.2890397005280334,0.2347593888302621,0.3433200122258046,True
copas,strong,7,trim_and_fill,0.2,0.1205913885238776,0.0933768802561575,0.1478058967915978,True
copas,strong,7,pet_peese,0.2,0.2568031744795513,0.2086873679518665,0.3049189810072362,True
copas,strong,7,copas,0.2,0.2886767506770128,0.2370315107594528,0.3403219905945728,True
copas,strong,7,ubcma,0.2,0.2179841993398067,0.1580082369095137,0.2927886557926004,True
copas,strong,7,henmi_copas,0.2,0.2771587358752244,0.2157573395492478,0.3385601322012009,True
copas,strong,7,adaptshrink_ens,0.2,0.2238428137917377,0.0495092249353319,0.3981764026481434,True
copas,strong,7,adaptshrink_solo,0.2,0.2827359553823423,0.1484073871437384,0.4170645236209461,True
copas,strong,8,reml_hksj,0.2,0.2747714828320378,0.2228895579084089,0.3266534077556666,True
copas,strong,8,trim_and_fill,0.2,0.1455736577316104,0.1197863196406966,0.1713609958225242,True
copas,strong,8,pet_peese,0.2,0.2408391782314792,0.1952758590630127,0.2864024973999457,True
copas,strong,8,copas,0.2,0.274174662114254,0.2263644047579405,0.3219849194705674,True
copas,strong,8,ubcma,0.2,0.1952856830063948,0.1380537791546758,0.2533524796932958,True
copas,strong,8,henmi_copas,0.2,0.2684995492349657,0.211741876797995,0.3252572216719364,True
copas,strong,8,adaptshrink_ens,0.2,0.1945642176271206,0.0427992219404816,0.3463292133137595,True
copas,strong,8,adaptshrink_solo,0.2,0.2611044816211052,0.0406996765911777,0.4815092866510326,True
copas,strong,9,reml_hksj,0.2,0.318851432856672,0.2611501678425538,0.3765526978707902,True
copas,strong,9,trim_and_fill,0.2,0.1739255495199042,0.1435558047129687,0.2042952943268397,True
copas,strong,9,pet_peese,0.2,0.265035841690283,0.2118392246171856,0.3182324587633803,True
copas,strong,9,copas,0.2,0.317639594216986,0.2636306137535496,0.3716485746804225,True
copas,strong,9,ubcma,0.2,0.2547334718273897,0.1745011181611029,0.3455394608761767,True
copas,strong,9,henmi_copas,0.2,0.3015052587771244,0.2431133763077109,0.3598971412465379,True
copas,strong,9,adaptshrink_ens,0.2,0.254888203221001,0.1161463527357238,0.3936300537062782,True
copas,strong,9,adaptshrink_solo,0.2,0.2377330611673406,0.0861075589116663,0.3893585634230149,True
copas,strong,10,reml_hksj,0.2,0.2652393748670871,0.2164807597580425,0.3139979899761316,True
copas,strong,10,trim_and_fill,0.2,0.1138815170884214,0.0807978280506152,0.1469652061262276,True
copas,strong,10,pet_peese,0.2,0.2177576801752664,0.1451211756148642,0.2903941847356686,True
copas,strong,10,copas,0.2,0.2646196687692183,0.2188026498161177,0.3104366877223189,True
copas,strong,10,ubcma,0.2,0.2095326494233583,0.1383221205417508,0.2760226310043394,True
copas,strong,10,henmi_copas,0.2,0.2627266104906633,0.2190169067317079,0.3064363142496188,True
copas,strong,10,adaptshrink_ens,0.2,0.2067806739381061,0.0581905772485413,0.3553707706276708,True
copas,strong,10,adaptshrink_solo,0.2,0.2175307354195321,0.0117268238462504,0.4233346469928137,True
copas,strong,11,reml_hksj,0.2,0.3049059991677137,0.2509593161429398,0.3588526821924876,True
copas,strong,11,trim_and_fill,0.2,0.1655212426738447,0.1370821979056259,0.1939602874420635,True
copas,strong,11,pet_peese,0.2,0.3004809340042964,0.248478835629376,0.3524830323792168,True
copas,strong,11,copas,0.2,0.3049570171216704,0.2545260967721273,0.3553879374712135,True
copas,strong,11,ubcma,0.2,0.2335387189787164,0.1474151555563874,0.3135862212723722,True
copas,strong,11,henmi_copas,0.2,0.3086401374895929,0.2498473968370866,0.3674328781420991,True
copas,strong,11,adaptshrink_ens,0.2,0.2323338447261305,0.0150528017240808,0.4496148877281802,True
copas,strong,11,adaptshrink_solo,0.2,0.3049174220679313,0.2507893840366699,0.3590454600991927,True
copas,strong,12,reml_hksj,0.2,0.2675523441794572,0.2058272975397778,0.3292773908191366,True
copas,strong,12,trim_and_fill,0.2,0.0330316776945812,0.0053069224144742,0.0607564329746882,True
copas,strong,12,pet_peese,0.2,0.1876915966074414,0.1353568337251497,0.2400263594897332,True
copas,strong,12,copas,0.2,0.2671416987096474,0.2081959191915151,0.3260874782277796,True
copas,strong,12,ubcma,0.2,0.1604276523774386,0.0867715911861673,0.2398080461931682,True
copas,strong,12,henmi_copas,0.2,0.2403290772899701,0.1652985733239232,0.3153595812560169,True
copas,strong,12,adaptshrink_ens,0.2,0.1682411733560214,0.001024447272192,0.3354578994398508,True
copas,strong,12,adaptshrink_solo,0.2,0.1564082838444801,-0.1466771666042013,0.4594937342931616,True
copas,strong,13,reml_hksj,0.2,0.2622673098673604,0.2134986924748697,0.3110359272598512,True
copas,strong,13,trim_and_fill,0.2,0.1217458664156678,0.0976423384209284,0.1458493944104073,True
copas,strong,13,pet_peese,0.2,0.2416408049668637,0.1998423649545532,0.2834392449791741,True
copas,strong,13,copas,0.2,0.2620044846960167,0.2166725983796905,0.3073363710123429,True
copas,strong,13,ubcma,0.2,0.2390424908763112,0.1603276780933592,0.3079131453434666,True
copas,strong,13,henmi_copas,0.2,0.2595978848976001,0.2060735246738924,0.3131222451213077,True
copas,strong,13,adaptshrink_ens,0.2,0.2380902842863013,0.1268960424803732,0.3492845260922294,True
copas,strong,13,adaptshrink_solo,0.2,0.2622820626723092,0.2061993766525686,0.3183647486920498,True
copas,strong,14,reml_hksj,0.2,0.2979538354180367,0.2449179488685635,0.35098972196751,True
copas,strong,14,trim_and_fill,0.2,0.1566167726736746,0.1311782729717835,0.1820552723755657,True
copas,strong,14,pet_peese,0.2,0.3166193571784328,0.2725048442397719,0.3607338701170937,True
copas,strong,14,copas,0.2,0.2982124999970754,0.2477725207260061,0.3486524792681447,True
copas,strong,14,ubcma,0.2,0.2442203739398117,0.189469788352719,0.2984682762621414,True
copas,strong,14,henmi_copas,0.2,0.3100317091452496,0.2524839935775006,0.3675794247129985,True
copas,strong,14,adaptshrink_ens,0.2,0.2451139965567813,0.0677037817159092,0.4225242113976533,True
copas,strong,14,adaptshrink_solo,0.2,0.2983285016759038,0.2460803708725477,0.3505766324792598,True
copas,strong,15,reml_hksj,0.2,0.2964993336493931,0.2351991928530548,0.3577994744457314,True
copas,strong,15,trim_and_fill,0.2,0.1345288105040185,0.1090649206587571,0.1599927003492798,True
copas,strong,15,pet_peese,0.2,0.3537551689594445,0.3091918163673749,0.398318521551514,True
copas,strong,15,copas,0.2,0.2969607282588207,0.2388518905008725,0.3550695660167688,True
copas,strong,15,ubcma,0.2,0.2452340774558342,0.1591547927239193,0.325257955738606,True
copas,strong,15,henmi_copas,0.2,0.3211642372982667,0.2477547331907966,0.3945737414057367,True
copas,strong,15,adaptshrink_ens,0.2,0.2451186469194432,-0.019833127553256,0.5100704213921425,True
copas,strong,15,adaptshrink_solo,0.2,0.3655623760751566,0.1297921506655324,0.6013326014847807,True
copas,strong,16,reml_hksj,0.2,0.2897972193408187,0.23672975859161,0.3428646800900273,True
copas,strong,16,trim_and_fill,0.2,0.1414373254177715,0.1159097620495126,0.1669648887860304,True
copas,strong,16,pet_peese,0.2,0.276138876904167,0.2301125123099588,0.3221652414983752,True
copas,strong,16,copas,0.2,0.2896342810445526,0.2392971268708245,0.3399714352182807,True
copas,strong,16,ubcma,0.2,0.269899178437841,0.1594603043275594,0.3756651572325383,True
copas,strong,16,henmi_copas,0.2,0.2919448854601494,0.2324753621986436,0.3514144087216551,True
copas,strong,16,adaptshrink_ens,0.2,0.2712741851471109,0.1389481262374812,0.4036002440567405,True
copas,strong,16,adaptshrink_solo,0.2,0.2897418689117051,0.216027273497521,0.3634564643258892,True
copas,strong,17,reml_hksj,0.2,0.263689991148353,0.2173461537011092,0.3100338285955968,True
copas,strong,17,trim_and_fill,0.2,0.1316409246505185,0.1057928764379809,0.157488972863056,True
copas,strong,17,pet_peese,0.2,0.2498272299801848,0.2035136805675015,0.2961407793928681,True
copas,strong,17,copas,0.2,0.2634605679384761,0.2195858680202982,0.307335267856654,True
copas,strong,17,ubcma,0.2,0.2232398480220717,0.1668984597916611,0.2765607001746047,True
copas,strong,17,henmi_copas,0.2,0.2618969222721912,0.2147440420929906,0.3090498024513917,True
copas,strong,17,adaptshrink_ens,0.2,0.227962347010271,0.0903418985460907,0.3655827954744514,True
copas,strong,17,adaptshrink_solo,0.2,0.2631692388454231,0.2043844501433436,0.3219540275475026,True
copas,strong,18,reml_hksj,0.2,0.2808863497468104,0.2271590703472704,0.3346136291463504,True
copas,strong,18,trim_and_fill,0.2,0.1229291836751518,0.0942460440908528,0.1516123232594509,True
copas,strong,18,pet_peese,0.2,0.2054806792020748,0.1514958773642575,0.2594654810398922,True
copas,strong,18,copas,0.2,0.2800151630419561,0.2290978574417444,0.3309324686421677,True
copas,strong,18,ubcma,0.2,0.1854617255765942,0.1028313571537457,0.2647702701432478,True
copas,strong,18,henmi_copas,0.2,0.266094909999959,0.2068320152177696,0.3253578047821484,True
copas,strong,18,adaptshrink_ens,0.2,0.1867066788717553,0.0395146063945827,0.333898751348928,True
copas,strong,18,adaptshrink_solo,0.2,0.1789110415095468,-0.0484491590882849,0.4062712421073786,True
copas,strong,19,reml_hksj,0.2,0.3022850055679973,0.2454546922003413,0.3591153189356532,True
copas,strong,19,trim_and_fill,0.2,0.1347722011639939,0.1058147317951408,0.163729670532847,True
copas,strong,19,pet_peese,0.2,0.2735988196717099,0.2152305592078402,0.3319670801355797,True
copas,strong,19,copas,0.2,0.302063917150535,0.2480361641346791,0.3560916701663908,True
copas,strong,19,ubcma,0.2,0.2930515798978438,0.2183719462230977,0.3555619034384494,True
copas,strong,19,henmi_copas,0.2,0.2986003121717782,0.236758318322905,0.3604423060206514,True
copas,strong,19,adaptshrink_ens,0.2,0.2763784626741685,0.1294827828438637,0.4232741425044733,True
copas,strong,19,adaptshrink_solo,0.2,0.3021422392482793,0.1473669145977018,0.4569175638988568,True
copas,strong,20,reml_hksj,0.2,0.2867822270602808,0.226285339053287,0.3472791150672746,True
copas,strong,20,trim_and_fill,0.2,0.1044230752169309,0.0715575487244101,0.1372886017094516,True
copas,strong,20,pet_peese,0.2,0.080695384961058,-0.0207253858185135,0.1821161557406296,True
copas,strong,20,copas,0.2,0.2861097224262016,0.2283677656905919,0.3438516791618113,True
copas,strong,20,ubcma,0.2,0.1572972237835479,0.0828194886727709,0.2400531371629768,True
copas,strong,20,henmi_copas,0.2,0.2541040219735905,0.187219766153324,0.3209882777938571,True
copas,strong,20,adaptshrink_ens,0.2,0.1055673657475156,0.0164675803993809,0.1946671510956502,True
copas,strong,20,adaptshrink_solo,0.2,0.0990176506583535,-0.1067243369063357,0.3047596382230428,True
copas,strong,21,reml_hksj,0.2,0.2700601914304705,0.2141603233910984,0.3259600594698426,True
copas,strong,21,trim_and_fill,0.2,0.1416407545985148,0.1089619538062927,0.1743195553907369,True
copas,strong,21,pet_peese,0.2,0.2187242825238963,0.1619334774414268,0.2755150876063659,True
copas,strong,21,copas,0.2,0.2690866081209829,0.2167352737285823,0.3214379425133835,True
copas,strong,21,ubcma,0.2,0.1351999401902422,0.0461160837469202,0.215128732882609,True
copas,strong,21,henmi_copas,0.2,0.26065072471902,0.2028501576472741,0.3184512917907658,True
copas,strong,21,adaptshrink_ens,0.2,0.143508735138091,0.0539543090102367,0.2330631612659452,True
copas,strong,21,adaptshrink_solo,0.2,0.2110970801099356,-0.0081626563869885,0.4303568166068597,True
copas,strong,22,reml_hksj,0.2,0.3078182227092079,0.2565548017677859,0.3590816436506299,True
copas,strong,22,trim_and_fill,0.2,0.1515166007252554,0.1273127212056397,0.1757204802448712,True
copas,strong,22,pet_peese,0.2,0.343568460900337,0.2997140526837859,0.3874228691168881,True
copas,strong,22,copas,0.2,0.3080828736508268,0.2592361035562411,0.3569296437454126,True
copas,strong,22,ubcma,0.2,0.2618386182463486,0.1641791630951467,0.3417345996225856,True
copas,strong,22,henmi_copas,0.2,0.3233484572633444,0.2657219976436477,0.3809749168830411,True
copas,strong,22,adaptshrink_ens,0.2,0.2652718919528396,0.0038330310425091,0.52671075286317,True
copas,strong,22,adaptshrink_solo,0.2,0.3363244911831977,0.1239235775829571,0.5487254047834382,True
copas,strong,23,reml_hksj,0.2,0.2850904276697557,0.2278859942233664,0.3422948611161449,True
copas,strong,23,trim_and_fill,0.2,0.1608468740421964,0.1291507739698044,0.1925429741145884,True
copas,strong,23,pet_peese,0.2,0.2701387795573465,0.2142610214327336,0.3260165376819595,True
copas,strong,23,copas,0.2,0.2849075713460582,0.2309958434977952,0.3388192991943212,True
copas,strong,23,ubcma,0.2,0.2019275739903125,0.0865703392505779,0.3024097307588159,True
copas,strong,23,henmi_copas,0.2,0.281517453515431,0.2212671599006688,0.3417677471301931,True
copas,strong,23,adaptshrink_ens,0.2,0.1935480808874483,0.0007269746245972,0.3863691871502995,True
copas,strong,23,adaptshrink_solo,0.2,0.2849008269357868,0.1671066689175022,0.4026949849540713,True
copas,strong,24,reml_hksj,0.2,0.2556746587183879,0.1913820003054615,0.3199673171313144,True
copas,strong,24,trim_and_fill,0.2,0.0632060246773061,0.0352941396547749,0.0911179096998373,True
copas,strong,24,pet_peese,0.2,0.18892345364224,0.1404753969247985,0.2373715103596815,True
copas,strong,24,copas,0.2,0.255062264591301,0.1945377791668583,0.3155867500157437,True
copas,strong,24,ubcma,0.2,0.1744450259730969,0.0666338868956424,0.2601135874180804,True
copas,strong,24,henmi_copas,0.2,0.2302761693553451,0.1486866503227542,0.311865688387936,True
copas,strong,24,adaptshrink_ens,0.2,0.1795944676484958,0.0336389854935107,0.3255499498034808,True
copas,strong,24,adaptshrink_solo,0.2,0.1817272090978381,-0.11853629992029,0.4819907181159663,True
copas,strong,25,reml_hksj,0.2,0.2799317050051655,0.2132929313300677,0.3465704786802633,True
copas,strong,25,trim_and_fill,0.2,0.0219636710774277,-0.0062487124952855,0.050176054650141,True
copas,strong,25,pet_peese,0.2,0.0721366825066886,-0.0114053208943783,0.1556786859077555,True
copas,strong,25,copas,0.2,0.2795046427921376,0.2160299224950971,0.342979363089178,True
copas,strong,25,ubcma,0.2,0.3294404008997442,0.2421289231967749,0.4335786933727372,False
copas,strong,25,henmi_copas,0.2,0.2325245242374023,0.144084740086178,0.3209643083886267,True
copas,strong,25,adaptshrink_ens,0.2,0.0347492968567736,-0.3040695266515082,0.3735681203650555,True
copas,strong,25,adaptshrink_solo,0.2,0.104998985025254,-0.2108432293957153,0.4208411994462234,True
copas,strong,26,reml_hksj,0.2,0.2710936166187476,0.2302700256180596,0.3119172076194357,True
copas,strong,26,trim_and_fill,0.2,0.1913013058379229,0.1626887415343723,0.2199138701414734,True
copas,strong,26,pet_peese,0.2,0.2552840628723112,0.205601522932227,0.3049666028123953,True
copas,strong,26,copas,0.2,0.271172718910499,0.232904135769336,0.309441302051662,True
copas,strong,26,ubcma,0.2,0.1989160425084345,0.1406703519350807,0.256808461266332,True
copas,strong,26,henmi_copas,0.2,0.2716262066028865,0.236274595192182,0.3069778180135911,True
copas,strong,26,adaptshrink_ens,0.2,0.1962966629439772,0.1150911071654364,0.277502218722518,True
copas,strong,26,adaptshrink_solo,0.2,0.2713951783605476,0.2102929168162569,0.3324974399048382,True
copas,strong,27,reml_hksj,0.2,0.3021480326082077,0.2416871444286619,0.3626089207877535,True
copas,strong,27,trim_and_fill,0.2,0.1472496971070032,0.1194669143681182,0.1750324798458883,True
copas,strong,27,pet_peese,0.2,0.2332737902597178,0.1860106764932185,0.2805369040262171,True
copas,strong,27,copas,0.2,0.3012150303162375,0.2459423316683568,0.3564877289641182,True
copas,strong,27,ubcma,0.2,0.2243377831282207,0.1243912839012211,0.3085193007778025,True
copas,strong,27,henmi_copas,0.2,0.2778251264921909,0.2126117274311177,0.3430385255532641,True
copas,strong,27,adaptshrink_ens,0.2,0.2247907049942157,0.0952883081526115,0.3542931018358199,True
copas,strong,27,adaptshrink_solo,0.2,0.2000122239748097,0.0726383657347236,0.3273860822148958,True
copas,strong,28,reml_hksj,0.2,0.3022664778752255,0.2387094899012635,0.3658234658491874,True
copas,strong,28,trim_and_fill,0.2,0.0970358903621416,0.0716817860055947,0.1223899947186885,True
copas,strong,28,pet_peese,0.2,0.2709978228743403,0.2254772739795363,0.3165183717691443,True
copas,strong,28,copas,0.2,0.3019197195328203,0.2413217854816818,0.3625176535839588,True
copas,strong,28,ubcma,0.2,0.2089304868352937,0.1228533503395754,0.2788602757910238,True
copas,strong,28,henmi_copas,0.2,0.2942185153813432,0.2174699060395517,0.3709671247231346,True
copas,strong,28,adaptshrink_ens,0.2,0.2145960881808802,-0.0092304222883238,0.4384225986500842,True
copas,strong,28,adaptshrink_solo,0.2,0.3019621681667963,0.1522769939523334,0.4516473423812592,True
copas,strong,29,reml_hksj,0.2,0.2538479931419903,0.2027555353748321,0.3049404509091486,True
copas,strong,29,trim_and_fill,0.2,0.0901584822999477,0.0634814718702629,0.1168354927296325,True
copas,strong,29,pet_peese,0.2,0.2223354569621796,0.1689035914319852,0.2757673224923741,True
copas,strong,29,copas,0.2,0.2535393757724584,0.2050573352605281,0.3020214162843887,True
copas,strong,29,ubcma,0.2,0.1994053986618193,0.1142446684888293,0.2782805598215286,True
copas,strong,29,henmi_copas,0.2,0.2471757200893582,0.1933662138219758,0.3009852263567407,True
copas,strong,29,adaptshrink_ens,0.2,0.2056872843480545,0.0430665246551814,0.3683080440409276,True
copas,strong,29,adaptshrink_solo,0.2,0.2534483472738733,0.162575622969744,0.3443210715780025,True
copas,strong,30,reml_hksj,0.2,0.2814319051920453,0.2226518112512696,0.340211999132821,True
copas,strong,30,trim_and_fill,0.2,0.1440663277851041,0.1135945999531621,0.1745380556170461,True
copas,strong,30,pet_peese,0.2,0.220706914224039,0.1701214394400799,0.2712923890079981,True
copas,strong,30,copas,0.2,0.2807522398535537,0.2248502989115241,0.3366541807955832,True
copas,strong,30,ubcma,0.2,0.1531732335017395,0.0879967469537726,0.2187245668450937,True
copas,strong,30,henmi_copas,0.2,0.2614354416027518,0.1934347992966775,0.329436083908826,True
copas,strong,30,adaptshrink_ens,0.2,0.1495452460969837,0.0590631353219492,0.2400273568720183,True
copas,strong,30,adaptshrink_solo,0.2,0.2109745192297486,0.0183466551062632,0.4036023833532339,True
copas,strong,31,reml_hksj,0.2,0.3139963716048399,0.2636680752848928,0.364324667924787,True
copas,strong,31,trim_and_fill,0.2,0.2086983245283149,0.1803980754576896,0.2369985735989402,True
copas,strong,31,pet_peese,0.2,0.3086401800573406,0.2586827177959875,0.3585976423186937,True
copas,strong,31,copas,0.2,0.3139432266885137,0.2660040580821353,0.3618823952948922,True
copas,strong,31,ubcma,0.2,0.2602318917285539,0.2004078357021521,0.3197088901420396,True
copas,strong,31,henmi_copas,0.2,0.3170982150371492,0.2635128948545912,0.3706835352197072,True
copas,strong,31,adaptshrink_ens,0.2,0.2592001831059972,0.1012306465491236,0.4171697196628708,True
copas,strong,31,adaptshrink_solo,0.2,0.3139485677200171,0.2278194296106722,0.400077705829362,True
copas,strong,32,reml_hksj,0.2,0.2670281547263646,0.2177975176707008,0.3162587917820284,True
copas,strong,32,trim_and_fill,0.2,0.1094230603600559,0.0849912259452935,0.1338548947748184,True
copas,strong,32,pet_peese,0.2,0.2142527459890197,0.1650157407183549,0.2634897512596846,True
copas,strong,32,copas,0.2,0.2663279051816847,0.2219315585113473,0.3107242518520222,True
copas,strong,32,ubcma,0.2,0.2365932032119948,0.1660667459604891,0.2953037095103686,True
copas,strong,32,henmi_copas,0.2,0.2543696455015711,0.2025736143011969,0.3061656767019452,True
copas,strong,32,adaptshrink_ens,0.2,0.2162829376983576,0.0843582997509498,0.3482075756457654,True
copas,strong,32,adaptshrink_solo,0.2,0.19457763802705,0.059072544805093,0.3300827312490071,True
copas,strong,33,reml_hksj,0.2,0.3185931600037042,0.2669307633789912,0.3702555566284172,True
copas,strong,33,trim_and_fill,0.2,0.1742721830232754,0.142972850171235,0.2055715158753157,True
copas,strong,33,pet_peese,0.2,0.3290936686746799,0.2621450398465336,0.3960422975028261,True
copas,strong,33,copas,0.2,0.318754662149847,0.2700407749981445,0.3674685493015496,True
copas,strong,33,ubcma,0.2,0.3279962913096533,0.2675109262050744,0.3892993715318268,True
copas,strong,33,henmi_copas,0.2,0.3198365578301303,0.2691289776795005,0.3705441379807601,True
copas,strong,33,adaptshrink_ens,0.2,0.3251544394161918,0.1884309169610734,0.4618779618713101,True
copas,strong,33,adaptshrink_solo,0.2,0.3188017987007238,0.2678917727705236,0.3697118246309239,True
copas,strong,34,reml_hksj,0.2,0.3071685747408555,0.2506777228834154,0.3636594265982956,True
copas,strong,34,trim_and_fill,0.2,0.1745536812110383,0.1505843719370731,0.1985229904850036,True
copas,strong,34,pet_peese,0.2,0.3549790229969163,0.3146316817595442,0.3953263642342884,True
copas,strong,34,copas,0.2,0.3076789203584719,0.2542744532766524,0.3610833874402914,True
copas,strong,34,ubcma,0.2,0.2994956364803057,0.2212061395987675,0.3755136021866918,True
copas,strong,34,henmi_copas,0.2,0.3283269299749946,0.2638278871131914,0.3928259728367977,True
copas,strong,34,adaptshrink_ens,0.2,0.3074556270336885,0.0921032249814409,0.5228080290859362,True
copas,strong,34,adaptshrink_solo,0.2,0.3658223202481448,0.168052833389598,0.5635918071066917,True
copas,strong,35,reml_hksj,0.2,0.3350505498857129,0.2791864631176053,0.3909146366538205,True
copas,strong,35,trim_and_fill,0.2,0.1774693445479617,0.1488599970752212,0.2060786920207022,True
copas,strong,35,pet_peese,0.2,0.3556022609943422,0.3011466847051252,0.4100578372835592,True
copas,strong,35,copas,0.2,0.3352294539724403,0.2823446447133733,0.3881142632315073,True
copas,strong,35,ubcma,0.2,0.3045317079033986,0.2218877957111399,0.3842986282057528,True
copas,strong,35,henmi_copas,0.2,0.338777252446556,0.2794565492113141,0.3980979556817979,True
copas,strong,35,adaptshrink_ens,0.2,0.3123456299097801,0.0951509637567391,0.5295402960628213,True
copas,strong,35,adaptshrink_solo,0.2,0.3353085394991362,0.2718124014176087,0.3988046775806637,True
copas,strong,36,reml_hksj,0.2,0.2706445152864313,0.2177036164185921,0.3235854141542705,True
copas,strong,36,trim_and_fill,0.2,0.1114885793044126,0.0858678531917033,0.1371093054171219,True
copas,strong,36,pet_peese,0.2,0.2131751620207183,0.1671482341117618,0.2592020899296749,True
copas,strong,36,copas,0.2,0.2700321015380288,0.2203066667342705,0.3197575363417871,True
copas,strong,36,ubcma,0.2,0.1880489425391862,0.1052831219809342,0.2689966422264631,True
copas,strong,36,henmi_copas,0.2,0.2541094158632536,0.1932572796684123,0.3149615520580948,True
copas,strong,36,adaptshrink_ens,0.2,0.1934457029327517,0.0378246900592773,0.349066715806226,True
copas,strong,36,adaptshrink_solo,0.2,0.1876593610078175,-0.0580261116277383,0.4333448336433734,True
copas,strong,37,reml_hksj,0.2,0.3316856322165555,0.278746396159607,0.384624868273504,True
copas,strong,37,trim_and_fill,0.2,0.2174098252207375,0.1892395593429735,0.2455800910985015,True
copas,strong,37,pet_peese,0.2,0.2943376421501307,0.2469806260147075,0.3416946582855539,True
copas,strong,37,copas,0.2,0.3312780015704298,0.281133954186866,0.3814220489539937,True
copas,strong,37,ubcma,0.2,0.3172592731384166,0.2445048500719087,0.392275041094021,True
copas,strong,37,henmi_copas,0.2,0.3179214643849189,0.2610621484265191,0.3747807803433187,True
copas,strong,37,adaptshrink_ens,0.2,0.2940092670389272,0.1661059300310521,0.4219126040468024,True
copas,strong,37,adaptshrink_solo,0.2,0.3012432192690678,0.1353098064240559,0.4671766321140796,True
copas,strong,38,reml_hksj,0.2,0.3004431896913049,0.237121046332378,0.3637653330502317,True
copas,strong,38,trim_and_fill,0.2,0.1554279155281451,0.130835513294094,0.1800203177621962,True
copas,strong,38,pet_peese,0.2,0.2857961532257022,0.2414063504580988,0.3301859559933054,True
copas,strong,38,copas,0.2,0.300222348878874,0.2430965449351527,0.3573481528225953,True
copas,strong,38,ubcma,0.2,0.2129754840888404,0.0929187598054314,0.2936835677039926,True
copas,strong,38,henmi_copas,0.2,0.3004126086420156,0.2354235801068542,0.365401637177177,True
copas,strong,38,adaptshrink_ens,0.2,0.2081418470864822,-0.0184391346470212,0.4347228288199856,True
copas,strong,38,adaptshrink_solo,0.2,0.3001011688146158,0.2406339910771005,0.3595683465521311,True
copas,strong,39,reml_hksj,0.2,0.2975033683409571,0.23560804623167,0.3593986904502442,True
copas,strong,39,trim_and_fill,0.2,0.1701486972378889,0.1434462104242795,0.1968511840514984,True
copas,strong,39,pet_peese,0.2,0.2396189201628654,0.1954242358142434,0.2838136045114873,True
copas,strong,39,copas,0.2,0.2967216409811234,0.2404228825764106,0.3530203993858363,True
copas,strong,39,ubcma,0.2,0.1926438955623054,0.0959823717223324,0.2928174139313183,True
copas,strong,39,henmi_copas,0.2,0.2779993720845354,0.209671882070775,0.3463268620982958,True
copas,strong,39,adaptshrink_ens,0.2,0.185758089174172,0.0621128241512379,0.3094033541971062,True
copas,strong,39,adaptshrink_solo,0.2,0.2333179795567721,0.0009086586577845,0.4657273004557597,True
copas,strong,40,reml_hksj,0.2,0.3203159218406892,0.2550836514339856,0.3855481922473928,True
copas,strong,40,trim_and_fill,0.2,0.1562353996786486,0.1270920103942885,0.1853787889630087,True
copas,strong,40,pet_peese,0.2,0.3275906193648914,0.2719412123490732,0.3832400263807096,True
copas,strong,40,copas,0.2,0.320267316663483,0.2604573847892298,0.3800772485377363,True
copas,strong,40,ubcma,0.2,0.1582860412719503,0.068913500243126,0.2387544817637216,True
copas,strong,40,henmi_copas,0.2,0.3287460433313254,0.2552051057699067,0.402286980892744,True
copas,strong,40,adaptshrink_ens,0.2,0.1576153739921894,0.0723421379497921,0.2428886100345867,True
copas,strong,40,adaptshrink_solo,0.2,0.3203286018694518,0.2561072696739588,0.3845499340649447,True
copas,strong,41,reml_hksj,0.2,0.2474964673314557,0.1920061481495916,0.3029867865133199,True
copas,strong,41,trim_and_fill,0.2,0.05376955478826,0.0278804424531335,0.0796586671233865,True
copas,strong,41,pet_peese,0.2,0.1942266902946157,0.1456938067079598,0.2427595738812716,True
copas,strong,41,copas,0.2,0.2471299871969597,0.1943738145865464,0.299886159807373,True
copas,strong,41,ubcma,0.2,0.1634155607069405,0.0998751854035855,0.2229402177554422,True
copas,strong,41,henmi_copas,0.2,0.2305829253406434,0.1673131024163418,0.2938527482649451,True
copas,strong,41,adaptshrink_ens,0.2,0.1695940839712298,0.0144950169249629,0.3246931510174968,True
copas,strong,41,adaptshrink_solo,0.2,0.187804051863733,-0.0665383341882276,0.4421464379156936,True
copas,strong,42,reml_hksj,0.2,0.3075421697691338,0.2482291827205329,0.3668551568177347,True
copas,strong,42,trim_and_fill,0.2,0.1560444833518849,0.124814369623843,0.1872745970799269,True
copas,strong,42,pet_peese,0.2,0.2708234381087476,0.2124799804420719,0.3291668957754234,True
copas,strong,42,copas,0.2,0.3070700772505845,0.2511785331732971,0.3629616213278718,True
copas,strong,42,ubcma,0.2,0.205125727289742,0.0844324045412298,0.3054313300823759,True
copas,strong,42,henmi_copas,0.2,0.2975090993097155,0.2335720972383682,0.3614461013810627,True
copas,strong,42,adaptshrink_ens,0.2,0.1985489296281105,-0.0128685352813614,0.4099663945375824,True
copas,strong,42,adaptshrink_solo,0.2,0.306924862366374,0.1894397674628072,0.4244099572699408,True
copas,strong,43,reml_hksj,0.2,0.2973462536888299,0.2322957553515344,0.3623967520261253,True
copas,strong,43,trim_and_fill,0.2,0.1071755372284168,0.0779832565629986,0.1363678178938349,True
copas,strong,43,pet_peese,0.2,0.2464362676735843,0.1920592291519886,0.3008133061951801,True
copas,strong,43,copas,0.2,0.2967192069013019,0.2364405119291204,0.3569979018734833,True
copas,strong,43,ubcma,0.2,0.2122037653988149,0.1231502622732013,0.2966485697103805,True
copas,strong,43,henmi_copas,0.2,0.2848781038019858,0.214864349850566,0.3548918577534057,True
copas,strong,43,adaptshrink_ens,0.2,0.2196497733204869,0.0300040242856735,0.4092955223553003,True
copas,strong,43,adaptshrink_solo,0.2,0.2637428914145629,0.0685606463551911,0.4589251364739346,True
copas,strong,44,reml_hksj,0.2,0.2727973818550466,0.2173179444178285,0.3282768192922647,True
copas,strong,44,trim_and_fill,0.2,0.0983063236787543,0.0711274234955013,0.1254852238620074,True
copas,strong,44,pet_peese,0.2,0.2334070378311724,0.1842898706064939,0.2825242050558508,True
copas,strong,44,copas,0.2,0.2723455339858934,0.2196340976273396,0.3250569703444471,True
copas,strong,44,ubcma,0.2,0.1877407418176802,0.0899724308027482,0.2587690019567333,True
copas,strong,44,henmi_copas,0.2,0.2608228389667906,0.2000787860829852,0.3215668918505959,True
copas,strong,44,adaptshrink_ens,0.2,0.1934798823459667,-0.0107473232507249,0.3977070879426584,True
copas,strong,44,adaptshrink_solo,0.2,0.2478477916725039,0.0446924481319713,0.4510031352130365,True
copas,strong,45,reml_hksj,0.2,0.3130797958001862,0.2600505210316196,0.3661090705687528,True
copas,strong,45,trim_and_fill,0.2,0.1896015450354453,0.1585610157840534,0.2206420742868371,True
copas,strong,45,pet_peese,0.2,0.245571470580757,0.1891513044920723,0.3019916366694416,True
copas,strong,45,copas,0.2,0.3121857853481889,0.2619877174094884,0.3623838532868894,True
copas,strong,45,ubcma,0.2,0.2606865351469043,0.1916183924096137,0.3349979461389237,True
copas,strong,45,henmi_copas,0.2,0.2943692627872362,0.2427709276052787,0.3459675979691936,True
copas,strong,45,adaptshrink_ens,0.2,0.2423518749057373,0.1149064060629729,0.3697973437485017,True
copas,strong,45,adaptshrink_solo,0.2,0.202780684645055,0.0770292160318553,0.3285321532582546,True
copas,strong,46,reml_hksj,0.2,0.2513445638590953,0.2052156660595039,0.2974734616586867,True
copas,strong,46,trim_and_fill,0.2,0.0947185853842487,0.0711834860876354,0.1182536846808621,True
copas,strong,46,pet_peese,0.2,0.2213191021959436,0.181600240946502,0.2610379634453852,True
copas,strong,46,copas,0.2,0.2510161435620476,0.2072179121335169,0.2948143749905783,True
copas,strong,46,ubcma,0.2,0.211364452435024,0.143867653450548,0.277019383112931,True
copas,strong,46,henmi_copas,0.2,0.2435797171375421,0.1946176756416308,0.2925417586334535,True
copas,strong,46,adaptshrink_ens,0.2,0.2151715385374875,0.1026066473921342,0.3277364296828409,True
copas,strong,46,adaptshrink_solo,0.2,0.2267107303212669,0.077126171945815,0.3762952886967188,True
copas,strong,47,reml_hksj,0.2,0.2537390788860659,0.2019310684758102,0.3055470892963216,True
copas,strong,47,trim_and_fill,0.2,0.1090198385742875,0.0839983919687962,0.1340412851797789,True
copas,strong,47,pet_peese,0.2,0.2270757471287643,0.1826347188870787,0.2715167753704499,True
copas,strong,47,copas,0.2,0.253453525302756,0.2041746639834063,0.3027323866221057,True
copas,strong,47,ubcma,0.2,0.1453581762960994,0.0923149413090352,0.1971027245811086,True
copas,strong,47,henmi_copas,0.2,0.2464068891116806,0.1896996677475998,0.3031141104757615,True
copas,strong,47,adaptshrink_ens,0.2,0.1394222804577876,-0.0026152191110812,0.2814597800266566,True
copas,strong,47,adaptshrink_solo,0.2,0.2532932811793419,0.1349790413145263,0.3716075210441575,True
copas,strong,48,reml_hksj,0.2,0.3007790515160195,0.2331527325675053,0.3684053704645337,True
copas,strong,48,trim_and_fill,0.2,0.1003087674881577,0.0710170080489126,0.1296005269274028,True
copas,strong,48,pet_peese,0.2,0.2530708959938573,0.2001798450706078,0.3059619469171068,True
copas,strong,48,copas,0.2,0.3001758113392254,0.2361910129485874,0.3641606097298633,True
copas,strong,48,ubcma,0.2,0.1328651160735581,0.0233543843768007,0.2218154371476542,True
copas,strong,48,henmi_copas,0.2,0.2876782704265177,0.2094891767828272,0.3658673640702081,True
copas,strong,48,adaptshrink_ens,0.2,0.1187387497773364,-0.0526347808275827,0.2901122803822556,True
copas,strong,48,adaptshrink_solo,0.2,0.2932732419229402,0.0953838789311271,0.4911626049147533,True
copas,strong,49,reml_hksj,0.2,0.3564242533510197,0.297659183543409,0.4151893231586303,True
copas,strong,49,trim_and_fill,0.2,0.2091144158917405,0.1745912482336025,0.2436375835498785,True
copas,strong,49,pet_peese,0.2,0.4128386943338103,0.3419854367433201,0.4836919519243005,True
copas,strong,49,copas,0.2,0.3574099634165464,0.3017639167860661,0.4130560100470268,True
copas,strong,49,ubcma,0.2,0.3348048905650523,0.2425581966499505,0.4233605632794249,True
copas,strong,49,henmi_copas,0.2,0.3734563425586191,0.3276210402825043,0.4192916448347338,True
copas,strong,49,adaptshrink_ens,0.2,0.3389224796441531,0.0737518565430248,0.6040931027452814,True
copas,strong,49,adaptshrink_solo,0.2,0.4370117020958072,0.2333761489219497,0.6406472552696647,True
copas,strong,50,reml_hksj,0.2,0.299056695547678,0.226073143608491,0.3720402474868651,True
copas,strong,50,trim_and_fill,0.2,0.111355847817613,0.0787970408752864,0.1439146547599396,True
copas,strong,50,pet_peese,0.2,0.2512738366349105,0.1848033208901526,0.3177443523796684,True
copas,strong,50,copas,0.2,0.2983895600564575,0.231392587390514,0.3653865327224011,True
copas,strong,50,ubcma,0.2,0.2634914863535055,0.1841699082255306,0.3355897607307847,True
copas,strong,50,henmi_copas,0.2,0.287693326856541,0.2095567750229188,0.3658298786901631,True
copas,strong,50,adaptshrink_ens,0.2,0.2515326137587194,0.0956015598625891,0.4074636676548497,True
copas,strong,50,adaptshrink_solo,0.2,0.297600087909519,0.1718376226693382,0.4233625531496997,True
copas,strong,51,reml_hksj,0.2,0.2801734547357731,0.2262577828733322,0.3340891265982139,True
copas,strong,51,trim_and_fill,0.2,0.1173483642173877,0.0887139628236954,0.14598276561108,True
copas,strong,51,pet_peese,0.2,0.2363020136737906,0.1842852170330231,0.2883188103145581,True
copas,strong,51,copas,0.2,0.2796943544364214,0.2287349853587094,0.3306537235141334,True
copas,strong,51,ubcma,0.2,0.2241630110636893,0.1409878154135831,0.298050077662974,True
copas,strong,51,henmi_copas,0.2,0.2702061150334777,0.2149680272600957,0.3254442028068597,True
copas,strong,51,adaptshrink_ens,0.2,0.2268514410792663,0.0870380451189187,0.366664837039614,True
copas,strong,51,adaptshrink_solo,0.2,0.2279751962154069,0.0397251887009301,0.4162252037298837,True
copas,strong,52,reml_hksj,0.2,0.3079163043245098,0.2649972549777084,0.3508353536713112,True
copas,strong,52,trim_and_fill,0.2,0.1713245644128614,0.1442935759370182,0.1983555528887046,True
copas,strong,52,pet_peese,0.2,0.2855346370490678,0.232324619301741,0.3387446547963946,True
copas,strong,52,copas,0.2,0.3071675630622401,0.2685255475083463,0.3458095786161338,True
copas,strong,52,ubcma,0.2,0.2574955360547146,0.1898918924300884,0.3247388671217144,True
copas,strong,52,henmi_copas,0.2,0.3052080292872346,0.261679161392098,0.3487368971823711,True
copas,strong,52,adaptshrink_ens,0.2,0.2618392862508879,0.1048259745794042,0.4188525979223716,True
copas,strong,52,adaptshrink_solo,0.2,0.302116511983505,0.2027682728904878,0.4014647510765221,True
copas,strong,53,reml_hksj,0.2,0.320819545222182,0.2825198478889216,0.3591192425554423,True
copas,strong,53,trim_and_fill,0.2,0.2257038149516694,0.1997671159346852,0.2516405139686537,True
copas,strong,53,pet_peese,0.2,0.3068352766505871,0.2624083250432105,0.3512622282579636,True
copas,strong,53,copas,0.2,0.3207179106010292,0.2847352232169804,0.3567005979850779,True
copas,strong,53,ubcma,0.2,0.2804933904846014,0.2251623750684416,0.3346639052028942,True
copas,strong,53,henmi_copas,0.2,0.3205432089692843,0.2892449617416661,0.3518414561969024,True
copas,strong,53,adaptshrink_ens,0.2,0.2823768543721008,0.1529997547853141,0.4117539539588876,True
copas,strong,53,adaptshrink_solo,0.2,0.3205432089692843,0.2420517393290571,0.3990346786095114,True
copas,strong,54,reml_hksj,0.2,0.3295712303872059,0.2726990831893343,0.3864433775850776,True
copas,strong,54,trim_and_fill,0.2,0.2045222121502974,0.1705666071851941,0.2384778171154006,True
copas,strong,54,pet_peese,0.2,0.290519344624724,0.2271101919268222,0.3539284973226259,True
copas,strong,54,copas,0.2,0.3288931385655815,0.2754542495782572,0.3823320275529058,True
copas,strong,54,ubcma,0.2,0.2383878770382609,0.1751614348006746,0.3003321607513841,True
copas,strong,54,henmi_copas,0.2,0.319939044267307,0.265821287560273,0.374056800974341,True
copas,strong,54,adaptshrink_ens,0.2,0.2334561878175966,0.0922843345654873,0.374628041069706,True
copas,strong,54,adaptshrink_solo,0.2,0.2914511787368241,0.0957816413348285,0.4871207161388196,True
copas,strong,55,reml_hksj,0.2,0.2936211043800059,0.2352597339087047,0.351982474851307,True
copas,strong,55,trim_and_fill,0.2,0.10906943166052,0.0825828710582989,0.135555992262741,True
copas,strong,55,pet_peese,0.2,0.2752804479022074,0.2290954144653171,0.3214654813390977,True
copas,strong,55,copas,0.2,0.2933955063212871,0.2384965413095636,0.3482944713330106,True
copas,strong,55,ubcma,0.2,0.2362146240831695,0.1622872120599214,0.3254945134115405,True
copas,strong,55,henmi_copas,0.2,0.2882618701505549,0.2230722210275703,0.3534515192735395,True
copas,strong,55,adaptshrink_ens,0.2,0.2460420193450203,0.0532760547906984,0.4388079838993422,True
copas,strong,55,adaptshrink_solo,0.2,0.2933112648500056,0.2353401018290126,0.3512824278709986,True
copas,strong,56,reml_hksj,0.2,0.3329519438096361,0.2745208964565968,0.3913829911626755,True
copas,strong,56,trim_and_fill,0.2,0.1824732402529093,0.1496600863248108,0.2152863941810078,True
copas,strong,56,pet_peese,0.2,0.2394796005643871,0.1779162858455571,0.3010429152832172,True
copas,strong,56,copas,0.2,0.3320950556821136,0.2768061032870219,0.3873840080772054,True
copas,strong,56,ubcma,0.2,0.2880902910445468,0.1545800316388953,0.4160193203298924,True
copas,strong,56,henmi_copas,0.2,0.309667161263182,0.2493770448303928,0.3699572776959712,True
copas,strong,56,adaptshrink_ens,0.2,0.2332370284265538,0.073277114592815,0.3931969422602926,True
copas,strong,56,adaptshrink_solo,0.2,0.1653831548407538,-0.0353924453277835,0.3661587550092912,True
copas,strong,57,reml_hksj,0.2,0.325972935310289,0.2797890345487513,0.3721568360718266,True
copas,strong,57,trim_and_fill,0.2,0.207225971102933,0.1821649570929918,0.2322869851128742,True
copas,strong,57,pet_peese,0.2,0.2907572669725523,0.2484931384463603,0.3330213954987442,True
copas,strong,57,copas,0.2,0.3254670546337012,0.2815203768903663,0.3694137323770361,True
copas,strong,57,ubcma,0.2,0.2950568410663203,0.2329002098938367,0.3565788161451474,True
copas,strong,57,henmi_copas,0.2,0.318109359072541,0.2696065676900269,0.3666121504550552,True
copas,strong,57,adaptshrink_ens,0.2,0.2884815470803675,0.1840300636346327,0.3929330305261022,True
copas,strong,57,adaptshrink_solo,0.2,0.2821697637323182,0.1082350442389164,0.45610448322572,True
copas,strong,58,reml_hksj,0.2,0.3107885033482409,0.2467472300547608,0.3748297766417209,True
copas,strong,58,trim_and_fill,0.2,0.0769140492235722,0.0515294805999755,0.1022986178471689,True
copas,strong,58,pet_peese,0.2,0.2887378793411302,0.2418812947464265,0.3355944639358339,True
copas,strong,58,copas,0.2,0.3107090429924505,0.2496992890355805,0.3717187969493205,True
copas,strong,58,ubcma,0.2,0.256871086896929,0.1884585434782841,0.3308784023570265,False
copas,strong,58,henmi_copas,0.2,0.3024302655130582,0.2238191289025888,0.3810414021235275,True
copas,strong,58,adaptshrink_ens,0.2,0.180980498217266,-1.1753904188380782,1.5373514152726102,True
copas,strong,58,adaptshrink_solo,0.2,0.311270172273968,0.2470704930648776,0.3754698514830584,True
copas,strong,59,reml_hksj,0.2,0.3173529774170909,0.2560815539771292,0.3786244008570525,True
copas,strong,59,trim_and_fill,0.2,0.1783394778053171,0.1496880596131422,0.2069908959974919,True
copas,strong,59,pet_peese,0.2,0.2274398388926629,0.1799737159080147,0.274905961877311,True
copas,strong,59,copas,0.2,0.3162025916189659,0.2582697690658488,0.374135414172083,True
copas,strong,59,ubcma,0.2,0.2210864456014156,0.1379837621994493,0.3059619862492906,True
copas,strong,59,henmi_copas,0.2,0.2845851290263593,0.2162320251906579,0.3529382328620608,True
copas,strong,59,adaptshrink_ens,0.2,0.2169761463452251,0.1072776846840579,0.3266746080063922,True
copas,strong,59,adaptshrink_solo,0.2,0.1789392328525246,0.0481673306234182,0.309711135081631,True
copas,strong,60,reml_hksj,0.2,0.3259146957445935,0.2528686644789669,0.39896072701022,True
copas,strong,60,trim_and_fill,0.2,0.063441638395385,0.0377196723577117,0.0891636044330584,True
copas,strong,60,pet_peese,0.2,0.2246307405931921,0.1770827846267568,0.2721786965596274,True
copas,strong,60,copas,0.2,0.3254435895112618,0.2560285105007578,0.3948586685217659,True
copas,strong,60,ubcma,0.2,0.3326243397509538,0.2285497350406151,0.4237050388554184,False
copas,strong,60,henmi_copas,0.2,0.2868344510906445,0.1994996686123507,0.3741692335689383,True
copas,strong,60,adaptshrink_ens,0.2,0.1415964020419987,-0.8963996021564945,1.179592406240492,True
copas,strong,60,adaptshrink_solo,0.2,0.1825679168255818,-0.0555787307318293,0.4207145643829931,True
copas,strong,61,reml_hksj,0.2,0.348631788354144,0.3040288350026906,0.3932347417055973,True
copas,strong,61,trim_and_fill,0.2,0.2237143250079006,0.1940690505286059,0.2533595994871953,True
copas,strong,61,pet_peese,0.2,0.314052237821654,0.2566361113501478,0.3714683642931602,True
copas,strong,61,copas,0.2,0.3480348395701228,0.305595989129996,0.3904736900102496,True
copas,strong,61,ubcma,0.2,0.314586322947943,0.2586952819030627,0.3714303229194197,True
copas,strong,61,henmi_copas,0.2,0.3428100981402977,0.3066233736305576,0.3789968226500378,True
copas,strong,61,adaptshrink_ens,0.2,0.3099921269108187,0.19167197530365,0.4283122785179873,True
copas,strong,61,adaptshrink_solo,0.2,0.3008431580241599,0.1407593736691793,0.4609269423791406,True
copas,strong,62,reml_hksj,0.2,0.2597227028312418,0.208359274107166,0.3110861315553176,True
copas,strong,62,trim_and_fill,0.2,0.129605807238182,0.1001816338839817,0.1590299805923822,True
copas,strong,62,pet_peese,0.2,0.20583405028072,0.1521979576052193,0.2594701429562208,True
copas,strong,62,copas,0.2,0.2590822596689134,0.2102966723136909,0.3078678470241359,True
copas,strong,62,ubcma,0.2,0.1806854322927122,0.1225886042532365,0.2630697703914462,True
copas,strong,62,henmi_copas,0.2,0.2429050948494458,0.1922109155043138,0.2935992741945777,True
copas,strong,62,adaptshrink_ens,0.2,0.1807852898732223,0.0386510193208702,0.3229195604255744,True
copas,strong,62,adaptshrink_solo,0.2,0.1801797415702817,-0.0460491733069842,0.4064086564475478,True
copas,strong,63,reml_hksj,0.2,0.3055027209713743,0.2437369144738322,0.3672685274689164,True
copas,strong,63,trim_and_fill,0.2,0.1331977835740169,0.1075937536846016,0.1588018134634322,True
copas,strong,63,pet_peese,0.2,0.2584365593920589,0.2117179948072314,0.3051551239768865,True
copas,strong,63,copas,0.2,0.3052068593931504,0.2462872907648884,0.3641264280214124,True
copas,strong,63,ubcma,0.2,0.1515954451583582,0.0773413818549677,0.2185526267524262,True
copas,strong,63,henmi_copas,0.2,0.2906314842970894,0.2200356456006148,0.3612273229935639,True
copas,strong,63,adaptshrink_ens,0.2,0.1419368301370768,0.0313119739911011,0.2525616862830525,True
copas,strong,63,adaptshrink_solo,0.2,0.2870773618793321,0.0529138274234168,0.5212408963352475,True
copas,strong,64,reml_hksj,0.2,0.32258426313234,0.2630985101743633,0.3820700160903166,True
copas,strong,64,trim_and_fill,0.2,0.1770338189043421,0.1518645066710725,0.2022031311376117,True
copas,strong,64,pet_peese,0.2,0.3204447195738387,0.2767115135720063,0.3641779255756712,True
copas,strong,64,copas,0.2,0.3224855971003968,0.2659640157650556,0.3790071784357381,True
copas,strong,64,ubcma,0.2,0.2278982490067239,0.1677306289430108,0.2829891021830572,True
copas,strong,64,henmi_copas,0.2,0.3229886974450025,0.2511290245924502,0.3948483702975548,True
copas,strong,64,adaptshrink_ens,0.2,0.2228256195950374,0.052006982828273,0.3936442563618019,True
copas,strong,64,adaptshrink_solo,0.2,0.3229356126248398,0.1758479865943593,0.4700232386553203,True
copas,strong,65,reml_hksj,0.2,0.3042825053410384,0.2601208883729837,0.348444122309093,True
copas,strong,65,trim_and_fill,0.2,0.1863376069913599,0.1569458362544328,0.2157293777282871,True
copas,strong,65,pet_peese,0.2,0.2679715920175883,0.2174506280219529,0.3184925560132238,True
copas,strong,65,copas,0.2,0.3032885944317481,0.2618595832677781,0.3447176055957182,True
copas,strong,65,ubcma,0.2,0.2788948694220249,0.2232818149710856,0.3333503234333959,True
copas,strong,65,henmi_copas,0.2,0.3004698749793508,0.2642122149925623,0.3367275349661393,True
copas,strong,65,adaptshrink_ens,0.2,0.2680381964354561,0.1521838505312903,0.3838925423396219,True
copas,strong,65,adaptshrink_solo,0.2,0.2455806096091195,0.1205628247294965,0.3705983944887424,True
copas,strong,66,reml_hksj,0.2,0.3130703403540014,0.2598507874782564,0.3662898932297464,True
copas,strong,66,trim_and_fill,0.2,0.1797877891042698,0.1477374953620028,0.2118380828465368,True
copas,strong,66,pet_peese,0.2,0.2473816704042154,0.1854007851996422,0.3093625556087886,True
copas,strong,66,copas,0.2,0.3120617331606282,0.2618909349548122,0.3622325313664443,True
copas,strong,66,ubcma,0.2,0.2544449296211106,0.1750656083588556,0.3346471009903926,True
copas,strong,66,henmi_copas,0.2,0.3012439862290172,0.250425434401474,0.3520625380565604,True
copas,strong,66,adaptshrink_ens,0.2,0.2418926151708664,0.1054923060185443,0.3782929243231884,True
copas,strong,66,adaptshrink_solo,0.2,0.2058118101244569,0.0645560543353485,0.3470675659135654,True
copas,strong,67,reml_hksj,0.2,0.2868181763582525,0.2216787602484739,0.3519575924680311,True
copas,strong,67,trim_and_fill,0.2,0.072930588339717,0.0497464570801535,0.0961147195992805,True
copas,strong,67,pet_peese,0.2,0.2693036777428992,0.2299145284239903,0.308692827061808,True
copas,strong,67,copas,0.2,0.286615327274714,0.224620932666888,0.34860972188254,True
copas,strong,67,ubcma,0.2,0.1789710286555425,0.0662025819761482,0.292199285515077,True
copas,strong,67,henmi_copas,0.2,0.2800432605224702,0.2036940713468616,0.3563924496980789,True
copas,strong,67,adaptshrink_ens,0.2,0.1814116748258303,-0.1239417111097317,0.4867650607613925,True
copas,strong,67,adaptshrink_solo,0.2,0.2869009839431963,0.2216319833664577,0.3521699845199348,True
copas,strong,68,reml_hksj,0.2,0.2748977519487318,0.2155901002028024,0.3342054036946611,True
copas,strong,68,trim_and_fill,0.2,0.1194780076686207,0.0887814223001815,0.1501745930370598,True
copas,strong,68,pet_peese,0.2,0.196562996305754,0.1391663139508315,0.2539596786606765,True
copas,strong,68,copas,0.2,0.2744417353965251,0.2180888130038545,0.3307946577891958,True
copas,strong,68,ubcma,0.2,0.182562446573297,0.1144467714055442,0.2452288677276296,True
copas,strong,68,henmi_copas,0.2,0.2502695686361422,0.1825706377169189,0.3179684995553655,True
copas,strong,68,adaptshrink_ens,0.2,0.1817740517084376,0.0506726792468988,0.3128754241699765,True
copas,strong,68,adaptshrink_solo,0.2,0.1539542427541454,-0.095961522217488,0.4038700077257789,True
copas,strong,69,reml_hksj,0.2,0.2794908953723927,0.2119371626933048,0.3470446280514805,True
copas,strong,69,trim_and_fill,0.2,0.0894632417722407,0.0612272619870523,0.1176992215574291,True
copas,strong,69,pet_peese,0.2,0.2133520365465888,0.1584313557590608,0.2682727173341167,True
copas,strong,69,copas,0.2,0.2791642765340205,0.2151330782515795,0.3431954748164615,True
copas,strong,69,ubcma,0.2,0.184392259462445,0.0703579650603968,0.2920096181888797,True
copas,strong,69,henmi_copas,0.2,0.2625308991521018,0.1810162383307875,0.3440455599734161,True
copas,strong,69,adaptshrink_ens,0.2,0.1916598642315327,0.0012841588459071,0.3820355696171583,True
copas,strong,69,adaptshrink_solo,0.2,0.2421880027953552,-0.1633969475692,0.6477729531599106,True
copas,strong,70,reml_hksj,0.2,0.2712897467729149,0.1932620916268089,0.3493174019190209,True
copas,strong,70,trim_and_fill,0.2,0.0685426659334218,0.0389592559138946,0.098126075952949,True
copas,strong,70,pet_peese,0.2,0.2435402497045959,0.1955344806131669,0.2915460187960249,True
copas,strong,70,copas,0.2,0.2711012824584649,0.1972439741328569,0.3449585907840728,True
copas,strong,70,ubcma,0.2,0.0875268420684099,-0.0073722376226738,0.3714823198934653,True
copas,strong,70,henmi_copas,0.2,0.2566556032543713,0.1536299320758869,0.3596812744328557,True
copas,strong,70,adaptshrink_ens,0.2,0.0734415212715361,-0.0546493145600854,0.2015323571031578,True
copas,strong,70,adaptshrink_solo,0.2,0.2720574069290537,0.1486484878516088,0.3954663260064986,True
copas,strong,71,reml_hksj,0.2,0.2816136773217719,0.224509088013289,0.3387182666302548,True
copas,strong,71,trim_and_fill,0.2,0.1516615986431057,0.1201192366866177,0.1832039605995936,True
copas,strong,71,pet_peese,0.2,0.2450799939617773,0.1893821222022475,0.300777865721307,True
copas,strong,71,copas,0.2,0.2812547269401644,0.2272349639072714,0.3352744899730573,True
copas,strong,71,ubcma,0.2,0.222974356070171,0.1283346927148455,0.2918961901657889,True
copas,strong,71,henmi_copas,0.2,0.2663453503343778,0.2066340093145954,0.3260566913541601,True
copas,strong,71,adaptshrink_ens,0.2,0.2253949078834563,0.069451238477859,0.3813385772890536,True
copas,strong,71,adaptshrink_solo,0.2,0.2519521465194132,0.0497387027063222,0.4541655903325042,True
copas,strong,72,reml_hksj,0.2,0.3009725362033399,0.2469294475376758,0.355015624869004,True
copas,strong,72,trim_and_fill,0.2,0.1746005153025945,0.1484571916531468,0.2007438389520421,True
copas,strong,72,pet_peese,0.2,0.294013508857161,0.2492040869083828,0.3388229308059391,True
copas,strong,72,copas,0.2,0.3009401572779392,0.2495990462187952,0.3522812683370832,True
copas,strong,72,ubcma,0.2,0.241592093240664,0.1437785269843056,0.3225511261228611,True
copas,strong,72,henmi_copas,0.2,0.2945405800533421,0.2331181044054367,0.3559630557012476,True
copas,strong,72,adaptshrink_ens,0.2,0.243260245471597,0.0353648727594954,0.4511556181836985,True
copas,strong,72,adaptshrink_solo,0.2,0.3009700290695452,0.2456687929979924,0.3562712651410979,True
copas,strong,73,reml_hksj,0.2,0.2885479006030071,0.228290865295562,0.3488049359104522,True
copas,strong,73,trim_and_fill,0.2,0.0938361467585177,0.0630525609267373,0.1246197325902981,True
copas,strong,73,pet_peese,0.2,0.2213709643854294,0.1644980070651845,0.2782439217056742,True
copas,strong,73,copas,0.2,0.2879128824330259,0.2307168917470596,0.3451088731189921,True
copas,strong,73,ubcma,0.2,0.1686836361173061,0.0535417311102394,0.2540276360508983,True
copas,strong,73,henmi_copas,0.2,0.264425667134524,0.1933094194620724,0.3355419148069756,True
copas,strong,73,adaptshrink_ens,0.2,0.1708118746354275,-0.0541661488165697,0.3957898980874247,True
copas,strong,73,adaptshrink_solo,0.2,0.1973330607407917,-0.0518693900401689,0.4465355115217524,True
copas,strong,74,reml_hksj,0.2,0.3342673572050513,0.2732188969528568,0.3953158174572458,True
copas,strong,74,trim_and_fill,0.2,0.1755590766909988,0.1466111605903952,0.2045069927916025,True
copas,strong,74,pet_peese,0.2,0.3405818645103411,0.285117075309497,0.3960466537111852,True
copas,strong,74,copas,0.2,0.3342307958467457,0.2767428060572169,0.3917187856362744,True
copas,strong,74,ubcma,0.2,0.2584448541101476,0.1664236767327938,0.3410790180301515,True
copas,strong,74,henmi_copas,0.2,0.3401287817256825,0.2713434108216273,0.4089141526297378,True
copas,strong,74,adaptshrink_ens,0.2,0.2574020742257371,0.0117367201057231,0.5030674283457511,True
copas,strong,74,adaptshrink_solo,0.2,0.3342423762832448,0.2734639695415175,0.3950207830249721,True
copas,strong,75,reml_hksj,0.2,0.3254040007436221,0.2654722244180469,0.3853357770691973,True
copas,strong,75,trim_and_fill,0.2,0.1462719737398551,0.1156958754182053,0.176848072061505,True
copas,strong,75,pet_peese,0.2,0.298335240202725,0.2425607751978574,0.3541097052075926,True
copas,strong,75,copas,0.2,0.3250833099964234,0.2682651171509264,0.3819015028419205,True
copas,strong,75,ubcma,0.2,0.2203897296604479,0.1364584355946003,0.2934529338531428,True
copas,strong,75,henmi_copas,0.2,0.3125431954591384,0.2448844988976703,0.3802018920206064,True
copas,strong,75,adaptshrink_ens,0.2,0.2186939316945954,-0.0039233893220139,0.4413112527112047,True
copas,strong,75,adaptshrink_solo,0.2,0.3251695454254273,0.2291022740106607,0.421236816840194,True
copas,strong,76,reml_hksj,0.2,0.2727540185931488,0.2207166478379585,0.3247913893483392,True
copas,strong,76,trim_and_fill,0.2,0.1322242195266495,0.0989009621028357,0.1655474769504633,True
copas,strong,76,pet_peese,0.2,0.2209892563541516,0.1554664472957253,0.286512065412578,True
copas,strong,76,copas,0.2,0.2706391835981122,0.2242819498789357,0.3169964173172886,True
copas,strong,76,ubcma,0.2,0.2360231681402298,0.1656489734710908,0.3108449034358577,True
copas,strong,76,henmi_copas,0.2,0.2683857107711196,0.2158140455230073,0.320957376019232,True
copas,strong,76,adaptshrink_ens,0.2,0.220101139501476,0.0707719103458909,0.3694303686570611,True
copas,strong,76,adaptshrink_solo,0.2,0.2155604645300901,0.0766815543353051,0.3544393747248751,True
copas,strong,77,reml_hksj,0.2,0.3235260726083859,0.2777442985858134,0.3693078466309583,True
copas,strong,77,trim_and_fill,0.2,0.2198573927943943,0.1932999455608427,0.2464148400279459,True
copas,strong,77,pet_peese,0.2,0.319781856181475,0.2746960495311615,0.3648676628317885,True
copas,strong,77,copas,0.2,0.3236812551619959,0.2810328760578569,0.3663296342661349,True
copas,strong,77,ubcma,0.2,0.318055269058093,0.2480174318610042,0.3861557998745047,True
copas,strong,77,henmi_copas,0.2,0.3295649216089771,0.2804583435554806,0.3786714996624737,True
copas,strong,77,adaptshrink_ens,0.2,0.3156331287650957,0.2023634072137587,0.4289028503164326,True
copas,strong,77,adaptshrink_solo,0.2,0.3233399977974804,0.2793352201270204,0.3673447754679403,True
copas,strong,78,reml_hksj,0.2,0.3043214331107814,0.2503684209425157,0.358274445279047,True
copas,strong,78,trim_and_fill,0.2,0.1421110879052885,0.1148207932601542,0.1694013825504228,True
copas,strong,78,pet_peese,0.2,0.2720992559073719,0.2187424789932413,0.3254560328215026,True
copas,strong,78,copas,0.2,0.3039577674920282,0.2531566274086951,0.3547589075753614,True
copas,strong,78,ubcma,0.2,0.2588729885420326,0.1690248528236865,0.3443538224735628,True
copas,strong,78,henmi_copas,0.2,0.2951778591087907,0.237501870283919,0.3528538479336623,True
copas,strong,78,adaptshrink_ens,0.2,0.262475570082126,0.1137784771442669,0.411172663019985,True
copas,strong,78,adaptshrink_solo,0.2,0.30056542787199,0.1481274090786547,0.4530034466653253,True
copas,strong,79,reml_hksj,0.2,0.3356708887534169,0.2728066393412428,0.3985351381655909,True
copas,strong,79,trim_and_fill,0.2,0.1854501802301441,0.1572237547876565,0.2136766056726317,True
copas,strong,79,pet_peese,0.2,0.3171579472210356,0.2672489534140491,0.3670669410280221,True
copas,strong,79,copas,0.2,0.3351125730071771,0.2781127826683183,0.3921123633460359,True
copas,strong,79,ubcma,0.2,0.2123445290567163,0.133341932453543,0.2931897518197303,True
copas,strong,79,henmi_copas,0.2,0.3383790107386666,0.2652733583295982,0.4114846631477349,True
copas,strong,79,adaptshrink_ens,0.2,0.2010561393255669,0.0569266810163605,0.3451855976347733,True
copas,strong,79,adaptshrink_solo,0.2,0.3357874371331781,0.233506021188449,0.4380688530779072,True
copas,strong,80,reml_hksj,0.2,0.2851415099353593,0.2327832701873997,0.337499749683319,True
copas,strong,80,trim_and_fill,0.2,0.1374992206901704,0.1137589616161341,0.1612394797642067,True
copas,strong,80,pet_peese,0.2,0.237323754010382,0.1972964733700294,0.2773510346507345,True
copas,strong,80,copas,0.2,0.2847671750940072,0.2347638159885096,0.3347705341995048,True
copas,strong,80,ubcma,0.2,0.2020524063804149,0.0921182818536689,0.2974930071843007,True
copas,strong,80,henmi_copas,0.2,0.2706831934884455,0.2092805026716923,0.3320858843051986,True
copas,strong,80,adaptshrink_ens,0.2,0.2072847384034668,0.0263406785145279,0.3882287982924057,True
copas,strong,80,adaptshrink_solo,0.2,0.2414671544028473,-0.0147938461881692,0.4977281549938638,True
copas,strong,81,reml_hksj,0.2,0.2915697356822389,0.1960645808534101,0.3870748905110677,True
copas,strong,81,trim_and_fill,0.2,0.0581867407605868,0.0258991967863375,0.0904742847348361,True
copas,strong,81,pet_peese,0.2,0.245044169774813,0.1825680643129996,0.3075202752366264,True
copas,strong,81,copas,0.2,0.2914769662424084,0.2012338378093063,0.3817200946755105,True
copas,strong,81,ubcma,0.2,0.1129729168586054,-0.731710803140426,0.3026252539060273,True
copas,strong,81,henmi_copas,0.2,0.2713541526110527,0.1552625924660356,0.3874457127560697,True
copas,strong,81,adaptshrink_ens,0.2,0.0873512871392579,-0.2052994506167686,0.3800020248952847,True
copas,strong,81,adaptshrink_solo,0.2,0.2913998532449912,0.1784247166932614,0.4043749897967209,True
copas,strong,82,reml_hksj,0.2,0.2991321548028839,0.2441848584245824,0.3540794511811854,True
copas,strong,82,trim_and_fill,0.2,0.1276232171896242,0.0998826244584669,0.1553638099207814,True
copas,strong,82,pet_peese,0.2,0.2385874220993571,0.1885193725543818,0.2886554716443325,True
copas,strong,82,copas,0.2,0.2985762525153474,0.2464014021883538,0.3507511028423409,True
copas,strong,82,ubcma,0.2,0.2200731814975145,0.1335114404903323,0.29709127872544,True
copas,strong,82,henmi_copas,0.2,0.281965821157719,0.2223166606622547,0.3416149816531832,True
copas,strong,82,adaptshrink_ens,0.2,0.224816675295996,0.0764601609155381,0.3731731896764539,True
copas,strong,82,adaptshrink_solo,0.2,0.2134088744321971,0.0002602789103071,0.426557469954087,True
copas,strong,83,reml_hksj,0.2,0.2934781749943615,0.2405680624025467,0.3463882875861762,True
copas,strong,83,trim_and_fill,0.2,0.1674016455056443,0.1442765123931373,0.1905267786181513,True
copas,strong,83,pet_peese,0.2,0.3055588914100206,0.2660431749817887,0.3450746078382525,True
copas,strong,83,copas,0.2,0.2936094953117116,0.247182970078554,0.3400360205448691,True
copas,strong,83,ubcma,0.2,0.2323381181140573,0.173857998303103,0.288124336052722,True
copas,strong,83,henmi_copas,0.2,0.2965079589739441,0.2414781747506405,0.3515377431972477,True
copas,strong,83,adaptshrink_ens,0.2,0.2309374989533578,0.0546566766936485,0.4072183212130672,True
copas,strong,83,adaptshrink_solo,0.2,0.2934757043352806,0.2445543549471728,0.3423970537233883,True
copas,strong,84,reml_hksj,0.2,0.2683806229604678,0.200825638639212,0.3359356072817235,True
copas,strong,84,trim_and_fill,0.2,0.0632006027415418,0.0315208475363034,0.0948803579467802,True
copas,strong,84,pet_peese,0.2,0.1950041392982218,0.13676684082318,0.2532414377732636,True
copas,strong,84,copas,0.2,0.2674143025314057,0.2039702204860912,0.3308583845767201,True
copas,strong,84,ubcma,0.2,0.1539931799338288,0.0339726738140418,0.2853000768834313,True
copas,strong,84,henmi_copas,0.2,0.2506383113095903,0.1699961973362873,0.3312804252828934,True
copas,strong,84,adaptshrink_ens,0.2,0.1610718050388317,-0.066221930365126,0.3883655404427895,True
copas,strong,84,adaptshrink_solo,0.2,0.1908293246085226,-0.2580302927193026,0.6396889419363478,True
copas,strong,85,reml_hksj,0.2,0.3026706682169539,0.2393543516541409,0.3659869847797667,True
copas,strong,85,trim_and_fill,0.2,0.1307291823106905,0.1035801582783594,0.1578782063430215,True
copas,strong,85,pet_peese,0.2,0.2286792418458804,0.182952339908182,0.2744061437835789,True
copas,strong,85,copas,0.2,0.3017079992264446,0.2439556412768875,0.3594603571760017,True
copas,strong,85,ubcma,0.2,0.1277345012066479,-0.0045162658412882,0.263430420115162,True
copas,strong,85,henmi_copas,0.2,0.2757461003247417,0.2048776195035906,0.3466145811458928,True
copas,strong,85,adaptshrink_ens,0.2,0.1323623179272686,0.0522193739512686,0.2125052619032685,True
copas,strong,85,adaptshrink_solo,0.2,0.2006111834919673,0.052192593891148,0.3490297730927867,True
copas,strong,86,reml_hksj,0.2,0.2821310296300495,0.200540674017918,0.3637213852421809,True
copas,strong,86,trim_and_fill,0.2,0.0662842454431618,0.0367281462731383,0.0958403446131853,True
copas,strong,86,pet_peese,0.2,0.1971191756875156,0.1452955631952946,0.2489427881797366,True
copas,strong,86,copas,0.2,0.2813837494715324,0.2058779330280356,0.3568895659150292,True
copas,strong,86,ubcma,0.2,0.1386311070678785,-0.030653378089935,0.2653733817681057,True
copas,strong,86,henmi_copas,0.2,0.2507122188993558,0.1559925350583799,0.3454319027403318,True
copas,strong,86,adaptshrink_ens,0.2,0.1402103914979079,-0.1177008475961383,0.3981216305919542,True
copas,strong,86,adaptshrink_solo,0.2,0.2040017196763434,-0.1292126266816988,0.5372160660343858,True
copas,strong,87,reml_hksj,0.2,0.3237962356101662,0.2557667070243896,0.3918257641959428,True
copas,strong,87,trim_and_fill,0.2,0.1571459711523941,0.128564144706426,0.1857277975983622,True
copas,strong,87,pet_peese,0.2,0.3862965226602149,0.3300246735076747,0.4425683718127552,True
copas,strong,87,copas,0.2,0.3240050337256429,0.2595008054226079,0.3885092620286779,True
copas,strong,87,ubcma,0.2,0.2290704191405829,0.1445824256920773,0.3089136630866969,True
copas,strong,87,henmi_copas,0.2,0.3504129026042195,0.2691411368459353,0.4316846683625037,True
copas,strong,87,adaptshrink_ens,0.2,0.220001089962004,-0.0257926721946424,0.4657948521186503,True
copas,strong,87,adaptshrink_solo,0.2,0.4011829510030001,0.0735937743997649,0.7287721276062353,True
copas,strong,88,reml_hksj,0.2,0.2416350939205925,0.1990772208958898,0.2841929669452953,True
copas,strong,88,trim_and_fill,0.2,0.1275980503055976,0.1010042857422397,0.1541918148689554,True
copas,strong,88,pet_peese,0.2,0.233088730167297,0.1884434014511629,0.2777340588834311,True
copas,strong,88,copas,0.2,0.2412094764725446,0.2014362197556622,0.280982733189427,True
copas,strong,88,ubcma,0.2,0.2570914032239982,0.1957950761107404,0.318046958539545,True
copas,strong,88,henmi_copas,0.2,0.2378802283127447,0.2005207708825757,0.2752396857429137,True
copas,strong,88,adaptshrink_ens,0.2,0.2354080863680883,0.1111819695042167,0.3596342032319598,True
copas,strong,88,adaptshrink_solo,0.2,0.2400388450429315,0.1973472458200036,0.2827304442658595,True
copas,strong,89,reml_hksj,0.2,0.276424401342283,0.2283074322703847,0.3245413704141813,True
copas,strong,89,trim_and_fill,0.2,0.1387332585452798,0.1142832805572527,0.1631832365333068,True
copas,strong,89,pet_peese,0.2,0.2622851901920925,0.2179374710060589,0.306632909378126,True
copas,strong,89,copas,0.2,0.2762937402553503,0.2309485311480104,0.3216389493626903,True
copas,strong,89,ubcma,0.2,0.2229708484325513,0.1651991598553988,0.2807425370097038,True
copas,strong,89,henmi_copas,0.2,0.2746590612195408,0.2230047416691761,0.3263133807699056,True
copas,strong,89,adaptshrink_ens,0.2,0.2271911614070614,0.0684334278131126,0.3859488950010101,True
copas,strong,89,adaptshrink_solo,0.2,0.2763752037820434,0.2276686037171766,0.3250818038469102,True
copas,strong,90,reml_hksj,0.2,0.3042692533779076,0.2429914976180277,0.3655470091377875,True
copas,strong,90,trim_and_fill,0.2,0.1531974864350765,0.1252370271629878,0.1811579457071652,True
copas,strong,90,pet_peese,0.2,0.3061918824198444,0.2551318460277016,0.3572519188119872,True
copas,strong,90,copas,0.2,0.3043654291152733,0.2462537159581767,0.3624771422723699,True
copas,strong,90,ubcma,0.2,0.164252037677148,-0.0088142856298648,0.3170740549045778,True
copas,strong,90,henmi_copas,0.2,0.3056989949756167,0.2354781140907578,0.3759198758604756,True
copas,strong,90,adaptshrink_ens,0.2,0.1559392212907959,0.0562979917738723,0.2555804508077195,True
copas,strong,90,adaptshrink_solo,0.2,0.3042680921613757,0.2415296005746461,0.3670065837481053,True
copas,strong,91,reml_hksj,0.2,0.3306455282994836,0.2713434268003124,0.3899476297986548,True
copas,strong,91,trim_and_fill,0.2,0.1278357022605493,0.1045721357244781,0.1510992687966205,True
copas,strong,91,pet_peese,0.2,0.25804517615926,0.2154058791017236,0.3006844732167962,True
copas,strong,91,copas,0.2,0.3300564101207509,0.2743678344819805,0.3857449857595212,True
copas,strong,91,ubcma,0.2,0.2146859461860087,0.1258194103111291,0.2982605573384369,True
copas,strong,91,henmi_copas,0.2,0.3057299214352231,0.2412437679848732,0.3702160748855729,True
copas,strong,91,adaptshrink_ens,0.2,0.2213305590655864,0.0221325838001718,0.420528534331001,True
copas,strong,91,adaptshrink_solo,0.2,0.2291860259130304,0.0614882736305076,0.3968837781955533,True
copas,strong,92,reml_hksj,0.2,0.2958711288111545,0.2294764547201747,0.3622658029021343,True
copas,strong,92,trim_and_fill,0.2,0.1347878288281489,0.1062931559940909,0.1632825016622068,True
copas,strong,92,pet_peese,0.2,0.255618717337954,0.207238776679361,0.3039986579965471,True
copas,strong,92,copas,0.2,0.2955319429288536,0.2325086668726047,0.3585552189851025,True
copas,strong,92,ubcma,0.2,0.104795262918918,-0.0343372057070531,0.2266098419993952,True
copas,strong,92,henmi_copas,0.2,0.2786611598219469,0.1969115560866652,0.3604107635572285,True
copas,strong,92,adaptshrink_ens,0.2,0.1352529625848038,0.0467573629839368,0.2237485621856708,True
copas,strong,92,adaptshrink_solo,0.2,0.2967180304746644,0.0039664354558995,0.5894696254934293,True
copas,strong,93,reml_hksj,0.2,0.2490019863679146,0.1865793282538121,0.311424644482017,True
copas,strong,93,trim_and_fill,0.2,0.0319885660098669,0.0024637352381101,0.0615133967816237,True
copas,strong,93,pet_peese,0.2,0.2011403654302305,0.1403559078811931,0.261924822979268,True
copas,strong,93,copas,0.2,0.2486154318338885,0.1893164031618141,0.3079144605059629,True
copas,strong,93,ubcma,0.2,0.2321525080032722,0.109734615575284,0.3557293863950756,True
copas,strong,93,henmi_copas,0.2,0.2391286303569741,0.1732092001651104,0.3050480605488379,True
copas,strong,93,adaptshrink_ens,0.2,0.2015031143873334,0.0258800485008667,0.3771261802738002,True
copas,strong,93,adaptshrink_solo,0.2,0.2393569034374215,0.0276723353572594,0.4510414715175835,True
copas,strong,94,reml_hksj,0.2,0.3214594738180167,0.2453539588412833,0.3975649887947502,True
copas,strong,94,trim_and_fill,0.2,0.1003446711412568,0.069765663851941,0.1309236784305727,True
copas,strong,94,pet_peese,0.2,0.2129466902965473,0.1588289816033167,0.267064398989778,True
copas,strong,94,copas,0.2,0.3209219011960325,0.2487888296419244,0.3930549727501405,True
copas,strong,94,ubcma,0.2,0.1297053001715738,0.0436449352867559,0.246749297251257,True
copas,strong,94,henmi_copas,0.2,0.2778366692951567,0.1829104946626701,0.3727628439276433,True
copas,strong,94,adaptshrink_ens,0.2,0.1185212789369872,-0.040420267780484,0.2774628256544584,True
copas,strong,94,adaptshrink_solo,0.2,0.1660886657922461,-0.1510981207749463,0.4832754523594387,True
copas,strong,95,reml_hksj,0.2,0.3083379454263567,0.248067397994171,0.3686084928585423,True
copas,strong,95,trim_and_fill,0.2,0.1402357150864781,0.1096545177283459,0.1708169124446103,True
copas,strong,95,pet_peese,0.2,0.2932838292132151,0.2353634883541641,0.351204170072266,True
copas,strong,95,copas,0.2,0.3082230813087763,0.2508876974958473,0.3655584651217053,True
copas,strong,95,ubcma,0.2,0.2385506850550467,0.1359607490651804,0.3461757099278514,True
copas,strong,95,henmi_copas,0.2,0.3021714876003655,0.2340015969057208,0.3703413782950102,True
copas,strong,95,adaptshrink_ens,0.2,0.2445258164909191,-0.0009854986911402,0.4900371316729786,True
copas,strong,95,adaptshrink_solo,0.2,0.3084735367001535,0.2125324477914918,0.4044146256088152,True
copas,strong,96,reml_hksj,0.2,0.3027277032356501,0.2465821549388486,0.3588732515324516,True
copas,strong,96,trim_and_fill,0.2,0.1446865887131841,0.1125147965103658,0.1768583809160025,True
copas,strong,96,pet_peese,0.2,0.2799540411788926,0.2151485228895148,0.3447595594682705,True
copas,strong,96,copas,0.2,0.3023852929430511,0.2491841996705745,0.3555863862155278,True
copas,strong,96,ubcma,0.2,0.1880764079337996,0.1203894683913887,0.2561919153561782,True
copas,strong,96,henmi_copas,0.2,0.2997835845382849,0.2466120172879009,0.352955151788669,True
copas,strong,96,adaptshrink_ens,0.2,0.1805728278014893,0.0053950142008917,0.3557506414020869,True
copas,strong,96,adaptshrink_solo,0.2,0.3012072133165658,0.0648166454718773,0.5375977811612542,True
copas,strong,97,reml_hksj,0.2,0.3363334630510521,0.2865340985482448,0.3861328275538593,True
copas,strong,97,trim_and_fill,0.2,0.2073989988643551,0.1789181268276124,0.2358798709010977,True
copas,strong,97,pet_peese,0.2,0.3116208397968719,0.2577553060121508,0.3654863735815929,True
copas,strong,97,copas,0.2,0.3358949980614426,0.2887122431768986,0.3830777529459865,True
copas,strong,97,ubcma,0.2,0.2864594731247563,0.2393067335013047,0.3443899818049968,True
copas,strong,97,henmi_copas,0.2,0.3288815401376075,0.2776230362325657,0.3801400440426494,True
copas,strong,97,adaptshrink_ens,0.2,0.2890569618826972,0.1550962698341368,0.4230176539312575,True
copas,strong,97,adaptshrink_solo,0.2,0.3356797337273697,0.2054823293885526,0.4658771380661867,True
copas,strong,98,reml_hksj,0.2,0.2354370407128742,0.1723704356191401,0.2985036458066084,True
copas,strong,98,trim_and_fill,0.2,0.0039024774263678,-0.0267871757809015,0.0345921306336372,True
copas,strong,98,pet_peese,0.2,-0.0497854287281835,-0.1404358396479418,0.0408649821915746,True
copas,strong,98,copas,0.2,0.234320567330694,0.1742727685059022,0.2943683661554859,True
copas,strong,98,ubcma,0.2,0.1926694761369246,0.1102296254462612,0.2787821437758776,True
copas,strong,98,henmi_copas,0.2,0.1788271213956072,0.0988308519064599,0.2588233908847543,True
copas,strong,98,adaptshrink_ens,0.2,0.0025886460261587,-0.1007884658148828,0.1059657578672004,True
copas,strong,98,adaptshrink_solo,0.2,-0.0379615428889496,-0.3058339642477952,0.229910878469896,True
copas,strong,99,reml_hksj,0.2,0.3148597881550241,0.244042071923109,0.3856775043869392,True
copas,strong,99,trim_and_fill,0.2,0.0978606934251478,0.0673554241665957,0.1283659626836999,True
copas,strong,99,pet_peese,0.2,0.2114427014090672,0.1572155830784026,0.2656698197397318,True
copas,strong,99,copas,0.2,0.3139513091621705,0.2471444697203258,0.3807581486040152,True
copas,strong,99,ubcma,0.2,0.2095883868524864,0.1206884929389158,0.2912231320641198,True
copas,strong,99,henmi_copas,0.2,0.2714950973314872,0.1871388965617241,0.3558512981012504,True
copas,strong,99,adaptshrink_ens,0.2,0.2062497187725458,0.0697162078388052,0.3427832297062864,True
copas,strong,99,adaptshrink_solo,0.2,0.155677658081642,-0.0212734862503168,0.332628802413601,True
copas,strong,100,reml_hksj,0.2,0.2523766836101086,0.2077397536846773,0.2970136135355399,True
copas,strong,100,trim_and_fill,0.2,0.1321063205013317,0.1080720486237356,0.1561405923789277,True
copas,strong,100,pet_peese,0.2,0.2533568304255379,0.2125942864370729,0.294119374414003,True
copas,strong,100,copas,0.2,0.2524023791004289,0.2102303755925171,0.2945743826083408,True
copas,strong,100,ubcma,0.2,0.260480525760139,0.2049386287441863,0.3188014475051735,True
copas,strong,100,henmi_copas,0.2,0.2521030870626383,0.2048210701361184,0.2993851039891582,True
copas,strong,100,adaptshrink_ens,0.2,0.2532996770052374,0.1501640321872799,0.3564353218231949,True
copas,strong,100,adaptshrink_solo,0.2,0.2524006951157767,0.2071562223971816,0.2976451678343717,True
copas,strong,101,reml_hksj,0.2,0.2860661988565618,0.2283212984614058,0.3438110992517179,True
copas,strong,101,trim_and_fill,0.2,0.1621499376746648,0.1329465863255016,0.1913532890238279,True
copas,strong,101,pet_peese,0.2,0.2164939517603119,0.1690298012212521,0.2639581022993717,True
copas,strong,101,copas,0.2,0.2849891814069696,0.2316569841564605,0.3383213786574787,True
copas,strong,101,ubcma,0.2,0.1797952788590821,0.1017215197524127,0.2393952470785396,True
copas,strong,101,henmi_copas,0.2,0.2637227762793556,0.2001248009094555,0.3273207516492556,True
copas,strong,101,adaptshrink_ens,0.2,0.1753929229215587,0.0744139943100389,0.2763718515330785,True
copas,strong,101,adaptshrink_solo,0.2,0.1854175275399915,0.0546669509139565,0.3161681041660266,True
copas,strong,102,reml_hksj,0.2,0.2816740510607443,0.222508096670794,0.3408400054506947,True
copas,strong,102,trim_and_fill,0.2,0.1069529567061235,0.0798137707158898,0.1340921426963573,True
copas,strong,102,pet_peese,0.2,0.3123440630816861,0.2627309418167727,0.3619571843465996,True
copas,strong,102,copas,0.2,0.2818650686831942,0.2257354456336088,0.3379946917327796,True
copas,strong,102,ubcma,0.2,0.1968607046362681,0.1045608382995749,0.2994411618497402,True
copas,strong,102,henmi_copas,0.2,0.2953749632590411,0.2307650186053526,0.3599849079127297,True
copas,strong,102,adaptshrink_ens,0.2,0.192501257091709,-0.0918609656297389,0.4768634798131571,True
copas,strong,102,adaptshrink_solo,0.2,0.2819512722363598,0.1810604546671372,0.3828420898055824,True
copas,strong,103,reml_hksj,0.2,0.2965005831405135,0.2335973782064378,0.3594037880745891,True
copas,strong,103,trim_and_fill,0.2,0.1412090224765725,0.1129842048052941,0.1694338401478509,True
copas,strong,103,pet_peese,0.2,0.2862725341920494,0.2363740141017838,0.336171054282315,True
copas,strong,103,copas,0.2,0.2963508207897614,0.2375918461593503,0.3551097954201725,True
copas,strong,103,ubcma,0.2,0.2527688990786961,0.1614560091545895,0.3473149211700701,True
copas,strong,103,henmi_copas,0.2,0.2961832031028269,0.2213193689072299,0.3710470372984239,True
copas,strong,103,adaptshrink_ens,0.2,0.2620510716655341,0.0720217714467709,0.4520803718842973,True
copas,strong,103,adaptshrink_solo,0.2,0.2965948462028909,0.2301890808416652,0.3630006115641165,True
copas,strong,104,reml_hksj,0.2,0.2628400844521246,0.1938292881958629,0.3318508807083863,True
copas,strong,104,trim_and_fill,0.2,0.0876230907038683,0.0614275135419748,0.1138186678657618,True
copas,strong,104,pet_peese,0.2,0.2376495942043325,0.1912426050192498,0.2840565833894151,True
copas,strong,104,copas,0.2,0.2626119672259895,0.1997049819092456,0.3255189525427334,True
copas,strong,104,ubcma,0.2,0.1357502817233474,-0.0112682147648178,0.2584776953421311,True
copas,strong,104,henmi_copas,0.2,0.253328652403149,0.1750297156725742,0.3316275891337237,True
copas,strong,104,adaptshrink_ens,0.2,0.1215620444205945,-0.1125996166790985,0.3557237055202876,True
copas,strong,104,adaptshrink_solo,0.2,0.262843469093484,0.1965369159094617,0.3291500222775064,True
copas,strong,105,reml_hksj,0.2,0.316722238341983,0.2663023603741581,0.3671421163098078,True
copas,strong,105,trim_and_fill,0.2,0.1585824264750976,0.1297335459459335,0.1874313070042617,True
copas,strong,105,pet_peese,0.2,0.297677389008767,0.245309185929149,0.3500455920883849,True
copas,strong,105,copas,0.2,0.3164782873240025,0.2684788694966518,0.3644777051513532,True
copas,strong,105,ubcma,0.2,0.3566786971845653,0.2836281556673555,0.4213239404535117,True
copas,strong,105,henmi_copas,0.2,0.3128453648613729,0.2702952352950056,0.3553954944277401,True
copas,strong,105,adaptshrink_ens,0.2,0.3009248621746369,0.1313297802520204,0.4705199440972534,True
copas,strong,105,adaptshrink_solo,0.2,0.3140479887182211,0.161361592353047,0.4667343850833952,True
copas,strong,106,reml_hksj,0.2,0.320560628999211,0.2470308173228897,0.3940904406755323,True
copas,strong,106,trim_and_fill,0.2,0.0520073346044432,0.0227097981518562,0.0813048710570303,True
copas,strong,106,pet_peese,0.2,-0.0210326141055514,-0.1059803261421657,0.0639150979310629,True
copas,strong,106,copas,0.2,0.3195271229196223,0.2499471966936128,0.3891070491456317,True
copas,strong,106,ubcma,0.2,0.1371565158374248,0.0011123921176313,0.2632584273644878,True
copas,strong,106,henmi_copas,0.2,0.2419222201223703,0.1443288219807191,0.3395156182640214,True
copas,strong,106,adaptshrink_ens,0.2,0.0513982958417018,-0.0442701564431289,0.1470667481265326,True
copas,strong,106,adaptshrink_solo,0.2,-0.0043716668301236,-0.2410518779562952,0.2323085442960479,True
copas,strong,107,reml_hksj,0.2,0.2441812055063675,0.196236087136477,0.292126323876258,True
copas,strong,107,trim_and_fill,0.2,0.117111211312456,0.091752476444809,0.1424699461801029,True
copas,strong,107,pet_peese,0.2,0.2025071853892291,0.1586879748113911,0.2463263959670671,True
copas,strong,107,copas,0.2,0.2434780147384631,0.1998756323817073,0.2870803970952189,True
copas,strong,107,ubcma,0.2,0.1820399615322057,0.1129828645239607,0.2484772279485552,True
copas,strong,107,henmi_copas,0.2,0.2379032286405629,0.1859539218646459,0.2898525354164799,True
copas,strong,107,adaptshrink_ens,0.2,0.1855058350616359,0.0524467617555551,0.3185649083677168,True
copas,strong,107,adaptshrink_solo,0.2,0.1987035534781079,0.0661126784750194,0.3312944284811965,True
copas,strong,108,reml_hksj,0.2,0.316203927142593,0.2490360437676964,0.3833718105174895,True
copas,strong,108,trim_and_fill,0.2,0.1323610271896191,0.1053789441971267,0.1593431101821115,True
copas,strong,108,pet_peese,0.2,0.2651644801423944,0.217513171214721,0.3128157890700677,True
copas,strong,108,copas,0.2,0.3157665811912768,0.2520192110122953,0.3795139513702583,True
copas,strong,108,ubcma,0.2,0.1862001931079227,0.1194939614402643,0.2598469575502506,True
copas,strong,108,henmi_copas,0.2,0.2971772307090487,0.2186121101978385,0.3757423512202589,True
copas,strong,108,adaptshrink_ens,0.2,0.1815082065285901,-0.009899202588825,0.3729156156460053,True
copas,strong,108,adaptshrink_solo,0.2,0.2999665952082125,0.0096583549260182,0.5902748354904068,True
copas,strong,109,reml_hksj,0.2,0.3281101205040698,0.2582196393366944,0.3980006016714452,True
copas,strong,109,trim_and_fill,0.2,0.1628269405497739,0.1301969965116273,0.1954568845879205,True
copas,strong,109,pet_peese,0.2,0.3167019723808221,0.2586656183973692,0.3747383263642751,True
copas,strong,109,copas,0.2,0.3280098576778482,0.2623251593166277,0.3936945560390686,True
copas,strong,109,ubcma,0.2,0.2364003419845948,0.1182658651171185,0.3428851940146005,True
copas,strong,109,henmi_copas,0.2,0.3262561677224058,0.236249734867652,0.4162626005771597,True
copas,strong,109,adaptshrink_ens,0.2,0.2332107280141508,-0.0329021308927287,0.4993235869210303,True
copas,strong,109,adaptshrink_solo,0.2,0.3285396587022902,0.0776268223350263,0.5794524950695541,True
copas,strong,110,reml_hksj,0.2,0.2616359458713969,0.1978958438152246,0.3253760479275691,True
copas,strong,110,trim_and_fill,0.2,0.0942955777562849,0.0661031546581487,0.1224880008544211,True
copas,strong,110,pet_peese,0.2,0.2077272946264486,0.1580514949982806,0.2574030942546166,True
copas,strong,110,copas,0.2,0.261134081001479,0.2008254713465427,0.3214426906564154,True
copas,strong,110,ubcma,0.2,0.1472382929172045,-0.0130486032179948,0.2502638920797398,True
copas,strong,110,henmi_copas,0.2,0.2406559527624498,0.1702268810434571,0.3110850244814425,True
copas,strong,110,adaptshrink_ens,0.2,0.1427530973117883,-0.0807124185147901,0.3662186131383669,True
copas,strong,110,adaptshrink_solo,0.2,0.2056804526718978,0.0165764915614772,0.3947844137823184,True
copas,strong,111,reml_hksj,0.2,0.2833992510346554,0.2284850155880558,0.338313486481255,True
copas,strong,111,trim_and_fill,0.2,0.1359697963229315,0.1091250881254009,0.1628145045204621,True
copas,strong,111,pet_peese,0.2,0.3141869417073868,0.2644923890989265,0.3638814943158471,True
copas,strong,111,copas,0.2,0.2836367954821039,0.2314642022083778,0.3358093887558299,True
copas,strong,111,ubcma,0.2,0.2417261744873598,0.1509790214491157,0.3211243919233613,True
copas,strong,111,henmi_copas,0.2,0.2965103681733884,0.2364753783880439,0.3565453579587329,True
copas,strong,111,adaptshrink_ens,0.2,0.2455256109075549,0.0002698035082704,0.4907814183068394,True
copas,strong,111,adaptshrink_solo,0.2,0.2870651746609537,0.156413672322957,0.4177166769989504,True
copas,strong,112,reml_hksj,0.2,0.3162195343716832,0.2586609495129754,0.3737781192303911,True
copas,strong,112,trim_and_fill,0.2,0.1692186645673305,0.1386839304119776,0.1997533987226833,True
copas,strong,112,pet_peese,0.2,0.2572200401391684,0.2027188991126503,0.3117211811656866,True
copas,strong,112,copas,0.2,0.3155957990679507,0.2607992835603998,0.3703923145755017,True
copas,strong,112,ubcma,0.2,0.2715555127805418,0.1528524962516791,0.3796014248194383,True
copas,strong,112,henmi_copas,0.2,0.3010892913457046,0.2394985491629819,0.3626800335284274,True
copas,strong,112,adaptshrink_ens,0.2,0.2531131822828182,0.1085988289604848,0.3976275356051517,True
copas,strong,112,adaptshrink_solo,0.2,0.2452287936329448,0.0757207872661196,0.4147367999997701,True
copas,strong,113,reml_hksj,0.2,0.3039970806592589,0.2436094869413729,0.3643846743771449,True
copas,strong,113,trim_and_fill,0.2,0.0813967663734046,0.0534578630845944,0.1093356696622148,True
copas,strong,113,pet_peese,0.2,0.2716241208020525,0.2176079965523976,0.3256402450517074,True
copas,strong,113,copas,0.2,0.3036374413109412,0.2460030688805035,0.3612718137413789,True
copas,strong,113,ubcma,0.2,0.2034340927668867,0.1091510811607866,0.3241292315871896,True
copas,strong,113,henmi_copas,0.2,0.2982177245443235,0.2292519606337204,0.3671834884549267,True
copas,strong,113,adaptshrink_ens,0.2,0.2111825258307927,-0.0662789955413509,0.4886440472029364,True
copas,strong,113,adaptshrink_solo,0.2,0.3036056755428278,0.1865125453732293,0.4206988057124264,True
copas,strong,114,reml_hksj,0.2,0.3047208672326217,0.2460764560915053,0.3633652783737382,True
copas,strong,114,trim_and_fill,0.2,0.1704354605297711,0.1349861595083188,0.2058847615512234,True
copas,strong,114,pet_peese,0.2,0.2572623954066512,0.1914293824110354,0.3230954084022669,True
copas,strong,114,copas,0.2,0.3039080000858034,0.2489654038668222,0.3588505963047844,True
copas,strong,114,ubcma,0.2,0.2834503127477063,0.1778590541549994,0.3708312761371439,True
copas,strong,114,henmi_copas,0.2,0.2970325051382551,0.2490535907965058,0.3450114194800043,True
copas,strong,114,adaptshrink_ens,0.2,0.2553032836960192,0.0875507590180796,0.4230558083739587,True
copas,strong,114,adaptshrink_solo,0.2,0.2616590251701084,0.045090515653424,0.4782275346867928,True
copas,strong,115,reml_hksj,0.2,0.2774203387857841,0.2108994649949196,0.3439412125766486,True
copas,strong,115,trim_and_fill,0.2,0.0850255718137953,0.0573260597713117,0.1127250838562789,True
copas,strong,115,pet_peese,0.2,0.2302685386964906,0.1821198588561517,0.2784172185368296,True
copas,strong,115,copas,0.2,0.2770649888456897,0.213625044029443,0.3405049336619365,True
copas,strong,115,ubcma,0.2,0.1675780749713217,0.0417333030707899,0.2983091599354111,True
copas,strong,115,henmi_copas,0.2,0.2614703784724927,0.1803105584254075,0.3426301985195779,True
copas,strong,115,adaptshrink_ens,0.2,0.1710302960149236,-0.0948876658374734,0.4369482578673207,True
copas,strong,115,adaptshrink_solo,0.2,0.2702312491337111,0.0895086032396608,0.4509538950277615,True
copas,strong,116,reml_hksj,0.2,0.2890374077273545,0.2343604505589125,0.3437143648957964,True
copas,strong,116,trim_and_fill,0.2,0.111931102149252,0.0827770985077701,0.141085105790734,True
copas,strong,116,pet_peese,0.2,0.2873318744593449,0.2321724509302458,0.3424912979884439,True
copas,strong,116,copas,0.2,0.2889894481418831,0.2375328946002908,0.3404460016834755,True
copas,strong,116,ubcma,0.2,0.2432148961388974,0.1706799680210482,0.3528178410340287,True
copas,strong,116,henmi_copas,0.2,0.2914877652865421,0.234097506398645,0.3488780241744391,True
copas,strong,116,adaptshrink_ens,0.2,0.2529142646968012,0.0356691245931918,0.4701594048004106,True
copas,strong,116,adaptshrink_solo,0.2,0.2889759592557434,0.2326181266194616,0.3453337918920252,True
copas,strong,117,reml_hksj,0.2,0.3039118593670246,0.2509706461553322,0.356853072578717,True
copas,strong,117,trim_and_fill,0.2,0.1501816366947329,0.124061389665373,0.1763018837240928,True
copas,strong,117,pet_peese,0.2,0.2613111333216065,0.2153934390305667,0.3072288276126464,True
copas,strong,117,copas,0.2,0.3032870289939806,0.2533519022362261,0.353222155751735,True
copas,strong,117,ubcma,0.2,0.2241549754145518,0.1630054144726128,0.2839447129026047,True
copas,strong,117,henmi_copas,0.2,0.2889084641411814,0.2349415553593075,0.3428753729230552,True
copas,strong,117,adaptshrink_ens,0.2,0.2276856614988428,0.0697697681934747,0.385601554804211,True
copas,strong,117,adaptshrink_solo,0.2,0.2442230962823017,0.1396841342521669,0.3487620583124366,True
copas,strong,118,reml_hksj,0.2,0.2881184942221295,0.2340424181118839,0.3421945703323751,True
copas,strong,118,trim_and_fill,0.2,0.1490206207618328,0.1180562522333023,0.1799849892903632,True
copas,strong,118,pet_peese,0.2,0.2728962728208673,0.2134528969692898,0.3323396486724448,True
copas,strong,118,copas,0.2,0.2880198496529864,0.2392973965142373,0.3367423027917355,True
copas,strong,118,ubcma,0.2,0.2439853525809406,0.166105060772714,0.3216663346212637,True
copas,strong,118,henmi_copas,0.2,0.2882431159540651,0.2323284968203503,0.3441577350877798,True
copas,strong,118,adaptshrink_ens,0.2,0.2487249263074291,0.0752661522419272,0.4221837003729312,True
copas,strong,118,adaptshrink_solo,0.2,0.2882798940121628,0.2363293052352755,0.3402304827890501,True
copas,strong,119,reml_hksj,0.2,0.3042146758264689,0.2556544502908168,0.3527749013621211,True
copas,strong,119,trim_and_fill,0.2,0.1831306955899388,0.157710405333657,0.2085509858462207,True
copas,strong,119,pet_peese,0.2,0.2574466300753557,0.2136345626738253,0.3012586974768859,True
copas,strong,119,copas,0.2,0.3036052197516248,0.2575296095701037,0.349680829933146,True
copas,strong,119,ubcma,0.2,0.2001167294048934,0.1434231083376007,0.2568103504721862,True
copas,strong,119,henmi_copas,0.2,0.2907513600838375,0.2375468329138908,0.3439558872537842,True
copas,strong,119,adaptshrink_ens,0.2,0.1940738484559258,0.0952551669881398,0.2928925299237118,True
copas,strong,119,adaptshrink_solo,0.2,0.2438474305095912,0.0676507090590018,0.4200441519601806,True
