cell,strength,rep,method,true_m1,true_m2,m1,m2,converged,area_raw,v00,v01,v11,k_eff
k10_thr,none,0,reitsma,1.7346010553881064,1.7346010553881064,1.463383438954265,1.5908557846590052,True,0.5493918060637335,0.020841486093148863,0.0002746725946300305,0.040879765755483174,10
k10_thr,none,0,reitsma_indep,1.7346010553881064,1.7346010553881064,1.464345116423492,1.5907004398188127,True,0.549540066099407,0.02083877629390272,0.0,0.040903528889408375,10
k10_thr,none,0,sep_univariate,1.7346010553881064,1.7346010553881064,1.486930396598122,1.5913760540348223,True,0.5931511074095593,0.0238305909729954,0.0,0.041670637592606315,10
k10_thr,none,0,adaptshrink_dta,1.7346010553881064,1.7346010553881064,1.4641639204694734,1.590718244547115,True,0.549427200759995,0.020842386604930662,5.951223055810666e-05,0.040879816504987836,10
k10_thr,none,1,reitsma,1.7346010553881064,1.7346010553881064,2.2141517581537773,1.3480915889082854,True,0.7026456985295733,0.04610974230245734,-0.01494178837479143,0.03506324712675921,10
k10_thr,none,1,reitsma_indep,1.7346010553881064,1.7346010553881064,2.132863026738072,1.3400880851235455,True,0.6883385359945489,0.03678002644062035,0.0,0.036360211221980264,10
k10_thr,none,1,sep_univariate,1.7346010553881064,1.7346010553881064,2.1409012437604193,1.3354150401849738,True,0.6807133388253754,0.03936997867687934,0.0,0.03321984555852234,10
k10_thr,none,1,adaptshrink_dta,1.7346010553881064,1.7346010553881064,2.1800652289745823,1.341852887106155,True,0.7758724372126281,0.048468445391149424,-0.003207457144530054,0.035267729751282055,10
k10_thr,none,2,reitsma,1.7346010553881064,1.7346010553881064,1.5817015492856352,1.4552788615735113,True,0.4374473686686357,0.06453055560390326,-0.020333465739094378,0.014776943712266193,10
k10_thr,none,2,reitsma_indep,1.7346010553881064,1.7346010553881064,1.6332833217487401,1.478054839598501,True,0.6105625215074711,0.06556987879621727,0.0,0.016046863949328707,10
k10_thr,none,2,sep_univariate,1.7346010553881064,1.7346010553881064,1.6628108705228364,1.4882658769416335,True,0.7761269175926422,0.08904164904335246,0.0,0.01909442409473859,10
k10_thr,none,2,adaptshrink_dta,1.7346010553881064,1.7346010553881064,1.6306790163156115,1.474795394974573,True,0.5903036517642232,0.0658886001855083,-0.004375155639258987,0.015217602712244776,10
k10_thr,none,3,reitsma,1.7346010553881064,1.7346010553881064,1.5418454722797543,2.034764997300066,True,0.25341900074418383,0.01413948463002535,-0.0012589170951442107,0.01293182302388699,10
k10_thr,none,3,reitsma_indep,1.7346010553881064,1.7346010553881064,1.537119619852988,2.03875353915884,True,0.2507543831690529,0.013768471630430776,0.0,0.012889782798575576,10
k10_thr,none,3,sep_univariate,1.7346010553881064,1.7346010553881064,1.5371196198529857,2.0610601541922233,True,0.30060661929193055,0.013768471630430454,0.0,0.01852446233968623,10
k10_thr,none,3,adaptshrink_dta,1.7346010553881064,1.7346010553881064,1.5399525966019452,2.0385825357515808,True,0.2554205357290895,0.014214222614558032,-0.0001255044256081548,0.012955671429134296,10
k10_thr,none,4,reitsma,1.7346010553881064,1.7346010553881064,1.4994413692924242,1.7858095943775891,True,0.45427621842414684,0.06036908835188337,-0.011759882429464484,0.011939318696212373,10
k10_thr,none,4,reitsma_indep,1.7346010553881064,1.7346010553881064,1.46311204211768,1.8373183613039235,True,0.5211373453606644,0.04800833983315851,0.0,0.015966950234883516,10
k10_thr,none,4,sep_univariate,1.7346010553881064,1.7346010553881064,1.5050937738923906,1.8707777958915524,True,0.6868243998511039,0.062242156538548206,0.0,0.02139149148785966,10
k10_thr,none,4,adaptshrink_dta,1.7346010553881064,1.7346010553881064,1.5113044116378036,1.812191186150915,True,0.5274194863523087,0.06188330750772184,-0.0024797552639892833,0.012786780883891746,10
k10_thr,none,5,reitsma,1.7346010553881064,1.7346010553881064,1.6048694318228791,2.1380865617167926,True,0.5008541700153704,0.02800353108870769,0.008173958015664541,0.02766979839431996,10
k10_thr,none,5,reitsma_indep,1.7346010553881064,1.7346010553881064,1.5859181667196276,2.1533860922510857,True,0.48037087341441337,0.022832039888661233,0.0,0.028526131892507,10
k10_thr,none,5,sep_univariate,1.7346010553881064,1.7346010553881064,1.6148747780813333,2.166349087711805,True,0.6396014542315813,0.03456280111979979,0.0,0.03340751865598883,10
k10_thr,none,5,adaptshrink_dta,1.7346010553881064,1.7346010553881064,1.603311077689282,2.149858491456074,True,0.530594841303012,0.028563211510893083,0.0017543631371064357,0.027927507141949904,10
k10_thr,none,6,reitsma,1.7346010553881064,1.7346010553881064,1.2293550945845149,2.1258382463811474,True,0.785814570092672,0.037462006082233865,0.003277928100120807,0.04681149851967701,10
k10_thr,none,6,reitsma_indep,1.7346010553881064,1.7346010553881064,1.228816109554075,2.1213863196833174,True,0.786476998278796,0.03754158757149083,0.0,0.04650436126562577,10
k10_thr,none,6,sep_univariate,1.7346010553881064,1.7346010553881064,1.244001596306721,2.1324173444930934,True,0.9290482198367443,0.042388086680999575,0.0,0.05747340984283008,10
k10_thr,none,6,adaptshrink_dta,1.7346010553881064,1.7346010553881064,1.2291538496310503,2.1237486178822924,True,0.7879562688379397,0.03748280595745787,0.0015295432223332056,0.04681508366071437,10
k10_thr,none,7,reitsma,1.7346010553881064,1.7346010553881064,1.4296054757739594,1.855255197521112,True,0.8727471736521986,0.04882245063290996,-0.019701397496175513,0.0519844852015749,10
k10_thr,none,7,reitsma_indep,1.7346010553881064,1.7346010553881064,1.4053231276156826,1.8643578656760282,True,0.9195293767690437,0.0443418854990878,0.0,0.0538209460855938,10
k10_thr,none,7,sep_univariate,1.7346010553881064,1.7346010553881064,1.428991084673766,1.861987281636546,True,0.992251511396328,0.05298329811386719,0.0,0.052449193711973735,10
k10_thr,none,7,adaptshrink_dta,1.7346010553881064,1.7346010553881064,1.4321415946951224,1.8637038156239714,True,0.944327809388649,0.04970673480045111,-0.009164616268089561,0.05232632067522331,10
k10_thr,none,8,reitsma,1.7346010553881064,1.7346010553881064,1.693854214340153,2.03325021598782,True,0.4735536191357247,0.04985238101607994,-0.013640078199940397,0.016428630997683033,10
k10_thr,none,8,reitsma_indep,1.7346010553881064,1.7346010553881064,1.6803351348938,2.0269616702179647,True,0.5701883936427857,0.05555403286953551,0.0,0.016517922389821475,10
k10_thr,none,8,sep_univariate,1.7346010553881064,1.7346010553881064,1.7002883589133375,2.028289560028618,True,0.6453449846161557,0.06186416659541111,0.0,0.01900111028623826,10
k10_thr,none,8,adaptshrink_dta,1.7346010553881064,1.7346010553881064,1.678741086895362,2.027921326705429,True,0.5503954428337654,0.05178236354833849,-0.0029359550065397497,0.016678553042509175,10
k10_thr,none,9,reitsma,1.7346010553881064,1.7346010553881064,1.7031016711555478,1.5860272728915434,True,0.9026515541804051,0.03268239180480213,-0.004940140924808131,0.07111238206215238,10
k10_thr,none,9,reitsma_indep,1.7346010553881064,1.7346010553881064,1.683309142304526,1.5866547687573214,True,0.9239209448556304,0.03386838103717963,0.0,0.0711392782521677,10
k10_thr,none,9,sep_univariate,1.7346010553881064,1.7346010553881064,1.6982742318251847,1.5853278189079503,True,1.0556777498490892,0.03733715773778891,0.0,0.0842472529528977,10
k10_thr,none,9,adaptshrink_dta,1.7346010553881064,1.7346010553881064,1.6813906223253285,1.5865722526179336,True,0.909343370739353,0.032824509070367894,-0.0005762302666990633,0.07111375623666409,10
k10_thr,none,10,reitsma,1.7346010553881064,1.7346010553881064,1.7602800925638629,1.7605380363259888,True,0.8087458718667371,0.027911091814721394,-0.016679722399810845,0.07611048501006672,10
k10_thr,none,10,reitsma_indep,1.7346010553881064,1.7346010553881064,1.7708298822651365,1.7576133438895853,True,0.8727620634259899,0.02813503288516866,0.0,0.07641499000207215,10
k10_thr,none,10,sep_univariate,1.7346010553881064,1.7346010553881064,1.775854701477514,1.7268652637026187,True,0.8040094916728349,0.030293634869947527,0.0,0.06022894168339992,10
k10_thr,none,10,adaptshrink_dta,1.7346010553881064,1.7346010553881064,1.7692477374839575,1.7628032917232626,True,0.8619739885796872,0.028260248475444807,-0.007772573194588165,0.07634503086767323,10
k10_thr,none,11,reitsma,1.7346010553881064,1.7346010553881064,1.6119618215272584,1.3599327035634696,True,0.7243767715245125,0.04603338971074832,-0.018154126008680934,0.03933232811319583,10
k10_thr,none,11,reitsma_indep,1.7346010553881064,1.7346010553881064,1.607893789830051,1.3522261788952228,True,0.7867731624060789,0.04551922490941093,0.0,0.038382961742669044,10
k10_thr,none,11,sep_univariate,1.7346010553881064,1.7346010553881064,1.6234138089814534,1.3617332255400276,True,0.969853438466493,0.055221873192376855,0.0,0.04807677775648204,10
k10_thr,none,11,adaptshrink_dta,1.7346010553881064,1.7346010553881064,1.6151409351608272,1.3579791947281867,True,0.7912217853682479,0.04661024411215963,-0.008455075113805633,0.039443360435090405,10
k10_thr,none,12,reitsma,1.7346010553881064,1.7346010553881064,1.600408759403496,1.588270303523328,True,0.39579978145209516,0.026027290857459737,-0.005464184295161874,0.018135707449042568,10
k10_thr,none,12,reitsma_indep,1.7346010553881064,1.7346010553881064,1.6066153410277024,1.5693549046791047,True,0.3963153896268713,0.026009369674475463,0.0,0.017044580375981108,10
k10_thr,none,12,sep_univariate,1.7346010553881064,1.7346010553881064,1.608643405766002,1.5797908643932999,True,0.4715868947309412,0.03134080688412053,0.0,0.020028459605764184,10
k10_thr,none,12,adaptshrink_dta,1.7346010553881064,1.7346010553881064,1.6038660068284718,1.581138248320451,True,0.40766257655351046,0.02613034073907177,-0.0025463965755132593,0.018199238314698378,10
k10_thr,none,13,reitsma,1.7346010553881064,1.7346010553881064,1.2746736419113285,1.7312512116929157,True,0.9983868087890477,0.04619578438883771,-0.013730211660453002,0.06498258839119521,10
k10_thr,none,13,reitsma_indep,1.7346010553881064,1.7346010553881064,1.288148455082241,1.7298708396182358,True,1.0336454378795041,0.04561950326325556,0.0,0.0661038720589509,10
k10_thr,none,13,sep_univariate,1.7346010553881064,1.7346010553881064,1.2954436663854048,1.717151477003553,True,1.0611728310337416,0.051989824828830314,0.0,0.06113475236877355,10
k10_thr,none,13,adaptshrink_dta,1.7346010553881064,1.7346010553881064,1.283680816533501,1.7319332569167154,True,1.0267928240748012,0.046279372806834876,-0.006402822850220087,0.0651860594438521,10
k10_thr,none,14,reitsma,1.7346010553881064,1.7346010553881064,1.715697494631906,1.4563576159253095,True,0.42712221072560014,0.03460657449585102,-0.0020104561611472426,0.014996009857086101,10
k10_thr,none,14,reitsma_indep,1.7346010553881064,1.7346010553881064,1.7050084693351082,1.4547573340341018,True,0.43191097208940665,0.03494869580515262,0.0,0.01506578505253478,10
k10_thr,none,14,sep_univariate,1.7346010553881064,1.7346010553881064,1.7135998179631557,1.4514224064293242,True,0.4855666343395614,0.03831133120789327,0.0,0.017370195139106207,10
k10_thr,none,14,adaptshrink_dta,1.7346010553881064,1.7346010553881064,1.7097265541302789,1.4555026369262343,True,0.42867974017128885,0.034636807269364175,-0.0009379947452143364,0.015000246560525272,10
k10_thr,none,15,reitsma,1.7346010553881064,1.7346010553881064,1.6281302971121292,1.4295398725028037,True,0.6782988403358904,0.048910743721792944,-0.04123308259486956,0.06131107226450947,10
k10_thr,none,15,reitsma_indep,1.7346010553881064,1.7346010553881064,1.599228453395014,1.370144824085255,True,1.0092141186574521,0.054897383689337276,0.0,0.05236598232509902,10
k10_thr,none,15,sep_univariate,1.7346010553881064,1.7346010553881064,1.6079946701442596,1.3605122528055313,True,1.0696074697429359,0.07256972265447116,0.0,0.04449668508024522,10
k10_thr,none,15,adaptshrink_dta,1.7346010553881064,1.7346010553881064,1.6025453411120998,1.391132548607487,True,1.0476371563429498,0.05100548219313413,-0.008880927684234952,0.06228134387526664,10
k10_thr,none,16,reitsma,1.7346010553881064,1.7346010553881064,1.430324859488026,2.017005823037821,True,0.7271605480774379,0.03076394836362244,0.016209435207921622,0.057053109926101686,10
k10_thr,none,16,reitsma_indep,1.7346010553881064,1.7346010553881064,1.3562996636223885,2.017133171273431,True,0.7126948594467625,0.024894510731130196,0.0,0.05758878611466235,10
k10_thr,none,16,sep_univariate,1.7346010553881064,1.7346010553881064,1.411893335893394,2.0132535640226585,True,0.8438275812135207,0.03583807263716329,0.0,0.05607858601999287,10
k10_thr,none,16,adaptshrink_dta,1.7346010553881064,1.7346010553881064,1.4060053391950207,2.020627588378985,True,0.8072492004963474,0.03216844931417244,0.0034531733477236965,0.05754742611898179,10
k10_thr,none,17,reitsma,1.7346010553881064,1.7346010553881064,1.616285428689403,1.9838558386076564,True,0.7088589715129083,0.030291960076639486,-0.02239503710817915,0.06337627063027637,10
k10_thr,none,17,reitsma_indep,1.7346010553881064,1.7346010553881064,1.6206732469953768,2.0075948587017365,True,0.8537261908119239,0.031186625331705003,0.0,0.06596340933359274,10
k10_thr,none,17,sep_univariate,1.7346010553881064,1.7346010553881064,1.6274034548355232,2.01686744082209,True,0.9158910399655333,0.03257749009676093,0.0,0.0726782173318294,10
k10_thr,none,17,adaptshrink_dta,1.7346010553881064,1.7346010553881064,1.6321601710028957,2.0043269516271454,True,0.8505012473799524,0.03224203260322041,-0.0048219872198443205,0.06404419791646958,10
k10_thr,none,18,reitsma,1.7346010553881064,1.7346010553881064,1.6121327238588063,1.8614926263023899,True,0.4363623099018611,0.024611280295045047,-0.02197441281504106,0.041457138868099104,10
k10_thr,none,18,reitsma_indep,1.7346010553881064,1.7346010553881064,1.539044193396834,1.8891423475147826,True,0.4636384355398883,0.01338570763720424,0.0,0.04532645929539388,10
k10_thr,none,18,sep_univariate,1.7346010553881064,1.7346010553881064,1.5932801937377714,1.871399047035551,True,0.5585861701635663,0.02361131377558031,0.0,0.037298766722742294,10
k10_thr,none,18,adaptshrink_dta,1.7346010553881064,1.7346010553881064,1.6212773912279894,1.88468529432744,True,0.6425931878027512,0.02799644484867176,-0.004617993442210329,0.04239146677081996,10
k10_thr,none,19,reitsma,1.7346010553881064,1.7346010553881064,1.9711604370592437,1.627492299897111,True,0.7142953418789256,0.0510823637817193,-0.00590525618373142,0.028874210800997297,10
k10_thr,none,19,reitsma_indep,1.7346010553881064,1.7346010553881064,1.9850193195639267,1.6240801611630555,True,0.736957210037171,0.053047922336957015,0.0,0.028896845245541477,10
k10_thr,none,19,sep_univariate,1.7346010553881064,1.7346010553881064,1.9929169278832513,1.6253630769753529,True,0.7790276129263766,0.05795453408669375,0.0,0.029556469151761786,10
k10_thr,none,19,adaptshrink_dta,1.7346010553881064,1.7346010553881064,1.9772971311429068,1.625931770089371,True,0.7214854572998805,0.0511295865132779,-0.002755468282918268,0.028883890856027526,10
k10_thr,none,20,reitsma,1.7346010553881064,1.7346010553881064,1.8611727569272254,1.3106995450205556,True,0.5660027055592064,0.054022599256252024,-0.013266015060833093,0.0199953590452781,10
k10_thr,none,20,reitsma_indep,1.7346010553881064,1.7346010553881064,1.763773224627744,1.298340436329495,True,0.4806495133279716,0.03442320525304383,0.0,0.018942616824913765,10
k10_thr,none,20,sep_univariate,1.7346010553881064,1.7346010553881064,1.8388566502652652,1.306266350774533,True,0.6402458963911143,0.05501768246068879,0.0,0.0210293370446767,10
k10_thr,none,20,adaptshrink_dta,1.7346010553881064,1.7346010553881064,1.8514099033695066,1.3064987810269377,True,0.6307570138767962,0.05602897697686985,-0.002863872541747727,0.020188600947270905,10
k10_thr,none,21,reitsma,1.7346010553881064,1.7346010553881064,1.1121467810519012,1.8046197703358589,True,0.38847185887321095,0.03298272591368378,-0.01959794966563507,0.024559052684692908,10
k10_thr,none,21,reitsma_indep,1.7346010553881064,1.7346010553881064,1.13758762345516,1.8334807676677016,True,0.6304528817732336,0.0375269908695659,0.0,0.029894809739707106,10
k10_thr,none,21,sep_univariate,1.7346010553881064,1.7346010553881064,1.1527736549091423,1.8452431117126693,True,0.7773869066612537,0.048376940721401064,0.0,0.03525902585971696,10
k10_thr,none,21,adaptshrink_dta,1.7346010553881064,1.7346010553881064,1.1328721300485802,1.8236579003374382,True,0.5518139798295942,0.03434787609526764,-0.004166129506565174,0.025527189804253086,10
k10_thr,none,22,reitsma,1.7346010553881064,1.7346010553881064,1.8932973361389558,1.706859301667565,True,0.5300413420481549,0.028685138171244243,-0.005235936331195651,0.02859946310826295,10
k10_thr,none,22,reitsma_indep,1.7346010553881064,1.7346010553881064,1.8902555933937943,1.6964394616949499,True,0.512779001549142,0.027097652784833625,0.0,0.027388172722027034,10
k10_thr,none,22,sep_univariate,1.7346010553881064,1.7346010553881064,1.890255593393794,1.7050033887452452,True,0.5391366409189566,0.027097652784833604,0.0,0.030276125038171994,10
k10_thr,none,22,adaptshrink_dta,1.7346010553881064,1.7346010553881064,1.892024988910327,1.702155392713731,True,0.5410880748235066,0.028874977904935508,-0.0011320009504533566,0.028662988101777923,10
k10_thr,none,23,reitsma,1.7346010553881064,1.7346010553881064,1.9232150280711535,1.412316613199794,True,0.4701495425235608,0.09906578658076945,-0.015323373519249216,0.008667909799622092,10
k10_thr,none,23,reitsma_indep,1.7346010553881064,1.7346010553881064,1.936609658666976,1.3885201563310985,True,0.5641622338223611,0.1003408255818026,0.0,0.008952918218715529,10
k10_thr,none,23,sep_univariate,1.7346010553881064,1.7346010553881064,1.9442896237775529,1.3973389383640757,True,0.6196080452171917,0.10822321131399647,0.0,0.010012624899960682,10
k10_thr,none,23,adaptshrink_dta,1.7346010553881064,1.7346010553881064,1.9378450794576894,1.403310325926209,True,0.5902000968641826,0.10121528155988331,-0.0032146720451020124,0.009815846113413676,10
k10_thr,none,24,reitsma,1.7346010553881064,1.7346010553881064,1.9097290170737344,1.3374271726397462,True,0.6493341459539633,0.026238365413248938,-0.00834378591494531,0.048009238640360684,10
k10_thr,none,24,reitsma_indep,1.7346010553881064,1.7346010553881064,1.8436726941701234,1.3412998593095506,True,0.645381404272512,0.02437740980230759,0.0,0.048225818141640016,10
k10_thr,none,24,sep_univariate,1.7346010553881064,1.7346010553881064,1.8436726941701211,1.3402315399752294,True,0.6997266973508074,0.02437740980230741,0.0,0.056689626716359916,10
k10_thr,none,24,adaptshrink_dta,1.7346010553881064,1.7346010553881064,1.874529733495326,1.3404619610195474,True,0.6773753794119798,0.02704067218197032,-0.0018049768867147487,0.048013875199564515,10
k10_thr,none,25,reitsma,1.7346010553881064,1.7346010553881064,2.127608467231547,1.1739796149323882,True,0.7612883801373086,0.0510718927575943,-0.03032314219838543,0.05003343522082601,10
k10_thr,none,25,reitsma_indep,1.7346010553881064,1.7346010553881064,2.107510359493894,1.1487026923502817,True,0.8993044492354426,0.04829113782428399,0.0,0.0472694242749411,10
k10_thr,none,25,sep_univariate,1.7346010553881064,1.7346010553881064,2.1100078296008875,1.1565254276665293,True,1.00402979170209,0.052502637983031085,0.0,0.05419339277331944,10
k10_thr,none,25,adaptshrink_dta,1.7346010553881064,1.7346010553881064,2.1171263904096658,1.1598876171346393,True,0.9701951902940911,0.0534514853126245,-0.006519890420833477,0.050499439664655886,10
k10_thr,none,26,reitsma,1.7346010553881064,1.7346010553881064,1.7140251644376079,1.739909322639004,True,0.5990543019101967,0.046042424962738714,-0.026458485788059455,0.03720376705244013,10
k10_thr,none,26,reitsma_indep,1.7346010553881064,1.7346010553881064,1.5830668838223285,1.7190478759290608,True,0.6682409843330118,0.03270949656920744,0.0,0.0385324499713902,10
k10_thr,none,26,sep_univariate,1.7346010553881064,1.7346010553881064,1.6028804035234772,1.724489266846361,True,0.8215481328989792,0.04075188156364385,0.0,0.046746879692740946,10
k10_thr,none,26,adaptshrink_dta,1.7346010553881064,1.7346010553881064,1.6665463633022302,1.7276202308866666,True,0.7639391264395912,0.04812589645939411,-0.012339221356709246,0.037391033769418026,10
k10_thr,none,27,reitsma,1.7346010553881064,1.7346010553881064,1.8259904161494167,1.2621195429376653,True,0.8080551403939881,0.07541499548771752,-0.01849746765911097,0.0289745798008377,10
k10_thr,none,27,reitsma_indep,1.7346010553881064,1.7346010553881064,1.7961993043576039,1.2471973380675,True,0.8253452790987142,0.07270612687201497,0.0,0.026444453722014188,10
k10_thr,none,27,sep_univariate,1.7346010553881064,1.7346010553881064,1.8145804873911384,1.2541074505473384,True,0.9285940424589222,0.08150015102361947,0.0,0.0298626015446831,10
k10_thr,none,27,adaptshrink_dta,1.7346010553881064,1.7346010553881064,1.822097061108553,1.259546944272792,True,0.8733355523734535,0.07647710032653326,-0.008621382322152904,0.029121042019248238,10
k10_thr,none,28,reitsma,1.7346010553881064,1.7346010553881064,1.447502548956781,1.7128384379176993,True,0.5946989607955674,0.01673279069193472,-0.010267179602979395,0.0659567444398193,10
k10_thr,none,28,reitsma_indep,1.7346010553881064,1.7346010553881064,1.3957612913815147,1.7122353865078206,True,0.6056564771579905,0.01589091699142704,0.0,0.06515354342303545,10
k10_thr,none,28,sep_univariate,1.7346010553881064,1.7346010553881064,1.4411540486714542,1.7120585807620512,True,0.748823733498835,0.024502592285691974,0.0,0.06459240194988597,10
k10_thr,none,28,adaptshrink_dta,1.7346010553881064,1.7346010553881064,1.41551037015562,1.7129380562291137,True,0.6365278561659993,0.017406091018873866,-0.00222240521344207,0.06598413066263965,10
k10_thr,none,29,reitsma,1.7346010553881064,1.7346010553881064,1.4757516096611127,1.598876926351647,True,0.5346076377574256,0.036881727225497395,-0.01668032678687076,0.029416177184050447,10
k10_thr,none,29,reitsma_indep,1.7346010553881064,1.7346010553881064,1.579928963348758,1.618999590096143,True,0.7233322234563163,0.047071735894536504,0.0,0.03137253973837777,10
k10_thr,none,29,sep_univariate,1.7346010553881064,1.7346010553881064,1.603627421932532,1.631803398035626,True,0.8421455765599406,0.05500714320291123,0.0,0.036390625467985604,10
k10_thr,none,29,adaptshrink_dta,1.7346010553881064,1.7346010553881064,1.543083045717959,1.615048552886992,True,0.6392001817396854,0.03905692487573714,-0.0035620329777133314,0.029851227274036735,10
k10_thr,none,30,reitsma,1.7346010553881064,1.7346010553881064,1.7540278927693655,1.51866074233842,True,0.5369646724354761,0.03419544781013976,-0.012309400896787729,0.028229966861482752,10
k10_thr,none,30,reitsma_indep,1.7346010553881064,1.7346010553881064,1.7284611039142517,1.5178611856838342,True,0.5423804961119782,0.03172474291470487,0.0,0.026172444257762096,10
k10_thr,none,30,sep_univariate,1.7346010553881064,1.7346010553881064,1.7478400726834626,1.5198036503143024,True,0.5872331254482116,0.03604017692720438,0.0,0.027006508730559868,10
k10_thr,none,30,adaptshrink_dta,1.7346010553881064,1.7346010553881064,1.758838314829855,1.5244039624054917,True,0.5882106429916975,0.03549430232467934,-0.005699802605839738,0.02842851215745993,10
k10_thr,none,31,reitsma,1.7346010553881064,1.7346010553881064,1.987069121246329,1.700358554254016,True,0.6369396146178355,0.06473710234037781,-0.019830399450393405,0.02376243909467317,10
k10_thr,none,31,reitsma_indep,1.7346010553881064,1.7346010553881064,2.000018950154135,1.6743781869421859,True,0.6915642323626822,0.06595767105142734,0.0,0.020466048621092133,10
k10_thr,none,31,sep_univariate,1.7346010553881064,1.7346010553881064,2.0090859747017054,1.6781627284700444,True,0.7365381744035824,0.07123143136714415,0.0,0.02149577549335428,10
k10_thr,none,31,adaptshrink_dta,1.7346010553881064,1.7346010553881064,2.0060981612525355,1.6997560557448992,True,0.7333285834544844,0.06609365177424753,-0.00917914752558802,0.02424008852303997,10
k10_thr,none,32,reitsma,1.7346010553881064,1.7346010553881064,1.5443225236865186,1.6261383330292263,True,0.3928795737122963,0.027345737780664275,0.005757335497426572,0.017143893232857373,10
k10_thr,none,32,reitsma_indep,1.7346010553881064,1.7346010553881064,1.5393021455295552,1.637170957338639,True,0.41258577356913256,0.02944397888258998,0.0,0.016317975141552064,10
k10_thr,none,32,sep_univariate,1.7346010553881064,1.7346010553881064,1.555807919724706,1.643220059450739,True,0.5248531337263673,0.04268192084112888,0.0,0.018216540348574718,10
k10_thr,none,32,adaptshrink_dta,1.7346010553881064,1.7346010553881064,1.5405524650026283,1.6354700148884465,True,0.40891586597150154,0.02777531558313435,0.0026620972049679354,0.017247094718967067,10
k10_thr,none,33,reitsma,1.7346010553881064,1.7346010553881064,1.5843683931696189,1.9579676611866936,True,0.9504495281981766,0.09161484089246819,-0.048132708034177595,0.05311887157357726,10
k10_thr,none,33,reitsma_indep,1.7346010553881064,1.7346010553881064,1.3932633706083837,1.9586197799674407,True,1.1143948022160206,0.06262203768797675,0.0,0.05597385613895747,10
k10_thr,none,33,sep_univariate,1.7346010553881064,1.7346010553881064,1.41052761050258,1.955873948487924,True,1.0853165106686697,0.07349907772143371,0.0,0.045234021193649936,10
k10_thr,none,33,adaptshrink_dta,1.7346010553881064,1.7346010553881064,1.5117224470615829,1.9571529170401871,True,1.2918990351252184,0.09672446828345267,-0.02222088472783062,0.05380781656746359,10
k10_thr,none,34,reitsma,1.7346010553881064,1.7346010553881064,1.5711651842463155,1.6965722238345724,True,0.5385914674342406,0.037581817018366735,-0.01628105576083117,0.02883911500204982,10
k10_thr,none,34,reitsma_indep,1.7346010553881064,1.7346010553881064,1.5225768736467995,1.6919584865522885,True,0.6484187925472159,0.03890625089762134,0.0,0.030501842208605814,10
k10_thr,none,34,sep_univariate,1.7346010553881064,1.7346010553881064,1.53241728409283,1.6934035220216967,True,0.7511216130736061,0.04280241451293335,0.0,0.037203732736077966,10
k10_thr,none,34,adaptshrink_dta,1.7346010553881064,1.7346010553881064,1.5486060871648726,1.694815575824934,True,0.6116296016728693,0.038464033199083765,-0.007591488423830049,0.028949191498720363,10
k10_thr,none,35,reitsma,1.7346010553881064,1.7346010553881064,1.318265348203429,1.8699818626480578,True,0.5797301509334334,0.038408448871401886,-0.015713739122773605,0.031126692589949895,10
k10_thr,none,35,reitsma_indep,1.7346010553881064,1.7346010553881064,1.3094137130667085,1.8694948428302858,True,0.6614606128805103,0.04344683467382119,0.0,0.028423928594243583,10
k10_thr,none,35,sep_univariate,1.7346010553881064,1.7346010553881064,1.3376367846407131,1.8712270532322957,True,0.7871298490144423,0.05704456643901584,0.0,0.030655806542260293,10
k10_thr,none,35,adaptshrink_dta,1.7346010553881064,1.7346010553881064,1.3117545175362824,1.8727861347991752,True,0.6414500144175378,0.03895305965820932,-0.007329656655035268,0.031193063388741813,10
k10_thr,none,36,reitsma,1.7346010553881064,1.7346010553881064,1.8133190697764414,1.6614415148783783,True,0.5092505202272204,0.04290109046551595,-0.02071857502921894,0.027067750317514364,10
k10_thr,none,36,reitsma_indep,1.7346010553881064,1.7346010553881064,1.8282497010773637,1.6552246148665726,True,0.6352567105649161,0.0446145063319926,0.0,0.02553034584662532,10
k10_thr,none,36,sep_univariate,1.7346010553881064,1.7346010553881064,1.8385735868571305,1.662639425484056,True,0.7106019499318911,0.04898499679229207,0.0,0.029095375919255498,10
k10_thr,none,36,adaptshrink_dta,1.7346010553881064,1.7346010553881064,1.8310554554750087,1.662651471534216,True,0.6523603420431989,0.04454222414786638,-0.004461845295664688,0.027414248424504083,10
k10_thr,none,37,reitsma,1.7346010553881064,1.7346010553881064,1.712979593340915,1.478185683326929,True,0.22245904070308517,0.016696889301438193,-0.0006491440514196435,0.008390870729465346,10
k10_thr,none,37,reitsma_indep,1.7346010553881064,1.7346010553881064,1.7145453315636872,1.4750247490264452,True,0.216970671703357,0.016512626823902768,0.0,0.008046743682357109,10
k10_thr,none,37,sep_univariate,1.7346010553881064,1.7346010553881064,1.7145453315636865,1.492489439728572,True,0.2505755987146689,0.016512626823902667,0.0,0.010732370433531521,10
k10_thr,none,37,adaptshrink_dta,1.7346010553881064,1.7346010553881064,1.7142859340496512,1.4776272645124986,True,0.22290690557393014,0.016708334892755753,-0.00014058631292719555,0.00839478044958307,10
k10_thr,none,38,reitsma,1.7346010553881064,1.7346010553881064,1.6301555001303323,1.7278134884028946,True,0.7140605894529616,0.01871127984151545,-0.004960106914167801,0.07822806078622849,10
k10_thr,none,38,reitsma_indep,1.7346010553881064,1.7346010553881064,1.6212938964515746,1.7304751903979612,True,0.7130008651192309,0.01834657567967311,0.0,0.07820947378474215,10
k10_thr,none,38,sep_univariate,1.7346010553881064,1.7346010553881064,1.6212938964515737,1.7278043683222066,True,0.6821553916405456,0.018346575679672916,0.0,0.0715889318250261,10
k10_thr,none,38,adaptshrink_dta,1.7346010553881064,1.7346010553881064,1.6257225566451157,1.7300028342021707,True,0.7223094551777038,0.01883713435609736,-0.0010741097619507472,0.07823591211931605,10
k10_thr,none,39,reitsma,1.7346010553881064,1.7346010553881064,1.7138961097535224,1.6801782452697365,True,0.6209434988236197,0.020210637313090023,-0.0003509874740356559,0.05385271291203276,10
k10_thr,none,39,reitsma_indep,1.7346010553881064,1.7346010553881064,1.7149094676315646,1.6800397953179094,True,0.6209331477499311,0.020207883019091055,0.0,0.05385216121742539,10
k10_thr,none,39,sep_univariate,1.7346010553881064,1.7346010553881064,1.7149094676315637,1.6702738666330412,True,0.5943678998300727,0.020207883019090683,0.0,0.0493428397883693,10
k10_thr,none,39,adaptshrink_dta,1.7346010553881064,1.7346010553881064,1.7146942444890645,1.680072617170818,True,0.6209907820226623,0.020211462139577235,-7.604661837382255e-05,0.053852906686695685,10
k10_thr,none,40,reitsma,1.7346010553881064,1.7346010553881064,1.3926777307193392,1.7843965414535445,True,1.2002177595030998,0.06117295555270343,-0.01898124463349551,0.07235494518961871,10
k10_thr,none,40,reitsma_indep,1.7346010553881064,1.7346010553881064,1.3698510482327748,1.7993524355426067,True,1.2957632057702193,0.06119536311077801,0.0,0.07744030203530694,10
k10_thr,none,40,sep_univariate,1.7346010553881064,1.7346010553881064,1.3960463928329774,1.768550826425622,True,1.3132598551220083,0.0927485102702051,0.0,0.052484209621006916,10
k10_thr,none,40,adaptshrink_dta,1.7346010553881064,1.7346010553881064,1.3818000599068405,1.7914891263436503,True,1.244615426602327,0.06140769355249193,-0.008850164877931228,0.07247580122440153,10
k10_thr,none,41,reitsma,1.7346010553881064,1.7346010553881064,1.668635641759141,1.9285303459087833,True,0.4601360748954848,0.02272994632927631,-0.0022150027619208643,0.02650692886528866,10
k10_thr,none,41,reitsma_indep,1.7346010553881064,1.7346010553881064,1.6673919601447742,1.9202660454797564,True,0.4589911491424538,0.022809352758480818,0.0,0.026069333447478128,10
k10_thr,none,41,sep_univariate,1.7346010553881064,1.7346010553881064,1.6640989129513415,1.9321395870282407,True,0.5717095557496519,0.027144952406389342,0.0,0.033985689464518506,10
k10_thr,none,41,adaptshrink_dta,1.7346010553881064,1.7346010553881064,1.6679822203724475,1.9246341269119993,True,0.4617898770522425,0.02274046744484001,-0.0010334741746047382,0.026515124406360738,10
k10_thr,none,42,reitsma,1.7346010553881064,1.7346010553881064,1.3728344293915309,1.9581098112493356,True,0.42578363185889634,0.024536795687989714,0.0017639140620116188,0.02098104408582205,10
k10_thr,none,42,reitsma_indep,1.7346010553881064,1.7346010553881064,1.382119475496038,1.9559448658525738,True,0.42863614529223587,0.025006284309573724,0.0,0.020737800095065914,10
k10_thr,none,42,sep_univariate,1.7346010553881064,1.7346010553881064,1.382193413262168,1.966354890853428,True,0.4682681057625925,0.025022053680339277,0.0,0.024734348326658363,10
k10_thr,none,42,adaptshrink_dta,1.7346010553881064,1.7346010553881064,1.3769345391989305,1.9574574240347133,True,0.42708560787244315,0.024561293147669545,0.0008228539264475578,0.02098861139631891,10
k10_thr,none,43,reitsma,1.7346010553881064,1.7346010553881064,1.7519062470547264,1.8225891658885547,True,0.5621975728259091,0.027952773674965757,-0.012332859516807583,0.03735574450643679,10
k10_thr,none,43,reitsma_indep,1.7346010553881064,1.7346010553881064,1.7168581344864715,1.826680578679743,True,0.5711712520899206,0.024956847328419705,0.0,0.036895825016262096,10
k10_thr,none,43,sep_univariate,1.7346010553881064,1.7346010553881064,1.7147772047230856,1.834428043151047,True,0.6106593418802245,0.024565038727362057,0.0,0.04284644800113746,10
k10_thr,none,43,adaptshrink_dta,1.7346010553881064,1.7346010553881064,1.7428459255390596,1.8278382881231712,True,0.618386508601496,0.02897929651775958,-0.0026597201183380394,0.03748897720962621,10
k10_thr,none,44,reitsma,1.7346010553881064,1.7346010553881064,2.0183521138152956,1.151779768611517,True,0.34679130798007374,0.0547424066267392,-0.007068456189517664,0.007113480764107438,10
k10_thr,none,44,reitsma_indep,1.7346010553881064,1.7346010553881064,2.026732699696057,1.1134380442454999,True,0.3019326363843049,0.04939238092111918,0.0,0.005209480584102386,10
k10_thr,none,44,sep_univariate,1.7346010553881064,1.7346010553881064,2.0334107309298455,1.113438044245498,True,0.31582949807686495,0.054043718531638564,0.0,0.00520948058410229,10
k10_thr,none,44,adaptshrink_dta,1.7346010553881064,1.7346010553881064,2.034511042450775,1.141022999099719,True,0.38089001652789484,0.055523266267265184,-0.0014993730668641917,0.007415428806247396,10
k10_thr,none,45,reitsma,1.7346010553881064,1.7346010553881064,1.5962646984459707,1.5363923282828937,True,0.4567727160813452,0.02350575579453733,0.0022746860933376993,0.025273160334221032,10
k10_thr,none,45,reitsma_indep,1.7346010553881064,1.7346010553881064,1.5897386578505908,1.5347243850745176,True,0.45423843276205517,0.02327794456538621,0.0,0.025018276663377217,10
k10_thr,none,45,sep_univariate,1.7346010553881064,1.7346010553881064,1.609115253082877,1.534296269962756,True,0.4983020492007823,0.028161046949062934,0.0,0.024886900795819265,10
k10_thr,none,45,adaptshrink_dta,1.7346010553881064,1.7346010553881064,1.5937080172274163,1.53609468456979,True,0.4587042931045839,0.02353721542377193,0.0010610958426993072,0.025279436107024652,10
k10_thr,none,46,reitsma,1.7346010553881064,1.7346010553881064,1.3368860807360228,1.5593012544227496,True,1.0907219058970874,0.07590725140309558,-0.02577930206979824,0.05299138660286359,10
k10_thr,none,46,reitsma_indep,1.7346010553881064,1.7346010553881064,1.2612455430156295,1.572753166104412,True,1.1181812204214931,0.06492142683623998,0.0,0.05435889239071659,10
k10_thr,none,46,sep_univariate,1.7346010553881064,1.7346010553881064,1.291731689303761,1.5727744990428218,True,1.2359848191709866,0.07929017058904657,0.0,0.05438024851412288,10
k10_thr,none,46,adaptshrink_dta,1.7346010553881064,1.7346010553881064,1.3171617498930401,1.5686726819537393,True,1.1846959025881865,0.07708342402559941,-0.01199445790357832,0.05325737763770794,10
k10_thr,none,47,reitsma,1.7346010553881064,1.7346010553881064,1.5150163815248299,1.750385366435626,True,0.748254625426996,0.0662052937695871,-0.030633367193108437,0.03804347903187942,10
k10_thr,none,47,reitsma_indep,1.7346010553881064,1.7346010553881064,1.4312678368267218,1.7091554854706792,True,0.9313392921827025,0.06247287168933774,0.0,0.03918850075004694,10
k10_thr,none,47,sep_univariate,1.7346010553881064,1.7346010553881064,1.4354511698871268,1.7034427584522631,True,0.912966124823463,0.06634526683163142,0.0,0.03545958503025224,10
k10_thr,none,47,adaptshrink_dta,1.7346010553881064,1.7346010553881064,1.4750375382330836,1.7277394486674509,True,0.9272679921746669,0.06799764814587861,-0.014254864720910056,0.038678714530772096,10
k10_thr,none,48,reitsma,1.7346010553881064,1.7346010553881064,1.5647231820327414,1.5310182580622176,True,0.5439395906286205,0.058759793875283274,-0.01259660231871222,0.01691239524649439,10
k10_thr,none,48,reitsma_indep,1.7346010553881064,1.7346010553881064,1.6084162578439236,1.5466131326758652,True,0.6049987731535938,0.06176396815900867,0.0,0.016726615142196952,10
k10_thr,none,48,sep_univariate,1.7346010553881064,1.7346010553881064,1.6113890538599729,1.5530008678270513,True,0.6287637928856713,0.06293114641631968,0.0,0.017731426400474242,10
k10_thr,none,48,adaptshrink_dta,1.7346010553881064,1.7346010553881064,1.5963210809564983,1.5488264516121828,True,0.5984265781825867,0.06008712920774841,-0.005743252050999287,0.017370833021481846,10
k10_thr,none,49,reitsma,1.7346010553881064,1.7346010553881064,1.2290245274339722,1.5179415256727011,True,0.5250070268648782,0.020243798775057865,-0.0074885253327282904,0.041200318933583564,10
k10_thr,none,49,reitsma_indep,1.7346010553881064,1.7346010553881064,1.2408694285719053,1.5177951607272029,True,0.5552700149870271,0.021410776379470475,0.0,0.04064529641262185,10
k10_thr,none,49,sep_univariate,1.7346010553881064,1.7346010553881064,1.2444504641323457,1.5346937707758102,True,0.6259037087361288,0.022364899304670626,0.0,0.04944044483869673,10
k10_thr,none,49,adaptshrink_dta,1.7346010553881064,1.7346010553881064,1.2364345548462206,1.5196664444929713,True,0.5467171245913193,0.02048802529331174,-0.001618895908166625,0.04130537656860779,10
k10_thr,none,50,reitsma,1.7346010553881064,1.7346010553881064,1.5467060285324603,1.5029071301246952,True,0.3059602399808,0.04980832890659815,-0.01115034619331793,0.007800891043987047,10
k10_thr,none,50,reitsma_indep,1.7346010553881064,1.7346010553881064,1.5429511910593396,1.4662988605148704,True,0.40258763786794516,0.04757369460228088,0.0,0.009615862766895194,10
k10_thr,none,50,sep_univariate,1.7346010553881064,1.7346010553881064,1.546317217619551,1.5156651577870992,True,0.5917371932581446,0.05564843646352253,0.0,0.01775983944100674,10
k10_thr,none,50,adaptshrink_dta,1.7346010553881064,1.7346010553881064,1.5445160293836158,1.4720283479568255,True,0.3992953662617487,0.05039655444796493,-0.0023503390608539663,0.009039006037013131,10
k10_thr,none,51,reitsma,1.7346010553881064,1.7346010553881064,1.4075982906937976,1.5237538473389334,True,0.5598031454114499,0.031044066906750184,0.0003322948080258103,0.028495779223160468,10
k10_thr,none,51,reitsma_indep,1.7346010553881064,1.7346010553881064,1.40735738341136,1.5243836067623076,True,0.55997437538072,0.031042749901939837,0.0,0.02851086468723694,10
k10_thr,none,51,sep_univariate,1.7346010553881064,1.7346010553881064,1.408982561870796,1.5321284436359153,True,0.6335676409369668,0.03476198509893551,0.0,0.03259234985647524,10
k10_thr,none,51,adaptshrink_dta,1.7346010553881064,1.7346010553881064,1.4074708091973216,1.5240745282153039,True,0.5598325368375487,0.031044187602963434,0.00015507057344605775,0.02849587810581518,10
k10_thr,none,52,reitsma,1.7346010553881064,1.7346010553881064,1.865758011762613,1.506744013101612,True,0.7152254868680427,0.042803176615035764,0.009319195857018249,0.035761160610571475,10
k10_thr,none,52,reitsma_indep,1.7346010553881064,1.7346010553881064,1.847645676554179,1.5032915577046992,True,0.7165009614178387,0.04127553817227323,0.0,0.03510549307944548,10
k10_thr,none,52,sep_univariate,1.7346010553881064,1.7346010553881064,1.864006213557366,1.5091507605805061,True,0.8092403314194015,0.04648216921422415,0.0,0.03976517683744163,10
k10_thr,none,52,adaptshrink_dta,1.7346010553881064,1.7346010553881064,1.8612923039185982,1.5060280313198784,True,0.7339412820835233,0.0430161247957368,0.00434272386543156,0.03578322992783425,10
k10_thr,none,53,reitsma,1.7346010553881064,1.7346010553881064,1.5158978671919099,1.8171746391766457,True,0.49106130912860907,0.04023805587615471,-0.011183227691102846,0.02002298876328147,10
k10_thr,none,53,reitsma_indep,1.7346010553881064,1.7346010553881064,1.3619009983429207,1.7913658646651127,True,0.35401237279876674,0.022263321041267357,0.0,0.01588843786445389,10
k10_thr,none,53,sep_univariate,1.7346010553881064,1.7346010553881064,1.487920538325013,1.799778834268577,True,0.5506447260208687,0.045835427873482486,0.0,0.018671359675607256,10
k10_thr,none,53,adaptshrink_dta,1.7346010553881064,1.7346010553881064,1.485259605772543,1.8077937358707858,True,0.5449172725426022,0.04171776119356335,-0.0024135180008781633,0.020229375311276852,10
k10_thr,none,54,reitsma,1.7346010553881064,1.7346010553881064,1.6471082216848663,2.3374365494459353,True,1.433942082006022,0.0636861755186004,-0.020396672740705,0.09766051129463142,10
k10_thr,none,54,reitsma_indep,1.7346010553881064,1.7346010553881064,1.6372244249442733,2.3365208699263347,True,1.4106630298068095,0.05757704641177012,0.0,0.09755093886504253,10
k10_thr,none,54,sep_univariate,1.7346010553881064,1.7346010553881064,1.676546528543936,2.3155118601216262,True,1.5309699823857386,0.07391415141375537,0.0,0.08950350088792913,10
k10_thr,none,54,adaptshrink_dta,1.7346010553881064,1.7346010553881064,1.6565576039384966,2.340307652900389,True,1.498687114934589,0.06445389548411498,-0.0023657878158118667,0.09844423727599115,10
k10_thr,none,55,reitsma,1.7346010553881064,1.7346010553881064,1.4980809412143237,1.6160520142801977,True,0.6239048268998323,0.029785443995912587,0.005158865395812081,0.03777997174792608,10
k10_thr,none,55,reitsma_indep,1.7346010553881064,1.7346010553881064,1.5016675656569805,1.615264710595446,True,0.6178574779708365,0.028854759016182202,0.0,0.037341643636048916,10
k10_thr,none,55,sep_univariate,1.7346010553881064,1.7346010553881064,1.5069232388620826,1.6180848323266117,True,0.6733547196821331,0.03208315162076308,0.0,0.039888257087312716,10
k10_thr,none,55,adaptshrink_dta,1.7346010553881064,1.7346010553881064,1.501241568618646,1.6159958910003556,True,0.6307617312059943,0.029864572975663195,0.0024064939785241974,0.037795715432813425,10
k10_thr,none,56,reitsma,1.7346010553881064,1.7346010553881064,1.6848155494691122,1.562029033058979,True,0.7600713869330729,0.05496077832170419,-0.029367719357134798,0.04536046400132985,10
k10_thr,none,56,reitsma_indep,1.7346010553881064,1.7346010553881064,1.5858638305700066,1.5649328077670348,True,0.9122689605454328,0.052439636604586046,0.0,0.04479405618902116,10
k10_thr,none,56,sep_univariate,1.7346010553881064,1.7346010553881064,1.6232318655334004,1.5643200316804555,True,1.0772252430502558,0.07055115345408296,0.0,0.046424067833263825,10
k10_thr,none,56,adaptshrink_dta,1.7346010553881064,1.7346010553881064,1.6471202483968672,1.5637986038977671,True,0.9244255666210838,0.05716971253982737,-0.013656611489112742,0.045452525418891034,10
k10_thr,none,57,reitsma,1.7346010553881064,1.7346010553881064,1.3468827568252304,1.6673750716253397,True,0.9285838690159498,0.11137661179046475,-0.05367324464390654,0.04771711325174312,10
k10_thr,none,57,reitsma_indep,1.7346010553881064,1.7346010553881064,1.1960657979794178,1.6474858173822247,True,1.189267609013852,0.08079836217966449,0.0,0.04940727374884597,10
k10_thr,none,57,sep_univariate,1.7346010553881064,1.7346010553881064,1.2059486464857974,1.6528416711196894,True,1.2896562567576155,0.08761254044748172,0.0,0.053581631390074234,10
k10_thr,none,57,adaptshrink_dta,1.7346010553881064,1.7346010553881064,1.2686050151352342,1.6547977682224684,True,1.41641262737693,0.11698926111187842,-0.011489932721171105,0.0495309734129679,10
k10_thr,none,58,reitsma,1.7346010553881064,1.7346010553881064,1.517016937956312,1.7426183954302583,True,0.5981341190610221,0.07893276887953485,-0.02480748887747657,0.020589703754546065,10
k10_thr,none,58,reitsma_indep,1.7346010553881064,1.7346010553881064,1.47927348084222,1.6816125209373205,True,0.5911069085984609,0.07329023149503126,0.0,0.013456132159988267,10
k10_thr,none,58,sep_univariate,1.7346010553881064,1.7346010553881064,1.4790105992304692,1.701923096001249,True,0.675171043023435,0.07314771288078553,0.0,0.017589809300255815,10
k10_thr,none,58,adaptshrink_dta,1.7346010553881064,1.7346010553881064,1.5046553257038768,1.7246330128989638,True,0.7749844373996518,0.08086017919098122,-0.005369680800938371,0.021321133624399257,10
k10_thr,none,59,reitsma,1.7346010553881064,1.7346010553881064,1.691720650248587,1.8991995399900115,True,0.8151142732656015,0.05451894251663649,-0.011904284693521554,0.03699657587666513,10
k10_thr,none,59,reitsma_indep,1.7346010553881064,1.7346010553881064,1.6885528142980244,1.8853887504243336,True,0.829254146125271,0.0537904097512818,0.0,0.03608317275197985,10
k10_thr,none,59,sep_univariate,1.7346010553881064,1.7346010553881064,1.6921999414354003,1.8880358957949657,True,0.8656524413349667,0.05679976890848685,0.0,0.037237011123785774,10
k10_thr,none,59,adaptshrink_dta,1.7346010553881064,1.7346010553881064,1.6917743777033443,1.8943802910504448,True,0.8409934564236022,0.05465808823087165,-0.005551998532939267,0.037086838649868406,10
k10_thr,none,60,reitsma,1.7346010553881064,1.7346010553881064,1.8355826816262373,1.7029715524999616,True,0.9028604859349667,0.042304156865729164,-0.022935047383758515,0.06682082985124867,10
k10_thr,none,60,reitsma_indep,1.7346010553881064,1.7346010553881064,1.8294560456617943,1.668926512989368,True,0.9789389404880494,0.0451665538630887,0.0,0.059886443158303715,10
k10_thr,none,60,sep_univariate,1.7346010553881064,1.7346010553881064,1.8362186328557,1.6745685961169632,True,1.052367069128475,0.04927632327637096,0.0,0.06343522292277576,10
k10_thr,none,60,adaptshrink_dta,1.7346010553881064,1.7346010553881064,1.834394948038545,1.694767700792801,True,0.9954628438198634,0.043290179343243335,-0.010674624317290375,0.06724147468304877,10
k10_thr,none,61,reitsma,1.7346010553881064,1.7346010553881064,1.9687999826263713,1.5589388184170545,True,0.5798002925322009,0.021042367160123053,-0.0067957515982141085,0.047286418571008154,10
k10_thr,none,61,reitsma_indep,1.7346010553881064,1.7346010553881064,1.933786026922368,1.555242431744592,True,0.5763041680112223,0.019843363181405036,0.0,0.04724137253090932,10
k10_thr,none,61,sep_univariate,1.7346010553881064,1.7346010553881064,1.9337860269223672,1.5629678947732542,True,0.708040365969589,0.019843363181404935,0.0,0.07130746896980415,10
k10_thr,none,61,adaptshrink_dta,1.7346010553881064,1.7346010553881064,1.9442714552664329,1.5560744851362096,True,0.6044467442098389,0.021837427229325076,-0.001464810883289983,0.04732074637918221,10
k10_thr,none,62,reitsma,1.7346010553881064,1.7346010553881064,1.4454785546844757,1.7882877397042105,True,0.6863006913416674,0.04469493513572332,-0.016425536920506568,0.03578081297149397,10
k10_thr,none,62,reitsma_indep,1.7346010553881064,1.7346010553881064,1.4918440423420363,1.7634708532051817,True,0.7288361388368096,0.048748147839246296,0.0,0.03075643146572557,10
k10_thr,none,62,sep_univariate,1.7346010553881064,1.7346010553881064,1.4937067329175995,1.7700012446336535,True,0.7532582454440581,0.04944125169961658,0.0,0.032391614739162244,10
k10_thr,none,62,adaptshrink_dta,1.7346010553881064,1.7346010553881064,1.4822240907574884,1.7872074219029122,True,0.7651138681727944,0.045622286793235475,-0.0019024344284988353,0.03629607165538534,10
k10_thr,none,63,reitsma,1.7346010553881064,1.7346010553881064,1.5676797577062813,1.3921225881663226,True,0.596316577075283,0.034257582480564173,-0.022169337269826055,0.04364414178989373,10
k10_thr,none,63,reitsma_indep,1.7346010553881064,1.7346010553881064,1.5641153203011477,1.4041933789109615,True,0.7021526218576898,0.029215811544331012,0.0,0.047629865615592716,10
k10_thr,none,63,sep_univariate,1.7346010553881064,1.7346010553881064,1.57362764742793,1.4119739900666448,True,0.7785317053187317,0.03345683099145102,0.0,0.05113309396279593,10
k10_thr,none,63,adaptshrink_dta,1.7346010553881064,1.7346010553881064,1.5814808732050736,1.4024225884233588,True,0.7485708487776602,0.03574806414927983,-0.0047415234250721095,0.044872207222699655,10
k10_thr,none,64,reitsma,1.7346010553881064,1.7346010553881064,1.3528143181727874,1.724199706973214,True,0.4803767963185315,0.022949413400780723,-0.006127193928554219,0.03001681724315432,10
k10_thr,none,64,reitsma_indep,1.7346010553881064,1.7346010553881064,1.3362746308096003,1.7113036871167997,True,0.45440085916838946,0.02071955559543575,0.0,0.028127563801261572,10
k10_thr,none,64,sep_univariate,1.7346010553881064,1.7346010553881064,1.3392860455087399,1.719362647336486,True,0.4922920973981925,0.022064973540521633,0.0,0.031001062910733294,10
k10_thr,none,64,adaptshrink_dta,1.7346010553881064,1.7346010553881064,1.3450960655556081,1.7195087908080184,True,0.49871248746251934,0.02333862921932269,-0.0013203210274155407,0.0301534176244493,10
k10_thr,none,65,reitsma,1.7346010553881064,1.7346010553881064,1.5376030815903825,1.6516317553508075,True,0.5667775295920202,0.028681238415785106,-0.020225817453204866,0.045875812990522444,10
k10_thr,none,65,reitsma_indep,1.7346010553881064,1.7346010553881064,1.4388683933750492,1.6171214291318303,True,0.5248834099454888,0.018149976464172223,0.0,0.042843396497166356,10
k10_thr,none,65,sep_univariate,1.7346010553881064,1.7346010553881064,1.4235659660184905,1.6180366675545033,True,0.613189585013016,0.023870160114537575,0.0,0.0444598992636426,10
k10_thr,none,65,adaptshrink_dta,1.7346010553881064,1.7346010553881064,1.461652985754474,1.6299085457592875,True,0.6938639457857967,0.031201481249131986,-0.009229576049695728,0.04628212053469687,10
k10_thr,none,66,reitsma,1.7346010553881064,1.7346010553881064,1.7630402798816802,1.6560286338328258,True,0.5953381151992798,0.09090344733371605,-0.0357411648396559,0.025057389984872107,10
k10_thr,none,66,reitsma_indep,1.7346010553881064,1.7346010553881064,1.6759579697204172,1.6191333257818388,True,0.7202272669943175,0.06611362624633589,0.0,0.022145342788248933,10
k10_thr,none,66,sep_univariate,1.7346010553881064,1.7346010553881064,1.6807399338221167,1.6322670274142195,True,0.8050799153180301,0.06881713510419576,0.0,0.026583714411716194,10
k10_thr,none,66,adaptshrink_dta,1.7346010553881064,1.7346010553881064,1.7406137673225555,1.6432307181111498,True,0.9416632870773761,0.09617058866111983,-0.007592963848694956,0.026624040337096453,10
k10_thr,none,67,reitsma,1.7346010553881064,1.7346010553881064,1.7110050384734437,1.8683294751438542,True,0.5496666127967729,0.026786813751014948,-0.013926688577823157,0.03907612026642449,10
k10_thr,none,67,reitsma_indep,1.7346010553881064,1.7346010553881064,1.686290114200454,1.8398397852309185,True,0.7069559005913587,0.03395820861105005,0.0,0.04154073173440135,10
k10_thr,none,67,sep_univariate,1.7346010553881064,1.7346010553881064,1.6813000943637302,1.8653981668662238,True,0.9531498504827992,0.03917322436377416,0.0,0.06545869081963283,10
k10_thr,none,67,adaptshrink_dta,1.7346010553881064,1.7346010553881064,1.6960144117075826,1.844407682978251,True,0.6216089367721359,0.027854219750019407,-0.002969105841989554,0.03947063741540226,10
k10_thr,none,68,reitsma,1.7346010553881064,1.7346010553881064,1.2547591738322388,1.5562173872450966,True,0.6426719801788293,0.0249761643407884,-0.01147183850333133,0.05194446157739479,10
k10_thr,none,68,reitsma_indep,1.7346010553881064,1.7346010553881064,1.2391611891629557,1.5455897561013163,True,0.6199732990494322,0.021471815406238152,0.0,0.050525599305171726,10
k10_thr,none,68,sep_univariate,1.7346010553881064,1.7346010553881064,1.2391611891629553,1.558263282684674,True,0.6583017195541032,0.02147181540623811,0.0,0.05696596793862543,10
k10_thr,none,68,adaptshrink_dta,1.7346010553881064,1.7346010553881064,1.2537814409629353,1.5521079098363433,True,0.6864714747607522,0.025560651937557587,-0.002472088133837002,0.05227549755397581,10
k10_thr,none,69,reitsma,1.7346010553881064,1.7346010553881064,1.5998285500821434,1.8608965963276458,True,0.3850981878885281,0.017725189668198794,-0.015619613996874279,0.03737907140105207,10
k10_thr,none,69,reitsma_indep,1.7346010553881064,1.7346010553881064,1.5099052737249485,1.849322435616977,True,0.4512406042285159,0.015438257471419784,0.0,0.03722651074304644,10
k10_thr,none,69,sep_univariate,1.7346010553881064,1.7346010553881064,1.5410001947124026,1.8541453712781073,True,0.6074175698922523,0.0225686635535099,0.0,0.04614271289065783,10
k10_thr,none,69,adaptshrink_dta,1.7346010553881064,1.7346010553881064,1.5466742058086689,1.8515341712914075,True,0.5113794024364532,0.019928469615658632,-0.0033269436815244672,0.03759335049307608,10
k10_thr,none,70,reitsma,1.7346010553881064,1.7346010553881064,1.9388691174198387,1.6670440541917046,True,1.187265484532404,0.05627404541481408,-0.04434233933818439,0.10564088689934534,10
k10_thr,none,70,reitsma_indep,1.7346010553881064,1.7346010553881064,1.9086378407624898,1.6537171539536841,True,1.417139346095719,0.05426080439021167,0.0,0.10446556357492784,10
k10_thr,none,70,sep_univariate,1.7346010553881064,1.7346010553881064,1.9294623238998494,1.6511170970989804,True,1.6100788764882843,0.07236139978870157,0.0,0.10111640299292457,10
k10_thr,none,70,adaptshrink_dta,1.7346010553881064,1.7346010553881064,1.9280045385006501,1.664442593389807,True,1.415078277831228,0.05721183493918162,-0.020677056135941178,0.10626210663204819,10
k10_thr,none,71,reitsma,1.7346010553881064,1.7346010553881064,1.7048898497605929,1.4423152290652241,True,0.5762336212435804,0.053056781826993804,-0.0031780269784799178,0.017854420183399312,10
k10_thr,none,71,reitsma_indep,1.7346010553881064,1.7346010553881064,1.7039936738029773,1.440873929864143,True,0.5773433630899478,0.0523202754462936,0.0,0.01798177671582624,10
k10_thr,none,71,sep_univariate,1.7346010553881064,1.7346010553881064,1.723637840319106,1.4489864015030856,True,0.6997318655611355,0.06770244219766787,0.0,0.020412360787068238,10
k10_thr,none,71,adaptshrink_dta,1.7346010553881064,1.7346010553881064,1.705290635864373,1.4415008956547837,True,0.579080526539775,0.053098982969820095,-0.0014827335335084871,0.017866257944224508,10
k10_thr,none,72,reitsma,1.7346010553881064,1.7346010553881064,1.704749497175428,1.565358978627491,True,0.46356172631304843,0.05135802516922138,0.01072044511629984,0.014047540254063951,10
k10_thr,none,72,reitsma_indep,1.7346010553881064,1.7346010553881064,1.7080198152231283,1.568628955387045,True,0.5387381618278222,0.05344609327045922,0.0,0.015327586720647669,10
k10_thr,none,72,sep_univariate,1.7346010553881064,1.7346010553881064,1.720743401066451,1.5714498693984715,True,0.5966950055289395,0.06070576184609056,0.0,0.01655423662085575,10
k10_thr,none,72,adaptshrink_dta,1.7346010553881064,1.7346010553881064,1.7086059419183266,1.5671041544634512,True,0.5028886829557057,0.051938448728386793,0.004968962930877716,0.014218618202506599,10
k10_thr,none,73,reitsma,1.7346010553881064,1.7346010553881064,1.76105396142573,1.4920536503476198,True,0.5853055876943672,0.04539419980200144,-0.008940293997369436,0.023061735675381136,10
k10_thr,none,73,reitsma_indep,1.7346010553881064,1.7346010553881064,1.7904713334080051,1.5344925784531913,True,0.669275798874533,0.0462851151828427,0.0,0.0273151229919464,10
k10_thr,none,73,sep_univariate,1.7346010553881064,1.7346010553881064,1.810329024129506,1.5494147005555052,True,0.746051842871788,0.051053729467303494,0.0,0.030771226655075437,10
k10_thr,none,73,adaptshrink_dta,1.7346010553881064,1.7346010553881064,1.7890136426308354,1.5122214037121247,True,0.6168056584719522,0.04622474246175394,-0.0010342970212242153,0.02325353089289183,10
k10_thr,none,74,reitsma,1.7346010553881064,1.7346010553881064,1.3436167440488656,1.775589927717537,True,0.41726382255616884,0.03547410998509947,-0.009301017782100416,0.01629166222888574,10
k10_thr,none,74,reitsma_indep,1.7346010553881064,1.7346010553881064,1.3762393360019565,1.8034971743477057,True,0.507038169265461,0.04072231093395888,0.0,0.017818993066046132,10
k10_thr,none,74,sep_univariate,1.7346010553881064,1.7346010553881064,1.4127805275356538,1.8114805569916121,True,0.5920200253351956,0.04839661943717468,0.0,0.020440524455334584,10
k10_thr,none,74,adaptshrink_dta,1.7346010553881064,1.7346010553881064,1.3580268524599763,1.7964231882956938,True,0.4628302303207605,0.03674489614132366,-0.0019902275499081453,0.016562145437255316,10
k10_thr,none,75,reitsma,1.7346010553881064,1.7346010553881064,1.4886449612443124,1.6171752443560488,True,0.2808202438812367,0.03164322776233157,-0.006310102005857155,0.008292451322576227,10
k10_thr,none,75,reitsma_indep,1.7346010553881064,1.7346010553881064,1.472863916263951,1.6513227704414508,True,0.33913740594621566,0.029686269380173443,0.0,0.010935283098888185,10
k10_thr,none,75,sep_univariate,1.7346010553881064,1.7346010553881064,1.4941161708110198,1.6580759499342816,True,0.40168574023063625,0.034128401628304154,0.0,0.013344157129773642,10
k10_thr,none,75,adaptshrink_dta,1.7346010553881064,1.7346010553881064,1.4916163696791933,1.6399375145685091,True,0.31388402726574754,0.03242251370535076,-0.0013261506505549657,0.008631056908624531,10
k10_thr,none,76,reitsma,1.7346010553881064,1.7346010553881064,1.668517703647325,1.5966368841203218,True,0.7348370780351099,0.044085123208587595,-0.011016023089083084,0.03732467819201986,10
k10_thr,none,76,reitsma_indep,1.7346010553881064,1.7346010553881064,1.6417973780027726,1.5962099775504066,True,0.7463044422168006,0.04186335006993184,0.0,0.037551936765107666,10
k10_thr,none,76,sep_univariate,1.7346010553881064,1.7346010553881064,1.6623982429591788,1.6033736942682315,True,0.8806233202870681,0.047982392106450465,0.0,0.045617631817057934,10
k10_thr,none,76,adaptshrink_dta,1.7346010553881064,1.7346010553881064,1.6619259100588188,1.5970378581377496,True,0.760495259569522,0.04441147201431166,-0.005139739117766946,0.037351150207456586,10
k10_thr,none,77,reitsma,1.7346010553881064,1.7346010553881064,1.4214262873842933,1.8529537394757616,True,1.0040833342791564,0.08368217593330692,-0.034983793691599936,0.04863001387900739,10
k10_thr,none,77,reitsma_indep,1.7346010553881064,1.7346010553881064,1.3550667927456272,1.8334984599732833,True,1.1472601252641148,0.07577602405825669,0.0,0.049025976337329254,10
k10_thr,none,77,sep_univariate,1.7346010553881064,1.7346010553881064,1.3701755584829465,1.843551090342818,True,1.3660527635425932,0.08944240129004782,0.0,0.058887859021568296,10
k10_thr,none,77,adaptshrink_dta,1.7346010553881064,1.7346010553881064,1.394050162822321,1.8452410813047018,True,1.1766848019571332,0.0848699145147197,-0.016300085321272577,0.04917753018852895,10
k10_thr,none,78,reitsma,1.7346010553881064,1.7346010553881064,1.1940982149707693,1.6793548935640907,True,0.5969521419252695,0.05266077749468617,-0.03911326438510263,0.04815066218640449,10
k10_thr,none,78,reitsma_indep,1.7346010553881064,1.7346010553881064,1.167561530413469,1.6897094043754848,True,1.043054133724833,0.0545002188008434,0.0,0.056344265033971684,10
k10_thr,none,78,sep_univariate,1.7346010553881064,1.7346010553881064,1.175306166428627,1.7010289617021994,True,1.2774423249139364,0.06241192456079602,0.0,0.07379879909458778,10
k10_thr,none,78,adaptshrink_dta,1.7346010553881064,1.7346010553881064,1.1749538926968612,1.685747088327612,True,0.9602730798374565,0.05453359008076613,-0.008400453928063729,0.049020532166651434,10
k10_thr,none,79,reitsma,1.7346010553881064,1.7346010553881064,1.229547631636698,1.6393394952997626,True,0.44015855815516514,0.030068176900746642,0.013313505343697967,0.02408126448566568,10
k10_thr,none,79,reitsma_indep,1.7346010553881064,1.7346010553881064,1.2635538344848247,1.632404159592041,True,0.4963226025573146,0.030086825560597344,0.0,0.023109258241135574,10
k10_thr,none,79,sep_univariate,1.7346010553881064,1.7346010553881064,1.2714265058310712,1.6358170494747568,True,0.5548399426262919,0.03427028598398612,0.0,0.025354320426820634,10
k10_thr,none,79,adaptshrink_dta,1.7346010553881064,1.7346010553881064,1.2625825200423795,1.636060463305611,True,0.5178221477213673,0.03127046578815614,0.002826801382200433,0.02445809033207183,10
k10_thr,none,80,reitsma,1.7346010553881064,1.7346010553881064,1.9686747715281439,1.9609082505050663,True,0.6029777509316777,0.043800617350770905,-0.001447079581923113,0.02347696262086857,10
k10_thr,none,80,reitsma_indep,1.7346010553881064,1.7346010553881064,1.9665080108885709,1.9633122073679474,True,0.6065484228584397,0.04405450400362375,0.0,0.02357083167927085,10
k10_thr,none,80,sep_univariate,1.7346010553881064,1.7346010553881064,1.9951355298066398,1.9663662972270004,True,0.7018170862884227,0.0503178289431529,0.0,0.027628687040500647,10
k10_thr,none,80,adaptshrink_dta,1.7346010553881064,1.7346010553881064,1.9670222874602683,1.9621566973389444,True,0.603580362836588,0.043816619833224275,-0.0006752511881794838,0.02347783986101062,10
k10_thr,none,81,reitsma,1.7346010553881064,1.7346010553881064,1.5469006046798426,1.5538017173354137,True,0.6796349772118946,0.03686099295234261,-0.01545981244281823,0.041852642222186626,10
k10_thr,none,81,reitsma_indep,1.7346010553881064,1.7346010553881064,1.451261971569867,1.564387553278833,True,0.6373634269351162,0.027447199450178816,0.0,0.0417744275417952,10
k10_thr,none,81,sep_univariate,1.7346010553881064,1.7346010553881064,1.5216033710348196,1.5689438764147752,True,0.8295207609409867,0.03944620100518645,0.0,0.049236095256134704,10
k10_thr,none,81,adaptshrink_dta,1.7346010553881064,1.7346010553881064,1.540699626092059,1.561859726911711,True,0.7408071016981895,0.03819212717662524,-0.00719184372435623,0.04191172912551033,10
k10_thr,none,82,reitsma,1.7346010553881064,1.7346010553881064,1.693270965838014,1.535663452354062,True,1.0910041580563945,0.0486754934252776,0.005764788013304298,0.06970302137559821,10
k10_thr,none,82,reitsma_indep,1.7346010553881064,1.7346010553881064,1.705002113463629,1.5387016404362486,True,1.098203073764021,0.048914205670350125,0.0,0.06959284185611371,10
k10_thr,none,82,sep_univariate,1.7346010553881064,1.7346010553881064,1.706787558690678,1.5375658020220273,True,1.1527510768131866,0.054897719967729366,0.0,0.06832049944727907,10
k10_thr,none,82,adaptshrink_dta,1.7346010553881064,1.7346010553881064,1.699537381762472,1.5374398859601257,True,1.0962399918105494,0.048757229425271074,0.0026894488428590166,0.06971587144079501,10
k10_thr,none,83,reitsma,1.7346010553881064,1.7346010553881064,1.4595528507096378,1.8258023925678781,True,0.5345450712762316,0.039602184544156094,-0.019520392272573395,0.0299868061161244,10
k10_thr,none,83,reitsma_indep,1.7346010553881064,1.7346010553881064,1.4528599171639893,1.846028124848706,True,0.6917142982963314,0.0421282883505934,0.0,0.03205634168740593,10
k10_thr,none,83,sep_univariate,1.7346010553881064,1.7346010553881064,1.5077666030787253,1.850728379773911,True,0.8302274377646288,0.05597698471905268,0.0,0.034755131030613416,10
k10_thr,none,83,adaptshrink_dta,1.7346010553881064,1.7346010553881064,1.474881752743051,1.8448650798962836,True,0.6887606626758307,0.04417003697650208,-0.004110116057177019,0.03069645004856149,10
k10_thr,none,84,reitsma,1.7346010553881064,1.7346010553881064,1.4554338975867571,1.6699208473439036,True,0.6346616536510779,0.019316362221216767,-0.009395138943591,0.06342599644754225,10
k10_thr,none,84,reitsma_indep,1.7346010553881064,1.7346010553881064,1.4174463568555407,1.6721348372609437,True,0.6305366846777508,0.01751972795507942,0.0,0.06405125249485412,10
k10_thr,none,84,sep_univariate,1.7346010553881064,1.7346010553881064,1.4443980584535085,1.6718621043589132,True,0.7232528244031808,0.023146858930153984,0.0,0.06378557556681069,10
k10_thr,none,84,adaptshrink_dta,1.7346010553881064,1.7346010553881064,1.4360014560618977,1.6720557286348898,True,0.6671905639800292,0.019856366544821317,-0.0020335266646512827,0.06348356646059437,10
k10_thr,none,85,reitsma,1.7346010553881064,1.7346010553881064,1.7632441586553567,1.7700856877571287,True,0.4665365045338665,0.024131246088681002,-0.013160651424827129,0.03263561797266041,10
k10_thr,none,85,reitsma_indep,1.7346010553881064,1.7346010553881064,1.7165343360756256,1.7490387938607292,True,0.42539011808574645,0.01676263121788818,0.0,0.030469608231688625,10
k10_thr,none,85,sep_univariate,1.7346010553881064,1.7346010553881064,1.7165343360756247,1.7499826052453347,True,0.4277578150874321,0.01676263121788799,0.0,0.030809736355596293,10
k10_thr,none,85,adaptshrink_dta,1.7346010553881064,1.7346010553881064,1.749129181658692,1.7611248619590316,True,0.5423876546528642,0.025306174805930875,-0.0028194720121055283,0.03312572572185324,10
k10_thr,none,86,reitsma,1.7346010553881064,1.7346010553881064,1.5807982914392373,1.7060971841681019,True,0.6474803676190383,0.0242449638975914,-0.002608520349167412,0.04908583295858738,10
k10_thr,none,86,reitsma_indep,1.7346010553881064,1.7346010553881064,1.5816867984246517,1.7061810252712637,True,0.6468009237063588,0.02405998895712151,0.0,0.04907723720130064,10
k10_thr,none,86,sep_univariate,1.7346010553881064,1.7346010553881064,1.6078738831722,1.7150615090890038,True,0.7638584498803577,0.030010996735361947,0.0,0.0548756429557576,10
k10_thr,none,86,adaptshrink_dta,1.7346010553881064,1.7346010553881064,1.5825819834099504,1.7062402893934046,True,0.6500882229583378,0.024302846082149856,-0.0005649167346455443,0.04909507223105169,10
k10_thr,none,87,reitsma,1.7346010553881064,1.7346010553881064,1.8285541017940605,1.5936500928229056,True,0.47927331926909206,0.031632291908032135,-0.014185052717119647,0.026857132946778432,10
k10_thr,none,87,reitsma_indep,1.7346010553881064,1.7346010553881064,1.7737242380152178,1.595272108229002,True,0.5502670939586899,0.03272544262723707,0.0,0.02611534834128449,10
k10_thr,none,87,sep_univariate,1.7346010553881064,1.7346010553881064,1.7912952462452372,1.5965794251175727,True,0.6347412198851061,0.03629258196078404,0.0,0.03133356464752573,10
k10_thr,none,87,adaptshrink_dta,1.7346010553881064,1.7346010553881064,1.7947076411299094,1.595457863271339,True,0.5647263134850374,0.03378791650253464,-0.0030665296062909746,0.026919213284940395,10
k10_thr,none,88,reitsma,1.7346010553881064,1.7346010553881064,1.7609054853448898,1.8475154406165848,True,0.5649411314162112,0.030427140747743293,-0.005241132050099495,0.03050877978857385,10
k10_thr,none,88,reitsma_indep,1.7346010553881064,1.7346010553881064,1.7760083098322765,1.8412623805246795,True,0.5659632579261878,0.03047550947473579,0.0,0.02966605298566702,10
k10_thr,none,88,sep_univariate,1.7346010553881064,1.7346010553881064,1.8062636543508783,1.860157771975802,True,0.7033969371549097,0.038527080330008116,0.0,0.03624675349734929,10
k10_thr,none,88,adaptshrink_dta,1.7346010553881064,1.7346010553881064,1.7751775296888586,1.844941498714858,True,0.5753292118971373,0.03058050710770619,-0.0006107224506995551,0.03056298602886516,10
k10_thr,none,89,reitsma,1.7346010553881064,1.7346010553881064,1.4555651017755795,1.1683700867195468,True,0.6946208003645973,0.043316349585164254,-0.024863381036949787,0.045711134281095085,10
k10_thr,none,89,reitsma_indep,1.7346010553881064,1.7346010553881064,1.4013206105985359,1.1613997048448117,True,0.9177788429448325,0.05415002723734389,0.0,0.04390476645842688,10
k10_thr,none,89,sep_univariate,1.7346010553881064,1.7346010553881064,1.4305724164266798,1.1643542515719332,True,1.0672220198153164,0.06255457621708707,0.0,0.05139072391975356,10
k10_thr,none,89,adaptshrink_dta,1.7346010553881064,1.7346010553881064,1.3981107701437157,1.1641318420893403,True,0.8791468460751207,0.04819973852018144,-0.005353206626570403,0.04585432213983864,10
k10_thr,none,90,reitsma,1.7346010553881064,1.7346010553881064,1.7367556461847566,1.526881983051707,True,0.49190216873217807,0.04699386315144088,-0.028811524644477525,0.03219693603912382,10
k10_thr,none,90,reitsma_indep,1.7346010553881064,1.7346010553881064,1.7769834767391441,1.4470495814465278,True,0.6722408307858223,0.05540378027932774,0.0,0.023022084476548448,10
k10_thr,none,90,sep_univariate,1.7346010553881064,1.7346010553881064,1.780113022878108,1.4443381522941012,True,0.6985672708695865,0.061250231285188014,0.0,0.02248759456065984,10
k10_thr,none,90,adaptshrink_dta,1.7346010553881064,1.7346010553881064,1.7785106270956996,1.5045112678913242,True,0.7789762676052949,0.051422361464134904,-0.0059522844585927475,0.03399562466549881,10
k10_thr,none,91,reitsma,1.7346010553881064,1.7346010553881064,1.187413408188636,1.8808240691567586,True,0.5148097424110761,0.024105753156229762,0.006352753971150381,0.03270599243843248,10
k10_thr,none,91,reitsma_indep,1.7346010553881064,1.7346010553881064,1.2347517898490024,1.87533047289221,True,0.5556613978578535,0.026643417559564238,0.0,0.03270881346113767,10
k10_thr,none,91,sep_univariate,1.7346010553881064,1.7346010553881064,1.2460264785474218,1.8730331052717084,True,0.6327754736286931,0.03078518497587114,0.0,0.03671062467697244,10
k10_thr,none,91,adaptshrink_dta,1.7346010553881064,1.7346010553881064,1.2109015648049573,1.8774746239080293,True,0.5283867225120449,0.024347742622553892,0.0029582751467784585,0.03272471251037981,10
k10_thr,none,92,reitsma,1.7346010553881064,1.7346010553881064,1.2940753020183102,1.9690426625498136,True,0.6816765021479175,0.026868215345921164,-0.02478065254484581,0.07167015096919523,10
k10_thr,none,92,reitsma_indep,1.7346010553881064,1.7346010553881064,1.2799394184339532,1.983890459111573,True,0.8725332848617721,0.028948914298645607,0.0,0.07422769809056781,10
k10_thr,none,92,sep_univariate,1.7346010553881064,1.7346010553881064,1.3097798958183622,2.002852449659748,True,1.1306022148049133,0.03563030048820347,0.0,0.10125918923077551,10
k10_thr,none,92,adaptshrink_dta,1.7346010553881064,1.7346010553881064,1.2936841493536173,1.9818514337132052,True,0.870469333360586,0.029993128538367917,-0.005294720287767965,0.07223959501893117,10
k10_thr,none,93,reitsma,1.7346010553881064,1.7346010553881064,1.5306646561650754,1.3942341527487903,True,0.706699546187827,0.03150494223899452,-0.02537545745719695,0.0651815132358165,10
k10_thr,none,93,reitsma_indep,1.7346010553881064,1.7346010553881064,1.2658616883996239,1.4180902322330513,True,0.6785406980989431,0.018717504537799943,0.0,0.06942855434351723,10
k10_thr,none,93,sep_univariate,1.7346010553881064,1.7346010553881064,1.5225183537624398,1.418950874913947,True,1.2428456711658324,0.05939761270364474,0.0,0.07340061262398133,10
k10_thr,none,93,adaptshrink_dta,1.7346010553881064,1.7346010553881064,1.4574591463464295,1.4142552760018388,True,0.9657853831202389,0.04074345309965414,-0.005434593561160029,0.06534054286982664,10
k10_thr,none,94,reitsma,1.7346010553881064,1.7346010553881064,1.5541904232573254,1.6737634055539574,True,0.5684349963625404,0.0285609084779119,-0.018954241762914093,0.044510680572381625,10
k10_thr,none,94,reitsma_indep,1.7346010553881064,1.7346010553881064,1.586918505864755,1.6749504090731007,True,0.734148912885503,0.03211069775042864,0.0,0.04737539503503202,10
k10_thr,none,94,sep_univariate,1.7346010553881064,1.7346010553881064,1.5902731855418113,1.6814952417913112,True,0.788318480814474,0.034973633364105104,0.0,0.050153001580241094,10
k10_thr,none,94,adaptshrink_dta,1.7346010553881064,1.7346010553881064,1.574850263952061,1.6786010570848164,True,0.6611055340748243,0.02895970245315779,-0.008810650708694124,0.045277806446953194,10
k10_thr,none,95,reitsma,1.7346010553881064,1.7346010553881064,1.5977861839483385,1.4342253342321374,True,0.4925347474875757,0.03166261010272884,-0.012793787302937114,0.02679479399308955,10
k10_thr,none,95,reitsma_indep,1.7346010553881064,1.7346010553881064,1.5634894661286085,1.416259820670731,True,0.4802635571474846,0.025873643464445706,0.0,0.025161466169060925,10
k10_thr,none,95,sep_univariate,1.7346010553881064,1.7346010553881064,1.5738084662411624,1.4230597305031583,True,0.5811889624552327,0.03209468025947718,0.0,0.02970543587538561,10
k10_thr,none,95,adaptshrink_dta,1.7346010553881064,1.7346010553881064,1.5877702564705953,1.428056167358993,True,0.5440379248875657,0.03229954900842198,-0.005947773723619002,0.026959275727794014,10
k10_thr,none,96,reitsma,1.7346010553881064,1.7346010553881064,1.8449524764812169,1.8611658317809612,True,0.8390935905117528,0.0642362890873831,-0.041618000722702865,0.05790060090478026,10
k10_thr,none,96,reitsma_indep,1.7346010553881064,1.7346010553881064,1.7891988356389992,1.7913340237562,True,1.0588497614954315,0.060291593237349,0.0,0.052486328312658724,10
k10_thr,none,96,sep_univariate,1.7346010553881064,1.7346010553881064,1.7939056511744715,1.7801730233506816,True,1.0605893292245656,0.06600516343584478,0.0,0.04810064087198437,10
k10_thr,none,96,adaptshrink_dta,1.7346010553881064,1.7346010553881064,1.8017678188749269,1.8228095907614568,True,1.1744382206824682,0.0664613326768819,-0.008974777021930485,0.05978872284861261,10
k10_thr,none,97,reitsma,1.7346010553881064,1.7346010553881064,1.5297225480179841,1.6865380762163924,True,0.6119639189348113,0.045697074543023915,-0.022809457302546483,0.03451638690472927,10
k10_thr,none,97,reitsma_indep,1.7346010553881064,1.7346010553881064,1.5789766693297314,1.690484512044617,True,0.8368483183635341,0.05343946743107472,0.0,0.036988408136755864,10
k10_thr,none,97,sep_univariate,1.7346010553881064,1.7346010553881064,1.58941542577197,1.7225523820978228,True,1.2435283949155636,0.062226274995281154,0.0,0.07014098750280658,10
k10_thr,none,97,adaptshrink_dta,1.7346010553881064,1.7346010553881064,1.5571786666919936,1.6902744253748143,True,0.7345584764027062,0.046869242578212136,-0.010552694929445121,0.03486965199110318,10
k10_thr,none,98,reitsma,1.7346010553881064,1.7346010553881064,1.7583712883533715,1.3813956433436536,True,0.32381109971390243,0.016367120528227495,0.0004174165809161319,0.01809260324865354,10
k10_thr,none,98,reitsma_indep,1.7346010553881064,1.7346010553881064,1.7617569755540514,1.38166273109516,True,0.3235924723677344,0.016352598217108636,0.0,0.018073585629680266,10
k10_thr,none,98,sep_univariate,1.7346010553881064,1.7346010553881064,1.7617569755540514,1.3798449131532065,True,0.35023112335119344,0.016352598217108542,0.0,0.02117176061661409,10
k10_thr,none,98,adaptshrink_dta,1.7346010553881064,1.7346010553881064,1.7610466277809165,1.3815913314016146,True,0.32394409066908453,0.016371078727726005,9.043579992422623e-05,0.01809293761755735,10
k10_thr,none,99,reitsma,1.7346010553881064,1.7346010553881064,1.5727216902291767,1.5979818219026434,True,0.5955817250593031,0.052307073970515185,-0.030980829483109023,0.03749020499708241,10
k10_thr,none,99,reitsma_indep,1.7346010553881064,1.7346010553881064,1.5687232034977305,1.6015913081602677,True,0.8368881868252057,0.05148554512906631,0.0,0.03839580935933504,10
k10_thr,none,99,sep_univariate,1.7346010553881064,1.7346010553881064,1.5875427129091848,1.6092915237676162,True,0.9867083424489844,0.06266312899029391,0.0,0.04385304859306919,10
k10_thr,none,99,adaptshrink_dta,1.7346010553881064,1.7346010553881064,1.584082558789128,1.6050661118792768,True,0.8542033194905888,0.05515040073414554,-0.006664513425154455,0.038148261964944585,10
k10_thr,none,100,reitsma,1.7346010553881064,1.7346010553881064,1.4627426840228899,1.7313830544563968,True,0.6664195923603784,0.053753127452762964,0.001499379986680707,0.02336168901561339,10
k10_thr,none,100,reitsma_indep,1.7346010553881064,1.7346010553881064,1.4635784614408653,1.7328546803522347,True,0.6666982831622498,0.053901562114550376,0.0,0.023275101783237714,10
k10_thr,none,100,sep_univariate,1.7346010553881064,1.7346010553881064,1.473074322785148,1.7399108436147266,True,0.7429397161494399,0.060741842628161645,0.0,0.025647997088669366,10
k10_thr,none,100,adaptshrink_dta,1.7346010553881064,1.7346010553881064,1.4631046444734888,1.7323702573263946,True,0.666960932867847,0.053759317796823684,0.0006996811200887573,0.02336418374219264,10
k10_thr,none,101,reitsma,1.7346010553881064,1.7346010553881064,1.4885525538396818,1.5179771514357223,True,0.4443637849721893,0.031121695016683257,-0.01645208801526507,0.026605238643933965,10
k10_thr,none,101,reitsma_indep,1.7346010553881064,1.7346010553881064,1.4801711671647817,1.5031156484111163,True,0.5507339946197813,0.03568622672453233,0.0,0.02398929061868415,10
k10_thr,none,101,sep_univariate,1.7346010553881064,1.7346010553881064,1.4972899293616062,1.5044517589768056,True,0.6199754367255051,0.04424917820123693,0.0,0.024517603874697598,10
k10_thr,none,101,adaptshrink_dta,1.7346010553881064,1.7346010553881064,1.480998201373164,1.5151090445672644,True,0.5619238015981287,0.03330656676496407,-0.0035009085566281985,0.027126331692516194,10
k10_thr,none,102,reitsma,1.7346010553881064,1.7346010553881064,1.4941413073045375,1.7418057176466322,True,0.6123160090538327,0.10269555091348845,-0.03260701030708998,0.020657762912705283,10
k10_thr,none,102,reitsma_indep,1.7346010553881064,1.7346010553881064,1.386854650277176,1.771208961059527,True,0.7950064711436112,0.06942405861946457,0.0,0.02569600421701017,10
k10_thr,none,102,sep_univariate,1.7346010553881064,1.7346010553881064,1.4086138006628932,1.7854255220550284,True,0.9644970572639634,0.08303123137386224,0.0,0.03162238356188099,10
k10_thr,none,102,adaptshrink_dta,1.7346010553881064,1.7346010553881064,1.4559420750508778,1.7614272779387248,True,0.8877786249241562,0.10542456423644836,-0.007049113671920589,0.021572273203850207,10
k10_thr,none,103,reitsma,1.7346010553881064,1.7346010553881064,1.7339558483499882,1.728711857993531,True,0.508762866554474,0.08518834158237679,-0.020076191481153725,0.013307324687588284,10
k10_thr,none,103,reitsma_indep,1.7346010553881064,1.7346010553881064,1.6656752707092166,1.6970832265425337,True,0.52117644167563,0.07397022252529861,0.0,0.010364465125744798,10
k10_thr,none,103,sep_univariate,1.7346010553881064,1.7346010553881064,1.684288351766012,1.7018334035109712,True,0.6433112445632377,0.09339895428027793,0.0,0.012506464028830927,10
k10_thr,none,103,adaptshrink_dta,1.7346010553881064,1.7346010553881064,1.6914745553494535,1.7092687885811113,True,0.6430868107928153,0.08632342704073707,-0.004332523962936489,0.013739567330978676,10
k10_thr,none,104,reitsma,1.7346010553881064,1.7346010553881064,1.1971359892418216,1.660431557569747,True,0.7325182482990157,0.022523374250995352,-0.007300327230993896,0.06960774775392253,10
k10_thr,none,104,reitsma_indep,1.7346010553881064,1.7346010553881064,1.152310400452532,1.6592160321550598,True,0.7223586980954617,0.021401200668321817,0.0,0.06881798320511062,10
k10_thr,none,104,sep_univariate,1.7346010553881064,1.7346010553881064,1.180803363955098,1.6598533919672154,True,0.8509726100235583,0.029384421717505035,0.0,0.06955819156408344,10
k10_thr,none,104,adaptshrink_dta,1.7346010553881064,1.7346010553881064,1.1664799131596266,1.6604678895916511,True,0.7494046534783633,0.022793652643177932,-0.0015824968173546645,0.06965281860242042,10
k10_thr,none,105,reitsma,1.7346010553881064,1.7346010553881064,1.5811917319618487,1.6769736574842753,True,0.4754761409292424,0.04386775237216097,-0.008314481813717882,0.016121979111083463,10
k10_thr,none,105,reitsma_indep,1.7346010553881064,1.7346010553881064,1.5364070394445313,1.660079009945944,True,0.46864154782541395,0.039528531169299455,0.0,0.015682134256437486,10
k10_thr,none,105,sep_univariate,1.7346010553881064,1.7346010553881064,1.5478174250364338,1.6614363317721557,True,0.5453446025347087,0.04824288700464154,0.0,0.01739975029539617,10
k10_thr,none,105,adaptshrink_dta,1.7346010553881064,1.7346010553881064,1.5615877335726203,1.6678480599999086,True,0.49844878801519615,0.044222426572598485,-0.003872567854939526,0.016196551024640137,10
k10_thr,none,106,reitsma,1.7346010553881064,1.7346010553881064,1.213647757004633,1.5465534208865208,True,0.6004373150483124,0.03149343196286308,-0.0010751762023025976,0.03234764861835044,10
k10_thr,none,106,reitsma_indep,1.7346010553881064,1.7346010553881064,1.2144599651025305,1.5478897946876937,True,0.6061569194726317,0.031870884742030654,0.0,0.03253945550610449,10
k10_thr,none,106,sep_univariate,1.7346010553881064,1.7346010553881064,1.2414414414465105,1.5503127464815736,True,0.7019404032769099,0.039370529180685614,0.0,0.0353234811074383,10
k10_thr,none,106,adaptshrink_dta,1.7346010553881064,1.7346010553881064,1.2132765461598507,1.5471755317357563,True,0.6007481468430554,0.0314976153290419,-0.0005017350135638667,0.03234810072202766,10
k10_thr,none,107,reitsma,1.7346010553881064,1.7346010553881064,1.7719123445757192,1.740502930546661,True,0.6187064611820571,0.05432950504858575,-0.042648802776402636,0.05336635459636307,10
k10_thr,none,107,reitsma_indep,1.7346010553881064,1.7346010553881064,1.7134123652475246,1.7569944171943446,True,1.1585453198608628,0.05918194597848707,0.0,0.06401342728800273,10
k10_thr,none,107,sep_univariate,1.7346010553881064,1.7346010553881064,1.7400846732156188,1.75507359024758,True,1.3990096100738454,0.08802507722630946,0.0,0.06275802208683842,10
k10_thr,none,107,adaptshrink_dta,1.7346010553881064,1.7346010553881064,1.7289843142533026,1.7509585418332354,True,1.0730157484116107,0.059392377589989345,-0.009019388171801217,0.05608587091307849,10
k10_thr,none,108,reitsma,1.7346010553881064,1.7346010553881064,1.5208189726945749,1.8195995401847154,True,0.414490607821368,0.01880565558872812,-0.003314743215234523,0.02636974435753928,10
k10_thr,none,108,reitsma_indep,1.7346010553881064,1.7346010553881064,1.5128791901381915,1.8156785550327623,True,0.411757535885046,0.018111277026434766,0.0,0.02642215926056278,10
k10_thr,none,108,sep_univariate,1.7346010553881064,1.7346010553881064,1.5128791901381908,1.826840185366532,True,0.4601375627074928,0.01811127702643473,0.0,0.032995944841865986,10
k10_thr,none,108,adaptshrink_dta,1.7346010553881064,1.7346010553881064,1.5148794642349774,1.8165865530674636,True,0.4208446579575372,0.01895470491097416,-0.0007166360854915777,0.02640017594596009,10
k10_thr,none,109,reitsma,1.7346010553881064,1.7346010553881064,1.3176785321053837,1.603204543977663,True,0.7237758476357127,0.07306342102723902,-0.04454457836232298,0.04739432243051126,10
k10_thr,none,109,reitsma_indep,1.7346010553881064,1.7346010553881064,1.2885326541443705,1.6052350534276483,True,1.0945497441505785,0.06053774350104783,0.0,0.05585718507091454,10
k10_thr,none,109,sep_univariate,1.7346010553881064,1.7346010553881064,1.2862181538921982,1.6215055039131159,True,1.1700675479746454,0.0591136033601443,0.0,0.0653685275231042,10
k10_thr,none,109,adaptshrink_dta,1.7346010553881064,1.7346010553881064,1.319010523265581,1.6024239667420304,True,1.1289258205215151,0.0749743872589271,-0.009682815776029467,0.049229625655849645,10
k10_thr,none,110,reitsma,1.7346010553881064,1.7346010553881064,1.355509413981219,1.7126986528113815,True,0.5312363896885998,0.01896367215259872,-0.01063705849252136,0.047970205526674,10
k10_thr,none,110,reitsma_indep,1.7346010553881064,1.7346010553881064,1.3105492659785596,1.7021057955165524,True,0.5182370269406797,0.015871412774030626,0.0,0.04776123615218532,10
k10_thr,none,110,sep_univariate,1.7346010553881064,1.7346010553881064,1.3105492659785596,1.7077549942826507,True,0.5569013680904398,0.015871412774030605,0.0,0.05515377585920669,10
k10_thr,none,110,adaptshrink_dta,1.7346010553881064,1.7346010553881064,1.3291382347865064,1.7050589313710258,True,0.5765180916238132,0.019620931748879526,-0.0022937234837983583,0.0480805379532796,10
k10_thr,none,111,reitsma,1.7346010553881064,1.7346010553881064,1.3062795340061628,1.6430181870274163,True,0.3580879336479991,0.020410914470905997,-0.007333985555586683,0.020366957401899418,10
k10_thr,none,111,reitsma_indep,1.7346010553881064,1.7346010553881064,1.3237810933097522,1.6582573823232758,True,0.34797047252247065,0.01644977854610003,0.0,0.020775859376370918,10
k10_thr,none,111,sep_univariate,1.7346010553881064,1.7346010553881064,1.3592144372570825,1.684097444519909,True,0.48006104226229657,0.02523856099554305,0.0,0.025772859417090784,10
k10_thr,none,111,adaptshrink_dta,1.7346010553881064,1.7346010553881064,1.3401488864548345,1.658185528669469,True,0.3944267385284221,0.02125427263132155,-0.0015480674821462587,0.020772297710850325,10
k10_thr,none,112,reitsma,1.7346010553881064,1.7346010553881064,1.4867385033829372,1.571104155779416,True,0.4715755512342014,0.038171506547207606,-0.018101959651729466,0.02502806195164254,10
k10_thr,none,112,reitsma_indep,1.7346010553881064,1.7346010553881064,1.3856661084358826,1.573264310379164,True,0.38852301030314734,0.01750059597048604,0.0,0.02434528810718774,10
k10_thr,none,112,sep_univariate,1.7346010553881064,1.7346010553881064,1.4699474353238515,1.5798253737038976,True,0.5914720724468021,0.03697385385199561,0.0,0.026705950113287105,10
k10_thr,none,112,adaptshrink_dta,1.7346010553881064,1.7346010553881064,1.4939565579212293,1.580117536967161,True,0.6031196447807663,0.040730901924594956,-0.0038542682128523383,0.025571489656207255,10
k10_thr,none,113,reitsma,1.7346010553881064,1.7346010553881064,1.302195299553388,1.924444279666059,True,0.5220401431979282,0.030978262848097293,-0.01645311108636421,0.03356901624568762,10
k10_thr,none,113,reitsma_indep,1.7346010553881064,1.7346010553881064,1.2450613958540169,1.9093076341000261,True,0.5987648138203486,0.03023536070384663,0.0,0.03346814604402945,10
k10_thr,none,113,sep_univariate,1.7346010553881064,1.7346010553881064,1.2503684952920917,1.910069150884715,True,0.6612254653222217,0.033814151898483864,0.0,0.03649512953810848,10
k10_thr,none,113,adaptshrink_dta,1.7346010553881064,1.7346010553881064,1.272563856693882,1.9163436696784806,True,0.5970893615426038,0.03162512841063453,-0.00766509459443543,0.03367638459882273,10
k10_thr,none,114,reitsma,1.7346010553881064,1.7346010553881064,1.4557177059863489,1.63586033352728,True,0.721430801742621,0.02508421692868097,-0.016210477433090172,0.06903886146220996,10
k10_thr,none,114,reitsma_indep,1.7346010553881064,1.7346010553881064,1.44401576363642,1.616701972430421,True,0.774562473699816,0.02600760419457423,0.0,0.06510986943245703,10
k10_thr,none,114,sep_univariate,1.7346010553881064,1.7346010553881064,1.44838741989686,1.6162223892867524,True,0.8143814258532788,0.028944266503371393,0.0,0.06467365988193839,10
k10_thr,none,114,adaptshrink_dta,1.7346010553881064,1.7346010553881064,1.4485634788723534,1.6297923945998953,True,0.7767126148152946,0.02544620148517178,-0.007562912639965772,0.06916410316400767,10
k10_thr,none,115,reitsma,1.7346010553881064,1.7346010553881064,1.5751863122820255,1.827663953761121,True,0.4479687761988851,0.023245788247741237,-0.013190047155850376,0.031850321772605376,10
k10_thr,none,115,reitsma_indep,1.7346010553881064,1.7346010553881064,1.5042242106197687,1.8145258636269563,True,0.47070566839307243,0.01972358530588548,0.0,0.031706423828276424,10
k10_thr,none,115,sep_univariate,1.7346010553881064,1.7346010553881064,1.5043576863905812,1.8172135438870103,True,0.4259929502044699,0.019536673762403645,0.0,0.026217330355944264,10
k10_thr,none,115,adaptshrink_dta,1.7346010553881064,1.7346010553881064,1.5338357172533446,1.8195116170835475,True,0.5143716872561652,0.024391443432826013,-0.006075383527130066,0.03212941836589683,10
k10_thr,none,116,reitsma,1.7346010553881064,1.7346010553881064,1.5608859750887076,1.4992493652080858,True,0.4063863319590335,0.02290672387808561,0.01022789942876738,0.024916078055675115,10
k10_thr,none,116,reitsma_indep,1.7346010553881064,1.7346010553881064,1.6377452004365673,1.5089163873813718,True,0.48634793304690876,0.026703612917206864,0.0,0.025001058243257754,10
k10_thr,none,116,sep_univariate,1.7346010553881064,1.7346010553881064,1.6460582199331588,1.506202614843521,True,0.6056992758916552,0.03459134224177457,0.0,0.029935117122116855,10
k10_thr,none,116,adaptshrink_dta,1.7346010553881064,1.7346010553881064,1.6214915005003823,1.5065493844922317,True,0.4600629352694818,0.024080516111212525,0.0021957128014819726,0.025008850402696656,10
k10_thr,none,117,reitsma,1.7346010553881064,1.7346010553881064,1.2801832438271223,1.8348582210433637,True,0.4269541874768016,0.011923113178196805,0.002064088258512708,0.043509946486599005,10
k10_thr,none,117,reitsma_indep,1.7346010553881064,1.7346010553881064,1.2830336579707788,1.8321213306459176,True,0.42594202619833454,0.011801366133623627,0.0,0.043391330547815264,10
k10_thr,none,117,sep_univariate,1.7346010553881064,1.7346010553881064,1.2830336579707788,1.8494104407943537,True,0.487079208603753,0.011801366133623616,0.0,0.056741546185272815,10
k10_thr,none,117,adaptshrink_dta,1.7346010553881064,1.7346010553881064,1.2831032273871417,1.832902290905208,True,0.42925986686857587,0.011956179932706633,0.00044709555706645975,0.04351603189246903,10
k10_thr,none,118,reitsma,1.7346010553881064,1.7346010553881064,1.6688770913467448,1.6072036140790518,True,0.34370642707669186,0.017247475112347775,-0.0004584975206461841,0.01934451161938202,10
k10_thr,none,118,reitsma_indep,1.7346010553881064,1.7346010553881064,1.6646281316736133,1.6063085104452288,True,0.3432765985442756,0.01722891898291411,0.0,0.019304770126077602,10
k10_thr,none,118,sep_univariate,1.7346010553881064,1.7346010553881064,1.6714469189406072,1.6050400427388207,True,0.3991755036648568,0.02102447729395396,0.0,0.021391282517685052,10
k10_thr,none,118,adaptshrink_dta,1.7346010553881064,1.7346010553881064,1.6650955652310513,1.6063718812406516,True,0.3438504741506676,0.017250928993191195,-4.584789781493225e-05,0.019344778886082836,10
k10_thr,none,119,reitsma,1.7346010553881064,1.7346010553881064,1.5180261335743224,1.2602801025218708,True,0.40806336058889314,0.030044168094692604,-0.01330071476338244,0.021531630844975926,10
k10_thr,none,119,reitsma_indep,1.7346010553881064,1.7346010553881064,1.4432547422180306,1.2572565341267696,True,0.3715911085540495,0.017438055425718454,0.0,0.02234945002520025,10
k10_thr,none,119,sep_univariate,1.7346010553881064,1.7346010553881064,1.4646922088062317,1.2590693963395931,True,0.42407083910989646,0.022025463132256905,0.0,0.023045494790790853,10
k10_thr,none,119,adaptshrink_dta,1.7346010553881064,1.7346010553881064,1.5014005984700698,1.259450128218763,True,0.4902843819901137,0.031361888509936306,-0.0028382624779597046,0.02189043306291837,10
k10_thr,none,120,reitsma,1.7346010553881064,1.7346010553881064,1.8414754937414592,1.6272514508268685,True,0.8400242190352568,0.04911214727187914,-0.020427097566575268,0.04904975129377079,10
k10_thr,none,120,reitsma_indep,1.7346010553881064,1.7346010553881064,1.8094737561183851,1.627513560933245,True,0.9109982181767948,0.04762377786420031,0.0,0.049186449932853205,10
k10_thr,none,120,sep_univariate,1.7346010553881064,1.7346010553881064,1.8235363220249121,1.6355754320266185,True,1.1506720024779908,0.05310069164025291,0.0,0.07037804223151835,10
k10_thr,none,120,adaptshrink_dta,1.7346010553881064,1.7346010553881064,1.8313013328523822,1.6277970724289943,True,0.9137402404746727,0.04985743717067488,-0.009526995419753537,0.0490865688350205,10
k10_thr,none,121,reitsma,1.7346010553881064,1.7346010553881064,1.5847408379675658,1.4521492050961746,True,0.3510755703835588,0.03557105383890363,-0.004243988771898727,0.010286348814645222,10
k10_thr,none,121,reitsma_indep,1.7346010553881064,1.7346010553881064,1.5367691864717377,1.4372131654717943,True,0.2923230201389298,0.02886149016318876,0.0,0.008356829666055466,10
k10_thr,none,121,sep_univariate,1.7346010553881064,1.7346010553881064,1.5818245501067079,1.4372131654717941,True,0.34682142746682654,0.04062604633660551,0.0,0.00835682966605546,10
k10_thr,none,121,adaptshrink_dta,1.7346010553881064,1.7346010553881064,1.570973601588385,1.4467109948720187,True,0.36172075741070653,0.03587787585623389,-0.000919408894332264,0.010316855541950144,10
k10_thr,none,122,reitsma,1.7346010553881064,1.7346010553881064,1.585685258231193,1.4692888752827378,True,0.4284869411436542,0.04976942160435918,-0.005781949865080831,0.01108402091464592,10
k10_thr,none,122,reitsma_indep,1.7346010553881064,1.7346010553881064,1.541595332212773,1.454497518667217,True,0.374751334588247,0.04282255059795686,0.0,0.009256527848647925,10
k10_thr,none,122,sep_univariate,1.7346010553881064,1.7346010553881064,1.5937464658072937,1.4544975186672164,True,0.4298626604629649,0.0563437306657119,0.0,0.009256527848647838,10
k10_thr,none,122,adaptshrink_dta,1.7346010553881064,1.7346010553881064,1.577811710473577,1.4625576850253417,True,0.4463222241248172,0.05038783043021791,-0.0012451825157017776,0.011189266163901864,10
k10_thr,none,123,reitsma,1.7346010553881064,1.7346010553881064,1.452705999169513,1.6662183999528557,True,0.6614242432013315,0.04496855269762932,-0.031745090530092786,0.04986917670009062,10
k10_thr,none,123,reitsma_indep,1.7346010553881064,1.7346010553881064,1.424970914616727,1.6269673684929236,True,0.8577448509599255,0.050940479032697314,0.0,0.04076500328103343,10
k10_thr,none,123,sep_univariate,1.7346010553881064,1.7346010553881064,1.437008982520226,1.6290149285055062,True,0.9236795376865393,0.05740903434497531,0.0,0.041946590921925625,10
k10_thr,none,123,adaptshrink_dta,1.7346010553881064,1.7346010553881064,1.4275818383628176,1.650214610475623,True,0.9176245584459184,0.04736910153094771,-0.006840761567632912,0.05116079849620307,10
k10_thr,none,124,reitsma,1.7346010553881064,1.7346010553881064,1.2821367979272196,1.9929963200138376,True,0.3862543543055148,0.022018419332355554,-0.012638502419997187,0.02637917210956954,10
k10_thr,none,124,reitsma_indep,1.7346010553881064,1.7346010553881064,1.3112434178606511,2.0587252788238066,True,0.5156789073039292,0.023297260680035972,0.0,0.032217225998959875,10
k10_thr,none,124,sep_univariate,1.7346010553881064,1.7346010553881064,1.3436636741589003,2.0646279435826846,True,0.6014057356034079,0.02996842223551983,0.0,0.0340647745676596,10
k10_thr,none,124,adaptshrink_dta,1.7346010553881064,1.7346010553881064,1.315353984991473,2.038048668547335,True,0.4800689950643133,0.024001060944893255,-0.0012173732767955102,0.02716435892008105,10
k10_thr,none,125,reitsma,1.7346010553881064,1.7346010553881064,1.754960395124518,1.5706408845135054,True,0.5120318018783669,0.0513490786992935,-0.025141040441202397,0.026720358887488433,10
k10_thr,none,125,reitsma_indep,1.7346010553881064,1.7346010553881064,1.7417020538214085,1.5350784183992452,True,0.6638162118128363,0.053744401972787535,0.0,0.023141778976586223,10
k10_thr,none,125,sep_univariate,1.7346010553881064,1.7346010553881064,1.7573419343686292,1.537335115069578,True,0.7194687290397215,0.060811293328264245,0.0,0.024025579513152585,10
k10_thr,none,125,adaptshrink_dta,1.7346010553881064,1.7346010553881064,1.7537695823350914,1.5520020575701516,True,0.7204773628198197,0.05471315061678973,-0.005390424148880988,0.0273093864906133,10
k10_thr,none,126,reitsma,1.7346010553881064,1.7346010553881064,1.6621247802458,1.8953359465122015,True,0.5881844334082919,0.026847010476739114,-0.012865653523701136,0.04253734214772085,10
k10_thr,none,126,reitsma_indep,1.7346010553881064,1.7346010553881064,1.6107079471718855,1.9051310747684114,True,0.5987173565935264,0.023136399172963996,0.0,0.043730273655839806,10
k10_thr,none,126,sep_univariate,1.7346010553881064,1.7346010553881064,1.6491761525496191,1.9101941415186279,True,0.7097995237913083,0.02933076596379373,0.0,0.04848219451071857,10
k10_thr,none,126,adaptshrink_dta,1.7346010553881064,1.7346010553881064,1.651916139812808,1.9029640252367448,True,0.651533336612966,0.02827315365145214,-0.0027699894718038005,0.04264868400110997,10
k10_thr,none,127,reitsma,1.7346010553881064,1.7346010553881064,1.3899548028573936,1.744011717703491,True,0.6549666449045896,0.03052571534564507,-0.013537581503365897,0.045668601542042726,10
k10_thr,none,127,reitsma_indep,1.7346010553881064,1.7346010553881064,1.3912297459013816,1.7196974411995918,True,0.6962722761741273,0.030402684437657947,0.0,0.04500704929657773,10
k10_thr,none,127,sep_univariate,1.7346010553881064,1.7346010553881064,1.3958282279021048,1.712332054703155,True,0.7635180676851957,0.03895247873935354,0.0,0.042241351494244954,10
k10_thr,none,127,adaptshrink_dta,1.7346010553881064,1.7346010553881064,1.3907281452289264,1.734886908645462,True,0.698553328566921,0.03085612287565478,-0.006306417853692026,0.04592561093969968,10
k10_thr,none,128,reitsma,1.7346010553881064,1.7346010553881064,1.4830089794175398,1.3376390568297474,True,0.4175272651055558,0.024735036310725777,-0.015183974781618897,0.029213504693316072,10
k10_thr,none,128,reitsma_indep,1.7346010553881064,1.7346010553881064,1.45166759113017,1.3306169861155974,True,0.4957999987839324,0.02471468746595301,0.0,0.02807321726505862,10
k10_thr,none,128,sep_univariate,1.7346010553881064,1.7346010553881064,1.4824068980615668,1.3353727233563535,True,0.6223779914358382,0.031553754227055524,0.0,0.034649077935730764,10
k10_thr,none,128,adaptshrink_dta,1.7346010553881064,1.7346010553881064,1.4718704479950635,1.3333151647216224,True,0.5261690749183694,0.02693145270657587,-0.0032515019443025866,0.029407732381568446,10
k10_thr,none,129,reitsma,1.7346010553881064,1.7346010553881064,1.4991859080768402,1.727349732453391,True,0.7957636500504175,0.04474222973003746,-0.03304209557562693,0.06434861868413717,10
k10_thr,none,129,reitsma_indep,1.7346010553881064,1.7346010553881064,1.56988560044995,1.7038516102424464,True,1.0065685304059016,0.05204017200989958,0.0,0.05495184018634068,10
k10_thr,none,129,sep_univariate,1.7346010553881064,1.7346010553881064,1.5816931031587371,1.6705560857585118,True,0.9270288762790362,0.05679444700586029,0.0,0.04270855878762504,10
k10_thr,none,129,adaptshrink_dta,1.7346010553881064,1.7346010553881064,1.561841425339247,1.7304828691014082,True,1.055711297597797,0.048176967663608926,-0.0037951274524647004,0.06559474459610834,10
k10_thr,none,130,reitsma,1.7346010553881064,1.7346010553881064,1.670921415797255,1.6068647790261452,True,0.6522792827158205,0.021407576435911947,-0.00028971260294738437,0.05610018411289305,10
k10_thr,none,130,reitsma_indep,1.7346010553881064,1.7346010553881064,1.6709795352305357,1.6069354640293223,True,0.6522639333657024,0.021405706238421838,0.0,0.056098524161070716,10
k10_thr,none,130,sep_univariate,1.7346010553881064,1.7346010553881064,1.670979535230535,1.6116036609828086,True,0.6752950718181905,0.021405706238421827,0.0,0.06013009174858066,10
k10_thr,none,130,adaptshrink_dta,1.7346010553881064,1.7346010553881064,1.670977044712516,1.606922596899762,True,0.6523077601943716,0.02140800377848999,-6.277098393123373e-05,0.05610022580604921,10
k10_thr,none,131,reitsma,1.7346010553881064,1.7346010553881064,1.595405095847915,1.6700135079037648,True,0.597340023301016,0.044428921634041045,-0.02914019501885221,0.041780494787827825,10
k10_thr,none,131,reitsma_indep,1.7346010553881064,1.7346010553881064,1.6027559802151805,1.69649792064167,True,0.8372616120139961,0.04423032681768785,0.0,0.044733870641955206,10
k10_thr,none,131,sep_univariate,1.7346010553881064,1.7346010553881064,1.6208143775189152,1.6921298977621353,True,0.8823429259826996,0.051920928006824706,0.0,0.04232204426210846,10
k10_thr,none,131,adaptshrink_dta,1.7346010553881064,1.7346010553881064,1.6143855931623514,1.6943798730665838,True,0.8416613623268367,0.047136670920702416,-0.0028975573264469483,0.04259611240999534,10
k10_thr,none,132,reitsma,1.7346010553881064,1.7346010553881064,1.722534107920479,1.9406618186916744,True,0.7591371194455567,0.032958942069339484,-0.01539485153632089,0.0565424341007064,10
k10_thr,none,132,reitsma_indep,1.7346010553881064,1.7346010553881064,1.6233045292314416,1.9374307673872988,True,0.704656539507783,0.023723538916790507,0.0,0.05907582097664938,10
k10_thr,none,132,sep_univariate,1.7346010553881064,1.7346010553881064,1.6572508795031295,1.939765562021505,True,0.8698939888249546,0.034728045163507075,0.0,0.06150162471292404,10
k10_thr,none,132,adaptshrink_dta,1.7346010553881064,1.7346010553881064,1.689460171160351,1.9390779207749762,True,0.8151460624678779,0.03399226538670077,-0.007158705279310169,0.05668040991322287,10
k10_thr,none,133,reitsma,1.7346010553881064,1.7346010553881064,1.8730472064750678,1.7460700746456004,True,0.6024563469200407,0.022627008726239826,-0.0071052993337192855,0.04750617789502308,10
k10_thr,none,133,reitsma_indep,1.7346010553881064,1.7346010553881064,1.844574663357904,1.7467400571780967,True,0.5962629465906533,0.021265982617648234,0.0,0.04718722698542887,10
k10_thr,none,133,sep_univariate,1.7346010553881064,1.7346010553881064,1.8445746633579037,1.749756301257196,True,0.6347491938952086,0.02126598261764819,0.0,0.05347528752981818,10
k10_thr,none,133,adaptshrink_dta,1.7346010553881064,1.7346010553881064,1.8566931630185464,1.746931671937138,True,0.6225903483652818,0.023064233690201177,-0.001536279722868131,0.047537449800575705,10
k10_thr,none,134,reitsma,1.7346010553881064,1.7346010553881064,1.5236753906577978,2.0698640360050797,True,0.6801280309022477,0.052981987055756435,0.011311346324828333,0.027057554690411656,10
k10_thr,none,134,reitsma_indep,1.7346010553881064,1.7346010553881064,1.526524083828525,2.0760543857143396,True,0.7247631921540179,0.05324533591672694,0.0,0.027844854567314156,10
k10_thr,none,134,sep_univariate,1.7346010553881064,1.7346010553881064,1.5425077760840658,2.082983833775319,True,0.8203849599237497,0.06327243764814536,0.0,0.03002306870978025,10
k10_thr,none,134,adaptshrink_dta,1.7346010553881064,1.7346010553881064,1.5270465468886651,2.074922418745323,True,0.710595903293754,0.05327524595646097,0.0052557382740278805,0.02727036543357032,10
k10_thr,none,135,reitsma,1.7346010553881064,1.7346010553881064,1.5483254855799107,1.8042429279198582,True,0.4734704172810347,0.023494138875807657,-0.010674068622837821,0.03178103215497904,10
k10_thr,none,135,reitsma_indep,1.7346010553881064,1.7346010553881064,1.481750742693173,1.7699215116401228,True,0.4481928706368205,0.01899449457129384,0.0,0.02984945548153886,10
k10_thr,none,135,sep_univariate,1.7346010553881064,1.7346010553881064,1.4912573507737679,1.7791632630318788,True,0.5715185895600812,0.02534600888088504,0.0,0.03637352628414203,10
k10_thr,none,135,adaptshrink_dta,1.7346010553881064,1.7346010553881064,1.5020165389366518,1.7806217044808461,True,0.5228735189834889,0.024134912595956737,-0.0023063191755293214,0.03219327604539142,10
k10_thr,none,136,reitsma,1.7346010553881064,1.7346010553881064,1.2826898227522519,1.4731646627976622,True,0.5652501853781225,0.025014776571268958,-0.017894223490730592,0.048851708684824545,10
k10_thr,none,136,reitsma_indep,1.7346010553881064,1.7346010553881064,1.2827647244978335,1.4982205115432268,True,0.6061019583197452,0.02000299601607984,0.0,0.05183589397882043,10
k10_thr,none,136,sep_univariate,1.7346010553881064,1.7346010553881064,1.3305901828689735,1.4883634853979473,True,0.7172989272471969,0.030696134899459524,0.0,0.04730978068831526,10
k10_thr,none,136,adaptshrink_dta,1.7346010553881064,1.7346010553881064,1.3159645533825253,1.4929204175951627,True,0.6868117222668342,0.027067118307346722,-0.0017648060926968112,0.04930402767766787,10
k10_thr,none,137,reitsma,1.7346010553881064,1.7346010553881064,1.626248672692702,1.6917688170916803,True,0.5885791029853137,0.06265640402859393,0.03358982455262619,0.033612886635750724,10
k10_thr,none,137,reitsma_indep,1.7346010553881064,1.7346010553881064,1.6798219085136628,1.704400724454579,True,0.8886254316025842,0.06611595788767688,0.0,0.0337105197781539,10
k10_thr,none,137,sep_univariate,1.7346010553881064,1.7346010553881064,1.6844703511458488,1.7046986777887032,True,0.9396087019319943,0.07138499633907047,0.0,0.03490771212566619,10
k10_thr,none,137,adaptshrink_dta,1.7346010553881064,1.7346010553881064,1.6746100428508124,1.703968152771126,True,0.9198918084956432,0.06917140821625396,0.006847431638467693,0.03520661605446906,10
k10_thr,none,138,reitsma,1.7346010553881064,1.7346010553881064,0.9895184236822844,2.0629172175955084,True,0.683926073355481,0.031821938044361696,-0.003563395351638253,0.041887357004122515,10
k10_thr,none,138,reitsma_indep,1.7346010553881064,1.7346010553881064,0.987353486553815,2.0627605844437764,True,0.6652179573640502,0.03057415887923785,0.0,0.040851468943946596,10
k10_thr,none,138,sep_univariate,1.7346010553881064,1.7346010553881064,1.0015251656767183,2.0795953382394337,True,0.7349243707465953,0.03342244517130566,0.0,0.045612234227591114,10
k10_thr,none,138,adaptshrink_dta,1.7346010553881064,1.7346010553881064,0.9938074391340573,2.0665933947405892,True,0.688184077729345,0.03188207153133649,-0.0004152393228428972,0.041932715865251526,10
k10_thr,none,139,reitsma,1.7346010553881064,1.7346010553881064,1.705698441782654,1.6113433294256914,True,0.4755846786476471,0.035571261709603105,0.0036233061770506217,0.01831602398733118,10
k10_thr,none,139,reitsma_indep,1.7346010553881064,1.7346010553881064,1.7264174360104279,1.6169831803078392,True,0.49812108502188485,0.037436868999810156,0.0,0.018707019460584756,10
k10_thr,none,139,sep_univariate,1.7346010553881064,1.7346010553881064,1.7395086209426933,1.6181978623320579,True,0.5728734541219237,0.0444719181617821,0.0,0.02082887442901572,10
k10_thr,none,139,adaptshrink_dta,1.7346010553881064,1.7346010553881064,1.7152554405039222,1.614349999591863,True,0.4800889720215191,0.03565317120217382,0.0016903598139505177,0.018326641615688633,10
k10_thr,none,140,reitsma,1.7346010553881064,1.7346010553881064,1.4483116455084066,1.6260733448828955,True,0.44616941392261805,0.05802945983511256,-0.020529415528349314,0.016945260792510505,10
k10_thr,none,140,reitsma_indep,1.7346010553881064,1.7346010553881064,1.4701111156172568,1.6119193876112792,True,0.5692413841572315,0.05420017960673673,0.0,0.016874327481818215,10
k10_thr,none,140,sep_univariate,1.7346010553881064,1.7346010553881064,1.479690105478444,1.6337438797712005,True,0.6743961627625206,0.06280565262105488,0.0,0.020439285745634164,10
k10_thr,none,140,adaptshrink_dta,1.7346010553881064,1.7346010553881064,1.4777824144722704,1.6338790161539605,True,0.6297521390023929,0.06009964932271626,-0.004255616403140689,0.01892656682810177,10
k10_thr,none,141,reitsma,1.7346010553881064,1.7346010553881064,1.7079324653322643,1.3565446042566267,True,0.8326678407989574,0.04766773857441051,-0.0065955004449024445,0.04196637428252974,10
k10_thr,none,141,reitsma_indep,1.7346010553881064,1.7346010553881064,1.6895038970572873,1.350223245073803,True,0.8382289206468176,0.04759508639760565,0.0,0.04166749855808577,10
k10_thr,none,141,sep_univariate,1.7346010553881064,1.7346010553881064,1.6940603920867505,1.3487552871181139,True,0.8273096692481632,0.05222147939240534,0.0,0.03699314855376707,10
k10_thr,none,141,adaptshrink_dta,1.7346010553881064,1.7346010553881064,1.6918826824133026,1.3510796522311095,True,0.8427905127152933,0.047770725298936015,-0.0007693672809349506,0.04197975654845048,10
k10_thr,none,142,reitsma,1.7346010553881064,1.7346010553881064,1.6329908191627005,1.9105269788577302,True,0.6123901460767849,0.047888662824964255,-0.030019636998544142,0.04092154559776403,10
k10_thr,none,142,reitsma_indep,1.7346010553881064,1.7346010553881064,1.5276447815498126,1.8838433953650457,True,0.8080109944053578,0.048509078607591925,0.0,0.037987943344397444,10
k10_thr,none,142,sep_univariate,1.7346010553881064,1.7346010553881064,1.5314833827586956,1.8865737046129754,True,0.8824780758078657,0.04966622860795894,0.0,0.04425689416380172,10
k10_thr,none,142,adaptshrink_dta,1.7346010553881064,1.7346010553881064,1.562599220547807,1.8897048110537908,True,0.8679356742792387,0.052309759018750644,-0.00645140046611262,0.041442480753443665,10
k10_thr,none,143,reitsma,1.7346010553881064,1.7346010553881064,1.3611282220670937,1.5588563395180317,True,0.28385254523791165,0.02299696231497551,-0.002328112411842394,0.010124619708659714,10
k10_thr,none,143,reitsma_indep,1.7346010553881064,1.7346010553881064,1.3273682996945595,1.5584205536624425,True,0.24582159842513399,0.01903194253471803,0.0,0.008961717010211008,10
k10_thr,none,143,sep_univariate,1.7346010553881064,1.7346010553881064,1.3419130709826077,1.5599990668058727,True,0.3088119392954004,0.021610504805553446,0.0,0.012455395446645416,10
k10_thr,none,143,adaptshrink_dta,1.7346010553881064,1.7346010553881064,1.3522950209113564,1.5585791555676483,True,0.288438973041068,0.02310677795010466,-0.0005025250068547856,0.010173480336950716,10
k10_thr,none,144,reitsma,1.7346010553881064,1.7346010553881064,1.5913592440407793,1.802064364931486,True,0.6605174331370464,0.06635715473362802,-0.016819945137038488,0.022820764599798676,10
k10_thr,none,144,reitsma_indep,1.7346010553881064,1.7346010553881064,1.5885912599405072,1.793369000559401,True,0.7420528405188918,0.07159031691874093,0.0,0.02170949122871403,10
k10_thr,none,144,sep_univariate,1.7346010553881064,1.7346010553881064,1.6022696032589163,1.7964377811631123,True,0.8727196245877032,0.08178945773518458,0.0,0.026283695183786118,10
k10_thr,none,144,adaptshrink_dta,1.7346010553881064,1.7346010553881064,1.5900512778514033,1.7985074607854523,True,0.7252851391326347,0.06713834556344904,-0.007807921837822638,0.02302273717729028,10
k10_thr,none,145,reitsma,1.7346010553881064,1.7346010553881064,1.7842579119921682,1.8816865607664321,True,0.7868235445041611,0.03562039023049843,-0.023206449766694386,0.064174640853562,10
k10_thr,none,145,reitsma_indep,1.7346010553881064,1.7346010553881064,1.6866728004987268,1.869143317521452,True,0.771983228555105,0.02726545033165411,0.0,0.06169320354532746,10
k10_thr,none,145,sep_univariate,1.7346010553881064,1.7346010553881064,1.662205155932276,1.8711107602160753,True,0.7284731298719178,0.023693470914023494,0.0,0.06321682137063593,10
k10_thr,none,145,adaptshrink_dta,1.7346010553881064,1.7346010553881064,1.743431518163991,1.8771337625995956,True,0.9158356401817015,0.03710806760422063,-0.0050468320601112044,0.06448349790027212,10
k10_thr,none,146,reitsma,1.7346010553881064,1.7346010553881064,1.6763287148510633,1.6517421369382106,True,0.40448444961880237,0.028378479537004748,-0.00976815075062199,0.019634588006992124,10
k10_thr,none,146,reitsma_indep,1.7346010553881064,1.7346010553881064,1.656522005550995,1.660809482847436,True,0.44371412487710077,0.028021622801387033,0.0,0.019831131397471103,10
k10_thr,none,146,sep_univariate,1.7346010553881064,1.7346010553881064,1.6586474761144308,1.6627324139749906,True,0.47384678580166545,0.028384368973962074,0.0,0.022327027196600034,10
k10_thr,none,146,adaptshrink_dta,1.7346010553881064,1.7346010553881064,1.6713959911281124,1.6594178827181567,True,0.45020664556412715,0.029281019849926766,-0.0021052095973329893,0.01968898723558063,10
k10_thr,none,147,reitsma,1.7346010553881064,1.7346010553881064,1.46725024189941,1.6326004217447958,True,0.7124139686229689,0.029451492443236766,-0.011661140635545839,0.053256961775938486,10
k10_thr,none,147,reitsma_indep,1.7346010553881064,1.7346010553881064,1.4659597950075645,1.6324433670958787,True,0.7431335483239297,0.029154534902112377,0.0,0.05346405375650462,10
k10_thr,none,147,sep_univariate,1.7346010553881064,1.7346010553881064,1.467529378702828,1.6286582437720138,True,0.7316883510794583,0.029698259200892908,0.0,0.05088099028293128,10
k10_thr,none,147,adaptshrink_dta,1.7346010553881064,1.7346010553881064,1.469778250716893,1.6341323480715364,True,0.7421590149439857,0.029696480531310947,-0.005432378269106489,0.05334453266757032,10
k10_thr,none,148,reitsma,1.7346010553881064,1.7346010553881064,1.4331035476492702,1.5875845091569487,True,0.5425162215016904,0.03390307114610856,-0.018457969258505146,0.03455221792424987,10
k10_thr,none,148,reitsma_indep,1.7346010553881064,1.7346010553881064,1.3580742588792454,1.579137486399308,True,0.5142854836321946,0.023567364797167527,0.0,0.03167610505226863,10
k10_thr,none,148,sep_univariate,1.7346010553881064,1.7346010553881064,1.3744328876099747,1.5821864797795309,True,0.5755531702024423,0.02856148396616946,0.0,0.03273590859815528,10
k10_thr,none,148,adaptshrink_dta,1.7346010553881064,1.7346010553881064,1.4107147389097217,1.593179527983304,True,0.6773652171809592,0.03679673398749689,-0.00388155314472378,0.035603624909835256,10
k10_thr,none,149,reitsma,1.7346010553881064,1.7346010553881064,1.4655520788425644,1.5799960140126343,True,0.58705124777627,0.02730592595864564,-0.018717448532470284,0.048453197133874006,10
k10_thr,none,149,reitsma_indep,1.7346010553881064,1.7346010553881064,1.4213895210798198,1.5653251849223009,True,0.5436251049874468,0.018104585160548067,0.0,0.046072809692762166,10
k10_thr,none,149,sep_univariate,1.7346010553881064,1.7346010553881064,1.4664136131106875,1.59133239427568,True,0.9605541649927937,0.03034316323554043,0.0,0.0858256561583041,10
k10_thr,none,149,adaptshrink_dta,1.7346010553881064,1.7346010553881064,1.4690417186667755,1.5724241523928753,True,0.7161325416192897,0.029994948515890026,-0.003990572117215605,0.04878931658614814,10
k10_thr,none,150,reitsma,1.7346010553881064,1.7346010553881064,1.6758131368527511,1.757898387658476,True,0.42798343016614016,0.014272105396873491,-0.010755312930502263,0.044329404967131336,10
k10_thr,none,150,reitsma_indep,1.7346010553881064,1.7346010553881064,1.635909941795427,1.7581226918019826,True,0.5031294880279908,0.01638514397282786,0.0,0.04360572871831987,10
k10_thr,none,150,sep_univariate,1.7346010553881064,1.7346010553881064,1.6207555683676975,1.759293366944643,True,0.49536785498793173,0.014715242572861593,0.0,0.0470676465911237,10
k10_thr,none,150,adaptshrink_dta,1.7346010553881064,1.7346010553881064,1.6402519822778905,1.7589565349272918,True,0.4905785737371613,0.015429561156825164,-0.0023319116767096066,0.04437727415601727,10
k10_thr,none,151,reitsma,1.7346010553881064,1.7346010553881064,1.7854222812497158,1.6192214500525821,True,0.7042846299656934,0.08159242570486494,-0.028610927560131758,0.027191172555003345,10
k10_thr,none,151,reitsma_indep,1.7346010553881064,1.7346010553881064,1.772849313340334,1.6086776594354335,True,0.8912222678713737,0.08118141405020515,0.0,0.02761529668722861,10
k10_thr,none,151,sep_univariate,1.7346010553881064,1.7346010553881064,1.7940870057797873,1.6116320086908547,True,0.9895609515562322,0.0957023917224109,0.0,0.028879959145632003,10
k10_thr,none,151,adaptshrink_dta,1.7346010553881064,1.7346010553881064,1.792095562559398,1.6172857586963207,True,0.873153606118392,0.08363700835343503,-0.013278736367117497,0.02783687037412498,10
k10_thr,none,152,reitsma,1.7346010553881064,1.7346010553881064,1.8202613812842894,1.8484668246578062,True,0.48433006408690815,0.01802893275531351,-0.009569409472536223,0.041803014750191596,10
k10_thr,none,152,reitsma_indep,1.7346010553881064,1.7346010553881064,1.8091958299855178,1.8555813557211798,True,0.5297273209551141,0.018910116018806912,0.0,0.04188367861837291,10
k10_thr,none,152,sep_univariate,1.7346010553881064,1.7346010553881064,1.7795589984721596,1.8625257550571486,True,0.5064598348357127,0.014998088609284718,0.0,0.04827123051745907,10
k10_thr,none,152,adaptshrink_dta,1.7346010553881064,1.7346010553881064,1.8193761979217555,1.853301312536136,True,0.5230372357317431,0.01890236117041197,-0.0044372776703153205,0.041890826610336614,10
k10_thr,none,153,reitsma,1.7346010553881064,1.7346010553881064,1.9875103971560466,1.657819802150103,True,0.7908402091335607,0.06351472561853505,-0.04330551881365569,0.05731962796445561,10
k10_thr,none,153,reitsma_indep,1.7346010553881064,1.7346010553881064,1.7660404921668695,1.6559537770329666,True,0.8575885330839452,0.033152439970925776,0.0,0.06261475712576806,10
k10_thr,none,153,sep_univariate,1.7346010553881064,1.7346010553881064,1.8104128883320956,1.6609575251687738,True,1.054232543799804,0.04607541209728752,0.0,0.06808287329062807,10
k10_thr,none,153,adaptshrink_dta,1.7346010553881064,1.7346010553881064,1.9023182906323333,1.6556601565603495,True,1.192344131091836,0.07029946348930022,-0.009260783115821408,0.058300154803862754,10
k10_thr,none,154,reitsma,1.7346010553881064,1.7346010553881064,1.9377314362600513,1.794405337701281,True,0.5387952828592597,0.028212607229131655,0.0015166079520344412,0.029124336045518104,10
k10_thr,none,154,reitsma_indep,1.7346010553881064,1.7346010553881064,1.9478924150149124,1.7945373975646648,True,0.5383667020451978,0.028066385516471375,0.0,0.029147691380367748,10
k10_thr,none,154,sep_univariate,1.7346010553881064,1.7346010553881064,1.9478924150149117,1.795725432069236,True,0.5566941749230678,0.02806638551647125,0.0,0.031166004900177614,10
k10_thr,none,154,adaptshrink_dta,1.7346010553881064,1.7346010553881064,1.9471011303136088,1.794520727152479,True,0.5397644308616182,0.028234249001718194,0.00015165592027854076,0.029125855965417096,10
k10_thr,none,155,reitsma,1.7346010553881064,1.7346010553881064,1.4827828312436764,1.542743492472193,True,0.8289986756827576,0.0701290881246064,-0.028879532825670177,0.03955220905306255,10
k10_thr,none,155,reitsma_indep,1.7346010553881064,1.7346010553881064,1.4685080873821488,1.561459695705637,True,0.9734042483518399,0.06837559301292508,0.0,0.039112865604793566,10
k10_thr,none,155,sep_univariate,1.7346010553881064,1.7346010553881064,1.4996832878356732,1.566191441985362,True,1.1786700290625478,0.08470308427313362,0.0,0.04629344743355315,10
k10_thr,none,155,adaptshrink_dta,1.7346010553881064,1.7346010553881064,1.4834131637475205,1.5616247841714925,True,1.0085870065875937,0.07229531065348009,-0.0033405701632952616,0.039869021217016756,10
k10_thr,none,156,reitsma,1.7346010553881064,1.7346010553881064,1.7775810734906334,1.3084211117936566,True,0.7179426096740188,0.12448443719540915,-0.05273854522498351,0.03402986909503904,10
k10_thr,none,156,reitsma_indep,1.7346010553881064,1.7346010553881064,1.5960851715575852,1.2646176291510198,True,0.9846150481566346,0.08156253192600292,0.0,0.033548762549431926,10
k10_thr,none,156,sep_univariate,1.7346010553881064,1.7346010553881064,1.5943606781145971,1.2614378111202542,True,0.9603107912623144,0.08053021512443923,0.0,0.03232205954681173,10
k10_thr,none,156,adaptshrink_dta,1.7346010553881064,1.7346010553881064,1.6944627858314114,1.283415662011102,True,1.2944988556787742,0.13319996497303768,-0.011206226650605736,0.0364513851815867,10
k10_thr,none,157,reitsma,1.7346010553881064,1.7346010553881064,1.5946956290160952,1.8234259202362375,True,0.39904819844126166,0.03583584463793872,-0.01566730351465625,0.019391704671028347,10
k10_thr,none,157,reitsma_indep,1.7346010553881064,1.7346010553881064,1.5480677995141716,1.81203417938583,True,0.47212887276710996,0.03314040631898213,0.0,0.018984429848124096,10
k10_thr,none,157,sep_univariate,1.7346010553881064,1.7346010553881064,1.5567164134054412,1.8182864153758411,True,0.5283293760169697,0.03624856552369275,0.0,0.021734665459762745,10
k10_thr,none,157,adaptshrink_dta,1.7346010553881064,1.7346010553881064,1.5704655756948136,1.8185585755212343,True,0.5081136076887951,0.037121294997194736,-0.0033622704054586654,0.019935103497253432,10
k10_thr,none,158,reitsma,1.7346010553881064,1.7346010553881064,1.4548295874460249,1.7767416747076914,True,0.7748356404539203,0.08086431906760369,-0.006042295469650624,0.02140691562203989,10
k10_thr,none,158,reitsma_indep,1.7346010553881064,1.7346010553881064,1.4495099624376484,1.7644499711586958,True,0.7739287799679455,0.08133010865617771,0.0,0.02078666937687992,10
k10_thr,none,158,sep_univariate,1.7346010553881064,1.7346010553881064,1.451400397395305,1.7684612162907811,True,0.8307564785758209,0.08329788286158701,0.0,0.02338556016146001,10
k10_thr,none,158,adaptshrink_dta,1.7346010553881064,1.7346010553881064,1.4499324116572747,1.7668841831111823,True,0.7838292479001757,0.08091329318212298,-0.0007048915048275048,0.021437875225056947,10
k10_thr,none,159,reitsma,1.7346010553881064,1.7346010553881064,1.3544732593449178,1.5441931100490294,True,1.279044309917682,0.0921380889781372,-0.03901985813655953,0.0666394745548112,10
k10_thr,none,159,reitsma_indep,1.7346010553881064,1.7346010553881064,1.356412630427518,1.5328158591295502,True,1.4267124509364983,0.09410161715483709,0.0,0.061053432101587396,10
k10_thr,none,159,sep_univariate,1.7346010553881064,1.7346010553881064,1.3320342440472155,1.5258865912819346,True,1.2718002881291535,0.08182013022899691,0.0,0.05579713997080136,10
k10_thr,none,159,adaptshrink_dta,1.7346010553881064,1.7346010553881064,1.3674507344445885,1.546994278378128,True,1.4527039512191584,0.0939045358806444,-0.018179911410095513,0.06695068413432374,10
k10_thr,none,160,reitsma,1.7346010553881064,1.7346010553881064,1.9293109217825277,1.8727078446191399,True,0.49171710457932644,0.026269686081603856,-0.0001009215480001823,0.02597864509075043,10
k10_thr,none,160,reitsma_indep,1.7346010553881064,1.7346010553881064,1.9296025874218838,1.8725729804773463,True,0.49143993395813357,0.026268969038965168,0.0,0.025949687139862627,10
k10_thr,none,160,sep_univariate,1.7346010553881064,1.7346010553881064,1.9296025874218838,1.8810450180905147,True,0.5125758676636081,0.026268969038965157,0.0,0.02822978362093342,10
k10_thr,none,160,adaptshrink_dta,1.7346010553881064,1.7346010553881064,1.9295424386605786,1.8726931975135166,True,0.4917220662345394,0.02626980915808208,-2.1866293321972577e-05,0.02597867813154252,10
k10_thr,none,161,reitsma,1.7346010553881064,1.7346010553881064,1.5995358698417257,1.3064972286137972,True,0.38923491933013016,0.03560862691350745,-0.005950027154567989,0.013003103841568296,10
k10_thr,none,161,reitsma_indep,1.7346010553881064,1.7346010553881064,1.5741852255338462,1.292853156728746,True,0.3623399731237668,0.03144887391578011,0.0,0.011783156968303076,10
k10_thr,none,161,sep_univariate,1.7346010553881064,1.7346010553881064,1.5796439582856752,1.302639700113609,True,0.4530930476778314,0.03446220881053552,0.0,0.0168138029778735,10
k10_thr,none,161,adaptshrink_dta,1.7346010553881064,1.7346010553881064,1.5909906437333614,1.3006963629456454,True,0.4045319328269908,0.03582261888184813,-0.00276768823192803,0.013107682331539664,10
k10_thr,none,162,reitsma,1.7346010553881064,1.7346010553881064,1.151150494683088,2.0436902017187797,True,0.5400329381174094,0.02054523745035547,-0.006477662902802059,0.04210718550554317,10
k10_thr,none,162,reitsma_indep,1.7346010553881064,1.7346010553881064,1.140554208351417,2.0466132514563022,True,0.5604133453895574,0.020898026148534483,0.0,0.04241758475464564,10
k10_thr,none,162,sep_univariate,1.7346010553881064,1.7346010553881064,1.1610522510038936,2.056831051839923,True,0.6455591349882057,0.024553074953395884,0.0,0.047907161461062095,10
k10_thr,none,162,adaptshrink_dta,1.7346010553881064,1.7346010553881064,1.1436680170520452,2.046097723674661,True,0.557503557470941,0.0208429624938641,-0.0014014880066263806,0.04218338176327972,10
k10_thr,none,163,reitsma,1.7346010553881064,1.7346010553881064,1.7651393788378544,1.7509947410840292,True,0.6771105738832012,0.06267697240940698,-0.03547051293437325,0.04072012966876702,10
k10_thr,none,163,reitsma_indep,1.7346010553881064,1.7346010553881064,1.6567939086596812,1.7806579771716675,True,0.9315016954018552,0.05261811449164086,0.0,0.046544276588758496,10
k10_thr,none,163,sep_univariate,1.7346010553881064,1.7346010553881064,1.6584699576923008,1.7858773928632337,True,0.9844231694087441,0.053014108638713496,0.0,0.05159486217264972,10
k10_thr,none,163,adaptshrink_dta,1.7346010553881064,1.7346010553881064,1.7409323945376216,1.7768965582197929,True,0.9979440346426555,0.0688513604219571,-0.007573902984866972,0.04165890176366629,10
k10_thr,none,164,reitsma,1.7346010553881064,1.7346010553881064,1.239350753413681,1.939065336906628,True,0.6695980830505417,0.028976815725275284,-0.00974729302381759,0.046951716562651014,10
k10_thr,none,164,reitsma_indep,1.7346010553881064,1.7346010553881064,1.2364874362068878,1.9328027554919092,True,0.6930712939950802,0.028746547737450282,0.0,0.04716332262952404,10
k10_thr,none,164,sep_univariate,1.7346010553881064,1.7346010553881064,1.2390783582081266,1.9297085067288746,True,0.7191533819555073,0.032057053911719244,0.0,0.04553587787473447,10
k10_thr,none,164,adaptshrink_dta,1.7346010553881064,1.7346010553881064,1.2382715026577618,1.9369881436188618,True,0.6902614709254472,0.02903787107817332,-0.004546614401830865,0.0470242313455664,10
k10_thr,none,165,reitsma,1.7346010553881064,1.7346010553881064,1.3763383325562082,1.723779151190051,True,0.6552307523260377,0.040438816018595045,-0.025877234933950603,0.04652481871268182,10
k10_thr,none,165,reitsma_indep,1.7346010553881064,1.7346010553881064,1.4035529294418259,1.7025728266969102,True,0.8385988658024036,0.0477303121774021,0.0,0.041586132547173874,10
k10_thr,none,165,sep_univariate,1.7346010553881064,1.7346010553881064,1.405281168799613,1.69106700011757,True,0.7907052002933818,0.04861499989132604,0.0,0.03629887522234001,10
k10_thr,none,165,adaptshrink_dta,1.7346010553881064,1.7346010553881064,1.3960319636114582,1.7257249725275121,True,0.8117125292214046,0.04232836784590769,-0.01191095757918575,0.047286331810850485,10
k10_thr,none,166,reitsma,1.7346010553881064,1.7346010553881064,1.2519547194138636,1.9006649081305342,True,0.7868587401183751,0.02592262152121523,-0.01828624505430795,0.08031323239935352,10
k10_thr,none,166,reitsma_indep,1.7346010553881064,1.7346010553881064,1.205074795607666,1.9113405112903865,True,0.8167188255951707,0.02236535304198936,0.0,0.08417897660425931,10
k10_thr,none,166,sep_univariate,1.7346010553881064,1.7346010553881064,1.2307771715153752,1.9052495978145083,True,0.8688973722638887,0.029101951521201933,0.0,0.07322327033503544,10
k10_thr,none,166,adaptshrink_dta,1.7346010553881064,1.7346010553881064,1.2401493562105232,1.9081540453332853,True,0.85573334964696,0.0266053151665938,-0.008526635526533986,0.08041867121932647,10
k10_thr,none,167,reitsma,1.7346010553881064,1.7346010553881064,1.4908354320224022,2.0762655669857537,True,0.30268527411653223,0.01621922388296936,-0.003938032338508437,0.016899769862158347,10
k10_thr,none,167,reitsma_indep,1.7346010553881064,1.7346010553881064,1.4469596847940258,2.0731392552439205,True,0.2934167262443905,0.014080505340751708,0.0,0.017257813035287867,10
k10_thr,none,167,sep_univariate,1.7346010553881064,1.7346010553881064,1.4642406886868424,2.0735233681321215,True,0.3433010041814677,0.017111756905927585,0.0,0.019439711374244165,10
k10_thr,none,167,adaptshrink_dta,1.7346010553881064,1.7346010553881064,1.4686978787205747,2.07328377718758,True,0.31669845097238136,0.016688296799092898,-0.0008429328052578643,0.017006024824240688,10
k10_thr,none,168,reitsma,1.7346010553881064,1.7346010553881064,1.7587755734808888,1.286772388742925,True,0.5248012419949382,0.04010075384853802,0.0038626557389040118,0.019757316991695115,10
k10_thr,none,168,reitsma_indep,1.7346010553881064,1.7346010553881064,1.7698427826708336,1.2906615415856464,True,0.5261129701183077,0.03946690618302315,0.0,0.019795168393502927,10
k10_thr,none,168,sep_univariate,1.7346010553881064,1.7346010553881064,1.7741931661597055,1.2890508451533271,True,0.5928949966275222,0.04391548892678084,0.0,0.02259290704367446,10
k10_thr,none,168,adaptshrink_dta,1.7346010553881064,1.7346010553881064,1.7693239615488778,1.290214065649938,True,0.5302412802018225,0.04015762575855374,0.0004504145624427123,0.0197662517341524,10
k10_thr,none,169,reitsma,1.7346010553881064,1.7346010553881064,1.4017196775779261,2.0555824045855524,True,0.8442630347148883,0.09484902778256472,-0.03286165353185324,0.03259613264509381,10
k10_thr,none,169,reitsma_indep,1.7346010553881064,1.7346010553881064,1.3441946552441884,2.055797218910735,True,0.9945910627307996,0.0833174911288803,0.0,0.03351098456941418,10
k10_thr,none,169,sep_univariate,1.7346010553881064,1.7346010553881064,1.352769419295262,2.0637585586816294,True,1.1357362563828428,0.08943702783086863,0.0,0.040707261662733474,10
k10_thr,none,169,adaptshrink_dta,1.7346010553881064,1.7346010553881064,1.386684279472839,2.059471270320312,True,1.0180204263429562,0.09595404947680695,-0.015337130310490254,0.032936302193056766,10
k10_thr,none,170,reitsma,1.7346010553881064,1.7346010553881064,1.5294455763015982,1.6014990892551795,True,0.41210080845176106,0.020311593209966682,-0.01240165788497385,0.03117128153503581,10
k10_thr,none,170,reitsma_indep,1.7346010553881064,1.7346010553881064,1.5424771963626114,1.6016477348482312,True,0.4609483196246658,0.02008833676354487,0.0,0.029853465906726107,10
k10_thr,none,170,sep_univariate,1.7346010553881064,1.7346010553881064,1.6229541819083257,1.6138192869645511,True,0.7118785195104108,0.03612772001201255,0.0,0.03959182211881511,10
k10_thr,none,170,adaptshrink_dta,1.7346010553881064,1.7346010553881064,1.5567607619737978,1.6059285756081223,True,0.48873441464847744,0.021770519852886507,-0.002664804956783615,0.03129405175382716,10
k10_thr,none,171,reitsma,1.7346010553881064,1.7346010553881064,1.3939818638987014,2.062165726587706,True,0.6269749151532374,0.06206294496637987,-0.0360248614546506,0.03878818948872053,10
k10_thr,none,171,reitsma_indep,1.7346010553881064,1.7346010553881064,1.3750235071290793,2.0295731557760415,True,0.9534211439491508,0.0650780293904147,0.0,0.03942479386283306,10
k10_thr,none,171,sep_univariate,1.7346010553881064,1.7346010553881064,1.3841713232179442,2.0466425403744894,True,1.1791546579591263,0.07426892980239155,0.0,0.052840709810380845,10
k10_thr,none,171,adaptshrink_dta,1.7346010553881064,1.7346010553881064,1.381078044830794,2.039547998719756,True,0.9409970412523174,0.06383818595070394,-0.007762022905812368,0.040093639688067215,10
k10_thr,none,172,reitsma,1.7346010553881064,1.7346010553881064,1.6333985627646366,1.4480586279764187,True,0.5778195934590066,0.039122592795988835,-0.020261725957413816,0.03458108673509949,10
k10_thr,none,172,reitsma_indep,1.7346010553881064,1.7346010553881064,1.5262842171857045,1.4326860030078319,True,0.6275866042403817,0.03427018415625697,0.0,0.032438828290372514,10
k10_thr,none,172,sep_univariate,1.7346010553881064,1.7346010553881064,1.5515876521361849,1.4340646565631086,True,0.7773776272445087,0.04365586117331866,0.0,0.03907111294933541,10
k10_thr,none,172,adaptshrink_dta,1.7346010553881064,1.7346010553881064,1.5866931362429515,1.4385499793282546,True,0.6897496142284751,0.04129002378040008,-0.009425889632473454,0.0346734005997918,10
k10_thr,none,173,reitsma,1.7346010553881064,1.7346010553881064,1.681290939380379,1.672106008951658,True,0.5031919871380044,0.024181642931114244,-0.0030399730647101657,0.02993614207211844,10
k10_thr,none,173,reitsma_indep,1.7346010553881064,1.7346010553881064,1.666400649474528,1.6683782025567204,True,0.4989978342391499,0.023598148510596814,0.0,0.029781986221367802,10
k10_thr,none,173,sep_univariate,1.7346010553881064,1.7346010553881064,1.666400649474528,1.6859887919316483,True,0.554518515968495,0.023598148510596804,0.0,0.036778028207351064,10
k10_thr,none,173,adaptshrink_dta,1.7346010553881064,1.7346010553881064,1.6706383363203348,1.6697882423436496,True,0.5071525265316439,0.02423768626269857,-0.0006585257510624617,0.029969510227114773,10
k10_thr,none,174,reitsma,1.7346010553881064,1.7346010553881064,1.4081734889617117,2.206259936878692,True,0.5265386817128647,0.03163878836996833,-0.01590799501903578,0.032731442932427995,10
k10_thr,none,174,reitsma_indep,1.7346010553881064,1.7346010553881064,1.3440176996871451,2.208523470499299,True,0.5988552768036393,0.028699767524301915,0.0,0.03526952814352233,10
k10_thr,none,174,sep_univariate,1.7346010553881064,1.7346010553881064,1.3743475077800447,2.2135848704851786,True,0.690313351447958,0.03555284289386319,0.0,0.037831405786828864,10
k10_thr,none,174,adaptshrink_dta,1.7346010553881064,1.7346010553881064,1.3783473106661517,2.207069024764242,True,0.620914755836358,0.033095940604593796,-0.0034344844762683835,0.03323577973305575,10
k10_thr,none,175,reitsma,1.7346010553881064,1.7346010553881064,1.4909325665031967,1.7603624831584745,True,0.6136797751838492,0.05894715902867695,-0.014709640724805675,0.021703096742865465,10
k10_thr,none,175,reitsma_indep,1.7346010553881064,1.7346010553881064,1.4300362790259116,1.7507857715429422,True,0.6665064772748189,0.054683552986656364,0.0,0.022929062132959525,10
k10_thr,none,175,sep_univariate,1.7346010553881064,1.7346010553881064,1.4465590702520643,1.751003268554867,True,0.7204434792984129,0.06339772966285577,0.0,0.023107895302375087,10
k10_thr,none,175,adaptshrink_dta,1.7346010553881064,1.7346010553881064,1.4675675376221216,1.7548174258429283,True,0.6710665209380066,0.060029839170758374,-0.006820275889991085,0.02194865603357331,10
k10_thr,none,176,reitsma,1.7346010553881064,1.7346010553881064,1.3278046745569594,1.6506595162575053,True,0.8264334344363606,0.04224823902180487,-0.016463179757333034,0.05204437600533082,10
k10_thr,none,176,reitsma_indep,1.7346010553881064,1.7346010553881064,1.275281591484834,1.6391798799549477,True,0.8116060845454524,0.035304717452337764,0.0,0.05266136540171087,10
k10_thr,none,176,sep_univariate,1.7346010553881064,1.7346010553881064,1.279987753752434,1.647321220691503,True,0.9700004753735151,0.043142451092321336,0.0,0.061556418796939495,10
k10_thr,none,176,adaptshrink_dta,1.7346010553881064,1.7346010553881064,1.3022868467038582,1.6444181894218322,True,0.8783405095554166,0.04285647027820299,-0.007657759078533903,0.0521776743124895,10
k10_thr,none,177,reitsma,1.7346010553881064,1.7346010553881064,1.266761267205322,1.8262424061837792,True,0.35446617092985244,0.027002098173825952,-0.012518559709385327,0.018937461042727553,10
k10_thr,none,177,reitsma_indep,1.7346010553881064,1.7346010553881064,1.2414635756914671,1.8123949050110757,True,0.4101413618106178,0.02415730015220146,0.0,0.019654093134853633,10
k10_thr,none,177,sep_univariate,1.7346010553881064,1.7346010553881064,1.2525128909417602,1.8260325725817177,True,0.5264762459495804,0.03020724289153188,0.0,0.025898865567994356,10
k10_thr,none,177,adaptshrink_dta,1.7346010553881064,1.7346010553881064,1.2582559241554125,1.8192505885698391,True,0.4208291719215951,0.027716397583839376,-0.005799048075395842,0.01924803341812538,10
k10_thr,none,178,reitsma,1.7346010553881064,1.7346010553881064,1.7646158657146018,1.6105062796167022,True,0.9054582876080477,0.050304624458208394,-0.03770936927890933,0.07426828403636232,10
k10_thr,none,178,reitsma_indep,1.7346010553881064,1.7346010553881064,1.803443362614784,1.636009397261329,True,1.2171150527326644,0.05232656255535908,0.0,0.0799052525036775,10
k10_thr,none,178,sep_univariate,1.7346010553881064,1.7346010553881064,1.83559759514728,1.6442832476108833,True,1.4687266970892887,0.06607794376881346,0.0,0.09214244353224067,10
k10_thr,none,178,adaptshrink_dta,1.7346010553881064,1.7346010553881064,1.805492752568636,1.6276091148282934,True,1.1306925191602972,0.05254097503823415,-0.017515273038385005,0.07451815453764635,10
k10_thr,none,179,reitsma,1.7346010553881064,1.7346010553881064,1.6162443925265715,1.5704238666014914,True,0.7703044213566408,0.05566610429248733,-0.031484748931440515,0.04789403522517623,10
k10_thr,none,179,reitsma_indep,1.7346010553881064,1.7346010553881064,1.5905829484545375,1.5569148045634924,True,0.9804925644632395,0.057299696105274564,0.0,0.04735551427942987,10
k10_thr,none,179,sep_univariate,1.7346010553881064,1.7346010553881064,1.6030477199805058,1.5630709111198684,True,1.1197018399843628,0.0671135219397959,0.0,0.05272650934250677,10
k10_thr,none,179,adaptshrink_dta,1.7346010553881064,1.7346010553881064,1.6102521749512217,1.5690805480099128,True,0.9516381131374543,0.057424169016382684,-0.014667955226098409,0.0482592858545689,10
k10_thr,none,180,reitsma,1.7346010553881064,1.7346010553881064,2.245482888366387,1.443211507310114,True,0.6819755602782479,0.028566445084662287,-0.0010334412720811202,0.045990579317392664,10
k10_thr,none,180,reitsma_indep,1.7346010553881064,1.7346010553881064,2.242354758748768,1.4424360006120855,True,0.6811702138620352,0.028537789562815122,0.0,0.04589075825574489,10
k10_thr,none,180,sep_univariate,1.7346010553881064,1.7346010553881064,2.242354758748767,1.4445002473334119,True,0.7060279597860826,0.02853778956281508,0.0,0.04930122790384475,10
k10_thr,none,180,adaptshrink_dta,1.7346010553881064,1.7346010553881064,2.2430536782560537,1.4426580146828043,True,0.6822951771969085,0.028570846213997754,-0.00022390974336727068,0.04599094540159121,10
k10_thr,none,181,reitsma,1.7346010553881064,1.7346010553881064,1.8712615328875712,1.70855845127466,True,0.6935742745319979,0.03431575603542667,-0.016476990295477265,0.04747797143623244,10
k10_thr,none,181,reitsma_indep,1.7346010553881064,1.7346010553881064,1.8570975856893752,1.695584439470301,True,0.6670313960151828,0.026594426775770764,0.0,0.047221109270199936,10
k10_thr,none,181,sep_univariate,1.7346010553881064,1.7346010553881064,1.8570975856893728,1.7145989432877624,True,0.7391493739552158,0.026594426775770036,0.0,0.057983985077138,10
k10_thr,none,181,adaptshrink_dta,1.7346010553881064,1.7346010553881064,1.8733965802345636,1.7014556713094058,True,0.7679477006266648,0.03508186641345758,-0.003548926067365638,0.04780668109332644,10
k10_thr,none,182,reitsma,1.7346010553881064,1.7346010553881064,1.4515701226241542,1.7806808205965803,True,0.584411370573682,0.0390110763938043,-0.016729549876919353,0.03188493758724111,10
k10_thr,none,182,reitsma_indep,1.7346010553881064,1.7346010553881064,1.3724334613732392,1.7869017753056031,True,0.6327200401797884,0.034950968740610114,0.0,0.032329443539118596,10
k10_thr,none,182,sep_univariate,1.7346010553881064,1.7346010553881064,1.3735537313774238,1.7868437915057735,True,0.6368682563384601,0.035216334902372456,0.0,0.03250793008729296,10
k10_thr,none,182,adaptshrink_dta,1.7346010553881064,1.7346010553881064,1.4255140477149184,1.7839919092937337,True,0.6578139624320906,0.04013319889671267,-0.007785544316158386,0.031942770400732325,10
k10_thr,none,183,reitsma,1.7346010553881064,1.7346010553881064,1.4727461775055988,1.5819821954343636,True,0.9290733132844056,0.04489924094703946,-0.02830385883002945,0.07210429037423373,10
k10_thr,none,183,reitsma_indep,1.7346010553881064,1.7346010553881064,1.3920878023785555,1.5458669540739503,True,1.063575889339824,0.04819579482214272,0.0,0.06624637020086908,10
k10_thr,none,183,sep_univariate,1.7346010553881064,1.7346010553881064,1.3969408144403856,1.5428693664764257,True,1.0726519904861749,0.053420591029754126,0.0,0.06079155666373725,10
k10_thr,none,183,adaptshrink_dta,1.7346010553881064,1.7346010553881064,1.4253799453136549,1.5638638083198455,True,1.0626623937314001,0.04638763594653366,-0.013156341207196323,0.07244179487089293,10
k10_thr,none,184,reitsma,1.7346010553881064,1.7346010553881064,1.5879028652028655,1.9492562267540543,True,0.526795399969322,0.04843287077136995,-0.008658735913546434,0.01772052363282368,10
k10_thr,none,184,reitsma_indep,1.7346010553881064,1.7346010553881064,1.5301610452231467,1.9555848760099286,True,0.5194101254304702,0.04175523987478549,0.0,0.018236609853467835,10
k10_thr,none,184,sep_univariate,1.7346010553881064,1.7346010553881064,1.5456784990136243,1.9601482223606357,True,0.5884956594153415,0.04604726452471936,0.0,0.021228385181979482,10
k10_thr,none,184,adaptshrink_dta,1.7346010553881064,1.7346010553881064,1.574949474037046,1.9538045673924584,True,0.5517007441427523,0.04897549081592959,-0.004018957313676348,0.01787113163360696,10
k10_thr,none,185,reitsma,1.7346010553881064,1.7346010553881064,1.7868138511507174,1.7135574651747303,True,1.0132604767770457,0.06037847891430972,-0.059559770339775504,0.10674697624202296,10
k10_thr,none,185,reitsma_indep,1.7346010553881064,1.7346010553881064,1.7744320351563847,1.7015197261497335,True,1.4133455993280524,0.05870353291497755,0.0,0.09604323282904306,10
k10_thr,none,185,sep_univariate,1.7346010553881064,1.7346010553881064,1.797698981193251,1.6874867851205593,True,1.3686199089350286,0.06868011183524937,0.0,0.0769784176854528,10
k10_thr,none,185,adaptshrink_dta,1.7346010553881064,1.7346010553881064,1.8088275032469494,1.7135055992436015,True,1.5692916569821778,0.06600262331465592,-0.012813185317350564,0.10780005844589766,10
k10_thr,none,186,reitsma,1.7346010553881064,1.7346010553881064,1.6844603707182744,1.8254157832069278,True,1.0000555445876205,0.07128644727716413,-0.008124416970774597,0.04052413713231443,10
k10_thr,none,186,reitsma_indep,1.7346010553881064,1.7346010553881064,1.6750362591702515,1.815993266934909,True,1.0112130594984374,0.07123203574110104,0.0,0.04051765015062348,10
k10_thr,none,186,sep_univariate,1.7346010553881064,1.7346010553881064,1.6793335645499794,1.8210598553064985,True,1.190995205586485,0.07661143712698829,0.0,0.05225895055805465,10
k10_thr,none,186,adaptshrink_dta,1.7346010553881064,1.7346010553881064,1.6763536277646365,1.817130260756549,True,1.01219930366249,0.07134663513081578,-0.0009477223736196946,0.040544104159463794,10
k10_thr,none,187,reitsma,1.7346010553881064,1.7346010553881064,1.643081709113567,1.4118590401897169,True,0.7137691968172439,0.05126212356476732,0.00481001599834424,0.02850265070791225,10
k10_thr,none,187,reitsma_indep,1.7346010553881064,1.7346010553881064,1.6286645104876112,1.4136807284232238,True,0.712444744357358,0.04984214755511558,0.0,0.028743516208488605,10
k10_thr,none,187,sep_univariate,1.7346010553881064,1.7346010553881064,1.6367272242412065,1.425456430925523,True,0.8272154855520976,0.053577603246940934,0.0,0.03604859118940609,10
k10_thr,none,187,adaptshrink_dta,1.7346010553881064,1.7346010553881064,1.6375091818954397,1.4128836156354259,True,0.7189380284815111,0.05133685759011417,0.002243608380836542,0.02851568670240841,10
k10_thr,none,188,reitsma,1.7346010553881064,1.7346010553881064,1.7482883164656509,1.4081831457779632,True,0.658867996841234,0.04194459160897932,0.004281871361891813,0.029648695571976975,10
k10_thr,none,188,reitsma_indep,1.7346010553881064,1.7346010553881064,1.7299927488443592,1.407259087966402,True,0.6504468939553698,0.04051979730609892,0.0,0.02947071625568886,10
k10_thr,none,188,sep_univariate,1.7346010553881064,1.7346010553881064,1.7512790164919945,1.410302490284663,True,0.7220890933204673,0.04817794406961421,0.0,0.03054693033389158,10
k10_thr,none,188,adaptshrink_dta,1.7346010553881064,1.7346010553881064,1.7414025812154212,1.4082374737535157,True,0.663442044822306,0.04201490875231166,0.0019970738748460275,0.02966393864541832,10
k10_thr,none,189,reitsma,1.7346010553881064,1.7346010553881064,1.6045197101003945,1.7426612712040446,True,0.5860639107329629,0.030853611227297597,0.0017776302303570152,0.031523289268282635,10
k10_thr,none,189,reitsma_indep,1.7346010553881064,1.7346010553881064,1.6112583288018942,1.7413893754119163,True,0.5895293635903862,0.03120319318641872,0.0,0.03143736302045252,10
k10_thr,none,189,sep_univariate,1.7346010553881064,1.7346010553881064,1.6265260922751301,1.7412416688531052,True,0.6212750056374269,0.03489132972486376,0.0,0.03122371038091532,10
k10_thr,none,189,adaptshrink_dta,1.7346010553881064,1.7346010553881064,1.6074367087862207,1.7420301492880617,True,0.5869218159247347,0.03086441720700912,0.0008295227267400014,0.0315241903795955,10
k10_thr,none,190,reitsma,1.7346010553881064,1.7346010553881064,1.53128619667298,1.6906570442258924,True,0.5333239445122725,0.053693590473615646,-0.02775640638793536,0.02930023573657116,10
k10_thr,none,190,reitsma_indep,1.7346010553881064,1.7346010553881064,1.5415210576237595,1.6503934574069459,True,0.6971055858851559,0.05373094995203713,0.0,0.025527417043432695,10
k10_thr,none,190,sep_univariate,1.7346010553881064,1.7346010553881064,1.5477949873683226,1.6627217198300015,True,0.8074679302747778,0.058665716504595476,0.0,0.031368984033459446,10
k10_thr,none,190,adaptshrink_dta,1.7346010553881064,1.7346010553881064,1.547342715289491,1.6699783621327686,True,0.77471341510196,0.05657219382899271,-0.005847453026408466,0.030548655532657964,10
k10_thr,none,191,reitsma,1.7346010553881064,1.7346010553881064,1.6333851836897508,1.7216491833290497,True,0.34224524181004656,0.022566208923845903,0.0005651527045463174,0.014664588130295716,10
k10_thr,none,191,reitsma_indep,1.7346010553881064,1.7346010553881064,1.6317181020945535,1.7230948048999246,True,0.3417439563978539,0.02249311014669074,0.0,0.014655020927545183,10
k10_thr,none,191,sep_univariate,1.7346010553881064,1.7346010553881064,1.6317181020945535,1.7320537503358102,True,0.36004722559265107,0.02249311014669065,0.0,0.016266858707885568,10
k10_thr,none,191,adaptshrink_dta,1.7346010553881064,1.7346010553881064,1.6320320039514693,1.7228474406633687,True,0.34244744496488866,0.022569141593200677,0.0001224389347407914,0.014666509086275554,10
k10_thr,none,192,reitsma,1.7346010553881064,1.7346010553881064,1.211200299428893,1.7580505637123978,True,0.44837291703316595,0.03984691840943989,-0.0011696039111925684,0.01427460225540004,10
k10_thr,none,192,reitsma_indep,1.7346010553881064,1.7346010553881064,1.2126546761566912,1.7565024732920544,True,0.4506617113205875,0.03994706419945528,0.0,0.01434996105664789,10
k10_thr,none,192,sep_univariate,1.7346010553881064,1.7346010553881064,1.216365221991612,1.7617248122843994,True,0.5009492522295389,0.045936177387842614,0.0,0.015419378884324902,10
k10_thr,none,192,adaptshrink_dta,1.7346010553881064,1.7346010553881064,1.2119502502678516,1.7570688018294771,True,0.4488504857098051,0.0398483954598179,-0.0005457916848762333,0.014277569325419253,10
k10_thr,none,193,reitsma,1.7346010553881064,1.7346010553881064,1.7033882752289737,1.5142336651340889,True,0.4923910117908565,0.019371086394553424,-0.011330722058210368,0.04195416759156562,10
k10_thr,none,193,reitsma_indep,1.7346010553881064,1.7346010553881064,1.5967042345861964,1.5084528254657295,True,0.4118238205502015,0.01167474754326668,0.0,0.04100243940321449,10
k10_thr,none,193,sep_univariate,1.7346010553881064,1.7346010553881064,1.6122895137242503,1.507557605916573,True,0.5803937603068876,0.019024537482897404,0.0,0.0499764759924314,10
k10_thr,none,193,adaptshrink_dta,1.7346010553881064,1.7346010553881064,1.6269275344052396,1.5087010056764227,True,0.5526047960740603,0.020571095910515442,-0.0013155941978054034,0.04198337613262774,10
k10_thr,none,194,reitsma,1.7346010553881064,1.7346010553881064,1.7299787831006916,1.8053315732938322,True,0.39164919198870213,0.03150373318315972,-0.011394840402854222,0.017864022820405282,10
k10_thr,none,194,reitsma_indep,1.7346010553881064,1.7346010553881064,1.669745680870485,1.783820021922589,True,0.3880134273771953,0.023860905432743846,0.0,0.017809054257252294,10
k10_thr,none,194,sep_univariate,1.7346010553881064,1.7346010553881064,1.681228746506151,1.7879712131155918,True,0.4485247000626696,0.028461748889418863,0.0,0.019950115445516618,10
k10_thr,none,194,adaptshrink_dta,1.7346010553881064,1.7346010553881064,1.6995565042815342,1.7892288828431244,True,0.4569080625140911,0.03262527188557296,-0.002435887316418585,0.018242702391929752,10
k10_thr,none,195,reitsma,1.7346010553881064,1.7346010553881064,1.5517524073281863,2.000258127274728,True,0.6871768274236129,0.022038869123429006,0.0031862200599719844,0.06093648949958903,10
k10_thr,none,195,reitsma_indep,1.7346010553881064,1.7346010553881064,1.5667428075303105,1.996913935563727,True,0.7093801965824456,0.023354046378895266,0.0,0.06081773602287367,10
k10_thr,none,195,sep_univariate,1.7346010553881064,1.7346010553881064,1.544021359185918,1.9884516413464288,True,0.6479633001135703,0.02086472999017959,0.0,0.05679659697585759,10
k10_thr,none,195,adaptshrink_dta,1.7346010553881064,1.7346010553881064,1.5547753914970004,1.998831932542414,True,0.6905229764304042,0.02211676380681473,0.0014855890287992428,0.060950960463320804,10
k10_thr,none,196,reitsma,1.7346010553881064,1.7346010553881064,1.201601051066358,1.7870417677058035,True,1.0897170396005769,0.07233385596625809,-0.030006959980920383,0.05878425031168549,10
k10_thr,none,196,reitsma_indep,1.7346010553881064,1.7346010553881064,1.1596074337539246,1.7830045066182716,True,1.2298714208429784,0.07033628638081485,0.0,0.06069798188035625,10
k10_thr,none,196,sep_univariate,1.7346010553881064,1.7346010553881064,1.1631004135706944,1.791937199677915,True,1.3511025208478666,0.07393535152124396,0.0,0.06968811757313736,10
k10_thr,none,196,adaptshrink_dta,1.7346010553881064,1.7346010553881064,1.181145725911524,1.7873141616307615,True,1.2038828843610514,0.07272168736744765,-0.014022370090384968,0.058955934752440424,10
k10_thr,none,197,reitsma,1.7346010553881064,1.7346010553881064,1.2719481137078754,1.7739144359189334,True,0.3575275557581978,0.014015539094072217,-0.005361477018130472,0.027793040902417684,10
k10_thr,none,197,reitsma_indep,1.7346010553881064,1.7346010553881064,1.161515131413842,1.7773153404229045,True,0.3502600516328932,0.01229676442198447,0.0,0.02815947986219238,10
k10_thr,none,197,sep_univariate,1.7346010553881064,1.7346010553881064,1.2211436716705357,1.773719589472712,True,0.5540826664911076,0.020846303041251586,0.0,0.04156754241478881,10
k10_thr,none,197,adaptshrink_dta,1.7346010553881064,1.7346010553881064,1.206503804810915,1.7755502938678058,True,0.39522608478187765,0.015841100454851303,-0.0011274721132695027,0.027911971187111147,10
k10_thr,none,198,reitsma,1.7346010553881064,1.7346010553881064,1.7429000560694916,1.2688073500078447,True,0.53606138661396,0.031197756285762768,0.0016582225391950475,0.026086138844731772,10
k10_thr,none,198,reitsma_indep,1.7346010553881064,1.7346010553881064,1.7408643251586897,1.2682254214682032,True,0.5338744819501384,0.03098998478563398,0.0,0.025959195547544927,10
k10_thr,none,198,sep_univariate,1.7346010553881064,1.7346010553881064,1.7143800945980625,1.2704151649524813,True,0.5029726804584002,0.026398164137787377,0.0,0.027048882979829904,10
k10_thr,none,198,adaptshrink_dta,1.7346010553881064,1.7346010553881064,1.7425308698206485,1.2686880387602315,True,0.5369207313808574,0.03121231962335849,0.0007737402032257199,0.02608843253319946,10
k10_thr,none,199,reitsma,1.7346010553881064,1.7346010553881064,1.5827716709625042,2.0269240386917753,True,1.1232976611436363,0.0845086500497577,-0.023180503491252908,0.048501096161083744,10
k10_thr,none,199,reitsma_indep,1.7346010553881064,1.7346010553881064,1.5487295982716696,1.990321319903997,True,1.1877873821884886,0.08053235223502823,0.0,0.04944715368767292,10
k10_thr,none,199,sep_univariate,1.7346010553881064,1.7346010553881064,1.5535938798578757,2.00590666327213,True,1.3570875699828786,0.08706071088808023,0.0,0.059707350958815325,10
k10_thr,none,199,adaptshrink_dta,1.7346010553881064,1.7346010553881064,1.5561485448953478,1.9943578739339332,True,1.2122388267061293,0.08487202401811178,-0.002706767745095483,0.048956746962117687,10
k10_thr,none,200,reitsma,1.7346010553881064,1.7346010553881064,1.0769694531619958,1.9839132902931804,True,0.9458242211479618,0.08656111460882966,-0.06234931359857744,0.07407945914989261,10
k10_thr,none,200,reitsma_indep,1.7346010553881064,1.7346010553881064,0.9847650607551865,1.986510419295362,True,1.291948572701247,0.06420031430845594,0.0,0.07338166569713948,10
k10_thr,none,200,sep_univariate,1.7346010553881064,1.7346010553881064,0.9985540092555646,1.998813043317969,True,1.5385855705102747,0.06922463640072934,0.0,0.09651990679953071,10
k10_thr,none,200,adaptshrink_dta,1.7346010553881064,1.7346010553881064,1.0706200326727597,1.9904127146136108,True,1.561879223287284,0.0934217635205023,-0.013311439780389173,0.07559902491521284,10
k10_thr,none,201,reitsma,1.7346010553881064,1.7346010553881064,1.3438582166930408,1.9617282213097795,True,0.5140016955983384,0.02799038340076712,-0.01085870022908901,0.03085381258621001,10
k10_thr,none,201,reitsma_indep,1.7346010553881064,1.7346010553881064,1.3778621254694443,1.9555678917997101,True,0.5955670086923733,0.033019845207985545,0.0,0.030319392700614765,10
k10_thr,none,201,sep_univariate,1.7346010553881064,1.7346010553881064,1.3851753218485734,1.9812057561071146,True,0.7907123042154608,0.036945416498492624,0.0,0.047765100274407446,10
k10_thr,none,201,adaptshrink_dta,1.7346010553881064,1.7346010553881064,1.360894688499928,1.962089853075833,True,0.5507710988955729,0.028394645097867002,-0.005039320889077967,0.03104801532723951,10
k10_thr,none,202,reitsma,1.7346010553881064,1.7346010553881064,1.916303274410721,1.7000074502907623,True,0.6591973073727463,0.054567656435497436,-0.023625686106608337,0.03270556737476677,10
k10_thr,none,202,reitsma_indep,1.7346010553881064,1.7346010553881064,1.840178625409958,1.7083589866404199,True,0.789183294843311,0.05127503212273997,0.0,0.034283416368537864,10
k10_thr,none,202,sep_univariate,1.7346010553881064,1.7346010553881064,1.8804066276672675,1.7109174148850286,True,0.927656722963898,0.06523583575338757,0.0,0.03723253693905142,10
k10_thr,none,202,adaptshrink_dta,1.7346010553881064,1.7346010553881064,1.897861360302537,1.7066651129918582,True,0.785682748860935,0.056818795750800816,-0.011020453330661137,0.032802059536325895,10
k10_thr,none,203,reitsma,1.7346010553881064,1.7346010553881064,1.749065964337724,1.581148523285002,True,0.2770947699831366,0.025029169305327326,0.00282986845650632,0.008978489335758146,10
k10_thr,none,203,reitsma_indep,1.7346010553881064,1.7346010553881064,1.7373129872759738,1.5721779382833938,True,0.2731791434176136,0.02465845106124162,0.0,0.00854207838179473,10
k10_thr,none,203,sep_univariate,1.7346010553881064,1.7346010553881064,1.726941689615481,1.5848913065223256,True,0.29079600557449115,0.023052263495983473,0.0,0.010353747397693368,10
k10_thr,none,203,adaptshrink_dta,1.7346010553881064,1.7346010553881064,1.7440291505635857,1.5781139562048987,True,0.2851548521823662,0.02534138083350169,0.000604959151357464,0.009071048831144091,10
k10_thr,none,204,reitsma,1.7346010553881064,1.7346010553881064,1.6103435748385662,1.5736679729804373,True,1.0371090452748346,0.0822672229068511,-0.04499599361065039,0.06151306493500139,10
k10_thr,none,204,reitsma_indep,1.7346010553881064,1.7346010553881064,1.5416339345392447,1.5438097028869675,True,1.2096097725637385,0.07151790611604651,0.0,0.05774442350413274,10
k10_thr,none,204,sep_univariate,1.7346010553881064,1.7346010553881064,1.5416861525730692,1.5416285781218764,True,1.1857834118221782,0.07154569093896344,0.0,0.05547042917208818,10
k10_thr,none,204,adaptshrink_dta,1.7346010553881064,1.7346010553881064,1.6026487136824845,1.5628175090452423,True,1.3222333487768811,0.08626246344021836,-0.020792744906375293,0.06221618620993264,10
k10_thr,none,205,reitsma,1.7346010553881064,1.7346010553881064,1.4781105759891071,1.7041836557534644,True,0.3882856872366762,0.012639526190155322,-0.007333054273928546,0.03792154764524444,10
k10_thr,none,205,reitsma_indep,1.7346010553881064,1.7346010553881064,1.4603307537985704,1.7039450966354188,True,0.3839325570624616,0.010926150432680701,0.0,0.03807824940185532,10
k10_thr,none,205,sep_univariate,1.7346010553881064,1.7346010553881064,1.4672850971930729,1.710401723631397,True,0.4761116912219294,0.012921988324473827,0.0,0.04951338460653846,10
k10_thr,none,205,adaptshrink_dta,1.7346010553881064,1.7346010553881064,1.4699911221668744,1.7043754874432946,True,0.41446670862978485,0.012843475387106543,-0.001587447571417906,0.03794742973575173,10
k10_thr,none,206,reitsma,1.7346010553881064,1.7346010553881064,1.7989510728205604,1.9135807853260063,True,0.9728369766734695,0.12154364932462784,-0.05025168498963263,0.04275403179781224,10
k10_thr,none,206,reitsma_indep,1.7346010553881064,1.7346010553881064,1.4613443819541923,1.895575845388625,True,0.9168247772376648,0.0541474249658377,0.0,0.04381563821865319,10
k10_thr,none,206,sep_univariate,1.7346010553881064,1.7346010553881064,1.5271306389181962,1.9180674132410431,True,1.2450674160891495,0.0734492267831659,0.0,0.05957070967167602,10
k10_thr,none,206,adaptshrink_dta,1.7346010553881064,1.7346010553881064,1.7118269647180058,1.903858550150126,True,1.4281653024541896,0.133418115564159,-0.010871571405107572,0.04403543449404441,10
k10_thr,none,207,reitsma,1.7346010553881064,1.7346010553881064,2.2743188447015887,1.4545319839706454,True,0.5864309388544141,0.03547286019382604,-0.009191317926688411,0.029745058431996527,10
k10_thr,none,207,reitsma_indep,1.7346010553881064,1.7346010553881064,2.196856653265941,1.4436113106011434,True,0.5776723213590916,0.03125973396852594,0.0,0.030130900247694346,10
k10_thr,none,207,sep_univariate,1.7346010553881064,1.7346010553881064,2.1968566532659395,1.4463687614372314,True,0.634103006650091,0.03125973396852576,0.0,0.036305181653984615,10
k10_thr,none,207,adaptshrink_dta,1.7346010553881064,1.7346010553881064,2.2191520611897158,1.4443989383615796,True,0.6226168796144608,0.03673645170813242,-0.0009146503890482422,0.029806485847104987,10
k10_thr,none,208,reitsma,1.7346010553881064,1.7346010553881064,1.6140883915034308,1.8459188794534773,True,0.4696336272977802,0.041013935566357636,-0.00693589847014005,0.0163511674481237,10
k10_thr,none,208,reitsma_indep,1.7346010553881064,1.7346010553881064,1.61108609196786,1.8594282436636078,True,0.4755179710828593,0.03884685315714373,0.0,0.01642904398876719,10
k10_thr,none,208,sep_univariate,1.7346010553881064,1.7346010553881064,1.6268602507601853,1.8655548563175834,True,0.5171277871209985,0.04237037059008852,0.0,0.017814258645979585,10
k10_thr,none,208,adaptshrink_dta,1.7346010553881064,1.7346010553881064,1.6236575701626565,1.8588661047356818,True,0.491671612653419,0.041465433095849324,-0.0008040191004390088,0.016470606810920295,10
k10_thr,none,209,reitsma,1.7346010553881064,1.7346010553881064,1.4260030166330602,1.765727962596233,True,0.7366974669639323,0.031002449809845633,-0.01969158330204049,0.061917548241209194,10
k10_thr,none,209,reitsma_indep,1.7346010553881064,1.7346010553881064,1.4212728024979224,1.7365102330064248,True,0.7693250097260238,0.030613119788752082,0.0,0.05456904810149636,10
k10_thr,none,209,sep_univariate,1.7346010553881064,1.7346010553881064,1.43147267005984,1.728982496206367,True,0.7887745452351027,0.03465945197108449,0.0,0.05066620189000788,10
k10_thr,none,209,adaptshrink_dta,1.7346010553881064,1.7346010553881064,1.4319368763844347,1.7628067304688326,True,0.8190453930768213,0.03171839032231489,-0.009157779702895255,0.06233920070472338,10
k10_thr,none,210,reitsma,1.7346010553881064,1.7346010553881064,1.5509137724707647,1.7378426573841754,True,0.7990693816998209,0.08862685055505874,-0.029212923412668367,0.029963785947200065,10
k10_thr,none,210,reitsma_indep,1.7346010553881064,1.7346010553881064,1.5372610831557383,1.7004571470436296,True,0.9267499253330999,0.08278569942705978,0.0,0.029282224370188938,10
k10_thr,none,210,sep_univariate,1.7346010553881064,1.7346010553881064,1.5398473550173557,1.7062203067930983,True,1.0334713378346752,0.09630545633104655,0.0,0.031302588092662946,10
k10_thr,none,210,adaptshrink_dta,1.7346010553881064,1.7346010553881064,1.543696317977578,1.7237834966779673,True,0.9503987738730436,0.08895455517803601,-0.013599475840201021,0.03073921080347924,10
k10_thr,none,211,reitsma,1.7346010553881064,1.7346010553881064,1.879248123533748,1.2823767577335903,True,0.6412194659668319,0.05203498108939746,-0.01743775764535492,0.028146106529033686,10
k10_thr,none,211,reitsma_indep,1.7346010553881064,1.7346010553881064,1.914362052699162,1.2774279679513563,True,0.7611540528295299,0.05961681314278919,0.0,0.027429041933767145,10
k10_thr,none,211,sep_univariate,1.7346010553881064,1.7346010553881064,1.9328449709541335,1.2759101868373608,True,0.8016818873596739,0.06776286235862068,0.0,0.02676989497809091,10
k10_thr,none,211,adaptshrink_dta,1.7346010553881064,1.7346010553881064,1.8991262532370132,1.2842714604217573,True,0.715766489145534,0.05331192350343893,-0.008111498224898843,0.028358109451667588,10
k10_thr,none,212,reitsma,1.7346010553881064,1.7346010553881064,1.6542687717684983,1.7245197728135027,True,0.5736480126518517,0.015259518718567814,-0.01636011660763125,0.07840744873710304,10
k10_thr,none,212,reitsma_indep,1.7346010553881064,1.7346010553881064,1.5987694916089747,1.7269033896505543,True,0.6143478718227098,0.013564296036447708,0.0,0.07853544767934238,10
k10_thr,none,212,sep_univariate,1.7346010553881064,1.7346010553881064,1.6115721382468888,1.7286110348630817,True,0.6800524850609644,0.015422921345274133,0.0,0.08463548497048477,10
k10_thr,none,212,adaptshrink_dta,1.7346010553881064,1.7346010553881064,1.6277259634520727,1.7271767393274022,True,0.6719900069665969,0.01640567956491136,-0.0035412051443293115,0.07845447605317626,10
k10_thr,none,213,reitsma,1.7346010553881064,1.7346010553881064,1.858316530683118,0.9469188833513598,True,0.8642130647312181,0.042319653665837,-0.04176817687937648,0.09103586787831755,10
k10_thr,none,213,reitsma_indep,1.7346010553881064,1.7346010553881064,1.7438577089761835,0.9491733242623227,True,1.1659073523183436,0.04211353745761408,0.0,0.09110466721566232,10
k10_thr,none,213,sep_univariate,1.7346010553881064,1.7346010553881064,1.7753958574587791,0.9263783938596969,True,1.0143308619772544,0.04979093446596837,0.0,0.05832345846171803,10
k10_thr,none,213,adaptshrink_dta,1.7346010553881064,1.7346010553881064,1.798597706328583,0.9537718125428684,True,1.243682144700169,0.04856972794536763,-0.009088140481585363,0.0915855659478294,10
k10_thr,none,214,reitsma,1.7346010553881064,1.7346010553881064,1.6711939966179317,1.5409647817202088,True,0.7276389055490894,0.028465551648020046,-0.0167901018736143,0.062401913024869374,10
k10_thr,none,214,reitsma_indep,1.7346010553881064,1.7346010553881064,1.6189769209533664,1.514307820312514,True,0.6867221325759377,0.022668404133780278,0.0,0.05871856176003894,10
k10_thr,none,214,sep_univariate,1.7346010553881064,1.7346010553881064,1.6319792034282843,1.512183733661972,True,0.7665777125896149,0.029161634896554316,0.0,0.056876750418821335,10
k10_thr,none,214,adaptshrink_dta,1.7346010553881064,1.7346010553881064,1.641390871722944,1.5249373635232837,True,0.8052715893158146,0.029427673334997483,-0.003633550939093328,0.06264474048813501,10
k10_thr,none,215,reitsma,1.7346010553881064,1.7346010553881064,1.7707452063221352,1.6441344061045617,True,0.6894220943010312,0.030254974933499566,0.00700781770155374,0.045964430980866014,10
k10_thr,none,215,reitsma_indep,1.7346010553881064,1.7346010553881064,1.7824573682944396,1.6507308848414124,True,0.7227277772504104,0.0316876925420145,0.0,0.04652572450121081,10
k10_thr,none,215,sep_univariate,1.7346010553881064,1.7346010553881064,1.7888721686269635,1.6508130396302787,True,0.7911562441672929,0.03790097300260576,0.0,0.0466131473404176,10
k10_thr,none,215,adaptshrink_dta,1.7346010553881064,1.7346010553881064,1.7767466410867367,1.6476087483532689,True,0.7004840810118935,0.0303516536869331,0.0032691388139526817,0.04598190264313221,10
k10_thr,none,216,reitsma,1.7346010553881064,1.7346010553881064,1.5977980118856043,1.8631723119879675,True,0.7751449348565783,0.064391497200119,-0.023518827277429342,0.03492751004787525,10
k10_thr,none,216,reitsma_indep,1.7346010553881064,1.7346010553881064,1.5831728227697373,1.8684904564807356,True,0.9487823693476194,0.06397192600949314,0.0,0.03971714774124333,10
k10_thr,none,216,sep_univariate,1.7346010553881064,1.7346010553881064,1.6010494763006555,1.8757144748792745,True,1.1184198385286275,0.0796280372264734,0.0,0.04433819203949262,10
k10_thr,none,216,adaptshrink_dta,1.7346010553881064,1.7346010553881064,1.60009734361544,1.8678303551381863,True,0.8852792176088377,0.0655027040569522,-0.010881115237245814,0.03557788977502189,10
k10_thr,none,217,reitsma,1.7346010553881064,1.7346010553881064,1.5691242112339687,1.8430422547680685,True,0.7410423416823639,0.036859052852559936,-0.01308645815146554,0.046697205251075055,10
k10_thr,none,217,reitsma_indep,1.7346010553881064,1.7346010553881064,1.5704787867976893,1.8371418386690759,True,0.7851881096194887,0.03747993341780647,0.0,0.046428310993310115,10
k10_thr,none,217,sep_univariate,1.7346010553881064,1.7346010553881064,1.5809708191052476,1.845738264272602,True,0.9022605124159666,0.044445295256025995,0.0,0.051697837003362786,10
k10_thr,none,217,adaptshrink_dta,1.7346010553881064,1.7346010553881064,1.570894058359233,1.8418393397792605,True,0.7773608643186215,0.03721150252239527,-0.006096576628580329,0.046834383223026355,10
k10_thr,none,218,reitsma,1.7346010553881064,1.7346010553881064,1.7015143558930659,1.4050363508532218,True,0.21353774901869224,0.015416537788943942,-0.002973698680689026,0.00892187205189061,10
k10_thr,none,218,reitsma_indep,1.7346010553881064,1.7346010553881064,1.746251875210204,1.4045435938690047,True,0.23966347915358474,0.017454023463208092,0.0,0.009288432528114003,10
k10_thr,none,218,sep_univariate,1.7346010553881064,1.7346010553881064,1.7445689831492894,1.4168279462355837,True,0.275869243037912,0.019877730762729192,0.0,0.010806225585816207,10
k10_thr,none,218,adaptshrink_dta,1.7346010553881064,1.7346010553881064,1.7388488487929674,1.4038516848049118,True,0.2249238223387282,0.015862214915107666,-0.0006284458691680198,0.009026946912057675,10
k10_thr,none,219,reitsma,1.7346010553881064,1.7346010553881064,1.5017951846432613,1.8331129131630552,True,0.3902394643344149,0.017533935819568778,-0.0019671059383740406,0.024734858612279163,10
k10_thr,none,219,reitsma_indep,1.7346010553881064,1.7346010553881064,1.4887413414156507,1.8332142254432369,True,0.39098943216003734,0.017261233860667063,0.0,0.02499726353884495,10
k10_thr,none,219,sep_univariate,1.7346010553881064,1.7346010553881064,1.5076678980341844,1.8345191497147295,True,0.4586213329525173,0.021875172158428467,0.0,0.027138840699873823,10
k10_thr,none,219,adaptshrink_dta,1.7346010553881064,1.7346010553881064,1.4928931182806802,1.8330705935248184,True,0.39251771366675364,0.01758453538010229,-0.0004260319814157736,0.024740194984625638,10
k10_thr,none,220,reitsma,1.7346010553881064,1.7346010553881064,1.6024910636050653,1.5212287724863787,True,0.4564880457428385,0.02324090774650241,-0.009740442756071426,0.029389255425728626,10
k10_thr,none,220,reitsma_indep,1.7346010553881064,1.7346010553881064,1.584990466400225,1.524120239750654,True,0.5889625451613787,0.030647923020505934,0.0,0.0319454178073962,10
k10_thr,none,220,sep_univariate,1.7346010553881064,1.7346010553881064,1.6235085872878747,1.5262916289544217,True,0.7178263389462395,0.0403638601602412,0.0,0.03603133499473186,10
k10_thr,none,220,adaptshrink_dta,1.7346010553881064,1.7346010553881064,1.5648638617777522,1.5222005095931304,True,0.5083733525989269,0.024925824612471486,-0.0020946787180240144,0.029441148022974397,10
k10_thr,none,221,reitsma,1.7346010553881064,1.7346010553881064,1.2872975887588547,1.6613087053288347,True,0.6074089783911509,0.0349569224008541,0.0008413547557319976,0.029809768994502408,10
k10_thr,none,221,reitsma_indep,1.7346010553881064,1.7346010553881064,1.287884418577908,1.6612248791824162,True,0.6066795003686627,0.034882983448280926,0.0,0.02978100063783081,10
k10_thr,none,221,sep_univariate,1.7346010553881064,1.7346010553881064,1.2918082560984567,1.6660279024288094,True,0.6639440332184524,0.03677791602731147,0.0,0.03383063072492825,10
k10_thr,none,221,adaptshrink_dta,1.7346010553881064,1.7346010553881064,1.2877100308643645,1.6612878217013423,True,0.6075863901641045,0.03495801511944918,0.00039262843527326286,0.029810401425838615,10
k10_thr,none,222,reitsma,1.7346010553881064,1.7346010553881064,1.7973250175180555,1.7061017835290115,True,1.1858130631856696,0.11846254925440723,-0.025548965774760107,0.03901332821560914,10
k10_thr,none,222,reitsma_indep,1.7346010553881064,1.7346010553881064,1.7328226916521414,1.7157088151524738,True,1.2352865612022117,0.10811900436115186,0.0,0.03983526059811059,10
k10_thr,none,222,sep_univariate,1.7346010553881064,1.7346010553881064,1.7714143794517203,1.7239948083775367,True,1.417468436753312,0.12651160829646,0.0,0.04482607199552136,10
k10_thr,none,222,adaptshrink_dta,1.7346010553881064,1.7346010553881064,1.785206896963942,1.7139518704565866,True,1.2731976397172042,0.12018339133554033,-0.011898324424341791,0.03924782678294203,10
k10_thr,none,223,reitsma,1.7346010553881064,1.7346010553881064,1.2518001244720254,1.653572848101831,True,0.2774805925593971,0.020605461880458347,-6.051309096158582e-33,0.010546713280669992,10
k10_thr,none,223,reitsma_indep,1.7346010553881064,1.7346010553881064,1.2518001244720254,1.653572848101831,True,0.2774805925593971,0.020605461880458347,0.0,0.010546713280669992,10
k10_thr,none,223,sep_univariate,1.7346010553881064,1.7346010553881064,1.3108668736955593,1.6861360852740088,True,0.4491224268530646,0.03586933807647737,0.0,0.01587231919361047,10
k10_thr,none,223,adaptshrink_dta,1.7346010553881064,1.7346010553881064,1.251800124472718,1.6535728481027907,True,0.2774805925623395,0.02060546188061292,-1.3111169708284735e-33,0.010546713280814544,10
k10_thr,none,224,reitsma,1.7346010553881064,1.7346010553881064,1.5132237177440762,1.8045333320236494,True,0.6148575701194743,0.05470170675237937,-0.030048945321169886,0.036013237220594636,10
k10_thr,none,224,reitsma_indep,1.7346010553881064,1.7346010553881064,1.4983075901743506,1.8587402598447509,True,0.8633209113434073,0.05224571740642794,0.0,0.04026503592705809,10
k10_thr,none,224,sep_univariate,1.7346010553881064,1.7346010553881064,1.5506495418807562,1.8631914905298412,True,1.1586976475234951,0.07828498916461869,0.0,0.048405646132774365,10
k10_thr,none,224,adaptshrink_dta,1.7346010553881064,1.7346010553881064,1.5219817081098435,1.8544207643548751,True,0.8661731539838733,0.05809860948371145,-0.003430923842319361,0.03665096582812443,10
k10_thr,none,225,reitsma,1.7346010553881064,1.7346010553881064,1.5798457830043973,1.7821223483183828,True,0.8663769890344487,0.10041666093587037,-0.05872968407358455,0.05544669013169081,10
k10_thr,none,225,reitsma_indep,1.7346010553881064,1.7346010553881064,1.5406044684509799,1.7271518109498063,True,1.321398816817403,0.09231998141047237,0.0,0.05338341906989081,10
k10_thr,none,225,sep_univariate,1.7346010553881064,1.7346010553881064,1.5555024917672104,1.7415732061472768,True,1.513681649291889,0.10286088955516769,0.0,0.06287139301104758,10
k10_thr,none,225,adaptshrink_dta,1.7346010553881064,1.7346010553881064,1.572952645635762,1.7487284488386334,True,1.4678937439368196,0.10689502909908798,-0.012575374921226836,0.05837333391075337,10
k10_thr,none,226,reitsma,1.7346010553881064,1.7346010553881064,2.091030522040499,1.451910813902248,True,0.9331304546798542,0.08116787127234988,-0.04179488430707264,0.051799516307959745,10
k10_thr,none,226,reitsma_indep,1.7346010553881064,1.7346010553881064,2.058593664777521,1.4386583937851913,True,1.1865521887755892,0.08356996318954542,0.0,0.04755079098676641,10
k10_thr,none,226,sep_univariate,1.7346010553881064,1.7346010553881064,2.0854838366688697,1.432070598287659,True,1.2039654812914566,0.09624356524881253,0.0,0.04250995402858904,10
k10_thr,none,226,adaptshrink_dta,1.7346010553881064,1.7346010553881064,2.0960612302306068,1.4542103007913298,True,1.1931969927573836,0.08442596556157203,-0.01958640900642081,0.052141273982370326,10
k10_thr,none,227,reitsma,1.7346010553881064,1.7346010553881064,1.5510120574150177,1.4001147379120928,True,0.7659427898476036,0.05077970229917695,-0.009839892914154694,0.034515683587387734,10
k10_thr,none,227,reitsma_indep,1.7346010553881064,1.7346010553881064,1.5608893051131725,1.3957837457481894,True,0.800595344482983,0.05258162285378636,0.0,0.03440538339478878,10
k10_thr,none,227,sep_univariate,1.7346010553881064,1.7346010553881064,1.572118732936011,1.4081543659250884,True,0.9615844390885985,0.0578910148488768,0.0,0.045081458423621996,10
k10_thr,none,227,adaptshrink_dta,1.7346010553881064,1.7346010553881064,1.5561039953189852,1.398616286601851,True,0.7848702265227769,0.050947287125944776,-0.004590565468028474,0.034541478038195565,10
k10_thr,none,228,reitsma,1.7346010553881064,1.7346010553881064,1.1179193424131875,1.770987132049529,True,0.5050442366497174,0.04726418812558378,-0.024138611494664414,0.027560132004599183,10
k10_thr,none,228,reitsma_indep,1.7346010553881064,1.7346010553881064,1.0369785194772096,1.7689878462806257,True,0.6241209593025783,0.040820002853126834,0.0,0.026933870700592475,10
k10_thr,none,228,sep_univariate,1.7346010553881064,1.7346010553881064,1.042281251427614,1.7711040747299414,True,0.6931561599519662,0.042498569073138794,0.0,0.03190965682086259,10
k10_thr,none,228,adaptshrink_dta,1.7346010553881064,1.7346010553881064,1.0772952407299683,1.7698487810682435,True,0.6937407859930206,0.049462667523825415,-0.00516239104935081,0.02800199898656466,10
k10_thr,none,229,reitsma,1.7346010553881064,1.7346010553881064,1.5617858163999976,1.6312425351007351,True,0.5124529613766916,0.04976838193690127,-0.008320392480749639,0.016284247660424994,10
k10_thr,none,229,reitsma_indep,1.7346010553881064,1.7346010553881064,1.5557259134809471,1.6247387372493634,True,0.523156955286165,0.0476094944536564,0.0,0.016225747157453146,10
k10_thr,none,229,sep_univariate,1.7346010553881064,1.7346010553881064,1.561865100997547,1.6322419730340676,True,0.5934283868919071,0.05361134190518836,0.0,0.018540191829559904,10
k10_thr,none,229,adaptshrink_dta,1.7346010553881064,1.7346010553881064,1.5611894135104445,1.6296313495840304,True,0.5341958842702116,0.049999527996052194,-0.0038689794450253528,0.016408414623658996,10
k10_thr,none,230,reitsma,1.7346010553881064,1.7346010553881064,1.312412098263647,1.7552050139598296,True,0.5867191514699864,0.039350255499474046,-0.027707052911979665,0.044200401444231735,10
k10_thr,none,230,reitsma_indep,1.7346010553881064,1.7346010553881064,1.2249113806063683,1.7566842911070837,True,0.7869639693908278,0.03842089763143017,0.0,0.04549633967545355,10
k10_thr,none,230,sep_univariate,1.7346010553881064,1.7346010553881064,1.2427811480765982,1.7567025803754837,True,0.8369910592852337,0.04344433389096703,0.0,0.045513764908391444,10
k10_thr,none,230,adaptshrink_dta,1.7346010553881064,1.7346010553881064,1.2642404109613075,1.7601920229612837,True,0.8174427165859641,0.0429274468632258,-0.005989558704324431,0.04477103524160653,10
k10_thr,none,231,reitsma,1.7346010553881064,1.7346010553881064,1.698022018180647,1.5771201776357244,True,0.48384104660420574,0.043249293319949554,-0.015442013259013199,0.020791313054569088,10
k10_thr,none,231,reitsma_indep,1.7346010553881064,1.7346010553881064,1.7641051331091626,1.5845174747999025,True,0.6446343596311277,0.050285847947296104,0.0,0.023324663624728938,10
k10_thr,none,231,sep_univariate,1.7346010553881064,1.7346010553881064,1.769562750372046,1.5776687597083328,True,0.6487266710066559,0.05476771123302478,0.0,0.021688683028164065,10
k10_thr,none,231,adaptshrink_dta,1.7346010553881064,1.7346010553881064,1.73512381716057,1.5809205549919647,True,0.5632353970580062,0.04447637717906649,-0.007068899752544927,0.021255402044809194,10
k10_thr,none,232,reitsma,1.7346010553881064,1.7346010553881064,1.3460780811759159,1.733595840936753,True,0.5038375920967364,0.041958242106709655,0.008839313552452356,0.018938642732434556,10
k10_thr,none,232,reitsma_indep,1.7346010553881064,1.7346010553881064,1.3471044496452693,1.7431070174990642,True,0.5213629259785354,0.04250642162524474,0.0,0.01804928538785637,10
k10_thr,none,232,sep_univariate,1.7346010553881064,1.7346010553881064,1.3519442227804608,1.7788334647731212,True,0.6680949873267149,0.04578678911514428,0.0,0.027515062562168954,10
k10_thr,none,232,adaptshrink_dta,1.7346010553881064,1.7346010553881064,1.348906758980229,1.7440841012209747,True,0.5318605443969497,0.04220127493590767,0.004101815235982573,0.01931794622841177,10
k10_thr,none,233,reitsma,1.7346010553881064,1.7346010553881064,1.6466647501632334,1.8398304684017224,True,0.8693589684761228,0.07330013282405863,-0.02034449821351163,0.03474895980528439,10
k10_thr,none,233,reitsma_indep,1.7346010553881064,1.7346010553881064,1.6550983306384168,1.82553608765128,True,0.9665415628308066,0.07401067451050969,0.0,0.03562714102920394,10
k10_thr,none,233,sep_univariate,1.7346010553881064,1.7346010553881064,1.6562939797855405,1.8352045378706479,True,1.0201406035172378,0.07497290431205758,0.0,0.039178698001337164,10
k10_thr,none,233,adaptshrink_dta,1.7346010553881064,1.7346010553881064,1.6554533374957494,1.8352602489269523,True,0.9400365953717716,0.07359732229002822,-0.009495392111926633,0.035114313910760274,10
k10_thr,none,234,reitsma,1.7346010553881064,1.7346010553881064,1.611697609550525,1.9006978467017688,True,1.3089606971785852,0.07236441734903834,-0.02705261002161759,0.07694191623160088,10
k10_thr,none,234,reitsma_indep,1.7346010553881064,1.7346010553881064,1.602065671280355,1.8716951034297364,True,1.3616437820345544,0.0720783684523958,0.0,0.07260329546870116,10
k10_thr,none,234,sep_univariate,1.7346010553881064,1.7346010553881064,1.60755028033125,1.8887433981837911,True,1.5957224852674579,0.07789540027580528,0.0,0.09226504183958394,10
k10_thr,none,234,adaptshrink_dta,1.7346010553881064,1.7346010553881064,1.6085859655210784,1.8892691360658027,True,1.3891240082305916,0.0727017109058795,-0.012623317796146517,0.07710730534627373,10
k10_thr,none,235,reitsma,1.7346010553881064,1.7346010553881064,1.7314932914460743,1.4703743301212508,True,0.38220097904146283,0.01940295887429793,-0.007472754306466831,0.02412757525694682,10
k10_thr,none,235,reitsma_indep,1.7346010553881064,1.7346010553881064,1.743820995892697,1.4677775615342334,True,0.3727106150923586,0.01627935141463342,0.0,0.024084669588433562,10
k10_thr,none,235,sep_univariate,1.7346010553881064,1.7346010553881064,1.7647536168687794,1.4670104374586592,True,0.45287152070315845,0.024298857520251328,0.0,0.023823108758297153,10
k10_thr,none,235,adaptshrink_dta,1.7346010553881064,1.7346010553881064,1.7512346390217044,1.4700466120343094,True,0.41441391240880643,0.020115233948290817,-0.0016051834973786355,0.024225916917792727,10
k10_thr,none,236,reitsma,1.7346010553881064,1.7346010553881064,1.504429256229034,1.6372945812218829,True,0.510517232773565,0.017642444968171165,-0.010847582272912984,0.04836589661606113,10
k10_thr,none,236,reitsma_indep,1.7346010553881064,1.7346010553881064,1.4665317730141523,1.617691356923497,True,0.5788481314688607,0.019485446999327336,0.0,0.04853479117143298,10
k10_thr,none,236,sep_univariate,1.7346010553881064,1.7346010553881064,1.4665395766322251,1.6116746593407874,True,0.5576726985666532,0.02003937122155987,0.0,0.04380351319306247,10
k10_thr,none,236,adaptshrink_dta,1.7346010553881064,1.7346010553881064,1.4822310961348888,1.6273034896490064,True,0.5514439452356162,0.018179796228479865,-0.0050359927618121815,0.04860654437415802,10
k10_thr,none,237,reitsma,1.7346010553881064,1.7346010553881064,1.6042776270861334,1.4568542920131689,True,0.8276996986181046,0.04763993610703262,-0.007961511679161499,0.041919547080208945,10
k10_thr,none,237,reitsma_indep,1.7346010553881064,1.7346010553881064,1.5647374905955518,1.4582506937913224,True,0.8016530777366904,0.043828698662603506,0.0,0.04138553935134741,10
k10_thr,none,237,sep_univariate,1.7346010553881064,1.7346010553881064,1.6267344929277714,1.4556080941120857,True,0.891459574699637,0.05767942153574209,0.0,0.03888809584592798,10
k10_thr,none,237,adaptshrink_dta,1.7346010553881064,1.7346010553881064,1.5967453803524394,1.45845432389493,True,0.8417860200233546,0.048011895314582546,-0.0037132768508251588,0.04194426863869402,10
k10_thr,none,238,reitsma,1.7346010553881064,1.7346010553881064,2.015792198103881,1.52702093636031,True,1.2111250865099605,0.0738991615630963,-0.020558447767579015,0.06174310186548596,10
k10_thr,none,238,reitsma_indep,1.7346010553881064,1.7346010553881064,1.9638636797024414,1.5248354025386452,True,1.2389038076828345,0.068907437327962,0.0,0.0628699830987245,10
k10_thr,none,238,sep_univariate,1.7346010553881064,1.7346010553881064,1.9759786327541506,1.5281866656715908,True,1.329127986102438,0.0727156581386477,0.0,0.068570913146316,10
k10_thr,none,238,adaptshrink_dta,1.7346010553881064,1.7346010553881064,2.0029815328061336,1.5261299379479971,True,1.265756113154855,0.07469974085982554,-0.009595009206431164,0.06176866834945243,10
k10_thr,none,239,reitsma,1.7346010553881064,1.7346010553881064,1.5811755799015017,1.363013202731626,True,0.5187036612655987,0.020303836576134462,-0.0032674057819496644,0.03792780548018578,10
k10_thr,none,239,reitsma_indep,1.7346010553881064,1.7346010553881064,1.5590687449792378,1.36288869040468,True,0.5185863155126237,0.01992508341778021,0.0,0.03809572328057281,10
k10_thr,none,239,sep_univariate,1.7346010553881064,1.7346010553881064,1.6228731550678852,1.3639947420698484,True,0.7422038363989815,0.03533467962850906,0.0,0.044002717535324906,10
k10_thr,none,239,adaptshrink_dta,1.7346010553881064,1.7346010553881064,1.5662753591517045,1.362898717933657,True,0.5242631463264547,0.02046471509352913,-0.0007075155556658817,0.037932142069682505,10
k10_thr,none,240,reitsma,1.7346010553881064,1.7346010553881064,1.5894674437942873,1.5506410699121822,True,0.8683345273443764,0.10862582181275197,-0.031223014095202645,0.028566475268673616,10
k10_thr,none,240,reitsma_indep,1.7346010553881064,1.7346010553881064,1.5422456881287472,1.5321340390071216,True,1.0401170301718892,0.1104115979833945,0.0,0.027655657370316618,10
k10_thr,none,240,sep_univariate,1.7346010553881064,1.7346010553881064,1.553563160974568,1.533062295934992,True,1.0877984144009065,0.11764592064236258,0.0,0.0283892707782291,10
k10_thr,none,240,adaptshrink_dta,1.7346010553881064,1.7346010553881064,1.5745039416663158,1.5424258589291078,True,1.028363252806743,0.11112170663428245,-0.014574541625215426,0.028772961870904414,10
k10_thr,none,241,reitsma,1.7346010553881064,1.7346010553881064,1.9577434049974833,2.020213846115253,True,0.7853391701548992,0.061894283174216566,-0.04689849588987743,0.06366126793976622,10
k10_thr,none,241,reitsma_indep,1.7346010553881064,1.7346010553881064,1.9894788729372306,2.018945934646659,True,1.1192433926131917,0.05379835757118038,0.0,0.06572253831270303,10
k10_thr,none,241,sep_univariate,1.7346010553881064,1.7346010553881064,1.9961613682456465,2.0607729434736064,True,1.4826699484748393,0.05816480018615542,0.0,0.10667508478822729,10
k10_thr,none,241,adaptshrink_dta,1.7346010553881064,1.7346010553881064,2.0007381448002586,2.023413002572665,True,1.2017316033085355,0.06423947764154986,-0.010101707220923533,0.06504078107632572,10
k10_thr,none,242,reitsma,1.7346010553881064,1.7346010553881064,1.7396983147701206,1.766051807623233,True,1.2180839137689146,0.08261993951463165,-0.04104698947719897,0.07108068461732908,10
k10_thr,none,242,reitsma_indep,1.7346010553881064,1.7346010553881064,1.7453004496252014,1.7988313755444356,True,1.6484319172322326,0.10341790106854706,0.0,0.07416185382368128,10
k10_thr,none,242,sep_univariate,1.7346010553881064,1.7346010553881064,1.7987401025709238,1.806752388878204,True,2.073373495542409,0.12271149793013836,0.0,0.09887900657633376,10
k10_thr,none,242,adaptshrink_dta,1.7346010553881064,1.7346010553881064,1.7431715826052168,1.7871583449893356,True,1.4581078371954361,0.08895273124883177,-0.018980991929467686,0.0715114511207418,10
k10_thr,none,243,reitsma,1.7346010553881064,1.7346010553881064,1.5227346638269421,1.5596509319705647,True,0.5936849154142569,0.03780157203797995,-0.02226092460246944,0.0394262137542042,10
k10_thr,none,243,reitsma_indep,1.7346010553881064,1.7346010553881064,1.550226016066044,1.5668359634754807,True,0.6217295256818114,0.025823366892416436,0.0,0.042249773587078404,10
k10_thr,none,243,sep_univariate,1.7346010553881064,1.7346010553881064,1.5609684081794308,1.5837093417243682,True,0.7450533012488453,0.03086418777550764,0.0,0.050763797281213975,10
k10_thr,none,243,adaptshrink_dta,1.7346010553881064,1.7346010553881064,1.568978888148569,1.566949115048794,True,0.7494109656855875,0.03995323266289341,-0.004687247929708715,0.04022540219975036,10
k10_thr,none,244,reitsma,1.7346010553881064,1.7346010553881064,1.778627811414508,1.4716317415872104,True,0.6016646901220342,0.04673120504779147,-0.026991729193785306,0.037454636884467596,10
k10_thr,none,244,reitsma_indep,1.7346010553881064,1.7346010553881064,1.7644711057930669,1.485716477488999,True,0.7970215015160954,0.04172888303720193,0.0,0.042967252320489695,10
k10_thr,none,244,sep_univariate,1.7346010553881064,1.7346010553881064,1.7932894654861977,1.5024448635853556,True,0.9633762320036332,0.05099845902744034,0.0,0.05136521000831919,10
k10_thr,none,244,adaptshrink_dta,1.7346010553881064,1.7346010553881064,1.8088265092004803,1.4819845427117893,True,0.8430239834287557,0.0525214507054772,-0.0056303775791683944,0.038796025629846076,10
k10_thr,none,245,reitsma,1.7346010553881064,1.7346010553881064,1.8034566881394265,1.7151938732549334,True,0.3899501184027082,0.023296044134275072,-0.00983170255595471,0.022572722000806775,10
k10_thr,none,245,reitsma_indep,1.7346010553881064,1.7346010553881064,1.8167198553391373,1.7274255747137983,True,0.42589982452492764,0.020569892716203034,0.0,0.024889556757985966,10
k10_thr,none,245,sep_univariate,1.7346010553881064,1.7346010553881064,1.7994572421375032,1.7416770764967635,True,0.4218412788619075,0.0173385717792592,0.0,0.02896803897329103,10
k10_thr,none,245,adaptshrink_dta,1.7346010553881064,1.7346010553881064,1.824788896506073,1.7206856035789662,True,0.436963585653595,0.0237887174022896,-0.002114072766503508,0.022842335884867598,10
k10_thr,none,246,reitsma,1.7346010553881064,1.7346010553881064,1.8811167899958317,1.4294575092236428,True,1.0553078077668872,0.05654796392519631,-0.022731105033001044,0.0647247335347359,10
k10_thr,none,246,reitsma_indep,1.7346010553881064,1.7346010553881064,1.86468952857293,1.4221819254072925,True,1.1019710596509673,0.0549675602112427,0.0,0.06235455501215964,10
k10_thr,none,246,sep_univariate,1.7346010553881064,1.7346010553881064,1.8780084244792163,1.4283389876575752,True,1.1982074046559594,0.05919640636384127,0.0,0.06845464496083756,10
k10_thr,none,246,adaptshrink_dta,1.7346010553881064,1.7346010553881064,1.8851898416045707,1.4298497727489299,True,1.135741848399668,0.057820181806816306,-0.010589593201869892,0.06490660722574801,10
k10_thr,none,247,reitsma,1.7346010553881064,1.7346010553881064,1.5119858618590272,1.4399624050731683,True,0.7384418391713189,0.04435027258305662,-0.017407645932096465,0.04153584855504019,10
k10_thr,none,247,reitsma_indep,1.7346010553881064,1.7346010553881064,1.5038318594026756,1.4446014593737055,True,0.7124527318863416,0.03227797262575546,0.0,0.04438539919406188,10
k10_thr,none,247,sep_univariate,1.7346010553881064,1.7346010553881064,1.614242907393651,1.4672597420951274,True,1.0718180448099046,0.06409188223659411,0.0,0.050591012327452486,10
k10_thr,none,247,adaptshrink_dta,1.7346010553881064,1.7346010553881064,1.5593315097429636,1.4435872232467128,True,0.8516335135087101,0.04815955634629236,-0.003659617057772724,0.042784781091910876,10
k10_thr,none,248,reitsma,1.7346010553881064,1.7346010553881064,1.8434223766591535,1.6055137445548047,True,0.5887936644288689,0.0689955442757495,-0.02049654606236954,0.020270985965728835,10
k10_thr,none,248,reitsma_indep,1.7346010553881064,1.7346010553881064,1.8083914208344247,1.6345345543774097,True,0.7321812623196822,0.0632502903046595,0.0,0.02392263227360156,10
k10_thr,none,248,sep_univariate,1.7346010553881064,1.7346010553881064,1.8355903385480101,1.6396709623727592,True,0.824694135720235,0.0737475784874907,0.0,0.02602988892639408,10
k10_thr,none,248,adaptshrink_dta,1.7346010553881064,1.7346010553881064,1.8556487721571162,1.6243708309048843,True,0.7043373144646549,0.07177611162280008,-0.009462321215013295,0.020755562050043017,10
k10_thr,none,249,reitsma,1.7346010553881064,1.7346010553881064,1.6285241608068326,1.5703800237548382,True,0.4384057403279043,0.018349922338192343,-0.003959447279556187,0.03041762026487075,10
k10_thr,none,249,reitsma_indep,1.7346010553881064,1.7346010553881064,1.6369443601635303,1.5726183554644648,True,0.43593411072623195,0.017653599445094627,0.0,0.030383843058249295,10
k10_thr,none,249,sep_univariate,1.7346010553881064,1.7346010553881064,1.6369443601635298,1.585297804264434,True,0.5037350329130873,0.017653599445094533,0.0,0.04057002819781308,10
k10_thr,none,249,adaptshrink_dta,1.7346010553881064,1.7346010553881064,1.6372597947182341,1.572663876870565,True,0.4475382904633671,0.01857489749551023,-0.0003946261806269806,0.03044302874201038,10
k10_thr,none,250,reitsma,1.7346010553881064,1.7346010553881064,1.8569876089164432,1.6339470956625628,True,0.505567516355679,0.046177617068407235,-0.0119208581933478,0.018700276129179395,10
k10_thr,none,250,reitsma_indep,1.7346010553881064,1.7346010553881064,1.7966552216468563,1.5975801297348267,True,0.4604435917746538,0.04105169355292953,0.0,0.01457659390466904,10
k10_thr,none,250,sep_univariate,1.7346010553881064,1.7346010553881064,1.80523235484776,1.6107451386927367,True,0.5306730028863281,0.04371065014823768,0.0,0.018184484292937102,10
k10_thr,none,250,adaptshrink_dta,1.7346010553881064,1.7346010553881064,1.825794136336282,1.6187602578470444,True,0.5584132751514868,0.046882095771888725,-0.002589452359368028,0.018916241725183518,10
k10_thr,none,251,reitsma,1.7346010553881064,1.7346010553881064,1.5171887073109582,1.6219160904815333,True,0.5471647483835166,0.03033813436766557,-0.019224390376033403,0.04003555320044043,10
k10_thr,none,251,reitsma_indep,1.7346010553881064,1.7346010553881064,1.4772130843052433,1.6301909640822112,True,0.5889438936664814,0.022182509626383327,0.0,0.04413381140095133,10
k10_thr,none,251,sep_univariate,1.7346010553881064,1.7346010553881064,1.4960004257215298,1.6413185158594055,True,0.7345271436856212,0.029133506542173764,0.0,0.05227056634213746,10
k10_thr,none,251,adaptshrink_dta,1.7346010553881064,1.7346010553881064,1.5105044801230318,1.6271421889284567,True,0.6765433027727144,0.03226074415241524,-0.004097257102284343,0.04056562669377493,10
k10_thr,none,252,reitsma,1.7346010553881064,1.7346010553881064,1.216967575847024,1.8021061923078072,True,0.4711976746278818,0.024842147896019347,-0.009703186692316916,0.029016178495036887,10
k10_thr,none,252,reitsma_indep,1.7346010553881064,1.7346010553881064,1.2113567250974795,1.7862089094795373,True,0.3782713080349416,0.01482864627393444,0.0,0.02723576409276392,10
k10_thr,none,252,sep_univariate,1.7346010553881064,1.7346010553881064,1.3022922065509326,1.7985811982639561,True,0.6378914807347726,0.038657642886774764,0.0,0.029709305607060456,10
k10_thr,none,252,adaptshrink_dta,1.7346010553881064,1.7346010553881064,1.246991630063941,1.8055644203523575,True,0.5103798570219908,0.02560258343593448,-0.004456691148280022,0.029492683035266847,10
k10_thr,none,253,reitsma,1.7346010553881064,1.7346010553881064,1.9100753019090744,1.904485403209154,True,0.876872874695808,0.04247942840014549,-0.004888529502215221,0.05165174479584546,10
k10_thr,none,253,reitsma_indep,1.7346010553881064,1.7346010553881064,1.9041518849281753,1.9081093644358562,True,0.8856652023519701,0.04203333708260679,0.0,0.05267196973374322,10
k10_thr,none,253,sep_univariate,1.7346010553881064,1.7346010553881064,1.925613515082548,1.9142354585238721,True,0.9875916989853244,0.04861452422461609,0.0,0.05662693935016133,10
k10_thr,none,253,adaptshrink_dta,1.7346010553881064,1.7346010553881064,1.908398664298027,1.9057456925742224,True,0.8813189532669455,0.04253464593346226,-0.00228096938111864,0.05166389215949526,10
k10_thr,none,254,reitsma,1.7346010553881064,1.7346010553881064,1.4054451736473834,1.6533166641415646,True,0.6506143360483475,0.046025956175900995,-0.02803006674698271,0.04302891551688822,10
k10_thr,none,254,reitsma_indep,1.7346010553881064,1.7346010553881064,1.2809410444769291,1.6523224849947995,True,0.7038299418736838,0.03260897284858792,0.0,0.04287781286328199,10
k10_thr,none,254,sep_univariate,1.7346010553881064,1.7346010553881064,1.3029971523635537,1.6588611593062321,True,0.8555960888453099,0.038272053998125076,0.0,0.05398710971739207,10
k10_thr,none,254,adaptshrink_dta,1.7346010553881064,1.7346010553881064,1.357246832747572,1.6551338774827686,True,0.8700939583962999,0.04981468141453231,-0.005967711833609744,0.0436101727035762,10
k10_thr,none,255,reitsma,1.7346010553881064,1.7346010553881064,1.1577499687429218,1.8858023061630818,True,0.36757001581822335,0.0348516605985609,-0.003743965632343794,0.011344053038915064,10
k10_thr,none,255,reitsma_indep,1.7346010553881064,1.7346010553881064,1.1584889634166142,1.8686925880043945,True,0.36041465011701307,0.03482622681093782,0.0,0.01052768094289944,10
k10_thr,none,255,sep_univariate,1.7346010553881064,1.7346010553881064,1.1612936567957635,1.868692588004394,True,0.3769251254462409,0.038090066290842516,0.0,0.010527680942899367,10
k10_thr,none,255,adaptshrink_dta,1.7346010553881064,1.7346010553881064,1.1582892490608165,1.8759756186373968,True,0.37661418989317236,0.0349258178231013,-0.0008085111831263545,0.011481261198497504,10
k10_thr,none,256,reitsma,1.7346010553881064,1.7346010553881064,1.5729232512627578,1.7820294440129578,True,0.7610833696697441,0.039285943830906764,-0.034417703332112,0.07176884157238822,10
k10_thr,none,256,reitsma_indep,1.7346010553881064,1.7346010553881064,1.5260181744633354,1.7259999575156721,True,0.8794646175992715,0.036371681650861236,0.0,0.06002160841804035,10
k10_thr,none,256,sep_univariate,1.7346010553881064,1.7346010553881064,1.5298993677902446,1.7195030911254277,True,0.8885733948668186,0.039368542078669785,0.0,0.0566071834114934,10
k10_thr,none,256,adaptshrink_dta,1.7346010553881064,1.7346010553881064,1.538422636833806,1.7572340495109604,True,1.0186814561374569,0.04086372486433353,-0.007411470737672857,0.07302011515576624,10
k10_thr,none,257,reitsma,1.7346010553881064,1.7346010553881064,1.5269054508959115,1.3898563137377202,True,0.6130320406692227,0.038482839985850274,-0.022286781109599255,0.04047051267182683,10
k10_thr,none,257,reitsma_indep,1.7346010553881064,1.7346010553881064,1.4744444614533008,1.3606613884318195,True,0.669904439617221,0.03370080551623955,0.0,0.03758544507450171,10
k10_thr,none,257,sep_univariate,1.7346010553881064,1.7346010553881064,1.478062564785168,1.3615247890098388,True,0.7214616359076546,0.038277520878302954,0.0,0.03838105862938186,10
k10_thr,none,257,adaptshrink_dta,1.7346010553881064,1.7346010553881064,1.4901169544009825,1.3709738849196151,True,0.7571286081944075,0.04001988289014635,-0.0047798515174100895,0.041000334499652506,10
k10_thr,none,258,reitsma,1.7346010553881064,1.7346010553881064,1.568830196558605,1.8379778070964514,True,0.6932059446192167,0.08484055227222079,-0.028531647679665196,0.025581687336848062,10
k10_thr,none,258,reitsma_indep,1.7346010553881064,1.7346010553881064,1.5107831892946206,1.8720338750199066,True,0.8635023996485592,0.08112883487757151,0.0,0.025940964870826817,10
k10_thr,none,258,sep_univariate,1.7346010553881064,1.7346010553881064,1.5385825904003092,1.8771955847683823,True,0.9982885124519311,0.09135432082711932,0.0,0.030790541091182073,10
k10_thr,none,258,adaptshrink_dta,1.7346010553881064,1.7346010553881064,1.5440415792763078,1.871035785421525,True,0.9186841922925228,0.08948458683023894,-0.0027684510667142924,0.026706291128753744,10
k10_thr,none,259,reitsma,1.7346010553881064,1.7346010553881064,1.358959079496953,1.7036310216864254,True,0.6003467495659754,0.04670591840472359,-0.035445129523710824,0.04867975635057049,10
k10_thr,none,259,reitsma_indep,1.7346010553881064,1.7346010553881064,1.4263269953951698,1.7139557605213391,True,0.9409674385569654,0.054761881350080574,0.0,0.04563574003684348,10
k10_thr,none,259,sep_univariate,1.7346010553881064,1.7346010553881064,1.4506525297849027,1.703966571823814,True,0.9827506434125066,0.06833409186682707,0.0,0.03989178901292036,10
k10_thr,none,259,adaptshrink_dta,1.7346010553881064,1.7346010553881064,1.4195347681567152,1.7215770699998016,True,0.944397311056736,0.050934316051859004,-0.0034752744824737263,0.04966059409265867,10
k10_thr,none,260,reitsma,1.7346010553881064,1.7346010553881064,1.386185745880356,1.8907839043836556,True,1.2006088762314462,0.08661970070225922,-0.0035062038837862784,0.04711193839334359,10
k10_thr,none,260,reitsma_indep,1.7346010553881064,1.7346010553881064,1.3882945998089309,1.891268919359281,True,1.2024655251761485,0.0864309640889403,0.0,0.04721828155765982,10
k10_thr,none,260,sep_univariate,1.7346010553881064,1.7346010553881064,1.407036475246389,1.9075506864255658,True,1.3732701778650729,0.09931051754772403,0.0,0.0535982980817629,10
k10_thr,none,260,adaptshrink_dta,1.7346010553881064,1.7346010553881064,1.3876292228535896,1.8910152122765813,True,1.2023321516660992,0.08663230283250793,-0.0016360378475990197,0.04712899005464313,10
k10_thr,none,261,reitsma,1.7346010553881064,1.7346010553881064,1.5501119416663436,1.6886000059132855,True,0.6774895056498983,0.09884768704437095,-0.018316540710128327,0.016500149486698444,10
k10_thr,none,261,reitsma_indep,1.7346010553881064,1.7346010553881064,1.5406714163566029,1.6524385831341015,True,0.7552700748625645,0.09824820665459832,0.0,0.016387556050691848,10
k10_thr,none,261,sep_univariate,1.7346010553881064,1.7346010553881064,1.5474654089388937,1.6619844841556222,True,0.8361953870142244,0.1064021626054393,0.0,0.018548096497797612,10
k10_thr,none,261,adaptshrink_dta,1.7346010553881064,1.7346010553881064,1.5482586335471482,1.6726310380818474,True,0.7600301158502538,0.09944013427511397,-0.008486232528420136,0.017120074787624864,10
k10_thr,none,262,reitsma,1.7346010553881064,1.7346010553881064,1.5638764278786026,1.6350951476562454,True,0.4174642404671432,0.04141010277893394,-0.006822406027472668,0.013002640968675793,10
k10_thr,none,262,reitsma_indep,1.7346010553881064,1.7346010553881064,1.5737079529940756,1.5869418099943484,True,0.37731456476361175,0.042398836161452035,0.0,0.009477362035791283,10
k10_thr,none,262,sep_univariate,1.7346010553881064,1.7346010553881064,1.6065593428702674,1.6011759219356554,True,0.4633637349332132,0.055387665629237914,0.0,0.010941208314237122,10
k10_thr,none,262,adaptshrink_dta,1.7346010553881064,1.7346010553881064,1.5732083012335054,1.6238967627885978,True,0.44465645775651436,0.042141099517664635,-0.001457264678540335,0.013293125764504279,10
k10_thr,none,263,reitsma,1.7346010553881064,1.7346010553881064,1.4467693850736059,1.7841143918252709,True,0.3154630662356518,0.05415105904459165,0.004665573146157057,0.005589075509339583,10
k10_thr,none,263,reitsma_indep,1.7346010553881064,1.7346010553881064,1.45251428768756,1.783514471169502,True,0.3336114919123855,0.05290232761029795,0.0,0.005938017743712656,10
k10_thr,none,263,sep_univariate,1.7346010553881064,1.7346010553881064,1.4609614670848776,1.7831282518914857,True,0.3736296070419168,0.06508031053039674,0.0,0.0060543457197000244,10
k10_thr,none,263,adaptshrink_dta,1.7346010553881064,1.7346010553881064,1.4516581928275312,1.7836597254332769,True,0.3271849083830047,0.05420121459501055,0.002171317664369623,0.005661558821832795,10
k10_thr,none,264,reitsma,1.7346010553881064,1.7346010553881064,1.6407945531235273,1.6411195243975896,True,0.5831539989546333,0.03688792481201503,-0.02520845782743035,0.0432475027721645,10
k10_thr,none,264,reitsma_indep,1.7346010553881064,1.7346010553881064,1.4967645976376518,1.6716703983587158,True,0.5908118345090279,0.02064820235705356,0.0,0.04771450154606088,10
k10_thr,none,264,sep_univariate,1.7346010553881064,1.7346010553881064,1.4988233480350979,1.682731714971325,True,0.6407418793791848,0.020866950512475245,0.0,0.05553176822050226,10
k10_thr,none,264,adaptshrink_dta,1.7346010553881064,1.7346010553881064,1.6249137338269037,1.6641800855828321,True,0.7925546791489522,0.04082150392903767,-0.005315720656610814,0.044123596493233226,10
k10_thr,none,265,reitsma,1.7346010553881064,1.7346010553881064,1.6677891175766533,2.0099902496496913,True,0.6883989244103466,0.054615946395904835,-0.020625837161079404,0.03227975463299109,10
k10_thr,none,265,reitsma_indep,1.7346010553881064,1.7346010553881064,1.6607861178591257,2.030611289537333,True,0.8032900827391356,0.05495907611779015,0.0,0.03313901945727143,10
k10_thr,none,265,sep_univariate,1.7346010553881064,1.7346010553881064,1.6742533886496043,2.0343780980542627,True,0.8562264012336593,0.05898454362313629,0.0,0.03508110570531099,10
k10_thr,none,265,adaptshrink_dta,1.7346010553881064,1.7346010553881064,1.6848631541812646,2.0291694853031625,True,0.7908583274415644,0.056561010403431686,-0.00949840654826532,0.032806576175719714,10
k10_thr,none,266,reitsma,1.7346010553881064,1.7346010553881064,1.5412433020108196,1.6639608729274429,True,0.6269262846154253,0.04592816032897659,-0.024891216336734624,0.03764398910986799,10
k10_thr,none,266,reitsma_indep,1.7346010553881064,1.7346010553881064,1.5604394853519736,1.6285141069099036,True,0.7592029833911191,0.04894755259529613,0.0,0.033236791852263824,10
k10_thr,none,266,sep_univariate,1.7346010553881064,1.7346010553881064,1.565964844169847,1.642155390901531,True,0.8800338710617626,0.054954990697420325,0.0,0.03977643932943895,10
k10_thr,none,266,adaptshrink_dta,1.7346010553881064,1.7346010553881064,1.5563066562143637,1.6557330863996942,True,0.7668334589659733,0.04691684611750649,-0.011521513039336248,0.03820527860564479,10
k10_thr,none,267,reitsma,1.7346010553881064,1.7346010553881064,1.4577145022128228,1.599576531615534,True,0.7080095685784834,0.021785115245874873,-0.015834788679541797,0.0764557555427362,10
k10_thr,none,267,reitsma_indep,1.7346010553881064,1.7346010553881064,1.403349725846588,1.5989101082408261,True,0.6970821573178425,0.017825950334492885,0.0,0.0769395262595661,10
k10_thr,none,267,sep_univariate,1.7346010553881064,1.7346010553881064,1.4267704633169527,1.6031419643251528,True,0.8393864369383133,0.024133922743022854,0.0,0.08240057527828303,10
k10_thr,none,267,adaptshrink_dta,1.7346010553881064,1.7346010553881064,1.4319523241498981,1.5994714934504288,True,0.7926280164992129,0.02331193209906128,-0.0034150408906224905,0.07656702596859874,10
k10_thr,none,268,reitsma,1.7346010553881064,1.7346010553881064,1.5389502046696246,1.7386614809232683,True,0.5941953956696718,0.03603299368013885,-0.016013996837039347,0.034773234123450694,10
k10_thr,none,268,reitsma_indep,1.7346010553881064,1.7346010553881064,1.4782483622186378,1.7604407519843412,True,0.5579409549805314,0.02399907165873418,0.0,0.03661139755031945,10
k10_thr,none,268,sep_univariate,1.7346010553881064,1.7346010553881064,1.4782483622186369,1.772447573379097,True,0.5890661617500164,0.02399907165873409,0.0,0.04081012981277931,10
k10_thr,none,268,adaptshrink_dta,1.7346010553881064,1.7346010553881064,1.533808129815375,1.755857755338405,True,0.6952743384622316,0.038599701359588005,-0.0015566365050464785,0.03541060275209695,10
k10_thr,none,269,reitsma,1.7346010553881064,1.7346010553881064,1.7085914730975702,1.4421381753075644,True,0.402785384659853,0.04227440457617105,-0.012734406014716364,0.014667899710430048,10
k10_thr,none,269,reitsma_indep,1.7346010553881064,1.7346010553881064,1.576224881614047,1.448129222644341,True,0.36959081295952884,0.02941738904821295,0.0,0.01310606982378099,10
k10_thr,none,269,sep_univariate,1.7346010553881064,1.7346010553881064,1.6153724904595106,1.4479537717242696,True,0.43664507653319024,0.03676314892751055,0.0,0.014637897390359906,10
k10_thr,none,269,adaptshrink_dta,1.7346010553881064,1.7346010553881064,1.6560846969737193,1.447513215608186,True,0.48169298599674754,0.044382616070294305,-0.001260128530016085,0.014791552724308437,10
k10_thr,none,270,reitsma,1.7346010553881064,1.7346010553881064,1.3429996105515858,1.6452895023777074,True,0.5232506234528802,0.043452264052534516,0.011269770036151712,0.020707413142905234,10
k10_thr,none,270,reitsma_indep,1.7346010553881064,1.7346010553881064,1.3657496224659844,1.6583051295334603,True,0.5466460650848592,0.04056267560899361,0.0,0.02079314227218784,10
k10_thr,none,270,sep_univariate,1.7346010553881064,1.7346010553881064,1.365962542884307,1.6580184134275475,True,0.5837752717644027,0.045522265014152234,0.0,0.02113011173319973,10
k10_thr,none,270,adaptshrink_dta,1.7346010553881064,1.7346010553881064,1.36364010825411,1.6568102459248184,True,0.5658936908245722,0.04358276572271441,0.001312294507915704,0.0207785792587634,10
k10_thr,none,271,reitsma,1.7346010553881064,1.7346010553881064,1.5538573743636177,1.9234095402546159,True,0.722028377608455,0.07204814834619526,-0.03826764469592484,0.04074849278373792,10
k10_thr,none,271,reitsma_indep,1.7346010553881064,1.7346010553881064,1.5432775357723647,1.8656524354731905,True,0.9848211483963761,0.07359651101250174,0.0,0.03719561750999824,10
k10_thr,none,271,sep_univariate,1.7346010553881064,1.7346010553881064,1.5493316836996316,1.9001031172280936,True,1.203117753123545,0.07801412305092378,0.0,0.05236936482203077,10
k10_thr,none,271,adaptshrink_dta,1.7346010553881064,1.7346010553881064,1.5516080188316446,1.8957983725195626,True,1.0570149086891947,0.07476678696245391,-0.00821034238637205,0.043079773917440646,10
k10_thr,none,272,reitsma,1.7346010553881064,1.7346010553881064,1.3987914211516863,2.1040476551465948,True,0.7698094165946797,0.06646446331802472,-0.02056294407999902,0.03152764253436852,10
k10_thr,none,272,reitsma_indep,1.7346010553881064,1.7346010553881064,1.3315044394728937,2.1438124202383837,True,0.8020326689208398,0.052884494207815005,0.0,0.03433128262546591,10
k10_thr,none,272,sep_univariate,1.7346010553881064,1.7346010553881064,1.3686313719661936,2.165482211232838,True,0.9776861491611202,0.06331385590093636,0.0,0.04261224630759101,10
k10_thr,none,272,adaptshrink_dta,1.7346010553881064,1.7346010553881064,1.4066367667940785,2.1286250505014213,True,0.8621604678715233,0.06835655754456434,-0.009503881433916683,0.03201372285027355,10
k10_thr,none,273,reitsma,1.7346010553881064,1.7346010553881064,1.920806150946589,1.7452045580247446,True,0.8249028811675728,0.0679608094637782,-0.039544517204996334,0.0512704610496352,10
k10_thr,none,273,reitsma_indep,1.7346010553881064,1.7346010553881064,1.76156163783493,1.7376672456215867,True,0.9509071994513795,0.05072138564062109,0.0,0.05031754325231325,10
k10_thr,none,273,sep_univariate,1.7346010553881064,1.7346010553881064,1.7841490302801841,1.7357775069599206,True,0.9786786404869203,0.056283037853492396,0.0,0.048032695237366946,10
k10_thr,none,273,adaptshrink_dta,1.7346010553881064,1.7346010553881064,1.872058327021805,1.7425655742524815,True,1.1636086486341233,0.07488793272839793,-0.008480806877485664,0.05199168458300155,10
k10_thr,none,274,reitsma,1.7346010553881064,1.7346010553881064,1.6614566397199269,1.7202468598623604,True,0.6425658398400845,0.06902709454207306,-0.0413120669717235,0.04160789605278365,10
k10_thr,none,274,reitsma_indep,1.7346010553881064,1.7346010553881064,1.6258799520644454,1.686448161630909,True,0.9876875678477722,0.07115678854928152,0.0,0.03869520058279936,10
k10_thr,none,274,sep_univariate,1.7346010553881064,1.7346010553881064,1.631749991670597,1.7076379593111,True,1.3621077154663512,0.07660941922594817,0.0,0.06835574214383691,10
k10_thr,none,274,adaptshrink_dta,1.7346010553881064,1.7346010553881064,1.6427766314921215,1.699145646244261,True,1.0434509085748707,0.0738464588946468,-0.008842100598094359,0.04267359918335218,10
k10_thr,none,275,reitsma,1.7346010553881064,1.7346010553881064,1.59956255425013,1.6522493580578987,True,0.4545743267867608,0.04953558100809114,-0.010720815196377135,0.014094344550210983,10
k10_thr,none,275,reitsma_indep,1.7346010553881064,1.7346010553881064,1.59944287668317,1.6750080892967192,True,0.5249472377959232,0.04955772737221393,0.0,0.01569474249027738,10
k10_thr,none,275,sep_univariate,1.7346010553881064,1.7346010553881064,1.6264916464697752,1.68607554220596,True,0.6222950180217838,0.057413531461609,0.0,0.019037620022751223,10
k10_thr,none,275,adaptshrink_dta,1.7346010553881064,1.7346010553881064,1.6078317569616885,1.6637105454549663,True,0.49830077594080535,0.050555758603284554,-0.004952398163178898,0.014347798703134518,10
k10_thr,none,276,reitsma,1.7346010553881064,1.7346010553881064,1.380327627572157,2.1385589158547136,True,0.6694240030777348,0.06244562101653823,-0.0453529615685114,0.05319403778729022,10
k10_thr,none,276,reitsma_indep,1.7346010553881064,1.7346010553881064,1.2935368798407962,2.0926502288051543,True,0.9809058244835647,0.05285123773903931,0.0,0.05138468883306721,10
k10_thr,none,276,sep_univariate,1.7346010553881064,1.7346010553881064,1.2986692287290122,2.0966507682777227,True,1.0579728752578677,0.056778831557196194,0.0,0.055641250559739105,10
k10_thr,none,276,adaptshrink_dta,1.7346010553881064,1.7346010553881064,1.323189526945203,2.104174121207715,True,1.0977240750834945,0.06445788153037756,-0.009844773217261718,0.0542684496961572,10
k10_thr,none,277,reitsma,1.7346010553881064,1.7346010553881064,1.628502737680311,1.5637811129582142,True,0.5616360483867598,0.029063663931914376,-0.01654375057366112,0.040050413646613214,10
k10_thr,none,277,reitsma_indep,1.7346010553881064,1.7346010553881064,1.5889842695431389,1.558220748198013,True,0.7042569433824171,0.034415704485076075,0.0,0.04067615353274885,10
k10_thr,none,277,sep_univariate,1.7346010553881064,1.7346010553881064,1.6036533557746278,1.5589301202131876,True,0.7649662549529685,0.040062264383558754,0.0,0.04122715150338251,10
k10_thr,none,277,adaptshrink_dta,1.7346010553881064,1.7346010553881064,1.5901454945277234,1.5598154659514385,True,0.6632174030613659,0.0311278988653402,-0.0035546178936612443,0.040289693637905896,10
k10_thr,none,278,reitsma,1.7346010553881064,1.7346010553881064,1.5683137611047797,1.9309316930068336,True,0.3916829567810646,0.030299566480979805,3.1538927398007737e-30,0.014291150781571704,10
k10_thr,none,278,reitsma_indep,1.7346010553881064,1.7346010553881064,1.5683137611047797,1.9309316930068336,True,0.3916829567810646,0.030299566480979805,0.0,0.014291150781571704,10
k10_thr,none,278,sep_univariate,1.7346010553881064,1.7346010553881064,1.6212758848195654,1.9502187425670416,True,0.5704638014022028,0.049268069060727206,0.0,0.018643391029747994,10
k10_thr,none,278,adaptshrink_dta,1.7346010553881064,1.7346010553881064,1.5683137611052043,1.9309316930076112,True,0.3916829567839085,0.030299566481106637,6.833434269567803e-31,0.014291150781719414,10
k10_thr,none,279,reitsma,1.7346010553881064,1.7346010553881064,2.080900284197957,1.4097639409899465,True,0.4768162611958133,0.016744386999145305,-0.006397425000653564,0.04076789821136341,10
k10_thr,none,279,reitsma_indep,1.7346010553881064,1.7346010553881064,2.039855614778122,1.4138342923896443,True,0.4758043041679242,0.015579047703523755,0.0,0.04101569666323826,10
k10_thr,none,279,sep_univariate,1.7346010553881064,1.7346010553881064,2.0398556147781215,1.4168334863478405,True,0.5125114779302254,0.015579047703523734,0.0,0.047588339575747866,10
k10_thr,none,279,adaptshrink_dta,1.7346010553881064,1.7346010553881064,2.0640596995920166,1.4129679241765394,True,0.5044854443586904,0.017657484927652317,-0.0013804252252672118,0.04078995695955346,10
k10_thr,none,280,reitsma,1.7346010553881064,1.7346010553881064,1.2274627246832932,1.7569278799534909,True,0.4579379015274166,0.03691002199058908,-0.010986105482499472,0.019306227881971387,10
k10_thr,none,280,reitsma_indep,1.7346010553881064,1.7346010553881064,1.2484008223706473,1.7414038148245128,True,0.4866965668269153,0.03773228045108239,0.0,0.0177189416774502,10
k10_thr,none,280,sep_univariate,1.7346010553881064,1.7346010553881064,1.2711690848766617,1.752132500520939,True,0.5791779358912061,0.04723935529139251,0.0,0.02004261216347973,10
k10_thr,none,280,adaptshrink_dta,1.7346010553881064,1.7346010553881064,1.245749574600656,1.7538404679796908,True,0.5113065526755046,0.037736383072886834,-0.0023522750239865914,0.019700677245357852,10
k10_thr,none,281,reitsma,1.7346010553881064,1.7346010553881064,1.799951805487176,1.174778958820411,True,0.7543796443736371,0.05517550273903067,-0.0250934890926248,0.040524090626639316,10
k10_thr,none,281,reitsma_indep,1.7346010553881064,1.7346010553881064,1.772469389826991,1.163793738170899,True,0.9375500169465876,0.06307863327795883,0.0,0.039331533911611115,10
k10_thr,none,281,sep_univariate,1.7346010553881064,1.7346010553881064,1.7909207802119937,1.1627914006257245,True,0.9744859111752175,0.07004037827082185,0.0,0.038268101148363064,10
k10_thr,none,281,adaptshrink_dta,1.7346010553881064,1.7346010553881064,1.7884558201571885,1.1719547342445247,True,0.8845790864239785,0.057639310640150404,-0.01170805680644288,0.040694977591058,10
k10_thr,none,282,reitsma,1.7346010553881064,1.7346010553881064,1.6557920123348027,1.7846535272800244,True,0.9476730340385057,0.061412194042364546,-0.01956314580605581,0.047507846970191885,10
k10_thr,none,282,reitsma_indep,1.7346010553881064,1.7346010553881064,1.6078086214089367,1.786833947408888,True,0.972418266050845,0.05606411399356717,0.0,0.04760532341345305,10
k10_thr,none,282,sep_univariate,1.7346010553881064,1.7346010553881064,1.6273893810934046,1.7857821043773245,True,1.0167351765623729,0.06263456867367324,0.0,0.04658390319305696,10
k10_thr,none,282,adaptshrink_dta,1.7346010553881064,1.7346010553881064,1.6476375147052542,1.7872991761469288,True,1.0140897699602973,0.06253082036425608,-0.009103945486726932,0.04774415238684617,10
k10_thr,none,283,reitsma,1.7346010553881064,1.7346010553881064,0.9754693246013237,1.6281739175902274,True,0.6931181451353803,0.05823465392594761,-0.006502368148464257,0.024010562591908178,10
k10_thr,none,283,reitsma_indep,1.7346010553881064,1.7346010553881064,0.9688806164435212,1.6137693159466036,True,0.657175624839171,0.057694353344273634,0.0,0.02112826573228328,10
k10_thr,none,283,sep_univariate,1.7346010553881064,1.7346010553881064,0.9827411415341951,1.6369289592032525,True,0.7913620567558681,0.0651226733956045,0.0,0.02714266540123552,10
k10_thr,none,283,adaptshrink_dta,1.7346010553881064,1.7346010553881064,0.9737071150807348,1.62833670007676,True,0.7034692157540672,0.05836402805413502,-0.0030296795709884037,0.024089282366281543,10
k10_thr,none,284,reitsma,1.7346010553881064,1.7346010553881064,1.6018229009359752,1.6750486148592558,True,0.5576504850212975,0.05139679372502018,-0.015295782843686939,0.021629479693780884,10
k10_thr,none,284,reitsma_indep,1.7346010553881064,1.7346010553881064,1.6674054395381632,1.7093072459342369,True,0.6965963066098593,0.05999361092350212,0.0,0.022829247666933818,10
k10_thr,none,284,sep_univariate,1.7346010553881064,1.7346010553881064,1.7051755341848644,1.7207972503325915,True,0.8325826983639627,0.07249870324774542,0.0,0.026987259913197448,10
k10_thr,none,284,adaptshrink_dta,1.7346010553881064,1.7346010553881064,1.644409913425501,1.705525622129305,True,0.6478223587318764,0.05371548466501163,-0.001754290292795785,0.022109224724572895,10
k10_thr,none,285,reitsma,1.7346010553881064,1.7346010553881064,1.8717515569011725,1.723569770609194,True,0.5732150660834248,0.05519095665745867,-0.01401680290542017,0.02036340534476497,10
k10_thr,none,285,reitsma_indep,1.7346010553881064,1.7346010553881064,1.8271624950941971,1.7261556852864421,True,0.6294544912015435,0.05042327878992183,0.0,0.022178484047654577,10
k10_thr,none,285,sep_univariate,1.7346010553881064,1.7346010553881064,1.8436297945216533,1.7295372618441198,True,0.718450107168731,0.059318532687664495,0.0,0.02456049384354332,10
k10_thr,none,285,adaptshrink_dta,1.7346010553881064,1.7346010553881064,1.8564598299485473,1.7244150969048264,True,0.6241849495159866,0.05572218180442841,-0.006521669509379303,0.0204980902525392,10
k10_thr,none,286,reitsma,1.7346010553881064,1.7346010553881064,1.250383264551971,1.4693336180633916,True,0.7279149152431692,0.039166490283637403,-0.022358732761146145,0.05094774142605249,10
k10_thr,none,286,reitsma_indep,1.7346010553881064,1.7346010553881064,1.248993904883198,1.4641663586353206,True,1.0058953508328945,0.051193512578252366,0.0,0.055785963655611254,10
k10_thr,none,286,sep_univariate,1.7346010553881064,1.7346010553881064,1.2588199025855753,1.4819903606643765,True,1.2631745030855162,0.056013564652051345,0.0,0.0804021675842982,10
k10_thr,none,286,adaptshrink_dta,1.7346010553881064,1.7346010553881064,1.2368293416857143,1.4641980184239403,True,0.8400763174384507,0.04103216761811541,-0.010370167164376377,0.05116619077799882,10
k10_thr,none,287,reitsma,1.7346010553881064,1.7346010553881064,1.4894974977013007,1.8154188724025682,True,0.5158100296377338,0.025796216263589623,-0.009672274137099647,0.032737659575069536,10
k10_thr,none,287,reitsma_indep,1.7346010553881064,1.7346010553881064,1.4359221837371257,1.789971445595482,True,0.5121289131041534,0.02398541047140868,0.0,0.030863537516206293,10
k10_thr,none,287,sep_univariate,1.7346010553881064,1.7346010553881064,1.437866545519222,1.7961620553009585,True,0.4926776785960575,0.019171162960246853,0.0,0.03573646421706111,10
k10_thr,none,287,adaptshrink_dta,1.7346010553881064,1.7346010553881064,1.4575295021060315,1.8019072758173085,True,0.5479233265575831,0.02630332567753353,-0.004478246526017155,0.03297781391471493,10
k10_thr,none,288,reitsma,1.7346010553881064,1.7346010553881064,1.8312368801973253,1.5244176519548145,True,0.45786557333655514,0.04952963306693965,-0.017410860918098243,0.0180669600491895,10
k10_thr,none,288,reitsma_indep,1.7346010553881064,1.7346010553881064,1.79332510710831,1.5083526249611303,True,0.4941357494281961,0.04515554804059735,0.0,0.015262149366613416,10
k10_thr,none,288,sep_univariate,1.7346010553881064,1.7346010553881064,1.8056737242672274,1.5133602162500546,True,0.5464493856829494,0.05039537600667037,0.0,0.016724127167097716,10
k10_thr,none,288,adaptshrink_dta,1.7346010553881064,1.7346010553881064,1.815955699957801,1.521739058780903,True,0.5694167768535425,0.05066389681947916,-0.0037798510751268664,0.018345263613797454,10
k10_thr,none,289,reitsma,1.7346010553881064,1.7346010553881064,1.6995629379178119,1.6269354533155052,True,0.7735840782644923,0.04882885192264875,-0.014918107635806038,0.039149525967008915,10
k10_thr,none,289,reitsma_indep,1.7346010553881064,1.7346010553881064,1.6132524601118259,1.6163568590009065,True,0.6743039029630238,0.03412259727811743,0.0,0.03761001730673099,10
k10_thr,none,289,sep_univariate,1.7346010553881064,1.7346010553881064,1.6528033118137204,1.6228535847709593,True,0.8497744457024156,0.04648547153449587,0.0,0.043845432669497385,10
k10_thr,none,289,adaptshrink_dta,1.7346010553881064,1.7346010553881064,1.6858115401816645,1.6237253261271851,True,0.8277473743226819,0.050367179279476954,-0.006894724991669744,0.03933948460558606,10
k10_thr,none,290,reitsma,1.7346010553881064,1.7346010553881064,1.6324065812871849,1.4913704108588872,True,0.7882355344058188,0.045356366743870856,-0.00864476070118348,0.04031177122536974,10
k10_thr,none,290,reitsma_indep,1.7346010553881064,1.7346010553881064,1.5937176282728187,1.489319442085083,True,0.771069511877907,0.0418014245677683,0.0,0.04014488769252171,10
k10_thr,none,290,sep_univariate,1.7346010553881064,1.7346010553881064,1.6085670070923015,1.4901843258394694,True,0.8796912072011699,0.04903746515879012,0.0,0.0445416967193386,10
k10_thr,none,290,adaptshrink_dta,1.7346010553881064,1.7346010553881064,1.6169922033234814,1.4903049985297598,True,0.8030760349484274,0.045546775401585096,-0.0040323169089495495,0.040322920111538,10
k10_thr,none,291,reitsma,1.7346010553881064,1.7346010553881064,1.6082208845362096,1.9109555132299338,True,0.33922040231755385,0.020021093980678972,-0.0014233409631623124,0.016323412196695038,10
k10_thr,none,291,reitsma_indep,1.7346010553881064,1.7346010553881064,1.6051949927460731,1.9052631559196445,True,0.33282645055684046,0.01963785085695652,0.0,0.015921206545823845,10
k10_thr,none,291,sep_univariate,1.7346010553881064,1.7346010553881064,1.6051949927460734,1.9138344416148274,True,0.3518788585975171,0.01963785085695646,0.0,0.0177961746278346,10
k10_thr,none,291,adaptshrink_dta,1.7346010553881064,1.7346010553881064,1.6063586150717546,1.9081947519924758,True,0.340572419076847,0.02004618122863438,-0.00030821886824097,0.016336069317237346,10
k10_thr,none,292,reitsma,1.7346010553881064,1.7346010553881064,2.0165329678027306,1.4131170689246804,True,0.3125707148725154,0.022920251667030923,-0.0022553194994704468,0.012253189719714466,10
k10_thr,none,292,reitsma_indep,1.7346010553881064,1.7346010553881064,2.001031882116384,1.412155877378768,True,0.30718235587283155,0.022020629569019276,0.0,0.01209475482897458,10
k10_thr,none,292,sep_univariate,1.7346010553881064,1.7346010553881064,2.001031882116381,1.4142539890820787,True,0.32600427822711103,0.022020629569018433,0.0,0.013622321773391413,10
k10_thr,none,292,adaptshrink_dta,1.7346010553881064,1.7346010553881064,2.006902459604073,1.4126348766382937,True,0.3157531361817346,0.022976839034032984,-0.0004885218238545017,0.012257657788305709,10
k10_thr,none,293,reitsma,1.7346010553881064,1.7346010553881064,1.538837154735972,1.328053910369885,True,0.6079258051860676,0.03931183503344641,-0.024953542517772112,0.04237405986354433,10
k10_thr,none,293,reitsma_indep,1.7346010553881064,1.7346010553881064,1.4320055921758168,1.349920262139721,True,0.7039049244956496,0.03134487235948639,0.0,0.04461652772004952,10
k10_thr,none,293,sep_univariate,1.7346010553881064,1.7346010553881064,1.4490501279529515,1.3498855630277,True,0.7345100477845955,0.03420088393784137,0.0,0.0445238200126851,10
k10_thr,none,293,adaptshrink_dta,1.7346010553881064,1.7346010553881064,1.5153602955860719,1.3469687933671468,True,0.8071960417058445,0.043768951124973254,-0.005321614977402405,0.04266413426466525,10
k10_thr,none,294,reitsma,1.7346010553881064,1.7346010553881064,1.500851747795583,2.0944389093384586,True,0.43878231024227066,0.01968983601114521,-0.011591899153855592,0.03442325313032697,10
k10_thr,none,294,reitsma_indep,1.7346010553881064,1.7346010553881064,1.447721571075165,2.0684505107603113,True,0.3994627666794456,0.013934148218068137,0.0,0.03232261224737105,10
k10_thr,none,294,sep_univariate,1.7346010553881064,1.7346010553881064,1.4670398801471474,2.07221672771817,True,0.5610577490854806,0.02523278937735503,0.0,0.03521146822859202,10
k10_thr,none,294,adaptshrink_dta,1.7346010553881064,1.7346010553881064,1.466209328007938,2.0767867792769454,True,0.5056964633381185,0.020967287448766764,-0.0024734167683479807,0.034716611534659804,10
k10_thr,none,295,reitsma,1.7346010553881064,1.7346010553881064,1.8824547006029801,1.774961160193686,True,0.35517752139581826,0.02920172038340761,-0.008563662977526174,0.01470454401980968,10
k10_thr,none,295,reitsma_indep,1.7346010553881064,1.7346010553881064,1.8982353680760211,1.7088105710328478,True,0.27709186682518716,0.023093991669937395,0.0,0.009383888078240964,10
k10_thr,none,295,sep_univariate,1.7346010553881064,1.7346010553881064,1.9001529146316973,1.7504475373523993,True,0.39086518856787134,0.028771235601096404,0.0,0.01498751874078084,10
k10_thr,none,295,adaptshrink_dta,1.7346010553881064,1.7346010553881064,1.8980994530256443,1.7593194896213658,True,0.39766179036499516,0.029711814445054524,-0.0018337981542784698,0.01513535618952001,10
k10_thr,none,296,reitsma,1.7346010553881064,1.7346010553881064,1.7313980046026778,1.7677293800711023,True,0.39761132000939475,0.023087699052027462,0.0037241276450898954,0.019928010837479374,10
k10_thr,none,296,reitsma_indep,1.7346010553881064,1.7346010553881064,1.7356925218027868,1.7711033388154158,True,0.38391357512646196,0.02167701397160098,0.0,0.019191183027954133,10
k10_thr,none,296,sep_univariate,1.7346010553881064,1.7346010553881064,1.7356925218027863,1.7756477995435322,True,0.40090222306201917,0.021677013971600965,0.0,0.020927229563491734,10
k10_thr,none,296,adaptshrink_dta,1.7346010553881064,1.7346010553881064,1.7351220828885137,1.772339659280031,True,0.40482557962011484,0.023205167383095457,0.0008056879921342898,0.01996156056771064,10
k10_thr,none,297,reitsma,1.7346010553881064,1.7346010553881064,1.710673395245067,1.658445441826266,True,0.41758009273930247,0.05538060198279814,0.0024974388320504488,0.00899964449039038,10
k10_thr,none,297,reitsma_indep,1.7346010553881064,1.7346010553881064,1.722741472271114,1.6642684135738148,True,0.42150853358993695,0.05714060472626156,0.0,0.008776112416865708,10
k10_thr,none,297,sep_univariate,1.7346010553881064,1.7346010553881064,1.7317459543888978,1.6642684135738144,True,0.43865573367005106,0.06188418988816816,0.0,0.00877611241686568,10
k10_thr,none,297,adaptshrink_dta,1.7346010553881064,1.7346010553881064,1.717694744027169,1.6623797380636247,True,0.4209985775478773,0.055455076830198714,0.0005404984495692632,0.009026258253610536,10
k10_thr,none,298,reitsma,1.7346010553881064,1.7346010553881064,1.7367993372411061,1.1466211898025724,True,0.6861754322653848,0.04768726616804849,-0.03007387073540085,0.046833788168472626,10
k10_thr,none,298,reitsma_indep,1.7346010553881064,1.7346010553881064,1.7256162073569932,1.1251504363355558,True,0.8406668089896017,0.041946073344210355,0.0,0.04755440554389944,10
k10_thr,none,298,sep_univariate,1.7346010553881064,1.7346010553881064,1.7249371010736831,1.1555800486001797,True,1.067194687517495,0.04384393912650577,0.0,0.07331823644862528,10
k10_thr,none,298,adaptshrink_dta,1.7346010553881064,1.7346010553881064,1.7237421676685798,1.1378106177117373,True,0.8802866147885535,0.0499149444645928,-0.01380850518667512,0.047637925947801,10
k10_thr,none,299,reitsma,1.7346010553881064,1.7346010553881064,2.217101806467616,1.2370196564593734,True,0.8986132513877257,0.049386062213688756,-0.027741017936643776,0.06173302043510286,10
k10_thr,none,299,reitsma_indep,1.7346010553881064,1.7346010553881064,1.9814041285728643,1.2317386420304923,True,0.8924298809770916,0.03650068800908776,0.0,0.06158591847044258,10
k10_thr,none,299,sep_univariate,1.7346010553881064,1.7346010553881064,2.001979126636613,1.232785256693063,True,1.013563608103354,0.04007563128424163,0.0,0.07235289492191861,10
k10_thr,none,299,adaptshrink_dta,1.7346010553881064,1.7346010553881064,2.1149137389497947,1.2322872198580535,True,1.1135845686090655,0.057186224818005976,-0.0059520391646576245,0.06182482888607337,10
k10_thr,strong,0,reitsma,1.7346010553881064,1.7346010553881064,1.4604036504573428,1.7661034132772155,True,0.7311365760318064,0.04017234583747547,-0.02746278687896123,0.056332366717428105,10
k10_thr,strong,0,reitsma_indep,1.7346010553881064,1.7346010553881064,1.3287346828764577,1.7686857950916968,True,0.698061493327714,0.02441324335309512,0.0,0.05633731574368112,10
k10_thr,strong,0,sep_univariate,1.7346010553881064,1.7346010553881064,1.3565140167933578,1.7714466675274652,True,0.7848368075538307,0.029850409431241603,0.0,0.058242860931891176,10
k10_thr,strong,0,adaptshrink_dta,1.7346010553881064,1.7346010553881064,1.4202811986578687,1.7730922252021684,True,0.9224394633798403,0.042793956925611304,-0.0059363841451805935,0.05694477648001748,10
k10_thr,strong,1,reitsma,1.7346010553881064,1.7346010553881064,2.1469768969901546,1.6023119668566863,True,0.9550838734253577,0.04484104484396894,-0.0259446276501025,0.07242847111274793,7
k10_thr,strong,1,reitsma_indep,1.7346010553881064,1.7346010553881064,2.07591128598267,1.608579238425144,True,1.015646212221859,0.03975658605763399,0.0,0.07323355037738281,7
k10_thr,strong,1,sep_univariate,1.7346010553881064,1.7346010553881064,2.0762958600775745,1.610377528994943,True,1.1608701136407829,0.039843289492383784,0.0,0.09546547571909274,7
k10_thr,strong,1,adaptshrink_dta,1.7346010553881064,1.7346010553881064,2.1147799069971276,1.6084011004786816,True,1.1084086796496841,0.047909191409675256,-0.0025899446326144975,0.07251945817578088,7
k10_thr,strong,2,reitsma,1.7346010553881064,1.7346010553881064,1.6703028652900744,1.8718628586136956,True,0.5189274362244523,0.04864112046658543,-0.02299351403427628,0.026495300111935564,10
k10_thr,strong,2,reitsma_indep,1.7346010553881064,1.7346010553881064,1.64564964558798,1.8220726610819755,True,0.6094113974423899,0.048147461279219164,0.0,0.021771182530838845,10
k10_thr,strong,2,sep_univariate,1.7346010553881064,1.7346010553881064,1.6547687956152306,1.8261330825146482,True,0.6607659146570224,0.053801502264497265,0.0,0.02290525486729173,10
k10_thr,strong,2,adaptshrink_dta,1.7346010553881064,1.7346010553881064,1.6560652782353544,1.8488166106033215,True,0.6878998964039744,0.0499336363344234,-0.00496801741384972,0.027242295167805974,10
k10_thr,strong,3,reitsma,1.7346010553881064,1.7346010553881064,1.1235849310831245,2.2304151893765964,True,0.9500818857124732,0.06158623186933515,-0.02387361434054005,0.05062327446146444,10
k10_thr,strong,3,reitsma_indep,1.7346010553881064,1.7346010553881064,1.1637561360645823,2.2259280968099193,True,1.0638861099252104,0.06779534588977267,0.0,0.0471221029403586,10
k10_thr,strong,3,sep_univariate,1.7346010553881064,1.7346010553881064,1.1734142412933826,2.2400068410240213,True,1.1821919220495938,0.07346224968994132,0.0,0.053696504839415626,10
k10_thr,strong,3,adaptshrink_dta,1.7346010553881064,1.7346010553881064,1.1445720374872426,2.2370735185901216,True,1.03938129541306,0.06226460230578589,-0.011113327774731691,0.05095500408402888,10
k10_thr,strong,4,reitsma,1.7346010553881064,1.7346010553881064,1.7343428640462153,1.9345076196078632,True,0.4836328743007299,0.026830283867012184,0.014918625506399961,0.0329012827138276,9
k10_thr,strong,4,reitsma_indep,1.7346010553881064,1.7346010553881064,1.8383847123876882,1.9301702343261524,True,0.5744587460536319,0.026923892288776913,0.0,0.03459506207991493,9
k10_thr,strong,4,sep_univariate,1.7346010553881064,1.7346010553881064,1.8361019303841404,1.9250482449666062,True,0.6647264557259717,0.031162669648723152,0.0,0.04002077907586021,9
k10_thr,strong,4,adaptshrink_dta,1.7346010553881064,1.7346010553881064,1.8185876558569591,1.9316665894453573,True,0.6009149207876556,0.030857469698264757,0.0025549483459144785,0.03324088827841686,9
k10_thr,strong,5,reitsma,1.7346010553881064,1.7346010553881064,1.4575043432957693,2.092821933427109,True,0.40183893266819865,0.01431776003426079,0.005503323319858354,0.033947262219162284,10
k10_thr,strong,5,reitsma_indep,1.7346010553881064,1.7346010553881064,1.4501988968853017,2.0968028625250548,True,0.42272434099567363,0.014082979687117258,0.0,0.03581411514759733,10
k10_thr,strong,5,sep_univariate,1.7346010553881064,1.7346010553881064,1.505399289017634,2.1039544952983316,True,0.574912605767169,0.023002451641877492,0.0,0.04055681139329568,10
k10_thr,strong,5,adaptshrink_dta,1.7346010553881064,1.7346010553881064,1.4562123867977028,2.0944885316014137,True,0.41898931224725455,0.014602365586175906,0.001186185758700761,0.03402894128342344,10
k10_thr,strong,6,reitsma,1.7346010553881064,1.7346010553881064,1.4829238398497813,2.099567586563313,True,0.3683296747934613,0.02483257166414174,-0.01386614809311664,0.0231627134566968,10
k10_thr,strong,6,reitsma_indep,1.7346010553881064,1.7346010553881064,1.408452227101294,2.1311673202172883,True,0.46223245939504004,0.022117585759077605,0.0,0.027265748627607014,10
k10_thr,strong,6,sep_univariate,1.7346010553881064,1.7346010553881064,1.4606405191977856,2.1348228721493223,True,0.5761187313979638,0.029736767380418416,0.0,0.03150391324298162,10
k10_thr,strong,6,adaptshrink_dta,1.7346010553881064,1.7346010553881064,1.4700397837106804,2.1248647623490107,True,0.49241783679914747,0.02858027957305648,-0.0027403192769339326,0.024208876407313003,10
k10_thr,strong,7,reitsma,1.7346010553881064,1.7346010553881064,1.9467015738749827,1.8017040663175667,True,0.726309521327809,0.05509727764285902,-0.036081739040552264,0.050652843089468755,10
k10_thr,strong,7,reitsma_indep,1.7346010553881064,1.7346010553881064,1.9158752382309325,1.7668663284054706,True,0.8662227404141584,0.04537554330692781,0.0,0.04667363122095091,10
k10_thr,strong,7,sep_univariate,1.7346010553881064,1.7346010553881064,1.9237895716137317,1.7928490311005054,True,1.0353677748700643,0.050642776194858026,0.0,0.05974561680364853,10
k10_thr,strong,7,adaptshrink_dta,1.7346010553881064,1.7346010553881064,1.9377444623145237,1.789794982230779,True,1.0172515652944012,0.05692136035479623,-0.007794503366521163,0.052378957569752554,10
k10_thr,strong,8,reitsma,1.7346010553881064,1.7346010553881064,1.5153352524316,1.8615113991831507,True,0.5700138611869141,0.029553746555066644,-0.019538780604668182,0.04394838617424511,10
k10_thr,strong,8,reitsma_indep,1.7346010553881064,1.7346010553881064,1.4597354289240863,1.854368270419081,True,0.6968231938751773,0.03161641553438343,0.0,0.04334777711639079,10
k10_thr,strong,8,sep_univariate,1.7346010553881064,1.7346010553881064,1.492558398230748,1.8557788471147976,True,0.8302736959608492,0.04119361339162122,0.0,0.04723315290502188,10
k10_thr,strong,8,adaptshrink_dta,1.7346010553881064,1.7346010553881064,1.479222757599578,1.8578254487763601,True,0.7093189063851039,0.03248564821915239,-0.004201247013332835,0.0442578603118663,10
k10_thr,strong,9,reitsma,1.7346010553881064,1.7346010553881064,1.7630411021915193,1.6361162068132995,True,0.9018146161509131,0.045930013481306556,-0.02292602801213272,0.06142079372399706,8
k10_thr,strong,9,reitsma_indep,1.7346010553881064,1.7346010553881064,1.7631871305887368,1.6025436143661782,True,0.9109777030254332,0.04550185108667157,0.0,0.05147788518035756,8
k10_thr,strong,9,sep_univariate,1.7346010553881064,1.7346010553881064,1.797648457811042,1.5962211981949952,True,0.9748997616069754,0.05452082414591202,0.0,0.04920302264820081,8
k10_thr,strong,9,adaptshrink_dta,1.7346010553881064,1.7346010553881064,1.7819085824876844,1.634178298796951,True,1.0392462339554014,0.048931290251038796,-0.0030477532610762676,0.062489327353199585,8
k10_thr,strong,10,reitsma,1.7346010553881064,1.7346010553881064,1.615303108181742,1.7813879475124845,True,0.6047080736966054,0.017416073792794834,-0.007314094106799498,0.06233354005762474,10
k10_thr,strong,10,reitsma_indep,1.7346010553881064,1.7346010553881064,1.6059360371827338,1.7833768641937944,True,0.601601398110442,0.01638246257647506,0.0,0.062355211430514305,10
k10_thr,strong,10,sep_univariate,1.7346010553881064,1.7346010553881064,1.6059360371827334,1.786338517012208,True,0.6201578737938594,0.016382462576475017,0.0,0.06626124726106192,10
k10_thr,strong,10,adaptshrink_dta,1.7346010553881064,1.7346010553881064,1.6129536335178212,1.7834830696717636,True,0.6227568205787729,0.017594767077305767,-0.0015835435726394133,0.062356463729503576,10
k10_thr,strong,11,reitsma,1.7346010553881064,1.7346010553881064,1.6103202611818341,1.4715288177741936,True,0.7196310866465775,0.03745593760745319,-0.021118757836076744,0.05093152359212058,10
k10_thr,strong,11,reitsma_indep,1.7346010553881064,1.7346010553881064,1.6004225457189785,1.463228924291437,True,0.8265396579703255,0.03920043965571956,0.0,0.04918930895784862,10
k10_thr,strong,11,sep_univariate,1.7346010553881064,1.7346010553881064,1.627213536416689,1.4653338684129265,True,0.9280750511887802,0.047022915187513524,0.0,0.05170004405602005,10
k10_thr,strong,11,adaptshrink_dta,1.7346010553881064,1.7346010553881064,1.6160069550000702,1.470476465286417,True,0.8173086046808146,0.038809349627231614,-0.009842601579288254,0.051077625456242205,10
k10_thr,strong,12,reitsma,1.7346010553881064,1.7346010553881064,1.6284492560441721,2.1288494666113045,True,0.5482466998921185,0.05304828941913568,-0.016867652251961174,0.021355819214397703,10
k10_thr,strong,12,reitsma_indep,1.7346010553881064,1.7346010553881064,1.5971639247013878,2.112103463679035,True,0.5849576393033504,0.046871588951385504,0.0,0.020605038230150162,10
k10_thr,strong,12,sep_univariate,1.7346010553881064,1.7346010553881064,1.6173495180249557,2.1283461479673638,True,0.6727240659498167,0.05404195528078297,0.0,0.0236361720123501,10
k10_thr,strong,12,adaptshrink_dta,1.7346010553881064,1.7346010553881064,1.6291459862120816,2.13101069168771,True,0.6682785430126154,0.05552748381271722,-0.00351743767708506,0.02292362275856513,10
k10_thr,strong,13,reitsma,1.7346010553881064,1.7346010553881064,1.5948034265239976,2.028848197557665,True,0.6157191114918296,0.03866239084234004,-0.03515490327700478,0.05964209654517748,10
k10_thr,strong,13,reitsma_indep,1.7346010553881064,1.7346010553881064,1.5780829434902344,1.9870441011522078,True,0.8594836037830539,0.03801021914371141,0.0,0.054854098966726016,10
k10_thr,strong,13,sep_univariate,1.7346010553881064,1.7346010553881064,1.5858228326531825,1.9900801311266327,True,0.9451339521407014,0.04459347132816078,0.0,0.056539207322813534,10
k10_thr,strong,13,adaptshrink_dta,1.7346010553881064,1.7346010553881064,1.586114022323743,2.0101001297261725,True,0.9297751531837909,0.04058761839238479,-0.007551447504745513,0.06152186839813974,10
k10_thr,strong,14,reitsma,1.7346010553881064,1.7346010553881064,1.5737383253523212,1.8311392913653108,True,0.4998111117819645,0.01620504385108287,-0.009223735888102578,0.048760730812339184,10
k10_thr,strong,14,reitsma_indep,1.7346010553881064,1.7346010553881064,1.5262064360560397,1.82726724760826,True,0.49050139167734813,0.013788018499640486,0.0,0.0492507555494241,10
k10_thr,strong,14,sep_univariate,1.7346010553881064,1.7346010553881064,1.5262064360560383,1.8110203436712131,True,0.44102486785390604,0.013788018499640332,0.0,0.039816086067070884,10
k10_thr,strong,14,adaptshrink_dta,1.7346010553881064,1.7346010553881064,1.5455638510883585,1.8297415352894781,True,0.5363867491358643,0.016681277614817604,-0.0019988045208649496,0.0489206766188563,10
k10_thr,strong,15,reitsma,1.7346010553881064,1.7346010553881064,1.795733833478342,1.9572869010902443,True,0.7343441180094764,0.0399346323012101,-0.026699321064200063,0.05596445236327451,10
k10_thr,strong,15,reitsma_indep,1.7346010553881064,1.7346010553881064,1.797626092792981,1.8926574877855005,True,0.7510914808970774,0.03279822113627596,0.0,0.048547810656172224,10
k10_thr,strong,15,sep_univariate,1.7346010553881064,1.7346010553881064,1.8070946966258263,1.9246454875400043,True,0.9266826464065631,0.03831726296123243,0.0,0.06325601779829382,10
k10_thr,strong,15,adaptshrink_dta,1.7346010553881064,1.7346010553881064,1.8123140137570688,1.9211749957332127,True,0.9146654151591935,0.041209601212834644,-0.0026578672040596853,0.05747218118027746,10
k10_thr,strong,16,reitsma,1.7346010553881064,1.7346010553881064,1.7440375811000322,2.2379525690655173,True,0.688813136201097,0.06021488504563931,-0.030886951833151963,0.038083243027221346,9
k10_thr,strong,16,reitsma_indep,1.7346010553881064,1.7346010553881064,1.7630982514345863,2.2430101879490456,True,0.9333048156124459,0.06673462209440115,0.0,0.03684088673432009,9
k10_thr,strong,16,sep_univariate,1.7346010553881064,1.7346010553881064,1.818187473651333,2.2488012908924193,True,1.128649887080446,0.09252086150168651,0.0,0.038860920527603954,9
k10_thr,strong,16,adaptshrink_dta,1.7346010553881064,1.7346010553881064,1.762949476200409,2.252963176929038,True,0.9509544634734128,0.06490870065572049,-0.00540991814592802,0.0397742739836705,9
k10_thr,strong,17,reitsma,1.7346010553881064,1.7346010553881064,1.9927286648182974,1.74651690053686,True,0.722631565912177,0.05263732889072061,-0.03888850468560107,0.05673190900619204,10
k10_thr,strong,17,reitsma_indep,1.7346010553881064,1.7346010553881064,1.7322980259883691,1.7514819310007836,True,0.7779707180207057,0.02912447089166574,0.0,0.05865468739970078,10
k10_thr,strong,17,sep_univariate,1.7346010553881064,1.7346010553881064,1.8165386253141642,1.7562213959320712,True,1.0031775763170643,0.04432678447590577,0.0,0.06408017228465172,10
k10_thr,strong,17,adaptshrink_dta,1.7346010553881064,1.7346010553881064,1.918941270995565,1.753953958874526,True,1.1095783411498203,0.061522944650016016,-0.008271824928052425,0.05759454943987134,10
k10_thr,strong,18,reitsma,1.7346010553881064,1.7346010553881064,1.563739817483025,2.0366518111602203,True,0.5911160006739047,0.023826678994137637,0.005782165417055257,0.042795171617222155,10
k10_thr,strong,18,reitsma_indep,1.7346010553881064,1.7346010553881064,1.5503950860509603,2.034709738680157,True,0.589508335338256,0.02260028546047044,0.0,0.043401050607657254,10
k10_thr,strong,18,sep_univariate,1.7346010553881064,1.7346010553881064,1.5503950860509594,2.0542237208913106,True,0.6439292133685268,0.022600285460470357,0.0,0.05178411982221874,10
k10_thr,strong,18,adaptshrink_dta,1.7346010553881064,1.7346010553881064,1.558950065003574,2.034819278624823,True,0.606091395065433,0.02420324196486464,0.0012446961582472,0.04290277763082931,10
k10_thr,strong,19,reitsma,1.7346010553881064,1.7346010553881064,1.733075592809083,1.9256181152901726,True,0.5175748761789427,0.02132890536659154,-0.013565091447643784,0.0440769993517309,10
k10_thr,strong,19,reitsma_indep,1.7346010553881064,1.7346010553881064,1.7130306795784338,1.9236486576252672,True,0.5467858026326324,0.019676514478053003,0.0,0.04288649525571338,10
k10_thr,strong,19,sep_univariate,1.7346010553881064,1.7346010553881064,1.7390988054897734,1.9372790555558277,True,0.7294537217937535,0.024512349000584386,0.0,0.061269568887546214,10
k10_thr,strong,19,adaptshrink_dta,1.7346010553881064,1.7346010553881064,1.7350554541549004,1.9269798780590182,True,0.593133316383271,0.022636111989278385,-0.002923335412927477,0.04424444626112293,10
k10_thr,strong,20,reitsma,1.7346010553881064,1.7346010553881064,2.1792583666256347,1.3615815761585013,True,0.6059702055931275,0.038695667052178806,-0.015502733078495277,0.03299483572193658,10
k10_thr,strong,20,reitsma_indep,1.7346010553881064,1.7346010553881064,2.0825645095773715,1.3621904119526105,True,0.5797453704260787,0.02841438550106926,0.0,0.033386475708572345,10
k10_thr,strong,20,sep_univariate,1.7346010553881064,1.7346010553881064,2.0825645095773675,1.3675514352965756,True,0.6238069542183216,0.02841438550106854,0.0,0.03865417625366506,10
k10_thr,strong,20,adaptshrink_dta,1.7346010553881064,1.7346010553881064,2.138768789497501,1.3632831932403917,True,0.6909412541076597,0.040990106797216465,-0.0033399414473863926,0.033145002024643724,10
k10_thr,strong,21,reitsma,1.7346010553881064,1.7346010553881064,1.6553588452260442,2.1172982237856703,True,1.0792969795701435,0.06966698643166702,-0.04355815725326949,0.07442829214215035,10
k10_thr,strong,21,reitsma_indep,1.7346010553881064,1.7346010553881064,1.482671445065856,2.124729274784032,True,1.2095894957105378,0.05361228494306159,0.0,0.07702752846616856,10
k10_thr,strong,21,sep_univariate,1.7346010553881064,1.7346010553881064,1.5551489369933278,2.154377367605038,True,1.6180856391346952,0.06931477278464987,0.0,0.10661332052319901,10
k10_thr,strong,21,adaptshrink_dta,1.7346010553881064,1.7346010553881064,1.6180847539176793,2.126988329510901,True,1.4266233348233457,0.07743989064613152,-0.009460718688963959,0.07533603343599414,10
k10_thr,strong,22,reitsma,1.7346010553881064,1.7346010553881064,1.9820519698470744,1.6918888229096818,True,0.6210961025272662,0.03630137300271909,-0.01928306036069229,0.040236655791119576,9
k10_thr,strong,22,reitsma_indep,1.7346010553881064,1.7346010553881064,2.0271076561173276,1.6700561051569514,True,0.7303928799030883,0.0393617052545142,0.0,0.0382536978985057,9
k10_thr,strong,22,sep_univariate,1.7346010553881064,1.7346010553881064,2.0342623740052077,1.671127813652779,True,0.7764582620837663,0.043997150709994194,0.0,0.038676391333715025,9
k10_thr,strong,22,adaptshrink_dta,1.7346010553881064,1.7346010553881064,2.020214291036501,1.6817164671460538,True,0.7301513199061904,0.03727074239377679,-0.0034229805049633224,0.040687458189486235,9
k10_thr,strong,23,reitsma,1.7346010553881064,1.7346010553881064,2.2891983907554496,1.8513884155380644,True,0.7307366463841679,0.0431608150280166,-0.023087044856640457,0.047268804529256574,10
k10_thr,strong,23,reitsma_indep,1.7346010553881064,1.7346010553881064,2.204656255277787,1.817355452745582,True,0.7876692262929553,0.040632735700673286,0.0,0.04309689285462487,10
k10_thr,strong,23,sep_univariate,1.7346010553881064,1.7346010553881064,2.2091861412433635,1.820968750042421,True,0.8251902294089558,0.0420990809813592,0.0,0.04565305089578964,10
k10_thr,strong,23,adaptshrink_dta,1.7346010553881064,1.7346010553881064,2.2246087966684236,1.8273418495269897,True,0.8685920332440108,0.04479522344491248,-0.00232062517061542,0.04765749107564382,10
k10_thr,strong,24,reitsma,1.7346010553881064,1.7346010553881064,1.8799052615223009,1.578607769505852,True,0.5978791912679895,0.032509866426449555,-0.01330941538985465,0.03648341009177446,10
k10_thr,strong,24,reitsma_indep,1.7346010553881064,1.7346010553881064,1.7785310914010792,1.576644472580812,True,0.5668253352168857,0.025157619047811695,0.0,0.03604651120725465,10
k10_thr,strong,24,sep_univariate,1.7346010553881064,1.7346010553881064,1.7785310914010786,1.5842273354871572,True,0.6259654011296445,0.02515761904781165,0.0,0.043960779928755266,10
k10_thr,strong,24,adaptshrink_dta,1.7346010553881064,1.7346010553881064,1.840622290686381,1.5783619902345256,True,0.6615593714417323,0.033998590608904214,-0.0028759266438314213,0.0365770887866876,10
k10_thr,strong,25,reitsma,1.7346010553881064,1.7346010553881064,1.808499166018494,1.592324159469574,True,0.3166811724079219,0.028222250017117645,-3.381884132952229e-25,0.010029680999918399,9
k10_thr,strong,25,reitsma_indep,1.7346010553881064,1.7346010553881064,1.808499166018494,1.592324159469574,True,0.3166811724079219,0.028222250017117645,0.0,0.010029680999918399,9
k10_thr,strong,25,sep_univariate,1.7346010553881064,1.7346010553881064,1.8110405711606172,1.631212440697449,True,0.4190205383294442,0.029655655910157938,0.0,0.016710804325059114,9
k10_thr,strong,25,adaptshrink_dta,1.7346010553881064,1.7346010553881064,1.8084991660188032,1.5923241594707247,True,0.31668117241157784,0.028222250017287457,-6.039078808814799e-26,0.010029681000089618,9
k10_thr,strong,26,reitsma,1.7346010553881064,1.7346010553881064,1.8016415712968736,2.2952128600214654,True,0.7554395834176881,0.04460768517050199,-0.02673100317773941,0.05212817694329238,10
k10_thr,strong,26,reitsma_indep,1.7346010553881064,1.7346010553881064,1.755683056906752,2.2819362329986035,True,0.8075521138911352,0.03468694609921103,0.0,0.05306514045534502,10
k10_thr,strong,26,sep_univariate,1.7346010553881064,1.7346010553881064,1.762543935842404,2.3261662532865475,True,1.0692300631645137,0.03714394107523275,0.0,0.08687375777039108,10
k10_thr,strong,26,adaptshrink_dta,1.7346010553881064,1.7346010553881064,1.7899339279267852,2.289842603892744,True,0.9288711636955539,0.046446611889657506,-0.005759093682578154,0.053145460105670415,10
k10_thr,strong,27,reitsma,1.7346010553881064,1.7346010553881064,1.6692858911211905,1.9273189385625682,True,0.7295712110447179,0.04732757158100172,-0.031033514698691173,0.05209276200888666,10
k10_thr,strong,27,reitsma_indep,1.7346010553881064,1.7346010553881064,1.5588096135601515,1.8649675867134634,True,0.8160465897901835,0.04127252436289131,0.0,0.04554106083173613,10
k10_thr,strong,27,sep_univariate,1.7346010553881064,1.7346010553881064,1.5705624776838178,1.8747937062962938,True,0.9191213100269523,0.0463647440140576,0.0,0.051427104327210885,10
k10_thr,strong,27,adaptshrink_dta,1.7346010553881064,1.7346010553881064,1.5985849638263996,1.887925621350939,True,0.9949322207611095,0.052746344975661184,-0.006499748091437133,0.053770808885336314,10
k10_thr,strong,28,reitsma,1.7346010553881064,1.7346010553881064,1.8968721460622004,1.7258837417480377,True,0.5568277344673852,0.03316184948652347,-0.016074397671916357,0.03418154153892591,10
k10_thr,strong,28,reitsma_indep,1.7346010553881064,1.7346010553881064,1.8401190315039633,1.7418975291957095,True,0.6294742062737962,0.03084022828175206,0.0,0.03626373735596553,10
k10_thr,strong,28,sep_univariate,1.7346010553881064,1.7346010553881064,1.8619851918992478,1.7528757026851092,True,0.7162703650383523,0.034569410271392494,0.0,0.04188864017427164,10
k10_thr,strong,28,adaptshrink_dta,1.7346010553881064,1.7346010553881064,1.8807217290447842,1.7389472573674982,True,0.6753939780491133,0.03694751600050477,-0.0015660751645176314,0.03491321944144185,10
k10_thr,strong,29,reitsma,1.7346010553881064,1.7346010553881064,2.0413809002001266,1.8296202689930026,True,1.0671972529012534,0.09828658744280318,-0.03804964119375741,0.0474362887826411,6
k10_thr,strong,29,reitsma_indep,1.7346010553881064,1.7346010553881064,1.7615343400651706,1.8286782610845995,True,0.8475949281973432,0.04248416839019583,0.0,0.0477291658146378,6
k10_thr,strong,29,sep_univariate,1.7346010553881064,1.7346010553881064,1.8841578080815322,1.8397236958753522,True,1.3431541120696182,0.08615294006341688,0.0,0.05910386151131983,6
k10_thr,strong,29,adaptshrink_dta,1.7346010553881064,1.7346010553881064,1.9544590628344776,1.8298244182123453,True,1.363676399876547,0.11006681902053472,-0.0037847862155781075,0.04781719942933471,6
k10_thr,strong,30,reitsma,1.7346010553881064,1.7346010553881064,1.9288118040227573,1.985700607812137,True,0.7836681698252895,0.07034494544713181,-0.024410400331314128,0.03311207633675279,10
k10_thr,strong,30,reitsma_indep,1.7346010553881064,1.7346010553881064,1.9331475979408295,2.001612856298253,True,0.9016889710042637,0.06717072855326991,0.0,0.03416392213790258,10
k10_thr,strong,30,sep_univariate,1.7346010553881064,1.7346010553881064,1.9654483713077757,2.0220436722563826,True,1.2377703329744871,0.08397786543765079,0.0,0.05149316353555002,10
k10_thr,strong,30,adaptshrink_dta,1.7346010553881064,1.7346010553881064,1.9492497319229154,1.999040597401271,True,0.8972641084656464,0.0717109026278444,-0.011311918206100086,0.03347200342574194,10
k10_thr,strong,31,reitsma,1.7346010553881064,1.7346010553881064,1.549952922279998,1.8812297268095413,True,0.4071294411995338,0.02375765130643024,-0.006686361609960577,0.02157408190856294,10
k10_thr,strong,31,reitsma_indep,1.7346010553881064,1.7346010553881064,1.513559155459428,1.8693930814752897,True,0.3678376193209382,0.019353082709498405,0.0,0.019733149245422372,10
k10_thr,strong,31,sep_univariate,1.7346010553881064,1.7346010553881064,1.5249312216770987,1.8735077767680606,True,0.45603081726998435,0.025002685109581837,0.0,0.02347664320890333,10
k10_thr,strong,31,adaptshrink_dta,1.7346010553881064,1.7346010553881064,1.5299488339420992,1.8744258652526742,True,0.4328782558190466,0.024419846367804282,-0.001436561401722242,0.021742735509553898,10
k10_thr,strong,32,reitsma,1.7346010553881064,1.7346010553881064,1.806145410434351,1.721210466121342,True,0.6700286378017835,0.06059720750493682,-0.033785650218599535,0.039747700390989495,10
k10_thr,strong,32,reitsma_indep,1.7346010553881064,1.7346010553881064,1.8754267962493654,1.755285880125692,True,1.0354492967318447,0.06510921775317054,0.0,0.04647821753635928,10
k10_thr,strong,32,sep_univariate,1.7346010553881064,1.7346010553881064,1.893692610993769,1.773353725673983,True,1.2418804880158503,0.07755120068932123,0.0,0.05613133198546623,10
k10_thr,strong,32,adaptshrink_dta,1.7346010553881064,1.7346010553881064,1.8665247214338518,1.7431528973993862,True,0.9489686325435661,0.06356144114245277,-0.007256865194548039,0.0408178635309408,10
k10_thr,strong,33,reitsma,1.7346010553881064,1.7346010553881064,1.7230837873509006,2.0287192577054918,True,0.7386886815371235,0.05910330865295487,-0.02456013939000339,0.036264122945993016,10
k10_thr,strong,33,reitsma_indep,1.7346010553881064,1.7346010553881064,1.6317938129357061,1.9947664711416206,True,0.8031328165157381,0.051733186159683316,0.0,0.03519166249292401,10
k10_thr,strong,33,sep_univariate,1.7346010553881064,1.7346010553881064,1.639456870384664,2.00435669274119,True,0.9351003822729762,0.05560439392306824,0.0,0.04438555192625391,10
k10_thr,strong,33,adaptshrink_dta,1.7346010553881064,1.7346010553881064,1.6845839696993434,2.0111272314478605,True,0.8608326052895726,0.06047439466702112,-0.011450501404375956,0.03675407622804388,10
k10_thr,strong,34,reitsma,1.7346010553881064,1.7346010553881064,1.9080324751593882,2.0659769522692524,True,1.024868690452011,0.1282872077088263,-0.05380990434615678,0.04567982581836018,10
k10_thr,strong,34,reitsma_indep,1.7346010553881064,1.7346010553881064,1.6946363020145452,2.023570310412062,True,1.2091855759710017,0.0892446581497964,0.0,0.04624214301503217,10
k10_thr,strong,34,sep_univariate,1.7346010553881064,1.7346010553881064,1.7382956035332695,2.035595730104369,True,1.600923970090331,0.11718532793032557,0.0,0.061730876248725454,10
k10_thr,strong,34,adaptshrink_dta,1.7346010553881064,1.7346010553881064,1.828938054595035,2.041260632833467,True,1.423753248190478,0.13427586063426325,-0.02476312512227556,0.04717624542266046,10
k10_thr,strong,35,reitsma,1.7346010553881064,1.7346010553881064,1.5977236390032885,1.9369294937868127,True,0.37120352228952985,0.014693850722843179,-0.004008537803807601,0.02756164747916348,10
k10_thr,strong,35,reitsma_indep,1.7346010553881064,1.7346010553881064,1.5892069660972008,1.9371611341147594,True,0.36673456221249173,0.013856260806437596,0.0,0.027396299169550668,10
k10_thr,strong,35,sep_univariate,1.7346010553881064,1.7346010553881064,1.6489864045580767,1.9446361604080842,True,0.5259269013798581,0.025455214583850878,0.0,0.030669611588883577,10
k10_thr,strong,35,adaptshrink_dta,1.7346010553881064,1.7346010553881064,1.5979436245059524,1.9379357906342014,True,0.3833031539282384,0.015048128284992088,-0.0008633368165494896,0.027606824977974204,10
k10_thr,strong,36,reitsma,1.7346010553881064,1.7346010553881064,1.7006405250135084,1.9654215409077063,True,0.5522535532513655,0.04051549073087257,0.0006455448278736976,0.021256922799922754,10
k10_thr,strong,36,reitsma_indep,1.7346010553881064,1.7346010553881064,1.7044828790846336,1.9645776809007973,True,0.5541906865303655,0.04069377858955631,0.0,0.02130221163532839,10
k10_thr,strong,36,sep_univariate,1.7346010553881064,1.7346010553881064,1.7132597664487443,1.963125192622752,True,0.5975024758273878,0.043287279475193695,0.0,0.023278414294377662,10
k10_thr,strong,36,adaptshrink_dta,1.7346010553881064,1.7346010553881064,1.702377922932087,1.9649890695209673,True,0.5523825373579764,0.04051841755944899,0.00030124808594207133,0.02125726729554641,10
k10_thr,strong,37,reitsma,1.7346010553881064,1.7346010553881064,1.6400782464452386,2.019535817855247,True,0.6188465601188397,0.03131930857205161,0.011605776632939001,0.03881409663571071,10
k10_thr,strong,37,reitsma_indep,1.7346010553881064,1.7346010553881064,1.6777221878627202,2.02692202847051,True,0.7428452287038125,0.04029452491185041,0.0,0.038653151037463855,10
k10_thr,strong,37,sep_univariate,1.7346010553881064,1.7346010553881064,1.7214982871930808,2.0379950460415097,True,0.9071301055014221,0.05446881115287772,0.0,0.04264081838753932,10
k10_thr,strong,37,adaptshrink_dta,1.7346010553881064,1.7346010553881064,1.650073316963251,2.0281948817815487,True,0.6739632083149333,0.03287405725067011,0.0024717309244084605,0.03918483225757548,10
k10_thr,strong,38,reitsma,1.7346010553881064,1.7346010553881064,2.0228403465075697,1.9758124384415838,True,0.6451341618571145,0.04159418658151047,-0.021417300616104036,0.039270409053796314,10
k10_thr,strong,38,reitsma_indep,1.7346010553881064,1.7346010553881064,1.9771588786533094,1.9398135597703627,True,0.6810719011943653,0.0371606870107287,0.0,0.035231931965146644,10
k10_thr,strong,38,sep_univariate,1.7346010553881064,1.7346010553881064,1.9802367165076356,1.9398834259848179,True,0.6959371451424032,0.03877418379681775,0.0,0.03525588629619633,10
k10_thr,strong,38,adaptshrink_dta,1.7346010553881064,1.7346010553881064,1.9944758774323317,1.9612112046842685,True,0.766787649459198,0.04213277636660517,-0.004658654500932778,0.03990315445554476,10
k10_thr,strong,39,reitsma,1.7346010553881064,1.7346010553881064,1.5004269923359843,1.9030707803534441,True,0.7212341909358513,0.05088873644533273,-0.036780637132977946,0.05543507422935438,10
k10_thr,strong,39,reitsma_indep,1.7346010553881064,1.7346010553881064,1.495956081211184,1.9303175101124797,True,1.0067562610816603,0.04948999061154303,0.0,0.057805022410676594,10
k10_thr,strong,39,sep_univariate,1.7346010553881064,1.7346010553881064,1.5268229112306633,1.9298439597356318,True,1.1387047056585502,0.0637690731458808,0.0,0.05739134368896251,10
k10_thr,strong,39,adaptshrink_dta,1.7346010553881064,1.7346010553881064,1.526555593027648,1.9297939854446955,True,0.9787335843369964,0.05342486881090512,-0.01705836403898586,0.056054743949315075,10
k10_thr,strong,40,reitsma,1.7346010553881064,1.7346010553881064,1.8542449233044658,1.6546832568566057,True,1.079866854737008,0.07156338980193391,-0.04979574466317003,0.08064138544237572,8
k10_thr,strong,40,reitsma_indep,1.7346010553881064,1.7346010553881064,1.7353250523849182,1.6735486286229075,True,1.4183229358556406,0.06504362360107153,0.0,0.08729307472872037,8
k10_thr,strong,40,sep_univariate,1.7346010553881064,1.7346010553881064,1.7743389877570657,1.674430822405416,True,1.6263730780059382,0.081078418027849,0.0,0.09208085726961802,8
k10_thr,strong,40,adaptshrink_dta,1.7346010553881064,1.7346010553881064,1.8138253490869936,1.671036688546512,True,1.4383583789207648,0.07673968173417288,-0.01909916107443103,0.08084710887377691,8
k10_thr,strong,41,reitsma,1.7346010553881064,1.7346010553881064,1.7095169753270714,2.200851805070534,True,0.6827243606767366,0.04213886905717094,-0.02727815801442501,0.04887889943194961,10
k10_thr,strong,41,reitsma_indep,1.7346010553881064,1.7346010553881064,1.5623220855731952,2.183279824846962,True,0.6240493847354502,0.02231962354611574,0.0,0.04924762830319207,10
k10_thr,strong,41,sep_univariate,1.7346010553881064,1.7346010553881064,1.598416782600958,2.194094939761392,True,0.7993995923958237,0.0325062358109993,0.0,0.055487534792433346,10
k10_thr,strong,41,adaptshrink_dta,1.7346010553881064,1.7346010553881064,1.6535388490639027,2.1905828005418018,True,0.8853087869035147,0.04509321661045747,-0.0058658982740139275,0.0498213704795159,10
k10_thr,strong,42,reitsma,1.7346010553881064,1.7346010553881064,1.749462867319028,1.896827395171292,True,0.6539676429357114,0.03994994631222469,-0.0117540880373979,0.033673848032240404,10
k10_thr,strong,42,reitsma_indep,1.7346010553881064,1.7346010553881064,1.7448108087430345,1.897436572138763,True,0.6792267162001703,0.04038648614952355,0.0,0.03224242644508277,10
k10_thr,strong,42,sep_univariate,1.7346010553881064,1.7346010553881064,1.764533311174488,1.9043116170949295,True,0.7641266268617477,0.04515114070188872,0.0,0.03650028091971496,10
k10_thr,strong,42,adaptshrink_dta,1.7346010553881064,1.7346010553881064,1.7539319926655148,1.9008915841181422,True,0.6893046344547556,0.040614688082325184,-0.005473418183541341,0.03375735428213243,10
k10_thr,strong,43,reitsma,1.7346010553881064,1.7346010553881064,1.7127006493250256,1.9949860716360994,True,0.5675341341293548,0.03913041864661772,0.01650378576285895,0.03019361321543993,8
k10_thr,strong,43,reitsma_indep,1.7346010553881064,1.7346010553881064,1.686508002754495,1.98950846479758,True,0.639653831329104,0.03538082198465334,0.0,0.03264046668376352,8
k10_thr,strong,43,sep_univariate,1.7346010553881064,1.7346010553881064,1.727297275831147,2.007333253392246,True,0.7890143379792451,0.04466169773796012,0.0,0.0393431228984259,8
k10_thr,strong,43,adaptshrink_dta,1.7346010553881064,1.7346010553881064,1.7230617756598172,1.98880440330896,True,0.6892514390747273,0.04276300023398385,0.00208882726350371,0.03145809035845469,8
k10_thr,strong,44,reitsma,1.7346010553881064,1.7346010553881064,2.178804826441824,1.6742181801125724,True,1.3775259703210936,0.08282321097397145,-0.028323359647439733,0.07435270702411567,8
k10_thr,strong,44,reitsma_indep,1.7346010553881064,1.7346010553881064,2.2085081845361914,1.66459777125454,True,1.5557168694813714,0.09126000375247385,0.0,0.07485398170344483,8
k10_thr,strong,44,sep_univariate,1.7346010553881064,1.7346010553881064,2.2206635693259127,1.6683277079204137,True,1.6562848397292067,0.09962758944943384,0.0,0.07771855153407246,8
k10_thr,strong,44,adaptshrink_dta,1.7346010553881064,1.7346010553881064,2.1939948577362363,1.6708541610802876,True,1.4752502743647846,0.08391182669237492,-0.010889011172874432,0.07461833335057676,8
k10_thr,strong,45,reitsma,1.7346010553881064,1.7346010553881064,1.8555492900279509,1.9710000074230098,True,0.7611752174799613,0.031130200507817427,-0.016196405712610027,0.06095837914618381,8
k10_thr,strong,45,reitsma_indep,1.7346010553881064,1.7346010553881064,1.723096358387953,1.972119234797287,True,0.724722607859621,0.024708067334757177,0.0,0.05999832270920131,8
k10_thr,strong,45,sep_univariate,1.7346010553881064,1.7346010553881064,1.723096358387953,1.9699271150660396,True,0.7635654554884687,0.024708067334757177,0.0,0.06660211721313113,8
k10_thr,strong,45,adaptshrink_dta,1.7346010553881064,1.7346010553881064,1.7713794705752772,1.9714868743867788,True,0.8512568759904251,0.033597407957190226,-0.002170332298127576,0.06101671142905193,8
k10_thr,strong,46,reitsma,1.7346010553881064,1.7346010553881064,1.6729268110739854,1.64234684166676,True,0.5014848049764956,0.04237762113053992,-0.032572547184761,0.04178605085775198,10
k10_thr,strong,46,reitsma_indep,1.7346010553881064,1.7346010553881064,1.5711460295058979,1.5622466528744563,True,0.5768776380655405,0.03786985226121187,0.0,0.02480321997151283,10
k10_thr,strong,46,sep_univariate,1.7346010553881064,1.7346010553881064,1.5772423218083083,1.5623144156763527,True,0.6112220871132614,0.04246240872068279,0.0,0.024832916009669193,10
k10_thr,strong,46,adaptshrink_dta,1.7346010553881064,1.7346010553881064,1.5976770191012541,1.6066476083331866,True,0.8315066334466086,0.046242514566842224,-0.006904789208563151,0.04323214937865916,10
k10_thr,strong,47,reitsma,1.7346010553881064,1.7346010553881064,1.5976313012496182,1.8924504630768613,True,0.4172950341801199,0.026133021424143477,-0.01583931632137326,0.028407765631095275,10
k10_thr,strong,47,reitsma_indep,1.7346010553881064,1.7346010553881064,1.5644653630141483,1.8850183240859875,True,0.4645404891885881,0.020289466322239397,0.0,0.03002000698476291,10
k10_thr,strong,47,sep_univariate,1.7346010553881064,1.7346010553881064,1.573513849462865,1.8978695199710902,True,0.5606807354820638,0.02399233232770803,0.0,0.036982227618798595,10
k10_thr,strong,47,adaptshrink_dta,1.7346010553881064,1.7346010553881064,1.5843956702223856,1.8866868364998644,True,0.5212726711126078,0.02701565040923243,-0.003401481976232108,0.028817185477376866,10
k10_thr,strong,48,reitsma,1.7346010553881064,1.7346010553881064,1.8992638704995828,1.7638462168050135,True,0.5233531449801924,0.04465806214311733,-0.0027814012428110163,0.017484307990313183,9
k10_thr,strong,48,reitsma_indep,1.7346010553881064,1.7346010553881064,1.9002480718137,1.7575741209054287,True,0.5186887437564648,0.04432725414096364,0.0,0.0171307778755294,9
k10_thr,strong,48,sep_univariate,1.7346010553881064,1.7346010553881064,1.9077046192850735,1.7648746918831006,True,0.5907274286637388,0.05054947768341414,0.0,0.019484616728532314,9
k10_thr,strong,48,adaptshrink_dta,1.7346010553881064,1.7346010553881064,1.9002659324034956,1.7611414155158611,True,0.5257775906753072,0.044678530615788255,-0.0011916943285572175,0.017495617004738673,9
k10_thr,strong,49,reitsma,1.7346010553881064,1.7346010553881064,1.7893389874685848,1.6652006271575672,True,0.9254422316214513,0.11882374563378022,-0.035763410969429504,0.031107709889018426,7
k10_thr,strong,49,reitsma_indep,1.7346010553881064,1.7346010553881064,1.7030982073448713,1.7227645534198242,True,1.0940696665954859,0.09497533542520725,0.0,0.03557241787631468,7
k10_thr,strong,49,sep_univariate,1.7346010553881064,1.7346010553881064,1.7460818339689137,1.7374492893352391,True,1.2580543515904457,0.10819231861336026,0.0,0.041289217038443175,7
k10_thr,strong,49,adaptshrink_dta,1.7346010553881064,1.7346010553881064,1.8167440798754908,1.7189527721282796,True,1.2646884983799827,0.1314758298926268,-0.0032411305789837243,0.03441635733394711,7
k10_thr,strong,50,reitsma,1.7346010553881064,1.7346010553881064,1.6178874203587887,2.078233672653804,True,0.7676771267166568,0.05828306471232219,-0.01851850075568343,0.03442363324669177,9
k10_thr,strong,50,reitsma_indep,1.7346010553881064,1.7346010553881064,1.526596021501899,2.024614948649118,True,0.685762676416129,0.04676307500989508,0.0,0.02838434613321127,9
k10_thr,strong,50,sep_univariate,1.7346010553881064,1.7346010553881064,1.5639775111914282,2.0474408469813983,True,0.8890961212640167,0.059317791572743084,0.0,0.03761375786277569,9
k10_thr,strong,50,adaptshrink_dta,1.7346010553881064,1.7346010553881064,1.5785355937638803,2.050060460569517,True,0.863366198977215,0.059968165795937375,-0.003308845112222717,0.03526612543712009,9
k10_thr,strong,51,reitsma,1.7346010553881064,1.7346010553881064,2.0115085197992366,1.9246203969639186,True,0.49502853914451017,0.04466561021665574,-0.013632024572468206,0.019645884260992702,10
k10_thr,strong,51,reitsma_indep,1.7346010553881064,1.7346010553881064,1.8601513004547987,1.9197438750077032,True,0.5315480080963675,0.04233908266024716,0.0,0.01883552860458365,10
k10_thr,strong,51,sep_univariate,1.7346010553881064,1.7346010553881064,1.8976611395730338,1.9147193987192574,True,0.6068076944329188,0.04932902498439335,0.0,0.021068513442304156,10
k10_thr,strong,51,adaptshrink_dta,1.7346010553881064,1.7346010553881064,1.9237352241320056,1.9151050044184723,True,0.5884890813526811,0.04923530885309982,-0.002816682452715065,0.020014516782810444,10
k10_thr,strong,52,reitsma,1.7346010553881064,1.7346010553881064,1.8934819818114201,1.850057087131902,True,0.484934516120996,0.03770088098086981,-0.026360101750229393,0.03603625972664821,10
k10_thr,strong,52,reitsma_indep,1.7346010553881064,1.7346010553881064,1.8739194402364325,1.8794033250454374,True,0.7272220468430515,0.03760261093903101,0.0,0.03969632834040694,10
k10_thr,strong,52,sep_univariate,1.7346010553881064,1.7346010553881064,1.9060039813948322,1.8846584611882924,True,0.8357074501800427,0.045611131311501046,0.0,0.04321872695913594,10
k10_thr,strong,52,adaptshrink_dta,1.7346010553881064,1.7346010553881064,1.9179095641854087,1.877226289386538,True,0.7625034229117116,0.04480220609313907,-0.00536664980471936,0.037271289630492394,10
k10_thr,strong,53,reitsma,1.7346010553881064,1.7346010553881064,1.4575775665644979,2.1480174259162763,True,0.46780901392398994,0.04233649478465247,-0.015602795474389477,0.02034033439458843,10
k10_thr,strong,53,reitsma_indep,1.7346010553881064,1.7346010553881064,1.4071696003223495,2.136764114047786,True,0.46476321726558084,0.03528411348592588,0.0,0.017278998044035345,10
k10_thr,strong,53,sep_univariate,1.7346010553881064,1.7346010553881064,1.432076731740267,2.1477144442547207,True,0.5762298893286171,0.043916587394527785,0.0,0.021340139048956038,10
k10_thr,strong,53,adaptshrink_dta,1.7346010553881064,1.7346010553881064,1.4376650331862522,2.1493576226491613,True,0.5769734105781527,0.04402614515498008,-0.0015292231786975543,0.02139512108037148,10
k10_thr,strong,54,reitsma,1.7346010553881064,1.7346010553881064,1.796004726672691,2.1986851060116095,True,0.5212819465274762,0.04432390186577832,-0.013663737193332269,0.021515929259313865,10
k10_thr,strong,54,reitsma_indep,1.7346010553881064,1.7346010553881064,1.739989708776933,2.1858677883026987,True,0.5429265167650186,0.04205436542444286,0.0,0.019783598491434184,10
k10_thr,strong,54,sep_univariate,1.7346010553881064,1.7346010553881064,1.760626202081563,2.187194656864088,True,0.5982278442584388,0.04871043333675707,0.0,0.020736980544526717,10
k10_thr,strong,54,adaptshrink_dta,1.7346010553881064,1.7346010553881064,1.7649079770496297,2.1909007620927192,True,0.5912301535991988,0.045570557363926956,-0.0029308318262645117,0.021838752051776513,10
k10_thr,strong,55,reitsma,1.7346010553881064,1.7346010553881064,1.7276791793031392,1.6846299606733073,True,0.5112949017815607,0.056039057139553504,-0.01026757267037894,0.015048228310936945,10
k10_thr,strong,55,reitsma_indep,1.7346010553881064,1.7346010553881064,1.6376908793825282,1.6970123760939249,True,0.46707711847009803,0.0430775628929207,0.0,0.014294215533937999,10
k10_thr,strong,55,sep_univariate,1.7346010553881064,1.7346010553881064,1.6537162970334383,1.6970503022678047,True,0.4949566515513388,0.047348231701036116,0.0,0.014603764895356188,10
k10_thr,strong,55,adaptshrink_dta,1.7346010553881064,1.7346010553881064,1.7106239726333494,1.6923193371735847,True,0.5452610950506233,0.0569183879052452,-0.004764457899603116,0.015141981746023516,10
k10_thr,strong,56,reitsma,1.7346010553881064,1.7346010553881064,1.9159939861318802,1.5675722432557073,True,0.6033299596246473,0.0623556055486823,-0.02841038929896845,0.029420944969476656,7
k10_thr,strong,56,reitsma_indep,1.7346010553881064,1.7346010553881064,1.7453978363235783,1.5653081920073213,True,0.6662672957590928,0.03990216583084807,0.0,0.031400371767304924,7
k10_thr,strong,56,sep_univariate,1.7346010553881064,1.7346010553881064,1.7736939154724451,1.5653015100020258,True,0.7958210464088548,0.05684344843986693,0.0,0.031447396100387284,7
k10_thr,strong,56,adaptshrink_dta,1.7346010553881064,1.7346010553881064,1.8094174461060255,1.5652291221732624,True,0.8608508754188595,0.06981964399024419,-0.002759803543413803,0.030067065764336515,7
k10_thr,strong,57,reitsma,1.7346010553881064,1.7346010553881064,1.8986164391703564,1.405379523665697,True,0.7516188051172393,0.09699091595967389,-0.041633073477445194,0.03431075166469056,10
k10_thr,strong,57,reitsma_indep,1.7346010553881064,1.7346010553881064,1.7486087066971412,1.3633351259734987,True,1.0190742968712998,0.08447267913207386,0.0,0.034700017541893106,10
k10_thr,strong,57,sep_univariate,1.7346010553881064,1.7346010553881064,1.7604217752517037,1.3660480915946143,True,1.114239311645025,0.09197510300446578,0.0,0.038099645752799935,10
k10_thr,strong,57,adaptshrink_dta,1.7346010553881064,1.7346010553881064,1.8043662469582866,1.3719292201835482,True,1.1162478851413447,0.10247271587247637,-0.00896980627972898,0.03510516258817795,10
k10_thr,strong,58,reitsma,1.7346010553881064,1.7346010553881064,1.6949271222575495,1.8684554357236303,True,0.5845381662631212,0.061063209396825385,-0.015189799143455581,0.01957211636444193,10
k10_thr,strong,58,reitsma_indep,1.7346010553881064,1.7346010553881064,1.7156101812140447,1.821439014299427,True,0.6247943484824339,0.06232741120676779,0.0,0.017677846694249245,10
k10_thr,strong,58,sep_univariate,1.7346010553881064,1.7346010553881064,1.7230713805971374,1.852245656161581,True,0.7887655443820694,0.07203834824973515,0.0,0.024376221225767943,10
k10_thr,strong,58,adaptshrink_dta,1.7346010553881064,1.7346010553881064,1.7115574347822549,1.8572501017220968,True,0.65231206459986,0.06165970430977503,-0.007016153702111842,0.020276324427419643,10
k10_thr,strong,59,reitsma,1.7346010553881064,1.7346010553881064,1.6086125722996365,2.427382679538957,True,0.8144771953760213,0.02612347641406242,-0.012412707370457679,0.07757188269128078,9
k10_thr,strong,59,reitsma_indep,1.7346010553881064,1.7346010553881064,1.6215569543909216,2.405956235246481,True,0.7982364589063716,0.023399820192828477,0.0,0.0768572545330132,9
k10_thr,strong,59,sep_univariate,1.7346010553881064,1.7346010553881064,1.62153624383792,2.449096049336912,True,0.9029077183540306,0.02343987160518294,0.0,0.09816705661396624,9
k10_thr,strong,59,adaptshrink_dta,1.7346010553881064,1.7346010553881064,1.6178739945948506,2.4133635119212626,True,0.8597840016023234,0.026785336545762758,-0.0021949358644658933,0.07807599444978888,9
k10_thr,strong,60,reitsma,1.7346010553881064,1.7346010553881064,1.7418675221501587,1.9815439580664538,True,0.8694208167447108,0.059393265509956716,-0.04253194553734787,0.06637915346703914,10
k10_thr,strong,60,reitsma_indep,1.7346010553881064,1.7346010553881064,1.6625936725694341,1.9156693659156285,True,1.0921071720857571,0.057948068568040155,0.0,0.058093269591781134,10
k10_thr,strong,60,sep_univariate,1.7346010553881064,1.7346010553881064,1.6757251841213445,1.9208751770310553,True,1.1823699409918953,0.06434499153529824,0.0,0.06132340756955954,10
k10_thr,strong,60,adaptshrink_dta,1.7346010553881064,1.7346010553881064,1.6886847303799162,1.9429446723811377,True,1.219640163273618,0.06327110056052224,-0.00923086131855296,0.06770457644679632,10
k10_thr,strong,61,reitsma,1.7346010553881064,1.7346010553881064,1.7542660719848082,1.65908231696307,True,0.4587317242863455,0.0304197442781897,-0.006724829183770918,0.02101187843155596,10
k10_thr,strong,61,reitsma_indep,1.7346010553881064,1.7346010553881064,1.7123102419049292,1.652127069996788,True,0.4397948625487115,0.026431070953976014,0.0,0.020654743690576207,10
k10_thr,strong,61,sep_univariate,1.7346010553881064,1.7346010553881064,1.7788354048286819,1.6559462547424055,True,0.581749087903576,0.04255084178195787,0.0,0.022449027548645036,10
k10_thr,strong,61,adaptshrink_dta,1.7346010553881064,1.7346010553881064,1.7405397617417766,1.6548107791269207,True,0.48153712936589205,0.03114349605025625,-0.001451925121022736,0.021082547600027236,10
k10_thr,strong,62,reitsma,1.7346010553881064,1.7346010553881064,2.1387885545898797,1.919071703441135,True,0.6215707312976904,0.04371195861680399,-0.02087925147064769,0.034919901800322325,10
k10_thr,strong,62,reitsma_indep,1.7346010553881064,1.7346010553881064,2.0042987835921213,1.8615984737896916,True,0.5195149990485928,0.024585910047115925,0.0,0.03098447629344725,10
k10_thr,strong,62,sep_univariate,1.7346010553881064,1.7346010553881064,2.0223795339887416,1.8764980103278301,True,0.7425752061377514,0.03859736318996307,0.0,0.04032343485558062,10
k10_thr,strong,62,adaptshrink_dta,1.7346010553881064,1.7346010553881064,2.0549520896588356,1.8803880059130884,True,0.7638816998214466,0.04676491050049626,-0.004469098511023106,0.03564522673429423,10
k10_thr,strong,63,reitsma,1.7346010553881064,1.7346010553881064,2.256238113095925,1.296463741505604,True,0.7920614458472611,0.06235636145892644,-0.04605035854375651,0.062405247611568834,10
k10_thr,strong,63,reitsma_indep,1.7346010553881064,1.7346010553881064,2.0488340336077995,1.251290142471285,True,0.9670381570621182,0.04830284129973152,0.0,0.05464479617972938,10
k10_thr,strong,63,sep_univariate,1.7346010553881064,1.7346010553881064,2.0626863480061766,1.247304841435473,True,0.9867743391688046,0.05546175075638081,0.0,0.04955373415627218,10
k10_thr,strong,63,adaptshrink_dta,1.7346010553881064,1.7346010553881064,2.0956579652968537,1.2602343425288756,True,1.2245274766627443,0.06745626297652123,-0.004597712970035326,0.0630540292979358,10
k10_thr,strong,64,reitsma,1.7346010553881064,1.7346010553881064,2.1568604543876164,1.6440266981954048,True,0.48347971017961205,0.024415615449303908,-0.0043693978698535665,0.02780429263956525,10
k10_thr,strong,64,reitsma_indep,1.7346010553881064,1.7346010553881064,2.1503549605873027,1.635753432502402,True,0.4755807420844719,0.02345865637090373,0.0,0.027213202522253673,10
k10_thr,strong,64,sep_univariate,1.7346010553881064,1.7346010553881064,2.150354960587302,1.6406527401997648,True,0.4964092919925593,0.023458656370903583,0.0,0.029649060597503905,10
k10_thr,strong,64,adaptshrink_dta,1.7346010553881064,1.7346010553881064,2.152586806071986,1.6387827012968414,True,0.4920256223932664,0.024581849852004352,-0.000945122061446197,0.027833159891909782,10
k10_thr,strong,65,reitsma,1.7346010553881064,1.7346010553881064,2.154351705447686,2.059761701425341,True,1.1152868762918298,0.08656999311057018,-0.05253551408606733,0.07243608341164608,10
k10_thr,strong,65,reitsma_indep,1.7346010553881064,1.7346010553881064,2.0638652105805724,2.0372408881770236,True,1.3475097167906285,0.07125811290313543,0.0,0.07192233210000011,10
k10_thr,strong,65,sep_univariate,1.7346010553881064,1.7346010553881064,2.07174260653982,2.045982351638403,True,1.528745623343019,0.07574473039951457,0.0,0.0870867926786215,10
k10_thr,strong,65,adaptshrink_dta,1.7346010553881064,1.7346010553881064,2.1291888337496707,2.0496329467978924,True,1.4390890120170468,0.08865448005255062,-0.02460524832894281,0.07276288352798707,10
k10_thr,strong,66,reitsma,1.7346010553881064,1.7346010553881064,1.8506880868312439,2.0768295721808943,True,0.501310263788256,0.03911099006219884,-0.018737107344225488,0.027112782667918382,10
k10_thr,strong,66,reitsma_indep,1.7346010553881064,1.7346010553881064,1.8317838467403649,1.9660729056166057,True,0.436276872352407,0.03254135390367642,0.0,0.016509086039930256,10
k10_thr,strong,66,sep_univariate,1.7346010553881064,1.7346010553881064,1.8367262682692818,1.9958572433098805,True,0.5428232901288673,0.0371411451042769,0.0,0.02239215664464087,10
k10_thr,strong,66,adaptshrink_dta,1.7346010553881064,1.7346010553881064,1.8444520403086617,2.0372010245447862,True,0.6346313624058102,0.04028380281224377,-0.003981017900758655,0.028612762153484444,10
k10_thr,strong,67,reitsma,1.7346010553881064,1.7346010553881064,1.8183675827998096,2.0509744165828336,True,0.6549211356469038,0.03203319622440438,-0.019392751067484382,0.04953333865734739,10
k10_thr,strong,67,reitsma_indep,1.7346010553881064,1.7346010553881064,1.7339987778336465,2.05061880616255,True,0.6029637422201497,0.021275146088929015,0.0,0.04823298182040284,10
k10_thr,strong,67,sep_univariate,1.7346010553881064,1.7346010553881064,1.733998777833646,2.0509080878427337,True,0.6042289499038409,0.021275146088928932,0.0,0.04843561013611314,10
k10_thr,strong,67,adaptshrink_dta,1.7346010553881064,1.7346010553881064,1.779677724619317,2.0538671996544036,True,0.7814719899087936,0.03483044390180102,-0.00412345128310478,0.049976409871493294,10
k10_thr,strong,68,reitsma,1.7346010553881064,1.7346010553881064,1.741648831989929,1.9980990058610983,True,0.7482347312991144,0.04758021872713731,-0.0290744438146307,0.05097739855036111,10
k10_thr,strong,68,reitsma_indep,1.7346010553881064,1.7346010553881064,1.6944836429536405,1.9816332495190832,True,0.8892901058648599,0.04838684351865694,0.0,0.046131109043696834,10
k10_thr,strong,68,sep_univariate,1.7346010553881064,1.7346010553881064,1.7129963834337292,2.0002148117563605,True,1.0757096590500117,0.05498361218207639,0.0,0.059400641582991166,10
k10_thr,strong,68,adaptshrink_dta,1.7346010553881064,1.7346010553881064,1.7196814986372893,1.9957610199586637,True,0.9734342352457369,0.052235976111158086,-0.006213235164211881,0.05193995881777096,10
k10_thr,strong,69,reitsma,1.7346010553881064,1.7346010553881064,1.765368313409759,2.1176748150505413,True,0.8694896497514092,0.08528790824096298,-0.06275879835178168,0.07120016223397316,10
k10_thr,strong,69,reitsma_indep,1.7346010553881064,1.7346010553881064,1.735374432054455,2.0717152856339762,True,1.3870771034065634,0.09207736197338763,0.0,0.05897699009153533,10
k10_thr,strong,69,sep_univariate,1.7346010553881064,1.7346010553881064,1.7646777871953074,2.0602929075259135,True,1.471323791162524,0.116098541538783,0.0,0.05262886668028488,10
k10_thr,strong,69,adaptshrink_dta,1.7346010553881064,1.7346010553881064,1.7528257888954288,2.1070691824901826,True,1.5240151349094428,0.09140585735089428,-0.013522174475807931,0.0737201656312261,10
k10_thr,strong,70,reitsma,1.7346010553881064,1.7346010553881064,1.6088341429119197,1.893812299595559,True,0.4139744307932579,0.025340552918259627,-0.0010707801649708583,0.01913345694922264,10
k10_thr,strong,70,reitsma_indep,1.7346010553881064,1.7346010553881064,1.6065754659304694,1.8917664538795251,True,0.4080029218135675,0.024828223579166087,0.0,0.01892409701266494,10
k10_thr,strong,70,sep_univariate,1.7346010553881064,1.7346010553881064,1.6127861749250891,1.8988031265052214,True,0.4523194184968184,0.027180770042442577,0.0,0.021245305293556685,10
k10_thr,strong,70,adaptshrink_dta,1.7346010553881064,1.7346010553881064,1.6085165124329521,1.8931445642680456,True,0.41447078248249575,0.025348774923010717,-0.0004996037843032756,0.019137651698766647,10
k10_thr,strong,71,reitsma,1.7346010553881064,1.7346010553881064,2.0250325216231646,1.7360596791183505,True,0.6149713238018675,0.037459277329769225,0.009591164981200015,0.030951791284860634,9
k10_thr,strong,71,reitsma_indep,1.7346010553881064,1.7346010553881064,2.040760896019823,1.7544995015286753,True,0.6675057982762528,0.03676684571807178,0.0,0.03420487276811004,9
k10_thr,strong,71,sep_univariate,1.7346010553881064,1.7346010553881064,2.040321277400956,1.7596246632084869,True,0.7000729467117073,0.0366372458670085,0.0,0.037757048566541544,9
k10_thr,strong,71,adaptshrink_dta,1.7346010553881064,1.7346010553881064,2.042776472559403,1.7479082551716747,True,0.6460849886050035,0.03799290524965784,0.0017063106439159325,0.03108729648906488,9
k10_thr,strong,72,reitsma,1.7346010553881064,1.7346010553881064,1.988971273043009,1.5727198850295168,True,0.7937342301008264,0.06075786622329712,-0.03875530236961495,0.05398789580706685,10
k10_thr,strong,72,reitsma_indep,1.7346010553881064,1.7346010553881064,1.940609791082996,1.5513813436245854,True,1.0130159144468573,0.05596253255122315,0.0,0.05175704146790491,10
k10_thr,strong,72,sep_univariate,1.7346010553881064,1.7346010553881064,1.9523749224211033,1.5592830209029604,True,1.1416912226175862,0.061230879943873905,0.0,0.060084311724041745,10
k10_thr,strong,72,adaptshrink_dta,1.7346010553881064,1.7346010553881064,1.9701708663699926,1.5605455517701134,True,1.100678476997507,0.0639829343530461,-0.00838966815076935,0.054543111532160515,10
k10_thr,strong,73,reitsma,1.7346010553881064,1.7346010553881064,2.082909764976156,1.8151855048256391,True,0.5209675959678393,0.024792243991317842,-0.007542867481528947,0.03319353955461118,10
k10_thr,strong,73,reitsma_indep,1.7346010553881064,1.7346010553881064,2.0810288182886856,1.802708485233731,True,0.5404917045411828,0.025383541006190287,0.0,0.0324832987543366,10
k10_thr,strong,73,sep_univariate,1.7346010553881064,1.7346010553881064,2.0819069571130053,1.806633456388626,True,0.5836459983458305,0.027956721821076436,0.0,0.03439117754973457,10
k10_thr,strong,73,adaptshrink_dta,1.7346010553881064,1.7346010553881064,2.081083464179572,1.8097959291163674,True,0.5388212061414516,0.025017763932388828,-0.0035133775646976166,0.0332482161771947,10
k10_thr,strong,74,reitsma,1.7346010553881064,1.7346010553881064,1.2641518265018967,2.3556184364479544,True,0.7861559656143802,0.03765692813029283,-0.02445000839043405,0.062199058463321084,8
k10_thr,strong,74,reitsma_indep,1.7346010553881064,1.7346010553881064,1.2895938019713375,2.2144659310040047,True,0.7822686467826622,0.041198091315337644,0.0,0.04192460884271308,8
k10_thr,strong,74,sep_univariate,1.7346010553881064,1.7346010553881064,1.3094121576803368,2.2408368324052237,True,1.0056746212882222,0.0573547000508158,0.0,0.049771443354657836,8
k10_thr,strong,74,adaptshrink_dta,1.7346010553881064,1.7346010553881064,1.2867972078005334,2.295527276527633,True,0.9425085953754118,0.038888061609917375,-0.003255389302827195,0.06474710755286289,8
k10_thr,strong,75,reitsma,1.7346010553881064,1.7346010553881064,1.850432447552978,1.9005274156927203,True,0.9400099106383003,0.07172920316479127,-0.051767282927490194,0.07213055156245714,10
k10_thr,strong,75,reitsma_indep,1.7346010553881064,1.7346010553881064,1.6570778041944776,1.8739195370133057,True,1.0857593803015175,0.04326415757981319,0.0,0.07690829710634553,10
k10_thr,strong,75,sep_univariate,1.7346010553881064,1.7346010553881064,1.687043925340527,1.8792449382744527,True,1.229209674712032,0.05342880094637279,0.0,0.07981982636145732,10
k10_thr,strong,75,adaptshrink_dta,1.7346010553881064,1.7346010553881064,1.77805552003848,1.886841413009634,True,1.5037556007856439,0.0834896990450457,-0.01061091523301748,0.07779476516287828,10
k10_thr,strong,76,reitsma,1.7346010553881064,1.7346010553881064,1.8139124647688205,1.763643536629613,True,1.1357897880528045,0.09282465015865278,-0.04840164766722309,0.06446347164435517,8
k10_thr,strong,76,reitsma_indep,1.7346010553881064,1.7346010553881064,1.7522090395604681,1.7025303122446687,True,1.2251075725556044,0.07383445877566797,0.0,0.05737512170784917,8
k10_thr,strong,76,sep_univariate,1.7346010553881064,1.7346010553881064,1.7794952449999581,1.7293075657970192,True,1.553891876000215,0.09087620048851576,0.0,0.07499385835958855,8
k10_thr,strong,76,adaptshrink_dta,1.7346010553881064,1.7346010553881064,1.7955945183084216,1.7262128374760644,True,1.5006682898722128,0.09705933810889401,-0.006552945422936955,0.0659311185643776,8
k10_thr,strong,77,reitsma,1.7346010553881064,1.7346010553881064,1.2921462266563344,2.0121576952513824,True,0.7136156409689992,0.0706342193719807,-0.041244137291446235,0.04443215189666781,10
k10_thr,strong,77,reitsma_indep,1.7346010553881064,1.7346010553881064,1.3544330156970779,2.0832194434509557,True,1.1597173568480943,0.07858750684102116,0.0,0.04830421957941555,10
k10_thr,strong,77,sep_univariate,1.7346010553881064,1.7346010553881064,1.3933808005335553,2.093080265333337,True,1.3715402316367944,0.09834207349087706,0.0,0.05398983606055876,10
k10_thr,strong,77,adaptshrink_dta,1.7346010553881064,1.7346010553881064,1.3507618322954262,2.0776829652136657,True,1.1129512900908727,0.0759119694127349,-0.004057104786528519,0.04627178221574294,10
k10_thr,strong,78,reitsma,1.7346010553881064,1.7346010553881064,1.784542560169485,1.757425677503764,True,0.795239263712644,0.03743664159111771,0.003729067871938684,0.048051097979965214,8
k10_thr,strong,78,reitsma_indep,1.7346010553881064,1.7346010553881064,1.7774348859797193,1.7645250448850824,True,0.8414274202099731,0.04064195634975696,0.0,0.04916918197653973,8
k10_thr,strong,78,sep_univariate,1.7346010553881064,1.7346010553881064,1.835333123033022,1.788965464797937,True,1.2494431048541197,0.06687989487280263,0.0,0.0658827402736894,8
k10_thr,strong,78,adaptshrink_dta,1.7346010553881064,1.7346010553881064,1.7754657070078748,1.760711174513373,True,0.7995219187161037,0.0375763854457802,0.0014328564024169374,0.04806997800012101,8
k10_thr,strong,79,reitsma,1.7346010553881064,1.7346010553881064,2.0741087142084558,1.7794658501693863,True,0.7898721399975043,0.061959840792708804,-0.04347036859881521,0.0589192334929098,10
k10_thr,strong,79,reitsma_indep,1.7346010553881064,1.7346010553881064,1.977776704399232,1.6915816278739015,True,0.9006212002554621,0.04869819475056187,0.0,0.04701167623083635,10
k10_thr,strong,79,sep_univariate,1.7346010553881064,1.7346010553881064,1.9843464005560567,1.7148337253658967,True,1.1075626987060372,0.053143234052640376,0.0,0.06515127640442347,10
k10_thr,strong,79,adaptshrink_dta,1.7346010553881064,1.7346010553881064,2.012502718774827,1.7267785712703707,True,1.174404421454888,0.06573874788012263,-0.009325071711774262,0.06054001014525581,10
k10_thr,strong,80,reitsma,1.7346010553881064,1.7346010553881064,1.536489989181858,1.8820708116531493,True,0.3568631400297361,0.023634832853947282,-0.0047056886477293445,0.016145356985877164,10
k10_thr,strong,80,reitsma_indep,1.7346010553881064,1.7346010553881064,1.5202601555293112,1.8601698124422978,True,0.3232840832602241,0.019386504818208986,0.0,0.01521610145142529,10
k10_thr,strong,80,sep_univariate,1.7346010553881064,1.7346010553881064,1.5336133208782532,1.8718422789266125,True,0.4104651410221548,0.026183970536388074,0.0,0.018161483645970325,10
k10_thr,strong,80,adaptshrink_dta,1.7346010553881064,1.7346010553881064,1.5320510512435341,1.8689218187190217,True,0.3704217704008289,0.023857811925815476,-0.0010164086358423242,0.016276222340018937,10
k10_thr,strong,81,reitsma,1.7346010553881064,1.7346010553881064,1.8244739405505177,1.9533796267853853,True,0.5987322083112594,0.040305753706960476,-0.016951191103588507,0.03223247361687197,9
k10_thr,strong,81,reitsma_indep,1.7346010553881064,1.7346010553881064,1.7851501007289183,1.8728460019809978,True,0.5871955823000244,0.034314907940162745,0.0,0.028360702743968326,9
k10_thr,strong,81,sep_univariate,1.7346010553881064,1.7346010553881064,1.78345322643727,1.8901623989180587,True,0.6595237772887085,0.03665020332957044,0.0,0.03349799345903539,9
k10_thr,strong,81,adaptshrink_dta,1.7346010553881064,1.7346010553881064,1.7858461246104496,1.9018934733823576,True,0.6928169720561699,0.04087674608895871,-0.0030032404879191247,0.033363891826348246,9
k10_thr,strong,82,reitsma,1.7346010553881064,1.7346010553881064,1.9680224696100792,1.6610308098725683,True,1.029190878867137,0.06363598631339777,-0.025324743437759593,0.05705941877506173,10
k10_thr,strong,82,reitsma_indep,1.7346010553881064,1.7346010553881064,1.947083239559248,1.6497714606327811,True,1.1355577166856947,0.06595566268263911,0.0,0.05518240248191632,10
k10_thr,strong,82,sep_univariate,1.7346010553881064,1.7346010553881064,1.9740160346186242,1.653732051106875,True,1.2854146638203467,0.07705750522790465,0.0,0.060520961971639295,10
k10_thr,strong,82,adaptshrink_dta,1.7346010553881064,1.7346010553881064,1.9631093700079243,1.6574421901656045,True,1.1263980311109052,0.06504735655644102,-0.011814423221738044,0.05719976724436327,10
k10_thr,strong,83,reitsma,1.7346010553881064,1.7346010553881064,1.5748546655294489,1.9490412530259147,True,0.568319210173071,0.05226637946475897,-0.019149711589658218,0.02445821121362943,10
k10_thr,strong,83,reitsma_indep,1.7346010553881064,1.7346010553881064,1.6219333074034317,1.9629713883492799,True,0.6930814353379311,0.052552054081692515,0.0,0.02579960776605373,10
k10_thr,strong,83,sep_univariate,1.7346010553881064,1.7346010553881064,1.636374802501283,1.996721107117723,True,1.0074978074974876,0.0779245797219341,0.0,0.03676613840192509,10
k10_thr,strong,83,adaptshrink_dta,1.7346010553881064,1.7346010553881064,1.6111847727190676,1.9669647699988437,True,0.6652833124752953,0.052813737634946574,-0.008835979229788966,0.025132083453318195,10
k10_thr,strong,84,reitsma,1.7346010553881064,1.7346010553881064,1.750243111178998,1.743370400039803,True,0.3905720302217411,0.020390205995056067,-0.006519361828455591,0.02320059537860896,9
k10_thr,strong,84,reitsma_indep,1.7346010553881064,1.7346010553881064,1.7088486755057646,1.7418608868078806,True,0.37657018646748514,0.017434039533178805,0.0,0.02295768577241306,9
k10_thr,strong,84,sep_univariate,1.7346010553881064,1.7346010553881064,1.7226802786161188,1.7421165925914737,True,0.4198604342732179,0.021030132073829644,0.0,0.02365931508501178,9
k10_thr,strong,84,adaptshrink_dta,1.7346010553881064,1.7346010553881064,1.7281154575865167,1.7427211493457784,True,0.41331505053642403,0.020793088875244697,-0.0011609988021346175,0.023253594454995453,9
k10_thr,strong,85,reitsma,1.7346010553881064,1.7346010553881064,1.8980027152632928,1.67790703562885,True,0.9414231859154778,0.07745000211718756,-0.04474627584959414,0.058150412778024775,10
k10_thr,strong,85,reitsma_indep,1.7346010553881064,1.7346010553881064,1.863740304049387,1.5599396615292043,True,1.0549627304648974,0.07006968933447907,0.0,0.044830987928783976,10
k10_thr,strong,85,sep_univariate,1.7346010553881064,1.7346010553881064,1.8791014926110938,1.5867387463275637,True,1.2655441762668629,0.08104973389111575,0.0,0.0557747064168615,10
k10_thr,strong,85,adaptshrink_dta,1.7346010553881064,1.7346010553881064,1.8892130616200427,1.6202274806214445,True,1.3372544592425972,0.08371467135402591,-0.009492264651212863,0.06136846580879647,10
k10_thr,strong,86,reitsma,1.7346010553881064,1.7346010553881064,1.983026465589901,1.524229613974758,True,0.5983453126628574,0.029638575960663868,-0.025943342682720128,0.05680303499724508,10
k10_thr,strong,86,reitsma_indep,1.7346010553881064,1.7346010553881064,1.9624596094131885,1.5280918322776225,True,0.6634524803397512,0.021527709511214528,0.0,0.05771066603353689,10
k10_thr,strong,86,sep_univariate,1.7346010553881064,1.7346010553881064,1.9864816897768829,1.5228467283710132,True,0.7197215428502852,0.027739630264321618,0.0,0.05270630893883167,10
k10_thr,strong,86,adaptshrink_dta,1.7346010553881064,1.7346010553881064,2.004306519160401,1.530812612526077,True,0.7987685257730474,0.03207602099416244,-0.005578404513048736,0.05711315788694549,10
k10_thr,strong,87,reitsma,1.7346010553881064,1.7346010553881064,1.8425215226600273,2.109965707613457,True,0.7736042067494981,0.059074755054142676,-0.03752890951789293,0.05243497696340153,8
k10_thr,strong,87,reitsma_indep,1.7346010553881064,1.7346010553881064,1.872232734533412,2.104753497977702,True,1.1120018466249753,0.0626325901642061,0.0,0.0557243371984208,8
k10_thr,strong,87,sep_univariate,1.7346010553881064,1.7346010553881064,1.8955088426459292,2.1502016290861827,True,1.5340173824158705,0.07393520315396437,0.0,0.08983458335492701,8
k10_thr,strong,87,adaptshrink_dta,1.7346010553881064,1.7346010553881064,1.8826857112595328,2.1088225033102583,True,1.1355921882271711,0.06595871122276639,-0.0036285780055714486,0.05538282068480096,8
k10_thr,strong,88,reitsma,1.7346010553881064,1.7346010553881064,1.56910919638243,2.192005967189929,True,0.5589892940970597,0.057731286634339934,-0.008411929996317612,0.016502404570612233,10
k10_thr,strong,88,reitsma_indep,1.7346010553881064,1.7346010553881064,1.535717106977665,2.187133077858314,True,0.5421297693269703,0.054822373787908905,0.0,0.015131533448556162,10
k10_thr,strong,88,sep_univariate,1.7346010553881064,1.7346010553881064,1.5520540064157375,2.187840293465177,True,0.6678639526666373,0.062331787361993365,0.0,0.020197643082089108,10
k10_thr,strong,88,adaptshrink_dta,1.7346010553881064,1.7346010553881064,1.5498009281233904,2.1879188794830347,True,0.5855088589355505,0.05808015438318142,-0.001813671651670915,0.016716576099129972,10
k10_thr,strong,89,reitsma,1.7346010553881064,1.7346010553881064,2.136638743614344,1.471633991836034,True,0.7594733320891409,0.049114520128091435,-0.011388014875491088,0.035787896049611585,8
k10_thr,strong,89,reitsma_indep,1.7346010553881064,1.7346010553881064,2.1432028478198752,1.4713243368882019,True,0.7366188154657571,0.04347974184568878,0.0,0.035223533911347235,8
k10_thr,strong,89,sep_univariate,1.7346010553881064,1.7346010553881064,2.143202847819873,1.475354158186325,True,0.7539552982246726,0.04347974184568809,0.0,0.036901031392801334,8
k10_thr,strong,89,adaptshrink_dta,1.7346010553881064,1.7346010553881064,2.1567140870234525,1.4734242961138357,True,0.7953004614115453,0.04977784030495796,-0.0011360244354115285,0.03589008806821049,8
k10_thr,strong,90,reitsma,1.7346010553881064,1.7346010553881064,1.7868921012470378,1.827895462123713,True,0.8139714266072428,0.078746147655367,-0.03233347637253672,0.03702404574668607,10
k10_thr,strong,90,reitsma_indep,1.7346010553881064,1.7346010553881064,1.7870656385310864,1.846298779191521,True,1.103461296452684,0.08806592792176211,0.0,0.039024788813294076,10
k10_thr,strong,90,sep_univariate,1.7346010553881064,1.7346010553881064,1.7527438150892876,1.8462572757937827,True,1.017635494718757,0.07542335694065778,0.0,0.038753675822912156,10
k10_thr,strong,90,adaptshrink_dta,1.7346010553881064,1.7346010553881064,1.7979670835261032,1.8401706295970828,True,1.000250464551972,0.08196620478180701,-0.014994575883422364,0.0371952491934277,10
k10_thr,strong,91,reitsma,1.7346010553881064,1.7346010553881064,2.0154903768175587,1.9848448778940573,True,0.5797969456310057,0.035604167073504084,0.00254989517488599,0.02683188601525204,9
k10_thr,strong,91,reitsma_indep,1.7346010553881064,1.7346010553881064,2.022850989856565,1.9913784792216218,True,0.5840187773722892,0.034978986162821656,0.0,0.027522043112378883,9
k10_thr,strong,91,sep_univariate,1.7346010553881064,1.7346010553881064,2.026511380570659,1.9996770033021494,True,0.6505717313537982,0.03678691312302932,0.0,0.03247366431712271,9
k10_thr,strong,91,adaptshrink_dta,1.7346010553881064,1.7346010553881064,2.022784162629864,1.9892378298739533,True,0.582353301293793,0.03565832745154072,0.0004551379654779977,0.026849756874879276,9
k10_thr,strong,92,reitsma,1.7346010553881064,1.7346010553881064,1.7122775783320463,2.0292122868352824,True,0.9578922029586071,0.0458011197153881,-0.002664128027709246,0.05669960574718712,7
k10_thr,strong,92,reitsma_indep,1.7346010553881064,1.7346010553881064,1.7023403006210063,2.0311087753578834,True,0.9540681257367386,0.0453207566508094,0.0,0.056688620488647756,7
k10_thr,strong,92,sep_univariate,1.7346010553881064,1.7346010553881064,1.7289739936825383,2.0323920283931773,True,1.0244396949489156,0.05563183383607737,0.0,0.053245595316349176,7
k10_thr,strong,92,adaptshrink_dta,1.7346010553881064,1.7346010553881064,1.706764348301467,2.0304780385226993,True,0.9592979756005897,0.04582301338347393,-0.0008879841011925405,0.0567008408278731,7
k10_thr,strong,93,reitsma,1.7346010553881064,1.7346010553881064,2.0300202095903788,1.4943986863389513,True,0.903255895902388,0.06637957885510708,-0.04354024782364428,0.06325064771956351,10
k10_thr,strong,93,reitsma_indep,1.7346010553881064,1.7346010553881064,1.8949596621639058,1.4949027509632482,True,1.203634979877433,0.060395503041751605,0.0,0.06770476972792525,10
k10_thr,strong,93,sep_univariate,1.7346010553881064,1.7346010553881064,1.9352178423035147,1.4952523569763752,True,1.3767102188749074,0.07754844084708892,0.0,0.06898366570836997,10
k10_thr,strong,93,adaptshrink_dta,1.7346010553881064,1.7346010553881064,1.9914757295801782,1.4967083796782124,True,1.2156766833946648,0.07204448621412522,-0.020186501038014188,0.06355497289949248,10
k10_thr,strong,94,reitsma,1.7346010553881064,1.7346010553881064,1.6505401894779572,2.1410014302195837,True,0.7779704168629041,0.040341227021288284,-0.029945084019114405,0.0645739771076056,10
k10_thr,strong,94,reitsma_indep,1.7346010553881064,1.7346010553881064,1.6272266012745618,2.0903263280719435,True,0.9565709703573727,0.04199952587784228,0.0,0.06149280063091745,10
k10_thr,strong,94,sep_univariate,1.7346010553881064,1.7346010553881064,1.63880742492516,2.106128112396596,True,1.0866023737491493,0.047262569521409635,0.0,0.07051122123691062,10
k10_thr,strong,94,adaptshrink_dta,1.7346010553881064,1.7346010553881064,1.6366708287880667,2.1122916941489502,True,0.9902488105876442,0.04221413372798874,-0.0064537767186110566,0.06655060561387019,10
k10_thr,strong,95,reitsma,1.7346010553881064,1.7346010553881064,2.0660518734304816,1.7693870795571847,True,0.6287517783695362,0.051350544242981265,-0.010753960686968532,0.023981518326312592,10
k10_thr,strong,95,reitsma_indep,1.7346010553881064,1.7346010553881064,1.9984190524754653,1.7447787752044788,True,0.5405983015412923,0.03869251158586861,0.0,0.021318502727303297,10
k10_thr,strong,95,sep_univariate,1.7346010553881064,1.7346010553881064,1.9984190524754653,1.766094400518698,True,0.6040508292234339,0.03869251158586857,0.0,0.026616706477091197,10
k10_thr,strong,95,adaptshrink_dta,1.7346010553881064,1.7346010553881064,2.043405375573055,1.7612567695370533,True,0.675347300248742,0.05303535433600928,-0.002277704312975832,0.02437080204186448,10
k10_thr,strong,96,reitsma,1.7346010553881064,1.7346010553881064,1.7603553425550338,1.8908755386870058,True,0.9759046966953806,0.052596131809716166,-0.03673145803706121,0.07676082895817944,10
k10_thr,strong,96,reitsma_indep,1.7346010553881064,1.7346010553881064,1.5990520715710677,1.8209633327927501,True,1.0407848063327179,0.04552609779703608,0.0,0.06715768656672769,10
k10_thr,strong,96,sep_univariate,1.7346010553881064,1.7346010553881064,1.6079822953543548,1.8145554053286765,True,1.0636633123622892,0.053156510783211555,0.0,0.06007394613882256,10
k10_thr,strong,96,adaptshrink_dta,1.7346010553881064,1.7346010553881064,1.6736147352034347,1.8548714744761687,True,1.1992122766856292,0.055835582299125525,-0.01703864468916259,0.07789627875261772,10
k10_thr,strong,97,reitsma,1.7346010553881064,1.7346010553881064,1.894625181273133,1.8726361608955173,True,1.0487425593278046,0.051710412217741225,-0.009913049214987093,0.061933916520222225,10
k10_thr,strong,97,reitsma_indep,1.7346010553881064,1.7346010553881064,1.8621078519561443,1.866683499283528,True,1.063485974383829,0.05131018156670422,0.0,0.06221487727640546,10
k10_thr,strong,97,sep_univariate,1.7346010553881064,1.7346010553881064,1.883488001792809,1.8684005994037869,True,1.2440571231731075,0.05912584356397735,0.0,0.07388181594335498,10
k10_thr,strong,97,adaptshrink_dta,1.7346010553881064,1.7346010553881064,1.8681799712265945,1.8673342948310607,True,1.0676834010658915,0.05196362033628671,-0.0011564803749712412,0.06194415558218417,10
k10_thr,strong,98,reitsma,1.7346010553881064,1.7346010553881064,1.4439084879490764,1.6708410583499809,True,0.49780002072164165,0.024988165841222206,-0.0062982140675269345,0.02957789033916861,10
k10_thr,strong,98,reitsma_indep,1.7346010553881064,1.7346010553881064,1.4506083846727356,1.6708648926582073,True,0.5229862539216521,0.026509740604439704,0.0,0.029121204686209424,10
k10_thr,strong,98,sep_univariate,1.7346010553881064,1.7346010553881064,1.4628154212816125,1.679469874123318,True,0.5842663587961304,0.028835321144821444,0.0,0.03341421296947376,10
k10_thr,strong,98,adaptshrink_dta,1.7346010553881064,1.7346010553881064,1.4461141836985636,1.6723729190187284,True,0.5163532921717526,0.025434167216228865,-0.001359229577298481,0.029660300475635306,10
k10_thr,strong,99,reitsma,1.7346010553881064,1.7346010553881064,1.8099222196272442,1.8515444166176709,True,0.6418730313510213,0.0507683577397215,-0.02305994519076773,0.03337974250826049,10
k10_thr,strong,99,reitsma_indep,1.7346010553881064,1.7346010553881064,1.6727097949628091,1.830319754389425,True,0.598583074233828,0.03469330236494582,0.0,0.029149928279887688,10
k10_thr,strong,99,sep_univariate,1.7346010553881064,1.7346010553881064,1.7028659692233215,1.833284088129855,True,0.682605868365751,0.04293323887830302,0.0,0.030632373539436042,10
k10_thr,strong,99,adaptshrink_dta,1.7346010553881064,1.7346010553881064,1.7562729969656041,1.8454180341750925,True,0.7990122982290795,0.05378297394509531,-0.004969842812959906,0.033963219368954495,10
k10_thr,strong,100,reitsma,1.7346010553881064,1.7346010553881064,2.025613406168813,1.6405987220621663,True,0.5134617953356951,0.05021407185495859,-0.016563515897314033,0.02028282060933783,10
k10_thr,strong,100,reitsma_indep,1.7346010553881064,1.7346010553881064,1.9351782824828891,1.6490523819463632,True,0.5795252827336717,0.04562184402419585,0.0,0.020778117917217613,10
k10_thr,strong,100,sep_univariate,1.7346010553881064,1.7346010553881064,1.9503642074474679,1.6513320277609749,True,0.6356225829466713,0.04905948654595092,0.0,0.02324394857531114,10
k10_thr,strong,100,adaptshrink_dta,1.7346010553881064,1.7346010553881064,1.9876608807713805,1.6473546464723212,True,0.6202632045767218,0.05360928236696128,-0.003545356752358369,0.020490121900305212,10
k10_thr,strong,101,reitsma,1.7346010553881064,1.7346010553881064,1.8943655209615275,1.6144562095428188,True,0.5558271526944986,0.04943888048589068,-0.02746114073312588,0.032891295511792686,10
k10_thr,strong,101,reitsma_indep,1.7346010553881064,1.7346010553881064,1.7775795821642517,1.5777482412163828,True,0.6563719689699277,0.04303842096214126,0.0,0.028253873046387174,10
k10_thr,strong,101,sep_univariate,1.7346010553881064,1.7346010553881064,1.8054816774723559,1.5842023440159787,True,0.7627097740489175,0.05165835576330495,0.0,0.0317842751592185,10
k10_thr,strong,101,adaptshrink_dta,1.7346010553881064,1.7346010553881064,1.8389663605694953,1.5940383065100807,True,0.8179676781254682,0.05644951908885206,-0.005718825847038228,0.034033232147061124,10
k10_thr,strong,102,reitsma,1.7346010553881064,1.7346010553881064,1.7787458428842708,1.8755014802399939,True,0.5389800779513011,0.04866550097350186,-0.01777591256020325,0.023341351667164882,10
k10_thr,strong,102,reitsma_indep,1.7346010553881064,1.7346010553881064,1.7891865946501482,1.922789252471062,True,0.6707073031095175,0.04762563028381592,0.0,0.026659966613776443,10
k10_thr,strong,102,sep_univariate,1.7346010553881064,1.7346010553881064,1.8159443666902189,1.942438831128768,True,0.7906605709413372,0.05556693208791102,0.0,0.03175396858665108,10
k10_thr,strong,102,adaptshrink_dta,1.7346010553881064,1.7346010553881064,1.8041943057180236,1.9122510054250383,True,0.6622596524354271,0.050989292310198324,-0.0017384270125150756,0.024337212241765063,10
k10_thr,strong,103,reitsma,1.7346010553881064,1.7346010553881064,1.9013836040056042,1.9871353596237795,True,0.5493816011932079,0.029233960755098737,-0.01506852404423268,0.03690736271062142,10
k10_thr,strong,103,reitsma_indep,1.7346010553881064,1.7346010553881064,1.857640975800951,1.988659343042804,True,0.5876596850761946,0.026057819093977717,0.0,0.03740657956233077,10
k10_thr,strong,103,sep_univariate,1.7346010553881064,1.7346010553881064,1.8121819284034513,2.007495360416531,True,0.6010349318407259,0.020701540029038408,0.0,0.0492528130044122,10
k10_thr,strong,103,adaptshrink_dta,1.7346010553881064,1.7346010553881064,1.8969751497112262,1.9895813034478493,True,0.6480666727122237,0.032039666167924113,-0.003184763087537148,0.03731519897153386,10
k10_thr,strong,104,reitsma,1.7346010553881064,1.7346010553881064,2.0699745158583087,1.5413805979084174,True,0.987561355227977,0.04448414694102775,-0.013023473997922058,0.06569381741865288,10
k10_thr,strong,104,reitsma_indep,1.7346010553881064,1.7346010553881064,2.0800270770703153,1.5303300494829477,True,1.0519581170265129,0.048379255430214305,0.0,0.06456125809584323,10
k10_thr,strong,104,sep_univariate,1.7346010553881064,1.7346010553881064,2.0864867515338426,1.52916510794533,True,1.0896046001753066,0.05256658388907159,0.0,0.06374738416100832,10
k10_thr,strong,104,adaptshrink_dta,1.7346010553881064,1.7346010553881064,2.073516598949355,1.5375529452425913,True,1.0170921937215833,0.04491371758935832,-0.006070119163347792,0.06582974288335486,10
k10_thr,strong,105,reitsma,1.7346010553881064,1.7346010553881064,1.8472341595925037,1.762385679211161,True,0.6855528539401982,0.0747805551429286,-0.02924936998593539,0.029179414638767318,7
k10_thr,strong,105,reitsma_indep,1.7346010553881064,1.7346010553881064,1.8458092214613306,1.7771059211852,True,1.026676720384076,0.07880160862331723,0.0,0.037754316572952286,7
k10_thr,strong,105,sep_univariate,1.7346010553881064,1.7346010553881064,1.8647809711916068,1.7871606153442148,True,1.3033994399043765,0.10181007700974586,0.0,0.04709757659130073,7
k10_thr,strong,105,adaptshrink_dta,1.7346010553881064,1.7346010553881064,1.8477115792323406,1.7666561887803864,True,0.9312755839770283,0.07900651425271973,-0.0028125140133353475,0.031083430377776784,7
k10_thr,strong,106,reitsma,1.7346010553881064,1.7346010553881064,1.9149030976903214,1.9395815795289968,True,0.6125554085543511,0.04508574213582925,-0.018248205270308068,0.03087601099349433,10
k10_thr,strong,106,reitsma_indep,1.7346010553881064,1.7346010553881064,1.831853084966002,1.9103259797648298,True,0.5868253842150891,0.036104270266475946,0.0,0.026921142011053962,10
k10_thr,strong,106,sep_univariate,1.7346010553881064,1.7346010553881064,1.8313697525195074,1.9198685564802518,True,0.6164660235376663,0.03599336784809615,0.0,0.02980094754619802,10
k10_thr,strong,106,adaptshrink_dta,1.7346010553881064,1.7346010553881064,1.878753064667775,1.931091700389398,True,0.7116479325973913,0.04611567425261757,-0.003974704670441698,0.03133932417327603,10
k10_thr,strong,107,reitsma,1.7346010553881064,1.7346010553881064,2.0659249632685937,1.8566519870349765,True,0.8832508784072113,0.0855471404698888,-0.03764042374738207,0.04230095800068386,9
k10_thr,strong,107,reitsma_indep,1.7346010553881064,1.7346010553881064,2.0110515246680705,1.849805169455742,True,1.05407610055065,0.07367433342367619,0.0,0.04256591610945965,9
k10_thr,strong,107,sep_univariate,1.7346010553881064,1.7346010553881064,2.038165174186692,1.8653167974907332,True,1.2636588209801327,0.08844899271070397,0.0,0.05095667034176018,9
k10_thr,strong,107,adaptshrink_dta,1.7346010553881064,1.7346010553881064,2.053374808398189,1.8572232306259553,True,1.1750578181129996,0.09049019724320305,-0.006634857555602385,0.04355412924043464,9
k10_thr,strong,108,reitsma,1.7346010553881064,1.7346010553881064,1.7394949100268986,1.5709913009666312,True,0.5487017170536972,0.03843022971353563,-0.021015652257634472,0.03360475417057765,10
k10_thr,strong,108,reitsma_indep,1.7346010553881064,1.7346010553881064,1.7897626130041957,1.5741114300144996,True,0.7216278062201067,0.04213878740525992,0.0,0.03488018273971214,10
k10_thr,strong,108,sep_univariate,1.7346010553881064,1.7346010553881064,1.8046606068122606,1.5934226752764766,True,0.8778965263803626,0.04868317428898868,0.0,0.04468297084425939,10
k10_thr,strong,108,adaptshrink_dta,1.7346010553881064,1.7346010553881064,1.7887663103154472,1.5777819748109723,True,0.7190658261389083,0.04295465979772517,-0.004386758610440133,0.03442314123724091,10
k10_thr,strong,109,reitsma,1.7346010553881064,1.7346010553881064,1.7609582079926513,1.6509698231297185,True,0.6539701283625109,0.05046863040525883,-0.03349705898798576,0.04615088527087071,10
k10_thr,strong,109,reitsma_indep,1.7346010553881064,1.7346010553881064,1.7442912831208974,1.6740797862353654,True,0.9682552465836449,0.056251504673777875,0.0,0.04704135695368974,10
k10_thr,strong,109,sep_univariate,1.7346010553881064,1.7346010553881064,1.7572819685055665,1.6790659573492803,True,1.1007389579179996,0.059525293362925585,0.0,0.057451503356037145,10
k10_thr,strong,109,adaptshrink_dta,1.7346010553881064,1.7346010553881064,1.768541222623212,1.6719464861445035,True,0.9585176246607167,0.05702000596471338,-0.007194003870494373,0.046386254256272796,10
k10_thr,strong,110,reitsma,1.7346010553881064,1.7346010553881064,1.6399252067435661,1.943332832855992,True,0.6657797130621506,0.06530852415516573,-0.027989517089506984,0.031152483803958544,10
k10_thr,strong,110,reitsma_indep,1.7346010553881064,1.7346010553881064,1.6511219934103625,1.8771789945508472,True,0.7883731418175564,0.062496038271998136,0.0,0.028070194385385824,10
k10_thr,strong,110,sep_univariate,1.7346010553881064,1.7346010553881064,1.6540391152165272,1.910587619725189,True,0.9122892314351704,0.06390611310754986,0.0,0.03675843054423381,10
k10_thr,strong,110,adaptshrink_dta,1.7346010553881064,1.7346010553881064,1.664875967108482,1.9113947305085803,True,0.9074111635937088,0.06782536625080715,-0.0027459301041553134,0.034376139743182106,10
k10_thr,strong,111,reitsma,1.7346010553881064,1.7346010553881064,1.6411160970598864,1.8462655805938588,True,0.4867214087474563,0.02353971773914958,-0.004270960763247528,0.029179850100982098,8
k10_thr,strong,111,reitsma_indep,1.7346010553881064,1.7346010553881064,1.6292916372996085,1.8581297202064953,True,0.49550199316551147,0.022412951769215397,0.0,0.030919041481729973,8
k10_thr,strong,111,sep_univariate,1.7346010553881064,1.7346010553881064,1.6350128345550383,1.8743696856739582,True,0.557677548129553,0.02337373738420586,0.0,0.03755540306025127,8
k10_thr,strong,111,adaptshrink_dta,1.7346010553881064,1.7346010553881064,1.6385134430577273,1.8526151422876054,True,0.49633376653228506,0.023791008054258683,-0.0005731935947949045,0.029239788822248588,8
k10_thr,strong,112,reitsma,1.7346010553881064,1.7346010553881064,1.4202485195002172,1.8854968914998853,True,0.48175313251813245,0.015365870892504388,-0.010378094505112121,0.04964042004428627,10
k10_thr,strong,112,reitsma_indep,1.7346010553881064,1.7346010553881064,1.400886883928932,1.902659892242232,True,0.5308717722252065,0.014713556931698155,0.0,0.054062467008303604,10
k10_thr,strong,112,sep_univariate,1.7346010553881064,1.7346010553881064,1.4250625627001534,1.8827672329512206,True,0.5400739298154471,0.020724484771217876,0.0,0.039724363931461275,10
k10_thr,strong,112,adaptshrink_dta,1.7346010553881064,1.7346010553881064,1.4139320049147133,1.8967839501825003,True,0.5355179742634866,0.01633119960490037,-0.0022257451907623568,0.049867106632452106,10
k10_thr,strong,113,reitsma,1.7346010553881064,1.7346010553881064,1.9600684827572348,1.9410971251677533,True,0.6963372817267055,0.04311148251730368,-0.027227298317549612,0.048940938268644964,10
k10_thr,strong,113,reitsma_indep,1.7346010553881064,1.7346010553881064,1.7778197977921975,1.9013426856334417,True,0.7421519270892726,0.03488663619885591,0.0,0.04456160344421975,10
k10_thr,strong,113,sep_univariate,1.7346010553881064,1.7346010553881064,1.8016561952576267,1.9103386862841492,True,0.8781394526136114,0.04093396152831813,0.0,0.05317132325735502,10
k10_thr,strong,113,adaptshrink_dta,1.7346010553881064,1.7346010553881064,1.852781547399546,1.9128426412810005,True,0.9160951884076316,0.0481844745142497,-0.005784898577705643,0.04985411979335327,10
k10_thr,strong,114,reitsma,1.7346010553881064,1.7346010553881064,1.9992284845780959,1.8043129594847311,True,0.4466229324654319,0.025861770521039183,0.00445122676480294,0.02253610876975148,10
k10_thr,strong,114,reitsma_indep,1.7346010553881064,1.7346010553881064,2.009364555274453,1.8066395188096083,True,0.4400097193617731,0.024305925589120675,0.0,0.022482605620222355,10
k10_thr,strong,114,sep_univariate,1.7346010553881064,1.7346010553881064,2.0093645552744523,1.8125245513073958,True,0.4741992633574287,0.024305925589120675,0.0,0.026112223415765867,10
k10_thr,strong,114,adaptshrink_dta,1.7346010553881064,1.7346010553881064,2.0079670993980936,1.8063979953679574,True,0.45610223103886244,0.026051421672891702,0.0009621477137349997,0.02257414999273527,10
k10_thr,strong,115,reitsma,1.7346010553881064,1.7346010553881064,1.566383527042077,1.8476464990212087,True,0.8308631256448613,0.11956318982816891,-0.05015705625748732,0.037337562811287445,10
k10_thr,strong,115,reitsma_indep,1.7346010553881064,1.7346010553881064,1.5070641228508237,1.8668619276594955,True,1.2475173224659768,0.11784431535968064,0.0,0.037275098419703945,10
k10_thr,strong,115,sep_univariate,1.7346010553881064,1.7346010553881064,1.5023439893078845,1.8655979532148839,True,1.2232722079195995,0.11569255079510529,0.0,0.03650691109836796,10
k10_thr,strong,115,adaptshrink_dta,1.7346010553881064,1.7346010553881064,1.5623627493674102,1.8708985073334075,True,1.326325593160065,0.130469975203689,-0.010635003527378799,0.03892296576756488,10
k10_thr,strong,116,reitsma,1.7346010553881064,1.7346010553881064,1.6676078628687638,1.911924172736321,True,0.96668164867622,0.04889527921894214,-0.016059089664496238,0.05921732174727601,10
k10_thr,strong,116,reitsma_indep,1.7346010553881064,1.7346010553881064,1.6607518535846215,1.8928744611710515,True,0.9707046330654574,0.04652532057864283,0.0,0.05716353760825353,10
k10_thr,strong,116,sep_univariate,1.7346010553881064,1.7346010553881064,1.6792736283045593,1.9147785933472425,True,1.2576160002410093,0.06083109954267388,0.0,0.07338456236386788,10
k10_thr,strong,116,adaptshrink_dta,1.7346010553881064,1.7346010553881064,1.6678971567441945,1.9053732034354005,True,1.0089191621977684,0.04920999929507815,-0.007478274509033543,0.059520421233485575,10
k10_thr,strong,117,reitsma,1.7346010553881064,1.7346010553881064,1.3685947897443673,1.8898548249779008,True,0.48484699503849665,0.03498336542163577,-0.013338099486992648,0.024051691392243613,10
k10_thr,strong,117,reitsma_indep,1.7346010553881064,1.7346010553881064,1.3379971212866468,1.8910099121617938,True,0.5171862827428818,0.03382812353522074,0.0,0.02231774722104996,10
k10_thr,strong,117,sep_univariate,1.7346010553881064,1.7346010553881064,1.3620974332607492,1.8949866733222376,True,0.6141945578173019,0.0419690916722566,0.0,0.02536977554668122,10
k10_thr,strong,117,adaptshrink_dta,1.7346010553881064,1.7346010553881064,1.3618387594984736,1.8944217618480628,True,0.5429031045817995,0.035912703554626155,-0.006182727718723243,0.02422933846939767,10
k10_thr,strong,118,reitsma,1.7346010553881064,1.7346010553881064,1.6011989642074795,2.2461723123144774,True,0.5991985642596046,0.044625513654592816,-0.031109378603650314,0.04439571364085873,9
k10_thr,strong,118,reitsma_indep,1.7346010553881064,1.7346010553881064,1.5909943820833248,2.224895778615789,True,0.7857502749526815,0.04404208985394257,0.0,0.03956721033370616,9
k10_thr,strong,118,sep_univariate,1.7346010553881064,1.7346010553881064,1.6132647981143433,2.2234684225499084,True,0.9053832638472017,0.05964615503090925,0.0,0.0387897283697223,9
k10_thr,strong,118,adaptshrink_dta,1.7346010553881064,1.7346010553881064,1.6037193293042413,2.2426421578768267,True,0.8777546726766787,0.047426376403514554,-0.00544259979126153,0.046476833888934935,9
k10_thr,strong,119,reitsma,1.7346010553881064,1.7346010553881064,1.6931234599134068,1.598225307280097,True,0.5633860341858261,0.03484433883670333,-0.014526439708420649,0.031766721136796,10
k10_thr,strong,119,reitsma_indep,1.7346010553881064,1.7346010553881064,1.6341822012703953,1.6166614112921698,True,0.5597311681757166,0.026394208498668727,0.0,0.03350307007586692,10
k10_thr,strong,119,sep_univariate,1.7346010553881064,1.7346010553881064,1.6862644086890928,1.6209422785052052,True,0.6692592145796901,0.03593434836809122,0.0,0.035181407638291265,10
k10_thr,strong,119,adaptshrink_dta,1.7346010553881064,1.7346010553881064,1.6941976317983993,1.6129443660335026,True,0.6458914565745812,0.03670177733107024,-0.001675004625997443,0.03215880006891941,10
k10_thr,strong,120,reitsma,1.7346010553881064,1.7346010553881064,1.893592936559606,1.9724556774796638,True,0.6603405502809111,0.03547239146273648,-0.006067155890088444,0.03573374504266237,10
k10_thr,strong,120,reitsma_indep,1.7346010553881064,1.7346010553881064,1.8920654745004812,1.9694626246146536,True,0.673582803236498,0.03587606914192053,0.0,0.03569532960652086,10
k10_thr,strong,120,sep_univariate,1.7346010553881064,1.7346010553881064,1.9042923735175494,1.9765357371509475,True,0.7559196665460373,0.039998696435309206,0.0,0.04032178205937698,10
k10_thr,strong,120,adaptshrink_dta,1.7346010553881064,1.7346010553881064,1.8933712130405669,1.971415500318142,True,0.6695853933505244,0.035610510009456996,-0.0028290080933453684,0.035760702074877915,10
k10_thr,strong,121,reitsma,1.7346010553881064,1.7346010553881064,2.0106420649270973,1.75471610863696,True,0.5264832750381365,0.026800078077417893,-0.007884756986058818,0.03151198304089477,10
k10_thr,strong,121,reitsma_indep,1.7346010553881064,1.7346010553881064,1.9957588925320866,1.7652073585643864,True,0.5249567159976593,0.023890339593016428,0.0,0.03255809126397973,10
k10_thr,strong,121,sep_univariate,1.7346010553881064,1.7346010553881064,1.9957588925320806,1.767391637492932,True,0.5314728263999982,0.023890339593015533,0.0,0.033371372804901815,10
k10_thr,strong,121,adaptshrink_dta,1.7346010553881064,1.7346010553881064,2.0178887418603937,1.7616471034881025,True,0.5525192668350603,0.02736846484430807,-0.0017030758386926842,0.031589165016331355,10
k10_thr,strong,122,reitsma,1.7346010553881064,1.7346010553881064,1.891459631252785,1.9530079877298905,True,1.199578947432118,0.054207800567392946,-0.0388316367847019,0.10274254269268032,8
k10_thr,strong,122,reitsma_indep,1.7346010553881064,1.7346010553881064,1.864379759971267,1.927234262367375,True,1.3758030628730333,0.05690560179174201,0.0,0.09388404444611127,8
k10_thr,strong,122,sep_univariate,1.7346010553881064,1.7346010553881064,1.8936086686012525,1.9206965663381041,True,1.4465350806923851,0.06659700976875119,0.0,0.088682408228318,8
k10_thr,strong,122,adaptshrink_dta,1.7346010553881064,1.7346010553881064,1.8769936011564732,1.9435217406552614,True,1.4521359384070058,0.057715081460066306,-0.005256376673067595,0.1036026632286857,8
k10_thr,strong,123,reitsma,1.7346010553881064,1.7346010553881064,2.0181890358462153,1.9899560153775713,True,0.4494077962655161,0.027772865667237506,-0.003958916133049397,0.02108987720307892,10
k10_thr,strong,123,reitsma_indep,1.7346010553881064,1.7346010553881064,2.007863378619666,1.9809547149030629,True,0.43124745853792856,0.025991063244939272,0.0,0.02019590495851645,10
k10_thr,strong,123,sep_univariate,1.7346010553881064,1.7346010553881064,2.007863378619665,1.9973280656720152,True,0.47304088452438364,0.02599106324493925,0.0,0.02430007293130712,10
k10_thr,strong,123,adaptshrink_dta,1.7346010553881064,1.7346010553881064,2.0149923387479958,1.9865630409282804,True,0.4561330104971946,0.027825906968543666,-0.000857930665273548,0.021130605674400324,10
k10_thr,strong,124,reitsma,1.7346010553881064,1.7346010553881064,1.5189848197819245,2.2352306001588027,True,0.48627517431405565,0.04047666642122345,-0.013290911703572127,0.02085317914939474,10
k10_thr,strong,124,reitsma_indep,1.7346010553881064,1.7346010553881064,1.4517238031214108,2.245365752995314,True,0.47185737929819366,0.03645816259331004,0.0,0.017236972632462117,10
k10_thr,strong,124,sep_univariate,1.7346010553881064,1.7346010553881064,1.487617783074836,2.2458761533418667,True,0.564153614329443,0.04538422672868169,0.0,0.019793567499328795,10
k10_thr,strong,124,adaptshrink_dta,1.7346010553881064,1.7346010553881064,1.4899702817322351,2.244108283121595,True,0.5603266659691937,0.04228315739865593,-0.002848574897775714,0.021149886552885577,10
k10_thr,strong,125,reitsma,1.7346010553881064,1.7346010553881064,1.9606178227849753,1.7725188400267233,True,0.5122170539163459,0.0604750197687443,-0.020991951122089632,0.019531890468336036,10
k10_thr,strong,125,reitsma_indep,1.7346010553881064,1.7346010553881064,1.9039115183164002,1.7273458788107585,True,0.5034591756932512,0.05009108372335554,0.0,0.014282438411517289,10
k10_thr,strong,125,sep_univariate,1.7346010553881064,1.7346010553881064,1.91473608976909,1.7363657215610928,True,0.5676025660560605,0.054603355474979576,0.0,0.016653427687079843,10
k10_thr,strong,125,adaptshrink_dta,1.7346010553881064,1.7346010553881064,1.9440415298113545,1.7555465239875458,True,0.6701231035503307,0.06321867618574291,-0.004456534058907886,0.02036340501862162,10
k10_thr,strong,126,reitsma,1.7346010553881064,1.7346010553881064,1.8244487195629873,1.9359584757188062,True,0.4042157546831658,0.03538298056052663,0.0031301581593457194,0.013310567842410487,9
k10_thr,strong,126,reitsma_indep,1.7346010553881064,1.7346010553881064,1.839835082028985,1.9412305633188456,True,0.38418840415907635,0.03501442938267673,0.0,0.011898048059348661,9
k10_thr,strong,126,sep_univariate,1.7346010553881064,1.7346010553881064,1.8609500116677364,1.9358303174195173,True,0.46923792338001197,0.042027974091387636,0.0,0.014787066274844952,9
k10_thr,strong,126,adaptshrink_dta,1.7346010553881064,1.7346010553881064,1.8387092070236402,1.9376414078215793,True,0.40965730860757116,0.03553098113449203,0.0005577977335140472,0.013339933420592026,9
k10_thr,strong,127,reitsma,1.7346010553881064,1.7346010553881064,1.7125092036498275,1.7944530332887794,True,0.5599407625303824,0.032005101065582256,-0.010915418364616089,0.031372991106080605,10
k10_thr,strong,127,reitsma_indep,1.7346010553881064,1.7346010553881064,1.6936668050358294,1.811415690802027,True,0.6205699167059439,0.032405540142684534,0.0,0.03354257806510328,10
k10_thr,strong,127,sep_univariate,1.7346010553881064,1.7346010553881064,1.7183384748276849,1.8120872208809167,True,0.6736323381415117,0.03751580950709054,0.0,0.03414017949175797,10
k10_thr,strong,127,adaptshrink_dta,1.7346010553881064,1.7346010553881064,1.710890441215844,1.8041615014446057,True,0.5968335848962238,0.03278851270770167,-0.005068911175572082,0.031446935485467384,10
k10_thr,strong,128,reitsma,1.7346010553881064,1.7346010553881064,1.5748828853338617,1.46577427792439,True,0.6367095528465898,0.03347772494838792,-0.004847619674147013,0.034881076405626626,10
k10_thr,strong,128,reitsma_indep,1.7346010553881064,1.7346010553881064,1.5341457742182634,1.4655107188181604,True,0.6180012073350012,0.03097392253883691,0.0,0.03480300196944736,10
k10_thr,strong,128,sep_univariate,1.7346010553881064,1.7346010553881064,1.5529176160272515,1.4693346809231957,True,0.7201829169490604,0.037417542134925104,0.0,0.039124125339905294,10
k10_thr,strong,128,adaptshrink_dta,1.7346010553881064,1.7346010553881064,1.5578596437569547,1.4658681549806039,True,0.6436352938275212,0.03364862282642396,-0.002261228026219464,0.03490130635736529,10
k10_thr,strong,129,reitsma,1.7346010553881064,1.7346010553881064,1.9954964313294234,1.4543675736358153,True,0.7481502650084707,0.04924497443189244,-0.008954931646934821,0.03370956249667166,9
k10_thr,strong,129,reitsma_indep,1.7346010553881064,1.7346010553881064,1.947996145319579,1.4500481403821504,True,0.7222157415514715,0.04452750866102512,0.0,0.03306281069090254,9
k10_thr,strong,129,sep_univariate,1.7346010553881064,1.7346010553881064,1.9479961453195784,1.4548078071512909,True,0.7502846279335278,0.04452750866102498,0.0,0.035682721249525214,9
k10_thr,strong,129,adaptshrink_dta,1.7346010553881064,1.7346010553881064,1.969397120314928,1.4524733424213019,True,0.7724553243214409,0.049926065154633534,-0.0015974312478730704,0.033784010602952316,9
k10_thr,strong,130,reitsma,1.7346010553881064,1.7346010553881064,2.1554574555509185,1.7170480817072062,True,0.7211848801010459,0.04986482041031385,-0.015030026804203893,0.03396997222460449,10
k10_thr,strong,130,reitsma_indep,1.7346010553881064,1.7346010553881064,2.038361594171204,1.6911551840816619,True,0.6215426416246578,0.03697560896331928,0.0,0.029489050567074782,10
k10_thr,strong,130,sep_univariate,1.7346010553881064,1.7346010553881064,2.038361594171203,1.7027802449691467,True,0.6749420287670952,0.036975608963319084,0.0,0.03477377797014681,10
k10_thr,strong,130,adaptshrink_dta,1.7346010553881064,1.7346010553881064,2.1033431859904153,1.7071124011150156,True,0.7879833702776392,0.051348315310928566,-0.0032530122283925293,0.03433654681502824,10
k10_thr,strong,131,reitsma,1.7346010553881064,1.7346010553881064,1.8460355000952748,1.7912376898246043,True,0.6869854867954671,0.05869239814412586,-0.03035475004376594,0.038394887770269136,10
k10_thr,strong,131,reitsma_indep,1.7346010553881064,1.7346010553881064,1.8350087434169393,1.8211385151826216,True,0.9189720821882353,0.05765871522940208,0.0,0.04134033026343128,10
k10_thr,strong,131,sep_univariate,1.7346010553881064,1.7346010553881064,1.848275077932583,1.8333094848009135,True,1.0406095982356098,0.06264778647084801,0.0,0.048787008713672995,10
k10_thr,strong,131,adaptshrink_dta,1.7346010553881064,1.7346010553881064,1.862720852157882,1.8180996879629965,True,0.9413229954787098,0.06423310744284398,-0.006410570615474581,0.03957590547452716,10
k10_thr,strong,132,reitsma,1.7346010553881064,1.7346010553881064,1.5018951277547312,2.160525166313087,True,0.40926074657406447,0.02570951840987612,0.0012140098089068049,0.01844558050436469,9
k10_thr,strong,132,reitsma_indep,1.7346010553881064,1.7346010553881064,1.5005491235647257,2.1636604071764234,True,0.408372594425774,0.02546924896673366,0.0,0.01848124850038007,9
k10_thr,strong,132,sep_univariate,1.7346010553881064,1.7346010553881064,1.5238835911646125,2.1707963453716044,True,0.5256941573309638,0.03855842456912035,0.0,0.020229320088247356,9
k10_thr,strong,132,adaptshrink_dta,1.7346010553881064,1.7346010553881064,1.5014967720656063,2.1623003225947124,True,0.4099097444358343,0.025718094198948743,0.000520235738885617,0.018450992830084334,9
k10_thr,strong,133,reitsma,1.7346010553881064,1.7346010553881064,1.8901258772685734,2.0038766838778344,True,1.1009699297503566,0.07101565703142176,-0.002553868227194144,0.04826787939887057,8
k10_thr,strong,133,reitsma_indep,1.7346010553881064,1.7346010553881064,1.8902945269159814,2.003631894800645,True,1.0994698697987246,0.07056595888128184,0.0,0.048351024900136624,8
k10_thr,strong,133,sep_univariate,1.7346010553881064,1.7346010553881064,1.9144712729225357,2.0221029899225127,True,1.3484408349126842,0.08247527036270152,0.0,0.06222634760432718,8
k10_thr,strong,133,adaptshrink_dta,1.7346010553881064,1.7346010553881064,1.890947379892883,2.0036811853859997,True,1.1019849417650411,0.0710282325385415,-0.0009822433445127517,0.04826994552143646,8
k10_thr,strong,134,reitsma,1.7346010553881064,1.7346010553881064,2.013277497604372,1.6919380888654896,True,0.5879357389352121,0.06082436285695716,-0.026561617316971715,0.027639736754425992,9
k10_thr,strong,134,reitsma_indep,1.7346010553881064,1.7346010553881064,2.0925787038908963,1.6742685710834502,True,0.7812480154479998,0.07531853690379321,0.0,0.022872321457741235,9
k10_thr,strong,134,sep_univariate,1.7346010553881064,1.7346010553881064,2.116503764931955,1.6752720036283903,True,0.8490982335067672,0.08781575292380811,0.0,0.023172757262880893,9
k10_thr,strong,134,adaptshrink_dta,1.7346010553881064,1.7346010553881064,2.0700623131851996,1.6941847555672307,True,0.804857704875345,0.06523173927222742,-0.00467385305288346,0.028364263369099824,9
k10_thr,strong,135,reitsma,1.7346010553881064,1.7346010553881064,1.7930808531222886,1.8186790497752425,True,0.40553426344672944,0.022201701544023473,-0.0049886340284410555,0.022028474763644043,10
k10_thr,strong,135,reitsma_indep,1.7346010553881064,1.7346010553881064,1.7218943892659282,1.8111499521733667,True,0.38207855632620336,0.019937017471487555,0.0,0.020667093571547335,10
k10_thr,strong,135,sep_univariate,1.7346010553881064,1.7346010553881064,1.7562631772489432,1.8104479991986455,True,0.5087296249305376,0.029606905758212777,0.0,0.024672621882015137,10
k10_thr,strong,135,adaptshrink_dta,1.7346010553881064,1.7346010553881064,1.744431374924057,1.8119813957678894,True,0.424018150107903,0.02302896012945359,-0.001069373436722283,0.022085458013255663,10
k10_thr,strong,136,reitsma,1.7346010553881064,1.7346010553881064,1.6290831964200314,1.747597474340919,True,0.7542964624168731,0.04282840044225783,-0.0032423644295625728,0.03774160557187858,9
k10_thr,strong,136,reitsma_indep,1.7346010553881064,1.7346010553881064,1.6270047141870556,1.747161073598168,True,0.7683889972652251,0.04407258595492349,0.0,0.03781185714461568,9
k10_thr,strong,136,sep_univariate,1.7346010553881064,1.7346010553881064,1.6605155819032784,1.7495352391431929,True,0.9231729581512143,0.056239092067374756,0.0,0.04277225183661975,9
k10_thr,strong,136,adaptshrink_dta,1.7346010553881064,1.7346010553881064,1.6257772177649539,1.7473464872166422,True,0.7567560764323977,0.04287477194105004,-0.0013894199259033974,0.037745280318023086,9
k10_thr,strong,137,reitsma,1.7346010553881064,1.7346010553881064,1.936854661734061,1.4130875623078878,True,0.9104847043683746,0.04683113223659734,-0.02647245512466442,0.06492679665480595,10
k10_thr,strong,137,reitsma_indep,1.7346010553881064,1.7346010553881064,1.8351285492758371,1.4119228539140738,True,0.9849601173975557,0.04209288851748812,0.0,0.06505232588473225,10
k10_thr,strong,137,sep_univariate,1.7346010553881064,1.7346010553881064,1.8680869591175466,1.4118743903385969,True,1.106478847236301,0.0535287862425832,0.0,0.06455547822449562,10
k10_thr,strong,137,adaptshrink_dta,1.7346010553881064,1.7346010553881064,1.900626945340525,1.413042261561188,True,1.0350684216372896,0.04883794254983172,-0.012306092627340282,0.06501859592840752,10
k10_thr,strong,138,reitsma,1.7346010553881064,1.7346010553881064,1.514500906005907,2.054003320783846,True,0.6981977191085462,0.04492404611167083,-0.028723179394635968,0.04899234780450267,10
k10_thr,strong,138,reitsma_indep,1.7346010553881064,1.7346010553881064,1.4180492638532292,2.0408506909994877,True,0.7189896932003886,0.03059567397199973,0.0,0.047689148934699506,10
k10_thr,strong,138,sep_univariate,1.7346010553881064,1.7346010553881064,1.4277770795067906,2.045626791484814,True,0.8013086104492864,0.03486526483951779,0.0,0.05198055562258351,10
k10_thr,strong,138,adaptshrink_dta,1.7346010553881064,1.7346010553881064,1.4676669744290203,2.0485152062140526,True,0.905825635885199,0.04716805907656503,-0.006172159030169767,0.04990697546793686,10
k10_thr,strong,139,reitsma,1.7346010553881064,1.7346010553881064,1.848079706697971,1.6820487539030629,True,0.5001144195277077,0.058322845420264606,-0.007170989513405583,0.01298584774833056,10
k10_thr,strong,139,reitsma_indep,1.7346010553881064,1.7346010553881064,1.8181747205538334,1.6611355921261572,True,0.45134126721569934,0.05467740808079975,0.0,0.010515657575952932,10
k10_thr,strong,139,sep_univariate,1.7346010553881064,1.7346010553881064,1.8528934531559438,1.6614717543109363,True,0.49693349617170746,0.06598573808173576,0.0,0.010562840730727305,10
k10_thr,strong,139,adaptshrink_dta,1.7346010553881064,1.7346010553881064,1.8384139527196683,1.6782964860523972,True,0.5237945849438569,0.05922421230452412,-0.0015472510056329693,0.013115882592133117,10
k10_thr,strong,140,reitsma,1.7346010553881064,1.7346010553881064,1.6759564461998164,1.7862574805879616,True,0.6765951941892901,0.051331077273410256,-0.025546179919080075,0.03788533936398654,9
k10_thr,strong,140,reitsma_indep,1.7346010553881064,1.7346010553881064,1.4496050694534304,1.819587720802625,True,0.5166167984561986,0.019019793082992273,0.0,0.039606414333038714,9
k10_thr,strong,140,sep_univariate,1.7346010553881064,1.7346010553881064,1.6813698729590922,1.8269253948049042,True,0.9728542809026632,0.06099037301055809,0.0,0.04379944082695068,9
k10_thr,strong,140,adaptshrink_dta,1.7346010553881064,1.7346010553881064,1.6828830670555552,1.8170167927822853,True,0.8951405890236809,0.05883877507159634,-0.002495777193579665,0.03854318790749267,9
k10_thr,strong,141,reitsma,1.7346010553881064,1.7346010553881064,2.092648012069591,1.6032161211850244,True,0.6554411517219672,0.0436750548486397,-0.03336548659043134,0.05325262546218908,10
k10_thr,strong,141,reitsma_indep,1.7346010553881064,1.7346010553881064,2.0505274148031987,1.6171169204359637,True,0.9358733834312164,0.045665184018847414,0.0,0.05413563642707399,10
k10_thr,strong,141,sep_univariate,1.7346010553881064,1.7346010553881064,2.062981353926883,1.6168226146598774,True,0.9653922539135251,0.04886912897775406,0.0,0.053827881560994065,10
k10_thr,strong,141,adaptshrink_dta,1.7346010553881064,1.7346010553881064,2.084691783839555,1.6170881707590865,True,0.9731021758591638,0.050635755602470855,-0.007149303582365458,0.05379239033048832,10
k10_thr,strong,142,reitsma,1.7346010553881064,1.7346010553881064,1.872999875810059,1.8936967950127748,True,0.7314010444681157,0.061244045022046396,-0.040270997454568705,0.05113384687611647,10
k10_thr,strong,142,reitsma_indep,1.7346010553881064,1.7346010553881064,1.724742392254901,1.8059033004674816,True,0.8340177159110236,0.049091270999144315,0.0,0.03999268314389764,10
k10_thr,strong,142,sep_univariate,1.7346010553881064,1.7346010553881064,1.7296215263373689,1.8075929851197274,True,0.8619838850428033,0.05126484182146817,0.0,0.040908441898116175,10
k10_thr,strong,142,adaptshrink_dta,1.7346010553881064,1.7346010553881064,1.7838774318809114,1.846066846398904,True,1.1154804765533652,0.06660414079221151,-0.00854643495152441,0.05382655617920982,10
k10_thr,strong,143,reitsma,1.7346010553881064,1.7346010553881064,1.8671691838688342,1.3770110636405026,True,0.4102132902041771,0.02517271517666297,-0.0007002031976994941,0.018887380842783064,9
k10_thr,strong,143,reitsma_indep,1.7346010553881064,1.7346010553881064,1.867896072926962,1.3783079000947949,True,0.4116133800199215,0.025128018611008267,0.0,0.019030709904482992,9
k10_thr,strong,143,sep_univariate,1.7346010553881064,1.7346010553881064,1.8882828925820445,1.3874933230791433,True,0.47240086521458996,0.028824671490385204,0.0,0.02185200389448428,9
k10_thr,strong,143,adaptshrink_dta,1.7346010553881064,1.7346010553881064,1.8680550013202646,1.3776600064180757,True,0.4104820707981262,0.02517991970553535,-0.00012503275089126864,0.018887852695489045,9
k10_thr,strong,144,reitsma,1.7346010553881064,1.7346010553881064,1.3939729346266858,1.836561838801456,True,0.6076652974314837,0.043517004879500436,-0.0330918093352143,0.0491140604362022,10
k10_thr,strong,144,reitsma_indep,1.7346010553881064,1.7346010553881064,1.5170896982349567,1.8910430721757345,True,1.0442777438400144,0.0543023685257911,0.0,0.056682309690408925,10
k10_thr,strong,144,sep_univariate,1.7346010553881064,1.7346010553881064,1.532595014648868,1.8544792255557796,True,0.9851746065026563,0.06018939043743959,0.0,0.045513553018617287,10
k10_thr,strong,144,adaptshrink_dta,1.7346010553881064,1.7346010553881064,1.502814296761836,1.8830516146863556,True,0.9574034892551865,0.04940658453804854,-0.0031544513241395533,0.05256620124227555,10
k10_thr,strong,145,reitsma,1.7346010553881064,1.7346010553881064,1.798379083073343,2.0616738642204826,True,0.5804226843085102,0.04402569152590025,-0.02556274369312404,0.0364407217034468,10
k10_thr,strong,145,reitsma_indep,1.7346010553881064,1.7346010553881064,1.7669372736964353,2.002147053198584,True,0.7046878015047305,0.04155174658084549,0.0,0.033731720317504384,10
k10_thr,strong,145,sep_univariate,1.7346010553881064,1.7346010553881064,1.7699688370565716,2.0270382306041337,True,0.8319269628687931,0.04888833078984088,0.0,0.03995760577767091,10
k10_thr,strong,145,adaptshrink_dta,1.7346010553881064,1.7346010553881064,1.7742811085998236,2.0395599781083718,True,0.8085169781961177,0.047348416803157024,-0.005254006414090299,0.0395509178215143,10
k10_thr,strong,146,reitsma,1.7346010553881064,1.7346010553881064,1.7587282259419819,1.8879480176937682,True,0.31524306726382373,0.02360643546857785,-0.0005442116227298899,0.011894693562029589,10
k10_thr,strong,146,reitsma_indep,1.7346010553881064,1.7346010553881064,1.7546452852139292,1.887155409564147,True,0.30586718248833217,0.02327832124310101,0.0,0.011343533942395338,10
k10_thr,strong,146,sep_univariate,1.7346010553881064,1.7346010553881064,1.7546452852139223,1.892411314382181,True,0.3484120946679641,0.023278321243099847,0.0,0.014718686489549056,10
k10_thr,strong,146,adaptshrink_dta,1.7346010553881064,1.7346010553881064,1.7569343981002818,1.8881508208063245,True,0.3154504771540852,0.023611738296719694,-0.000117905639999709,0.011895704808851836,10
k10_thr,strong,147,reitsma,1.7346010553881064,1.7346010553881064,2.039340525759859,1.711304499088324,True,0.6822572602841911,0.030113175132200798,-0.013962514247532226,0.05010284883773823,10
k10_thr,strong,147,reitsma_indep,1.7346010553881064,1.7346010553881064,1.990127505689468,1.7132660421702437,True,0.6616025556440605,0.024970417027594904,0.0,0.049476938602880154,10
k10_thr,strong,147,sep_univariate,1.7346010553881064,1.7346010553881064,1.9901275056894674,1.7055097381731577,True,0.6314320063897708,0.024970417027594855,0.0,0.045067311944118116,10
k10_thr,strong,147,adaptshrink_dta,1.7346010553881064,1.7346010553881064,2.0323649594551036,1.7160539592379878,True,0.7471503583298565,0.03152173194996849,-0.003007142064200305,0.05027193788543777,10
k10_thr,strong,148,reitsma,1.7346010553881064,1.7346010553881064,1.5584325690425163,1.6446511320430302,True,0.39963764538977703,0.03736515778843375,-0.015100404467507387,0.01816678310737476,10
k10_thr,strong,148,reitsma_indep,1.7346010553881064,1.7346010553881064,1.5090744741375266,1.6681749025522137,True,0.47023157317753755,0.03360051564385783,0.0,0.018574276089803648,10
k10_thr,strong,148,sep_univariate,1.7346010553881064,1.7346010553881064,1.5517316841164805,1.6713919776631878,True,0.5566623287465757,0.042640398699641875,0.0,0.02051146471794471,10
k10_thr,strong,148,adaptshrink_dta,1.7346010553881064,1.7346010553881064,1.5506708838938388,1.6676827362929514,True,0.5184345869162349,0.04076833832185923,-0.0014641598691562726,0.01866056236355466,10
k10_thr,strong,149,reitsma,1.7346010553881064,1.7346010553881064,1.8687525215165983,1.7696551284118804,True,0.3983258870757001,0.06709361448607258,-0.02217559691649056,0.014004092572773947,10
k10_thr,strong,149,reitsma_indep,1.7346010553881064,1.7346010553881064,1.7306528633708058,1.7672667431987457,True,0.5081271320901467,0.04612469430636772,0.0,0.015799579791335935,10
k10_thr,strong,149,sep_univariate,1.7346010553881064,1.7346010553881064,1.7623128233662195,1.7675706790804206,True,0.5686210759216757,0.05700109392600732,0.0,0.016010208289063334,10
k10_thr,strong,149,adaptshrink_dta,1.7346010553881064,1.7346010553881064,1.8256884044483919,1.7655728012566694,True,0.6158828746197087,0.07356681102197707,-0.004639930684885753,0.014845513047301914,10
k10_thr,strong,150,reitsma,1.7346010553881064,1.7346010553881064,1.6246852431376655,2.140221914432905,True,0.37256366773305394,0.020898986416809654,-0.008781568033652704,0.022435998489618275,10
k10_thr,strong,150,reitsma_indep,1.7346010553881064,1.7346010553881064,1.604370870596007,2.1275980385987987,True,0.4236756906665908,0.020747517943643178,0.0,0.024419412450568327,10
k10_thr,strong,150,sep_univariate,1.7346010553881064,1.7346010553881064,1.614431429327015,2.1384607203225316,True,0.5125117877913824,0.026586540849304795,0.0,0.02788560998036503,10
k10_thr,strong,150,adaptshrink_dta,1.7346010553881064,1.7346010553881064,1.6112994906697184,2.1279215023521747,True,0.41535075201464666,0.021497687438308176,-0.001880187753339862,0.02281466645138993,10
k10_thr,strong,151,reitsma,1.7346010553881064,1.7346010553881064,2.15735606030993,1.7654669459812609,True,1.0342415382222165,0.07776780679642177,-0.03761941713525103,0.05702006709096057,9
k10_thr,strong,151,reitsma_indep,1.7346010553881064,1.7346010553881064,1.9569511190028759,1.7637576643915887,True,1.084967765158086,0.05582339448807858,0.0,0.05951846144852884,9
k10_thr,strong,151,sep_univariate,1.7346010553881064,1.7346010553881064,2.037648110855442,1.7659987899846519,True,1.2908780161040136,0.07726590457200115,0.0,0.060871889547960495,9
k10_thr,strong,151,adaptshrink_dta,1.7346010553881064,1.7346010553881064,2.0922553953561462,1.7661935949386383,True,1.3221153011995705,0.08606023046727684,-0.006701896950956435,0.057850386572389,9
k10_thr,strong,152,reitsma,1.7346010553881064,1.7346010553881064,1.9562421742407385,1.9193718803315247,True,0.3791710450378855,0.02560242428364307,-0.008497501518037054,0.018670129459904566,10
k10_thr,strong,152,reitsma_indep,1.7346010553881064,1.7346010553881064,1.9116809667836545,1.922368312916374,True,0.3871712563495994,0.022684533070926518,0.0,0.018651365726962417,10
k10_thr,strong,152,sep_univariate,1.7346010553881064,1.7346010553881064,1.9162132602150903,1.925683190292975,True,0.4197204275508901,0.023536278566520165,0.0,0.02112597125580483,10
k10_thr,strong,152,adaptshrink_dta,1.7346010553881064,1.7346010553881064,1.9389694061606702,1.92288640444252,True,0.41822229652633536,0.026464823857309742,-0.0018308024341544206,0.018780981215297313,10
k10_thr,strong,153,reitsma,1.7346010553881064,1.7346010553881064,1.9022733470256201,1.5673450678724081,True,0.5871941975952926,0.03270369763658142,-0.023556579031563954,0.04672568669524143,10
k10_thr,strong,153,reitsma_indep,1.7346010553881064,1.7346010553881064,1.8812298045563505,1.5898767235437818,True,0.6562945591675552,0.024407036358459533,0.0,0.04981003266848875,10
k10_thr,strong,153,sep_univariate,1.7346010553881064,1.7346010553881064,1.8905050796208756,1.610815643084432,True,0.797645219937285,0.026444952373313766,0.0,0.06790644757650986,10
k10_thr,strong,153,adaptshrink_dta,1.7346010553881064,1.7346010553881064,1.925090403716656,1.586145603627641,True,0.7743713174581868,0.03600764269630149,-0.0023187076803690963,0.047153667430457444,10
k10_thr,strong,154,reitsma,1.7346010553881064,1.7346010553881064,1.803938299600978,1.6526307891528806,True,0.35894095830210115,0.025508873937305533,0.002183919658852022,0.014442689706740001,10
k10_thr,strong,154,reitsma_indep,1.7346010553881064,1.7346010553881064,1.8063050364360755,1.6536539079640635,True,0.35562026382602385,0.02451969045962649,0.0,0.014557683841089821,10
k10_thr,strong,154,sep_univariate,1.7346010553881064,1.7346010553881064,1.8063050364360744,1.6553493271892017,True,0.3720026838674838,0.024519690459626074,0.0,0.015929840596075606,10
k10_thr,strong,154,adaptshrink_dta,1.7346010553881064,1.7346010553881064,1.8078773042376153,1.6533930936477796,True,0.3618845684472854,0.025579673129177055,0.00047272249275250353,0.014459120658492931,10
k10_thr,strong,155,reitsma,1.7346010553881064,1.7346010553881064,1.7674848378177184,1.6769436863075615,True,0.8648692206969328,0.028678094740967733,-0.0331362556184724,0.11190560350839646,10
k10_thr,strong,155,reitsma_indep,1.7346010553881064,1.7346010553881064,1.8389550425253849,1.6865586052357535,True,1.000172367089532,0.02418145815279858,0.0,0.11676198907578612,10
k10_thr,strong,155,sep_univariate,1.7346010553881064,1.7346010553881064,1.8414225489902738,1.5380130443085414,True,0.7706735052731949,0.027303487484910804,0.0,0.06139839256809822,10
k10_thr,strong,155,adaptshrink_dta,1.7346010553881064,1.7346010553881064,1.8390190418476302,1.6850865555432584,True,1.1084153577950242,0.03060232101008608,-0.0032607748286243273,0.11366181100764577,10
k10_thr,strong,156,reitsma,1.7346010553881064,1.7346010553881064,1.966573449330529,1.600563063601709,True,0.6772411825086252,0.08782275385684313,-0.030533770431357823,0.025356385074905192,10
k10_thr,strong,156,reitsma_indep,1.7346010553881064,1.7346010553881064,2.0055599331919254,1.6460674705579632,True,1.0942430001427026,0.0920605166969089,0.0,0.03671034052976686,10
k10_thr,strong,156,sep_univariate,1.7346010553881064,1.7346010553881064,2.0178645035784037,1.6185841473026006,True,1.0493142196312777,0.09916001053764,0.0,0.031340709147989254,10
k10_thr,strong,156,adaptshrink_dta,1.7346010553881064,1.7346010553881064,2.008193058476821,1.608875868693588,True,0.9422070101400222,0.09185908260300678,-0.0064629955465547355,0.027732238014718295,10
k10_thr,strong,157,reitsma,1.7346010553881064,1.7346010553881064,1.552772243190377,1.8500367941164508,True,0.5390965807259056,0.05386823413708402,-0.019772431623826393,0.022485219348109316,10
k10_thr,strong,157,reitsma_indep,1.7346010553881064,1.7346010553881064,1.598729950589252,1.8712836956497332,True,0.7449097810605448,0.05417577984715201,0.0,0.028909224983548087,10
k10_thr,strong,157,sep_univariate,1.7346010553881064,1.7346010553881064,1.602825295615035,1.8874197270745152,True,0.8383818878410384,0.060968188935673635,0.0,0.03253979010304982,10
k10_thr,strong,157,adaptshrink_dta,1.7346010553881064,1.7346010553881064,1.5941100593565187,1.8523947018248896,True,0.6763921626131904,0.054751105304687964,-0.004237852466410498,0.023913161593250555,10
k10_thr,strong,158,reitsma,1.7346010553881064,1.7346010553881064,2.191087015297761,1.7196731346302983,True,0.6380183454754544,0.07508501581834615,-0.03225597098708595,0.029158897280707845,10
k10_thr,strong,158,reitsma_indep,1.7346010553881064,1.7346010553881064,2.081294861687022,1.6643670183985808,True,0.6610110947808716,0.07064963491496651,0.0,0.017455883828376036,10
k10_thr,strong,158,sep_univariate,1.7346010553881064,1.7346010553881064,2.1145992935657203,1.6712611847227417,True,0.7981303616173266,0.08918769168822202,0.0,0.020159372384668767,10
k10_thr,strong,158,adaptshrink_dta,1.7346010553881064,1.7346010553881064,2.1269396021508955,1.6989665083337213,True,0.9161294082558699,0.08052256672194064,-0.006938823133138013,0.03001709762153634,10
k10_thr,strong,159,reitsma,1.7346010553881064,1.7346010553881064,1.6036376861909798,1.8512990937453933,True,1.005183282606048,0.06689318742222627,-0.056605401455284456,0.09053252274735836,10
k10_thr,strong,159,reitsma_indep,1.7346010553881064,1.7346010553881064,1.5459433651985948,1.8264709556608594,True,1.3983093483835622,0.06121197652525858,0.0,0.09015802431031986,10
k10_thr,strong,159,sep_univariate,1.7346010553881064,1.7346010553881064,1.556361226668788,1.8363256648235902,True,1.5771387713812495,0.06765386327252888,0.0,0.10377230946961406,10
k10_thr,strong,159,adaptshrink_dta,1.7346010553881064,1.7346010553881064,1.5840462066483423,1.8434050471593004,True,1.4258190836220168,0.07026763330841987,-0.026376492753481966,0.09156069464331618,10
k10_thr,strong,160,reitsma,1.7346010553881064,1.7346010553881064,1.7260232895572192,2.0278832892274665,True,0.8591600700376549,0.05014026171574556,-0.02498898835968359,0.05400642811545167,10
k10_thr,strong,160,reitsma_indep,1.7346010553881064,1.7346010553881064,1.6389200174894636,1.9771360483438067,True,0.8087488056006211,0.03927081143282345,0.0,0.047010156452157795,10
k10_thr,strong,160,sep_univariate,1.7346010553881064,1.7346010553881064,1.7050193877703186,1.9851020253755798,True,1.0099117498257713,0.058132490977677066,0.0,0.04952017652185453,10
k10_thr,strong,160,adaptshrink_dta,1.7346010553881064,1.7346010553881064,1.7097990687511833,2.014120294438787,True,1.0206320277218246,0.0536796521489341,-0.005340234023678726,0.05530381442636492,10
k10_thr,strong,161,reitsma,1.7346010553881064,1.7346010553881064,1.5801865259054466,1.7152177090241123,True,0.4937410715078404,0.05718933096700242,-0.025174417450257235,0.023113079245105674,9
k10_thr,strong,161,reitsma_indep,1.7346010553881064,1.7346010553881064,1.6185286748514776,1.691183323993529,True,0.6372866059099753,0.06044754311689176,0.0,0.018963792511106865,9
k10_thr,strong,161,sep_univariate,1.7346010553881064,1.7346010553881064,1.6179097678920413,1.7045227767533664,True,0.6995828852319262,0.06009025790056211,0.0,0.022988389740914515,9
k10_thr,strong,161,adaptshrink_dta,1.7346010553881064,1.7346010553881064,1.6263451932166963,1.7176394385483156,True,0.722653423173657,0.060857063080866275,-0.004374888875203609,0.024535018551952805,9
k10_thr,strong,162,reitsma,1.7346010553881064,1.7346010553881064,1.8445686871388722,2.0674663991860003,True,0.7250173474499972,0.06636639315297191,-0.04201755953012521,0.04895736825734464,9
k10_thr,strong,162,reitsma_indep,1.7346010553881064,1.7346010553881064,1.8429393151682025,1.990873582704107,True,0.9400139457371341,0.06654367540469919,0.0,0.037479697390944505,9
k10_thr,strong,162,sep_univariate,1.7346010553881064,1.7346010553881064,1.8486894034961765,1.9999068954986956,True,1.0282516541342193,0.07099210868844277,0.0,0.0420361588296706,9
k10_thr,strong,162,adaptshrink_dta,1.7346010553881064,1.7346010553881064,1.8533064533390309,2.024983184131792,True,1.141603958414832,0.071359832746141,-0.004132533531442681,0.05178726722739056,9
k10_thr,strong,163,reitsma,1.7346010553881064,1.7346010553881064,1.4730170306986512,1.589876298428482,True,0.5824559925509176,0.036682536009033866,-0.012273761278081188,0.03021037322379499,10
k10_thr,strong,163,reitsma_indep,1.7346010553881064,1.7346010553881064,1.4514666239808254,1.5777527292043556,True,0.6531089225306999,0.03968896372793675,0.0,0.030334423185732356,10
k10_thr,strong,163,sep_univariate,1.7346010553881064,1.7346010553881064,1.4625821152522258,1.5791281090687352,True,0.7040667446122197,0.0440996452564545,0.0,0.0317268411568719,10
k10_thr,strong,163,adaptshrink_dta,1.7346010553881064,1.7346010553881064,1.4603456180206589,1.5833414300682067,True,0.6252658785372437,0.03743491116784692,-0.00569549873603336,0.030343783086967238,10
k10_thr,strong,164,reitsma,1.7346010553881064,1.7346010553881064,1.2624570512872049,2.197462155871697,True,0.3885523924879429,0.0170168855859791,0.009433324470840243,0.030270468868934284,10
k10_thr,strong,164,reitsma_indep,1.7346010553881064,1.7346010553881064,1.3222277806895202,2.198121741942457,True,0.4831193397808947,0.02106620030773188,0.0,0.03127208974646084,10
k10_thr,strong,164,sep_univariate,1.7346010553881064,1.7346010553881064,1.3392367529894735,2.202936989056357,True,0.5618276176441218,0.025925533720037926,0.0,0.03436471361146666,10
k10_thr,strong,164,adaptshrink_dta,1.7346010553881064,1.7346010553881064,1.3016747200648966,2.19734811123203,True,0.4351738512452341,0.017656353293933967,0.0020219735880046396,0.030504788284413432,10
k10_thr,strong,165,reitsma,1.7346010553881064,1.7346010553881064,2.0539714092488977,1.279313500146033,True,0.7904255004791038,0.06662355190427799,-0.042536895031563736,0.05362681698805379,10
k10_thr,strong,165,reitsma_indep,1.7346010553881064,1.7346010553881064,1.90811474927,1.2588586314879358,True,0.9567369310068824,0.05060360657061271,0.0,0.05105495213388709,10
k10_thr,strong,165,sep_univariate,1.7346010553881064,1.7346010553881064,1.9291175092068649,1.2549886759443363,True,0.9944450499389426,0.05965393223088232,0.0,0.046790401417653116,10
k10_thr,strong,165,adaptshrink_dta,1.7346010553881064,1.7346010553881064,1.9780309630470974,1.2669272856655416,True,1.1543197191411048,0.07100339448758848,-0.009228266732159122,0.05416663708150089,10
k10_thr,strong,166,reitsma,1.7346010553881064,1.7346010553881064,1.9084232393273226,2.042191370802068,True,1.0017682920525588,0.08278747305576835,-0.02756059233552587,0.04338916281234136,9
k10_thr,strong,166,reitsma_indep,1.7346010553881064,1.7346010553881064,1.8096128774905955,1.990706897006047,True,1.0457894204237288,0.07161752568562946,0.0,0.043102597460248374,9
k10_thr,strong,166,sep_univariate,1.7346010553881064,1.7346010553881064,1.827302498399678,1.998275327932406,True,1.1874429169782281,0.08438207779494025,0.0,0.0471638809471793,9
k10_thr,strong,166,adaptshrink_dta,1.7346010553881064,1.7346010553881064,1.8641516664887292,2.014511899122474,True,1.133038090727856,0.08509647212787064,-0.011737619569676524,0.044199601759146764,9
k10_thr,strong,167,reitsma,1.7346010553881064,1.7346010553881064,2.0693680404425057,1.684089466273446,True,0.7334037559559714,0.06799205212235786,-0.02544007506980444,0.031847367092879414,8
k10_thr,strong,167,reitsma_indep,1.7346010553881064,1.7346010553881064,2.0471696518753966,1.6710001917110135,True,0.8218881902882638,0.06087722527128857,0.0,0.03131878444253075,8
k10_thr,strong,167,sep_univariate,1.7346010553881064,1.7346010553881064,2.05531292404417,1.6948411143302449,True,0.9722512100356676,0.06552910761648215,0.0,0.040715239882393256,8
k10_thr,strong,167,adaptshrink_dta,1.7346010553881064,1.7346010553881064,2.0649555793119574,1.6789799596947987,True,0.8987332468596213,0.06964609244952277,-0.0034330463237988804,0.03290322797562787,8
k10_thr,strong,168,reitsma,1.7346010553881064,1.7346010553881064,2.1397244228948145,1.5776177058294405,True,0.49808865477516795,0.03270918196972597,0.005314068854340895,0.02227143368755108,10
k10_thr,strong,168,reitsma_indep,1.7346010553881064,1.7346010553881064,2.119394323607326,1.5817239159536285,True,0.49383737359076224,0.03059384762624857,0.0,0.022499251795762797,10
k10_thr,strong,168,sep_univariate,1.7346010553881064,1.7346010553881064,2.119394323607326,1.5904543461076792,True,0.553884555096075,0.030593847626248526,0.0,0.02830340448202511,10
k10_thr,strong,168,adaptshrink_dta,1.7346010553881064,1.7346010553881064,2.1285718614519937,1.5809659277231896,True,0.5107885578613279,0.033066709203943355,0.0011477578198997457,0.022310115699929103,10
k10_thr,strong,169,reitsma,1.7346010553881064,1.7346010553881064,2.0050656160665485,1.9283634126254443,True,0.5499066202399822,0.06035588556215174,-0.0222100380246883,0.02231435678576012,10
k10_thr,strong,169,reitsma_indep,1.7346010553881064,1.7346010553881064,1.929264001755385,1.9091874015975727,True,0.5880315873410785,0.047312656298528086,0.0,0.02062805339321406,10
k10_thr,strong,169,sep_univariate,1.7346010553881064,1.7346010553881064,1.9419267519447387,1.9134598810993417,True,0.6374208570566321,0.05194440963858239,0.0,0.02207740334099437,10
k10_thr,strong,169,adaptshrink_dta,1.7346010553881064,1.7346010553881064,1.9802493446962801,1.9200367183272502,True,0.7088414192426443,0.0627694700063666,-0.004768861276507172,0.022955834669994166,10
k10_thr,strong,170,reitsma,1.7346010553881064,1.7346010553881064,1.8853356328507787,1.9800329922867745,True,0.5362521879885742,0.03106786253120454,-0.006544015937323667,0.0275036921089129,10
k10_thr,strong,170,reitsma_indep,1.7346010553881064,1.7346010553881064,1.876014973844212,1.978838338687035,True,0.5374709827682987,0.02905394303131141,0.0,0.028063331792712136,10
k10_thr,strong,170,sep_univariate,1.7346010553881064,1.7346010553881064,1.8711656446590648,1.990958313478648,True,0.5643038966862333,0.027837110280690143,0.0,0.032287633539188405,10
k10_thr,strong,170,adaptshrink_dta,1.7346010553881064,1.7346010553881064,1.884947442436229,1.9786145499874206,True,0.5525091787471491,0.03129433377842483,-0.0014155430574463801,0.02759665021049621,10
k10_thr,strong,171,reitsma,1.7346010553881064,1.7346010553881064,1.8017156418129612,1.9687423231536605,True,0.49020211362757765,0.06105408543642124,-0.00024053221895366207,0.011109817903649967,10
k10_thr,strong,171,reitsma_indep,1.7346010553881064,1.7346010553881064,1.8015815704791542,1.9690132735500296,True,0.4901425272620638,0.061043206021571636,0.0,0.011108149177740693,10
k10_thr,strong,171,sep_univariate,1.7346010553881064,1.7346010553881064,1.827406220590143,1.9690132735500296,True,0.5291626750064733,0.07114935540918157,0.0,0.011108149177740684,10
k10_thr,strong,171,adaptshrink_dta,1.7346010553881064,1.7346010553881064,1.8016382917777862,1.9689582926027718,True,0.49022656756923544,0.06105457483030988,-5.211503747558375e-05,0.011109934088465532,10
k10_thr,strong,172,reitsma,1.7346010553881064,1.7346010553881064,2.0507919693106387,1.5970124788987454,True,0.8386254072067348,0.04971666211568125,-0.01203811367723604,0.042841993512390264,10
k10_thr,strong,172,reitsma_indep,1.7346010553881064,1.7346010553881064,2.030425360503876,1.6015063701170464,True,0.8597949431372787,0.04764012721373133,0.0,0.04379768214257369,10
k10_thr,strong,172,sep_univariate,1.7346010553881064,1.7346010553881064,2.0403337606270133,1.6023263420558127,True,0.890608358247875,0.050485311149722024,0.0,0.044344806371845034,10
k10_thr,strong,172,adaptshrink_dta,1.7346010553881064,1.7346010553881064,2.047741617285205,1.5997868617715556,True,0.8656473487004707,0.05005108896925488,-0.005614713521112131,0.04288725366720725,10
k10_thr,strong,173,reitsma,1.7346010553881064,1.7346010553881064,1.7157544443529635,2.0236086030843197,True,0.6473818147089159,0.06157324237438749,-0.03395776777666906,0.03793936433229467,9
k10_thr,strong,173,reitsma_indep,1.7346010553881064,1.7346010553881064,1.6533834638511522,1.9348827403593676,True,0.7901502941845686,0.060736863858500204,0.0,0.02901357972415243,9
k10_thr,strong,173,sep_univariate,1.7346010553881064,1.7346010553881064,1.6542310372221243,1.9453836259993318,True,0.8670461288672424,0.06131800984073315,0.0,0.03460434420756933,9
k10_thr,strong,173,adaptshrink_dta,1.7346010553881064,1.7346010553881064,1.6725788976437146,1.9699202656672,True,0.9728508049869432,0.06642548124433878,-0.005786163189111762,0.040719386274495784,9
k10_thr,strong,174,reitsma,1.7346010553881064,1.7346010553881064,1.5481323236769091,1.8295738141858489,True,0.5283843900909101,0.020516732415101373,-0.013054662788509629,0.04671498023580741,10
k10_thr,strong,174,reitsma_indep,1.7346010553881064,1.7346010553881064,1.5261503683820277,1.8450680541775648,True,0.5836979710165964,0.019488087618598986,0.0,0.04934480200578498,10
k10_thr,strong,174,sep_univariate,1.7346010553881064,1.7346010553881064,1.5497082500850126,1.8565199554964211,True,0.7192553351147715,0.02370187747851689,0.0,0.06160524684516195,10
k10_thr,strong,174,adaptshrink_dta,1.7346010553881064,1.7346010553881064,1.5445448307397784,1.8410903300427737,True,0.5947059342871076,0.02148757598671959,-0.002820107348600215,0.04682714510028693,10
k10_thr,strong,175,reitsma,1.7346010553881064,1.7346010553881064,1.7110388080170709,1.8409122937015445,True,0.7750465053924875,0.05388329238015713,-0.02463984896910014,0.04273292915776882,9
k10_thr,strong,175,reitsma_indep,1.7346010553881064,1.7346010553881064,1.7561034455454716,1.862467555531546,True,1.0005372331767597,0.0646909677661678,0.0,0.043677435221264174,9
k10_thr,strong,175,sep_univariate,1.7346010553881064,1.7346010553881064,1.7671875726265165,1.8728587948823683,True,1.1946220940803962,0.06925476111124737,0.0,0.058162855039168466,9
k10_thr,strong,175,adaptshrink_dta,1.7346010553881064,1.7346010553881064,1.7392145884176948,1.858233267799158,True,0.9048450188113998,0.05616864958244443,-0.010468346510213498,0.043093333272549016,9
k10_thr,strong,176,reitsma,1.7346010553881064,1.7346010553881064,1.5361492718249423,2.036062738705915,True,0.7282798524094184,0.03143718809236407,-0.02320880406189633,0.06475387689719471,10
k10_thr,strong,176,reitsma_indep,1.7346010553881064,1.7346010553881064,1.486444666067349,2.0667632572775734,True,0.7533844558622474,0.02203744437500674,0.0,0.07269530259887946,10
k10_thr,strong,176,sep_univariate,1.7346010553881064,1.7346010553881064,1.519588857215371,2.086208214219741,True,1.006734455469155,0.03250477371972166,0.0,0.08800695300923378,10
k10_thr,strong,176,adaptshrink_dta,1.7346010553881064,1.7346010553881064,1.534318615599978,2.052142775755884,True,0.8396292769705547,0.03232782588770525,-0.010800580810928637,0.06515911388457905,10
k10_thr,strong,177,reitsma,1.7346010553881064,1.7346010553881064,1.3602724382560765,2.14899673664682,True,0.8202948371214138,0.05045276870465155,-0.03188099807283623,0.057788968043931015,10
k10_thr,strong,177,reitsma_indep,1.7346010553881064,1.7346010553881064,1.369271326083662,2.1100972050380165,True,1.028242553666671,0.04780668397962131,0.0,0.06242187252436817,10
k10_thr,strong,177,sep_univariate,1.7346010553881064,1.7346010553881064,1.3718546552668716,2.129338738002043,True,1.1386472168012982,0.053125980997882134,0.0,0.0688819894950953,10
k10_thr,strong,177,adaptshrink_dta,1.7346010553881064,1.7346010553881064,1.3720167413465536,2.1253411028484237,True,1.0516452569050867,0.05180656542322024,-0.006781167683858129,0.061141907828401475,10
k10_thr,strong,178,reitsma,1.7346010553881064,1.7346010553881064,1.4939520288050345,1.9362785867433396,True,0.41342770202151735,0.018717170680619136,0.004683482382158271,0.026946594873875167,10
k10_thr,strong,178,reitsma_indep,1.7346010553881064,1.7346010553881064,1.5109464514625104,1.9391713450841543,True,0.45688334284423016,0.021285005571111168,0.0,0.02768032265934744,10
k10_thr,strong,178,sep_univariate,1.7346010553881064,1.7346010553881064,1.5414456028166532,1.9416335987002191,True,0.5480457385239708,0.028902498244475976,0.0,0.029331379817839447,10
k10_thr,strong,178,adaptshrink_dta,1.7346010553881064,1.7346010553881064,1.49784181710873,1.93816902627954,True,0.4238782095202684,0.01895845956921048,0.002174649010208377,0.026998805711207653,10
k10_thr,strong,179,reitsma,1.7346010553881064,1.7346010553881064,1.7276161553321006,1.7301738194020968,True,0.6710190869513981,0.05147043651072248,-0.03227213224758805,0.044926158067624386,10
k10_thr,strong,179,reitsma_indep,1.7346010553881064,1.7346010553881064,1.5836559504812704,1.691502515999484,True,0.7229993320691311,0.035816234754453814,0.0,0.04119363638406529,10
k10_thr,strong,179,sep_univariate,1.7346010553881064,1.7346010553881064,1.6086929705422426,1.70463347071857,True,0.9460076575149985,0.044345603045202436,0.0,0.056960396725204115,10
k10_thr,strong,179,adaptshrink_dta,1.7346010553881064,1.7346010553881064,1.6545906406070237,1.7030120954786991,True,0.9360387190715205,0.05543650114204985,-0.006953661296934978,0.04548159966371308,10
k10_thr,strong,180,reitsma,1.7346010553881064,1.7346010553881064,1.8168925051792486,1.7428102480031755,True,0.5355017380268321,0.0382122590088577,-0.020386854719431184,0.03205804959419345,10
k10_thr,strong,180,reitsma_indep,1.7346010553881064,1.7346010553881064,1.8033071019548164,1.746849520303391,True,0.6422436808502067,0.03440125277916725,0.0,0.033842285756651824,10
k10_thr,strong,180,sep_univariate,1.7346010553881064,1.7346010553881064,1.8228476163141842,1.7562475958163306,True,0.7480677730680054,0.04008494688967922,0.0,0.03940350418488447,10
k10_thr,strong,180,adaptshrink_dta,1.7346010553881064,1.7346010553881064,1.826904767021239,1.7459375529506842,True,0.6711107795849691,0.03997336927796479,-0.004412539231770073,0.032288904318848476,10
k10_thr,strong,181,reitsma,1.7346010553881064,1.7346010553881064,1.540431499090661,2.196092339356533,True,0.5173807950477987,0.03747093541914958,-0.01106429406198281,0.023430269151019836,8
k10_thr,strong,181,reitsma_indep,1.7346010553881064,1.7346010553881064,1.4706164790440956,2.215462665823796,True,0.43889639859849683,0.02197087126638409,0.0,0.024746342641445557,8
k10_thr,strong,181,sep_univariate,1.7346010553881064,1.7346010553881064,1.593824941698085,2.2345797676899597,True,0.7018722602770617,0.04893650428530621,0.0,0.0284130254795775,8
k10_thr,strong,181,adaptshrink_dta,1.7346010553881064,1.7346010553881064,1.56047440634641,2.2123764876908703,True,0.5788842689243706,0.03920022254910205,-0.0014475592389767327,0.024181893712360653,8
k10_thr,strong,182,reitsma,1.7346010553881064,1.7346010553881064,1.745143691895812,1.828561746519762,True,0.5021291286590358,0.061461826503379204,-0.015394164475732707,0.015434427071210947,10
k10_thr,strong,182,reitsma_indep,1.7346010553881064,1.7346010553881064,1.6608907423924342,1.7909856687306938,True,0.43082608856012206,0.03727548886945472,0.0,0.014054484050727678,10
k10_thr,strong,182,sep_univariate,1.7346010553881064,1.7346010553881064,1.7065766895207324,1.803211802117724,True,0.5365592711663164,0.05113960025892582,0.0,0.015889577324693902,10
k10_thr,strong,182,adaptshrink_dta,1.7346010553881064,1.7346010553881064,1.7449005134480553,1.8133693135895619,True,0.6028276767940789,0.06363389375493059,-0.0032860523298695863,0.016288470423343818,10
k10_thr,strong,183,reitsma,1.7346010553881064,1.7346010553881064,1.6922529580141938,1.9763041621598179,True,0.6750839535788887,0.04347434581062214,-0.01086025159350521,0.032301060601337084,9
k10_thr,strong,183,reitsma_indep,1.7346010553881064,1.7346010553881064,1.656016130093137,1.928377190539405,True,0.6314367771415204,0.03657931120761283,0.0,0.03076511124758272,9
k10_thr,strong,183,sep_univariate,1.7346010553881064,1.7346010553881064,1.6482595820853976,1.934024052839137,True,0.8223857531347835,0.052759583909210594,0.0,0.036181291186085915,9
k10_thr,strong,183,adaptshrink_dta,1.7346010553881064,1.7346010553881064,1.6669754216847303,1.9489912893308468,True,0.7087112335504607,0.044130092697277086,-0.004612597228394469,0.032606745744408853,9
k10_thr,strong,184,reitsma,1.7346010553881064,1.7346010553881064,2.611754461909207,1.8109923182560157,True,0.8157605790060578,0.043616278255405316,-0.011939088652588905,0.04633176325183146,9
k10_thr,strong,184,reitsma_indep,1.7346010553881064,1.7346010553881064,2.5628526765088457,1.798260247666535,True,0.7954269337183203,0.03947836648159716,0.0,0.045235112780865804,9
k10_thr,strong,184,sep_univariate,1.7346010553881064,1.7346010553881064,2.562852676508843,1.7981363066907712,True,0.7940216509413214,0.03947836648159456,0.0,0.04507541999393713,9
k10_thr,strong,184,adaptshrink_dta,1.7346010553881064,1.7346010553881064,2.5714115503401143,1.800425850565988,True,0.8554601653759654,0.044512884753450395,-0.0011894093248331675,0.04643500072769555,9
k10_thr,strong,185,reitsma,1.7346010553881064,1.7346010553881064,2.075287142798541,1.9925397806452643,True,0.735010873214872,0.10875814608143002,-0.04995745249944424,0.03696806623124961,10
k10_thr,strong,185,reitsma_indep,1.7346010553881064,1.7346010553881064,2.066648122144161,2.0233703166888226,True,1.2082820674607715,0.10728245482998634,0.0,0.038409815805601,10
k10_thr,strong,185,sep_univariate,1.7346010553881064,1.7346010553881064,2.0938420121406733,2.0330879707538094,True,1.4071295379981563,0.12663756850628108,0.0,0.04413060313742323,10
k10_thr,strong,185,adaptshrink_dta,1.7346010553881064,1.7346010553881064,2.0888374305243658,2.026144970978198,True,1.2542587990386678,0.11574039079724999,-0.004904956373256598,0.038571845091958774,10
k10_thr,strong,186,reitsma,1.7346010553881064,1.7346010553881064,2.0413241862480547,1.9743246837181936,True,0.6787547290076391,0.06741420362070913,-0.019616164219600725,0.02499685578062921,9
k10_thr,strong,186,reitsma_indep,1.7346010553881064,1.7346010553881064,1.9042150107461562,1.966094560488282,True,0.6739275488828271,0.05210138249168723,0.0,0.024604324114058048,9
k10_thr,strong,186,sep_univariate,1.7346010553881064,1.7346010553881064,1.9530682342456755,1.9740867986499349,True,0.8024320778979502,0.06531165640457443,0.0,0.027826599151072485,9
k10_thr,strong,186,adaptshrink_dta,1.7346010553881064,1.7346010553881064,1.9881964740385267,1.9710160649927153,True,0.7894171436511845,0.07030902110123109,-0.0035268535818477223,0.025193977692526463,9
k10_thr,strong,187,reitsma,1.7346010553881064,1.7346010553881064,1.594899170446875,1.7235405070970087,True,0.2739235456096225,0.017142077930101966,-0.0028881252233840353,0.012841219988860984,10
k10_thr,strong,187,reitsma_indep,1.7346010553881064,1.7346010553881064,1.5941204271594607,1.7177519385013105,True,0.26701708506723987,0.015552588494351285,0.0,0.012939267366809578,10
k10_thr,strong,187,sep_univariate,1.7346010553881064,1.7346010553881064,1.5941204271594602,1.731816363849513,True,0.29678473098526514,0.015552588494351037,0.0,0.0159850755375095,10
k10_thr,strong,187,adaptshrink_dta,1.7346010553881064,1.7346010553881064,1.5945171137803948,1.7190700076909264,True,0.2801084436685291,0.01720871218699834,-0.0006242803607387247,0.012891454288948723,10
k10_thr,strong,188,reitsma,1.7346010553881064,1.7346010553881064,1.909728169247305,1.7601931679363874,True,0.9390529367247495,0.04771973603390474,-0.03936803245693855,0.08463546234430536,10
k10_thr,strong,188,reitsma_indep,1.7346010553881064,1.7346010553881064,1.8273213129161647,1.7128369667283108,True,1.1154829908093147,0.043941203421500034,0.0,0.07992602692434757,10
k10_thr,strong,188,sep_univariate,1.7346010553881064,1.7346010553881064,1.8496954686026372,1.6747897343167628,True,1.0980680608010984,0.05434049440275734,0.0,0.06262809483994158,10
k10_thr,strong,188,adaptshrink_dta,1.7346010553881064,1.7346010553881064,1.8626266492083638,1.7377680064417502,True,1.2697820428581121,0.05325681945001472,-0.008349739296426843,0.0867601431230187,10
k10_thr,strong,189,reitsma,1.7346010553881064,1.7346010553881064,1.6054618871862927,1.8756065298345244,True,1.0670561487359949,0.07684546535052982,0.009548121232802676,0.04300699269838804,10
k10_thr,strong,189,reitsma_indep,1.7346010553881064,1.7346010553881064,1.6125316707480815,1.8735173096491893,True,1.085286549064808,0.07735641368522114,0.0,0.042976078133355765,10
k10_thr,strong,189,sep_univariate,1.7346010553881064,1.7346010553881064,1.5837698634574082,1.87319114338915,True,0.973663513767497,0.06279817649785,0.0,0.04260936143565356,10
k10_thr,strong,189,adaptshrink_dta,1.7346010553881064,1.7346010553881064,1.609850744410809,1.8747625720851757,True,1.0798784499576983,0.07696098994622048,0.004454240679933965,0.04302524771976249,10
k10_thr,strong,190,reitsma,1.7346010553881064,1.7346010553881064,2.0019729902360988,1.635289222583696,True,0.9449361026036135,0.0733552640046879,-0.043732605812277316,0.0604287220386017,10
k10_thr,strong,190,reitsma_indep,1.7346010553881064,1.7346010553881064,1.836928130485245,1.6306331832994143,True,1.1111537953180777,0.061221798175347904,0.0,0.05692152588452673,10
k10_thr,strong,190,sep_univariate,1.7346010553881064,1.7346010553881064,1.8772064243000146,1.6374408609371265,True,1.2881125196890715,0.0730799343998136,0.0,0.06408313073962241,10
k10_thr,strong,190,adaptshrink_dta,1.7346010553881064,1.7346010553881064,1.9290628388799935,1.6384543894681565,True,1.3029556171568677,0.08013406613947804,-0.009497481615885341,0.06092221866982498,10
k10_thr,strong,191,reitsma,1.7346010553881064,1.7346010553881064,1.528213905417551,2.490717360486262,True,0.6312744221113266,0.027709057664407923,-0.00525793456130268,0.04159050929621359,10
k10_thr,strong,191,reitsma_indep,1.7346010553881064,1.7346010553881064,1.5161307055391688,2.4844601070132297,True,0.6339474767446459,0.027436454800396484,0.0,0.04134403206331351,10
k10_thr,strong,191,sep_univariate,1.7346010553881064,1.7346010553881064,1.5202970648575393,2.4944727601142813,True,0.6844111927115454,0.029032936231573367,0.0,0.04553837334160796,10
k10_thr,strong,191,adaptshrink_dta,1.7346010553881064,1.7346010553881064,1.5226201413341751,2.4884287989129876,True,0.6384057587793913,0.02776464158591534,-0.0024538466417271952,0.04164886107614575,10
k10_thr,strong,192,reitsma,1.7346010553881064,1.7346010553881064,1.7106910714388426,1.7621612507328177,True,0.6044192522468074,0.05115002602278395,-0.021822385282623816,0.029469005157636362,10
k10_thr,strong,192,reitsma_indep,1.7346010553881064,1.7346010553881064,1.6194161361584785,1.7818301894777504,True,0.6131232733707378,0.03526044801420269,0.0,0.03009137578559745,10
k10_thr,strong,192,sep_univariate,1.7346010553881064,1.7346010553881064,1.6301156765902398,1.7830166883521053,True,0.6467368004182402,0.03837288689038793,0.0,0.030765568239116553,10
k10_thr,strong,192,adaptshrink_dta,1.7346010553881064,1.7346010553881064,1.6915780007725678,1.7814579683998837,True,0.7777728399439628,0.05605553083529972,-0.0020742299492364563,0.030536152987659822,10
k10_thr,strong,193,reitsma,1.7346010553881064,1.7346010553881064,1.5054934537943498,1.968376399276645,True,0.5226646664522737,0.0314307207894084,-0.022023357452893702,0.03996328135311134,10
k10_thr,strong,193,reitsma_indep,1.7346010553881064,1.7346010553881064,1.4428881908870228,2.0058459386301695,True,0.6990000388078214,0.033348039231955326,0.0,0.0413540799369402,10
k10_thr,strong,193,sep_univariate,1.7346010553881064,1.7346010553881064,1.4705482766678268,2.003495223430505,True,0.8459868390313982,0.038382450762510255,0.0,0.05262944364679094,10
k10_thr,strong,193,adaptshrink_dta,1.7346010553881064,1.7346010553881064,1.481423220709809,2.000172560637695,True,0.7136216928443448,0.03617466912815359,-0.004633487585681165,0.04032780741177529,10
k10_thr,strong,194,reitsma,1.7346010553881064,1.7346010553881064,1.7454295868401564,2.174019377760646,True,0.8007637900246061,0.06772205073363922,-0.03679465546356548,0.046715934869346845,10
k10_thr,strong,194,reitsma_indep,1.7346010553881064,1.7346010553881064,1.6266388120585233,2.1356040117566404,True,0.8959226144172031,0.05493002396085178,0.0,0.04124444618200167,10
k10_thr,strong,194,sep_univariate,1.7346010553881064,1.7346010553881064,1.645587473177605,2.1452671617620336,True,1.0097052814534078,0.062288433994832006,0.0,0.046197248566679935,10
k10_thr,strong,194,adaptshrink_dta,1.7346010553881064,1.7346010553881064,1.689329103719634,2.1590176373154963,True,1.0985970069455728,0.0717719870516913,-0.00793219163418453,0.048339762605597324,10
k10_thr,strong,195,reitsma,1.7346010553881064,1.7346010553881064,2.015185838327264,1.7031198927760223,True,0.47555494481918853,0.035546130453492225,-0.0121827754395728,0.022132814998712724,10
k10_thr,strong,195,reitsma_indep,1.7346010553881064,1.7346010553881064,2.037394900222116,1.684062844424618,True,0.5012814206707048,0.0378776709399716,0.0,0.018724671911097772,10
k10_thr,strong,195,sep_univariate,1.7346010553881064,1.7346010553881064,2.038950232165214,1.6978625829736078,True,0.545743132112528,0.038437327078803006,0.0,0.02187044630672967,10
k10_thr,strong,195,adaptshrink_dta,1.7346010553881064,1.7346010553881064,2.034820581412003,1.7037566326814009,True,0.5421084086510567,0.03712275421199646,-0.0026062577051300484,0.022527256136032896,10
k10_thr,strong,196,reitsma,1.7346010553881064,1.7346010553881064,1.6811934785096279,1.8060494042327797,True,0.4495238241824833,0.06106125848856355,0.00330846493744197,0.009519843750853211,10
k10_thr,strong,196,reitsma_indep,1.7346010553881064,1.7346010553881064,1.6723576028812621,1.8133909602248592,True,0.4453713386152251,0.060686504342555965,0.0,0.009225431213216876,10
k10_thr,strong,196,sep_univariate,1.7346010553881064,1.7346010553881064,1.6729052510253828,1.8773025849652656,True,0.6140079368456897,0.06105229912897127,0.0,0.017429310767745575,10
k10_thr,strong,196,adaptshrink_dta,1.7346010553881064,1.7346010553881064,1.6750277745952578,1.815185624668522,True,0.4555831028806515,0.06111168534799631,0.0007154350920614413,0.009594547721771205,10
k10_thr,strong,197,reitsma,1.7346010553881064,1.7346010553881064,1.4184987250462533,1.9732998273675495,True,0.9296450229886506,0.09172921718142732,-0.06042234561612387,0.06639300806508158,10
k10_thr,strong,197,reitsma_indep,1.7346010553881064,1.7346010553881064,1.6104170674385951,1.7895270477016418,True,1.156037618543677,0.1308564304613113,0.0,0.028825916942345885,10
k10_thr,strong,197,sep_univariate,1.7346010553881064,1.7346010553881064,1.6558468451662445,1.8367745936303164,True,1.5454327548598583,0.17023569423507365,0.0,0.03959896785401457,10
k10_thr,strong,197,adaptshrink_dta,1.7346010553881064,1.7346010553881064,1.556952282396323,1.9662159406235353,True,1.6220535718474192,0.10190449371748589,-0.012406669403757477,0.07438427090349671,10
k10_thr,strong,198,reitsma,1.7346010553881064,1.7346010553881064,1.7501327434868095,1.6503116922761394,True,0.4303048023534195,0.04261351087727513,-0.02337127957051078,0.02508212634084992,10
k10_thr,strong,198,reitsma_indep,1.7346010553881064,1.7346010553881064,1.7185443854574718,1.6660281430317845,True,0.5753875052809964,0.0329470192596195,0.0,0.028362139631273042,10
k10_thr,strong,198,sep_univariate,1.7346010553881064,1.7346010553881064,1.7357353497232493,1.6717411573816874,True,0.6575918359225221,0.03842648583500895,0.0,0.03176262762494458,10
k10_thr,strong,198,adaptshrink_dta,1.7346010553881064,1.7346010553881064,1.764421539979558,1.6649278387548687,True,0.6534430634889923,0.04686939418266303,-0.004795634874959101,0.026204139901292705,10
k10_thr,strong,199,reitsma,1.7346010553881064,1.7346010553881064,1.8045608571739782,2.110240085911252,True,0.7625162705180034,0.021300881731107828,0.004672984540369536,0.07806846569213434,10
k10_thr,strong,199,reitsma_indep,1.7346010553881064,1.7346010553881064,1.8165033284254226,2.1047111349958065,True,0.756013301934636,0.020946718403059814,0.0,0.07701532393354386,10
k10_thr,strong,199,sep_univariate,1.7346010553881064,1.7346010553881064,1.8165033284254226,2.104049106232218,True,0.7534687827829617,0.020946718403059797,0.0,0.07649777435461669,10
k10_thr,strong,199,adaptshrink_dta,1.7346010553881064,1.7346010553881064,1.8153419610738883,2.1071040675209556,True,0.7686302420690042,0.02136428004021643,0.0010121727280595547,0.07809939733333031,10
k10_thr,strong,200,reitsma,1.7346010553881064,1.7346010553881064,1.519954682693773,2.4330897308076644,True,0.8601907474098346,0.03260833907649186,-0.022609930915335256,0.07972370549915041,10
k10_thr,strong,200,reitsma_indep,1.7346010553881064,1.7346010553881064,1.4373219431772908,2.4005437753958794,True,0.8009551366769168,0.022967048613988184,0.0,0.07883979006204737,10
k10_thr,strong,200,sep_univariate,1.7346010553881064,1.7346010553881064,1.4377631742224384,2.4314845795443123,True,1.0171696776163126,0.023926223368522556,0.0,0.12205256881243959,10
k10_thr,strong,200,adaptshrink_dta,1.7346010553881064,1.7346010553881064,1.4632770126356964,2.4079927996290937,True,0.9899584307898807,0.034712695720783254,-0.004816188933508546,0.08035381799076885,10
k10_thr,strong,201,reitsma,1.7346010553881064,1.7346010553881064,1.5874513801081012,2.2478222690344034,True,1.3822832475596099,0.09507236791974116,-0.008067534704290417,0.057409525027668724,10
k10_thr,strong,201,reitsma_indep,1.7346010553881064,1.7346010553881064,1.5882204175918437,2.2425158086041463,True,1.3790970702791063,0.09544006171925189,0.0,0.05624620522789487,10
k10_thr,strong,201,sep_univariate,1.7346010553881064,1.7346010553881064,1.575704507349851,2.2636887667752883,True,1.480748756649761,0.08933966304455894,0.0,0.0692711998408604,10
k10_thr,strong,201,adaptshrink_dta,1.7346010553881064,1.7346010553881064,1.5881521577374595,2.246595573774797,True,1.3896518320643114,0.09513989363498632,-0.0037643588077234196,0.05743957485825024,10
k10_thr,strong,202,reitsma,1.7346010553881064,1.7346010553881064,2.1359410489792787,1.5127173234486977,True,0.3967092858576569,0.04027176469372413,4.722587429609506e-24,0.011030071780650616,10
k10_thr,strong,202,reitsma_indep,1.7346010553881064,1.7346010553881064,2.135941048979278,1.5127173234487008,True,0.39670928585766746,0.04027176469372407,0.0,0.011030071780651216,10
k10_thr,strong,202,sep_univariate,1.7346010553881064,1.7346010553881064,2.135941048979278,1.5661002186832884,True,0.5731976523722965,0.040271764693724066,0.0,0.023027267831182526,10
k10_thr,strong,202,adaptshrink_dta,1.7346010553881064,1.7346010553881064,2.1359410489798534,1.5127173234495843,True,0.39670928586115006,0.040271764693889635,1.0232272764104457e-24,0.011030071780799535,10
k10_thr,strong,203,reitsma,1.7346010553881064,1.7346010553881064,2.221314279352383,1.564076217115228,True,1.100416733178971,0.10802735063362004,-0.0231646160652664,0.03660568456612134,9
k10_thr,strong,203,reitsma_indep,1.7346010553881064,1.7346010553881064,2.180081826517823,1.5771011587901416,True,1.1605050681098348,0.10138935115849759,0.0,0.03749177534302897,9
k10_thr,strong,203,sep_univariate,1.7346010553881064,1.7346010553881064,2.2080725454243053,1.5850522510168672,True,1.3154755251864834,0.11298074914282079,0.0,0.04323100795605384,9
k10_thr,strong,203,adaptshrink_dta,1.7346010553881064,1.7346010553881064,2.219749564047383,1.572970301240901,True,1.186191790695994,0.11054613326820126,-0.009875624666560957,0.03680754886467474,9
k10_thr,strong,204,reitsma,1.7346010553881064,1.7346010553881064,1.7709525622987994,1.6513525009006818,True,0.9413697176298912,0.06102465815332203,-0.019605670334389667,0.047286107722495786,10
k10_thr,strong,204,reitsma_indep,1.7346010553881064,1.7346010553881064,1.8079678354254998,1.6355362989445716,True,1.044347990845844,0.06829024668881106,0.0,0.04507814710929456,10
k10_thr,strong,204,sep_univariate,1.7346010553881064,1.7346010553881064,1.8401971604502547,1.6419408076198458,True,1.233894182829528,0.08879977125150647,0.0,0.04839252169364311,10
k10_thr,strong,204,adaptshrink_dta,1.7346010553881064,1.7346010553881064,1.790035371854824,1.6486459570617216,True,1.005263071369229,0.06179547285264911,-0.009132303072532957,0.04750654250833552,10
k10_thr,strong,205,reitsma,1.7346010553881064,1.7346010553881064,1.6498085634019457,2.264183617915455,True,0.7431161864263013,0.030579698901860877,-0.00847484259178316,0.05331869850225924,10
k10_thr,strong,205,reitsma_indep,1.7346010553881064,1.7346010553881064,1.6534958733488354,2.253478255004057,True,0.7162933626709624,0.0281880971426314,0.0,0.051374825676194495,10
k10_thr,strong,205,sep_univariate,1.7346010553881064,1.7346010553881064,1.6534958733488352,2.264513164789151,True,0.7409016555855903,0.028188097142631378,0.0,0.05496543101971702,10
k10_thr,strong,205,adaptshrink_dta,1.7346010553881064,1.7346010553881064,1.6631408595305481,2.2625287032561663,True,0.7636912804790851,0.03082377359392058,-0.0018337650721182855,0.05351436539681294,10
k10_thr,strong,206,reitsma,1.7346010553881064,1.7346010553881064,1.6617195351573686,1.922686788234363,True,0.8379178542531924,0.0344574164977178,-0.01973099849654638,0.06880982684956008,10
k10_thr,strong,206,reitsma_indep,1.7346010553881064,1.7346010553881064,1.6213882831265194,1.9345869859600286,True,0.8123086949206618,0.0265526671838024,0.0,0.07014041300990116,10
k10_thr,strong,206,sep_univariate,1.7346010553881064,1.7346010553881064,1.6350858184861463,1.9315922205072504,True,0.8441595426858826,0.029261379559826987,0.0,0.0687366778025247,10
k10_thr,strong,206,adaptshrink_dta,1.7346010553881064,1.7346010553881064,1.6651298069858627,1.9338468446918995,True,0.9377247364791661,0.035807995515637535,-0.001962992114073889,0.06941906383779392,10
k10_thr,strong,207,reitsma,1.7346010553881064,1.7346010553881064,1.9531621668197303,1.983813694333554,True,0.658246573021221,0.039441642595410116,-0.010938390815104353,0.034040322130783694,10
k10_thr,strong,207,reitsma_indep,1.7346010553881064,1.7346010553881064,1.9667148036507476,1.9599380995195415,True,0.6309091768537641,0.03782610265360336,0.0,0.02970136159192384,10
k10_thr,strong,207,sep_univariate,1.7346010553881064,1.7346010553881064,2.0060043793045703,1.9826160506068078,True,0.750199805250859,0.045613674508199746,0.0,0.03482515851530608,10
k10_thr,strong,207,adaptshrink_dta,1.7346010553881064,1.7346010553881064,1.981248083091862,1.9845522548173882,True,0.7048647617651393,0.0408974811320485,-0.0023465448506680125,0.03442320060649592,10
k10_thr,strong,208,reitsma,1.7346010553881064,1.7346010553881064,1.3716302006089416,2.0618837503773744,True,0.3623837301969723,0.023366920163639688,4.727854582223829e-26,0.015862446647547237,9
k10_thr,strong,208,reitsma_indep,1.7346010553881064,1.7346010553881064,1.371630200608942,2.061883750377375,True,0.36238373019697484,0.02336692016364001,0.0,0.01586244664754724,9
k10_thr,strong,208,sep_univariate,1.7346010553881064,1.7346010553881064,1.3716302006089414,2.0618837503773744,True,0.3623837301969723,0.023366920163639684,0.0,0.015862446647547237,9
k10_thr,strong,208,adaptshrink_dta,1.7346010553881064,1.7346010553881064,1.3716302006091372,2.061883750377467,True,0.36238373019952963,0.023366920163780038,8.442597468245573e-27,0.015862446647675842,9
k10_thr,strong,209,reitsma,1.7346010553881064,1.7346010553881064,1.3577201970714363,1.9755004353972225,True,0.4332109545818537,0.011780814124133997,-0.004943974687085466,0.047038067736736265,10
k10_thr,strong,209,reitsma_indep,1.7346010553881064,1.7346010553881064,1.3633694230407645,1.9793224262867672,True,0.4510004969817036,0.012174906532957082,0.0,0.047154448732744735,10
k10_thr,strong,209,sep_univariate,1.7346010553881064,1.7346010553881064,1.3649788333261939,1.990158543866827,True,0.507719550244665,0.01254684726627172,0.0,0.057989241597822115,10
k10_thr,strong,209,adaptshrink_dta,1.7346010553881064,1.7346010553881064,1.3607878196964498,1.9781082888712855,True,0.44311754667115416,0.011888747935342192,-0.0023050414530141976,0.047063022733492874,10
k10_thr,strong,210,reitsma,1.7346010553881064,1.7346010553881064,1.0045182632678198,2.0077151564224387,True,0.8498909133472523,0.05569775813445102,-0.02763576904154314,0.050315671006100716,10
k10_thr,strong,210,reitsma_indep,1.7346010553881064,1.7346010553881064,0.9351783779510593,2.009576239078347,True,0.9659747404900522,0.04799998887527827,0.0,0.05486869997264082,10
k10_thr,strong,210,sep_univariate,1.7346010553881064,1.7346010553881064,0.9473427518384584,2.00590922361004,True,1.0156757206680216,0.05510823097357095,0.0,0.052835757571514035,10
k10_thr,strong,210,adaptshrink_dta,1.7346010553881064,1.7346010553881064,0.979213683403086,2.0107078914024936,True,0.9842417164750077,0.056958247694480414,-0.012870821342503827,0.05091282708989824,10
k10_thr,strong,211,reitsma,1.7346010553881064,1.7346010553881064,2.1085529142770936,1.4752853418798666,True,0.8799659463348503,0.04908718347851879,-0.01890016817844029,0.05180156218430686,10
k10_thr,strong,211,reitsma_indep,1.7346010553881064,1.7346010553881064,2.1181121897338273,1.469734514237818,True,0.9462998525809748,0.050360654335851116,0.0,0.05018806450943946,10
k10_thr,strong,211,sep_univariate,1.7346010553881064,1.7346010553881064,2.1375708309726895,1.4729359334900245,True,1.0278469275535593,0.056776377873200425,0.0,0.05251984894464815,10
k10_thr,strong,211,adaptshrink_dta,1.7346010553881064,1.7346010553881064,2.120778732496573,1.4761843522577769,True,0.9448644450727658,0.050001747150304074,-0.008810149557114936,0.05194739607914265,10
k10_thr,strong,212,reitsma,1.7346010553881064,1.7346010553881064,1.9175749826699509,1.8000717776817163,True,0.9015835859144962,0.0830930100436595,-0.0407134868553793,0.04755956207781395,10
k10_thr,strong,212,reitsma_indep,1.7346010553881064,1.7346010553881064,1.8572507182228977,1.7645482685114717,True,1.1380250207208606,0.0808633706219032,0.0,0.045204955712281614,10
k10_thr,strong,212,sep_univariate,1.7346010553881064,1.7346010553881064,1.861222050248159,1.775275030978217,True,1.2152789384662919,0.08230647610854612,0.0,0.050646822265143186,10
k10_thr,strong,212,adaptshrink_dta,1.7346010553881064,1.7346010553881064,1.9044864017985672,1.7848488263094024,True,1.2384624680113743,0.08972216400382488,-0.008768946011197992,0.049107351258777805,10
k10_thr,strong,213,reitsma,1.7346010553881064,1.7346010553881064,1.9888038522764122,1.9261661931260374,True,0.521438547987069,0.03244287375378812,-0.019499165751509066,0.03537450434897829,10
k10_thr,strong,213,reitsma_indep,1.7346010553881064,1.7346010553881064,1.8818465504444601,1.8535626825654832,True,0.4319475915300777,0.017422659276639475,0.0,0.030226087624416236,10
k10_thr,strong,213,sep_univariate,1.7346010553881064,1.7346010553881064,1.9010543586492574,1.8839398504445795,True,0.6307920900320274,0.02651512790464164,0.0,0.04235581258797499,10
k10_thr,strong,213,adaptshrink_dta,1.7346010553881064,1.7346010553881064,1.9262202294325632,1.8830594931459872,True,0.6828829352384351,0.03610415740052749,-0.004037624525049432,0.036907585174669306,10
k10_thr,strong,214,reitsma,1.7346010553881064,1.7346010553881064,1.7584452726421091,1.680469439666129,True,0.6939695041005296,0.049264044618868796,-0.04366062571582594,0.06628666797941003,10
k10_thr,strong,214,reitsma_indep,1.7346010553881064,1.7346010553881064,1.6470458893860227,1.6669045798806457,True,0.882771523388761,0.03478209279624681,0.0,0.06323757213751523,10
k10_thr,strong,214,sep_univariate,1.7346010553881064,1.7346010553881064,1.663418211173479,1.6489794854836815,True,0.8394994420503772,0.040321950982715585,0.0,0.049332548697190406,10
k10_thr,strong,214,adaptshrink_dta,1.7346010553881064,1.7346010553881064,1.717132253572289,1.6788596713835038,True,1.1196136582406597,0.05383689041578596,-0.009383905320256736,0.06735459723485052,10
k10_thr,strong,215,reitsma,1.7346010553881064,1.7346010553881064,2.3752018903598793,2.0106398845291844,True,1.431407309631304,0.10689666927099756,-0.059900998085969714,0.08766624801209505,8
k10_thr,strong,215,reitsma_indep,1.7346010553881064,1.7346010553881064,2.41972391846036,1.8275627597190032,True,1.4206941751716995,0.1369623019304768,0.0,0.041594357484578376,8
k10_thr,strong,215,sep_univariate,1.7346010553881064,1.7346010553881064,2.5026159795277936,1.868304083824115,True,1.99408594165051,0.19724093553916627,0.0,0.05690166265710797,8
k10_thr,strong,215,adaptshrink_dta,1.7346010553881064,1.7346010553881064,2.3818173509415796,1.952336260174495,True,1.9458422755227673,0.11533049256052336,-0.008040424458292703,0.09322334294250724,8
k10_thr,strong,216,reitsma,1.7346010553881064,1.7346010553881064,1.8276435381059646,1.9024470327326124,True,0.8765506819534239,0.07195028373809749,-0.04660111627086751,0.0603237143902079,10
k10_thr,strong,216,reitsma_indep,1.7346010553881064,1.7346010553881064,1.8063537800712626,1.9016222006983046,True,1.2327089643836247,0.06905330462594934,0.0,0.06211134134760188,10
k10_thr,strong,216,sep_univariate,1.7346010553881064,1.7346010553881064,1.8183698643400603,1.9191048855253032,True,1.4206573061995678,0.075416995210318,0.0,0.07553421153511829,10
k10_thr,strong,216,adaptshrink_dta,1.7346010553881064,1.7346010553881064,1.8330282300385246,1.908625793996172,True,1.2758684147899986,0.07612747590882664,-0.010093421036725687,0.06169204267951555,10
k10_thr,strong,217,reitsma,1.7346010553881064,1.7346010553881064,1.7278685889840357,1.8473378051149456,True,0.8184923306736197,0.03803960423303592,-0.02112385796221189,0.06143847615701003,10
k10_thr,strong,217,reitsma_indep,1.7346010553881064,1.7346010553881064,1.7608544059786722,1.8430725589079948,True,1.0337314630719299,0.05177805215226215,0.0,0.058251086200336484,10
k10_thr,strong,217,sep_univariate,1.7346010553881064,1.7346010553881064,1.7877490475956406,1.8477131599844463,True,1.1231593699206786,0.05754748310286472,0.0,0.06187150810078268,10
k10_thr,strong,217,adaptshrink_dta,1.7346010553881064,1.7346010553881064,1.7163380579189405,1.8508313739792348,True,0.9462477233051388,0.041289775650783365,-0.004587025724509385,0.06171663743416244,10
k10_thr,strong,218,reitsma,1.7346010553881064,1.7346010553881064,1.8204069386761803,1.7799818196758022,True,0.7097823066677555,0.05651876719432421,-0.035744068035809734,0.047764476283997964,10
k10_thr,strong,218,reitsma_indep,1.7346010553881064,1.7346010553881064,1.6680300336546923,1.788806075347851,True,0.8287388208778577,0.04131363870864095,0.0,0.046921964425899305,10
k10_thr,strong,218,sep_univariate,1.7346010553881064,1.7346010553881064,1.6941579082103997,1.7909037475037124,True,0.9057146896281814,0.04719093055802955,0.0,0.04906350258524623,10
k10_thr,strong,218,adaptshrink_dta,1.7346010553881064,1.7346010553881064,1.7790940892249025,1.7931002285175688,True,1.0408906121125336,0.0638945297036379,-0.007506063550043222,0.0487426713411757,10
k10_thr,strong,219,reitsma,1.7346010553881064,1.7346010553881064,1.5755862615015366,1.7902911504284915,True,0.45486526470001964,0.049095266464101874,-0.008030366613520015,0.013208386663478998,10
k10_thr,strong,219,reitsma_indep,1.7346010553881064,1.7346010553881064,1.5672706916399282,1.7916748050393982,True,0.5061547937769943,0.052061720189727496,0.0,0.013889367274054341,10
k10_thr,strong,219,sep_univariate,1.7346010553881064,1.7346010553881064,1.5874727164590183,1.7964256508147078,True,0.5993935936685795,0.060537692485158466,0.0,0.01675068600512199,10
k10_thr,strong,219,adaptshrink_dta,1.7346010553881064,1.7346010553881064,1.570335057924689,1.790848720847157,True,0.477716013260123,0.049470278287006314,-0.0037403191571192865,0.013303351279498426,10
k10_thr,strong,220,reitsma,1.7346010553881064,1.7346010553881064,2.014487166248544,1.756966716681065,True,0.4324078878668602,0.031197031376116246,0.0026589230114499244,0.017143030398943625,10
k10_thr,strong,220,reitsma_indep,1.7346010553881064,1.7346010553881064,2.0032825317108682,1.754788423843594,True,0.42515009595715075,0.030089770339528633,0.0,0.01695508443237961,10
k10_thr,strong,220,sep_univariate,1.7346010553881064,1.7346010553881064,2.0032825317108673,1.7601941901707392,True,0.4408139517978327,0.030089770339528556,0.0,0.018227455933896262,10
k10_thr,strong,220,adaptshrink_dta,1.7346010553881064,1.7346010553881064,2.008080291307136,1.7562186331664438,True,0.43642715113582836,0.03132667943199041,0.0005746036432016312,0.017171572556967083,10
k10_thr,strong,221,reitsma,1.7346010553881064,1.7346010553881064,1.4389618855374655,1.791111891706804,True,0.46165370554470414,0.020987346983856296,-0.0027439500787532958,0.029020942792798876,10
k10_thr,strong,221,reitsma_indep,1.7346010553881064,1.7346010553881064,1.4221108553079937,1.7951207934138544,True,0.45965814142221606,0.020507901365263006,0.0,0.029079233874139968,10
k10_thr,strong,221,sep_univariate,1.7346010553881064,1.7346010553881064,1.422110855307993,1.7970276781189067,True,0.48795009597632727,0.02050790136526294,0.0,0.032769050862328175,10
k10_thr,strong,221,adaptshrink_dta,1.7346010553881064,1.7346010553881064,1.4275997405307452,1.7943039473003615,True,0.465653175899429,0.021089441293667462,-0.0005939611695831614,0.029036522663803344,10
k10_thr,strong,222,reitsma,1.7346010553881064,1.7346010553881064,2.3910666196967196,1.4846880509275102,True,0.7120373561963492,0.06366910712771719,-0.015932649280565023,0.026462597308047325,10
k10_thr,strong,222,reitsma_indep,1.7346010553881064,1.7346010553881064,2.24045817586134,1.4488960369012343,True,0.6032656113543858,0.04507897656868622,0.0,0.022786486113849053,10
k10_thr,strong,222,sep_univariate,1.7346010553881064,1.7346010553881064,2.2418972463219466,1.4520503651908676,True,0.6514031819304057,0.04592121639877132,0.0,0.02608078354326864,10
k10_thr,strong,222,adaptshrink_dta,1.7346010553881064,1.7346010553881064,2.3007008982620962,1.4589356889961518,True,0.7939865869895203,0.06683469433677336,-0.0034175119039565943,0.026797850923074126,10
k10_thr,strong,223,reitsma,1.7346010553881064,1.7346010553881064,1.9414494446630848,1.6530793721069676,True,0.7096806761363212,0.04075855824782471,-0.013563949969789563,0.039391100837911794,8
k10_thr,strong,223,reitsma_indep,1.7346010553881064,1.7346010553881064,1.897880926193913,1.6399576329137138,True,0.6794777968847066,0.03353420944477836,0.0,0.03885945759761461,8
k10_thr,strong,223,sep_univariate,1.7346010553881064,1.7346010553881064,1.9742930848937854,1.6469521909103562,True,1.0369407991953534,0.07101315118241061,0.0,0.042736938425146975,8
k10_thr,strong,223,adaptshrink_dta,1.7346010553881064,1.7346010553881064,1.9250324048741783,1.6440573807382317,True,0.7815164004158407,0.04358048914871523,-0.0017989777517238672,0.039630806429290226,8
k10_thr,strong,224,reitsma,1.7346010553881064,1.7346010553881064,1.9514796074164928,1.8002684518654444,True,0.9591340369616884,0.06694438528347335,-0.023474557915925866,0.047017864709360625,10
k10_thr,strong,224,reitsma_indep,1.7346010553881064,1.7346010553881064,1.8576950941720214,1.7939977768898807,True,0.9588063677463246,0.053813316613488905,0.0,0.04821768184450445,10
k10_thr,strong,224,sep_univariate,1.7346010553881064,1.7346010553881064,1.8850020310136182,1.8035066068553014,True,1.1092550443516556,0.06378176132746537,0.0,0.05445033844950502,10
k10_thr,strong,224,adaptshrink_dta,1.7346010553881064,1.7346010553881064,1.9294503035532535,1.79841632212592,True,1.0529169130490836,0.06867113166902739,-0.010923297751426102,0.04730430636306435,10
k10_thr,strong,225,reitsma,1.7346010553881064,1.7346010553881064,1.9193184506996537,1.825328564956096,True,1.1032118412394034,0.05650879267848172,-0.043793777442948795,0.09473031073630038,9
k10_thr,strong,225,reitsma_indep,1.7346010553881064,1.7346010553881064,1.7362102560894015,1.7953899908194744,True,1.234762847677898,0.04637742972053397,0.0,0.09278861628291935,9
k10_thr,strong,225,sep_univariate,1.7346010553881064,1.7346010553881064,1.7662629056830714,1.7934780795778626,True,1.3276519044248116,0.055177420903956595,0.0,0.09016569105553275,9
k10_thr,strong,225,adaptshrink_dta,1.7346010553881064,1.7346010553881064,1.8054645250924752,1.8012687572465655,True,1.463725106428033,0.06344786538605728,-0.004360885563915714,0.09560925440986415,9
k10_thr,strong,226,reitsma,1.7346010553881064,1.7346010553881064,1.768481737082645,2.0970584272387516,True,0.5395822227714214,0.045123160132148274,-0.021110472014085897,0.02808802853838594,10
k10_thr,strong,226,reitsma_indep,1.7346010553881064,1.7346010553881064,1.7237838588990175,2.1373129033539824,True,0.6504131297804335,0.039808573189342035,0.0,0.029994128958553745,10
k10_thr,strong,226,sep_univariate,1.7346010553881064,1.7346010553881064,1.7387609885347344,2.139241122294603,True,0.6927077875751876,0.04316555322005688,0.0,0.03137596528615879,10
k10_thr,strong,226,adaptshrink_dta,1.7346010553881064,1.7346010553881064,1.7678760599651662,2.134822223193798,True,0.6997340022034026,0.04825426241163056,-0.0024047251474224904,0.02875927948556682,10
k10_thr,strong,227,reitsma,1.7346010553881064,1.7346010553881064,2.0053667281263183,1.7725507021449436,True,0.9087742135194201,0.09249524795677994,-0.06179208951156334,0.06648215824090585,10
k10_thr,strong,227,reitsma_indep,1.7346010553881064,1.7346010553881064,1.9141574422573917,1.7302582946972846,True,1.464924197853542,0.10278382743105725,0.0,0.058930453982693136,10
k10_thr,strong,227,sep_univariate,1.7346010553881064,1.7346010553881064,1.9410589406677887,1.7255861555515046,True,1.5114326656208068,0.12140734864149884,0.0,0.053108850346061026,10
k10_thr,strong,227,adaptshrink_dta,1.7346010553881064,1.7346010553881064,1.9406012550734304,1.7436494192271204,True,1.5447051262584945,0.10214848348716177,-0.013331314376680755,0.06767144427228106,10
k10_thr,strong,228,reitsma,1.7346010553881064,1.7346010553881064,1.5290489417223572,2.219163493748644,True,0.7315542643629415,0.05139720224836479,-0.040241292172495016,0.06089601219069692,10
k10_thr,strong,228,reitsma_indep,1.7346010553881064,1.7346010553881064,1.4635798281011967,2.2410631545096162,True,1.199807369252338,0.05396411936103581,0.0,0.07529258758754158,10
k10_thr,strong,228,sep_univariate,1.7346010553881064,1.7346010553881064,1.4652076153184128,2.2376928854840674,True,1.1873417651073332,0.05462278551575211,0.0,0.0728470404678245,10
k10_thr,strong,228,adaptshrink_dta,1.7346010553881064,1.7346010553881064,1.4863694490289066,2.2306678888927673,True,1.0938897902245268,0.05500360973248813,-0.008702167334997226,0.06277986522468589,10
k10_thr,strong,229,reitsma,1.7346010553881064,1.7346010553881064,2.0273313285945163,1.9933043704275206,True,0.7163687745806708,0.08258489051360979,-0.028924841603047712,0.027669831211487184,9
k10_thr,strong,229,reitsma_indep,1.7346010553881064,1.7346010553881064,1.9119719504155999,1.9610679714971269,True,0.7501279740845986,0.0665330069437148,0.0,0.02387084751303019,9
k10_thr,strong,229,sep_univariate,1.7346010553881064,1.7346010553881064,1.928704533758328,1.9709743315567274,True,0.8529469096950912,0.0730175284451166,0.0,0.028122319533926545,9
k10_thr,strong,229,adaptshrink_dta,1.7346010553881064,1.7346010553881064,1.9790705082715074,1.9778668054119226,True,0.9327866183251043,0.08725716998748273,-0.005132305976038771,0.02844664626878022,9
k10_thr,strong,230,reitsma,1.7346010553881064,1.7346010553881064,1.8296862142228858,1.9645163673060104,True,0.9364247606324454,0.05498441383455558,-0.04746843330052845,0.08599309183347717,10
k10_thr,strong,230,reitsma_indep,1.7346010553881064,1.7346010553881064,1.785272111541953,1.9659194265912197,True,1.2555931782982697,0.05338677823789911,0.0,0.08334862676592143,10
k10_thr,strong,230,sep_univariate,1.7346010553881064,1.7346010553881064,1.8096050097040672,1.9672786728912348,True,1.3610362033380532,0.06182818370598434,0.0,0.08456431461843154,10
k10_thr,strong,230,adaptshrink_dta,1.7346010553881064,1.7346010553881064,1.8212211884277614,1.974115647971004,True,1.3824950595228243,0.061975983379382524,-0.004712582365491577,0.08740217420922637,10
k10_thr,strong,231,reitsma,1.7346010553881064,1.7346010553881064,1.7060729607915843,1.798381825252394,True,1.006510807415353,0.07763169591291115,-0.026864069831872874,0.04612875506493361,10
k10_thr,strong,231,reitsma_indep,1.7346010553881064,1.7346010553881064,1.733160579586225,1.7807571622152656,True,1.165108856298721,0.08923811293321329,0.0,0.042935536690696635,10
k10_thr,strong,231,sep_univariate,1.7346010553881064,1.7346010553881064,1.7823342534937634,1.7836061267217573,True,1.3623448160931042,0.11651368484099435,0.0,0.04496052943063656,10
k10_thr,strong,231,adaptshrink_dta,1.7346010553881064,1.7346010553881064,1.7175861201101439,1.793611433791032,True,1.118261523262755,0.07955447253250579,-0.012532713101425275,0.04634098544494708,10
k10_thr,strong,232,reitsma,1.7346010553881064,1.7346010553881064,2.0296440845201555,1.7040119401035618,True,0.8022746768140723,0.062474006849148965,-0.03164137727350172,0.0451046005480717,10
k10_thr,strong,232,reitsma_indep,1.7346010553881064,1.7346010553881064,2.080407512730187,1.6991857906726953,True,1.0604142932248708,0.07347524278351489,0.0,0.043196084590998156,10
k10_thr,strong,232,sep_univariate,1.7346010553881064,1.7346010553881064,2.0983433057838,1.7076729104754202,True,1.1439142806854854,0.07944512452919571,0.0,0.04648940419930904,10
k10_thr,strong,232,adaptshrink_dta,1.7346010553881064,1.7346010553881064,2.071923688102199,1.715596910166687,True,1.05337538507976,0.06827885483573416,-0.006759152444847266,0.04653759336208233,10
k10_thr,strong,233,reitsma,1.7346010553881064,1.7346010553881064,1.63371328829592,1.9044669495850273,True,0.4441970739944368,0.030869611696179248,-0.017858349332107854,0.028371962273955144,10
k10_thr,strong,233,reitsma_indep,1.7346010553881064,1.7346010553881064,1.5939520297241452,1.8974489048241672,True,0.5189029042326617,0.027737819130313885,0.0,0.027398965012267316,10
k10_thr,strong,233,sep_univariate,1.7346010553881064,1.7346010553881064,1.6168862336353609,1.903702201944921,True,0.620887878181246,0.034464347297893085,0.0,0.03157116230998138,10
k10_thr,strong,233,adaptshrink_dta,1.7346010553881064,1.7346010553881064,1.6212515748590974,1.9034511423576137,True,0.5743148988113509,0.032886155457600375,-0.003839224256185496,0.028756993400323356,10
k10_thr,strong,234,reitsma,1.7346010553881064,1.7346010553881064,2.018870620135027,1.7715796243805275,True,0.6366462780407687,0.02931729572578295,-0.01859144133909992,0.050811437641573615,10
k10_thr,strong,234,reitsma_indep,1.7346010553881064,1.7346010553881064,1.9573891768330751,1.7518075806698814,True,0.724280074613067,0.030605319317772675,0.0,0.048378280384896735,10
k10_thr,strong,234,sep_univariate,1.7346010553881064,1.7346010553881064,1.9783979512830827,1.7596265583280262,True,0.8912586579176875,0.03687310114574041,0.0,0.060803996549876206,10
k10_thr,strong,234,adaptshrink_dta,1.7346010553881064,1.7346010553881064,1.9848947417472058,1.7617871639758473,True,0.7296921597404401,0.030981905093870422,-0.008651491015022628,0.050922993295715174,10
k10_thr,strong,235,reitsma,1.7346010553881064,1.7346010553881064,1.4969942022377956,1.7512217534312862,True,0.8950539434825199,0.07213225183628717,-0.05018107676413918,0.06625756992991466,10
k10_thr,strong,235,reitsma_indep,1.7346010553881064,1.7346010553881064,1.3668356540226017,1.6714449706544574,True,1.113794400902614,0.062323316728082785,0.0,0.05618155687862935,10
k10_thr,strong,235,sep_univariate,1.7346010553881064,1.7346010553881064,1.3831602691071399,1.6512888640889267,True,1.1022086975851804,0.07216950200222885,0.0,0.047512537557776055,10
k10_thr,strong,235,adaptshrink_dta,1.7346010553881064,1.7346010553881064,1.41649025775075,1.7107387695563347,True,1.3647700057118164,0.07812842972270415,-0.010742100577253914,0.06876596753875762,10
k10_thr,strong,236,reitsma,1.7346010553881064,1.7346010553881064,1.828503023141179,1.8387117778646198,True,0.8536631737503128,0.045377021171521426,-0.029400769312121905,0.06437790773968638,10
k10_thr,strong,236,reitsma_indep,1.7346010553881064,1.7346010553881064,1.7633872593482403,1.8878870636471605,True,1.0439819152915284,0.03836243898838588,0.0,0.08018885406380528,10
k10_thr,strong,236,sep_univariate,1.7346010553881064,1.7346010553881064,1.7948357416896246,1.8253398789453874,True,0.9532032296911417,0.04519698958966817,0.0,0.05674084097305294,10
k10_thr,strong,236,adaptshrink_dta,1.7346010553881064,1.7346010553881064,1.8406603075460788,1.8684060550757653,True,1.0313098259704514,0.048241779286329924,-0.013583635593331658,0.0660532896744375,10
k10_thr,strong,237,reitsma,1.7346010553881064,1.7346010553881064,2.154858205433774,1.204848436936571,True,0.5458486464365339,0.04817615192536223,-0.018378917415581737,0.024467524865680868,10
k10_thr,strong,237,reitsma_indep,1.7346010553881064,1.7346010553881064,2.129661513788326,1.2246039315900321,True,0.6008091518087008,0.039212971241014166,0.0,0.025982300116886306,10
k10_thr,strong,237,sep_univariate,1.7346010553881064,1.7346010553881064,2.1302238641284723,1.2380233281255415,True,0.6842131786567374,0.03931710285607464,0.0,0.03360745517619434,10
k10_thr,strong,237,adaptshrink_dta,1.7346010553881064,1.7346010553881064,2.1868089965338546,1.2216507185181313,True,0.6746785850422286,0.05212489744199762,-0.0018055922350373253,0.02471061440725096,10
k10_thr,strong,238,reitsma,1.7346010553881064,1.7346010553881064,1.952281411358305,1.8849435705433368,True,0.46587945647459517,0.029328801912819735,-0.006408077645582514,0.02228763589128061,10
k10_thr,strong,238,reitsma_indep,1.7346010553881064,1.7346010553881064,1.9414777872096571,1.87817185782737,True,0.4475802461364308,0.02565463626370106,0.0,0.022039930818534708,10
k10_thr,strong,238,sep_univariate,1.7346010553881064,1.7346010553881064,1.941477787209657,1.8846898212557277,True,0.46557377940849015,0.025654636263700535,0.0,0.023847641377115137,10
k10_thr,strong,238,adaptshrink_dta,1.7346010553881064,1.7346010553881064,1.9460701982163964,1.8818266059230335,True,0.4910610741592452,0.030327040601051746,-0.0013581690380606414,0.02250353207364114,10
k10_thr,strong,239,reitsma,1.7346010553881064,1.7346010553881064,1.8648542982767913,1.2589855614582477,True,0.6479686165946997,0.04340822214140869,-0.02375860631405713,0.04030426482377315,10
k10_thr,strong,239,reitsma_indep,1.7346010553881064,1.7346010553881064,1.7805405982295943,1.2642083802614767,True,0.6853960706910438,0.03427292625892798,0.0,0.03868711113528163,10
k10_thr,strong,239,sep_univariate,1.7346010553881064,1.7346010553881064,1.8385128136907014,1.2651434901276508,True,0.8240867341703846,0.0481799507845645,0.0,0.03978448687618375,10
k10_thr,strong,239,adaptshrink_dta,1.7346010553881064,1.7346010553881064,1.8742550825842714,1.2674718382421606,True,0.7940718969636162,0.04699885864062964,-0.011019251701173578,0.04045104786603516,10
k10_thr,strong,240,reitsma,1.7346010553881064,1.7346010553881064,2.001999541248484,1.5404053316072797,True,0.6093917975420724,0.054244244650160915,-0.020874944685456972,0.027356322647311786,10
k10_thr,strong,240,reitsma_indep,1.7346010553881064,1.7346010553881064,1.8873220529320656,1.5445033207927088,True,0.727081432388188,0.04919090182815283,0.0,0.03033301574482009,10
k10_thr,strong,240,sep_univariate,1.7346010553881064,1.7346010553881064,1.9087386897487637,1.5460792125670917,True,0.7912502945320932,0.055522175140799476,0.0,0.031826989772602725,10
k10_thr,strong,240,adaptshrink_dta,1.7346010553881064,1.7346010553881064,1.9407402364398831,1.5436275723731208,True,0.7469576244615594,0.057689752328289996,-0.004496911612411374,0.027648325993991998,10
k10_thr,strong,241,reitsma,1.7346010553881064,1.7346010553881064,1.5740653717615936,2.003380504571808,True,0.5617508634626498,0.026048436318221544,0.00032513856351147456,0.03419728673857858,10
k10_thr,strong,241,reitsma_indep,1.7346010553881064,1.7346010553881064,1.5735474296232559,2.0034381007770063,True,0.559890796012782,0.025898864917412983,0.0,0.034163329756399796,10
k10_thr,strong,241,sep_univariate,1.7346010553881064,1.7346010553881064,1.5937514602108165,2.009888526611048,True,0.6760478202447406,0.03481536519971026,0.0,0.03705255371267359,10
k10_thr,strong,241,adaptshrink_dta,1.7346010553881064,1.7346010553881064,1.5739822468365927,2.0034557518858396,True,0.5617829382762557,0.02604889524850204,0.00015173074033216164,0.03419741449277647,10
k10_thr,strong,242,reitsma,1.7346010553881064,1.7346010553881064,1.7261608624313474,1.6578163511968538,True,0.6167912685927489,0.05114217067580242,-0.03515364486798007,0.04515935323816685,10
k10_thr,strong,242,reitsma_indep,1.7346010553881064,1.7346010553881064,1.7632638767532687,1.6727128078019258,True,0.9527432680595507,0.05358669673921922,0.0,0.04781113548018838,10
k10_thr,strong,242,sep_univariate,1.7346010553881064,1.7346010553881064,1.7772660293773461,1.6596097214408985,True,0.9523986657551693,0.06364174618691011,0.0,0.040228119945160935,10
k10_thr,strong,242,adaptshrink_dta,1.7346010553881064,1.7346010553881064,1.7716779660683457,1.676711044107563,True,0.929836174615581,0.0540477674651203,-0.0075099857813600455,0.04619472825802795,10
k10_thr,strong,243,reitsma,1.7346010553881064,1.7346010553881064,1.9207455621349778,1.6181288184159157,True,0.562434238614564,0.03232624263026179,-0.022566207315717183,0.04337287877461543,10
k10_thr,strong,243,reitsma_indep,1.7346010553881064,1.7346010553881064,1.928824309438758,1.6105391026222031,True,0.6506009076398752,0.027591635367492626,0.0,0.04329982633652117,10
k10_thr,strong,243,sep_univariate,1.7346010553881064,1.7346010553881064,1.9364548022080421,1.593560942362226,True,0.634223377593638,0.03189089332441872,0.0,0.035600170212108005,10
k10_thr,strong,243,adaptshrink_dta,1.7346010553881064,1.7346010553881064,1.940774272856629,1.6173038014203711,True,0.7210264071770629,0.033998726795834246,-0.0048376827974912825,0.0438476109849957,10
k10_thr,strong,244,reitsma,1.7346010553881064,1.7346010553881064,1.8744754040654183,1.522120907288428,True,0.5247965358883631,0.04171625552739074,-0.016473758882488133,0.025139696089488045,10
k10_thr,strong,244,reitsma_indep,1.7346010553881064,1.7346010553881064,1.7521020153766913,1.5070783130485446,True,0.48350332553610414,0.027807430789134925,0.0,0.023728611889841673,10
k10_thr,strong,244,sep_univariate,1.7346010553881064,1.7346010553881064,1.7608126665746728,1.510711073813063,True,0.5228467544516359,0.029392406903565642,0.0,0.026251126732655502,10
k10_thr,strong,244,adaptshrink_dta,1.7346010553881064,1.7346010553881064,1.8295556468989889,1.5131489586733957,True,0.6236757610097153,0.04369713308064471,-0.0035406607364104913,0.025411484260440355,10
k10_thr,strong,245,reitsma,1.7346010553881064,1.7346010553881064,1.971010339996897,1.9588685733851066,True,1.0450090706963566,0.05438297887641426,-0.05526982059145116,0.11284871684343097,8
k10_thr,strong,245,reitsma_indep,1.7346010553881064,1.7346010553881064,1.8334813627792501,1.9717328757999566,True,0.9888333472007167,0.022905716582282108,0.0,0.12048600158209044,8
k10_thr,strong,245,sep_univariate,1.7346010553881064,1.7346010553881064,1.8334813627792497,1.9780097200292301,True,1.0157350423855964,0.02290571658228206,0.0,0.1271309392166701,8
k10_thr,strong,245,adaptshrink_dta,1.7346010553881064,1.7346010553881064,1.9167552855338108,1.9703364411365276,True,1.62837306950319,0.06525787681266651,-0.007151399207074556,0.11546936697915797,8
k10_thr,strong,246,reitsma,1.7346010553881064,1.7346010553881064,1.8437169988415554,1.7525068974201798,True,0.6455145724955621,0.04804580349981148,-0.02566598243104438,0.038189566170941956,10
k10_thr,strong,246,reitsma_indep,1.7346010553881064,1.7346010553881064,1.8530181060996327,1.729831288618665,True,0.7319800247171065,0.04074406759713281,0.0,0.03711661331772738,10
k10_thr,strong,246,sep_univariate,1.7346010553881064,1.7346010553881064,1.8699442864844087,1.7632031703660893,True,0.9203828155754985,0.047620838744169086,0.0,0.05020815115073204,10
k10_thr,strong,246,adaptshrink_dta,1.7346010553881064,1.7346010553881064,1.8759504540742689,1.746193349936335,True,0.8365383478446775,0.05090182871198362,-0.005482993942391255,0.039394262877050765,10
k10_thr,strong,247,reitsma,1.7346010553881064,1.7346010553881064,1.7799711472685225,1.5745135949510352,True,0.5637537080515531,0.02588955834902211,-0.0068482050066704415,0.03646028040798216,10
k10_thr,strong,247,reitsma_indep,1.7346010553881064,1.7346010553881064,1.7296934497512382,1.568766672923039,True,0.5591444935654241,0.023961519240861116,0.0,0.036827142415703874,10
k10_thr,strong,247,sep_univariate,1.7346010553881064,1.7346010553881064,1.7385146704964707,1.568105261663459,True,0.5875147292956914,0.027515634723479097,0.0,0.03540725425579069,10
k10_thr,strong,247,adaptshrink_dta,1.7346010553881064,1.7346010553881064,1.7460355533359107,1.5701841458002874,True,0.5829807111293336,0.026344508651136397,-0.0014808309789678701,0.03649590869388014,10
k10_thr,strong,248,reitsma,1.7346010553881064,1.7346010553881064,2.123531773568229,1.6832359028215003,True,0.5940525553771467,0.07182166995461321,-0.021585684441831156,0.0203559502594851,9
k10_thr,strong,248,reitsma_indep,1.7346010553881064,1.7346010553881064,2.0773533994919906,1.6762840115459965,True,0.7076843706792131,0.07386343633506424,0.0,0.019137445505684827,9
k10_thr,strong,248,sep_univariate,1.7346010553881064,1.7346010553881064,2.100966638911825,1.6771143945642886,True,0.7974210427627547,0.08429114483180705,0.0,0.02129255110368925,9
k10_thr,strong,248,adaptshrink_dta,1.7346010553881064,1.7346010553881064,2.0952431662693205,1.677996314234004,True,0.740098698155894,0.07542596485220052,-0.003819525078820882,0.020690530380237656,9
k10_thr,strong,249,reitsma,1.7346010553881064,1.7346010553881064,1.9427108604649752,1.6920185641248713,True,1.0064645164711914,0.1620020671859447,-0.03580754817361364,0.02556320921315721,10
k10_thr,strong,249,reitsma_indep,1.7346010553881064,1.7346010553881064,1.952272219947856,1.737415563880963,True,1.2621762879815592,0.16780637648865337,0.0,0.02679574531572411,10
k10_thr,strong,249,sep_univariate,1.7346010553881064,1.7346010553881064,1.9887105454950504,1.7529520316167055,True,1.5020282980088218,0.19155944549347736,0.0,0.0332419831713015,10
k10_thr,strong,249,adaptshrink_dta,1.7346010553881064,1.7346010553881064,1.958811323446507,1.7339838052076157,True,1.2486323130193184,0.1674124181546485,-0.0041326113560981835,0.026387483790223067,10
k10_thr,strong,250,reitsma,1.7346010553881064,1.7346010553881064,2.084376169921293,1.813411408116185,True,0.5174385404741537,0.03185381693308025,-0.018471114747295986,0.03443500171745404,9
k10_thr,strong,250,reitsma_indep,1.7346010553881064,1.7346010553881064,2.258508312272144,1.8011982436466636,True,0.8241302800674377,0.0593497741913978,0.0,0.03230032844254985,9
k10_thr,strong,250,sep_univariate,1.7346010553881064,1.7346010553881064,2.277791037098,1.827499359944041,True,1.093359421547524,0.06943915207557713,0.0,0.048590991530032254,9
k10_thr,strong,250,adaptshrink_dta,1.7346010553881064,1.7346010553881064,2.196835800853391,1.8118396164639792,True,0.6726699524658668,0.036834416317812924,-0.0031632030452810396,0.034944094240023905,9
k10_thr,strong,251,reitsma,1.7346010553881064,1.7346010553881064,1.7550582194404776,1.5395543241874659,True,0.5189851703861145,0.025213228902972284,-0.012741065212722459,0.03659044527912313,10
k10_thr,strong,251,reitsma_indep,1.7346010553881064,1.7346010553881064,1.7169514471330645,1.5383667695938839,True,0.49703346462626724,0.01927658605608377,0.0,0.036172240183366185,10
k10_thr,strong,251,sep_univariate,1.7346010553881064,1.7346010553881064,1.7200666271379565,1.5377338390259736,True,0.5262108847143963,0.02193220288520905,0.0,0.03563458183112816,10
k10_thr,strong,251,adaptshrink_dta,1.7346010553881064,1.7346010553881064,1.736851002953336,1.540929989369221,True,0.5862885908284724,0.026622364161219676,-0.002733589611448622,0.036723384437082854,10
k10_thr,strong,252,reitsma,1.7346010553881064,1.7346010553881064,1.7790006491504313,1.8788167619448033,True,0.6063081935012568,0.044201720402104475,-0.023236158546724832,0.035688610610957745,10
k10_thr,strong,252,reitsma_indep,1.7346010553881064,1.7346010553881064,1.735897190673128,1.8829244327080963,True,0.7923459890540315,0.04562047526108182,0.0,0.03884223301377509,10
k10_thr,strong,252,sep_univariate,1.7346010553881064,1.7346010553881064,1.7450664746079705,1.8822823752785913,True,0.8149742694086234,0.04866891528264368,0.0,0.038518591196831556,10
k10_thr,strong,252,adaptshrink_dta,1.7346010553881064,1.7346010553881064,1.7533591776221955,1.8837583592856204,True,0.7639513934204961,0.04609732701568103,-0.0050508903269060055,0.03628811339907183,10
k10_thr,strong,253,reitsma,1.7346010553881064,1.7346010553881064,1.7211515813053098,1.9457273082627073,True,0.5454768515329272,0.02612728563190303,-0.014005575680987889,0.03965117258767009,10
k10_thr,strong,253,reitsma_indep,1.7346010553881064,1.7346010553881064,1.6957034531875883,1.9408151689986912,True,0.5159132794037666,0.01910541365357299,0.0,0.039321604890093856,10
k10_thr,strong,253,sep_univariate,1.7346010553881064,1.7346010553881064,1.728788257176955,1.9421036013475417,True,0.6122687995025939,0.02655075146638901,0.0,0.03985122787821026,10
k10_thr,strong,253,adaptshrink_dta,1.7346010553881064,1.7346010553881064,1.733057894719331,1.946333620957211,True,0.6176689490308154,0.027138263776818217,-0.0030119740380175936,0.040013564334736317,10
k10_thr,strong,254,reitsma,1.7346010553881064,1.7346010553881064,1.689460157173836,1.914361014821929,True,0.7653042420139392,0.02552895883504494,-0.011799212224926622,0.07020788802638718,10
k10_thr,strong,254,reitsma_indep,1.7346010553881064,1.7346010553881064,1.6811471030063485,1.9040248922603176,True,0.7475497578339662,0.02297169847864541,0.0,0.06866277793929734,10
k10_thr,strong,254,sep_univariate,1.7346010553881064,1.7346010553881064,1.6811471030063483,1.923884441685628,True,0.8004930114590977,0.022971698478645355,0.0,0.07873290017532068,10
k10_thr,strong,254,adaptshrink_dta,1.7346010553881064,1.7346010553881064,1.6840209056289088,1.9104063190358067,True,0.807017743779898,0.026174924931725425,-0.0025411925399544248,0.07047546989089849,10
k10_thr,strong,255,reitsma,1.7346010553881064,1.7346010553881064,1.7250101291098872,2.2282388833037707,True,1.0302209601914276,0.07886132852284351,-0.008587141609650939,0.03892169163564602,6
k10_thr,strong,255,reitsma_indep,1.7346010553881064,1.7346010553881064,1.6757252418280033,2.196593237137516,True,0.8353626115895642,0.05813733223300668,0.0,0.03387889484355257,6
k10_thr,strong,255,sep_univariate,1.7346010553881064,1.7346010553881064,1.7076347868988466,2.1965932371375163,True,1.012433575543443,0.08539611447286446,0.0,0.03387889484355257,6
k10_thr,strong,255,adaptshrink_dta,1.7346010553881064,1.7346010553881064,1.703491044781752,2.206151445084842,True,1.050052902119664,0.07935252008714962,-0.0008562492694396473,0.039228183909272435,6
k10_thr,strong,256,reitsma,1.7346010553881064,1.7346010553881064,1.5366388564554128,2.097837850726063,True,0.6088745590250365,0.053037568099821374,-0.02863720392884367,0.03519148224946756,10
k10_thr,strong,256,reitsma_indep,1.7346010553881064,1.7346010553881064,1.5037664272940519,2.0629994748526514,True,0.8172177988974194,0.054417815225766504,0.0,0.03463927543717533,10
k10_thr,strong,256,sep_univariate,1.7346010553881064,1.7346010553881064,1.5050104371422077,2.064202992405635,True,0.8317277185469122,0.05552462181039087,0.0,0.035165031292943565,10
k10_thr,strong,256,adaptshrink_dta,1.7346010553881064,1.7346010553881064,1.520105628563906,2.0895775980615303,True,0.7915068681473241,0.054045318723052176,-0.013368885762777602,0.03602489638842124,10
k10_thr,strong,257,reitsma,1.7346010553881064,1.7346010553881064,1.7771562179779963,1.7589732129327584,True,0.815810498873317,0.06861648168193846,-0.04958945764533875,0.06321544518242848,9
k10_thr,strong,257,reitsma_indep,1.7346010553881064,1.7346010553881064,1.728166386216284,1.682515138248617,True,0.985800773164563,0.05128819817597958,0.0,0.05348045996752266,9
k10_thr,strong,257,sep_univariate,1.7346010553881064,1.7346010553881064,1.7410431041044712,1.674225586095789,True,1.035596067975707,0.060203142804463865,0.0,0.050280071787370935,9
k10_thr,strong,257,adaptshrink_dta,1.7346010553881064,1.7346010553881064,1.7657799222656596,1.7282769597155556,True,1.2944898133611407,0.0721349252371252,-0.008791563846857694,0.06663858341389356,9
k10_thr,strong,258,reitsma,1.7346010553881064,1.7346010553881064,1.8162733006713234,1.6483702370745479,True,0.4522523129678644,0.04714055220743107,-0.01823926834938405,0.019303196380205046,10
k10_thr,strong,258,reitsma_indep,1.7346010553881064,1.7346010553881064,1.7975330067518809,1.6277389475530688,True,0.5995894352232847,0.04617565917505942,0.0,0.021975011296131913,10
k10_thr,strong,258,sep_univariate,1.7346010553881064,1.7346010553881064,1.8055565469897383,1.6294292654668532,True,0.6725230640442287,0.057173880631183054,0.0,0.022328058547906364,10
k10_thr,strong,258,adaptshrink_dta,1.7346010553881064,1.7346010553881064,1.8027160794196082,1.6298984289144156,True,0.5950478050116587,0.04954097281414312,-0.0038357752566123733,0.020470127601336898,10
k10_thr,strong,259,reitsma,1.7346010553881064,1.7346010553881064,1.4909901234328498,2.1373130874294803,True,0.9705696943793117,0.06071079996047088,-0.03628046360558097,0.06547574058908849,10
k10_thr,strong,259,reitsma_indep,1.7346010553881064,1.7346010553881064,1.5317548071224256,2.194523571045683,True,1.2654040726514129,0.0631739731010706,0.0,0.07154092177476315,10
k10_thr,strong,259,sep_univariate,1.7346010553881064,1.7346010553881064,1.5785229769382225,2.2187887174312046,True,1.858182744107459,0.10563283015248308,0.0,0.0922597336828823,10
k10_thr,strong,259,adaptshrink_dta,1.7346010553881064,1.7346010553881064,1.5324096732528556,2.186984964403698,True,1.2102450144408332,0.062385053262090644,-0.004192818958329173,0.06654925343970305,10
k10_thr,strong,260,reitsma,1.7346010553881064,1.7346010553881064,1.8851278704276422,1.8252192105289273,True,0.35649912200656386,0.031314617344685325,-0.010851701390752377,0.015215762908141892,10
k10_thr,strong,260,reitsma_indep,1.7346010553881064,1.7346010553881064,1.9407359971609026,1.832592950538803,True,0.41935669789848884,0.03191064309348186,0.0,0.015554851815376278,10
k10_thr,strong,260,sep_univariate,1.7346010553881064,1.7346010553881064,1.9505493513231886,1.842353987813086,True,0.4636101297476722,0.035731255337522944,0.0,0.016978207057443066,10
k10_thr,strong,260,adaptshrink_dta,1.7346010553881064,1.7346010553881064,1.9352758242716797,1.8362473097645549,True,0.4286150304051626,0.03303155287717482,-0.002262130764186577,0.015852765785381563,10
k10_thr,strong,261,reitsma,1.7346010553881064,1.7346010553881064,1.9621939352974258,1.4163023265112424,True,0.8095350106314179,0.0985409484074216,-0.025712181489006634,0.02548011141003393,10
k10_thr,strong,261,reitsma_indep,1.7346010553881064,1.7346010553881064,1.9577887160958027,1.4605243593079789,True,1.0524286928258115,0.09021948315144068,0.0,0.034651280811165336,10
k10_thr,strong,261,sep_univariate,1.7346010553881064,1.7346010553881064,1.9965063043400384,1.4476224261082034,True,1.1458240260504267,0.11863542039880197,0.0,0.031236023598613463,10
k10_thr,strong,261,adaptshrink_dta,1.7346010553881064,1.7346010553881064,1.9797789856795651,1.429796658038921,True,0.9402579548529356,0.10037343781104043,-0.011879513634964822,0.026266457470477563,10
k10_thr,strong,262,reitsma,1.7346010553881064,1.7346010553881064,2.093751099218358,1.523254333201739,True,1.0398270973964179,0.14368059363451602,-0.07274268774643675,0.05806839768828436,8
k10_thr,strong,262,reitsma_indep,1.7346010553881064,1.7346010553881064,1.9289102621658891,1.5724323955832151,True,1.7396514476121832,0.13173903407043122,0.0,0.06484018984172779,8
k10_thr,strong,262,sep_univariate,1.7346010553881064,1.7346010553881064,1.9194422146513517,1.5830646098540286,True,1.997073365639452,0.1281887888456447,0.0,0.0878157190982339,8
k10_thr,strong,262,adaptshrink_dta,1.7346010553881064,1.7346010553881064,2.02636296269206,1.5668111315709665,True,1.8729007479977395,0.16806516092607254,-0.007070864226268364,0.05920708972684181,8
k10_thr,strong,263,reitsma,1.7346010553881064,1.7346010553881064,1.6413233766651396,2.11299233721524,True,0.40816447901431846,0.015399164936828528,-0.009708823657251956,0.03665686675057362,10
k10_thr,strong,263,reitsma_indep,1.7346010553881064,1.7346010553881064,1.6854782030352382,2.119248718936183,True,0.49163357819362785,0.018210892428099874,0.0,0.03746158188742077,10
k10_thr,strong,263,sep_univariate,1.7346010553881064,1.7346010553881064,1.6820852510090911,2.1287251098355653,True,0.4876763643986967,0.01613187125419195,0.0,0.0416114581867314,10
k10_thr,strong,263,adaptshrink_dta,1.7346010553881064,1.7346010553881064,1.6753189831907405,2.1193083981193395,True,0.45823529088264053,0.016158958601523568,-0.0020739071585607087,0.03694352507344504,10
k10_thr,strong,264,reitsma,1.7346010553881064,1.7346010553881064,1.8914522184927034,1.6302048801534446,True,0.263902292748459,0.029029576692757995,-0.007413566354448246,0.008664696964677233,10
k10_thr,strong,264,reitsma_indep,1.7346010553881064,1.7346010553881064,1.8898628074756403,1.671640704799285,True,0.3360304245990807,0.029411362328621946,0.0,0.010836182905798679,10
k10_thr,strong,264,sep_univariate,1.7346010553881064,1.7346010553881064,1.8882616939060262,1.6753083878634736,True,0.3907813670002278,0.02914636951948607,0.0,0.014788274245241094,10
k10_thr,strong,264,adaptshrink_dta,1.7346010553881064,1.7346010553881064,1.9026452244626926,1.6674518450020293,True,0.31933487306461944,0.031152310629574523,-0.000692734531186397,0.009254653934597838,10
k10_thr,strong,265,reitsma,1.7346010553881064,1.7346010553881064,2.2092763982126358,2.0018780237525258,True,0.8001234321780306,0.03734462259567656,-0.03096521864195761,0.07406162794523025,8
k10_thr,strong,265,reitsma_indep,1.7346010553881064,1.7346010553881064,2.041224911691192,1.933247316869557,True,0.9284742170065977,0.03567990892316469,0.0,0.0681946376745915,8
k10_thr,strong,265,sep_univariate,1.7346010553881064,1.7346010553881064,2.0429282363175942,1.930622027051544,True,0.9962329370260379,0.04249951885638323,0.0,0.06591314675431313,8
k10_thr,strong,265,adaptshrink_dta,1.7346010553881064,1.7346010553881064,2.0587600082976554,1.9481198315875565,True,1.0903663332744193,0.04448320928990676,-0.004028548230110483,0.07580159783081336,8
k10_thr,strong,266,reitsma,1.7346010553881064,1.7346010553881064,1.8627126177481992,1.912132717372715,True,0.8770688627739861,0.03617678641801098,-0.027679055840029228,0.08119403454346244,10
k10_thr,strong,266,reitsma_indep,1.7346010553881064,1.7346010553881064,1.8332409729531751,1.8552888959750018,True,0.8013093016536407,0.02453428732404133,0.0,0.07386882451234873,10
k10_thr,strong,266,sep_univariate,1.7346010553881064,1.7346010553881064,1.8332409729531753,1.8600703661808176,True,0.8150350865837703,0.024534287324041143,0.0,0.07642112562182388,10
k10_thr,strong,266,adaptshrink_dta,1.7346010553881064,1.7346010553881064,1.8254442703404115,1.8818642044278444,True,1.0456986616583193,0.03788683851538471,-0.005911778450093436,0.0823851991263109,10
k10_thr,strong,267,reitsma,1.7346010553881064,1.7346010553881064,2.1950320155775858,1.6157079044450864,True,0.6227700936844988,0.047584383746599034,-0.024158153181009417,0.035270034819124725,10
k10_thr,strong,267,reitsma_indep,1.7346010553881064,1.7346010553881064,2.1069898235837314,1.6333471496084653,True,0.7428273405769068,0.04196833554114462,0.0,0.03710977161204959,10
k10_thr,strong,267,sep_univariate,1.7346010553881064,1.7346010553881064,2.1026165712177756,1.633816615922999,True,0.7447773355780193,0.04115431098484373,0.0,0.03804274411514047,10
k10_thr,strong,267,adaptshrink_dta,1.7346010553881064,1.7346010553881064,2.1992414930473903,1.6280023961744476,True,0.7899575374547743,0.05291618342615768,-0.011046878696147011,0.03559152571428682,10
k10_thr,strong,268,reitsma,1.7346010553881064,1.7346010553881064,1.5714313274224063,2.0835995044201945,True,0.5167721939684009,0.024686674958907834,-0.013959314605269212,0.03842645961454758,10
k10_thr,strong,268,reitsma_indep,1.7346010553881064,1.7346010553881064,1.52976244359609,2.096016610784611,True,0.5328116646844302,0.02052147566621505,0.0,0.03904569236721422,10
k10_thr,strong,268,sep_univariate,1.7346010553881064,1.7346010553881064,1.5395756334099986,2.1048618539193256,True,0.5806909607260412,0.021777617910695393,0.0,0.04370327917415444,10
k10_thr,strong,268,adaptshrink_dta,1.7346010553881064,1.7346010553881064,1.5792378501568778,2.0976233792828154,True,0.6055967182740795,0.026685061649205605,-0.0029441810293649043,0.0391160217026757,10
k10_thr,strong,269,reitsma,1.7346010553881064,1.7346010553881064,1.8116276885019666,1.8507501701947473,True,0.4121321655479903,0.027204114751338822,-0.010308447094296633,0.02152888664277253,10
k10_thr,strong,269,reitsma_indep,1.7346010553881064,1.7346010553881064,1.8633668755907504,1.8534700121823406,True,0.5041117954569362,0.031249565826107537,0.0,0.02295324001447244,10
k10_thr,strong,269,sep_univariate,1.7346010553881064,1.7346010553881064,1.877563904481517,1.8728166475845096,True,0.6342567802022907,0.036857414826172816,0.0,0.030806306597315182,10
k10_thr,strong,269,adaptshrink_dta,1.7346010553881064,1.7346010553881064,1.8478577596891614,1.8515348366776878,True,0.4628928254109047,0.02802472406409264,-0.0022121720430407087,0.02175473927704882,10
k10_thr,strong,270,reitsma,1.7346010553881064,1.7346010553881064,1.9877758427869137,1.5639558922200738,True,0.4750617359841334,0.044314210033565664,-0.010040813983036329,0.016649524372544806,8
k10_thr,strong,270,reitsma_indep,1.7346010553881064,1.7346010553881064,1.9718545804535415,1.5801099667377845,True,0.5174448865295972,0.04508378905564284,0.0,0.016762626061343395,8
k10_thr,strong,270,sep_univariate,1.7346010553881064,1.7346010553881064,2.026391498259403,1.5817009425810653,True,0.6269596340704107,0.05803916351955984,0.0,0.019115791409934503,8
k10_thr,strong,270,adaptshrink_dta,1.7346010553881064,1.7346010553881064,1.9833972416477135,1.5786639761508245,True,0.5256082113117463,0.04670385082490018,-0.0009965927714549244,0.01671701301242915,8
k10_thr,strong,271,reitsma,1.7346010553881064,1.7346010553881064,1.9516680273995533,1.7534003493038945,True,0.5523129141767816,0.0557844962429662,-0.021105521469561787,0.023419518344606677,10
k10_thr,strong,271,reitsma_indep,1.7346010553881064,1.7346010553881064,1.909710166619194,1.804169377889878,True,0.7375821754027193,0.04840250129837331,0.0,0.03172395224551478,10
k10_thr,strong,271,sep_univariate,1.7346010553881064,1.7346010553881064,1.943429225295626,1.8042154299317572,True,0.815587262102344,0.059152263231215786,0.0,0.031739769587323455,10
k10_thr,strong,271,adaptshrink_dta,1.7346010553881064,1.7346010553881064,1.9598138727555272,1.7801505125007004,True,0.7194923049963284,0.06025250625290819,-0.004433446181628372,0.02457620194315991,10
k10_thr,strong,272,reitsma,1.7346010553881064,1.7346010553881064,1.461226753596323,2.3276440534654728,True,0.44322004733097325,0.02990887022660163,-0.023375305753601014,0.03680742648687048,10
k10_thr,strong,272,reitsma_indep,1.7346010553881064,1.7346010553881064,1.4411929118359388,2.3256356768634796,True,0.5805081715811848,0.026425447725389996,0.0,0.035993873638348425,10
k10_thr,strong,272,sep_univariate,1.7346010553881064,1.7346010553881064,1.4527631554966731,2.346320181495528,True,0.8109073617569239,0.031632677353681166,0.0,0.05867333868657997,10
k10_thr,strong,272,adaptshrink_dta,1.7346010553881064,1.7346010553881064,1.4565986944157798,2.330082984032033,True,0.6383529152546745,0.031255894079507796,-0.004995912315892437,0.03759652640235578,10
k10_thr,strong,273,reitsma,1.7346010553881064,1.7346010553881064,1.8478759267553189,1.6259170839592942,True,0.582189437325284,0.040864800521501266,-0.022806474834857565,0.03613885150941408,10
k10_thr,strong,273,reitsma_indep,1.7346010553881064,1.7346010553881064,1.724407262256542,1.6183272302078857,True,0.5320328155704211,0.02259253092809663,0.0,0.035362765564928934,10
k10_thr,strong,273,sep_univariate,1.7346010553881064,1.7346010553881064,1.729892922213465,1.6233560676167367,True,0.5930627541667376,0.023970547623505853,0.0,0.041414994807091966,10
k10_thr,strong,273,adaptshrink_dta,1.7346010553881064,1.7346010553881064,1.7957290073256302,1.6216676746359715,True,0.740458478252744,0.04308293402532649,-0.00490083317672685,0.036476997750490646,10
k10_thr,strong,274,reitsma,1.7346010553881064,1.7346010553881064,1.9623862317703662,2.0955916292886068,True,0.668382865978973,0.061424196114174524,-0.030611256684892337,0.03578331473685428,10
k10_thr,strong,274,reitsma_indep,1.7346010553881064,1.7346010553881064,1.9338355106605427,2.061211699158088,True,0.8421184780006647,0.06278917577911484,0.0,0.03187835322478372,10
k10_thr,strong,274,sep_univariate,1.7346010553881064,1.7346010553881064,1.9618255084019272,2.0644676668436306,True,0.9258666922010723,0.0730979629190005,0.0,0.03309984150102222,10
k10_thr,strong,274,adaptshrink_dta,1.7346010553881064,1.7346010553881064,1.9624353135390877,2.083540345102906,True,0.9199346915331611,0.06617047438371619,-0.006618202417347917,0.0367600082180756,10
k10_thr,strong,275,reitsma,1.7346010553881064,1.7346010553881064,1.7719242466685587,1.9087794957657502,True,0.8617704310014674,0.04833478463290987,-0.016076893599440804,0.048714250219403336,10
k10_thr,strong,275,reitsma_indep,1.7346010553881064,1.7346010553881064,1.726583689979473,1.9183248824070278,True,0.9020642385621126,0.04579936239065713,0.0,0.050147555423173125,10
k10_thr,strong,275,sep_univariate,1.7346010553881064,1.7346010553881064,1.7463370517842733,1.9176831650134811,True,0.9572753282103608,0.0522467181265574,0.0,0.04950499072718648,10
k10_thr,strong,275,adaptshrink_dta,1.7346010553881064,1.7346010553881064,1.7578575556504028,1.9147652967162005,True,0.9114865211450581,0.04918059613934651,-0.007484485765980787,0.0488195364738274,10
k10_thr,strong,276,reitsma,1.7346010553881064,1.7346010553881064,1.6609108016085892,2.1526058233937073,True,1.109986617918367,0.08198835607678533,-0.019491843061810083,0.04704878915222636,10
k10_thr,strong,276,reitsma_indep,1.7346010553881064,1.7346010553881064,1.6388829612181388,2.1728445215054517,True,1.1424616082000043,0.07671622361234451,0.0,0.04802089832037986,10
k10_thr,strong,276,sep_univariate,1.7346010553881064,1.7346010553881064,1.6295618209357499,2.1723590427701054,True,1.1229068188237208,0.07431578319206153,0.0,0.047889537857999286,10
k10_thr,strong,276,adaptshrink_dta,1.7346010553881064,1.7346010553881064,1.672054196224018,2.169607763988071,True,1.1723181795641413,0.08313825003493217,-0.009052438504477109,0.047643481181409056,10
k10_thr,strong,277,reitsma,1.7346010553881064,1.7346010553881064,1.6691263689292324,1.717098528607424,True,0.30801642325293044,0.025735886928166023,0.007030839913942186,0.012325788539776056,10
k10_thr,strong,277,reitsma_indep,1.7346010553881064,1.7346010553881064,1.67691057718906,1.6898496537366563,True,0.3419466710177713,0.02700248090395291,0.0,0.012222142964973906,10
k10_thr,strong,277,sep_univariate,1.7346010553881064,1.7346010553881064,1.7133800696370067,1.7020949156870464,True,0.4145483722719577,0.033092600265341,0.0,0.014657294096760714,10
k10_thr,strong,277,adaptshrink_dta,1.7346010553881064,1.7346010553881064,1.6794966248372163,1.6946341602785022,True,0.3468998303686168,0.02705109566099648,0.0006782644279797532,0.012573187842198026,10
k10_thr,strong,278,reitsma,1.7346010553881064,1.7346010553881064,1.913435707862734,1.8184468494744803,True,0.5244482290053406,0.027435603251781918,-0.008552812033236646,0.030962262095825564,10
k10_thr,strong,278,reitsma_indep,1.7346010553881064,1.7346010553881064,1.8968294438866458,1.772039799402326,True,0.4603118106838357,0.023283477862301713,0.0,0.0256856553980169,10
k10_thr,strong,278,sep_univariate,1.7346010553881064,1.7346010553881064,1.896829443886646,1.7988782992620749,True,0.514805693020535,0.023283477862301602,0.0,0.032127216301451864,10
k10_thr,strong,278,adaptshrink_dta,1.7346010553881064,1.7346010553881064,1.907945935661441,1.8025946988690036,True,0.5569263520557656,0.027992341405526717,-0.0018369231985011529,0.03139505770273864,10
k10_thr,strong,279,reitsma,1.7346010553881064,1.7346010553881064,1.905649863912761,1.7896114779568046,True,0.7110692520330708,0.057918228076110356,-0.040312882559837365,0.05269913508781122,10
k10_thr,strong,279,reitsma_indep,1.7346010553881064,1.7346010553881064,1.860933150144268,1.6516783208080623,True,0.7641801900957709,0.056450366703944634,0.0,0.029198399739488956,10
k10_thr,strong,279,sep_univariate,1.7346010553881064,1.7346010553881064,1.8610307439867826,1.6487524538048972,True,0.7510659864325385,0.056565205409036,0.0,0.02814758163706002,10
k10_thr,strong,279,adaptshrink_dta,1.7346010553881064,1.7346010553881064,1.8788408339003115,1.7328126374700126,True,1.096572515174852,0.062379724768122674,-0.008516865060926597,0.05557117583033937,10
k10_thr,strong,280,reitsma,1.7346010553881064,1.7346010553881064,1.9569561814419076,1.6612824401672615,True,0.4205644225021986,0.02201195378847511,-0.005490637118540193,0.02404945754340772,10
k10_thr,strong,280,reitsma_indep,1.7346010553881064,1.7346010553881064,1.954147668002977,1.6658835950179267,True,0.41779828557300486,0.020186817994133147,0.0,0.024406174191204763,10
k10_thr,strong,280,sep_univariate,1.7346010553881064,1.7346010553881064,1.9541476680029757,1.6795021970075978,True,0.4716105812749927,0.02018681799413298,0.0,0.03109807314067636,10
k10_thr,strong,280,adaptshrink_dta,1.7346010553881064,1.7346010553881064,1.9648977888778152,1.6647119184933157,True,0.43512229947340364,0.022248599300664883,-0.001187277182600814,0.024082322188357336,10
k10_thr,strong,281,reitsma,1.7346010553881064,1.7346010553881064,1.7741483903009196,1.4962148467924443,True,0.4809624783160125,0.038526583938331374,-0.017911158356300454,0.025274096886186533,10
k10_thr,strong,281,reitsma_indep,1.7346010553881064,1.7346010553881064,1.9308488799307995,1.5247266936984711,True,0.7280367441560325,0.052854332062422786,0.0,0.028304812064503086,10
k10_thr,strong,281,sep_univariate,1.7346010553881064,1.7346010553881064,1.957493365588167,1.5296611581867054,True,0.8095430694017319,0.062158516420735964,0.0,0.029758671873836528,10
k10_thr,strong,281,adaptshrink_dta,1.7346010553881064,1.7346010553881064,1.885318386707397,1.5151233719087511,True,0.6155692677099076,0.04175309843478684,-0.001767402435807672,0.02569011211768435,10
k10_thr,strong,282,reitsma,1.7346010553881064,1.7346010553881064,1.6517512856852745,2.071244624853266,True,0.7759156229886296,0.05408514165302379,-0.018593864457583223,0.03781085036684947,10
k10_thr,strong,282,reitsma_indep,1.7346010553881064,1.7346010553881064,1.6527488115584321,2.072412906656889,True,0.8794649671107894,0.05335990386312086,0.0,0.0409125281472097,10
k10_thr,strong,282,sep_univariate,1.7346010553881064,1.7346010553881064,1.6632246924127827,2.086469062348025,True,0.9846312304487588,0.058848440921229456,0.0,0.04649931107982648,10
k10_thr,strong,282,adaptshrink_dta,1.7346010553881064,1.7346010553881064,1.658075144348603,2.0719994968650295,True,0.8426678328915749,0.05453176304342766,-0.008677658321338256,0.038134282048140636,10
k10_thr,strong,283,reitsma,1.7346010553881064,1.7346010553881064,1.977268114385683,1.447911234631029,True,0.608101826321917,0.08513311984453435,-0.01849860116138374,0.01627950627435219,10
k10_thr,strong,283,reitsma_indep,1.7346010553881064,1.7346010553881064,1.9221208917627162,1.4322609724404087,True,0.6996217326722447,0.08477800831437528,0.0,0.01629587335536541,10
k10_thr,strong,283,sep_univariate,1.7346010553881064,1.7346010553881064,1.9492147917162577,1.4360619942726198,True,0.7889896569509638,0.09522542668638319,0.0,0.018451172095346767,10
k10_thr,strong,283,adaptshrink_dta,1.7346010553881064,1.7346010553881064,1.951346579780276,1.4362837543428395,True,0.7183831262623128,0.08888250849484847,-0.003992426553493356,0.016567492444799027,10
k10_thr,strong,284,reitsma,1.7346010553881064,1.7346010553881064,1.7537695445043389,1.7343893898821876,True,0.5048191056237331,0.04093992284209115,-0.016217475507564118,0.023993682506278473,10
k10_thr,strong,284,reitsma_indep,1.7346010553881064,1.7346010553881064,1.7956928329860695,1.7636732241813564,True,0.7098034990425841,0.05004449982790736,0.0,0.028415426943238675,10
k10_thr,strong,284,sep_univariate,1.7346010553881064,1.7346010553881064,1.8334921247164293,1.7797276475726462,True,0.8601575508080188,0.06039936005891395,0.0,0.03457466190076563,10
k10_thr,strong,284,adaptshrink_dta,1.7346010553881064,1.7346010553881064,1.7751973787931687,1.751029760290914,True,0.6131090787967146,0.0437594111839256,-0.0034728740490092636,0.02452151637000386,10
k10_thr,strong,285,reitsma,1.7346010553881064,1.7346010553881064,1.97911723379168,2.05064770508124,True,0.8228497112142232,0.0588153813539007,-0.03123236827203856,0.04907772597553636,10
k10_thr,strong,285,reitsma_indep,1.7346010553881064,1.7346010553881064,1.8657056480932344,2.0556615140348025,True,1.0102950658336238,0.05810993280735601,0.0,0.0495770130525054,10
k10_thr,strong,285,sep_univariate,1.7346010553881064,1.7346010553881064,1.8373975529417659,2.0568760094566736,True,1.0245423712219457,0.051544431354602294,0.0,0.057479417979054974,10
k10_thr,strong,285,adaptshrink_dta,1.7346010553881064,1.7346010553881064,1.9430376062286736,2.054996892893055,True,1.015673719805419,0.06328699436600536,-0.014490223886556013,0.04932514617809437,10
k10_thr,strong,286,reitsma,1.7346010553881064,1.7346010553881064,1.7011771035668755,1.4435130777642282,True,0.8265881593179115,0.11006963734011484,-0.055235158540324195,0.04523855717161187,10
k10_thr,strong,286,reitsma_indep,1.7346010553881064,1.7346010553881064,1.6305948494874782,1.476430985604089,True,1.3117045476626614,0.08577046281729712,0.0,0.05661983010517675,10
k10_thr,strong,286,sep_univariate,1.7346010553881064,1.7346010553881064,1.6492214391199584,1.480833243437047,True,1.428857469074949,0.0974025462521982,0.0,0.05916185401725228,10
k10_thr,strong,286,adaptshrink_dta,1.7346010553881064,1.7346010553881064,1.6918700370818773,1.4638201928542687,True,1.3835617119762085,0.11660191530339199,-0.011745697124911447,0.04751994184756119,10
k10_thr,strong,287,reitsma,1.7346010553881064,1.7346010553881064,2.0083265480900203,1.8574591853852018,True,0.7637460683957535,0.0771353223600919,-0.03485364480825174,0.03709279560837882,10
k10_thr,strong,287,reitsma_indep,1.7346010553881064,1.7346010553881064,1.8736146715444149,1.8313357819837168,True,0.8771757275244643,0.06104629552734166,0.0,0.03557526662149999,10
k10_thr,strong,287,sep_univariate,1.7346010553881064,1.7346010553881064,1.8980307027015326,1.839223550423556,True,1.0047278228841778,0.06997830941907508,0.0,0.04071624119815896,10
k10_thr,strong,287,adaptshrink_dta,1.7346010553881064,1.7346010553881064,1.949967443482572,1.8407985864913339,True,1.042822314020262,0.08239836751972408,-0.00749165182990166,0.03793199914762469,10
k10_thr,strong,288,reitsma,1.7346010553881064,1.7346010553881064,1.9803025155732046,1.4522373016648382,True,0.5380896933975327,0.047288987592265824,-0.03224752168641897,0.0392719628223615,10
k10_thr,strong,288,reitsma_indep,1.7346010553881064,1.7346010553881064,2.010217736319138,1.4760177710913198,True,0.8036566253732935,0.041857023321399435,0.0,0.043551887897102674,10
k10_thr,strong,288,sep_univariate,1.7346010553881064,1.7346010553881064,2.021224863539044,1.4700396172622257,True,0.8685585892839605,0.05271400301650224,0.0,0.040393037126266206,10
k10_thr,strong,288,adaptshrink_dta,1.7346010553881064,1.7346010553881064,2.027407873510335,1.473947474866117,True,0.8675838479256884,0.05358161385348741,-0.006693530048193466,0.04048600588650138,10
k10_thr,strong,289,reitsma,1.7346010553881064,1.7346010553881064,1.8193798954124736,2.0710556889182596,True,0.6469217098521811,0.04647640305240115,-0.01774546842908093,0.03219140018223756,7
k10_thr,strong,289,reitsma_indep,1.7346010553881064,1.7346010553881064,1.6881388788428162,2.0444181050188046,True,0.5162797164801217,0.02637573687991047,0.0,0.02852330139646513,7
k10_thr,strong,289,sep_univariate,1.7346010553881064,1.7346010553881064,1.72374944251348,2.051526568310956,True,0.6790687834628594,0.03947557137437017,0.0,0.03297109535080199,7
k10_thr,strong,289,adaptshrink_dta,1.7346010553881064,1.7346010553881064,1.7506013064304402,2.053070929495788,True,0.7480008407707132,0.048702049159661955,-0.001769251041244663,0.032490111133962475,7
k10_thr,strong,290,reitsma,1.7346010553881064,1.7346010553881064,1.9331866686636419,1.6831641291216488,True,1.1251854925106703,0.10890453501168665,-0.03444113939610161,0.043704326346202714,10
k10_thr,strong,290,reitsma_indep,1.7346010553881064,1.7346010553881064,1.8256998686527526,1.6991519721618928,True,1.1800359204028292,0.08456750893461192,0.0,0.046475191067376444,10
k10_thr,strong,290,sep_univariate,1.7346010553881064,1.7346010553881064,1.8326637896499653,1.7026045643532572,True,1.2457527185347435,0.0873192744713907,0.0,0.05016350059496174,10
k10_thr,strong,290,adaptshrink_dta,1.7346010553881064,1.7346010553881064,1.9203800942880354,1.6942735297921987,True,1.2802114594249654,0.1111542120777229,-0.01603248997335857,0.043929564704564064,10
k10_thr,strong,291,reitsma,1.7346010553881064,1.7346010553881064,1.8764746430310213,1.5448981013410283,True,0.2842935874316751,0.0222251217706592,-0.0003183629335092409,0.010268740043594998,10
k10_thr,strong,291,reitsma_indep,1.7346010553881064,1.7346010553881064,1.8793550185379089,1.543845856391745,True,0.2842961357540615,0.022279964792333903,0.0,0.010239097535976955,10
k10_thr,strong,291,sep_univariate,1.7346010553881064,1.7346010553881064,1.8848851373527453,1.5557836161366756,True,0.3272474021027346,0.02607838571556275,0.0,0.011590601579981796,10
k10_thr,strong,291,adaptshrink_dta,1.7346010553881064,1.7346010553881064,1.8779720493502259,1.544501752499218,True,0.2843590060349438,0.022226435475748242,-0.00014856256437062646,0.010269290026177727,10
k10_thr,strong,292,reitsma,1.7346010553881064,1.7346010553881064,1.9834697134267283,1.7454329782702582,True,0.398506740442826,0.018878326172011597,-0.0041761464366318795,0.024667178377261022,10
k10_thr,strong,292,reitsma_indep,1.7346010553881064,1.7346010553881064,1.9953130376888646,1.7519043033029171,True,0.4018280311702438,0.017907584800895004,0.0,0.025449409473546753,10
k10_thr,strong,292,sep_univariate,1.7346010553881064,1.7346010553881064,2.003194967368405,1.7599634354479843,True,0.4347501820604572,0.01907417167778776,0.0,0.027968432367746696,10
k10_thr,strong,292,adaptshrink_dta,1.7346010553881064,1.7346010553881064,1.9999405552692326,1.748744111292163,True,0.40832309097675046,0.019083071255702022,-0.0009033677211850135,0.02470280986456601,10
k10_thr,strong,293,reitsma,1.7346010553881064,1.7346010553881064,1.9863042320004556,1.3022971754217898,True,0.6587555764758051,0.07647883475223496,-0.02709980962207083,0.02561819361188086,9
k10_thr,strong,293,reitsma_indep,1.7346010553881064,1.7346010553881064,1.9319596619464843,1.3715402032958592,True,0.9848205999817512,0.07250076885203695,0.0,0.03775773234166528,9
k10_thr,strong,293,sep_univariate,1.7346010553881064,1.7346010553881064,1.9662874605649578,1.3734138253941626,True,1.0868500803969705,0.08615059225626746,0.0,0.03870038479361454,9
k10_thr,strong,293,adaptshrink_dta,1.7346010553881064,1.7346010553881064,1.9746082664086644,1.342858616241315,True,0.8756557246117719,0.0821884744555537,-0.004725079470095372,0.026604029491234815,9
k10_thr,strong,294,reitsma,1.7346010553881064,1.7346010553881064,1.7774570692235643,1.9721223503170688,True,0.6288294612437368,0.03373934621806753,-0.016285238939218308,0.04094036331069671,10
k10_thr,strong,294,reitsma_indep,1.7346010553881064,1.7346010553881064,1.702782881899724,1.9806352144940438,True,0.5938216380520012,0.023126613293285383,0.0,0.0430362345461857,10
k10_thr,strong,294,sep_univariate,1.7346010553881064,1.7346010553881064,1.7527632895326948,1.9790275794871126,True,0.6947808567160608,0.031996414624007645,0.0,0.042582253265217376,10
k10_thr,strong,294,adaptshrink_dta,1.7346010553881064,1.7346010553881064,1.7780972606378955,1.9804177086409234,True,0.7265226383539185,0.035938701286348754,-0.003451838886029834,0.04178589980072061,10
k10_thr,strong,295,reitsma,1.7346010553881064,1.7346010553881064,1.8955981125847658,1.7189946472685251,True,0.6277843294643872,0.07450930558559098,-0.0020336244599609516,0.014984985247376783,7
k10_thr,strong,295,reitsma_indep,1.7346010553881064,1.7346010553881064,1.891534538388178,1.719216556622655,True,0.6204962596428537,0.0732607153776122,0.0,0.014833425256340705,7
k10_thr,strong,295,sep_univariate,1.7346010553881064,1.7346010553881064,1.92174635009908,1.7455646057801026,True,0.8051082200037485,0.0854195142016167,0.0,0.02141833422171448,7
k10_thr,strong,295,adaptshrink_dta,1.7346010553881064,1.7346010553881064,1.8953526978063187,1.7198900556117755,True,0.6294479447156364,0.07455474585067931,-0.00020324118948282128,0.015000117258286212,7
k10_thr,strong,296,reitsma,1.7346010553881064,1.7346010553881064,2.0133778969256753,2.059318419770662,True,1.0651060316412482,0.0580740676444593,-0.030453720414671707,0.07110607428406769,9
k10_thr,strong,296,reitsma_indep,1.7346010553881064,1.7346010553881064,1.8822072250885833,2.0694491187316992,True,0.9880232200485739,0.03777349862074208,0.0,0.0729426199137623,9
k10_thr,strong,296,sep_univariate,1.7346010553881064,1.7346010553881064,1.9062969386166462,2.0928352635242407,True,1.1801927792325442,0.04284398881116811,0.0,0.09175933892430303,9
k10_thr,strong,296,adaptshrink_dta,1.7346010553881064,1.7346010553881064,1.9992384156548582,2.069704047862229,True,1.2590645459858525,0.06277283676024602,-0.005394255443538212,0.07174203603705802,9
k10_thr,strong,297,reitsma,1.7346010553881064,1.7346010553881064,1.6196031976307517,1.625353663956809,True,0.7213967424410298,0.07686507003161369,-0.018826774496153324,0.023720981890117822,10
k10_thr,strong,297,reitsma_indep,1.7346010553881064,1.7346010553881064,1.5599912313785236,1.6682998093469976,True,0.7854928207797306,0.06588945208060358,0.0,0.02643034371265565,10
k10_thr,strong,297,sep_univariate,1.7346010553881064,1.7346010553881064,1.5661199587370473,1.6697647033678134,True,0.8060381723198464,0.06770301956873875,0.0,0.027085536813441523,10
k10_thr,strong,297,adaptshrink_dta,1.7346010553881064,1.7346010553881064,1.6078381158047828,1.6605714997931593,True,0.8217841602132777,0.07917607636539883,-0.0021645088840448815,0.02413359260393827,10
k10_thr,strong,298,reitsma,1.7346010553881064,1.7346010553881064,1.966203028087598,1.2640598504105183,True,0.6828587494503812,0.02218724493193437,-0.009622589223485054,0.06349214824613876,10
k10_thr,strong,298,reitsma_indep,1.7346010553881064,1.7346010553881064,1.968760587256157,1.2634431066192304,True,0.6793218240245004,0.02055764032431479,0.0,0.06335955781064918,10
k10_thr,strong,298,sep_univariate,1.7346010553881064,1.7346010553881064,1.9799083984086376,1.2616141047144218,True,0.7133208073435738,0.02335708086783148,0.0,0.06148730913189831,10
k10_thr,strong,298,adaptshrink_dta,1.7346010553881064,1.7346010553881064,1.9762858262673728,1.2641793926903535,True,0.7126327989737543,0.022632418872379604,-0.0020810626878444245,0.06352506178259025,10
k10_thr,strong,299,reitsma,1.7346010553881064,1.7346010553881064,2.071445422423994,1.446675462648245,True,0.9098350339920966,0.06888517520175644,-0.04281695115559749,0.060532007076810994,10
k10_thr,strong,299,reitsma_indep,1.7346010553881064,1.7346010553881064,2.0089172217290003,1.4678496237028282,True,1.2658884086537487,0.07325485800807273,0.0,0.061743135776548365,10
k10_thr,strong,299,sep_univariate,1.7346010553881064,1.7346010553881064,2.0586879637888877,1.4628272211140285,True,1.2946432949435824,0.08653101585410783,0.0,0.054671717519472904,10
k10_thr,strong,299,adaptshrink_dta,1.7346010553881064,1.7346010553881064,2.063103711110831,1.4679177951234106,True,1.333510256717736,0.08268945779350466,-0.004257650156699098,0.060917568993900134,10
k20_thr,none,0,reitsma,1.7346010553881064,1.7346010553881064,1.7120680318156034,1.5412223875397515,True,0.24204823464449376,0.009379987834262056,0.0035716675394554735,0.018989333679411902,20
k20_thr,none,0,reitsma_indep,1.7346010553881064,1.7346010553881064,1.700415062467498,1.559007835669783,True,0.2470098174982944,0.008548756917674935,0.0,0.02014465009979281,20
k20_thr,none,0,sep_univariate,1.7346010553881064,1.7346010553881064,1.700415062467504,1.5475285297640748,True,0.2298643639045203,0.008548756917673402,0.0,0.017445145401345234,20
k20_thr,none,0,adaptshrink_dta,1.7346010553881064,1.7346010553881064,1.7019649451528196,1.5502655328849542,True,0.25261689934801246,0.009587414593534042,0.0015270977666930622,0.01903024377936068,20
k20_thr,none,1,reitsma,1.7346010553881064,1.7346010553881064,1.8582059721162112,1.5167697954808281,True,0.3617105985219454,0.02247120695518436,-0.012982493788534838,0.02393400374043387,20
k20_thr,none,1,reitsma_indep,1.7346010553881064,1.7346010553881064,1.829310003631614,1.5131425610204143,True,0.45427562171452945,0.024216623225704746,0.0,0.024052462428535794,20
k20_thr,none,1,sep_univariate,1.7346010553881064,1.7346010553881064,1.8446334598554002,1.5136961777635778,True,0.49238380672343846,0.0281525116205998,0.0,0.02430662404817871,20
k20_thr,none,1,adaptshrink_dta,1.7346010553881064,1.7346010553881064,1.8532681165440057,1.519674617184065,True,0.4105714069518003,0.023041897390779685,-0.008837910406034046,0.024038587703622622,20
k20_thr,none,2,reitsma,1.7346010553881064,1.7346010553881064,1.4825001101980313,1.5477012638835763,True,0.4097086530269423,0.020907361162338902,-0.006794177017062506,0.024869201042932505,20
k20_thr,none,2,reitsma_indep,1.7346010553881064,1.7346010553881064,1.460237298097337,1.549386198859142,True,0.42646753630176043,0.020572162895039103,0.0,0.024953201118220875,20
k20_thr,none,2,sep_univariate,1.7346010553881064,1.7346010553881064,1.484769237301765,1.5535894856238797,True,0.4898907027890674,0.02371790495124172,0.0,0.028559877314531537,20
k20_thr,none,2,adaptshrink_dta,1.7346010553881064,1.7346010553881064,1.480953315018689,1.5489655751577494,True,0.4225699072980352,0.021114856311402714,-0.004617649748794247,0.024879340061018718,20
k20_thr,none,3,reitsma,1.7346010553881064,1.7346010553881064,1.2692659582111223,2.0087566674009003,True,0.34881807251054964,0.021997056823693444,-0.008043561879186702,0.018553579271304174,20
k20_thr,none,3,reitsma_indep,1.7346010553881064,1.7346010553881064,1.2544153454216163,1.989041298270854,True,0.36562938334118933,0.021975299130336263,0.0,0.017170448981468547,20
k20_thr,none,3,sep_univariate,1.7346010553881064,1.7346010553881064,1.2550269248242076,1.9924605033006986,True,0.37550365131678476,0.022272529879808253,0.0,0.01786870361757516,20
k20_thr,none,3,adaptshrink_dta,1.7346010553881064,1.7346010553881064,1.265622375591193,2.007940842763636,True,0.3682846305129805,0.022098078358883562,-0.0054624405935807365,0.0186742158340534,20
k20_thr,none,4,reitsma,1.7346010553881064,1.7346010553881064,1.4620933420105475,1.7771519129066253,True,0.1923946020779327,0.009870371250044785,-0.006445072955038309,0.014793344931685019,20
k20_thr,none,4,reitsma_indep,1.7346010553881064,1.7346010553881064,1.3991755683737985,1.7674255351618564,True,0.23114560614656474,0.009936269592922993,0.0,0.015176868990879729,20
k20_thr,none,4,sep_univariate,1.7346010553881064,1.7346010553881064,1.411328399696019,1.7676967131759984,True,0.26447024159881444,0.012887087696390184,0.0,0.015319094913475695,20
k20_thr,none,4,adaptshrink_dta,1.7346010553881064,1.7346010553881064,1.4284371150647288,1.7711074442593013,True,0.23983076930519634,0.011281241773740626,-0.0026536408077829027,0.015015078860510839,20
k20_thr,none,5,reitsma,1.7346010553881064,1.7346010553881064,1.4529428021539816,1.8387219390421148,True,0.15639652707347573,0.007986335619705718,-0.0024527517053373,0.009397806234588331,20
k20_thr,none,5,reitsma_indep,1.7346010553881064,1.7346010553881064,1.4363973095456746,1.832856843589137,True,0.16979655046799227,0.00831900748842309,0.0,0.009781838262672765,20
k20_thr,none,5,sep_univariate,1.7346010553881064,1.7346010553881064,1.4473621637467475,1.8345880037236266,True,0.19253836173795982,0.009781735515228327,0.0,0.010696775852471141,20
k20_thr,none,5,adaptshrink_dta,1.7346010553881064,1.7346010553881064,1.4442394196656188,1.8352792256061214,True,0.1633957603241381,0.008109274647240134,-0.001050974307431154,0.009428734715838459,20
k20_thr,none,6,reitsma,1.7346010553881064,1.7346010553881064,1.2570757226092089,1.9758433069815318,True,0.31429709603844525,0.02720426852549829,-0.011343978913244006,0.014979271766124626,20
k20_thr,none,6,reitsma_indep,1.7346010553881064,1.7346010553881064,1.1941883893943546,1.9525087942606694,True,0.3729269563618142,0.025140108065424122,0.0,0.015614018160546767,20
k20_thr,none,6,sep_univariate,1.7346010553881064,1.7346010553881064,1.1950109969502025,1.9548709446953054,True,0.3830705357994571,0.025309220046283103,0.0,0.0163648867226889,20
k20_thr,none,6,adaptshrink_dta,1.7346010553881064,1.7346010553881064,1.2427450432209073,1.9662826943791876,True,0.36274535629418175,0.027984243675894124,-0.00758330366858466,0.015326594358240932,20
k20_thr,none,7,reitsma,1.7346010553881064,1.7346010553881064,1.5410852487603597,1.539797370927653,True,0.3096235315167864,0.020264033259933718,-0.004224734115629885,0.01423371254604834,20
k20_thr,none,7,reitsma_indep,1.7346010553881064,1.7346010553881064,1.533379391903579,1.5460864857535663,True,0.3244956407912513,0.020127459445197015,0.0,0.014766006000804523,20
k20_thr,none,7,sep_univariate,1.7346010553881064,1.7346010553881064,1.54801437986215,1.5450771665947116,True,0.34257434233556205,0.022832765005284982,0.0,0.01450726102693241,20
k20_thr,none,7,adaptshrink_dta,1.7346010553881064,1.7346010553881064,1.5409076404835509,1.5419634243517883,True,0.3157538357396846,0.020326282935118657,-0.0028707312819062783,0.014249822375007139,20
k20_thr,none,8,reitsma,1.7346010553881064,1.7346010553881064,1.6185754788917164,1.7978381400223973,True,0.2788514171003623,0.016856949932647684,-0.009952868336444312,0.018896183632772526,20
k20_thr,none,8,reitsma_indep,1.7346010553881064,1.7346010553881064,1.6099755883925662,1.7649367483720833,True,0.3149013690142203,0.016328766846898286,0.0,0.01714075614504522,20
k20_thr,none,8,sep_univariate,1.7346010553881064,1.7346010553881064,1.6212586207245183,1.7718613446234917,True,0.3590385440615042,0.01896152998787143,0.0,0.019188588874851854,20
k20_thr,none,8,adaptshrink_dta,1.7346010553881064,1.7346010553881064,1.6232077195991423,1.785664955522057,True,0.3376626287344539,0.017752255177998864,-0.0042341862932667815,0.01913778661192494,20
k20_thr,none,9,reitsma,1.7346010553881064,1.7346010553881064,1.885557700453646,1.4401949054398786,True,0.3654086592691329,0.023172306838526995,-0.016567905700242046,0.02810966659379725,20
k20_thr,none,9,reitsma_indep,1.7346010553881064,1.7346010553881064,1.8976653546961753,1.417105255627133,True,0.5129177700892927,0.028696564239026064,0.0,0.025876161616674876,20
k20_thr,none,9,sep_univariate,1.7346010553881064,1.7346010553881064,1.9229969671426508,1.4183182170798316,True,0.5871748271392044,0.036926484375929575,0.0,0.026353066744974844,20
k20_thr,none,9,adaptshrink_dta,1.7346010553881064,1.7346010553881064,1.8929705256831215,1.4356199106419296,True,0.4842603554019781,0.0249355056750145,-0.00709705332309038,0.02856439915119632,20
k20_thr,none,10,reitsma,1.7346010553881064,1.7346010553881064,1.491469911323776,1.8426662026847354,True,0.42044076097564553,0.019920693273110947,-0.014710614143933326,0.03590924626113096,20
k20_thr,none,10,reitsma_indep,1.7346010553881064,1.7346010553881064,1.4804126352601068,1.8262132564407196,True,0.49847162503068826,0.01982379326537178,0.0,0.03537760186750308,20
k20_thr,none,10,sep_univariate,1.7346010553881064,1.7346010553881064,1.4851828622186127,1.8156299232849384,True,0.4856439329958401,0.020934705270907242,0.0,0.03179825963488413,20
k20_thr,none,10,adaptshrink_dta,1.7346010553881064,1.7346010553881064,1.4956969665374593,1.8435231043892955,True,0.47346360745505084,0.020272567313502226,-0.009989525815404944,0.0361328023239165,20
k20_thr,none,11,reitsma,1.7346010553881064,1.7346010553881064,1.642997369572825,1.6093301840087335,True,0.3772091824869003,0.029520815661515428,-0.012817616286051213,0.019169388377432515,20
k20_thr,none,11,reitsma_indep,1.7346010553881064,1.7346010553881064,1.6208420676269126,1.5924641024432953,True,0.4700662675389245,0.03271041236887711,0.0,0.019066299970661706,20
k20_thr,none,11,sep_univariate,1.7346010553881064,1.7346010553881064,1.6316991038718556,1.594398858854741,True,0.4956301599069374,0.035241247602538085,0.0,0.019674261712859777,20
k20_thr,none,11,adaptshrink_dta,1.7346010553881064,1.7346010553881064,1.6410540656508301,1.6068273419656827,True,0.42600423173857555,0.030416021790345405,-0.008686738443305883,0.0193215926903036,20
k20_thr,none,12,reitsma,1.7346010553881064,1.7346010553881064,1.6074903444712394,1.7149923144249235,True,0.20767989707955,0.011337932544800271,-0.004943038639217421,0.012892191433351897,20
k20_thr,none,12,reitsma_indep,1.7346010553881064,1.7346010553881064,1.6188671477873906,1.7148877943516863,True,0.25002897745910446,0.013228756023713165,0.0,0.013338160822954108,20
k20_thr,none,12,sep_univariate,1.7346010553881064,1.7346010553881064,1.6286411356825472,1.7113316817783841,True,0.25601438981909486,0.014663659137072191,0.0,0.012615970449139775,20
k20_thr,none,12,adaptshrink_dta,1.7346010553881064,1.7346010553881064,1.6142771281283586,1.7171045340963031,True,0.23003188503034372,0.011826857529136406,-0.0020991380123463045,0.013000760311968377,20
k20_thr,none,13,reitsma,1.7346010553881064,1.7346010553881064,1.4084273170052113,1.6342703021824878,True,0.3368721642172288,0.022973481532989004,-0.007448869142997597,0.016357609645893317,20
k20_thr,none,13,reitsma_indep,1.7346010553881064,1.7346010553881064,1.4109501413632481,1.6414594452401876,True,0.37291649614681094,0.02299693598128404,0.0,0.017068190473076148,20
k20_thr,none,13,sep_univariate,1.7346010553881064,1.7346010553881064,1.4197280025283894,1.6441419837924967,True,0.3987372168082893,0.025246823512221923,0.0,0.01777465046337425,20
k20_thr,none,13,adaptshrink_dta,1.7346010553881064,1.7346010553881064,1.4139020148685202,1.6386535630808794,True,0.3544238465809728,0.023132986245622225,-0.005052432731524882,0.01643018472031925,20
k20_thr,none,14,reitsma,1.7346010553881064,1.7346010553881064,1.6066966070716318,1.575191205881997,True,0.3840263784727627,0.019182945759591327,-0.011727144243758795,0.028868243923555695,20
k20_thr,none,14,reitsma_indep,1.7346010553881064,1.7346010553881064,1.6065520354299916,1.5272477918268836,True,0.48943527346486004,0.024956071249584495,0.0,0.02709246876351156,20
k20_thr,none,14,sep_univariate,1.7346010553881064,1.7346010553881064,1.6094486518403806,1.5119196030399404,True,0.46577017675075183,0.026728660112780935,0.0,0.022908699364663856,20
k20_thr,none,14,adaptshrink_dta,1.7346010553881064,1.7346010553881064,1.6051163574709946,1.5643583833372905,True,0.4270862773540108,0.01987097037876506,-0.00792032522270459,0.02906569248315322,20
k20_thr,none,15,reitsma,1.7346010553881064,1.7346010553881064,1.5412212679034956,1.6811103787617023,True,0.4529119378576514,0.03673104646179625,-0.02103146607264756,0.02780482230879199,20
k20_thr,none,15,reitsma_indep,1.7346010553881064,1.7346010553881064,1.5086701068210726,1.6308359688552585,True,0.582760920696704,0.03630497637640602,0.0,0.02640273701704897,20
k20_thr,none,15,sep_univariate,1.7346010553881064,1.7346010553881064,1.5109481501377537,1.605645440209359,True,0.5319928494208195,0.03780920746675234,0.0,0.021127508385518547,20
k20_thr,none,15,adaptshrink_dta,1.7346010553881064,1.7346010553881064,1.5318803105811685,1.6720191854421547,True,0.5498025640296579,0.037201469145245684,-0.01426057047481369,0.028400971431966748,20
k20_thr,none,16,reitsma,1.7346010553881064,1.7346010553881064,1.7137938149960255,1.7510034382811461,True,0.4753857837055647,0.02733758783149318,-0.000875622521521146,0.023360824543242138,20
k20_thr,none,16,reitsma_indep,1.7346010553881064,1.7346010553881064,1.7115212303521374,1.7499616397934092,True,0.4743994768661527,0.027243307503144458,0.0,0.023316471954391484,20
k20_thr,none,16,sep_univariate,1.7346010553881064,1.7346010553881064,1.7190428875065984,1.7510723147256317,True,0.49326686273268994,0.028960960108167698,0.0,0.02371292858198978,20
k20_thr,none,16,adaptshrink_dta,1.7346010553881064,1.7346010553881064,1.7132425559859463,1.750725131677467,True,0.4755648759990436,0.027339948889212203,-0.0005954150452536334,0.023361312565970155,20
k20_thr,none,17,reitsma,1.7346010553881064,1.7346010553881064,1.5727356200546974,1.7607874423438548,True,0.38833562389656484,0.02833187633737035,-0.010283379438324596,0.01875604911985379,20
k20_thr,none,17,reitsma_indep,1.7346010553881064,1.7346010553881064,1.5455786277103636,1.752479553949317,True,0.4418449628656516,0.028679757635012872,0.0,0.0192131514713835,20
k20_thr,none,17,sep_univariate,1.7346010553881064,1.7346010553881064,1.5509183018932524,1.7591479112798822,True,0.4867960163371815,0.030394747155692216,0.0,0.022005425120113796,20
k20_thr,none,17,adaptshrink_dta,1.7346010553881064,1.7346010553881064,1.5670281057963655,1.7596985115429375,True,0.4163306793657718,0.028591937974368247,-0.006984695718960118,0.01881697353720855,20
k20_thr,none,18,reitsma,1.7346010553881064,1.7346010553881064,1.6260081170680012,1.8929412406580042,True,0.594928463372167,0.03543002339244289,-0.012052505621823754,0.03229630723798629,20
k20_thr,none,18,reitsma_indep,1.7346010553881064,1.7346010553881064,1.6193079342996317,1.895947471460712,True,0.6641416662307892,0.036449654785733476,0.0,0.03415563015569549,20
k20_thr,none,18,sep_univariate,1.7346010553881064,1.7346010553881064,1.612318152276308,1.8845380661655495,True,0.6188587462414475,0.034527756948096316,0.0,0.0313075416733654,20
k20_thr,none,18,adaptshrink_dta,1.7346010553881064,1.7346010553881064,1.6259101430787155,1.894916890596439,True,0.621173139334333,0.03565889608075574,-0.00818982283991349,0.03242256136156777,20
k20_thr,none,19,reitsma,1.7346010553881064,1.7346010553881064,1.7634626360181112,1.590033545369817,True,0.27542090038610706,0.013448495288890727,-0.003980789168375443,0.01709873790182591,20
k20_thr,none,19,reitsma_indep,1.7346010553881064,1.7346010553881064,1.7572247529923686,1.5812788840952272,True,0.2683916996555419,0.012345065073550586,0.0,0.016469448048737723,20
k20_thr,none,19,sep_univariate,1.7346010553881064,1.7346010553881064,1.7641557040431946,1.5826525954626447,True,0.2839920003139197,0.013437160930325908,0.0,0.016940996854507336,20
k20_thr,none,19,adaptshrink_dta,1.7346010553881064,1.7346010553881064,1.766124383174357,1.5886883706355444,True,0.28212417356856745,0.013550019281756231,-0.0027026055025210897,0.017118680017919125,20
k20_thr,none,20,reitsma,1.7346010553881064,1.7346010553881064,1.6830023445380402,1.354009043870645,True,0.2411259227455211,0.013856635050580888,-0.007393036251662321,0.015787532974436427,20
k20_thr,none,20,reitsma_indep,1.7346010553881064,1.7346010553881064,1.6891039220458992,1.368572916077148,True,0.29315136017873267,0.014604852098421092,0.0,0.01660813746500528,20
k20_thr,none,20,sep_univariate,1.7346010553881064,1.7346010553881064,1.6881795985978187,1.3656927264658123,True,0.28295190156703565,0.014511234253023258,0.0,0.015572385557107759,20
k20_thr,none,20,adaptshrink_dta,1.7346010553881064,1.7346010553881064,1.6979691034515774,1.3643618678834346,True,0.28020142532390774,0.014600839024819347,-0.003159621554883045,0.015861133512383826,20
k20_thr,none,21,reitsma,1.7346010553881064,1.7346010553881064,1.4787789009762995,1.9311283429229071,True,0.4535139360493098,0.028495896309358233,-0.00461773300526785,0.02112027823172926,20
k20_thr,none,21,reitsma_indep,1.7346010553881064,1.7346010553881064,1.4673843786670795,1.9257311613431805,True,0.4567152347925981,0.027765516930713562,0.0,0.021204083265182236,20
k20_thr,none,21,sep_univariate,1.7346010553881064,1.7346010553881064,1.4691913934798912,1.9113266397751334,True,0.4248737333045121,0.028675778136661546,0.0,0.017768011267552064,20
k20_thr,none,21,adaptshrink_dta,1.7346010553881064,1.7346010553881064,1.476180757673031,1.9299874919715536,True,0.45852948535200233,0.02853151405454696,-0.003138297473244029,0.021144267358231342,20
k20_thr,none,22,reitsma,1.7346010553881064,1.7346010553881064,1.7129599278019951,1.450272636306769,True,0.22998930922578067,0.019932679468497538,-0.008191950527758111,0.010856770786558646,20
k20_thr,none,22,reitsma_indep,1.7346010553881064,1.7346010553881064,1.711504620239129,1.4547631907420369,True,0.29496964699151723,0.021744680451446174,0.0,0.011293690814140401,20
k20_thr,none,22,sep_univariate,1.7346010553881064,1.7346010553881064,1.7274095477392157,1.4562017527585225,True,0.3185174991118291,0.02434875185065418,0.0,0.011760455897051995,20
k20_thr,none,22,adaptshrink_dta,1.7346010553881064,1.7346010553881064,1.7200632291267548,1.4546943600961981,True,0.27938834599468026,0.02109690075384018,-0.0034659005210759407,0.0110125608138177,20
k20_thr,none,23,reitsma,1.7346010553881064,1.7346010553881064,1.8898024245344816,1.521227292284941,True,0.3366562809030343,0.02610161338590771,-0.006059372788526429,0.013662419372514459,20
k20_thr,none,23,reitsma_indep,1.7346010553881064,1.7346010553881064,1.8971606560139664,1.5178777256823934,True,0.36757431311854966,0.026852166188474566,0.0,0.014201860723609237,20
k20_thr,none,23,sep_univariate,1.7346010553881064,1.7346010553881064,1.90667949315164,1.5226371871106958,True,0.40305537393825974,0.03005857647407943,0.0,0.015254405598564412,20
k20_thr,none,23,adaptshrink_dta,1.7346010553881064,1.7346010553881064,1.8945960931226715,1.521102447788555,True,0.34867534226218294,0.02628307616406295,-0.004112139438784701,0.013699079537962134,20
k20_thr,none,24,reitsma,1.7346010553881064,1.7346010553881064,1.348009111823305,1.6188623812080982,True,0.319444956007735,0.01744513744440506,-0.007454423556157049,0.019695509967374,20
k20_thr,none,24,reitsma_indep,1.7346010553881064,1.7346010553881064,1.3803433304131536,1.6218881245579886,True,0.36566025403105884,0.01925346796492634,0.0,0.019601116661911302,20
k20_thr,none,24,sep_univariate,1.7346010553881064,1.7346010553881064,1.3859000902678207,1.6459752881002652,True,0.4390258323478838,0.020416164464079168,0.0,0.026646505427692268,20
k20_thr,none,24,adaptshrink_dta,1.7346010553881064,1.7346010553881064,1.3696246778634662,1.6246685230484748,True,0.35147914765202726,0.017876084360492164,-0.002442451201681665,0.01983939356955754,20
k20_thr,none,25,reitsma,1.7346010553881064,1.7346010553881064,1.687915262599988,1.3304540372790365,True,0.2733519298729282,0.024082761928976137,-0.012635115748784731,0.015386404209965959,20
k20_thr,none,25,reitsma_indep,1.7346010553881064,1.7346010553881064,1.6887133323038248,1.3296032872143917,True,0.36396120125656256,0.024279151057348427,0.0,0.015399653506102997,20
k20_thr,none,25,sep_univariate,1.7346010553881064,1.7346010553881064,1.6921944222619816,1.3290923115607378,True,0.3669560759163387,0.02488865691562393,0.0,0.015270771254956997,20
k20_thr,none,25,adaptshrink_dta,1.7346010553881064,1.7346010553881064,1.7080589108576294,1.3344146550515719,True,0.3638252871190585,0.02570563142381466,-0.005353938462385842,0.015649332715625783,20
k20_thr,none,26,reitsma,1.7346010553881064,1.7346010553881064,1.582369732203925,1.9399641938791414,True,0.38448373645467687,0.024651180337617675,-0.01568228036007278,0.026902485740319667,20
k20_thr,none,26,reitsma_indep,1.7346010553881064,1.7346010553881064,1.5443750370582645,1.9071891231146059,True,0.4892643533193041,0.02636016534565211,0.0,0.025631456603023496,20
k20_thr,none,26,sep_univariate,1.7346010553881064,1.7346010553881064,1.5483739226507867,1.9179964427340808,True,0.5278282820993544,0.027257918075996125,0.0,0.028848743264413144,20
k20_thr,none,26,adaptshrink_dta,1.7346010553881064,1.7346010553881064,1.5611478314285974,1.9284079585097917,True,0.4850491594559012,0.02592220921896381,-0.006692109443750129,0.02734496762301147,20
k20_thr,none,27,reitsma,1.7346010553881064,1.7346010553881064,1.6490174079810942,1.4370213918518153,True,0.2949282342638034,0.029017131062989737,-0.011124032657320029,0.012725339660096039,20
k20_thr,none,27,reitsma_indep,1.7346010553881064,1.7346010553881064,1.6491820716478414,1.4088497697294657,True,0.3716561328932421,0.03186715863291299,0.0,0.01223414242607214,20
k20_thr,none,27,sep_univariate,1.7346010553881064,1.7346010553881064,1.6590779392444266,1.4094763146060618,True,0.3955413861563385,0.035848057950249076,0.0,0.012318348775018046,20
k20_thr,none,27,adaptshrink_dta,1.7346010553881064,1.7346010553881064,1.6525369400008174,1.4307109818878612,True,0.3614545903644897,0.029806849522155347,-0.0047310156450168965,0.013122512925118162,20
k20_thr,none,28,reitsma,1.7346010553881064,1.7346010553881064,1.5364507789650197,1.7633791055392718,True,0.3916331682701827,0.0214983093170904,-0.005290036472098283,0.021438433799103703,20
k20_thr,none,28,reitsma_indep,1.7346010553881064,1.7346010553881064,1.5318829174702062,1.759442585098646,True,0.39560648592309045,0.020904398043885726,0.0,0.021131163340072142,20
k20_thr,none,28,sep_univariate,1.7346010553881064,1.7346010553881064,1.5411629602176697,1.7303083043408922,True,0.3676176639421646,0.02337767695988416,0.0,0.01631644929712705,20
k20_thr,none,28,adaptshrink_dta,1.7346010553881064,1.7346010553881064,1.5374229235708643,1.764369750887126,True,0.3994364223925477,0.021569118618862303,-0.0035939403133032877,0.02147723703601534,20
k20_thr,none,29,reitsma,1.7346010553881064,1.7346010553881064,1.6973428304519003,1.7488925851659791,True,0.3330748539805367,0.02431089385570343,-0.008113065760573262,0.015587538412489237,20
k20_thr,none,29,reitsma_indep,1.7346010553881064,1.7346010553881064,1.693266706659985,1.746897806081563,True,0.3748427973071239,0.02369566749315385,0.0,0.01673646217319664,20
k20_thr,none,29,sep_univariate,1.7346010553881064,1.7346010553881064,1.7079296593792397,1.7626276962673575,True,0.44833715955160675,0.026346316137078767,0.0,0.021533956935986566,20
k20_thr,none,29,adaptshrink_dta,1.7346010553881064,1.7346010553881064,1.7046127811826737,1.7491907956429813,True,0.355000596930757,0.024657306773647993,-0.005509494321352067,0.015657084897809318,20
k20_thr,none,30,reitsma,1.7346010553881064,1.7346010553881064,1.7828869255107769,1.840129680375599,True,0.4066041637148241,0.02166138711871735,-0.008659442817100349,0.025004012521092724,20
k20_thr,none,30,reitsma_indep,1.7346010553881064,1.7346010553881064,1.7178394075326961,1.8485365942918426,True,0.4441141723239199,0.02119141324832278,0.0,0.026270214024694153,20
k20_thr,none,30,sep_univariate,1.7346010553881064,1.7346010553881064,1.734293009816526,1.8508428396103451,True,0.48875519164665104,0.02357075829813241,0.0,0.028605100609767658,20
k20_thr,none,30,adaptshrink_dta,1.7346010553881064,1.7346010553881064,1.7687485092606985,1.8428678519320154,True,0.42846291243603407,0.022073020424347743,-0.005871428339019251,0.02503644297810667,20
k20_thr,none,31,reitsma,1.7346010553881064,1.7346010553881064,1.681506709865249,1.6923531463723893,True,0.3979122547583963,0.03669302184650387,-0.017301464139519298,0.02033735906596079,20
k20_thr,none,31,reitsma_indep,1.7346010553881064,1.7346010553881064,1.60987027928398,1.6776124748766825,True,0.4917970478402946,0.036172037440802766,0.0,0.01887266061441125,20
k20_thr,none,31,sep_univariate,1.7346010553881064,1.7346010553881064,1.636038991448386,1.6774177846149507,True,0.5340424948059802,0.04288963492709206,0.0,0.01876867220774989,20
k20_thr,none,31,adaptshrink_dta,1.7346010553881064,1.7346010553881064,1.6748876117936513,1.6917898053633287,True,0.47968867096764856,0.03829256527564384,-0.011693183080181312,0.02053118390936527,20
k20_thr,none,32,reitsma,1.7346010553881064,1.7346010553881064,1.6033734390891774,1.6101775827858227,True,0.2536989568102742,0.01867894943314165,-0.003195320793568656,0.010272270880220563,20
k20_thr,none,32,reitsma_indep,1.7346010553881064,1.7346010553881064,1.597314306889266,1.6032035145926478,True,0.2593687781884521,0.018599729540806676,0.0,0.010208525787120745,20
k20_thr,none,32,sep_univariate,1.7346010553881064,1.7346010553881064,1.6039942651673418,1.6056078072109896,True,0.2795484807315425,0.02065168835981754,0.0,0.0106805342442434,20
k20_thr,none,32,adaptshrink_dta,1.7346010553881064,1.7346010553881064,1.6022814458586654,1.6084840108231153,True,0.258194419162812,0.01873177686018052,-0.002170054117617772,0.010296376263045002,20
k20_thr,none,33,reitsma,1.7346010553881064,1.7346010553881064,1.449829026264462,1.8372359151997508,True,0.42851252785104715,0.02803251790936359,-0.014571370343451302,0.02606262816005159,20
k20_thr,none,33,reitsma_indep,1.7346010553881064,1.7346010553881064,1.4236796799386797,1.8117135150707748,True,0.5074564483698444,0.02719443275985254,0.0,0.026727098464210272,20
k20_thr,none,33,sep_univariate,1.7346010553881064,1.7346010553881064,1.4272557379491209,1.8164130861147,True,0.5340163412803605,0.02867721609200997,0.0,0.028067670658870853,20
k20_thr,none,33,adaptshrink_dta,1.7346010553881064,1.7346010553881064,1.4454062097669036,1.833052959171802,True,0.4789530202717766,0.028357126486554883,-0.009893047633259752,0.02628415333613004,20
k20_thr,none,34,reitsma,1.7346010553881064,1.7346010553881064,1.5269051179037274,1.8696305047815036,True,0.41645321222877,0.04024676627737418,-0.018336288643512586,0.020516810199678284,20
k20_thr,none,34,reitsma_indep,1.7346010553881064,1.7346010553881064,1.5398448109947747,1.8782085894265734,True,0.6114232866750303,0.04864034299326509,0.0,0.02169309852280209,20
k20_thr,none,34,sep_univariate,1.7346010553881064,1.7346010553881064,1.5142501379458213,1.8829703476254434,True,0.6085418357961633,0.04415461649679142,0.0,0.023672222296646887,20
k20_thr,none,34,adaptshrink_dta,1.7346010553881064,1.7346010553881064,1.5430629981911745,1.8781698903374007,True,0.5462638956452692,0.04317068400833256,-0.007793111955736217,0.020916490113247886,20
k20_thr,none,35,reitsma,1.7346010553881064,1.7346010553881064,1.4399894200683092,1.7641250487025046,True,0.23555472443672473,0.01345169249881615,-0.0023450258363193013,0.012051165670591793,20
k20_thr,none,35,reitsma_indep,1.7346010553881064,1.7346010553881064,1.441404195500511,1.7647121737991538,True,0.23906112919585315,0.013515361640952338,0.0,0.011935057868737343,20
k20_thr,none,35,sep_univariate,1.7346010553881064,1.7346010553881064,1.4458458564300363,1.7602301909983615,True,0.23416048214705323,0.014230107344841786,0.0,0.010875601803336793,20
k20_thr,none,35,adaptshrink_dta,1.7346010553881064,1.7346010553881064,1.4412813898042256,1.7649234893725985,True,0.2382731817833188,0.01349554279101626,-0.0015925689546905525,0.012061857623169657,20
k20_thr,none,36,reitsma,1.7346010553881064,1.7346010553881064,1.7152278659822888,1.7065696063360354,True,0.27137418277849423,0.019037570035644328,-0.004001093391173815,0.011759323271771475,20
k20_thr,none,36,reitsma_indep,1.7346010553881064,1.7346010553881064,1.7081263968111926,1.7072143413579544,True,0.28430020116273663,0.019845579931366913,0.0,0.011495419021523911,20
k20_thr,none,36,sep_univariate,1.7346010553881064,1.7346010553881064,1.714521146099286,1.708872766017302,True,0.3003929347028621,0.020749348224802674,0.0,0.012274653327044445,20
k20_thr,none,36,adaptshrink_dta,1.7346010553881064,1.7346010553881064,1.7138994425275602,1.707520298403735,True,0.2783971203942788,0.019194202095284905,-0.0027146784344034736,0.011781025194393552,20
k20_thr,none,37,reitsma,1.7346010553881064,1.7346010553881064,1.5485882148045704,1.7635600063759362,True,0.2708030231241604,0.009702233807513031,-0.0015026910759758578,0.02156660344009367,20
k20_thr,none,37,reitsma_indep,1.7346010553881064,1.7346010553881064,1.5400772965397165,1.7637803622649508,True,0.27253959068413725,0.009704798590971045,0.0,0.021602645501130106,20
k20_thr,none,37,sep_univariate,1.7346010553881064,1.7346010553881064,1.5483890599537904,1.7620803799902383,True,0.28066353268273503,0.0105775209477646,0.0,0.02101949837590363,20
k20_thr,none,37,adaptshrink_dta,1.7346010553881064,1.7346010553881064,1.5461682751489056,1.7637484351192747,True,0.2717826203367806,0.009714168254584708,-0.0010218069369693555,0.021569570932781282,20
k20_thr,none,38,reitsma,1.7346010553881064,1.7346010553881064,1.540158237237008,1.6841965535923773,True,0.2735536690808771,0.00828186086917496,0.0022849299748968896,0.0261334114525389,20
k20_thr,none,38,reitsma_indep,1.7346010553881064,1.7346010553881064,1.5398456421657651,1.683792406112899,True,0.2726804778656687,0.008043176189984095,0.0,0.026092445049147445,20
k20_thr,none,38,sep_univariate,1.7346010553881064,1.7346010553881064,1.5555203956462471,1.6877887381951986,True,0.3065664473162638,0.009580022442071333,0.0,0.02768961915879431,20
k20_thr,none,38,adaptshrink_dta,1.7346010553881064,1.7346010553881064,1.5426528577410514,1.684233709992527,True,0.2772721976307526,0.00833737823167204,0.0009815910500680397,0.02614216490138378,20
k20_thr,none,39,reitsma,1.7346010553881064,1.7346010553881064,1.4058560076079565,1.836478833537557,True,0.4241316035436269,0.024147954971474993,-0.005039917764690701,0.022077809109179645,20
k20_thr,none,39,reitsma_indep,1.7346010553881064,1.7346010553881064,1.3988365132672096,1.8280287587995954,True,0.434942110174206,0.02446528608626964,0.0,0.02182462964825831,20
k20_thr,none,39,sep_univariate,1.7346010553881064,1.7346010553881064,1.401495545729454,1.8218754749595838,True,0.42045075730136944,0.02579969936181522,0.0,0.019339707428652656,20
k20_thr,none,39,adaptshrink_dta,1.7346010553881064,1.7346010553881064,1.4038617292724396,1.8343695010796337,True,0.4301712093754153,0.024171711754891183,-0.003426275348964817,0.02209341508085249,20
k20_thr,none,40,reitsma,1.7346010553881064,1.7346010553881064,1.3045304841056196,1.5682434541467956,True,0.24037283138988272,0.014017177577713836,-0.011339608193371155,0.020807921955262727,20
k20_thr,none,40,reitsma_indep,1.7346010553881064,1.7346010553881064,1.243884429911426,1.5425853306354869,True,0.3186514055999085,0.0146950033237187,0.0,0.019502768037167162,20
k20_thr,none,40,sep_univariate,1.7346010553881064,1.7346010553881064,1.2526295789762532,1.5483178190467366,True,0.37078225857936087,0.01684202337956856,0.0,0.023039756889479294,20
k20_thr,none,40,adaptshrink_dta,1.7346010553881064,1.7346010553881064,1.2703908353779891,1.555577055718235,True,0.3233857300344115,0.015176691146674236,-0.0048184928661329845,0.020978909233282838,20
k20_thr,none,41,reitsma,1.7346010553881064,1.7346010553881064,1.5467767113327013,1.8042487088964771,True,0.2835105321178955,0.018518303015420286,-0.004430296202076629,0.013310896823178358,20
k20_thr,none,41,reitsma_indep,1.7346010553881064,1.7346010553881064,1.5670482120000016,1.796256951753235,True,0.30332208788812065,0.01936750048464168,0.0,0.01340814706890613,20
k20_thr,none,41,sep_univariate,1.7346010553881064,1.7346010553881064,1.5741813573061296,1.8117441441398103,True,0.334542879488851,0.02094386208401054,0.0,0.015082768972702802,20
k20_thr,none,41,adaptshrink_dta,1.7346010553881064,1.7346010553881064,1.554014879681579,1.8041797915784465,True,0.2920101848616086,0.01862690377264844,-0.0030057571450180552,0.013405833990210664,20
k20_thr,none,42,reitsma,1.7346010553881064,1.7346010553881064,1.5387176634341226,1.7741482035108525,True,0.3317937473932718,0.013001875894097145,-0.0023813553045320666,0.0243343265079024,20
k20_thr,none,42,reitsma_indep,1.7346010553881064,1.7346010553881064,1.5426514607970412,1.7776129253299104,True,0.34562839987471483,0.013707315628200515,0.0,0.02459805087097869,20
k20_thr,none,42,sep_univariate,1.7346010553881064,1.7346010553881064,1.544194221203148,1.7805928930287003,True,0.3561029418977349,0.01387033719544287,0.0,0.02580467364771977,20
k20_thr,none,42,adaptshrink_dta,1.7346010553881064,1.7346010553881064,1.5384526706552493,1.7752142100101633,True,0.333829578876422,0.01303111612163574,-0.0016186618428891018,0.024339117784654477,20
k20_thr,none,43,reitsma,1.7346010553881064,1.7346010553881064,1.710451014255728,1.7765532573021128,True,0.16804972101644824,0.014876341163103287,0.002011912608648774,0.00563023191570537,20
k20_thr,none,43,reitsma_indep,1.7346010553881064,1.7346010553881064,1.7120908001666237,1.7711622826119,True,0.17644287869111258,0.015192158891353804,0.0,0.005783930189193684,20
k20_thr,none,43,sep_univariate,1.7346010553881064,1.7346010553881064,1.7170459553868864,1.7722744681048133,True,0.18131399856765543,0.01567430948210772,0.0,0.005919820260273477,20
k20_thr,none,43,adaptshrink_dta,1.7346010553881064,1.7346010553881064,1.7118360277914375,1.7751611154481108,True,0.17119051513206401,0.014963427092229446,0.0013620050602945442,0.0056519035220420994,20
k20_thr,none,44,reitsma,1.7346010553881064,1.7346010553881064,1.7763605480989009,1.4794171753993521,True,0.34316150541120355,0.019271235940670036,-0.002226145409945838,0.017504484667074074,20
k20_thr,none,44,reitsma_indep,1.7346010553881064,1.7346010553881064,1.77483319566992,1.4766064227277873,True,0.3424944847687642,0.018919847678455653,0.0,0.017499425697356952,20
k20_thr,none,44,sep_univariate,1.7346010553881064,1.7346010553881064,1.777347214165415,1.4810321289583723,True,0.3664209576134459,0.02010629483598766,0.0,0.01884789401438371,20
k20_thr,none,44,adaptshrink_dta,1.7346010553881064,1.7346010553881064,1.776255475067288,1.4786927421119436,True,0.3446728071295088,0.019282644593155082,-0.001513520446149259,0.017508082727764593,20
k20_thr,none,45,reitsma,1.7346010553881064,1.7346010553881064,1.721136102634879,1.651114031716778,True,0.35167143188992384,0.020375457392457396,-0.004532924482490878,0.018140163346185956,20
k20_thr,none,45,reitsma_indep,1.7346010553881064,1.7346010553881064,1.7199703531615391,1.6548599230491539,True,0.36250210229076923,0.020084138698986342,0.0,0.018467245138054242,20
k20_thr,none,45,sep_univariate,1.7346010553881064,1.7346010553881064,1.7268364194889307,1.6445014130015574,True,0.3527323344328388,0.02141806949400958,0.0,0.01639624838498018,20
k20_thr,none,45,adaptshrink_dta,1.7346010553881064,1.7346010553881064,1.7228190479316243,1.6526952221248659,True,0.35818578491760444,0.020456473645366784,-0.0030795398071514156,0.01816550973787052,20
k20_thr,none,46,reitsma,1.7346010553881064,1.7346010553881064,1.6038063714317636,1.3241973659890884,True,0.4384211888897828,0.028921509999596032,-0.013311231227246171,0.024884968192093928,20
k20_thr,none,46,reitsma_indep,1.7346010553881064,1.7346010553881064,1.5441391411664191,1.3163634444927377,True,0.4832177660126394,0.027265044948512906,0.0,0.024172069560012548,20
k20_thr,none,46,sep_univariate,1.7346010553881064,1.7346010553881064,1.5469006430876824,1.316291950460706,True,0.4877234365275621,0.02788230702351803,0.0,0.024079796494968702,20
k20_thr,none,46,adaptshrink_dta,1.7346010553881064,1.7346010553881064,1.591462164555421,1.3224028460566164,True,0.48066283427091855,0.02941041118148536,-0.009029094302338956,0.024944441279066188,20
k20_thr,none,47,reitsma,1.7346010553881064,1.7346010553881064,1.363946840057315,1.6319612703144022,True,0.2654622657419145,0.021711605122818917,-0.007414211371188852,0.011692956564853167,20
k20_thr,none,47,reitsma_indep,1.7346010553881064,1.7346010553881064,1.3682214649322149,1.6369507359321103,True,0.3096643084786224,0.021405493173278976,0.0,0.012644199301477721,20
k20_thr,none,47,sep_univariate,1.7346010553881064,1.7346010553881064,1.370280168825012,1.6358733224960185,True,0.31066070754092767,0.021864278800279864,0.0,0.012458672347795331,20
k20_thr,none,47,adaptshrink_dta,1.7346010553881064,1.7346010553881064,1.372843109217629,1.6363687174776778,True,0.2888048979847479,0.02203254304385234,-0.005004468644852363,0.011821818158328369,20
k20_thr,none,48,reitsma,1.7346010553881064,1.7346010553881064,1.66858857539749,1.4665610200527086,True,0.23288466176671677,0.01860017667719321,-0.008329121209401382,0.011959747097161952,20
k20_thr,none,48,reitsma_indep,1.7346010553881064,1.7346010553881064,1.6522882255383062,1.4384680603059528,True,0.2926999945248598,0.019762115281290824,0.0,0.012236191554958756,20
k20_thr,none,48,sep_univariate,1.7346010553881064,1.7346010553881064,1.6549288928771337,1.452539800844585,True,0.3352175282120514,0.021119202652188737,0.0,0.01501793389007953,20
k20_thr,none,48,adaptshrink_dta,1.7346010553881064,1.7346010553881064,1.6618008577737695,1.4557314016205993,True,0.28198287792719773,0.019244918632004615,-0.0035262571400940705,0.012307866392723065,20
k20_thr,none,49,reitsma,1.7346010553881064,1.7346010553881064,1.1393598334885735,1.8276900530666909,True,0.24632944127956732,0.010479264619754689,-0.005710424300313774,0.019454921636848563,20
k20_thr,none,49,reitsma_indep,1.7346010553881064,1.7346010553881064,1.102992144405007,1.8284266678985235,True,0.27572210106227135,0.01053700264503536,0.0,0.020363870959800717,20
k20_thr,none,49,sep_univariate,1.7346010553881064,1.7346010553881064,1.1109086632280183,1.8356421765280455,True,0.3086970485647024,0.011748465944648885,0.0,0.022893809202418302,20
k20_thr,none,49,adaptshrink_dta,1.7346010553881064,1.7346010553881064,1.1275177780260728,1.827607459344915,True,0.2619916239044691,0.010689489114325462,-0.003869792978050759,0.019524856484023474,20
k20_thr,none,50,reitsma,1.7346010553881064,1.7346010553881064,1.4140553437230088,1.6979767297986312,True,0.4108053294403821,0.02926197197938492,-0.017037850068744708,0.026198393523507897,20
k20_thr,none,50,reitsma_indep,1.7346010553881064,1.7346010553881064,1.479680392881171,1.7025821379097117,True,0.5743597857215893,0.036444140979866375,0.0,0.025549040724502446,20
k20_thr,none,50,sep_univariate,1.7346010553881064,1.7346010553881064,1.4863202054319713,1.6883026845350873,True,0.5494525243270616,0.0382841120257521,0.0,0.02225748218964487,20
k20_thr,none,50,adaptshrink_dta,1.7346010553881064,1.7346010553881064,1.4470168937472785,1.7123070701124807,True,0.48578150384728297,0.030149032163689728,-0.011531602097632047,0.02650308092356668,20
k20_thr,none,51,reitsma,1.7346010553881064,1.7346010553881064,1.734897301849521,1.6147197455704019,True,0.36317046211037013,0.026740286237001705,-0.00620286364111169,0.015360462833391335,20
k20_thr,none,51,reitsma_indep,1.7346010553881064,1.7346010553881064,1.691023107967266,1.604614709104896,True,0.359303950310049,0.024374480895544826,0.0,0.014949369475995044,20
k20_thr,none,51,sep_univariate,1.7346010553881064,1.7346010553881064,1.7061257014316498,1.6081340016054924,True,0.3949542588862725,0.02731362145432739,0.0,0.01611938927414583,20
k20_thr,none,51,adaptshrink_dta,1.7346010553881064,1.7346010553881064,1.7284851095848899,1.6124206679819129,True,0.3759765399127794,0.027060603116308563,-0.004205710904297155,0.015397744835380261,20
k20_thr,none,52,reitsma,1.7346010553881064,1.7346010553881064,1.6059358163750395,1.7971441887533872,True,0.21047830394668357,0.007608124199882052,-0.0037616021369103825,0.01829486995582119,20
k20_thr,none,52,reitsma_indep,1.7346010553881064,1.7346010553881064,1.5709198689093726,1.796566771630989,True,0.20485581994437102,0.00659842094220721,0.0,0.017951091590478686,20
k20_thr,none,52,sep_univariate,1.7346010553881064,1.7346010553881064,1.593578452360188,1.7890659337042594,True,0.22788045802050944,0.009465738055489666,0.0,0.015484384686768491,20
k20_thr,none,52,adaptshrink_dta,1.7346010553881064,1.7346010553881064,1.5948421264936592,1.7983017880552472,True,0.22803034359369134,0.008138110846086446,-0.0015972147107293027,0.01834763634733603,20
k20_thr,none,53,reitsma,1.7346010553881064,1.7346010553881064,1.6132044429727157,1.8314045003118538,True,0.2688350731738731,0.01954683830458535,-0.0065039514932476545,0.012599996318418282,20
k20_thr,none,53,reitsma_indep,1.7346010553881064,1.7346010553881064,1.5997930153439661,1.8208544976199392,True,0.28859051024219334,0.019857228850032906,0.0,0.011838037681013037,20
k20_thr,none,53,sep_univariate,1.7346010553881064,1.7346010553881064,1.6066566692323847,1.8249671770232316,True,0.30570543618884544,0.02090806659007794,0.0,0.012616146271100128,20
k20_thr,none,53,adaptshrink_dta,1.7346010553881064,1.7346010553881064,1.6170565841199784,1.8327063208770493,True,0.28942460966343714,0.020018805562951537,-0.004373512664813283,0.01276594780574241,20
k20_thr,none,54,reitsma,1.7346010553881064,1.7346010553881064,1.769651324926843,1.8369722061834728,True,0.3514984515037296,0.017033030594124855,-0.003917904216838008,0.021374550965901937,20
k20_thr,none,54,reitsma_indep,1.7346010553881064,1.7346010553881064,1.7605260299261587,1.8266434231720194,True,0.34327449560574896,0.016117685409635468,0.0,0.020635484374819036,20
k20_thr,none,54,sep_univariate,1.7346010553881064,1.7346010553881064,1.7635524764210613,1.8285152286379478,True,0.353822213986503,0.01667609218255848,0.0,0.02118898586056126,20
k20_thr,none,54,adaptshrink_dta,1.7346010553881064,1.7346010553881064,1.7697280357752636,1.8353485908151288,True,0.356633403232296,0.017105674783552034,-0.0026607344469816345,0.021400275996239695,20
k20_thr,none,55,reitsma,1.7346010553881064,1.7346010553881064,1.635990619819535,1.46582248552687,True,0.42467917278879197,0.034576492585846386,-0.017906859014694784,0.02399608974025959,20
k20_thr,none,55,reitsma_indep,1.7346010553881064,1.7346010553881064,1.5838004007962676,1.4628414595201256,True,0.5183485630349929,0.030389873808759783,0.0,0.024954516979503714,20
k20_thr,none,55,sep_univariate,1.7346010553881064,1.7346010553881064,1.5847055569605648,1.468914321334826,True,0.556864146401301,0.030586416378397173,0.0,0.02861568748606372,20
k20_thr,none,55,adaptshrink_dta,1.7346010553881064,1.7346010553881064,1.639647022802764,1.465696992791368,True,0.5037289304829001,0.03573506192622069,-0.012108646879034722,0.024144606370654926,20
k20_thr,none,56,reitsma,1.7346010553881064,1.7346010553881064,1.7481814574028425,1.6280591559145638,True,0.36528951401921944,0.03696504475521397,-0.011469066523740997,0.01374715181928473,20
k20_thr,none,56,reitsma_indep,1.7346010553881064,1.7346010553881064,1.7059235305989275,1.6192950884455677,True,0.4263860101110601,0.03405256306531431,0.0,0.01506920547755368,20
k20_thr,none,56,sep_univariate,1.7346010553881064,1.7346010553881064,1.7154596987814454,1.6188613428291325,True,0.44511489177605945,0.03733734959729372,0.0,0.014977351743757956,20
k20_thr,none,56,adaptshrink_dta,1.7346010553881064,1.7346010553881064,1.7314287846844665,1.6216387485121881,True,0.42469876023763914,0.03752641195125695,-0.003778826252322963,0.0139467505214028,20
k20_thr,none,57,reitsma,1.7346010553881064,1.7346010553881064,1.6647456119602997,1.4390218069042169,True,0.33875596448842415,0.041771655311593825,-0.01937837654430675,0.016743875697827915,20
k20_thr,none,57,reitsma_indep,1.7346010553881064,1.7346010553881064,1.6049253394590408,1.4448252620036224,True,0.48685503255012447,0.037525768224758185,0.0,0.017828056521610118,20
k20_thr,none,57,sep_univariate,1.7346010553881064,1.7346010553881064,1.6073348254882085,1.4511692605263373,True,0.5229854981496743,0.03814523755963412,0.0,0.020238263030342523,20
k20_thr,none,57,adaptshrink_dta,1.7346010553881064,1.7346010553881064,1.6596169794742126,1.4499394784951085,True,0.4938385006687378,0.04394636705444742,-0.00823812474858472,0.01720753211648066,20
k20_thr,none,58,reitsma,1.7346010553881064,1.7346010553881064,1.2740028872196194,1.906074036905967,True,0.2722175375109999,0.019664264943874972,-0.009127490850631187,0.014872929741999526,20
k20_thr,none,58,reitsma_indep,1.7346010553881064,1.7346010553881064,1.235252912352828,1.8926519299094366,True,0.3003276181347867,0.020058471260640136,0.0,0.012691909886182526,20
k20_thr,none,58,sep_univariate,1.7346010553881064,1.7346010553881064,1.23152827265896,1.896726010649409,True,0.3175485650348163,0.019536585959218717,0.0,0.014568200282825055,20
k20_thr,none,58,adaptshrink_dta,1.7346010553881064,1.7346010553881064,1.2665147159637455,1.9046557644044826,True,0.3073296833622376,0.020271351660940413,-0.006151605007169293,0.015017838915259688,20
k20_thr,none,59,reitsma,1.7346010553881064,1.7346010553881064,1.3714895817763475,1.8435990985165498,True,0.36949694861970517,0.022609178971935484,-0.004398223237568861,0.01789958471443324,20
k20_thr,none,59,reitsma_indep,1.7346010553881064,1.7346010553881064,1.3599615258137465,1.8476434630018843,True,0.3736143967383581,0.021925738057164506,0.0,0.017969138300040155,20
k20_thr,none,59,sep_univariate,1.7346010553881064,1.7346010553881064,1.3617614414268837,1.8530517195320841,True,0.3959081911383488,0.02224134966001154,0.0,0.019891251270009864,20
k20_thr,none,59,adaptshrink_dta,1.7346010553881064,1.7346010553881064,1.3707612984159763,1.8455764076477585,True,0.37535168385251394,0.02269480555911093,-0.0029880171061497595,0.017915439599853027,20
k20_thr,none,60,reitsma,1.7346010553881064,1.7346010553881064,1.6271233721146363,1.7573743307148586,True,0.4329521121097486,0.030363244238934932,-0.009366181681383607,0.020313916297177007,20
k20_thr,none,60,reitsma_indep,1.7346010553881064,1.7346010553881064,1.6035118947987457,1.735316171322554,True,0.4675660670953504,0.03063120294364909,0.0,0.020144485741420047,20
k20_thr,none,60,sep_univariate,1.7346010553881064,1.7346010553881064,1.6082951716873355,1.7348140813854365,True,0.47829925043742594,0.032329481250909564,0.0,0.019972615041957253,20
k20_thr,none,60,adaptshrink_dta,1.7346010553881064,1.7346010553881064,1.6131676678727505,1.7439832262674375,True,0.4666242483716412,0.030582243386343345,-0.0030892816120795456,0.020407598604434217,20
k20_thr,none,61,reitsma,1.7346010553881064,1.7346010553881064,1.6143030239400467,1.6443907606264778,True,0.26306003518318116,0.014901025283566198,-0.004898402173788486,0.014717989195932287,20
k20_thr,none,61,reitsma_indep,1.7346010553881064,1.7346010553881064,1.5814482982586706,1.650709227934444,True,0.27718949568843304,0.014624856808421051,0.0,0.014828464471863477,20
k20_thr,none,61,sep_univariate,1.7346010553881064,1.7346010553881064,1.597775310559115,1.653205945368959,True,0.3012932196472802,0.01610641547047601,0.0,0.015907945189167272,20
k20_thr,none,61,adaptshrink_dta,1.7346010553881064,1.7346010553881064,1.61227014171549,1.6478259112725235,True,0.2751552339330492,0.015219746411304027,-0.0033146607298633704,0.014762384150596733,20
k20_thr,none,62,reitsma,1.7346010553881064,1.7346010553881064,1.7854277076009333,1.924320305848338,True,0.4062993891101626,0.04070390923103543,-0.010674533264626175,0.01424634721008625,20
k20_thr,none,62,reitsma_indep,1.7346010553881064,1.7346010553881064,1.7202892399731973,1.8992036471713647,True,0.43200943943986897,0.03669997210220056,0.0,0.014353407187198797,20
k20_thr,none,62,sep_univariate,1.7346010553881064,1.7346010553881064,1.7223744612462795,1.901160765793219,True,0.4395917374264911,0.0370786326549347,0.0,0.014709895864466834,20
k20_thr,none,62,adaptshrink_dta,1.7346010553881064,1.7346010553881064,1.7813469555382744,1.9187783335708213,True,0.4403817607022385,0.04145575112818192,-0.007216200359948819,0.014460202954202883,20
k20_thr,none,63,reitsma,1.7346010553881064,1.7346010553881064,1.3595661117972062,1.6075935471648306,True,0.5344365882025389,0.030890255864440993,-0.006188632206695433,0.02733772009118649,20
k20_thr,none,63,reitsma_indep,1.7346010553881064,1.7346010553881064,1.3424747523856773,1.6067367910449903,True,0.533653974888995,0.029385196614897007,0.0,0.02735427213556685,20
k20_thr,none,63,sep_univariate,1.7346010553881064,1.7346010553881064,1.355622782177896,1.5976526280669117,True,0.5500467357619068,0.03573649033056571,0.0,0.023895798751754713,20
k20_thr,none,63,adaptshrink_dta,1.7346010553881064,1.7346010553881064,1.356003498109489,1.6079417240216645,True,0.5418249962598787,0.03094021808215905,-0.004206938729004856,0.027353151536533938,20
k20_thr,none,64,reitsma,1.7346010553881064,1.7346010553881064,1.7774780650867852,1.573571293811869,True,0.2578944402183127,0.021285185346211707,-0.010115065552961648,0.013626278854908738,20
k20_thr,none,64,reitsma_indep,1.7346010553881064,1.7346010553881064,1.7111223075419821,1.5663506558825386,True,0.324993500994296,0.019204595243898427,0.0,0.015523100213213202,20
k20_thr,none,64,sep_univariate,1.7346010553881064,1.7346010553881064,1.724156265432879,1.569347624605473,True,0.3562713336131671,0.021326517676131026,0.0,0.016798715648113232,20
k20_thr,none,64,adaptshrink_dta,1.7346010553881064,1.7346010553881064,1.7376449994392675,1.5634034747977912,True,0.3295227568777124,0.022333876869275494,-0.0010077567436586176,0.013768216740795692,20
k20_thr,none,65,reitsma,1.7346010553881064,1.7346010553881064,1.5653415348835098,1.5039946223804865,True,0.28278689230627935,0.021456901500351712,-0.015806702572240205,0.022163633192310586,20
k20_thr,none,65,reitsma_indep,1.7346010553881064,1.7346010553881064,1.551822070050329,1.4868740481932576,True,0.3743037763470934,0.019467305067215696,0.0,0.020313130084979283,20
k20_thr,none,65,sep_univariate,1.7346010553881064,1.7346010553881064,1.5578210652495255,1.469912414201275,True,0.35357404557474476,0.02087877489628822,0.0,0.016900128641092166,20
k20_thr,none,65,adaptshrink_dta,1.7346010553881064,1.7346010553881064,1.579043912465876,1.5075327871363158,True,0.40914783277411365,0.02279634763639399,-0.006706056450950066,0.022699405482355006,20
k20_thr,none,66,reitsma,1.7346010553881064,1.7346010553881064,1.7594139608500297,1.8126593087464933,True,0.5417270110315615,0.04254406662807761,-0.01818488101400854,0.02724244433392289,20
k20_thr,none,66,reitsma_indep,1.7346010553881064,1.7346010553881064,1.7377795856820641,1.7773283717540906,True,0.636633712254805,0.04314755436005304,0.0,0.026512906933557418,20
k20_thr,none,66,sep_univariate,1.7346010553881064,1.7346010553881064,1.7332373858403103,1.7641330841231078,True,0.5821788846809299,0.04128736253320913,0.0,0.023170212974926642,20
k20_thr,none,66,adaptshrink_dta,1.7346010553881064,1.7346010553881064,1.7583922936380574,1.8065280187031034,True,0.6048459222210637,0.04305676101029743,-0.012340572510847083,0.027518788534936573,20
k20_thr,none,67,reitsma,1.7346010553881064,1.7346010553881064,1.5418821371478284,1.8689636986108642,True,0.49042656646707106,0.03270642034542612,-0.00754218036686026,0.022495511252815927,20
k20_thr,none,67,reitsma_indep,1.7346010553881064,1.7346010553881064,1.522805859945295,1.8514907477619618,True,0.49823665700180714,0.032058824014087564,0.0,0.02185536346103869,20
k20_thr,none,67,sep_univariate,1.7346010553881064,1.7346010553881064,1.5277869007445763,1.849096504149431,True,0.5036979579670902,0.033712064469088615,0.0,0.0212417013501789,20
k20_thr,none,67,adaptshrink_dta,1.7346010553881064,1.7346010553881064,1.5323525794592543,1.8604159234921112,True,0.510593398912898,0.03285382729852835,-0.0024880896358086837,0.022585884102327775,20
k20_thr,none,68,reitsma,1.7346010553881064,1.7346010553881064,1.8113451290217792,1.6719585041995717,True,0.3531613611190998,0.014053423176891428,-0.005470977442795736,0.027179311663803073,20
k20_thr,none,68,reitsma_indep,1.7346010553881064,1.7346010553881064,1.7894270630565277,1.6709179542304542,True,0.3713625715457582,0.014012658422945336,0.0,0.027778576847792957,20
k20_thr,none,68,sep_univariate,1.7346010553881064,1.7346010553881064,1.8017472720155598,1.669360334874929,True,0.3870803596894414,0.015667870496274657,0.0,0.026991471741248982,20
k20_thr,none,68,adaptshrink_dta,1.7346010553881064,1.7346010553881064,1.8067376120163963,1.6721686116101435,True,0.3638077858101387,0.014242550204435833,-0.003715801038107136,0.027198960179981746,20
k20_thr,none,69,reitsma,1.7346010553881064,1.7346010553881064,1.4477634840864326,1.906743380594544,True,0.33188869505059887,0.019416723268146724,-0.01091534275509647,0.022148104079557526,20
k20_thr,none,69,reitsma_indep,1.7346010553881064,1.7346010553881064,1.4204066988731068,1.909070082007599,True,0.3876314224456127,0.01931762068628586,0.0,0.021954248846777814,20
k20_thr,none,69,sep_univariate,1.7346010553881064,1.7346010553881064,1.4364672305112451,1.9173263078037541,True,0.4551242464444699,0.022676499253460852,0.0,0.02578209490255042,20
k20_thr,none,69,adaptshrink_dta,1.7346010553881064,1.7346010553881064,1.444425119399462,1.91121325707521,True,0.36906885106958914,0.01977021119507203,-0.007413106912844767,0.02222597840781071,20
k20_thr,none,70,reitsma,1.7346010553881064,1.7346010553881064,1.4958937426556964,1.6390780744801412,True,0.41263655254625475,0.02134276934777208,-0.011695000177071651,0.02892583471850599,20
k20_thr,none,70,reitsma_indep,1.7346010553881064,1.7346010553881064,1.4488224022038905,1.6375078055275611,True,0.4648891090661525,0.020975703261292895,0.0,0.02908147839176265,20
k20_thr,none,70,sep_univariate,1.7346010553881064,1.7346010553881064,1.456411548262294,1.6373789546801385,True,0.48202529818973994,0.022663327287139632,0.0,0.02893678385221039,20
k20_thr,none,70,adaptshrink_dta,1.7346010553881064,1.7346010553881064,1.484184470071071,1.6389929540235793,True,0.4478819091561294,0.02172003259967059,-0.00793864653870771,0.028969153279437977,20
k20_thr,none,71,reitsma,1.7346010553881064,1.7346010553881064,1.7781951522759807,1.6107751553261371,True,0.31095471214063564,0.01684018410826653,-0.0077055389815163635,0.019732031953945857,20
k20_thr,none,71,reitsma_indep,1.7346010553881064,1.7346010553881064,1.792630631805933,1.6169206050839544,True,0.3613387714493463,0.01782846671456296,0.0,0.020670424689902735,20
k20_thr,none,71,sep_univariate,1.7346010553881064,1.7346010553881064,1.7931723201224834,1.6030327795279113,True,0.33612303072677086,0.017913923745016547,0.0,0.017800823224065104,20
k20_thr,none,71,adaptshrink_dta,1.7346010553881064,1.7346010553881064,1.786317276571063,1.6144713590038513,True,0.33209108841930446,0.01710420537771769,-0.005230684372742442,0.01979853808640295,20
k20_thr,none,72,reitsma,1.7346010553881064,1.7346010553881064,1.380523868723648,1.7036763142810434,True,0.3554545474850443,0.01854178231142133,-0.013387102063001512,0.02889861394472959,20
k20_thr,none,72,reitsma_indep,1.7346010553881064,1.7346010553881064,1.3302295413156284,1.6869981217158174,True,0.4081464739499096,0.016801899164823483,0.0,0.027983883926611025,20
k20_thr,none,72,sep_univariate,1.7346010553881064,1.7346010553881064,1.3540577707658352,1.6878220771905246,True,0.4627147825306247,0.02123001279023291,0.0,0.028464971919404468,20
k20_thr,none,72,adaptshrink_dta,1.7346010553881064,1.7346010553881064,1.3739029466802741,1.7004270819939156,True,0.41102973517896585,0.019245688244647702,-0.009060662730778258,0.02904258152704456,20
k20_thr,none,73,reitsma,1.7346010553881064,1.7346010553881064,1.7488678104807083,1.3812038838064205,True,0.31144502539898977,0.01602790580766751,-0.007547288999350447,0.020635174705925602,20
k20_thr,none,73,reitsma_indep,1.7346010553881064,1.7346010553881064,1.6826876762962122,1.3776447308723512,True,0.3288581201735694,0.014585669263394767,0.0,0.02092787079019936,20
k20_thr,none,73,sep_univariate,1.7346010553881064,1.7346010553881064,1.688310544682941,1.3777912052119272,True,0.3411580278722812,0.015520792832341817,0.0,0.02116564732092953,20
k20_thr,none,73,adaptshrink_dta,1.7346010553881064,1.7346010553881064,1.7135090495906171,1.37872984505315,True,0.34392763095267964,0.016459989328627963,-0.0024845657921434144,0.020658345904499546,20
k20_thr,none,74,reitsma,1.7346010553881064,1.7346010553881064,1.526173862339904,1.6208208850286283,True,0.3768113249485066,0.017783812362206306,-0.006849319198785327,0.02517295659743543,20
k20_thr,none,74,reitsma_indep,1.7346010553881064,1.7346010553881064,1.5391276191412928,1.6104842783910442,True,0.412998893487106,0.019326892153700936,0.0,0.024909787338590773,20
k20_thr,none,74,sep_univariate,1.7346010553881064,1.7346010553881064,1.546750083512958,1.6040255104287062,True,0.41665087429473735,0.021236467045655294,0.0,0.023072603022177885,20
k20_thr,none,74,adaptshrink_dta,1.7346010553881064,1.7346010553881064,1.5322817799106792,1.6201334751356282,True,0.39192508834604955,0.01803208588587059,-0.004641947085139114,0.0252382824567037,20
k20_thr,none,75,reitsma,1.7346010553881064,1.7346010553881064,1.6990230587158277,1.7523316103195574,True,0.3231067704979515,0.016900413721205206,-0.002562760352291336,0.017823899064551764,20
k20_thr,none,75,reitsma_indep,1.7346010553881064,1.7346010553881064,1.6787285160456158,1.7471069045974392,True,0.3204752142267544,0.016425620181595574,0.0,0.017648239294713097,20
k20_thr,none,75,sep_univariate,1.7346010553881064,1.7346010553881064,1.681039341143688,1.7475000879087406,True,0.33117043690071263,0.017306923904098697,0.0,0.017886176202033498,20
k20_thr,none,75,adaptshrink_dta,1.7346010553881064,1.7346010553881064,1.6931566300895444,1.750846216362687,True,0.32557703647664754,0.016946622512903246,-0.0017416466203839544,0.01783362428129301,20
k20_thr,none,76,reitsma,1.7346010553881064,1.7346010553881064,1.3899553178632613,1.713563930870074,True,0.24259491141325848,0.01685248381404368,-0.009572832980523069,0.015294472113506968,20
k20_thr,none,76,reitsma_indep,1.7346010553881064,1.7346010553881064,1.3609199606454239,1.7034567745183797,True,0.31273695252472955,0.018015864031078504,0.0,0.01532278017641665,20
k20_thr,none,76,sep_univariate,1.7346010553881064,1.7346010553881064,1.3807738718869358,1.7076025593263908,True,0.3486562794757255,0.020772093480025615,0.0,0.016517677463920327,20
k20_thr,none,76,adaptshrink_dta,1.7346010553881064,1.7346010553881064,1.3815641816956248,1.7107698660816917,True,0.30692925525382825,0.018064392977880515,-0.004045245828139545,0.015625181690383922,20
k20_thr,none,77,reitsma,1.7346010553881064,1.7346010553881064,1.4433190620033916,1.8886188316722337,True,0.457863451730439,0.03238683960841212,-0.017222470264583487,0.027428419478842326,20
k20_thr,none,77,reitsma_indep,1.7346010553881064,1.7346010553881064,1.4219118439178993,1.8715426717756922,True,0.5342279231829113,0.030990086726214245,0.0,0.025993492982833884,20
k20_thr,none,77,sep_univariate,1.7346010553881064,1.7346010553881064,1.4219341286200502,1.8570441054104017,True,0.4945108078868168,0.030996037426783266,0.0,0.022267920699097263,20
k20_thr,none,77,adaptshrink_dta,1.7346010553881064,1.7346010553881064,1.4527435653104408,1.893793182781023,True,0.5286042291851852,0.03323180581075445,-0.011633785522489394,0.02780515019620366,20
k20_thr,none,78,reitsma,1.7346010553881064,1.7346010553881064,1.354973253288861,1.7773101942916032,True,0.3982590646960495,0.038395078597740974,-0.010127221788728456,0.014330963498776165,20
k20_thr,none,78,reitsma_indep,1.7346010553881064,1.7346010553881064,1.3194119600926144,1.7718945769543337,True,0.46319487300352513,0.0384336720883562,0.0,0.015756141549152374,20
k20_thr,none,78,sep_univariate,1.7346010553881064,1.7346010553881064,1.3265154422978225,1.776849418039233,True,0.49804545339273576,0.040958086435223515,0.0,0.017093561876529474,20
k20_thr,none,78,adaptshrink_dta,1.7346010553881064,1.7346010553881064,1.3478048873128057,1.775992889797098,True,0.4277146912259765,0.038797072455753465,-0.006856551400449223,0.014520694067604136,20
k20_thr,none,79,reitsma,1.7346010553881064,1.7346010553881064,1.5254838872936072,1.4649094009368007,True,0.25431794006604685,0.015640944417205548,-0.006987961291545255,0.01479349949273338,20
k20_thr,none,79,reitsma_indep,1.7346010553881064,1.7346010553881064,1.4917431210005196,1.4620241653666877,True,0.28847490749679067,0.015676378635933765,0.0,0.014983201077986844,20
k20_thr,none,79,sep_univariate,1.7346010553881064,1.7346010553881064,1.5010660682395578,1.464762709852312,True,0.3225270509264125,0.017433276503804048,0.0,0.01684176253597102,20
k20_thr,none,79,adaptshrink_dta,1.7346010553881064,1.7346010553881064,1.51821710247093,1.4645967380900622,True,0.27554090655823904,0.01596390315102092,-0.004733432030348086,0.014827051427243207,20
k20_thr,none,80,reitsma,1.7346010553881064,1.7346010553881064,1.3155528183109955,1.9171580967311286,True,0.2771873615487771,0.01589494409477572,-0.002935247679088278,0.014185423228352617,20
k20_thr,none,80,reitsma_indep,1.7346010553881064,1.7346010553881064,1.3221583566113178,1.8990817457888864,True,0.27818222099187906,0.016233483031553718,0.0,0.013454925453484078,20
k20_thr,none,80,sep_univariate,1.7346010553881064,1.7346010553881064,1.325613252849451,1.9078974061665608,True,0.3040739983841737,0.017798754729880586,0.0,0.014662337711394547,20
k20_thr,none,80,adaptshrink_dta,1.7346010553881064,1.7346010553881064,1.3179564613585393,1.914123396578319,True,0.2807016894843169,0.015923988587661593,-0.001994306034896897,0.0142157787549899,20
k20_thr,none,81,reitsma,1.7346010553881064,1.7346010553881064,1.4402883808924398,1.7130350557489498,True,0.3188311100978806,0.013881156329304787,-0.0055753915397092025,0.022908867671930424,20
k20_thr,none,81,reitsma_indep,1.7346010553881064,1.7346010553881064,1.4088588394302108,1.719028260547976,True,0.32960671014556386,0.013213077480483046,0.0,0.02320718018765238,20
k20_thr,none,81,sep_univariate,1.7346010553881064,1.7346010553881064,1.4172675856876644,1.7140021803740664,True,0.3226628965552281,0.014258408361748,0.0,0.020609206674521405,20
k20_thr,none,81,adaptshrink_dta,1.7346010553881064,1.7346010553881064,1.4350001636873024,1.7159062783803256,True,0.329780350950941,0.014015762486717199,-0.003787866804872684,0.022924858477486203,20
k20_thr,none,82,reitsma,1.7346010553881064,1.7346010553881064,1.806135954259065,1.5694180746653266,True,0.48274585301769013,0.03364860797735571,-0.02374871291374699,0.03630959382206126,20
k20_thr,none,82,reitsma_indep,1.7346010553881064,1.7346010553881064,1.7918422101085232,1.5388408947015282,True,0.662838295214729,0.034790511049328295,0.0,0.03564418113375829,20
k20_thr,none,82,sep_univariate,1.7346010553881064,1.7346010553881064,1.799528762201911,1.533798841891133,True,0.6635338428508744,0.03731274927702078,0.0,0.03330451963620546,20
k20_thr,none,82,adaptshrink_dta,1.7346010553881064,1.7346010553881064,1.823681585164045,1.5689523448102451,True,0.60213268263014,0.034958209200659944,-0.016078560859050305,0.03666827127999559,20
k20_thr,none,83,reitsma,1.7346010553881064,1.7346010553881064,1.4226671471781445,1.7261285839142877,True,0.32382883494081405,0.02387829026134871,-0.0013553792102334423,0.012472377643326983,20
k20_thr,none,83,reitsma_indep,1.7346010553881064,1.7346010553881064,1.414772919614652,1.7236695908744037,True,0.3205179611746461,0.02345634115743963,0.0,0.012361715390968173,20
k20_thr,none,83,sep_univariate,1.7346010553881064,1.7346010553881064,1.4175537811591132,1.726805301321597,True,0.34143017268664316,0.02407021413648927,0.0,0.013669672457425466,20
k20_thr,none,83,adaptshrink_dta,1.7346010553881064,1.7346010553881064,1.420927861084499,1.7254863375274105,True,0.32446611751813403,0.02388913763933843,-0.0009215322529765727,0.01247417698716153,20
k20_thr,none,84,reitsma,1.7346010553881064,1.7346010553881064,1.684062177855457,1.5553292371269987,True,0.3080553970570003,0.01829409185890067,-0.009473221689792822,0.019546862033421823,20
k20_thr,none,84,reitsma_indep,1.7346010553881064,1.7346010553881064,1.695590309164867,1.5553851495347943,True,0.3701967474827724,0.020255475623358502,0.0,0.01909664254893605,20
k20_thr,none,84,sep_univariate,1.7346010553881064,1.7346010553881064,1.6985298846749752,1.563588621065837,True,0.40969398823192865,0.020730265129054813,0.0,0.02285328274871933,20
k20_thr,none,84,adaptshrink_dta,1.7346010553881064,1.7346010553881064,1.6955399144420529,1.559604833733481,True,0.3410912976410491,0.018829807658610354,-0.006416652847958864,0.01962593397786252,20
k20_thr,none,85,reitsma,1.7346010553881064,1.7346010553881064,1.455075483386096,1.642359485131394,True,0.22653129039432182,0.01686855463075548,-0.008725430856900505,0.013099750691645167,20
k20_thr,none,85,reitsma_indep,1.7346010553881064,1.7346010553881064,1.4092885184270936,1.6456900322219299,True,0.2678915635167898,0.014768520492807505,0.0,0.013715617052601159,20
k20_thr,none,85,sep_univariate,1.7346010553881064,1.7346010553881064,1.4375871019225088,1.6463502405319461,True,0.30108250087351235,0.01842634602723916,0.0,0.013885645512520986,20
k20_thr,none,85,adaptshrink_dta,1.7346010553881064,1.7346010553881064,1.4605951807584099,1.6490202495834965,True,0.2939059870462193,0.018942389276462215,-0.0035350926946147204,0.01353085201849413,20
k20_thr,none,86,reitsma,1.7346010553881064,1.7346010553881064,1.6886376403707275,1.3866953589041833,True,0.27092861532837237,0.012806757463460827,-0.004189260461355517,0.017547617945462314,20
k20_thr,none,86,reitsma_indep,1.7346010553881064,1.7346010553881064,1.6963769449318953,1.3878500921954309,True,0.29134279749638553,0.013572937443682698,0.0,0.017650986855620783,20
k20_thr,none,86,sep_univariate,1.7346010553881064,1.7346010553881064,1.6938734907738204,1.3963469764799805,True,0.3172686566225694,0.013288888079145387,0.0,0.021379619054143265,20
k20_thr,none,86,adaptshrink_dta,1.7346010553881064,1.7346010553881064,1.6928286691312682,1.3876836933677683,True,0.27943789491688853,0.013006527176878831,-0.0028422829121495363,0.017566192580799236,20
k20_thr,none,87,reitsma,1.7346010553881064,1.7346010553881064,1.9284801593292102,1.736278937642565,True,0.3412132206700887,0.027180273973859546,-0.0145206091290194,0.019847556291686618,20
k20_thr,none,87,reitsma_indep,1.7346010553881064,1.7346010553881064,1.8628532271952316,1.713250768938322,True,0.4341881422875907,0.027604361389652575,0.0,0.019275803030097335,20
k20_thr,none,87,sep_univariate,1.7346010553881064,1.7346010553881064,1.8658494356418667,1.7104989294043282,True,0.4290575501075435,0.028308165417898254,0.0,0.018354968329096076,20
k20_thr,none,87,adaptshrink_dta,1.7346010553881064,1.7346010553881064,1.8979230074425946,1.7262193834622992,True,0.4415314470646555,0.02905921975913988,-0.006156298732745582,0.020239595132640113,20
k20_thr,none,88,reitsma,1.7346010553881064,1.7346010553881064,1.518445587034007,1.8358614614662112,True,0.3397850957419701,0.01652354865751918,-0.007932375740063528,0.023529539260094108,20
k20_thr,none,88,reitsma_indep,1.7346010553881064,1.7346010553881064,1.5277814912095196,1.827461153479276,True,0.3737309646162192,0.016485780287440466,0.0,0.023913487805933355,20
k20_thr,none,88,sep_univariate,1.7346010553881064,1.7346010553881064,1.5402132890950069,1.850915121156974,True,0.4676895206224035,0.01895558208789345,0.0,0.03256959959667416,20
k20_thr,none,88,adaptshrink_dta,1.7346010553881064,1.7346010553881064,1.5269615756515054,1.835969159963489,True,0.3606176414375148,0.016762662382419125,-0.0053765358368758785,0.023621525243970418,20
k20_thr,none,89,reitsma,1.7346010553881064,1.7346010553881064,1.617429653001392,1.2632168325438429,True,0.2934430106116683,0.021692722866848018,-0.008938920521525876,0.014887322741744287,20
k20_thr,none,89,reitsma_indep,1.7346010553881064,1.7346010553881064,1.6087508549710448,1.252998660068175,True,0.33866368300721544,0.0220300328774049,0.0,0.014694552870309059,20
k20_thr,none,89,sep_univariate,1.7346010553881064,1.7346010553881064,1.617162805811088,1.2547598780100433,True,0.3604705296474386,0.024145966079973814,0.0,0.015189000977262975,20
k20_thr,none,89,adaptshrink_dta,1.7346010553881064,1.7346010553881064,1.6185911658786885,1.2618818566415613,True,0.322450677857264,0.02204948381410284,-0.006059694314453164,0.014974861436300385,20
k20_thr,none,90,reitsma,1.7346010553881064,1.7346010553881064,1.7652144380070782,1.5771583661776662,True,0.24304451058400214,0.022998964090185314,-0.010787660298252198,0.012309276185691173,20
k20_thr,none,90,reitsma_indep,1.7346010553881064,1.7346010553881064,1.734517063617602,1.536790862655353,True,0.32403230695796575,0.025288004672855323,0.0,0.011719155837781957,20
k20_thr,none,90,sep_univariate,1.7346010553881064,1.7346010553881064,1.7384633695193732,1.5324127981121296,True,0.32092821419742884,0.02659372047753219,0.0,0.010931278680310502,20
k20_thr,none,90,adaptshrink_dta,1.7346010553881064,1.7346010553881064,1.748452846242129,1.5580021570039426,True,0.32208319573399535,0.0245298822512211,-0.004489144657905881,0.012757988946583835,20
k20_thr,none,91,reitsma,1.7346010553881064,1.7346010553881064,1.4756226987227248,1.8738220314880016,True,0.2682867419943342,0.023614415933666477,-0.0021222598753523284,0.008793840512602825,20
k20_thr,none,91,reitsma_indep,1.7346010553881064,1.7346010553881064,1.465479851340781,1.8657765341468597,True,0.2659091760768773,0.023043516612638617,0.0,0.008660683329126248,20
k20_thr,none,91,sep_univariate,1.7346010553881064,1.7346010553881064,1.4695503245755395,1.8728188796244263,True,0.2928297322594495,0.02447313446109442,0.0,0.009889515407764695,20
k20_thr,none,91,adaptshrink_dta,1.7346010553881064,1.7346010553881064,1.4731548853365906,1.871719139741804,True,0.27020623468622884,0.023637315352549138,-0.0014423285315556685,0.008806210063926517,20
k20_thr,none,92,reitsma,1.7346010553881064,1.7346010553881064,1.5288725416765416,1.789511676764703,True,0.3617343123730764,0.02262568707806822,-0.009407685045483305,0.020235132068382806,20
k20_thr,none,92,reitsma_indep,1.7346010553881064,1.7346010553881064,1.5385954471546062,1.783426872157207,True,0.4151990931135318,0.023374762425072682,0.0,0.020816123407149105,20
k20_thr,none,92,sep_univariate,1.7346010553881064,1.7346010553881064,1.5418374742508751,1.7843672227939524,True,0.43060856579436474,0.024866306010087377,0.0,0.02104690895777992,20
k20_thr,none,92,adaptshrink_dta,1.7346010553881064,1.7346010553881064,1.5350622422869473,1.79059015821122,True,0.3863374472901834,0.022732143054360294,-0.006389041281820309,0.020327910710941845,20
k20_thr,none,93,reitsma,1.7346010553881064,1.7346010553881064,1.5999530275050104,1.3435677767456435,True,0.34253419543821495,0.0262100433205751,-0.021992852507116405,0.03108918213003331,20
k20_thr,none,93,reitsma_indep,1.7346010553881064,1.7346010553881064,1.5725109475825558,1.3446453719806004,True,0.6128275168831987,0.031086646851910104,0.0,0.034098627800995956,20
k20_thr,none,93,sep_univariate,1.7346010553881064,1.7346010553881064,1.5691159916698982,1.339913273831069,True,0.571578787831223,0.03023169539761349,0.0,0.03050169471086255,20
k20_thr,none,93,adaptshrink_dta,1.7346010553881064,1.7346010553881064,1.5934805462294641,1.3497342158728896,True,0.5351633886647387,0.028590038224413698,-0.00940629608521703,0.031369058399975294,20
k20_thr,none,94,reitsma,1.7346010553881064,1.7346010553881064,1.5256523781368803,1.7554318818854509,True,0.31296057580347003,0.017361904998281382,-0.013714313029803187,0.026755729406034913,20
k20_thr,none,94,reitsma_indep,1.7346010553881064,1.7346010553881064,1.5434971476396553,1.7116929382252561,True,0.3912376572879557,0.01800079715253822,0.0,0.024000695576005805,20
k20_thr,none,94,sep_univariate,1.7346010553881064,1.7346010553881064,1.5460778715621637,1.7158590425940596,True,0.40616083331341274,0.01853348743353881,0.0,0.025123098546834886,20
k20_thr,none,94,adaptshrink_dta,1.7346010553881064,1.7346010553881064,1.5505296109651945,1.746156812597682,True,0.40533986150258633,0.018210020937815364,-0.005835480210412983,0.02733610560624969,20
k20_thr,none,95,reitsma,1.7346010553881064,1.7346010553881064,1.4838093731392084,1.7020381149154185,True,0.3204241252579321,0.024065216033933853,-0.011858926674852981,0.0178857733891676,20
k20_thr,none,95,reitsma_indep,1.7346010553881064,1.7346010553881064,1.4857718738163137,1.6938930655121645,True,0.40612808212665163,0.02664196587264449,0.0,0.017474068738404545,20
k20_thr,none,95,sep_univariate,1.7346010553881064,1.7346010553881064,1.505619447847891,1.7029187074049779,True,0.4512255580928649,0.0297636379987415,0.0,0.019307926401058086,20
k20_thr,none,95,adaptshrink_dta,1.7346010553881064,1.7346010553881064,1.4986705582487811,1.7076738445624393,True,0.4032463221436146,0.026192953082180156,-0.0049209402694101595,0.018446790880806436,20
k20_thr,none,96,reitsma,1.7346010553881064,1.7346010553881064,1.7623729348894948,1.6593606523739988,True,0.35579604162988365,0.03065657709267123,-0.018359967108234353,0.02265064520955025,20
k20_thr,none,96,reitsma_indep,1.7346010553881064,1.7346010553881064,1.7078267107326779,1.6143745868238797,True,0.46003753708679207,0.028744824489577013,0.0,0.020780746525118427,20
k20_thr,none,96,sep_univariate,1.7346010553881064,1.7346010553881064,1.7147409415143402,1.611776037628704,True,0.4649672973383084,0.03056454481305216,0.0,0.019964624753558872,20
k20_thr,none,96,adaptshrink_dta,1.7346010553881064,1.7346010553881064,1.750162389945311,1.6430312839627892,True,0.4986615147026592,0.03284252101887896,-0.00780231035450287,0.023223818279090563,20
k20_thr,none,97,reitsma,1.7346010553881064,1.7346010553881064,1.7497067477604216,1.7149532629348032,True,0.49187058286272545,0.040653263561244865,-0.0006729353167272111,0.01680848058328478,20
k20_thr,none,97,reitsma_indep,1.7346010553881064,1.7346010553881064,1.750207095207718,1.7146200473412962,True,0.49105014374343914,0.04055545546969736,0.0,0.016781727652026176,20
k20_thr,none,97,sep_univariate,1.7346010553881064,1.7346010553881064,1.7895159804521616,1.7130260871894798,True,0.5646976549391399,0.054458420010289436,0.0,0.016527272899844524,20
k20_thr,none,97,adaptshrink_dta,1.7346010553881064,1.7346010553881064,1.7500090862484297,1.7149163759255321,True,0.49197105363926635,0.040654203651674936,-0.00045759150106100386,0.01680896622435118,20
k20_thr,none,98,reitsma,1.7346010553881064,1.7346010553881064,1.7114269514079261,1.472308646318099,True,0.27607468405394864,0.01083814010814914,-0.0006390667896408845,0.01988641002032978,20
k20_thr,none,98,reitsma_indep,1.7346010553881064,1.7346010553881064,1.7085121475848033,1.4722165546778487,True,0.27584719197185376,0.010810807058260393,0.0,0.019866130550721058,20
k20_thr,none,98,sep_univariate,1.7346010553881064,1.7346010553881064,1.708512147584802,1.4695390884730772,True,0.2679167394469253,0.010810807058260303,0.0,0.01874027022077188,20
k20_thr,none,98,adaptshrink_dta,1.7346010553881064,1.7346010553881064,1.709895844487761,1.4723096044651427,True,0.27635733845533855,0.010843266700348535,-0.0002747781506755799,0.01988695167919902,20
k20_thr,none,99,reitsma,1.7346010553881064,1.7346010553881064,1.4922117273237794,1.5933451781711718,True,0.30570857580130656,0.02360796422289763,-0.011094973163165179,0.016387820240171158,20
k20_thr,none,99,reitsma_indep,1.7346010553881064,1.7346010553881064,1.5085352772608804,1.604337922332782,True,0.3878236730878453,0.02449088032866703,0.0,0.017333988386505888,20
k20_thr,none,99,sep_univariate,1.7346010553881064,1.7346010553881064,1.5109516468466426,1.6152841018660524,True,0.4356361637693985,0.025049775772320017,0.0,0.02138347455316573,20
k20_thr,none,99,adaptshrink_dta,1.7346010553881064,1.7346010553881064,1.5104905098820554,1.6025446847377365,True,0.35068077018118887,0.024295850234678392,-0.007463164547377209,0.01657903155332534,20
k20_thr,none,100,reitsma,1.7346010553881064,1.7346010553881064,1.7725709793625544,1.3014014441273067,True,0.21291498792934854,0.010178736158678734,-0.0028763407889798053,0.013383315282916754,20
k20_thr,none,100,reitsma_indep,1.7346010553881064,1.7346010553881064,1.7302347404259415,1.2976349864359953,True,0.20902512297674444,0.009331566800178952,0.0,0.013215289239257848,20
k20_thr,none,100,sep_univariate,1.7346010553881064,1.7346010553881064,1.749624161068934,1.2976488546066884,True,0.2368494783160848,0.012028926023547363,0.0,0.013162921093422725,20
k20_thr,none,100,adaptshrink_dta,1.7346010553881064,1.7346010553881064,1.7535705585974077,1.2991256454866758,True,0.2207240856370776,0.010382535574532892,-0.001234175370031793,0.013391045934433238,20
k20_thr,none,101,reitsma,1.7346010553881064,1.7346010553881064,1.5481887948703457,1.5457336914543243,True,0.2645730732228821,0.020336882039228156,-0.01304438720549077,0.01808183315787305,20
k20_thr,none,101,reitsma_indep,1.7346010553881064,1.7346010553881064,1.500511106844483,1.5277575904851555,True,0.3658556067439561,0.02206530258692264,0.0,0.017121578821129482,20
k20_thr,none,101,sep_univariate,1.7346010553881064,1.7346010553881064,1.5032045638800922,1.5139358673109455,True,0.3251090448755275,0.0226717497437362,0.0,0.013158528705871711,20
k20_thr,none,101,adaptshrink_dta,1.7346010553881064,1.7346010553881064,1.5340867785841323,1.5433145231656844,True,0.3700182372839537,0.022485418640401062,-0.005424672169672545,0.018494905454939776,20
k20_thr,none,102,reitsma,1.7346010553881064,1.7346010553881064,1.4813366414344744,1.674078309815765,True,0.3111375885032502,0.024177685566301527,-0.008339709424363491,0.014177849115713927,20
k20_thr,none,102,reitsma_indep,1.7346010553881064,1.7346010553881064,1.4939133473475834,1.6858603996986434,True,0.3511477552353513,0.023996728715963186,0.0,0.014503139291371422,20
k20_thr,none,102,sep_univariate,1.7346010553881064,1.7346010553881064,1.498059998654253,1.6903081662021806,True,0.36779271419901083,0.024848472149558758,0.0,0.015365292073041372,20
k20_thr,none,102,adaptshrink_dta,1.7346010553881064,1.7346010553881064,1.498925714051828,1.6859660622971706,True,0.34993499401747724,0.024571939303105455,-0.0027387643698347976,0.014371226626737036,20
k20_thr,none,103,reitsma,1.7346010553881064,1.7346010553881064,1.6831066572202693,1.650339582473722,True,0.3276006013518891,0.036986439145936266,-0.011874140992481323,0.012002026550386924,20
k20_thr,none,103,reitsma_indep,1.7346010553881064,1.7346010553881064,1.674453989042005,1.6683106796424156,True,0.3967867449903643,0.033935297023240635,0.0,0.013094741321891212,20
k20_thr,none,103,sep_univariate,1.7346010553881064,1.7346010553881064,1.7031349869267165,1.681387988992553,True,0.4989227606761763,0.043098764721127565,0.0,0.01630181940639858,20
k20_thr,none,103,adaptshrink_dta,1.7346010553881064,1.7346010553881064,1.6935717696504482,1.6590332936006416,True,0.3733256527401005,0.03753583011692689,-0.008011344677753766,0.01218994011864525,20
k20_thr,none,104,reitsma,1.7346010553881064,1.7346010553881064,1.7591353017922255,1.5747267501718245,True,0.44325855485116367,0.030319381973567604,-0.011289379280897235,0.022494193893230725,20
k20_thr,none,104,reitsma_indep,1.7346010553881064,1.7346010553881064,1.7378755407761426,1.5704405806863513,True,0.5002420209492661,0.03202250959085702,0.0,0.02205663431593959,20
k20_thr,none,104,sep_univariate,1.7346010553881064,1.7346010553881064,1.7410366349658888,1.567909812138757,True,0.48320587160468287,0.0326594263958955,0.0,0.02017855764820069,20
k20_thr,none,104,adaptshrink_dta,1.7346010553881064,1.7346010553881064,1.757953073363209,1.5750061665447577,True,0.47462802288983447,0.03080499621167517,-0.00766100491462801,0.02254572594587665,20
k20_thr,none,105,reitsma,1.7346010553881064,1.7346010553881064,1.5343721378110362,1.5758785253568588,True,0.24553952466561982,0.01396799258505029,-0.009771763903932426,0.019018842709050427,20
k20_thr,none,105,reitsma_indep,1.7346010553881064,1.7346010553881064,1.5010809952753428,1.575571324593496,True,0.3318824303735377,0.015783710035372774,0.0,0.019696710268084703,20
k20_thr,none,105,sep_univariate,1.7346010553881064,1.7346010553881064,1.5064403490436569,1.5757129744726912,True,0.34356341985208294,0.01682819537233597,0.0,0.01979750929996422,20
k20_thr,none,105,adaptshrink_dta,1.7346010553881064,1.7346010553881064,1.5169756186403587,1.5770302347371208,True,0.3104057089233681,0.015089406552400009,-0.004139583538370897,0.019158409833324782,20
k20_thr,none,106,reitsma,1.7346010553881064,1.7346010553881064,1.4984785553953461,1.7581281013481855,True,0.2824898675617699,0.014877776377327333,-0.0033004246438223966,0.01587131998025704,20
k20_thr,none,106,reitsma_indep,1.7346010553881064,1.7346010553881064,1.5107231421404856,1.75472651259815,True,0.2909299714133479,0.015402279498634352,0.0,0.015510514191379846,20
k20_thr,none,106,sep_univariate,1.7346010553881064,1.7346010553881064,1.5191961121435824,1.760743970872035,True,0.3159725619629735,0.01672419385424318,0.0,0.016849531003922582,20
k20_thr,none,106,adaptshrink_dta,1.7346010553881064,1.7346010553881064,1.5028262684118219,1.7585106801297246,True,0.286754536879929,0.014927779451751116,-0.0022423637801341563,0.015884302097278154,20
k20_thr,none,107,reitsma,1.7346010553881064,1.7346010553881064,1.6373328736418804,1.6321035586527881,True,0.3987931242580027,0.035032185825993614,-0.015747387774718274,0.019891979844845625,20
k20_thr,none,107,reitsma_indep,1.7346010553881064,1.7346010553881064,1.6682892192091505,1.6260642393504998,True,0.5039070022488206,0.036232506146101746,0.0,0.019780473299698675,20
k20_thr,none,107,sep_univariate,1.7346010553881064,1.7346010553881064,1.6701887339646502,1.6047101202032414,True,0.46769291286816206,0.036685818565808284,0.0,0.0168289736686408,20
k20_thr,none,107,adaptshrink_dta,1.7346010553881064,1.7346010553881064,1.6772167609956283,1.644412961354523,True,0.5087688625695961,0.036594464020268606,-0.005119704259907425,0.02068083435799284,20
k20_thr,none,108,reitsma,1.7346010553881064,1.7346010553881064,1.5522694189280588,1.4511701675741946,True,0.3383543535521338,0.02007933425056007,-0.006933823726215208,0.01848708212791553,20
k20_thr,none,108,reitsma_indep,1.7346010553881064,1.7346010553881064,1.5233873000795826,1.4495065037562003,True,0.3585608703020198,0.019610655242437734,0.0,0.018504099231883463,20
k20_thr,none,108,sep_univariate,1.7346010553881064,1.7346010553881064,1.528846720425208,1.447292732760235,True,0.3540382143272508,0.02091726556667571,0.0,0.016913350147121146,20
k20_thr,none,108,adaptshrink_dta,1.7346010553881064,1.7346010553881064,1.5456561304415863,1.451314984664578,True,0.35292392244459175,0.02020295872365763,-0.004712396782966143,0.018500471384251777,20
k20_thr,none,109,reitsma,1.7346010553881064,1.7346010553881064,1.5971245434946653,1.6046869248252236,True,0.38891110033464515,0.03139197963517563,-0.01748995565926204,0.02334377118050501,20
k20_thr,none,109,reitsma_indep,1.7346010553881064,1.7346010553881064,1.6118309778151059,1.6052442645096079,True,0.5366530249619,0.03455833252098092,0.0,0.02352169700068055,20
k20_thr,none,109,sep_univariate,1.7346010553881064,1.7346010553881064,1.629677303979694,1.60881679938932,True,0.5917154722514847,0.039585240387072465,0.0,0.02496472757133855,20
k20_thr,none,109,adaptshrink_dta,1.7346010553881064,1.7346010553881064,1.612739717481963,1.6112896085431452,True,0.4689225147708881,0.032345620325263724,-0.011854001185199081,0.02353185950446536,20
k20_thr,none,110,reitsma,1.7346010553881064,1.7346010553881064,1.4443349471601086,1.6195815180796078,True,0.25317642231670573,0.009286376966463476,-0.003971929339977417,0.021180898560028926,20
k20_thr,none,110,reitsma_indep,1.7346010553881064,1.7346010553881064,1.4200929143667544,1.6131719304418155,True,0.2548218533297339,0.008672240982528437,0.0,0.02113373558967074,20
k20_thr,none,110,sep_univariate,1.7346010553881064,1.7346010553881064,1.4195315686998655,1.6050460672437847,True,0.23102458129889147,0.008181826507196933,0.0,0.0184119753323211,20
k20_thr,none,110,adaptshrink_dta,1.7346010553881064,1.7346010553881064,1.4365608781457349,1.6181300054098164,True,0.26060354675228137,0.009380370494821244,-0.002695877640437282,0.021209796532306913,20
k20_thr,none,111,reitsma,1.7346010553881064,1.7346010553881064,1.4481403721935875,1.8589083394549375,True,0.42334704939256507,0.03563735184879781,-0.005011016600961166,0.014899165269826558,20
k20_thr,none,111,reitsma_indep,1.7346010553881064,1.7346010553881064,1.4360816308366355,1.854107573213879,True,0.43439716266763845,0.035534879672246486,0.0,0.014988334526823,20
k20_thr,none,111,sep_univariate,1.7346010553881064,1.7346010553881064,1.4427761204516922,1.8569709782369694,True,0.4585129135290709,0.037681121073278354,0.0,0.01574757171833735,20
k20_thr,none,111,adaptshrink_dta,1.7346010553881064,1.7346010553881064,1.4456061771895514,1.8579336462285665,True,0.4298367463439146,0.03569998867132378,-0.003404916524748264,0.01493215845964865,20
k20_thr,none,112,reitsma,1.7346010553881064,1.7346010553881064,1.334529710054421,1.6036183655759975,True,0.25484474324269785,0.012789832428758406,-0.008022077122459038,0.019364092420616028,20
k20_thr,none,112,reitsma_indep,1.7346010553881064,1.7346010553881064,1.3022871193211005,1.5610588653336157,True,0.28777017511059516,0.013340016046817118,0.0,0.017521427140860024,20
k20_thr,none,112,sep_univariate,1.7346010553881064,1.7346010553881064,1.3041911245107936,1.5490767374108156,True,0.28462242099548957,0.01533187429765288,0.0,0.014913419485350757,20
k20_thr,none,112,adaptshrink_dta,1.7346010553881064,1.7346010553881064,1.3157379418934472,1.5863326708524956,True,0.30156863999789424,0.01363989869586561,-0.0033742711620819345,0.019653689209219293,20
k20_thr,none,113,reitsma,1.7346010553881064,1.7346010553881064,1.5839069082329678,1.892949163589922,True,0.33615096553192914,0.01956081222233068,-0.012257880929282065,0.023986286230026965,20
k20_thr,none,113,reitsma_indep,1.7346010553881064,1.7346010553881064,1.5474461367738184,1.8911003458079967,True,0.4136010178298192,0.0188661703642876,0.0,0.025592558975794186,20
k20_thr,none,113,sep_univariate,1.7346010553881064,1.7346010553881064,1.564859274858029,1.8955541627961001,True,0.4557710390049861,0.021702328378733766,0.0,0.02701602112545859,20
k20_thr,none,113,adaptshrink_dta,1.7346010553881064,1.7346010553881064,1.5786169299447848,1.8933236203368937,True,0.40627463663727736,0.02037737629009716,-0.005262111191031111,0.024221440526038546,20
k20_thr,none,114,reitsma,1.7346010553881064,1.7346010553881064,1.6412738908997984,1.7276259881447382,True,0.38343213191565045,0.01959758559471838,-0.008435555649754845,0.024805270675906547,20
k20_thr,none,114,reitsma_indep,1.7346010553881064,1.7346010553881064,1.6295021641287133,1.7187294668087008,True,0.411258548344929,0.01948900146689267,0.0,0.02449483707152277,20
k20_thr,none,114,sep_univariate,1.7346010553881064,1.7346010553881064,1.6333245792120363,1.7161798971420392,True,0.41481207395557096,0.020641224888674526,0.0,0.023528897577915302,20
k20_thr,none,114,adaptshrink_dta,1.7346010553881064,1.7346010553881064,1.6398413198168047,1.7271972052625522,True,0.4027188135953921,0.019743099703154767,-0.005730838563739367,0.02484932945275199,20
k20_thr,none,115,reitsma,1.7346010553881064,1.7346010553881064,1.7157785570558841,1.683376598230169,True,0.4091829539577284,0.05500143932219403,-0.02253138857168448,0.017822023373463884,20
k20_thr,none,115,reitsma_indep,1.7346010553881064,1.7346010553881064,1.706183564963931,1.654622033090208,True,0.5822843576483877,0.06027798658599233,0.0,0.01587617130664033,20
k20_thr,none,115,sep_univariate,1.7346010553881064,1.7346010553881064,1.7267144423160041,1.658167997943695,True,0.6395906968409338,0.06944863352493,0.0,0.016625504704822623,20
k20_thr,none,115,adaptshrink_dta,1.7346010553881064,1.7346010553881064,1.7199334653913418,1.6797703269584017,True,0.5871863219878966,0.05756831928284382,-0.009587907912768912,0.018501359776978813,20
k20_thr,none,116,reitsma,1.7346010553881064,1.7346010553881064,1.4994849161121147,1.5878667103062307,True,0.2990434618587024,0.013456637620872298,-0.00304318574385045,0.01944533663182788,20
k20_thr,none,116,reitsma_indep,1.7346010553881064,1.7346010553881064,1.488237783241889,1.5801712794308604,True,0.3018750942913598,0.013367160012436674,0.0,0.01924197684046152,20
k20_thr,none,116,sep_univariate,1.7346010553881064,1.7346010553881064,1.4882348761403694,1.582880430889944,True,0.3212755539628515,0.013585632318956237,0.0,0.02144419621830826,20
k20_thr,none,116,adaptshrink_dta,1.7346010553881064,1.7346010553881064,1.49175012294243,1.5829768371750255,True,0.3046481011686627,0.013514410150986903,-0.001003327203991641,0.019458074185319574,20
k20_thr,none,117,reitsma,1.7346010553881064,1.7346010553881064,1.387391004465122,1.6725152005898163,True,0.4125285712435422,0.022211749628981155,-0.004967326545858566,0.022736040121759123,20
k20_thr,none,117,reitsma_indep,1.7346010553881064,1.7346010553881064,1.3865038940278167,1.6779948106949452,True,0.4294487801487525,0.022438433181881885,0.0,0.023198744717687236,20
k20_thr,none,117,sep_univariate,1.7346010553881064,1.7346010553881064,1.3916246535788577,1.667752232292227,True,0.4101228975834487,0.02334535666521078,0.0,0.020335824616112518,20
k20_thr,none,117,adaptshrink_dta,1.7346010553881064,1.7346010553881064,1.3884235684040143,1.6747623601745942,True,0.4188606166418838,0.022268205113967474,-0.0033765677819687784,0.022749605019219223,20
k20_thr,none,118,reitsma,1.7346010553881064,1.7346010553881064,1.542866054195667,1.7227032155363935,True,0.38786319542272074,0.027888998614597104,-0.010944864757518765,0.019520285995126743,20
k20_thr,none,118,reitsma_indep,1.7346010553881064,1.7346010553881064,1.4944974383574146,1.7226174524167008,True,0.433103157673703,0.02624707778457648,0.0,0.020171398480065265,20
k20_thr,none,118,sep_univariate,1.7346010553881064,1.7346010553881064,1.5259774384003744,1.72621267723985,True,0.5128718655571042,0.03438749050465624,0.0,0.021589944951195813,20
k20_thr,none,118,adaptshrink_dta,1.7346010553881064,1.7346010553881064,1.536051101174606,1.7265861672727891,True,0.4220542414212311,0.02828972355830702,-0.007416055715684061,0.01971633123662762,20
k20_thr,none,119,reitsma,1.7346010553881064,1.7346010553881064,1.6794748461399762,1.6963032748322684,True,0.3037284133330076,0.025538618164146723,0.0015381582674307615,0.010288122190581903,20
k20_thr,none,119,reitsma_indep,1.7346010553881064,1.7346010553881064,1.680614357076196,1.6978492877917877,True,0.30617322265799973,0.02569671615190058,0.0,0.010296533824552282,20
k20_thr,none,119,sep_univariate,1.7346010553881064,1.7346010553881064,1.6873539626803982,1.7039151126288488,True,0.3306572388175533,0.027305851407286915,0.0,0.011301461606975075,20
k20_thr,none,119,adaptshrink_dta,1.7346010553881064,1.7346010553881064,1.679889737186622,1.6968945817869847,True,0.30458349906760235,0.02554749800997358,0.001045754757217985,0.010292211225391836,20
k20_thr,none,120,reitsma,1.7346010553881064,1.7346010553881064,1.5325253684904916,1.7224735438126977,True,0.2570649845075598,0.012305601839119934,-0.003303267393280905,0.01604385592668159,20
k20_thr,none,120,reitsma_indep,1.7346010553881064,1.7346010553881064,1.54517484544789,1.725167749049666,True,0.2744637607276866,0.013034313156725303,0.0,0.016312335141166527,20
k20_thr,none,120,sep_univariate,1.7346010553881064,1.7346010553881064,1.5565077248735737,1.7309094537956011,True,0.306317902216903,0.01474377025722329,0.0,0.017962652583714638,20
k20_thr,none,120,adaptshrink_dta,1.7346010553881064,1.7346010553881064,1.5363085080292114,1.7236438582945992,True,0.2617488621629515,0.01235923782574729,-0.0022447177503582,0.01605401070002575,20
k20_thr,none,121,reitsma,1.7346010553881064,1.7346010553881064,1.6485608411935215,1.6210345968480357,True,0.25973452725861723,0.02380738589783733,-0.0020276377147142102,0.008170700420722777,20
k20_thr,none,121,reitsma_indep,1.7346010553881064,1.7346010553881064,1.657086182343418,1.6189345917960056,True,0.2638349336743662,0.024346021619374665,0.0,0.00806995032043328,20
k20_thr,none,121,sep_univariate,1.7346010553881064,1.7346010553881064,1.6679690371766525,1.6280269736006567,True,0.2920841656029577,0.026409637739472126,0.0,0.009117753575182304,20
k20_thr,none,121,adaptshrink_dta,1.7346010553881064,1.7346010553881064,1.651121066900114,1.62112164967137,True,0.2615662184486373,0.02383912082997297,-0.0013780238737550346,0.008180073181723332,20
k20_thr,none,122,reitsma,1.7346010553881064,1.7346010553881064,1.6996396522945798,1.4617689745473197,True,0.20341407175371873,0.0151758036909889,-0.005389389872952748,0.009609573040556957,20
k20_thr,none,122,reitsma_indep,1.7346010553881064,1.7346010553881064,1.7094667648863653,1.4355992613957578,True,0.22634599741164008,0.015434584684645258,0.0,0.009368821338179623,20
k20_thr,none,122,sep_univariate,1.7346010553881064,1.7346010553881064,1.711184000409327,1.4463129713835878,True,0.24879615236362138,0.01669992150012102,0.0,0.010461817906508472,20
k20_thr,none,122,adaptshrink_dta,1.7346010553881064,1.7346010553881064,1.7060770090492683,1.452153105430857,True,0.22771250586963807,0.015478609892223159,-0.00229926278631886,0.009796859544404147,20
k20_thr,none,123,reitsma,1.7346010553881064,1.7346010553881064,1.5315536550013535,1.7535512495571346,True,0.37020996033128833,0.01750225709346164,-0.011145843733727822,0.02920017799128282,20
k20_thr,none,123,reitsma_indep,1.7346010553881064,1.7346010553881064,1.5478900327479637,1.7366698190297116,True,0.42760956374275466,0.01882856580936066,0.0,0.027410177385988034,20
k20_thr,none,123,sep_univariate,1.7346010553881064,1.7346010553881064,1.5584698622692037,1.7167138717699089,True,0.4084233190100747,0.020638389647067858,0.0,0.02281284868603776,20
k20_thr,none,123,adaptshrink_dta,1.7346010553881064,1.7346010553881064,1.5450009192132175,1.7565274780488809,True,0.4066460029601926,0.017844024500075203,-0.007562052519092947,0.029360883300307783,20
k20_thr,none,124,reitsma,1.7346010553881064,1.7346010553881064,1.4698989309973374,1.9623590980603118,True,0.36026972381758343,0.016462148200980235,-0.01154827500120014,0.030354924176757107,20
k20_thr,none,124,reitsma_indep,1.7346010553881064,1.7346010553881064,1.4373374496884816,1.9369636898140803,True,0.3916106043842452,0.01563301665386318,0.0,0.027688559581994267,20
k20_thr,none,124,sep_univariate,1.7346010553881064,1.7346010553881064,1.446182553537999,1.9335536888477762,True,0.39762712760267144,0.016738289726645268,0.0,0.026660924062006108,20
k20_thr,none,124,adaptshrink_dta,1.7346010553881064,1.7346010553881064,1.4724605860513065,1.9642918149563238,True,0.4046175421399854,0.017082770766149485,-0.007811096984710868,0.030621505754719003,20
k20_thr,none,125,reitsma,1.7346010553881064,1.7346010553881064,1.6334193198703564,1.7025935445707998,True,0.22375836289240617,0.018114225636474326,-0.007969467906309985,0.011307626683346257,20
k20_thr,none,125,reitsma_indep,1.7346010553881064,1.7346010553881064,1.6133873788865762,1.7250229849259167,True,0.28873073638355384,0.018192260907435757,0.0,0.012934022973635061,20
k20_thr,none,125,sep_univariate,1.7346010553881064,1.7346010553881064,1.6176766642155385,1.725637341329837,True,0.2954843474986295,0.018736274784350564,0.0,0.013152853422361012,20
k20_thr,none,125,adaptshrink_dta,1.7346010553881064,1.7346010553881064,1.6356412646630476,1.7151870622149326,True,0.2719715315301579,0.019154244311845585,-0.0033536166123609434,0.011486907211353519,20
k20_thr,none,126,reitsma,1.7346010553881064,1.7346010553881064,1.630423398278492,1.9544632553809862,True,0.2891722571139861,0.01557396940609106,-0.004256223594512164,0.01631791689980307,20
k20_thr,none,126,reitsma_indep,1.7346010553881064,1.7346010553881064,1.6231184719265122,1.9434347331351718,True,0.3098890258139582,0.016809884191050263,0.0,0.01612433969393959,20
k20_thr,none,126,sep_univariate,1.7346010553881064,1.7346010553881064,1.6310762795914133,1.945161006376063,True,0.32687864796298916,0.018252394767038518,0.0,0.01652294737428304,20
k20_thr,none,126,adaptshrink_dta,1.7346010553881064,1.7346010553881064,1.6274498711495267,1.952142028419368,True,0.2965320275686304,0.01568425970722034,-0.0028895779361903886,0.016356256567908897,20
k20_thr,none,127,reitsma,1.7346010553881064,1.7346010553881064,1.7388260158964455,1.6373983663277099,True,0.3209625669495082,0.01944555345684432,-0.007903020780461912,0.01816473602124797,20
k20_thr,none,127,reitsma_indep,1.7346010553881064,1.7346010553881064,1.7655803323079062,1.6318718563655832,True,0.35686786969295653,0.019870432330162335,0.0,0.01809013664359575,20
k20_thr,none,127,sep_univariate,1.7346010553881064,1.7346010553881064,1.77168078547143,1.6481906520027658,True,0.4090281521484726,0.021484869345618825,0.0,0.021979001078382056,20
k20_thr,none,127,adaptshrink_dta,1.7346010553881064,1.7346010553881064,1.7530889184285536,1.639152041032496,True,0.3422531875182243,0.019689196681001022,-0.005354412149199374,0.018248070164042014,20
k20_thr,none,128,reitsma,1.7346010553881064,1.7346010553881064,1.474237661012712,1.6913760456791573,True,0.2767633609046563,0.01956878325074907,-0.010978390987757297,0.017207148657411783,20
k20_thr,none,128,reitsma_indep,1.7346010553881064,1.7346010553881064,1.3974772206061934,1.6779256357215435,True,0.3491726123183208,0.021967333782991278,0.0,0.015665247546385618,20
k20_thr,none,128,sep_univariate,1.7346010553881064,1.7346010553881064,1.4042571765901857,1.677946489152907,True,0.36529605044748475,0.022869233075319302,0.0,0.016469204398909296,20
k20_thr,none,128,adaptshrink_dta,1.7346010553881064,1.7346010553881064,1.4318433575315523,1.6811289394308582,True,0.35649286394327656,0.02167033426294735,-0.004567684964282366,0.01751553609967362,20
k20_thr,none,129,reitsma,1.7346010553881064,1.7346010553881064,1.5591567687816035,1.4952409840770302,True,0.47063916374716225,0.025972526685958747,-0.0024522708119408877,0.024302652395784042,20
k20_thr,none,129,reitsma_indep,1.7346010553881064,1.7346010553881064,1.5519674872499645,1.4912049629520443,True,0.47312678322130053,0.026248659851542594,0.0,0.024070338585961987,20
k20_thr,none,129,sep_univariate,1.7346010553881064,1.7346010553881064,1.556135237772726,1.4891751082816842,True,0.4773712040103237,0.028082991787370278,0.0,0.022903577825245155,20
k20_thr,none,129,adaptshrink_dta,1.7346010553881064,1.7346010553881064,1.553999053003047,1.4928719357476672,True,0.47281573417966516,0.025986531250771917,-0.0008092240201029322,0.024306379714726906,20
k20_thr,none,130,reitsma,1.7346010553881064,1.7346010553881064,1.6414752221912334,1.6905800013872427,True,0.2997763984571212,0.012692221210623732,-0.006835316540955624,0.02366553528260621,20
k20_thr,none,130,reitsma_indep,1.7346010553881064,1.7346010553881064,1.5814540725141732,1.6954206250380297,True,0.2989300368770783,0.010261593577148623,0.0,0.024578680740468158,20
k20_thr,none,130,sep_univariate,1.7346010553881064,1.7346010553881064,1.5790989253159344,1.690256709632643,True,0.2849808048234569,0.010032908974445245,0.0,0.022847496116115085,20
k20_thr,none,130,adaptshrink_dta,1.7346010553881064,1.7346010553881064,1.6276403479771495,1.6932846892180164,True,0.3331630045994216,0.01352612684972042,-0.0029004281313607253,0.02378385225970816,20
k20_thr,none,131,reitsma,1.7346010553881064,1.7346010553881064,1.569829062358895,1.8241076262757723,True,0.26306304576788286,0.013618407268164568,-0.006334545843461049,0.01728907957816186,20
k20_thr,none,131,reitsma_indep,1.7346010553881064,1.7346010553881064,1.5262796503855358,1.8242136695889493,True,0.24372308314665167,0.009977928107138085,0.0,0.016803015317760524,20
k20_thr,none,131,sep_univariate,1.7346010553881064,1.7346010553881064,1.5432034737944968,1.8204978440121034,True,0.25900570956594404,0.01179134558161365,0.0,0.01605793053031343,20
k20_thr,none,131,adaptshrink_dta,1.7346010553881064,1.7346010553881064,1.5721674328354645,1.8293304641786001,True,0.2923473640052756,0.01426188197348553,-0.0026945876324704315,0.01742347421144886,20
k20_thr,none,132,reitsma,1.7346010553881064,1.7346010553881064,1.6602808780215061,1.8831536733459522,True,0.357512278589434,0.01916425032212502,-0.007551863052588482,0.021800425878090984,20
k20_thr,none,132,reitsma_indep,1.7346010553881064,1.7346010553881064,1.6226917091520143,1.8759999839215802,True,0.3714827294921225,0.017608795634969303,0.0,0.02211983431281536,20
k20_thr,none,132,sep_univariate,1.7346010553881064,1.7346010553881064,1.6360364590858996,1.8797991149725328,True,0.4069070422559488,0.0199671674348986,0.0,0.02340497704554454,20
k20_thr,none,132,adaptshrink_dta,1.7346010553881064,1.7346010553881064,1.653888287890264,1.8820058190570106,True,0.37488538135908667,0.019365199157774023,-0.005130639241358476,0.02184306036596871,20
k20_thr,none,133,reitsma,1.7346010553881064,1.7346010553881064,1.5519443224770384,1.9329604788266819,True,0.2762510767886414,0.014878630847263733,-0.004790512126718316,0.016019436624556432,20
k20_thr,none,133,reitsma_indep,1.7346010553881064,1.7346010553881064,1.5440255373706282,1.9322501682410196,True,0.2894873929047453,0.014904550030557549,0.0,0.01586991891846979,20
k20_thr,none,133,sep_univariate,1.7346010553881064,1.7346010553881064,1.54603846624228,1.9306572627444438,True,0.28814268215253247,0.015228063342931154,0.0,0.015388800913976496,20
k20_thr,none,133,adaptshrink_dta,1.7346010553881064,1.7346010553881064,1.5515816206002764,1.9338760135674276,True,0.2851043497228618,0.014960927356855721,-0.0032544282053204327,0.016042918865053733,20
k20_thr,none,134,reitsma,1.7346010553881064,1.7346010553881064,1.2710764876845007,1.6852454329502293,True,0.2724883484435127,0.021513715937142686,0.003024393039268957,0.010166418920848913,20
k20_thr,none,134,reitsma_indep,1.7346010553881064,1.7346010553881064,1.2932175527936822,1.677514647066579,True,0.278585537495593,0.02183959998396814,0.0,0.010030133668704849,20
k20_thr,none,134,sep_univariate,1.7346010553881064,1.7346010553881064,1.301246847752838,1.678325497315389,True,0.2970682044642071,0.023209426332036452,0.0,0.01073203803984505,20
k20_thr,none,134,adaptshrink_dta,1.7346010553881064,1.7346010553881064,1.2797576331712157,1.6826305625663838,True,0.2764804307598843,0.021596593043667872,0.0020523488354007133,0.010185320650185384,20
k20_thr,none,135,reitsma,1.7346010553881064,1.7346010553881064,1.6209361235168855,1.756565954291967,True,0.2551444059828045,0.01901608844057101,-0.01224587885829486,0.017548439262382972,20
k20_thr,none,135,reitsma_indep,1.7346010553881064,1.7346010553881064,1.5876991610396645,1.7487817555578498,True,0.3345919544463054,0.017706201755110708,0.0,0.01784595715301184,20
k20_thr,none,135,sep_univariate,1.7346010553881064,1.7346010553881064,1.5928704505703508,1.7511613511266952,True,0.34947442573602355,0.01873049345044748,0.0,0.018404153542705807,20
k20_thr,none,135,adaptshrink_dta,1.7346010553881064,1.7346010553881064,1.6111947751184215,1.7574965176469988,True,0.34376817594132586,0.020092766204935556,-0.00518931191422249,0.017940911401090196,20
k20_thr,none,136,reitsma,1.7346010553881064,1.7346010553881064,1.7183134425905415,1.7113840676013543,True,0.4028185172823801,0.025363120352913857,-0.009127351649265885,0.021341834453607284,20
k20_thr,none,136,reitsma_indep,1.7346010553881064,1.7346010553881064,1.6948466066960073,1.706823324709783,True,0.4090234616474235,0.022479480857579174,0.0,0.02100605166838494,20
k20_thr,none,136,sep_univariate,1.7346010553881064,1.7346010553881064,1.7012589907750466,1.7075238361151543,True,0.42129880146368504,0.023621752043264766,0.0,0.021208141276360004,20
k20_thr,none,136,adaptshrink_dta,1.7346010553881064,1.7346010553881064,1.721494837000871,1.7126772167602604,True,0.42470544437052066,0.02559095920629031,-0.0062006232157310465,0.02139645201626179,20
k20_thr,none,137,reitsma,1.7346010553881064,1.7346010553881064,1.742088783486431,1.4380051927792117,True,0.4908588243165927,0.02930818055514543,-0.0046819413248284,0.023951706978766578,20
k20_thr,none,137,reitsma_indep,1.7346010553881064,1.7346010553881064,1.7444640772493538,1.4369683680131105,True,0.5149535454775653,0.030565213044787036,0.0,0.024487415194595626,20
k20_thr,none,137,sep_univariate,1.7346010553881064,1.7346010553881064,1.7474080453054424,1.4411812485887754,True,0.5559510346356337,0.031820378639623254,0.0,0.027415868566872333,20
k20_thr,none,137,adaptshrink_dta,1.7346010553881064,1.7346010553881064,1.7423454908872407,1.4375421515910165,True,0.49555827204503505,0.029353331284072737,-0.0031824521066651664,0.023958862021021907,20
k20_thr,none,138,reitsma,1.7346010553881064,1.7346010553881064,1.4680331392575452,1.7718173767553733,True,0.26206320254261484,0.010799616661545261,-0.007642683054751699,0.02335748856430575,20
k20_thr,none,138,reitsma_indep,1.7346010553881064,1.7346010553881064,1.4293117215363178,1.7576572514358482,True,0.29350777577471515,0.010327996964285307,0.0,0.0235427606830679,20
k20_thr,none,138,sep_univariate,1.7346010553881064,1.7346010553881064,1.4335414165039548,1.7655348289055983,True,0.3180960960365817,0.011024246465652551,0.0,0.02590609960829817,20
k20_thr,none,138,adaptshrink_dta,1.7346010553881064,1.7346010553881064,1.4477786531695545,1.7652961665833267,True,0.3023042238841274,0.011386396671305204,-0.0032518461348456417,0.023582252400215994,20
k20_thr,none,139,reitsma,1.7346010553881064,1.7346010553881064,1.6836117687109413,1.6869236845829993,True,0.4021002771869974,0.030504224843504724,-0.005053522787446821,0.01579759209880487,20
k20_thr,none,139,reitsma_indep,1.7346010553881064,1.7346010553881064,1.6553879067586998,1.675877474944664,True,0.4028775671575403,0.028482203105124688,0.0,0.016084473874828083,20
k20_thr,none,139,sep_univariate,1.7346010553881064,1.7346010553881064,1.6648400904505898,1.6882100428442386,True,0.4810600804454483,0.03129839744963947,0.0,0.02086944044464964,20
k20_thr,none,139,adaptshrink_dta,1.7346010553881064,1.7346010553881064,1.670517406639062,1.6791256794711629,True,0.41352595248025464,0.03064679016135007,-0.001665919232689369,0.01583962355922082,20
k20_thr,none,140,reitsma,1.7346010553881064,1.7346010553881064,1.539370928974866,1.8691300719030792,True,0.34902473412970786,0.029464736225262154,-0.014083855574503349,0.01840122671393633,20
k20_thr,none,140,reitsma_indep,1.7346010553881064,1.7346010553881064,1.4901051106197112,1.8540224733480115,True,0.4364416285360745,0.02744404498647889,0.0,0.019590182400111292,20
k20_thr,none,140,sep_univariate,1.7346010553881064,1.7346010553881064,1.5032821927632039,1.8659618078185465,True,0.5132821249543765,0.03074122233525499,0.0,0.02418941778274996,20
k20_thr,none,140,adaptshrink_dta,1.7346010553881064,1.7346010553881064,1.5334272156745785,1.8650966072048516,True,0.4089405836266901,0.03022297879108615,-0.009530177205567227,0.018622852397028027,20
k20_thr,none,141,reitsma,1.7346010553881064,1.7346010553881064,2.0895625092561696,1.4789817951795732,True,0.43392031081456117,0.022361763963516124,-0.009193647100636682,0.027545372990711046,20
k20_thr,none,141,reitsma_indep,1.7346010553881064,1.7346010553881064,2.101162644408109,1.4702197947148041,True,0.4597635202455678,0.021623100161860195,0.0,0.02759213623281703,20
k20_thr,none,141,sep_univariate,1.7346010553881064,1.7346010553881064,2.10384315592644,1.4782900478632832,True,0.4987485862244898,0.022561136834399247,0.0,0.031119788923407672,20
k20_thr,none,141,adaptshrink_dta,1.7346010553881064,1.7346010553881064,2.097501553332713,1.4779163196251237,True,0.45482942672342275,0.022572764832204373,-0.006240135204364697,0.027592089348569215,20
k20_thr,none,142,reitsma,1.7346010553881064,1.7346010553881064,1.3005260971209496,1.782130171566317,True,0.3257978483591448,0.018225414482969136,-0.005603560307262379,0.01816102554974074,20
k20_thr,none,142,reitsma_indep,1.7346010553881064,1.7346010553881064,1.256864502727659,1.790365232248873,True,0.31322877306785196,0.015443224174292352,0.0,0.017931622600686727,20
k20_thr,none,142,sep_univariate,1.7346010553881064,1.7346010553881064,1.2837278920871782,1.789714604527111,True,0.3384375248789605,0.018217058507681266,0.0,0.017746513109938345,20
k20_thr,none,142,adaptshrink_dta,1.7346010553881064,1.7346010553881064,1.3007686067224573,1.787227082073379,True,0.3376979771150535,0.01845187298168046,-0.0037978379228264855,0.018225872921015733,20
k20_thr,none,143,reitsma,1.7346010553881064,1.7346010553881064,1.7542481713050049,1.3854376760263305,True,0.27793674717646444,0.018003196206994206,-0.010826897591183455,0.018622066016182284,20
k20_thr,none,143,reitsma_indep,1.7346010553881064,1.7346010553881064,1.7450761599799354,1.369360668342212,True,0.3121873748947586,0.016301863790087263,0.0,0.01687437431490225,20
k20_thr,none,143,sep_univariate,1.7346010553881064,1.7346010553881064,1.7523124934685415,1.3808758060373236,True,0.36512175233748034,0.01760683153206889,0.0,0.02137117852764015,20
k20_thr,none,143,adaptshrink_dta,1.7346010553881064,1.7346010553881064,1.7612455460592615,1.37682322836573,True,0.35465772609947555,0.01898117858545497,-0.0010754785048823104,0.01876474086289089,20
k20_thr,none,144,reitsma,1.7346010553881064,1.7346010553881064,1.5660080470975224,1.751706259550032,True,0.46011762840726267,0.03349666529174507,-0.011121301561692984,0.02153140505572988,20
k20_thr,none,144,reitsma_indep,1.7346010553881064,1.7346010553881064,1.537005525655315,1.71935971140537,True,0.4775830192644867,0.03234001558048827,0.0,0.019906357335658563,20
k20_thr,none,144,sep_univariate,1.7346010553881064,1.7346010553881064,1.5416636113046631,1.705710557301591,True,0.45760339607292166,0.03438350036340788,0.0,0.017189476768298795,20
k20_thr,none,144,adaptshrink_dta,1.7346010553881064,1.7346010553881064,1.5510461235792192,1.738617578524183,True,0.5059114410325681,0.033799796529800696,-0.0036627323189846266,0.021770095821339017,20
k20_thr,none,145,reitsma,1.7346010553881064,1.7346010553881064,1.4376668923913396,1.8111774833855234,True,0.2368379721960859,0.010201526807509546,-0.00979571743315807,0.024925337689021127,20
k20_thr,none,145,reitsma_indep,1.7346010553881064,1.7346010553881064,1.401230607140463,1.8092964560731546,True,0.28456064307412954,0.009089182714881733,0.0,0.02514543194674346,20
k20_thr,none,145,sep_univariate,1.7346010553881064,1.7346010553881064,1.4216157901677884,1.8064354924830042,True,0.31215111073530427,0.01151343634623649,0.0,0.02388686042753351,20
k20_thr,none,145,adaptshrink_dta,1.7346010553881064,1.7346010553881064,1.4379220771949373,1.8150674262030775,True,0.31042189214980415,0.011490376918482644,-0.0041183585397758385,0.025146443826309733,20
k20_thr,none,146,reitsma,1.7346010553881064,1.7346010553881064,1.636602502131515,1.7471952186634527,True,0.28000375395474186,0.017674078346422185,-0.004111042957271534,0.013476842427330124,20
k20_thr,none,146,reitsma_indep,1.7346010553881064,1.7346010553881064,1.6324295415336665,1.744850209093354,True,0.29223918489154693,0.017598467633926113,0.0,0.013697342296634135,20
k20_thr,none,146,sep_univariate,1.7346010553881064,1.7346010553881064,1.6431736787566094,1.7472693911665045,True,0.3112752686855046,0.019323251614340554,0.0,0.014152830038885475,20
k20_thr,none,146,adaptshrink_dta,1.7346010553881064,1.7346010553881064,1.637625981521512,1.7470411720303771,True,0.28677727869116076,0.01776061097689412,-0.002793284851022323,0.013509018244131745,20
k20_thr,none,147,reitsma,1.7346010553881064,1.7346010553881064,1.7509752684829014,1.5762470863529412,True,0.3906691635365256,0.02060072494922596,-0.004972311911056891,0.02211091655659204,20
k20_thr,none,147,reitsma_indep,1.7346010553881064,1.7346010553881064,1.7235678163618242,1.5657463735935104,True,0.38756784864879273,0.019795308408212732,0.0,0.0214174360594135,20
k20_thr,none,147,sep_univariate,1.7346010553881064,1.7346010553881064,1.7251078348921611,1.5659188882088566,True,0.3916218799920773,0.020142370848122943,0.0,0.021491047058883665,20
k20_thr,none,147,adaptshrink_dta,1.7346010553881064,1.7346010553881064,1.7441532438143699,1.573805798252988,True,0.39753064745539674,0.02067259718228385,-0.0033807688537334317,0.022129359539092133,20
k20_thr,none,148,reitsma,1.7346010553881064,1.7346010553881064,1.8570592798154373,1.3904426202131084,True,0.27634504185107517,0.01818380706704871,-0.005957327139324581,0.013805391844223453,20
k20_thr,none,148,reitsma_indep,1.7346010553881064,1.7346010553881064,1.84778638005744,1.3840254123365827,True,0.2832260156333385,0.01665007381405812,0.0,0.013598292837153443,20
k20_thr,none,148,sep_univariate,1.7346010553881064,1.7346010553881064,1.8452949936087961,1.3809218494519755,True,0.27361411353418247,0.016233803499664374,0.0,0.013016402597103485,20
k20_thr,none,148,adaptshrink_dta,1.7346010553881064,1.7346010553881064,1.8624532357610144,1.3909250403886708,True,0.2920843473974001,0.018500332692734312,-0.004024805597287847,0.013891422009992702,20
k20_thr,none,149,reitsma,1.7346010553881064,1.7346010553881064,1.731481495034772,1.677533965922357,True,0.3504582341621315,0.015664008006846225,-0.0035832063516801683,0.022950819414666725,20
k20_thr,none,149,reitsma_indep,1.7346010553881064,1.7346010553881064,1.7366660092863704,1.6756491401386797,True,0.3604243985924637,0.015998218232469538,0.0,0.022918754634762104,20
k20_thr,none,149,sep_univariate,1.7346010553881064,1.7346010553881064,1.7566682285531068,1.683495838473082,True,0.45119043937617864,0.01981264705984908,0.0,0.029000904336843294,20
k20_thr,none,149,adaptshrink_dta,1.7346010553881064,1.7346010553881064,1.7339432998982864,1.6772969308208672,True,0.35496474217997825,0.015747821256224613,-0.0024340230745752986,0.02295934349935133,20
k20_thr,none,150,reitsma,1.7346010553881064,1.7346010553881064,1.5017097170090865,1.8850426596541017,True,0.4340111492520196,0.023489194022873475,-0.0038668078737013494,0.023270901295983002,20
k20_thr,none,150,reitsma_indep,1.7346010553881064,1.7346010553881064,1.4925276148539421,1.8807228662723101,True,0.44033838425892996,0.02355836537773033,0.0,0.023230694993764938,20
k20_thr,none,150,sep_univariate,1.7346010553881064,1.7346010553881064,1.489503162336979,1.8773573119878775,True,0.42185993338408045,0.02269025853747272,0.0,0.02213764312688947,20
k20_thr,none,150,adaptshrink_dta,1.7346010553881064,1.7346010553881064,1.499167387131104,1.8840856610364978,True,0.4376410996157973,0.023515646821777078,-0.0026288027469348013,0.023282526335382088,20
k20_thr,none,151,reitsma,1.7346010553881064,1.7346010553881064,1.6544611898713708,1.8103250607024939,True,0.2944295395508381,0.014066841210183865,-0.0038896134882657834,0.018469553677069084,20
k20_thr,none,151,reitsma_indep,1.7346010553881064,1.7346010553881064,1.6198016949523175,1.8159496141580733,True,0.29755640419555973,0.013081558163427256,0.0,0.019103519856836962,20
k20_thr,none,151,sep_univariate,1.7346010553881064,1.7346010553881064,1.6395295189343615,1.8220507705004951,True,0.3396906934335081,0.015105190630421829,0.0,0.021561320418520904,20
k20_thr,none,151,adaptshrink_dta,1.7346010553881064,1.7346010553881064,1.6495973789456706,1.8124474170034286,True,0.3009477571959993,0.01420726635579998,-0.0026425514760954802,0.018484613438786324,20
k20_thr,none,152,reitsma,1.7346010553881064,1.7346010553881064,1.531185403427754,1.6756595660875973,True,0.2675922094105568,0.018253938854857574,-0.00282871385529147,0.011510312938487068,20
k20_thr,none,152,reitsma_indep,1.7346010553881064,1.7346010553881064,1.5228313218885785,1.676868170705734,True,0.2730009948841684,0.017923263879250906,0.0,0.011736689832017281,20
k20_thr,none,152,sep_univariate,1.7346010553881064,1.7346010553881064,1.5324960644040109,1.6809757587376328,True,0.2985205905715976,0.02017078059718759,0.0,0.012469818884871427,20
k20_thr,none,152,adaptshrink_dta,1.7346010553881064,1.7346010553881064,1.529680672428451,1.676143456532295,True,0.2710172802660696,0.018298018140655316,-0.0019217732273737603,0.011531687220361657,20
k20_thr,none,153,reitsma,1.7346010553881064,1.7346010553881064,1.5906336027860906,1.7058498294265703,True,0.24360950871354606,0.009812635493022272,-0.0032630247726820067,0.018155202880818937,20
k20_thr,none,153,reitsma_indep,1.7346010553881064,1.7346010553881064,1.58490301505431,1.7037792429629084,True,0.2442159354565735,0.00931152955482183,0.0,0.018078451924785147,20
k20_thr,none,153,sep_univariate,1.7346010553881064,1.7346010553881064,1.5994213227272795,1.7002717129588254,True,0.25994099449258473,0.011263050097314424,0.0,0.01693276197040728,20
k20_thr,none,153,adaptshrink_dta,1.7346010553881064,1.7346010553881064,1.5925113995643234,1.7059063817243922,True,0.24952747046898174,0.00993882219893561,-0.0022128480491408224,0.018174874627948135,20
k20_thr,none,154,reitsma,1.7346010553881064,1.7346010553881064,1.5533245785079446,1.563932656165184,True,0.2761568201670638,0.020908473194949897,-0.006261292929804594,0.012169951480279974,20
k20_thr,none,154,reitsma_indep,1.7346010553881064,1.7346010553881064,1.5393279075907542,1.5692140913410486,True,0.30299637259777484,0.021028809540919312,0.0,0.012322375469785034,20
k20_thr,none,154,sep_univariate,1.7346010553881064,1.7346010553881064,1.5495485194690304,1.5755642299950563,True,0.33700314193950326,0.022924362914923592,0.0,0.013983145979785958,20
k20_thr,none,154,adaptshrink_dta,1.7346010553881064,1.7346010553881064,1.5546105066672493,1.5684876271767496,True,0.2928786097173206,0.021253842915018285,-0.0042377342255171925,0.012236217005090389,20
k20_thr,none,155,reitsma,1.7346010553881064,1.7346010553881064,1.7281493530324106,1.539004513997851,True,0.43051680712924323,0.023725171865169353,-0.0031278200910561838,0.022462181443572267,20
k20_thr,none,155,reitsma_indep,1.7346010553881064,1.7346010553881064,1.7163822500526666,1.5292384654677282,True,0.4218194536230999,0.02294110946322379,0.0,0.021891375953017617,20
k20_thr,none,155,sep_univariate,1.7346010553881064,1.7346010553881064,1.7248948720534663,1.522413760739694,True,0.42857926728042356,0.025844504329079053,0.0,0.020059882078659587,20
k20_thr,none,155,adaptshrink_dta,1.7346010553881064,1.7346010553881064,1.7254435448504357,1.5367860006615486,True,0.4330880382235253,0.023759502963039587,-0.0021263500677466993,0.022472046908545328,20
k20_thr,none,156,reitsma,1.7346010553881064,1.7346010553881064,1.6731476537444443,1.6748192583760673,True,0.35539913103075954,0.015893197623149714,-0.005024291181140401,0.02401968636822753,20
k20_thr,none,156,reitsma_indep,1.7346010553881064,1.7346010553881064,1.6401247075604792,1.6703341998647034,True,0.3560764039530954,0.014779331239836001,0.0,0.024213963016870333,20
k20_thr,none,156,sep_univariate,1.7346010553881064,1.7346010553881064,1.6590009431090436,1.6779416165340757,True,0.4213986497147351,0.017753289679033068,0.0,0.028232003993732494,20
k20_thr,none,156,adaptshrink_dta,1.7346010553881064,1.7346010553881064,1.6669302480801416,1.6736456597721823,True,0.36418443599296735,0.016043016605739653,-0.0034118087628635697,0.024059673600956805,20
k20_thr,none,157,reitsma,1.7346010553881064,1.7346010553881064,1.2595958170179176,1.864396231523794,True,0.27002393390761326,0.017330686909779906,-0.009357824152877144,0.01692753176987161,20
k20_thr,none,157,reitsma_indep,1.7346010553881064,1.7346010553881064,1.2044407728710311,1.8413330639472403,True,0.30487221129864145,0.014392098169755372,0.0,0.018228286076410714,20
k20_thr,none,157,sep_univariate,1.7346010553881064,1.7346010553881064,1.2180691736134055,1.8549940334176882,True,0.37247769640269635,0.01844922372084389,0.0,0.02122544064830169,20
k20_thr,none,157,adaptshrink_dta,1.7346010553881064,1.7346010553881064,1.236461233798672,1.8506461855867946,True,0.32358704651946785,0.01800799882978724,-0.003991402274652049,0.017296284167766594,20
k20_thr,none,158,reitsma,1.7346010553881064,1.7346010553881064,1.7551075837699261,1.9007826477702088,True,0.4368230920414774,0.04311935184024865,-0.016824033744389483,0.01905460428886432,20
k20_thr,none,158,reitsma_indep,1.7346010553881064,1.7346010553881064,1.708036379269309,1.8694175229486334,True,0.5283780892433262,0.04491507939869844,0.0,0.017544124282410624,20
k20_thr,none,158,sep_univariate,1.7346010553881064,1.7346010553881064,1.6991366857579582,1.8749860508439877,True,0.5586169131393214,0.04207097682303794,0.0,0.020935331031389583,20
k20_thr,none,158,adaptshrink_dta,1.7346010553881064,1.7346010553881064,1.7445010700726367,1.8912783696440603,True,0.5024060897319594,0.04394887914100516,-0.011427740794706232,0.01918197513919074,20
k20_thr,none,159,reitsma,1.7346010553881064,1.7346010553881064,1.3618342407972606,1.584992839790033,True,0.295530149388898,0.010784475155681837,-0.008894831465667555,0.030194321185775377,20
k20_thr,none,159,reitsma_indep,1.7346010553881064,1.7346010553881064,1.3810761735547008,1.5760754941260828,True,0.3695465665115016,0.01279540666213545,0.0,0.03012440771873472,20
k20_thr,none,159,sep_univariate,1.7346010553881064,1.7346010553881064,1.391311579892622,1.568365406467551,True,0.3724396185650992,0.01436693604453121,0.0,0.027250963048749355,20
k20_thr,none,159,adaptshrink_dta,1.7346010553881064,1.7346010553881064,1.3771979117883502,1.5840915569415381,True,0.34728702830127495,0.011677471089732074,-0.0037782569517389292,0.030374071680342767,20
k20_thr,none,160,reitsma,1.7346010553881064,1.7346010553881064,1.745303555240486,1.684474572857399,True,0.29058315569786874,0.011901591029824687,-0.00291587479183779,0.020739274577966,20
k20_thr,none,160,reitsma_indep,1.7346010553881064,1.7346010553881064,1.7357718915193967,1.6809239307526753,True,0.28892937514333006,0.011348025610798824,0.0,0.020763346730162172,20
k20_thr,none,160,sep_univariate,1.7346010553881064,1.7346010553881064,1.735771891519396,1.6773018660981847,True,0.28225534131348845,0.011348025610798533,0.0,0.01981519259903742,20
k20_thr,none,160,adaptshrink_dta,1.7346010553881064,1.7346010553881064,1.7403906918480794,1.682695906812619,True,0.2979125469304851,0.012139802647969539,-0.0012472446139936556,0.02076294039192204,20
k20_thr,none,161,reitsma,1.7346010553881064,1.7346010553881064,1.373119078887652,1.6053542349415066,True,0.3755185421552435,0.024929838217614006,-0.0031743700640675648,0.01636951760400996,20
k20_thr,none,161,reitsma_indep,1.7346010553881064,1.7346010553881064,1.3728266238029676,1.6025369497864865,True,0.37956459455965624,0.024742079547895576,0.0,0.016434990530060527,20
k20_thr,none,161,sep_univariate,1.7346010553881064,1.7346010553881064,1.3677770280460144,1.5992974986316184,True,0.357635114514966,0.022856982331106765,0.0,0.015794129023262125,20
k20_thr,none,161,adaptshrink_dta,1.7346010553881064,1.7346010553881064,1.3734746924422554,1.6046826855064482,True,0.37834366467611674,0.02494663046806556,-0.0021579655464395876,0.016382206349893774,20
k20_thr,none,162,reitsma,1.7346010553881064,1.7346010553881064,1.5075334486482992,1.7954491606218026,True,0.2921578732081863,0.016684112687071713,-0.007491918399680533,0.01780418062581244,20
k20_thr,none,162,reitsma_indep,1.7346010553881064,1.7346010553881064,1.4792109770158406,1.7803566979190477,True,0.3211756758902339,0.016207637368709605,0.0,0.017963867754175467,20
k20_thr,none,162,sep_univariate,1.7346010553881064,1.7346010553881064,1.481855211169145,1.7851030394818717,True,0.338645950780829,0.016722774773394514,0.0,0.01935609301696492,20
k20_thr,none,162,adaptshrink_dta,1.7346010553881064,1.7346010553881064,1.5020986269408003,1.7921318918919982,True,0.3139004749969024,0.01693624140953052,-0.0050745115480362556,0.01794150718456698,20
k20_thr,none,163,reitsma,1.7346010553881064,1.7346010553881064,1.280071704593337,1.7345771476439096,True,0.24345374879857587,0.016279374588174692,-0.009978429537769853,0.016392397826692315,20
k20_thr,none,163,reitsma_indep,1.7346010553881064,1.7346010553881064,1.2635920114014911,1.7376200307563063,True,0.2908002458717772,0.013951077137558865,0.0,0.01710866275894635,20
k20_thr,none,163,sep_univariate,1.7346010553881064,1.7346010553881064,1.2715353184617406,1.7545645615019765,True,0.34098621016718567,0.01536319246520912,0.0,0.02136123843735038,20
k20_thr,none,163,adaptshrink_dta,1.7346010553881064,1.7346010553881064,1.2825986723763347,1.737629159452375,True,0.32042451861293586,0.017239434246147874,-0.0009733431421137025,0.016864762664774092,20
k20_thr,none,164,reitsma,1.7346010553881064,1.7346010553881064,1.5326656180083016,1.7824903265680385,True,0.39240890779968324,0.01856136895161411,-0.009325967590583068,0.028101157242698394,20
k20_thr,none,164,reitsma_indep,1.7346010553881064,1.7346010553881064,1.4935917049080722,1.7707287978071296,True,0.4198538422806558,0.017394848730303825,0.0,0.028602887272998638,20
k20_thr,none,164,sep_univariate,1.7346010553881064,1.7346010553881064,1.496878891544897,1.7798248565888384,True,0.46287736983510774,0.018355487339369488,0.0,0.03294581417307793,20
k20_thr,none,164,adaptshrink_dta,1.7346010553881064,1.7346010553881064,1.521889240167361,1.7798627690568365,True,0.4161898737999468,0.01876287324544484,-0.006331656262920346,0.028193271170098243,20
k20_thr,none,165,reitsma,1.7346010553881064,1.7346010553881064,1.5164651996792269,1.5736698202026094,True,0.2668572069000668,0.013403976649970896,-0.01109685939121122,0.02418226197840313,20
k20_thr,none,165,reitsma_indep,1.7346010553881064,1.7346010553881064,1.484141087454015,1.5693442876736567,True,0.36301367206000595,0.015266844881743027,0.0,0.024363009693746624,20
k20_thr,none,165,sep_univariate,1.7346010553881064,1.7346010553881064,1.5150940984806924,1.5714565982885225,True,0.4366089572215846,0.018993480815720137,0.0,0.02832793954336536,20
k20_thr,none,165,adaptshrink_dta,1.7346010553881064,1.7346010553881064,1.514707387079769,1.5723232040829114,True,0.3518621657662808,0.015293954064814827,-0.004693129352764164,0.024288743615124904,20
k20_thr,none,166,reitsma,1.7346010553881064,1.7346010553881064,1.4331873628603735,1.7381599941321006,True,0.45236606498751547,0.020190453650793225,-0.009877043200485207,0.03343851814580576,20
k20_thr,none,166,reitsma_indep,1.7346010553881064,1.7346010553881064,1.4403874943251143,1.7325203473360078,True,0.5002649858092649,0.02171913832207922,0.0,0.032523096666041564,20
k20_thr,none,166,sep_univariate,1.7346010553881064,1.7346010553881064,1.4502223741670734,1.7464678711987194,True,0.5863977316177577,0.023192536893083628,0.0,0.041847601759491274,20
k20_thr,none,166,adaptshrink_dta,1.7346010553881064,1.7346010553881064,1.4393532389902615,1.7389191677257785,True,0.4781478487830303,0.020605749094946287,-0.006702169866585654,0.03349621706619865,20
k20_thr,none,167,reitsma,1.7346010553881064,1.7346010553881064,1.6654363220745572,1.770587644517836,True,0.385996249420775,0.030069663216562403,-0.0028701262436470584,0.014259254103363244,20
k20_thr,none,167,reitsma_indep,1.7346010553881064,1.7346010553881064,1.6597331313469859,1.7725331490624832,True,0.3988881650934537,0.030739783945863824,0.0,0.01460951364514766,20
k20_thr,none,167,sep_univariate,1.7346010553881064,1.7346010553881064,1.6602710115354216,1.7745412847632025,True,0.42928457159690364,0.030841628015263786,0.0,0.01686504610392517,20
k20_thr,none,167,adaptshrink_dta,1.7346010553881064,1.7346010553881064,1.6634181815765188,1.7712142893980045,True,0.3885146733855639,0.030119207484334776,-0.0019498329936015208,0.014271312265681775,20
k20_thr,none,168,reitsma,1.7346010553881064,1.7346010553881064,1.5404558816704494,1.549666326394504,True,0.4963924255023972,0.04438719104635265,-0.010002975153486441,0.017922723975562792,20
k20_thr,none,168,reitsma_indep,1.7346010553881064,1.7346010553881064,1.542663532428574,1.5380895542087494,True,0.5416013560599102,0.04675801674566297,0.0,0.017706701699763353,20
k20_thr,none,168,sep_univariate,1.7346010553881064,1.7346010553881064,1.5427071171706683,1.525417729416464,True,0.5014149130955426,0.04677506905503568,0.0,0.015171003998900744,20
k20_thr,none,168,adaptshrink_dta,1.7346010553881064,1.7346010553881064,1.5426222818744348,1.5486605758726586,True,0.5171251196018973,0.044546326232696894,-0.006799235687631593,0.017981697422107566,20
k20_thr,none,169,reitsma,1.7346010553881064,1.7346010553881064,1.5418155004664567,2.0330223008725814,True,0.2943706316015608,0.02236232097579774,-0.010458922637607794,0.0158288735019493,20
k20_thr,none,169,reitsma_indep,1.7346010553881064,1.7346010553881064,1.524756673793053,1.9926286132201683,True,0.3430069117913019,0.02367863363236759,0.0,0.01402437034694054,20
k20_thr,none,169,sep_univariate,1.7346010553881064,1.7346010553881064,1.5297945919320395,1.9957524652510696,True,0.36393634497365496,0.025510744715312197,0.0,0.014654195745166037,20
k20_thr,none,169,adaptshrink_dta,1.7346010553881064,1.7346010553881064,1.5288670775834385,2.0132225151097547,True,0.3541677962737327,0.022733201984506606,-0.0034382999234263073,0.016093727856261793,20
k20_thr,none,170,reitsma,1.7346010553881064,1.7346010553881064,1.6160553696166133,1.7631310116840564,True,0.3252961354497701,0.013501154259082465,-0.0015976054231710364,0.022310882638537147,20
k20_thr,none,170,reitsma_indep,1.7346010553881064,1.7346010553881064,1.6142295573984227,1.7622465973788826,True,0.3261969084538262,0.013523611793908933,0.0,0.022207580895486828,20
k20_thr,none,170,sep_univariate,1.7346010553881064,1.7346010553881064,1.6305378091457914,1.7649791887824526,True,0.35433146843111624,0.01534240825017801,0.0,0.023097244954086965,20
k20_thr,none,170,adaptshrink_dta,1.7346010553881064,1.7346010553881064,1.615799090649348,1.7630716083142242,True,0.3262458896456363,0.013516299545346147,-0.00108622425081794,0.022313561853505408,20
k20_thr,none,171,reitsma,1.7346010553881064,1.7346010553881064,1.5193624765513936,2.0811120863122134,True,0.3571497924674985,0.028297371211453964,-0.014026089820914285,0.019675262097395688,20
k20_thr,none,171,reitsma_indep,1.7346010553881064,1.7346010553881064,1.4970417637551665,2.0573534151205304,True,0.4454436974640477,0.028997202831441485,0.0,0.01931362512671267,20
k20_thr,none,171,sep_univariate,1.7346010553881064,1.7346010553881064,1.5045690668328293,2.0642494221651804,True,0.479380332399686,0.03125553468044966,0.0,0.020752372709718893,20
k20_thr,none,171,adaptshrink_dta,1.7346010553881064,1.7346010553881064,1.5227964168724806,2.0840359343097843,True,0.4160180647692112,0.028905564413506345,-0.009508115614629851,0.02002720281998843,20
k20_thr,none,172,reitsma,1.7346010553881064,1.7346010553881064,1.528513912020618,1.5048333674002494,True,0.25722986196570286,0.01911567015741715,-0.007504352276595891,0.012715869464559234,20
k20_thr,none,172,reitsma_indep,1.7346010553881064,1.7346010553881064,1.505455703839281,1.514178612410277,True,0.3131348128208864,0.019694699806971982,0.0,0.014052306298026942,20
k20_thr,none,172,sep_univariate,1.7346010553881064,1.7346010553881064,1.514379783545574,1.519068064714361,True,0.3395930267778922,0.021158327153875722,0.0,0.015384042344286709,20
k20_thr,none,172,adaptshrink_dta,1.7346010553881064,1.7346010553881064,1.5289138634756971,1.5094741555627624,True,0.28328684272591176,0.019653729713943992,-0.005061165237339462,0.012828365823844156,20
k20_thr,none,173,reitsma,1.7346010553881064,1.7346010553881064,1.556694886573952,1.4695433191141127,True,0.14761094593865282,0.01673436324274659,-0.002549766798175286,0.0040635417464361875,20
k20_thr,none,173,reitsma_indep,1.7346010553881064,1.7346010553881064,1.5798972437448209,1.4851488032853684,True,0.1748322068796258,0.01713339507453761,0.0,0.005035397001172404,20
k20_thr,none,173,sep_univariate,1.7346010553881064,1.7346010553881064,1.5843587044321552,1.5202933337973825,True,0.22861813481067683,0.018785150888424466,0.0,0.007853096489348583,20
k20_thr,none,173,adaptshrink_dta,1.7346010553881064,1.7346010553881064,1.571183718891303,1.4728069264091115,True,0.15858192394396775,0.016920499038539167,-0.0010699890571025316,0.00426262828912108,20
k20_thr,none,174,reitsma,1.7346010553881064,1.7346010553881064,1.6749449807177974,1.7806573459144988,True,0.4885824284085208,0.033508413646490286,-0.011885251377482461,0.024323041598149246,20
k20_thr,none,174,reitsma_indep,1.7346010553881064,1.7346010553881064,1.645120423274882,1.7630174393408022,True,0.5267806947594074,0.03186840945988374,0.0,0.024577266565121225,20
k20_thr,none,174,sep_univariate,1.7346010553881064,1.7346010553881064,1.6432879920952335,1.7723118458123275,True,0.5505292352703779,0.03117810852033935,0.0,0.02743754664606335,20
k20_thr,none,174,adaptshrink_dta,1.7346010553881064,1.7346010553881064,1.6602651396764732,1.7714721803446882,True,0.535417979204681,0.03366336479639359,-0.003926789005752511,0.024494079852233393,20
k20_thr,none,175,reitsma,1.7346010553881064,1.7346010553881064,1.4903580276887067,1.700881330327704,True,0.40346526660455484,0.02521669575261903,-0.009019209786679982,0.02144630485792415,20
k20_thr,none,175,reitsma_indep,1.7346010553881064,1.7346010553881064,1.4745342448264467,1.6838449459146674,True,0.44697729169466816,0.026481577671391705,0.0,0.0212942001223795,20
k20_thr,none,175,sep_univariate,1.7346010553881064,1.7346010553881064,1.4749411338817424,1.6838136584199814,True,0.4476107469549022,0.026568190641500927,0.0,0.02128498254988702,20
k20_thr,none,175,adaptshrink_dta,1.7346010553881064,1.7346010553881064,1.4887165766100008,1.6982450463457048,True,0.42621416619523556,0.025534513600278717,-0.006119992607660841,0.021546752426979267,20
k20_thr,none,176,reitsma,1.7346010553881064,1.7346010553881064,1.5652684238983745,1.6721142298529645,True,0.39664423719998726,0.02532818852678335,-0.017989798133066264,0.030309614589250734,20
k20_thr,none,176,reitsma_indep,1.7346010553881064,1.7346010553881064,1.5081136349595992,1.6574508839229627,True,0.49266249237509063,0.02320545143395748,0.0,0.02952182793359601,20
k20_thr,none,176,sep_univariate,1.7346010553881064,1.7346010553881064,1.5110189309015192,1.6652500717493726,True,0.5905261146541957,0.02410530759307095,0.0,0.04083192033749591,20
k20_thr,none,176,adaptshrink_dta,1.7346010553881064,1.7346010553881064,1.5546876804583,1.668125929910733,True,0.4753797689150033,0.025914083211028758,-0.012230008222438377,0.03038574939186699,20
k20_thr,none,177,reitsma,1.7346010553881064,1.7346010553881064,1.212363992044217,1.7607132324389683,True,0.3225605150863605,0.016949257054693696,-0.008269242050083848,0.02136072373274382,20
k20_thr,none,177,reitsma_indep,1.7346010553881064,1.7346010553881064,1.1577612020036678,1.7541939917413507,True,0.33583847818796525,0.015029160703153474,0.0,0.02118168207471606,20
k20_thr,none,177,sep_univariate,1.7346010553881064,1.7346010553881064,1.170388366763096,1.7554466646567473,True,0.36784814747520406,0.0174502211567113,0.0,0.02188620576670776,20
k20_thr,none,177,adaptshrink_dta,1.7346010553881064,1.7346010553881064,1.2007676932352882,1.7591523170210333,True,0.34785241063133576,0.01736714355090168,-0.005584114676265527,0.021460567332823813,20
k20_thr,none,178,reitsma,1.7346010553881064,1.7346010553881064,1.6506372338472641,1.6940177238338838,True,0.443265054784917,0.02303028477716399,-0.003061487744412239,0.024487276175005752,20
k20_thr,none,178,reitsma_indep,1.7346010553881064,1.7346010553881064,1.6412483479881543,1.6841479403855066,True,0.4381041296629544,0.0227547645423885,0.0,0.023807654692502456,20
k20_thr,none,178,sep_univariate,1.7346010553881064,1.7346010553881064,1.6427870438009349,1.6870651189481207,True,0.4533058563944781,0.023194425159764203,0.0,0.02500537160913123,20
k20_thr,none,178,adaptshrink_dta,1.7346010553881064,1.7346010553881064,1.6482197737693154,1.6915918449038732,True,0.4455560741630368,0.023050714510789296,-0.0020814546169807056,0.024496254494058775,20
k20_thr,none,179,reitsma,1.7346010553881064,1.7346010553881064,1.4243777472375543,1.519447135086589,True,0.2767366333693876,0.012521602629132433,-0.008346258165767787,0.02282584525104859,20
k20_thr,none,179,reitsma_indep,1.7346010553881064,1.7346010553881064,1.3399907731807814,1.5203973842894425,True,0.29125679655049036,0.010487544332097143,0.0,0.02283035130606602,20
k20_thr,none,179,sep_univariate,1.7346010553881064,1.7346010553881064,1.3392170197738609,1.519482249448906,True,0.28230465918560455,0.010422521576922097,0.0,0.021582291585890187,20
k20_thr,none,179,adaptshrink_dta,1.7346010553881064,1.7346010553881064,1.3964241557139605,1.5207071028174068,True,0.32036032743517356,0.013213631444005478,-0.0035727152617894735,0.022888467001766194,20
k20_thr,none,180,reitsma,1.7346010553881064,1.7346010553881064,1.5737197512311007,1.5880987912875097,True,0.307450532026888,0.015276019328948953,-0.0030427021679561095,0.018071290631535963,20
k20_thr,none,180,reitsma_indep,1.7346010553881064,1.7346010553881064,1.568903405899604,1.5855430244640472,True,0.312116855088256,0.015154991745731485,0.0,0.018143163209100407,20
k20_thr,none,180,sep_univariate,1.7346010553881064,1.7346010553881064,1.5805240356084014,1.5847574448725525,True,0.334906198289194,0.017680358260549443,0.0,0.017905628788265845,20
k20_thr,none,180,adaptshrink_dta,1.7346010553881064,1.7346010553881064,1.5731925709065746,1.5876646970232473,True,0.31105713069203905,0.015339752954787891,-0.0020674656745937386,0.018081773814957892,20
k20_thr,none,181,reitsma,1.7346010553881064,1.7346010553881064,1.6003032092312188,1.7830087494085223,True,0.3720348607875953,0.031755197043662343,-0.012340159040540954,0.017097732315970098,20
k20_thr,none,181,reitsma_indep,1.7346010553881064,1.7346010553881064,1.5981022170846244,1.7827421687110339,True,0.441808349002975,0.030638006417017388,0.0,0.017982149392611307,20
k20_thr,none,181,sep_univariate,1.7346010553881064,1.7346010553881064,1.6124224447091877,1.7882586144961299,True,0.49644711723521007,0.0359855261207132,0.0,0.019330914354449114,20
k20_thr,none,181,adaptshrink_dta,1.7346010553881064,1.7346010553881064,1.6061806352938066,1.7854954813336743,True,0.41395612201545656,0.03204619466447479,-0.008363092502864062,0.017275197432072335,20
k20_thr,none,182,reitsma,1.7346010553881064,1.7346010553881064,1.7213385582961853,1.7907756612182952,True,0.34613121605279856,0.024391975071807858,-0.01485919880395109,0.022915355546804426,20
k20_thr,none,182,reitsma_indep,1.7346010553881064,1.7346010553881064,1.7340993484871936,1.7692807072829384,True,0.48232340652049005,0.02785195216859466,0.0,0.02357519548634106,20
k20_thr,none,182,sep_univariate,1.7346010553881064,1.7346010553881064,1.73674605060782,1.7739600221713037,True,0.5097650242774644,0.028928260068120083,0.0,0.02535432324655375,20
k20_thr,none,182,adaptshrink_dta,1.7346010553881064,1.7346010553881064,1.7353908058001726,1.7823443431767758,True,0.4406054875219423,0.025263919295144457,-0.006341110123507313,0.023280276291319152,20
k20_thr,none,183,reitsma,1.7346010553881064,1.7346010553881064,1.401523413048094,1.597398045943118,True,0.3730123375030847,0.014449698341990641,-0.00569609043592582,0.029423680884892934,20
k20_thr,none,183,reitsma_indep,1.7346010553881064,1.7346010553881064,1.4108918366872754,1.584821938067924,True,0.3908176538739393,0.014859607743163777,0.0,0.029011839636345408,20
k20_thr,none,183,sep_univariate,1.7346010553881064,1.7346010553881064,1.413053592559883,1.5951978151498256,True,0.4296491085900609,0.016033450364155887,0.0,0.032496389045112144,20
k20_thr,none,183,adaptshrink_dta,1.7346010553881064,1.7346010553881064,1.4053744210791443,1.5950161054257914,True,0.38354821282318374,0.01459411754859466,-0.003863260196039646,0.02947357977813135,20
k20_thr,none,184,reitsma,1.7346010553881064,1.7346010553881064,2.0347871377522457,1.614808875584741,True,0.4756323432319414,0.03397784263152363,-0.014100025819322065,0.024643543226509867,20
k20_thr,none,184,reitsma_indep,1.7346010553881064,1.7346010553881064,1.995273483902496,1.611440864546568,True,0.520384499597809,0.030419075590524328,0.0,0.02512678703392077,20
k20_thr,none,184,sep_univariate,1.7346010553881064,1.7346010553881064,1.9913842331312155,1.6103433118410657,True,0.5083567834902303,0.029519167976598464,0.0,0.0247096959137305,20
k20_thr,none,184,adaptshrink_dta,1.7346010553881064,1.7346010553881064,2.038056421323499,1.6170758735664257,True,0.522855691060066,0.03484162708166818,-0.009536340974764216,0.024756363190046017,20
k20_thr,none,185,reitsma,1.7346010553881064,1.7346010553881064,1.7934769591057051,1.665819295293098,True,0.3168327923913119,0.024174736716801395,-0.0182233819075217,0.025457275129075238,20
k20_thr,none,185,reitsma_indep,1.7346010553881064,1.7346010553881064,1.68755835944023,1.6700157654442858,True,0.41630639525661284,0.019152155855435622,0.0,0.025541286269807034,20
k20_thr,none,185,sep_univariate,1.7346010553881064,1.7346010553881064,1.7008452441670798,1.671269932211716,True,0.44115572061697683,0.02076979778884311,0.0,0.026447573276918976,20
k20_thr,none,185,adaptshrink_dta,1.7346010553881064,1.7346010553881064,1.7905895080093133,1.675893290281202,True,0.4720760022239783,0.02682134662322228,-0.007743101376408034,0.025687242569856106,20
k20_thr,none,186,reitsma,1.7346010553881064,1.7346010553881064,1.6167431083720274,1.7914345347734582,True,0.3653586840788858,0.029118163083808258,-0.012974246563440872,0.01872021645129382,20
k20_thr,none,186,reitsma_indep,1.7346010553881064,1.7346010553881064,1.582416754329676,1.7777527692385962,True,0.4213163253117578,0.027693080304639853,0.0,0.018091708314349572,20
k20_thr,none,186,sep_univariate,1.7346010553881064,1.7346010553881064,1.5873811946041625,1.7737102815638355,True,0.4174259332146187,0.029297560737361235,0.0,0.01678655807118387,20
k20_thr,none,186,adaptshrink_dta,1.7346010553881064,1.7346010553881064,1.6144103626649444,1.7912640813480114,True,0.4108985658947461,0.02943645626841121,-0.008820268116711228,0.01883180796244598,20
k20_thr,none,187,reitsma,1.7346010553881064,1.7346010553881064,1.519267503111264,1.6972959829955632,True,0.394623535962216,0.026010671654227813,-0.008541854562503498,0.019703648516192808,20
k20_thr,none,187,reitsma_indep,1.7346010553881064,1.7346010553881064,1.5015419474965603,1.7092517654424428,True,0.43310930637703743,0.025431441782525203,0.0,0.02081892573528018,20
k20_thr,none,187,sep_univariate,1.7346010553881064,1.7346010553881064,1.514098990681134,1.711121263403331,True,0.4689986760280641,0.028719996241944847,0.0,0.0216168854711852,20
k20_thr,none,187,adaptshrink_dta,1.7346010553881064,1.7346010553881064,1.518328824479971,1.7025635748548182,True,0.4143259268627359,0.02621919640689953,-0.005792780810460914,0.019759715938241842,20
k20_thr,none,188,reitsma,1.7346010553881064,1.7346010553881064,1.493880398825315,1.747878511817928,True,0.3846497288805233,0.026413013152362195,-0.01760455421646234,0.02754418002045576,20
k20_thr,none,188,reitsma_indep,1.7346010553881064,1.7346010553881064,1.556202698074399,1.7596339921670245,True,0.5436353193468833,0.0293169515537309,0.0,0.028453178391091308,20
k20_thr,none,188,sep_univariate,1.7346010553881064,1.7346010553881064,1.5596250172073673,1.7822062701015462,True,0.6340779022941238,0.030471657353207372,0.0,0.03724117948071789,20
k20_thr,none,188,adaptshrink_dta,1.7346010553881064,1.7346010553881064,1.5472626183806086,1.7642642662030024,True,0.5145669824148202,0.027734504637521706,-0.0057149864781188145,0.028123842802598227,20
k20_thr,none,189,reitsma,1.7346010553881064,1.7346010553881064,1.4449937013871081,1.970879645699326,True,0.34165514099751865,0.018726053954801192,0.004031560510050558,0.018461933586895407,20
k20_thr,none,189,reitsma_indep,1.7346010553881064,1.7346010553881064,1.4494151145251493,1.9763582299505946,True,0.3466938316860966,0.018310991222189786,0.0,0.018527407008537174,20
k20_thr,none,189,sep_univariate,1.7346010553881064,1.7346010553881064,1.4523339954159213,1.9767639187531836,True,0.356501988147589,0.019186100940671323,0.0,0.01869697960353286,20
k20_thr,none,189,adaptshrink_dta,1.7346010553881064,1.7346010553881064,1.4477861341144225,1.9730597469088118,True,0.346860874664203,0.01877899576210427,0.0027385535175601518,0.01848245047027656,20
k20_thr,none,190,reitsma,1.7346010553881064,1.7346010553881064,1.5004070621892078,1.6627375693618116,True,0.4363247342556082,0.0236332413669695,-0.008581334427977346,0.025852788559963,20
k20_thr,none,190,reitsma_indep,1.7346010553881064,1.7346010553881064,1.4117574178585237,1.6703511629259,True,0.43802044495666065,0.020243328880255235,0.0,0.02675106644708765,20
k20_thr,none,190,sep_univariate,1.7346010553881064,1.7346010553881064,1.4332018985754635,1.6817058314963216,True,0.524944672936359,0.023281853932317822,0.0,0.033407484269353735,20
k20_thr,none,190,adaptshrink_dta,1.7346010553881064,1.7346010553881064,1.4839615157475765,1.6654569696516697,True,0.4580606105718881,0.02416619232535478,-0.005815324432514199,0.02590536501322459,20
k20_thr,none,191,reitsma,1.7346010553881064,1.7346010553881064,1.3658012530149062,1.8147754856586427,True,0.27488195236877633,0.011780610002517936,-0.0073206942500389505,0.022652567840647148,20
k20_thr,none,191,reitsma_indep,1.7346010553881064,1.7346010553881064,1.3391511740090771,1.819320780421083,True,0.3085101486159425,0.012078776206669096,0.0,0.0222407916690008,20
k20_thr,none,191,sep_univariate,1.7346010553881064,1.7346010553881064,1.3531056251512117,1.823876681451135,True,0.3645750265781324,0.013662409129961276,0.0,0.027458753143538975,20
k20_thr,none,191,adaptshrink_dta,1.7346010553881064,1.7346010553881064,1.3626608310555735,1.8184362469954933,True,0.29720205160655827,0.012083219945251095,-0.004970171735958336,0.022677031478438896,20
k20_thr,none,192,reitsma,1.7346010553881064,1.7346010553881064,1.2379040633172624,1.7044801245773724,True,0.33107080305749703,0.02055790057881445,-0.0050212082315137085,0.016275056296299044,20
k20_thr,none,192,reitsma_indep,1.7346010553881064,1.7346010553881064,1.2248485142720562,1.6925938470578792,True,0.3296312912781395,0.01916373297268224,0.0,0.016003354278033545,20
k20_thr,none,192,sep_univariate,1.7346010553881064,1.7346010553881064,1.2282444200263696,1.7003148560363366,True,0.3551324016253426,0.020270258714971342,0.0,0.01756125591774646,20
k20_thr,none,192,adaptshrink_dta,1.7346010553881064,1.7346010553881064,1.2361115734242762,1.7023260516138345,True,0.3396446016503368,0.020641938195353073,-0.0034069161757809135,0.01633599288270421,20
k20_thr,none,193,reitsma,1.7346010553881064,1.7346010553881064,1.4663697711385404,1.6782817630165257,True,0.41791248723967345,0.024287187155737855,-0.009198209634021315,0.023780416870094388,20
k20_thr,none,193,reitsma_indep,1.7346010553881064,1.7346010553881064,1.436133742480847,1.6730529135327665,True,0.4408251185353521,0.023541284686978574,0.0,0.023298972755361226,20
k20_thr,none,193,sep_univariate,1.7346010553881064,1.7346010553881064,1.4381054146266483,1.676120553952444,True,0.4599640909960426,0.023958301517294656,0.0,0.024924479444237122,20
k20_thr,none,193,adaptshrink_dta,1.7346010553881064,1.7346010553881064,1.4612112916782505,1.6785865560439004,True,0.4393600618311248,0.02450878764534975,-0.006247724519247197,0.02382337896222807,20
k20_thr,none,194,reitsma,1.7346010553881064,1.7346010553881064,1.6308124453102004,1.8001946664687327,True,0.3309719063960961,0.01944619425967865,-0.01140378712440869,0.022586939742013097,20
k20_thr,none,194,reitsma_indep,1.7346010553881064,1.7346010553881064,1.6381444167496184,1.7840190908999836,True,0.4243292187521394,0.02226997059327342,0.0,0.0228202553056933,20
k20_thr,none,194,sep_univariate,1.7346010553881064,1.7346010553881064,1.6391075725553956,1.7783933590123633,True,0.41243719939785795,0.022511904199376372,0.0,0.021327389148997743,20
k20_thr,none,194,adaptshrink_dta,1.7346010553881064,1.7346010553881064,1.6349151673248135,1.7974914230394312,True,0.3753192361290792,0.020039718748075638,-0.00769454618813412,0.02279455462982758,20
k20_thr,none,195,reitsma,1.7346010553881064,1.7346010553881064,1.6215558380591684,1.5995183989844743,True,0.46986553818584054,0.024412628405931072,-0.006028109172772748,0.027013564323648657,20
k20_thr,none,195,reitsma_indep,1.7346010553881064,1.7346010553881064,1.6395325672497156,1.596388071386457,True,0.4948884226408364,0.02576731293949222,0.0,0.026827470328525116,20
k20_thr,none,195,sep_univariate,1.7346010553881064,1.7346010553881064,1.6470875805932719,1.6039444826178126,True,0.5474793485482452,0.02806801044831705,0.0,0.030141032206530277,20
k20_thr,none,195,adaptshrink_dta,1.7346010553881064,1.7346010553881064,1.6271061868169976,1.5992431914980696,True,0.47798234027319186,0.024477217979301587,-0.004096746813544966,0.027030532807245877,20
k20_thr,none,196,reitsma,1.7346010553881064,1.7346010553881064,1.5225912742201217,1.6894236658012722,True,0.39201506315593443,0.03764102208563929,-0.010042643383398307,0.014202722068605646,20
k20_thr,none,196,reitsma_indep,1.7346010553881064,1.7346010553881064,1.4586649361049586,1.6842078403400007,True,0.41781365969307593,0.03533132943982127,0.0,0.013945675530976849,20
k20_thr,none,196,sep_univariate,1.7346010553881064,1.7346010553881064,1.4543883910348263,1.6856331362555046,True,0.42764566137852666,0.03445120799652926,0.0,0.014982971483782616,20
k20_thr,none,196,adaptshrink_dta,1.7346010553881064,1.7346010553881064,1.5132666453985393,1.6887882282485844,True,0.42214323376139884,0.03832791082490988,-0.006793814962827773,0.014327408779650835,20
k20_thr,none,197,reitsma,1.7346010553881064,1.7346010553881064,1.4324432073572555,1.6789982584280856,True,0.5863034768566258,0.04183956123454033,-0.015560324291739305,0.028976493187087837,20
k20_thr,none,197,reitsma_indep,1.7346010553881064,1.7346010553881064,1.40710432553349,1.6574842644177463,True,0.6304768320798366,0.04026814609043881,0.0,0.027861910707609724,20
k20_thr,none,197,sep_univariate,1.7346010553881064,1.7346010553881064,1.4099292404722723,1.652642327261372,True,0.6235009194584146,0.04182100495913417,0.0,0.026236989333739448,20
k20_thr,none,197,adaptshrink_dta,1.7346010553881064,1.7346010553881064,1.429792657956486,1.676042818751261,True,0.6297518439895957,0.04227802555243466,-0.010551528368197827,0.029109766701456027,20
k20_thr,none,198,reitsma,1.7346010553881064,1.7346010553881064,1.6740257289933995,1.557018431265004,True,0.36998210345406285,0.030913559047779277,-0.016414467437356244,0.021213924056607516,20
k20_thr,none,198,reitsma_indep,1.7346010553881064,1.7346010553881064,1.597681708458146,1.5400556755029657,True,0.43745044057161525,0.026952687177898386,0.0,0.020039639873830516,20
k20_thr,none,198,sep_univariate,1.7346010553881064,1.7346010553881064,1.595093314466238,1.5409138604408157,True,0.4388527557466951,0.026370745875597693,0.0,0.020613394407684917,20
k20_thr,none,198,adaptshrink_dta,1.7346010553881064,1.7346010553881064,1.6587688350221517,1.5512164029561901,True,0.4426135996801682,0.03172156934386768,-0.01111938054051951,0.02132895627397495,20
k20_thr,none,199,reitsma,1.7346010553881064,1.7346010553881064,1.4455321993024395,1.8755706178692306,True,0.40981109798614823,0.026110502911628444,-0.00483899655021587,0.01905139020205161,20
k20_thr,none,199,reitsma_indep,1.7346010553881064,1.7346010553881064,1.4385819866245566,1.87128480040513,True,0.41744637257633077,0.02589991135160795,0.0,0.018990542549937983,20
k20_thr,none,199,sep_univariate,1.7346010553881064,1.7346010553881064,1.440529054392566,1.868765769303975,True,0.4155840876559077,0.02665844847711989,0.0,0.018285936950146492,20
k20_thr,none,199,adaptshrink_dta,1.7346010553881064,1.7346010553881064,1.444076310737994,1.8748520469555534,True,0.4157725214345003,0.02614991346353599,-0.003289141156088266,0.01907215942508673,20
k20_thr,none,200,reitsma,1.7346010553881064,1.7346010553881064,1.2436288711761943,1.7539811543352406,True,0.4174374266384364,0.028072258284677635,-0.010157563857399236,0.021195601197796832,20
k20_thr,none,200,reitsma_indep,1.7346010553881064,1.7346010553881064,1.254237740562517,1.7532640047751133,True,0.46768967267684836,0.027978127721597978,0.0,0.022066384366685236,20
k20_thr,none,200,sep_univariate,1.7346010553881064,1.7346010553881064,1.2552568348465145,1.7807144121750456,True,0.5467420963000218,0.02838846344511801,0.0,0.029720588700207398,20
k20_thr,none,200,adaptshrink_dta,1.7346010553881064,1.7346010553881064,1.2505493936313483,1.7562533686089654,True,0.442927935282653,0.028183343254006107,-0.006895939847027877,0.02133483549791597,20
k20_thr,none,201,reitsma,1.7346010553881064,1.7346010553881064,1.5567280985518417,1.878522608654158,True,0.36113695517631106,0.015698668961525036,-0.010841066093822509,0.030935052661567514,20
k20_thr,none,201,reitsma_indep,1.7346010553881064,1.7346010553881064,1.5388034278416063,1.8403061138433272,True,0.42163271271334896,0.017711415530593834,0.0,0.028330196830993658,20
k20_thr,none,201,sep_univariate,1.7346010553881064,1.7346010553881064,1.5455648874103936,1.8327868382685328,True,0.42725122515909536,0.019594674125141178,0.0,0.0262943751720412,20
k20_thr,none,201,adaptshrink_dta,1.7346010553881064,1.7346010553881064,1.5469007723743176,1.8677417690661227,True,0.4179255501173657,0.016459977190936868,-0.004636545756608952,0.031256467893416996,20
k20_thr,none,202,reitsma,1.7346010553881064,1.7346010553881064,1.7042757575758503,1.6251738261251898,True,0.28312071732306543,0.016795731399796832,-0.004260636221874644,0.014551154324401438,20
k20_thr,none,202,reitsma_indep,1.7346010553881064,1.7346010553881064,1.7336739983046137,1.6369232300210852,True,0.30251121475696235,0.017478064069608442,0.0,0.014778280280408004,20
k20_thr,none,202,sep_univariate,1.7346010553881064,1.7346010553881064,1.7312901079658365,1.6495426225056267,True,0.3253645287911142,0.017205793298663893,0.0,0.01736600711426338,20
k20_thr,none,202,adaptshrink_dta,1.7346010553881064,1.7346010553881064,1.7255841587889258,1.6341176544054519,True,0.2961348362394057,0.017082242866325804,-0.0013983328482689392,0.014604465519194327,20
k20_thr,none,203,reitsma,1.7346010553881064,1.7346010553881064,1.5880914055804654,1.6867818028072081,True,0.4539977560404971,0.034298085670475376,-0.015448007864946732,0.023919644896570107,20
k20_thr,none,203,reitsma_indep,1.7346010553881064,1.7346010553881064,1.5570268884784637,1.6669863619646133,True,0.5406043172937108,0.033973766026507556,0.0,0.02428005100692219,20
k20_thr,none,203,sep_univariate,1.7346010553881064,1.7346010553881064,1.559501121444069,1.6340423752182698,True,0.4690739063366745,0.03527518788345644,0.0,0.017605464206797147,20
k20_thr,none,203,adaptshrink_dta,1.7346010553881064,1.7346010553881064,1.5845015295348308,1.685694094040476,True,0.5124561064424334,0.03500085109532755,-0.010405582630387933,0.02427075192316757,20
k20_thr,none,204,reitsma,1.7346010553881064,1.7346010553881064,1.5546284873184313,1.6926204733101142,True,0.3980700717374397,0.02587594255777419,-0.009188964108575542,0.020547662011104483,20
k20_thr,none,204,reitsma_indep,1.7346010553881064,1.7346010553881064,1.4785371684375137,1.6909160366705858,True,0.3867813242710589,0.021054651062211174,0.0,0.0200547480698857,20
k20_thr,none,204,sep_univariate,1.7346010553881064,1.7346010553881064,1.4831194774059129,1.6902175720530443,True,0.387449065847194,0.021638496811186354,0.0,0.01958106979388521,20
k20_thr,none,204,adaptshrink_dta,1.7346010553881064,1.7346010553881064,1.5489926546995803,1.6941613896699421,True,0.4218159999868534,0.0262591962196614,-0.006231985502935308,0.02060390071164075,20
k20_thr,none,205,reitsma,1.7346010553881064,1.7346010553881064,1.3631671213694245,1.9797317962010335,True,0.4386942142193687,0.024357839940423832,-0.013845981486338584,0.030171357666969465,20
k20_thr,none,205,reitsma_indep,1.7346010553881064,1.7346010553881064,1.3531196868668345,1.9956950174928663,True,0.5682230001540898,0.026829193111556245,0.0,0.03396755389341789,20
k20_thr,none,205,sep_univariate,1.7346010553881064,1.7346010553881064,1.3696131243137237,2.0075468668856287,True,0.6290729055016905,0.02924274910597399,0.0,0.03819601272662359,20
k20_thr,none,205,adaptshrink_dta,1.7346010553881064,1.7346010553881064,1.3740392497810758,1.9915219048247748,True,0.4931882751182461,0.02539541400770468,-0.009365422867835626,0.030487453943535525,20
k20_thr,none,206,reitsma,1.7346010553881064,1.7346010553881064,1.469074091354276,1.733981570682508,True,0.40455981125890467,0.028836741167415903,-0.01200263566012071,0.021015493209019596,20
k20_thr,none,206,reitsma_indep,1.7346010553881064,1.7346010553881064,1.4132701867429571,1.7344504440964443,True,0.4378691800346583,0.025801759958418036,0.0,0.020973634344226076,20
k20_thr,none,206,sep_univariate,1.7346010553881064,1.7346010553881064,1.4211101603361247,1.7407051556537834,True,0.4791721739904246,0.027125422081399207,0.0,0.023891363864911978,20
k20_thr,none,206,adaptshrink_dta,1.7346010553881064,1.7346010553881064,1.4651612182494083,1.7369690826173116,True,0.4444150876868076,0.029456227790898876,-0.008110763353921082,0.021158245598925263,20
k20_thr,none,207,reitsma,1.7346010553881064,1.7346010553881064,1.8972042646858331,1.4770728635394896,True,0.38246518016825376,0.02449016023149891,-0.0001392667711350172,0.016859583714275355,20
k20_thr,none,207,reitsma_indep,1.7346010553881064,1.7346010553881064,1.8970899503408591,1.4769130197344404,True,0.3820898340675198,0.024455759352784226,0.0,0.016849386038807118,20
k20_thr,none,207,sep_univariate,1.7346010553881064,1.7346010553881064,1.9064454716813195,1.4786920834225288,True,0.3973317507426458,0.02581806871411289,0.0,0.017259056733503655,20
k20_thr,none,207,adaptshrink_dta,1.7346010553881064,1.7346010553881064,1.897248780785433,1.4770369105828127,True,0.38247109206754704,0.024490276350513696,-9.470131625247592e-05,0.016859599205332657,20
k20_thr,none,208,reitsma,1.7346010553881064,1.7346010553881064,1.331424449904228,1.831708019361948,True,0.2158696785092614,0.012971512143255448,-0.002868759242251073,0.010774193338961933,20
k20_thr,none,208,reitsma_indep,1.7346010553881064,1.7346010553881064,1.3216435737491727,1.8203598947695545,True,0.2225955173550088,0.01284459986851203,0.0,0.01088795997278285,20
k20_thr,none,208,sep_univariate,1.7346010553881064,1.7346010553881064,1.3219225575609326,1.8291432933162095,True,0.2537176036669262,0.013249771111882492,0.0,0.013712830022662275,20
k20_thr,none,208,adaptshrink_dta,1.7346010553881064,1.7346010553881064,1.3279572433250872,1.8280378571502738,True,0.22002359208206695,0.013007398411125207,-0.0019476519355774036,0.010796297901200173,20
k20_thr,none,209,reitsma,1.7346010553881064,1.7346010553881064,1.4399465608829118,1.6753645713987364,True,0.29851060858242956,0.02101329356085451,-0.0071016656324450434,0.014369133226383935,20
k20_thr,none,209,reitsma_indep,1.7346010553881064,1.7346010553881064,1.4367500175522185,1.686998975344932,True,0.33496501743416085,0.020901251163064273,0.0,0.01515168348064136,20
k20_thr,none,209,sep_univariate,1.7346010553881064,1.7346010553881064,1.4463945903803592,1.6831906134370989,True,0.3361100965009128,0.022740036213115298,0.0,0.014021879548152812,20
k20_thr,none,209,adaptshrink_dta,1.7346010553881064,1.7346010553881064,1.4446708103516726,1.6806076523647593,True,0.31681531309405275,0.021228230170047553,-0.004811890564088727,0.014436168381372332,20
k20_thr,none,210,reitsma,1.7346010553881064,1.7346010553881064,0.9392392743070043,1.639190941121493,True,0.5174095527102689,0.03542315398036687,-0.013678151625642867,0.026612856776717955,20
k20_thr,none,210,reitsma_indep,1.7346010553881064,1.7346010553881064,0.9441399246349454,1.6377963571684877,True,0.5813751804332917,0.036847863796683235,0.0,0.02589017143826787,20
k20_thr,none,210,sep_univariate,1.7346010553881064,1.7346010553881064,0.9478397142320851,1.635901990039791,True,0.5822760415185169,0.03804752443505633,0.0,0.025151605008844873,20
k20_thr,none,210,adaptshrink_dta,1.7346010553881064,1.7346010553881064,0.9463900506809856,1.6430345574395484,True,0.5535644241257851,0.03563824970809553,-0.009294941221284193,0.02669337933528366,20
k20_thr,none,211,reitsma,1.7346010553881064,1.7346010553881064,1.8016223871766133,1.471907721323844,True,0.37842493199116145,0.02205888977700345,-0.007406246442028347,0.0208102089088702,20
k20_thr,none,211,reitsma_indep,1.7346010553881064,1.7346010553881064,1.815741847133154,1.4829185485100977,True,0.4136033535179198,0.022248471386266202,0.0,0.021702121581504773,20
k20_thr,none,211,sep_univariate,1.7346010553881064,1.7346010553881064,1.850755093126487,1.471218418422586,True,0.4429083834337311,0.029030220099540115,0.0,0.01907268077325773,20
k20_thr,none,211,adaptshrink_dta,1.7346010553881064,1.7346010553881064,1.8124143254006506,1.4769532655737168,True,0.39500739904964727,0.022323395792735214,-0.0050227117367669894,0.020858162403517025,20
k20_thr,none,212,reitsma,1.7346010553881064,1.7346010553881064,1.6398731323152187,1.6724595180852921,True,0.39260138114935006,0.02838693250165123,-0.009008202566523904,0.018184298404951445,20
k20_thr,none,212,reitsma_indep,1.7346010553881064,1.7346010553881064,1.630748556800089,1.674955128285293,True,0.43012625652531494,0.028761755847774503,0.0,0.018155607289410836,20
k20_thr,none,212,sep_univariate,1.7346010553881064,1.7346010553881064,1.64289768708672,1.6711485191300062,True,0.43451484653944333,0.03114336782963163,0.0,0.017111100097040526,20
k20_thr,none,212,adaptshrink_dta,1.7346010553881064,1.7346010553881064,1.6430496536697932,1.6762287242909402,True,0.414722254988862,0.028669885569820534,-0.006118203178991721,0.01823820944131411,20
k20_thr,none,213,reitsma,1.7346010553881064,1.7346010553881064,1.7076969891220652,1.4222705706386287,True,0.43672307143735606,0.019241950191618822,-0.008063740719166441,0.03135604104926828,20
k20_thr,none,213,reitsma_indep,1.7346010553881064,1.7346010553881064,1.669196880689613,1.4233740457429869,True,0.45681762427387734,0.018024697003166536,0.0,0.03267773870415697,20
k20_thr,none,213,sep_univariate,1.7346010553881064,1.7346010553881064,1.669648596987878,1.4099009842846526,True,0.42443600649920366,0.018207830801880334,0.0,0.027925470380842258,20
k20_thr,none,213,adaptshrink_dta,1.7346010553881064,1.7346010553881064,1.697232276004801,1.4234791122297747,True,0.45406656855407596,0.01948814001196446,-0.005476781118974809,0.03140005055997672,20
k20_thr,none,214,reitsma,1.7346010553881064,1.7346010553881064,1.5485410363496022,1.5591475423291052,True,0.3526336072699515,0.016127315106082896,-0.008807761027529191,0.02657330642174078,20
k20_thr,none,214,reitsma_indep,1.7346010553881064,1.7346010553881064,1.5580525141640973,1.552810327188733,True,0.3958256691299892,0.01684357043609798,0.0,0.02625475797163984,20
k20_thr,none,214,sep_univariate,1.7346010553881064,1.7346010553881064,1.5611621241274325,1.5467841121309542,True,0.3869614982027234,0.017451118475016944,0.0,0.02421845932294152,20
k20_thr,none,214,adaptshrink_dta,1.7346010553881064,1.7346010553881064,1.5550350888161144,1.5599662797755518,True,0.37683984051387687,0.01639195795120224,-0.0059747307722877625,0.026629889494656726,20
k20_thr,none,215,reitsma,1.7346010553881064,1.7346010553881064,1.6803533821889536,1.7933083365850133,True,0.45580450229126657,0.046550479348485836,-0.0006742685104624221,0.01260677240441384,20
k20_thr,none,215,reitsma_indep,1.7346010553881064,1.7346010553881064,1.6798806133287725,1.7923819006599977,True,0.4578694789866823,0.04666213885953548,0.0,0.012680985767429702,20
k20_thr,none,215,sep_univariate,1.7346010553881064,1.7346010553881064,1.682389478520313,1.799140697563228,True,0.4865075394639808,0.047602912646047595,0.0,0.014033948887396263,20
k20_thr,none,215,adaptshrink_dta,1.7346010553881064,1.7346010553881064,1.6801274084600675,1.7928972937662409,True,0.455912577749437,0.04655133812866913,-0.0004585007601411253,0.012607263723797243,20
k20_thr,none,216,reitsma,1.7346010553881064,1.7346010553881064,1.585453661832878,1.8109817582888563,True,0.4203328480115676,0.027779477811313718,-0.013450667702161887,0.024464077097945257,20
k20_thr,none,216,reitsma_indep,1.7346010553881064,1.7346010553881064,1.5431927536470298,1.784719553847939,True,0.4551750646561004,0.023961084988200203,0.0,0.024405331579561224,20
k20_thr,none,216,sep_univariate,1.7346010553881064,1.7346010553881064,1.5614818345200192,1.7896412587712756,True,0.5149634839624395,0.029136497120867712,0.0,0.02568915370445361,20
k20_thr,none,216,adaptshrink_dta,1.7346010553881064,1.7346010553881064,1.5831290075706281,1.8082789187275439,True,0.46706153786960924,0.028246199318125643,-0.009115073601017435,0.02473973392347672,20
k20_thr,none,217,reitsma,1.7346010553881064,1.7346010553881064,1.5729502124656776,1.7448038882971715,True,0.2540495566520349,0.019749753567278927,-0.008383880071694277,0.01278279496662837,20
k20_thr,none,217,reitsma_indep,1.7346010553881064,1.7346010553881064,1.6042934173991983,1.7457604509351585,True,0.32380665084290605,0.02334527106442289,0.0,0.012676719345828228,20
k20_thr,none,217,sep_univariate,1.7346010553881064,1.7346010553881064,1.6105141913910057,1.7490167121564766,True,0.33955439045665853,0.02437787332712304,0.0,0.013349258761515935,20
k20_thr,none,217,adaptshrink_dta,1.7346010553881064,1.7346010553881064,1.590294607473307,1.7500845540751109,True,0.29991013284088125,0.020552786979303073,-0.003564373132783265,0.012970395391047032,20
k20_thr,none,218,reitsma,1.7346010553881064,1.7346010553881064,1.5226824823716245,1.6690008231761897,True,0.34827026973664066,0.025257793867101905,-0.016024937302145128,0.023721234257892757,20
k20_thr,none,218,reitsma_indep,1.7346010553881064,1.7346010553881064,1.5612594913208653,1.5843371289748323,True,0.3954912406147195,0.027550904389395035,0.0,0.016024044618945424,20
k20_thr,none,218,sep_univariate,1.7346010553881064,1.7346010553881064,1.565890675100493,1.577109280526335,True,0.3936846673843162,0.028945699484102357,0.0,0.015112879507405197,20
k20_thr,none,218,adaptshrink_dta,1.7346010553881064,1.7346010553881064,1.562649435989223,1.6431324940611345,True,0.48697964736604354,0.027117336959801192,-0.0015584761217676435,0.024773188027559623,20
k20_thr,none,219,reitsma,1.7346010553881064,1.7346010553881064,1.5358269343035025,1.7120647545501424,True,0.2570279294109199,0.019117259241852477,-0.007819594048566716,0.012952170992932513,20
k20_thr,none,219,reitsma_indep,1.7346010553881064,1.7346010553881064,1.5218364864818315,1.7066652754101181,True,0.29465993481590114,0.01855295327012589,0.0,0.013208800873366488,20
k20_thr,none,219,sep_univariate,1.7346010553881064,1.7346010553881064,1.5252654933743761,1.710238627891126,True,0.3068317614686598,0.01923633124270008,0.0,0.013813783547942732,20
k20_thr,none,219,adaptshrink_dta,1.7346010553881064,1.7346010553881064,1.5370287517695367,1.7134494581461728,True,0.2967534174011832,0.019645884516277214,-0.0033261834638564965,0.013214998776383272,20
k20_thr,none,220,reitsma,1.7346010553881064,1.7346010553881064,1.5567067726497743,1.6328295673774182,True,0.23270009148435158,0.009741390367273544,-0.001726618317546116,0.015995438788794277,20
k20_thr,none,220,reitsma_indep,1.7346010553881064,1.7346010553881064,1.5563199294855992,1.6364634189782221,True,0.2384579106400944,0.009954268079612253,0.0,0.01612309463343295,20
k20_thr,none,220,sep_univariate,1.7346010553881064,1.7346010553881064,1.559079866154333,1.633980700163964,True,0.2362802046183321,0.010163796999246775,0.0,0.015503614504755184,20
k20_thr,none,220,adaptshrink_dta,1.7346010553881064,1.7346010553881064,1.5559708526407505,1.634860076818575,True,0.23515511064058917,0.009789170812473064,-0.0007421614823419705,0.016000263623760686,20
k20_thr,none,221,reitsma,1.7346010553881064,1.7346010553881064,1.3676503243919724,1.71801882536017,True,0.25374146072195386,0.014396453545804436,0.003344783622799523,0.01340007846566927,20
k20_thr,none,221,reitsma_indep,1.7346010553881064,1.7346010553881064,1.3820341583708504,1.7232119776083499,True,0.26460052363969333,0.014964584125553676,0.0,0.013205383358857178,20
k20_thr,none,221,sep_univariate,1.7346010553881064,1.7346010553881064,1.3880921552630778,1.7228304440709536,True,0.27927098579563464,0.01681525580462716,0.0,0.013091289427900811,20
k20_thr,none,221,adaptshrink_dta,1.7346010553881064,1.7346010553881064,1.3727428803477622,1.7203984973813804,True,0.2589642249554582,0.014480399760388203,0.0022689326422149648,0.01342725459619372,20
k20_thr,none,222,reitsma,1.7346010553881064,1.7346010553881064,1.6397970920385285,1.6843228194126967,True,0.36375621676875913,0.019963322594894015,-0.01037946287321193,0.0241043406534704,20
k20_thr,none,222,reitsma_indep,1.7346010553881064,1.7346010553881064,1.5942483803595497,1.6585516267356488,True,0.4004658381998021,0.019504651853367156,0.0,0.023207428067103405,20
k20_thr,none,222,sep_univariate,1.7346010553881064,1.7346010553881064,1.5971323566141074,1.6599810132989599,True,0.41436817194360137,0.020460414463742294,0.0,0.023686048751624805,20
k20_thr,none,222,adaptshrink_dta,1.7346010553881064,1.7346010553881064,1.6255050302495444,1.678600417161064,True,0.3965008571208844,0.020361937931071338,-0.007034855092712856,0.02422279279745202,20
k20_thr,none,223,reitsma,1.7346010553881064,1.7346010553881064,1.4542514122912908,1.5563400322838652,True,0.24812412057125433,0.016080238335589223,-0.0033179150888616874,0.011490969883072855,20
k20_thr,none,223,reitsma_indep,1.7346010553881064,1.7346010553881064,1.4413822909429048,1.5564088376070588,True,0.254238009851501,0.015851125150264433,0.0,0.011509464893698395,20
k20_thr,none,223,sep_univariate,1.7346010553881064,1.7346010553881064,1.44664761567633,1.558939879586449,True,0.26944592427181707,0.016706350415700198,0.0,0.01226580109640364,20
k20_thr,none,223,adaptshrink_dta,1.7346010553881064,1.7346010553881064,1.4518838475820492,1.556757617925937,True,0.25294993565480106,0.016142328611014934,-0.0022544624296939996,0.011502469395336223,20
k20_thr,none,224,reitsma,1.7346010553881064,1.7346010553881064,1.4973106056345664,1.8044837554235127,True,0.36420277752167507,0.02602859074560986,-0.021268289340680185,0.03176227063204609,20
k20_thr,none,224,reitsma_indep,1.7346010553881064,1.7346010553881064,1.5179019160925737,1.7902589568202045,True,0.554266929008668,0.029138932671714596,0.0,0.029757645126011967,20
k20_thr,none,224,sep_univariate,1.7346010553881064,1.7346010553881064,1.525083603535575,1.7944100219467105,True,0.5873559135320571,0.031187464166466214,0.0,0.03122172500187684,20
k20_thr,none,224,adaptshrink_dta,1.7346010553881064,1.7346010553881064,1.518497554707348,1.8017283412520109,True,0.5667296268282344,0.028067046710042245,-0.0021000213736989525,0.03245614976376568,20
k20_thr,none,225,reitsma,1.7346010553881064,1.7346010553881064,1.4755323322465141,1.602012994538446,True,0.48543585869244693,0.03877743067785872,-0.02104388132245478,0.028572337303786933,20
k20_thr,none,225,reitsma_indep,1.7346010553881064,1.7346010553881064,1.5132938269852585,1.6048689473888862,True,0.6301548288448298,0.0408801265080796,0.0,0.02741678794424165,20
k20_thr,none,225,sep_univariate,1.7346010553881064,1.7346010553881064,1.506659579146421,1.5941668240555629,True,0.5798764828471167,0.03900382450337077,0.0,0.0243331349923119,20
k20_thr,none,225,adaptshrink_dta,1.7346010553881064,1.7346010553881064,1.5195477351484061,1.617116505734579,True,0.6307274927047849,0.04035860823545729,-0.006880511150140744,0.028994587900647146,20
k20_thr,none,226,reitsma,1.7346010553881064,1.7346010553881064,1.3914558065038505,1.7203016037951404,True,0.28969466879185507,0.011846333836418883,-0.005021322191909028,0.0221238505844526,20
k20_thr,none,226,reitsma_indep,1.7346010553881064,1.7346010553881064,1.3896161926331314,1.715495329517403,True,0.31109909601032926,0.012389885895764105,0.0,0.02204775927313565,20
k20_thr,none,226,sep_univariate,1.7346010553881064,1.7346010553881064,1.394850299444789,1.710043738859085,True,0.31044788031034837,0.013632804830283214,0.0,0.01995383824986935,20
k20_thr,none,226,adaptshrink_dta,1.7346010553881064,1.7346010553881064,1.3914048019180996,1.7194958577214952,True,0.29967737486910156,0.011966831527961058,-0.0034085688513256465,0.022152685424975137,20
k20_thr,none,227,reitsma,1.7346010553881064,1.7346010553881064,1.7311311783200793,1.4927175054964192,True,0.3778855474123518,0.027570216473403072,-0.016460011440729654,0.024445879043118762,20
k20_thr,none,227,reitsma_indep,1.7346010553881064,1.7346010553881064,1.7203844730468838,1.4880895538325125,True,0.5245900175025701,0.030002583922783283,0.0,0.02588902243590036,20
k20_thr,none,227,sep_univariate,1.7346010553881064,1.7346010553881064,1.7273197096580126,1.4716076071340378,True,0.47771556252097414,0.03215780507894451,0.0,0.02003026280731887,20
k20_thr,none,227,adaptshrink_dta,1.7346010553881064,1.7346010553881064,1.7363011128327688,1.4957541560461551,True,0.45163284689109345,0.028440608585313453,-0.01116293029560691,0.02462405277513998,20
k20_thr,none,228,reitsma,1.7346010553881064,1.7346010553881064,1.460037788996076,1.8047906838627163,True,0.3942850932969765,0.03646072953465516,-0.010152958222991091,0.014861765279126629,20
k20_thr,none,228,reitsma_indep,1.7346010553881064,1.7346010553881064,1.4462146296684857,1.7846130733791807,True,0.4416956790029796,0.03869713038978997,0.0,0.01422989866859805,20
k20_thr,none,228,sep_univariate,1.7346010553881064,1.7346010553881064,1.4415138587666048,1.7792599858903688,True,0.4163018462064666,0.03705820241719193,0.0,0.013199776919504655,20
k20_thr,none,228,adaptshrink_dta,1.7346010553881064,1.7346010553881064,1.4567056525192588,1.8017662638128005,True,0.4230631542405611,0.036879441237295627,-0.006885126253017016,0.014983503779125013,20
k20_thr,none,229,reitsma,1.7346010553881064,1.7346010553881064,1.3602508596401346,1.9494890820988175,True,0.5279551742040646,0.035126897182789246,-0.01766087164141259,0.03127635196942007,20
k20_thr,none,229,reitsma_indep,1.7346010553881064,1.7346010553881064,1.3773070119958877,1.9070639073774547,True,0.609698584470392,0.03820828709025274,0.0,0.027460413466945232,20
k20_thr,none,229,sep_univariate,1.7346010553881064,1.7346010553881064,1.3742669336189737,1.9019535801929732,True,0.5893900338015917,0.03728610584553833,0.0,0.02629618913411657,20
k20_thr,none,229,adaptshrink_dta,1.7346010553881064,1.7346010553881064,1.3729179597286592,1.9482200305916209,True,0.5905403826802406,0.03563198461137713,-0.01197795018759771,0.03165091323725546,20
k20_thr,none,230,reitsma,1.7346010553881064,1.7346010553881064,1.5759458616285924,1.7005840841285633,True,0.37339446096963,0.03613141854751886,-0.007366759781353549,0.01239342564162621,20
k20_thr,none,230,reitsma_indep,1.7346010553881064,1.7346010553881064,1.5519041267449674,1.6945807186746975,True,0.3950043829242094,0.03482278279906631,0.0,0.012646624447191336,20
k20_thr,none,230,sep_univariate,1.7346010553881064,1.7346010553881064,1.553468295829943,1.6972650716645652,True,0.40891123584136335,0.03525123544127293,0.0,0.013388071182730402,20
k20_thr,none,230,adaptshrink_dta,1.7346010553881064,1.7346010553881064,1.5724189577617196,1.699048949410446,True,0.38839389726082174,0.03628710727518235,-0.005007581319442019,0.012424517411145268,20
k20_thr,none,231,reitsma,1.7346010553881064,1.7346010553881064,1.611391199135772,1.6749947309196203,True,0.34493511392735754,0.043396434463992745,-0.02002651312156499,0.016980270122518737,20
k20_thr,none,231,reitsma_indep,1.7346010553881064,1.7346010553881064,1.6143014850718627,1.66500630412137,True,0.4843847267931047,0.04131311439379187,0.0,0.016029767126207555,20
k20_thr,none,231,sep_univariate,1.7346010553881064,1.7346010553881064,1.6116096162740818,1.6649140752375846,True,0.4787945579434155,0.04040600926774458,0.0,0.016013516765890256,20
k20_thr,none,231,adaptshrink_dta,1.7346010553881064,1.7346010553881064,1.6437211747491083,1.6889916282639994,True,0.5134589747891224,0.0455474977532506,-0.00838908434792941,0.017882464540915098,20
k20_thr,none,232,reitsma,1.7346010553881064,1.7346010553881064,1.7246604149600426,1.5970459209070886,True,0.4549715674987748,0.040691913309620804,-0.012237283166897131,0.018038143252241737,20
k20_thr,none,232,reitsma_indep,1.7346010553881064,1.7346010553881064,1.747966246917264,1.555577104548757,True,0.5179800297485954,0.047081548596479054,0.0,0.01608457389550858,20
k20_thr,none,232,sep_univariate,1.7346010553881064,1.7346010553881064,1.7622579491167645,1.5533850359338424,True,0.5353209947519614,0.05159068238762772,0.0,0.015678032025716153,20
k20_thr,none,232,adaptshrink_dta,1.7346010553881064,1.7346010553881064,1.7307927985573923,1.5895610746931559,True,0.4902023705295426,0.041107898836649975,-0.008326062619441264,0.018185457455150333,20
k20_thr,none,233,reitsma,1.7346010553881064,1.7346010553881064,1.4602320267773334,1.8825950832390295,True,0.25464484227434886,0.013767708134938701,-0.0027408020734976143,0.013839217486682388,20
k20_thr,none,233,reitsma_indep,1.7346010553881064,1.7346010553881064,1.4519696290636208,1.8746281104519853,True,0.25366453375287507,0.013128486611734392,0.0,0.013833723850044175,20
k20_thr,none,233,sep_univariate,1.7346010553881064,1.7346010553881064,1.4551981612280622,1.8782899466890042,True,0.27333876462757284,0.014362156541391016,0.0,0.014683076632418276,20
k20_thr,none,233,adaptshrink_dta,1.7346010553881064,1.7346010553881064,1.4585822532740849,1.880589761043818,True,0.2579495088353223,0.013804594878727806,-0.001862024962714346,0.013855577566380808,20
k20_thr,none,234,reitsma,1.7346010553881064,1.7346010553881064,1.7149142573858471,1.7411864272004682,True,0.32443475027966273,0.03104954491328422,-0.007965912651516867,0.01161197128067122,20
k20_thr,none,234,reitsma_indep,1.7346010553881064,1.7346010553881064,1.6982196821517024,1.7340471357475817,True,0.3599076656815348,0.030167299823690492,0.0,0.01211936934046552,20
k20_thr,none,234,sep_univariate,1.7346010553881064,1.7346010553881064,1.6992583048621472,1.7407134195959253,True,0.38359992703027335,0.030416012359485097,0.0,0.013654915680678796,20
k20_thr,none,234,adaptshrink_dta,1.7346010553881064,1.7346010553881064,1.7167780505587573,1.7406589204032554,True,0.34592237316596053,0.03129846789235453,-0.005401149154272771,0.011723240513417705,20
k20_thr,none,235,reitsma,1.7346010553881064,1.7346010553881064,1.4798211607702176,1.5711842483285448,True,0.3379267213044312,0.027134660610700762,-0.014845291792152946,0.020000132657759656,20
k20_thr,none,235,reitsma_indep,1.7346010553881064,1.7346010553881064,1.4482906554240342,1.5476231945743704,True,0.4445806196886878,0.027954079672419203,0.0,0.01995676402091507,20
k20_thr,none,235,sep_univariate,1.7346010553881064,1.7346010553881064,1.4590818022163867,1.546634029424944,True,0.4693115979140191,0.03165475064546886,0.0,0.01963893550638588,20
k20_thr,none,235,adaptshrink_dta,1.7346010553881064,1.7346010553881064,1.4690584225348504,1.5624106493915775,True,0.40835670766870946,0.0280806246174231,-0.009972945781346195,0.020303200235935116,20
k20_thr,none,236,reitsma,1.7346010553881064,1.7346010553881064,1.5198731176016569,1.852466970550535,True,0.39689409371177375,0.022369076480461752,-0.020975344776645137,0.03954474850166092,20
k20_thr,none,236,reitsma_indep,1.7346010553881064,1.7346010553881064,1.4426796795528876,1.8328979657668159,True,0.5384186378765685,0.02167193112180778,0.0,0.037755204345840725,20
k20_thr,none,236,sep_univariate,1.7346010553881064,1.7346010553881064,1.4566596907091833,1.8351537148134411,True,0.5892565841700871,0.025012381789192437,0.0,0.03918213580866858,20
k20_thr,none,236,adaptshrink_dta,1.7346010553881064,1.7346010553881064,1.4866987621193337,1.849445671415407,True,0.5531254805384799,0.023634521113148038,-0.009037352610008223,0.03999285724143112,20
k20_thr,none,237,reitsma,1.7346010553881064,1.7346010553881064,1.8466112984819547,1.4906571029906543,True,0.28409751656473686,0.017923576860696004,-0.010375859885114247,0.018716496173898152,20
k20_thr,none,237,reitsma_indep,1.7346010553881064,1.7346010553881064,1.8090440032595643,1.462998989382268,True,0.35399609396883025,0.02019912244222364,0.0,0.017510506367061935,20
k20_thr,none,237,sep_univariate,1.7346010553881064,1.7346010553881064,1.824865963372084,1.4588021670507265,True,0.35538864064492254,0.022617075989757325,0.0,0.015761766674585346,20
k20_thr,none,237,adaptshrink_dta,1.7346010553881064,1.7346010553881064,1.832221970673038,1.4780959077978064,True,0.3535006728138963,0.01961538190606505,-0.004382611046503214,0.018960366487211167,20
k20_thr,none,238,reitsma,1.7346010553881064,1.7346010553881064,1.6843444026146877,1.4778263819799382,True,0.38890785199478484,0.02292592213737607,-0.012740372371747494,0.025700976989834364,20
k20_thr,none,238,reitsma_indep,1.7346010553881064,1.7346010553881064,1.6042833708170783,1.4755564969959116,True,0.42001929637789276,0.018680085053459316,0.0,0.026655933958547443,20
k20_thr,none,238,sep_univariate,1.7346010553881064,1.7346010553881064,1.6172216949715972,1.4806610956592847,True,0.4660306290861157,0.021049031395394005,0.0,0.02912266220686758,20
k20_thr,none,238,adaptshrink_dta,1.7346010553881064,1.7346010553881064,1.671607928811537,1.4790506114967896,True,0.4369348730794255,0.02371145678579115,-0.008616030145888812,0.02585609685047431,20
k20_thr,none,239,reitsma,1.7346010553881064,1.7346010553881064,1.6442254928994562,1.3807408058922976,True,0.4652006426487548,0.027228756892353403,-0.009136590883615268,0.025498761793230046,20
k20_thr,none,239,reitsma_indep,1.7346010553881064,1.7346010553881064,1.610010821950587,1.3718650592765325,True,0.49859010766108874,0.026770614929865245,0.0,0.026209771510449273,20
k20_thr,none,239,sep_univariate,1.7346010553881064,1.7346010553881064,1.6117531885298662,1.3612603872012328,True,0.45321007130738766,0.027537573471951248,0.0,0.02105269518831536,20
k20_thr,none,239,adaptshrink_dta,1.7346010553881064,1.7346010553881064,1.62334220856567,1.374749155426506,True,0.4948888683866818,0.027424646788231522,-0.0030135662863776747,0.02553741733695411,20
k20_thr,none,240,reitsma,1.7346010553881064,1.7346010553881064,1.5006936679242369,1.594587100948653,True,0.4175513077187375,0.029219781750968093,-0.008986759451442405,0.01960529781528798,20
k20_thr,none,240,reitsma_indep,1.7346010553881064,1.7346010553881064,1.4729511599057066,1.5831884058857117,True,0.4546161314600047,0.030537527938713383,0.0,0.019102494076606753,20
k20_thr,none,240,sep_univariate,1.7346010553881064,1.7346010553881064,1.4592009477858867,1.5864321542679438,True,0.45237542226718236,0.027486935463140526,0.0,0.02101386545031678,20
k20_thr,none,240,adaptshrink_dta,1.7346010553881064,1.7346010553881064,1.4929683128653612,1.5919146960344956,True,0.4387958766871131,0.029526041780561268,-0.0060958552130468725,0.01966430657493785,20
k20_thr,none,241,reitsma,1.7346010553881064,1.7346010553881064,1.673435682884843,1.7237565943832815,True,0.3839886885885479,0.030053122102626086,-0.018386898981614275,0.025097172784917483,20
k20_thr,none,241,reitsma_indep,1.7346010553881064,1.7346010553881064,1.7132505422573152,1.7555588525826678,True,0.5957698112246598,0.03667251932034209,0.0,0.02731810102285774,20
k20_thr,none,241,sep_univariate,1.7346010553881064,1.7346010553881064,1.7077580338944343,1.7584998391898639,True,0.6036667171808525,0.035578566139841616,0.0,0.028909480619081888,20
k20_thr,none,241,adaptshrink_dta,1.7346010553881064,1.7346010553881064,1.7053809588009077,1.7444247088798677,True,0.4795501077362057,0.03172762492947121,-0.012396984475376188,0.025301964513910775,20
k20_thr,none,242,reitsma,1.7346010553881064,1.7346010553881064,1.559690978550904,1.5448255678839704,True,0.2786757380485358,0.01503759996853825,-0.01110939104138304,0.022783858526625504,20
k20_thr,none,242,reitsma_indep,1.7346010553881064,1.7346010553881064,1.56223090604983,1.5466308305409349,True,0.371646300145871,0.01709554350734264,0.0,0.022803997335728847,20
k20_thr,none,242,sep_univariate,1.7346010553881064,1.7346010553881064,1.5774295665103737,1.544617836596885,True,0.3878723916000122,0.0193461840939653,0.0,0.021949098469371566,20
k20_thr,none,242,adaptshrink_dta,1.7346010553881064,1.7346010553881064,1.5706501322944992,1.5506799578292096,True,0.3517022046795519,0.016207507190145277,-0.0047389985878176395,0.02292677810654271,20
k20_thr,none,243,reitsma,1.7346010553881064,1.7346010553881064,1.5333346842741193,1.5737867288766436,True,0.3441550135278948,0.01854548091457288,-0.010106126058171384,0.023533413606836046,20
k20_thr,none,243,reitsma_indep,1.7346010553881064,1.7346010553881064,1.5062542087174844,1.5725829193984222,True,0.39287278339287585,0.017931345396580905,0.0,0.024295468506900626,20
k20_thr,none,243,sep_univariate,1.7346010553881064,1.7346010553881064,1.5119797583194543,1.5749397359962818,True,0.42579625866800436,0.019892061811220312,0.0,0.025725163822344757,20
k20_thr,none,243,adaptshrink_dta,1.7346010553881064,1.7346010553881064,1.5275475898582493,1.5748909742656882,True,0.37398956314744747,0.01874316232087048,-0.00686529804485878,0.023577162324261696,20
k20_thr,none,244,reitsma,1.7346010553881064,1.7346010553881064,1.6769965789098744,1.44632287511317,True,0.3051753585520487,0.035273650491163135,-0.005900860089263751,0.008439313924515624,20
k20_thr,none,244,reitsma_indep,1.7346010553881064,1.7346010553881064,1.6750999511373887,1.4487197479883045,True,0.3248377946312361,0.03362330334239548,0.0,0.008857822940250924,20
k20_thr,none,244,sep_univariate,1.7346010553881064,1.7346010553881064,1.6819333777498877,1.4491914110981265,True,0.3352148777425338,0.035571350306576925,0.0,0.008916214060842604,20
k20_thr,none,244,adaptshrink_dta,1.7346010553881064,1.7346010553881064,1.682506697066211,1.44839488763768,True,0.3176893589603819,0.03543409587756511,-0.004003531708674841,0.00849164043028287,20
k20_thr,none,245,reitsma,1.7346010553881064,1.7346010553881064,1.7322060088979494,1.7851602634465735,True,0.28014652292648096,0.019714840745565478,-0.006075712137396497,0.013108403836265067,20
k20_thr,none,245,reitsma_indep,1.7346010553881064,1.7346010553881064,1.736694197856362,1.789305288852095,True,0.3172302309672616,0.02100483364748104,0.0,0.013522723104087954,20
k20_thr,none,245,sep_univariate,1.7346010553881064,1.7346010553881064,1.7381556987886186,1.797477247945912,True,0.35651445978093926,0.02122910921567032,0.0,0.016898836091366064,20
k20_thr,none,245,adaptshrink_dta,1.7346010553881064,1.7346010553881064,1.73563070763999,1.787028825487982,True,0.2951545067396778,0.019983436898732623,-0.004116754103374906,0.013152555832671076,20
k20_thr,none,246,reitsma,1.7346010553881064,1.7346010553881064,1.7649311186336418,1.4552237608174245,True,0.2586211174694611,0.018062409225930134,-0.007151257683104019,0.01328301233429728,20
k20_thr,none,246,reitsma_indep,1.7346010553881064,1.7346010553881064,1.7482170253085927,1.4568556365947951,True,0.286704742606,0.01655504380681873,0.0,0.01401437346372545,20
k20_thr,none,246,sep_univariate,1.7346010553881064,1.7346010553881064,1.7597618948779783,1.458601124317282,True,0.3081981747323498,0.01855235268012577,0.0,0.014450916777618398,20
k20_thr,none,246,adaptshrink_dta,1.7346010553881064,1.7346010553881064,1.768125075815266,1.4570877383174292,True,0.2798166922172934,0.01834582822651919,-0.004851927138751497,0.013329227411842856,20
k20_thr,none,247,reitsma,1.7346010553881064,1.7346010553881064,1.4995267925911153,1.4138059141164585,True,0.3935762368599676,0.02129758177377022,-0.0030296816011430774,0.02095969891539196,20
k20_thr,none,247,reitsma_indep,1.7346010553881064,1.7346010553881064,1.4948461190436209,1.4107073156256582,True,0.399737936721652,0.021111746418780063,0.0,0.021362931068014047,20
k20_thr,none,247,sep_univariate,1.7346010553881064,1.7346010553881064,1.499642251091036,1.4052272519233542,True,0.397954171336738,0.0225580651886413,0.0,0.01981520374463402,20
k20_thr,none,247,adaptshrink_dta,1.7346010553881064,1.7346010553881064,1.4985656203999695,1.4125911607210921,True,0.3962087511528492,0.021332830803448038,-0.0020594166679334916,0.020968686873666362,20
k20_thr,none,248,reitsma,1.7346010553881064,1.7346010553881064,1.3695357103106667,1.7255157716168705,True,0.36173606198331154,0.031958031622606756,0.0008145365466703441,0.011577567576781458,20
k20_thr,none,248,reitsma_indep,1.7346010553881064,1.7346010553881064,1.371858481832459,1.7265841457816113,True,0.36042588378716367,0.031801923201627814,0.0,0.011529562464442436,20
k20_thr,none,248,sep_univariate,1.7346010553881064,1.7346010553881064,1.3786565169867948,1.7264560847061778,True,0.3848687838580303,0.035650680599893715,0.0,0.01172713208461236,20
k20_thr,none,248,adaptshrink_dta,1.7346010553881064,1.7346010553881064,1.3703968137703468,1.7258486347908968,True,0.3619250346006128,0.03195948865858694,0.0005538722373689401,0.011577956159629924,20
k20_thr,none,249,reitsma,1.7346010553881064,1.7346010553881064,1.4300103178581989,1.8541469159462207,True,0.3959805199024633,0.03505821666988715,-0.015162141577680009,0.019181251596144984,20
k20_thr,none,249,reitsma_indep,1.7346010553881064,1.7346010553881064,1.4383932780151485,1.877983880139497,True,0.5142881565967298,0.03510944237425779,0.0,0.021262943318285443,20
k20_thr,none,249,sep_univariate,1.7346010553881064,1.7346010553881064,1.4670253873050456,1.882879642294261,True,0.5988367420098386,0.04573354353546324,0.0,0.022131777323893296,20
k20_thr,none,249,adaptshrink_dta,1.7346010553881064,1.7346010553881064,1.4458701933424476,1.8727544988853482,True,0.4963533782966909,0.036101272917681476,-0.004936169165020598,0.019936588318989514,20
k20_thr,none,250,reitsma,1.7346010553881064,1.7346010553881064,1.7610253653426184,1.6029950420592356,True,0.21796300694938317,0.020227786143240802,-0.010140243449661171,0.01171238429435848,20
k20_thr,none,250,reitsma_indep,1.7346010553881064,1.7346010553881064,1.7879284523400838,1.6176689648964704,True,0.3169234601727604,0.021580810725942506,0.0,0.013136367478849796,20
k20_thr,none,250,sep_univariate,1.7346010553881064,1.7346010553881064,1.7912857956206407,1.6160952073394732,True,0.3171751274645391,0.022192755880082154,0.0,0.01279443985640985,20
k20_thr,none,250,adaptshrink_dta,1.7346010553881064,1.7346010553881064,1.8027739142500714,1.6183716720725807,True,0.30207236471306614,0.022532239289945973,-0.004096634795026632,0.012174967260392874,20
k20_thr,none,251,reitsma,1.7346010553881064,1.7346010553881064,1.6445243990524403,1.5523195772959089,True,0.2822642006415481,0.020733642742176473,-0.012551710479079976,0.018444557470208102,20
k20_thr,none,251,reitsma_indep,1.7346010553881064,1.7346010553881064,1.6295942155897092,1.5397243069005657,True,0.38650242384968847,0.023453627894226788,0.0,0.017977474444339135,20
k20_thr,none,251,sep_univariate,1.7346010553881064,1.7346010553881064,1.6405773760076783,1.5385775879628758,True,0.4003188101156464,0.025747046043362157,0.0,0.017567859583751278,20
k20_thr,none,251,adaptshrink_dta,1.7346010553881064,1.7346010553881064,1.645994556914202,1.551143543830148,True,0.36941886610011876,0.022166325879202316,-0.005341302659074685,0.018664221342005998,20
k20_thr,none,252,reitsma,1.7346010553881064,1.7346010553881064,1.4906625108232894,1.7795058619990674,True,0.2752444911097814,0.024805965247098077,-0.00539482980715997,0.009793435372715093,20
k20_thr,none,252,reitsma_indep,1.7346010553881064,1.7346010553881064,1.4708825381657862,1.7683673297943612,True,0.2802306911993045,0.02378426687222024,0.0,0.009319141235534565,20
k20_thr,none,252,sep_univariate,1.7346010553881064,1.7346010553881064,1.47738485946529,1.7707397635895505,True,0.2972084490639353,0.02547520690501503,0.0,0.009786758006610871,20
k20_thr,none,252,adaptshrink_dta,1.7346010553881064,1.7346010553881064,1.487897234710678,1.7779392351514838,True,0.28701678641779244,0.02494929669183595,-0.0036571414368173935,0.009855530402710477,20
k20_thr,none,253,reitsma,1.7346010553881064,1.7346010553881064,1.5287371386329363,1.713626492196254,True,0.30777983830209593,0.01934691393398249,-0.007988200386684838,0.01711810636937041,20
k20_thr,none,253,reitsma_indep,1.7346010553881064,1.7346010553881064,1.5512352635918214,1.70961748521921,True,0.3376031549315202,0.01938074800640023,0.0,0.0165988012619761,20
k20_thr,none,253,sep_univariate,1.7346010553881064,1.7346010553881064,1.5528847210372498,1.7137527051059294,True,0.34766004730576916,0.019637319575941233,0.0,0.017372472342324117,20
k20_thr,none,253,adaptshrink_dta,1.7346010553881064,1.7346010553881064,1.5537653132275897,1.7176551534050204,True,0.3461922776755354,0.019929396812119367,-0.002610638681014972,0.01731561418088002,20
k20_thr,none,254,reitsma,1.7346010553881064,1.7346010553881064,1.576736417940802,1.6758814078712896,True,0.28749360224671,0.017395859934448386,-0.010473267756059512,0.01971597789897475,20
k20_thr,none,254,reitsma_indep,1.7346010553881064,1.7346010553881064,1.530610648228502,1.6713978851174045,True,0.34699446253446464,0.017173979553007982,0.0,0.019788296719838908,20
k20_thr,none,254,sep_univariate,1.7346010553881064,1.7346010553881064,1.5333370015622687,1.6717014204213556,True,0.3523247261220881,0.017573727674012638,0.0,0.019936853644253096,20
k20_thr,none,254,adaptshrink_dta,1.7346010553881064,1.7346010553881064,1.563130127385087,1.676519585377722,True,0.3499458455310663,0.018403573903167523,-0.00446348356882432,0.019864196044009536,20
k20_thr,none,255,reitsma,1.7346010553881064,1.7346010553881064,1.2951332690566477,1.9274614079910168,True,0.33345943610298606,0.012987304401549143,-0.011990393089190993,0.035235810316107355,20
k20_thr,none,255,reitsma_indep,1.7346010553881064,1.7346010553881064,1.3103380127994206,1.8757516253758466,True,0.4011956417023583,0.014578538084104016,0.0,0.031162529616127883,20
k20_thr,none,255,sep_univariate,1.7346010553881064,1.7346010553881064,1.317976171814313,1.8758440141913055,True,0.4307820555118217,0.016795873454422242,0.0,0.031185081362810098,20
k20_thr,none,255,adaptshrink_dta,1.7346010553881064,1.7346010553881064,1.308518749624063,1.9146344668670423,True,0.41348897105276977,0.014163332364763954,-0.005030128982742493,0.0358583836855311,20
k20_thr,none,256,reitsma,1.7346010553881064,1.7346010553881064,1.6327467557467021,1.697371167601287,True,0.37102073885836945,0.032259127589899274,-0.017346407468825393,0.021371727743117585,20
k20_thr,none,256,reitsma_indep,1.7346010553881064,1.7346010553881064,1.5834199283076262,1.6709087826913518,True,0.48127818531507516,0.032901645352525176,0.0,0.019870509556842823,20
k20_thr,none,256,sep_univariate,1.7346010553881064,1.7346010553881064,1.5832065636604535,1.6674325824420373,True,0.4606139386935898,0.03282854346746261,0.0,0.018241342788952432,20
k20_thr,none,256,adaptshrink_dta,1.7346010553881064,1.7346010553881064,1.6208067144396534,1.6904028730008671,True,0.44909122219153497,0.03294869172938219,-0.011786101975884328,0.021492891992487738,20
k20_thr,none,257,reitsma,1.7346010553881064,1.7346010553881064,1.5390252045277975,1.5540642285189132,True,0.4423897737155388,0.028613101925505126,-0.017033991779887927,0.029446129951584937,20
k20_thr,none,257,reitsma_indep,1.7346010553881064,1.7346010553881064,1.5699328709179046,1.5658468453566758,True,0.5687506842489394,0.0298401589002761,0.0,0.03059686989559854,20
k20_thr,none,257,sep_univariate,1.7346010553881064,1.7346010553881064,1.571117432907203,1.5699038456218815,True,0.5907066038124794,0.030147534290833975,0.0,0.032668268868660054,20
k20_thr,none,257,adaptshrink_dta,1.7346010553881064,1.7346010553881064,1.5624859861151532,1.5639821583218774,True,0.5060396686263634,0.028992687515314447,-0.011571011886246268,0.02954758039586663,20
k20_thr,none,258,reitsma,1.7346010553881064,1.7346010553881064,1.32730046508028,1.6461781879980932,True,0.2612986665354133,0.007191502858317008,-0.003212506132975878,0.028232228109008387,20
k20_thr,none,258,reitsma_indep,1.7346010553881064,1.7346010553881064,1.3082239729386262,1.6499970021763626,True,0.260637782118017,0.00673468901177073,0.0,0.028470261987929915,20
k20_thr,none,258,sep_univariate,1.7346010553881064,1.7346010553881064,1.3171828723069292,1.6255653160022792,True,0.2373601698032334,0.00798185581983495,0.0,0.01992260279221643,20
k20_thr,none,258,adaptshrink_dta,1.7346010553881064,1.7346010553881064,1.3208403172968415,1.649195320432731,True,0.27185709931354407,0.007449508135607002,-0.0013747452660890977,0.028255631763208066,20
k20_thr,none,259,reitsma,1.7346010553881064,1.7346010553881064,1.6403938082860643,1.7058472494014378,True,0.327691259589717,0.023823191300074643,-0.018193708040765633,0.026616740078958857,20
k20_thr,none,259,reitsma_indep,1.7346010553881064,1.7346010553881064,1.5834643006673637,1.6845740987033546,True,0.45028336643243044,0.02227872020201558,0.0,0.025687144946805848,20
k20_thr,none,259,sep_univariate,1.7346010553881064,1.7346010553881064,1.587463902407898,1.6814758533832648,True,0.4476542848806731,0.023148471818753204,0.0,0.024434161099306097,20
k20_thr,none,259,adaptshrink_dta,1.7346010553881064,1.7346010553881064,1.6178882752691026,1.6973393566112287,True,0.4707425055300016,0.02539580345786214,-0.007747380681302557,0.026992024441039788,20
k20_thr,none,260,reitsma,1.7346010553881064,1.7346010553881064,1.6280474290286187,1.6885752171987243,True,0.4047429216407117,0.026703779597215743,-0.006027302402577859,0.018675323442154924,20
k20_thr,none,260,reitsma_indep,1.7346010553881064,1.7346010553881064,1.592026985694726,1.6814796303853707,True,0.38798271609585344,0.0238467252298794,0.0,0.017816823483199788,20
k20_thr,none,260,sep_univariate,1.7346010553881064,1.7346010553881064,1.5918929954700995,1.6804876916963907,True,0.3836836217259654,0.023819180547437636,0.0,0.01744431709091225,20
k20_thr,none,260,adaptshrink_dta,1.7346010553881064,1.7346010553881064,1.6228476712741602,1.6877634314283325,True,0.41470915469315883,0.026842318896308524,-0.004092640443508831,0.01870829441180513,20
k20_thr,none,261,reitsma,1.7346010553881064,1.7346010553881064,1.4877478242943365,1.588238596724929,True,0.3889663257165075,0.026686314303284768,-0.01263781130132659,0.021986706708082445,20
k20_thr,none,261,reitsma_indep,1.7346010553881064,1.7346010553881064,1.5071547903054012,1.5757981691323932,True,0.5042527851764895,0.03229970193410028,0.0,0.02221940185779522,20
k20_thr,none,261,sep_univariate,1.7346010553881064,1.7346010553881064,1.5119680183693507,1.567832983350773,True,0.49590307722446664,0.03477558365245425,0.0,0.019959674092525984,20
k20_thr,none,261,adaptshrink_dta,1.7346010553881064,1.7346010553881064,1.4960783630557886,1.5881506229740616,True,0.4341957371579658,0.02729846972411564,-0.008523426618018158,0.022153756437139512,20
k20_thr,none,262,reitsma,1.7346010553881064,1.7346010553881064,1.6591331189173388,1.4899219963722736,True,0.2914925829069203,0.02175998780497686,-0.013245101934458605,0.0190834146822212,20
k20_thr,none,262,reitsma_indep,1.7346010553881064,1.7346010553881064,1.6169598321772143,1.5018840223167134,True,0.39948871554096255,0.02282924384965617,0.0,0.019731121564702567,20
k20_thr,none,262,sep_univariate,1.7346010553881064,1.7346010553881064,1.6268890914581766,1.5057823636780223,True,0.4346045161046185,0.024189054980033393,0.0,0.022039606439854156,20
k20_thr,none,262,adaptshrink_dta,1.7346010553881064,1.7346010553881064,1.653493069481665,1.500317176121661,True,0.3909176452647463,0.024008615413357866,-0.005613764105937127,0.019278060076567616,20
k20_thr,none,263,reitsma,1.7346010553881064,1.7346010553881064,1.345692583962783,2.0120491931448212,True,0.3201426780608921,0.022999193880591445,-0.008996421110285487,0.016096981334789335,20
k20_thr,none,263,reitsma_indep,1.7346010553881064,1.7346010553881064,1.3255650118156357,1.9903121720628778,True,0.36187593351543196,0.024065100817225505,0.0,0.015359107649662753,20
k20_thr,none,263,sep_univariate,1.7346010553881064,1.7346010553881064,1.3301291389799588,1.9883129785503377,True,0.3692675191253559,0.026035198826304645,0.0,0.014782762024497966,20
k20_thr,none,263,adaptshrink_dta,1.7346010553881064,1.7346010553881064,1.3404741699403058,2.0083079579992207,True,0.3489485933812464,0.023328889967100423,-0.006066378350858045,0.01630953083022182,20
k20_thr,none,264,reitsma,1.7346010553881064,1.7346010553881064,1.6734618047903378,1.5214421266684417,True,0.24814734777591171,0.02192014289066629,-0.014053335285998135,0.016938655162099317,20
k20_thr,none,264,reitsma_indep,1.7346010553881064,1.7346010553881064,1.6354920336662382,1.507830442954744,True,0.34527416464244326,0.019155083018512594,0.0,0.017566223123012425,20
k20_thr,none,264,sep_univariate,1.7346010553881064,1.7346010553881064,1.6375055848329019,1.5005998328771868,True,0.3324739072145859,0.019654220695831393,0.0,0.015874263062923,20
k20_thr,none,264,adaptshrink_dta,1.7346010553881064,1.7346010553881064,1.66922931023689,1.5166911841175235,True,0.3747220361514814,0.024557946608718077,-0.005768416298911483,0.01749335105163926,20
k20_thr,none,265,reitsma,1.7346010553881064,1.7346010553881064,1.692176777646573,1.745402494486356,True,0.32854924620847126,0.028443698554748636,-0.011143581270630998,0.015077268464537684,20
k20_thr,none,265,reitsma_indep,1.7346010553881064,1.7346010553881064,1.619829764152957,1.751105960035599,True,0.3850783301825069,0.025373224775224842,0.0,0.016495168640455225,20
k20_thr,none,265,sep_univariate,1.7346010553881064,1.7346010553881064,1.6183775419825526,1.7513721100206046,True,0.38427673499747217,0.02511811823480095,0.0,0.016593398787542298,20
k20_thr,none,265,adaptshrink_dta,1.7346010553881064,1.7346010553881064,1.6842083004950843,1.748662104432829,True,0.3719612179357981,0.02935239771004196,-0.007509119182254866,0.015225146646885896,20
k20_thr,none,266,reitsma,1.7346010553881064,1.7346010553881064,1.5705898400899865,1.7599007627184287,True,0.3980495732630953,0.02627883544463944,-0.005914677373674691,0.01834900214183923,20
k20_thr,none,266,reitsma_indep,1.7346010553881064,1.7346010553881064,1.592041009264455,1.754066670494516,True,0.41981119080101936,0.02751600218366158,0.0,0.018078273577002674,20
k20_thr,none,266,sep_univariate,1.7346010553881064,1.7346010553881064,1.5910554110654649,1.7690247325736466,True,0.4508797220968444,0.02732852745458276,0.0,0.020996139192652013,20
k20_thr,none,266,adaptshrink_dta,1.7346010553881064,1.7346010553881064,1.5849367301036967,1.7592122175767373,True,0.415086371953805,0.026587335197521857,-0.0019429354806166101,0.018432940865885455,20
k20_thr,none,267,reitsma,1.7346010553881064,1.7346010553881064,1.670926496626322,1.470766755689446,True,0.3584516443671824,0.02499428444525169,-0.009958783881034066,0.018477577940498778,20
k20_thr,none,267,reitsma_indep,1.7346010553881064,1.7346010553881064,1.704459337136337,1.462255385293706,True,0.4258532458179008,0.027411778979393196,0.0,0.01867312347567797,20
k20_thr,none,267,sep_univariate,1.7346010553881064,1.7346010553881064,1.7077620691631672,1.4767592786795536,True,0.5017742606483577,0.02865849207314383,0.0,0.024796917148484074,20
k20_thr,none,267,adaptshrink_dta,1.7346010553881064,1.7346010553881064,1.6864157038311471,1.4708743531407278,True,0.38894156108283623,0.025441124927237536,-0.0067333902344097005,0.018564983358000286,20
k20_thr,none,268,reitsma,1.7346010553881064,1.7346010553881064,1.802507898591095,1.763953893139463,True,0.48455086821686383,0.028243840929538536,-0.016387631151451882,0.0329717345246605,20
k20_thr,none,268,reitsma_indep,1.7346010553881064,1.7346010553881064,1.7409678404117468,1.7629396178774683,True,0.5389325493022229,0.024299090697297798,0.0,0.03373751361644031,20
k20_thr,none,268,sep_univariate,1.7346010553881064,1.7346010553881064,1.7559541144830821,1.762963730207404,True,0.5617323426140137,0.02639077898766784,0.0,0.03374744644567355,20
k20_thr,none,268,adaptshrink_dta,1.7346010553881064,1.7346010553881064,1.8081718462980374,1.7692552863637212,True,0.549342004507606,0.029310948425416993,-0.01107257219320671,0.033242426064473404,20
k20_thr,none,269,reitsma,1.7346010553881064,1.7346010553881064,1.7940989664970484,1.5673096604539927,True,0.37416669788591556,0.03873461351890592,-0.006151423723128652,0.01117843417866022,20
k20_thr,none,269,reitsma_indep,1.7346010553881064,1.7346010553881064,1.768809802258185,1.559346531546833,True,0.39131901537402036,0.03814661508409539,0.0,0.011330267515292433,20
k20_thr,none,269,sep_univariate,1.7346010553881064,1.7346010553881064,1.7626395678412845,1.5601466903773578,True,0.39378435893811564,0.03643892280440899,0.0,0.012011179601602525,20
k20_thr,none,269,adaptshrink_dta,1.7346010553881064,1.7346010553881064,1.7891889746794623,1.5647901480448934,True,0.3847557879842935,0.038867962024394874,-0.004179927957178841,0.011199624527646128,20
k20_thr,none,270,reitsma,1.7346010553881064,1.7346010553881064,1.4611700639872809,1.8837849336164854,True,0.4589854526968934,0.03026545561602234,-0.006234695102223137,0.020930835947039716,20
k20_thr,none,270,reitsma_indep,1.7346010553881064,1.7346010553881064,1.4480738729992317,1.87898587820369,True,0.47173029945951056,0.03043820744350904,0.0,0.020634917580382422,20
k20_thr,none,270,sep_univariate,1.7346010553881064,1.7346010553881064,1.4430825115710268,1.8781912241536511,True,0.4607801971393477,0.02945406280008267,0.0,0.02034588900549814,20
k20_thr,none,270,adaptshrink_dta,1.7346010553881064,1.7346010553881064,1.45918925178546,1.88327483179573,True,0.46857936696779057,0.030425257126186895,-0.004235948890795454,0.02095859060779344,20
k20_thr,none,271,reitsma,1.7346010553881064,1.7346010553881064,1.5039049637116533,1.6587740941669336,True,0.3725148213112992,0.0267550358932497,-0.014268864378561365,0.02224895007658844,20
k20_thr,none,271,reitsma_indep,1.7346010553881064,1.7346010553881064,1.4676048146457867,1.5992499856775906,True,0.4599341469688413,0.027422212323808225,0.0,0.02177324132439976,20
k20_thr,none,271,sep_univariate,1.7346010553881064,1.7346010553881064,1.4686208618824983,1.5789670830414515,True,0.4255619194580918,0.02843554394295999,0.0,0.01797621463076657,20
k20_thr,none,271,adaptshrink_dta,1.7346010553881064,1.7346010553881064,1.490208766390454,1.6440223279516253,True,0.4297622726425215,0.027105743903540723,-0.00965892223051613,0.02267410636527748,20
k20_thr,none,272,reitsma,1.7346010553881064,1.7346010553881064,1.4565893444210807,1.802170772877187,True,0.39864214970913514,0.023841005990930725,-0.009280084067844346,0.02242604465896194,20
k20_thr,none,272,reitsma_indep,1.7346010553881064,1.7346010553881064,1.448642701010882,1.796228278354533,True,0.4412062247330673,0.02394559011863898,0.0,0.022945207244860388,20
k20_thr,none,272,sep_univariate,1.7346010553881064,1.7346010553881064,1.4460967113188568,1.8015137509220502,True,0.44927511456431496,0.023064614938690775,0.0,0.024700900464674064,20
k20_thr,none,272,adaptshrink_dta,1.7346010553881064,1.7346010553881064,1.4572135895849179,1.8026182931786439,True,0.422067572531041,0.024088384330791676,-0.006289214648868356,0.022515319134104317,20
k20_thr,none,273,reitsma,1.7346010553881064,1.7346010553881064,1.8389752791303529,1.5920077422735088,True,0.3106354248119615,0.025580239231934553,-0.012651503323379231,0.016904301874498272,20
k20_thr,none,273,reitsma_indep,1.7346010553881064,1.7346010553881064,1.7119805765322522,1.5892136819604532,True,0.37391576715682484,0.022818148230649506,0.0,0.017294237839610017,20
k20_thr,none,273,sep_univariate,1.7346010553881064,1.7346010553881064,1.7380704975420198,1.590436128161668,True,0.42781453297816036,0.026230550381403622,0.0,0.019694181265868586,20
k20_thr,none,273,adaptshrink_dta,1.7346010553881064,1.7346010553881064,1.7953532590638237,1.5894199773126592,True,0.3981317546662045,0.027910714480583326,-0.005344668522026811,0.017052847620239432,20
k20_thr,none,274,reitsma,1.7346010553881064,1.7346010553881064,1.934572555470022,1.8876485242081216,True,0.2174411405571328,0.019379020049591286,-0.008308669650348134,0.01044860480866812,20
k20_thr,none,274,reitsma_indep,1.7346010553881064,1.7346010553881064,1.850992936357117,1.8891867678721062,True,0.23448775041432857,0.015374799319355602,0.0,0.010094042559333327,20
k20_thr,none,274,sep_univariate,1.7346010553881064,1.7346010553881064,1.8628160870078003,1.8883721687529373,True,0.2406530946455138,0.016685546020374427,0.0,0.009796630891125584,20
k20_thr,none,274,adaptshrink_dta,1.7346010553881064,1.7346010553881064,1.922759373466271,1.8923884271130424,True,0.2708392564913523,0.020598716278436555,-0.0035123239401282703,0.0106500792629809,20
k20_thr,none,275,reitsma,1.7346010553881064,1.7346010553881064,1.5336920721475926,1.7169784833821784,True,0.2875850356072503,0.01456947822585653,-0.004638046734344663,0.017498700852610773,20
k20_thr,none,275,reitsma_indep,1.7346010553881064,1.7346010553881064,1.5313049132019705,1.717485278641876,True,0.31304696980912616,0.01540868998867484,0.0,0.017950954990659046,20
k20_thr,none,275,sep_univariate,1.7346010553881064,1.7346010553881064,1.5452175226961302,1.720678217560967,True,0.3454237829769996,0.017923563817290267,0.0,0.018789463193660018,20
k20_thr,none,275,adaptshrink_dta,1.7346010553881064,1.7346010553881064,1.5334778722593545,1.7178087803136717,True,0.29635494670508006,0.01470822377808447,-0.0031490064119960694,0.01752801894916682,20
k20_thr,none,276,reitsma,1.7346010553881064,1.7346010553881064,1.2912365028014685,2.0741399059308305,True,0.3398614689077334,0.01935471776530325,-0.01529413071212142,0.028929682671525854,20
k20_thr,none,276,reitsma_indep,1.7346010553881064,1.7346010553881064,1.271629967807657,2.0867161438228368,True,0.44077722051515483,0.018613012449495155,0.0,0.02946156976056444,20
k20_thr,none,276,sep_univariate,1.7346010553881064,1.7346010553881064,1.280242091986976,2.092416552725353,True,0.46985239668918594,0.019874937168868123,0.0,0.03135099982128174,20
k20_thr,none,276,adaptshrink_dta,1.7346010553881064,1.7346010553881064,1.2986551247779896,2.08936757061756,True,0.44948206642615895,0.020782266203434235,-0.006470398114613508,0.029453370846007965,20
k20_thr,none,277,reitsma,1.7346010553881064,1.7346010553881064,1.6739889858249783,1.5662037021937025,True,0.2412880940893696,0.019959266632664705,-0.007797458553177239,0.011279285789966929,20
k20_thr,none,277,reitsma_indep,1.7346010553881064,1.7346010553881064,1.6025411198444848,1.5561812043686796,True,0.278377280495961,0.019133325577481815,0.0,0.01143171479753168,20
k20_thr,none,277,sep_univariate,1.7346010553881064,1.7346010553881064,1.611043090775885,1.557377199426001,True,0.2973460708594333,0.020294898062334296,0.0,0.01229622498380527,20
k20_thr,none,277,adaptshrink_dta,1.7346010553881064,1.7346010553881064,1.6577693050041356,1.5615896927594892,True,0.271594868036287,0.02074365868907135,-0.0052483645528091484,0.01136461668130397,20
k20_thr,none,278,reitsma,1.7346010553881064,1.7346010553881064,1.5466097032427901,1.6612532850861377,True,0.3419565187978933,0.014219027011400294,-0.002290184230813157,0.023580525932479675,20
k20_thr,none,278,reitsma_indep,1.7346010553881064,1.7346010553881064,1.5399062751259918,1.6601931122447624,True,0.34248077677517114,0.014078259244552787,0.0,0.023515689023429914,20
k20_thr,none,278,sep_univariate,1.7346010553881064,1.7346010553881064,1.5505030363419103,1.6557149427796414,True,0.3470655310679291,0.015578253311925323,0.0,0.02182420703353607,20
k20_thr,none,278,adaptshrink_dta,1.7346010553881064,1.7346010553881064,1.545372359296783,1.6611662755183239,True,0.34379196294707814,0.014247469709869252,-0.0015568232677201383,0.023584780152873356,20
k20_thr,none,279,reitsma,1.7346010553881064,1.7346010553881064,1.557433486466091,1.5909016616300395,True,0.37970040641440794,0.02481509533810515,-0.015227593862678936,0.02574265775254349,20
k20_thr,none,279,reitsma_indep,1.7346010553881064,1.7346010553881064,1.5601737144573724,1.5872934809892525,True,0.49048210471991255,0.02611028138069231,0.0,0.026005729944844853,20
k20_thr,none,279,sep_univariate,1.7346010553881064,1.7346010553881064,1.5486172584961082,1.5953022981762996,True,0.49874750736757484,0.024043024482321346,0.0,0.029201599791390302,20
k20_thr,none,279,adaptshrink_dta,1.7346010553881064,1.7346010553881064,1.5758818793207703,1.5998661794621762,True,0.44749019084991076,0.02569867168959237,-0.010271601884308043,0.0260988082065804,20
k20_thr,none,280,reitsma,1.7346010553881064,1.7346010553881064,1.4338934610029443,1.4036511004631287,True,0.26325604847395734,0.01982444816833248,-0.010615931731423105,0.015551907042282077,20
k20_thr,none,280,reitsma_indep,1.7346010553881064,1.7346010553881064,1.4534916785975507,1.3871657316225448,True,0.3238689775142964,0.020179082450807673,0.0,0.014671399817787957,20
k20_thr,none,280,sep_univariate,1.7346010553881064,1.7346010553881064,1.457315146316087,1.3999026320259065,True,0.3708557752446126,0.021729638501801783,0.0,0.01786454085502975,20
k20_thr,none,280,adaptshrink_dta,1.7346010553881064,1.7346010553881064,1.4510074181320929,1.401108554417255,True,0.3300197311591244,0.020730277023968534,-0.004501685001924877,0.01580646504044161,20
k20_thr,none,281,reitsma,1.7346010553881064,1.7346010553881064,1.7242621225853612,1.3863901039727244,True,0.2518354361032007,0.021488063195385387,-0.010020783958981056,0.013003603754772237,20
k20_thr,none,281,reitsma_indep,1.7346010553881064,1.7346010553881064,1.662300646502722,1.3717545907527602,True,0.3265641255557043,0.02232956419116556,0.0,0.013480033386835474,20
k20_thr,none,281,sep_univariate,1.7346010553881064,1.7346010553881064,1.6669772184432843,1.3705753559784344,True,0.3256622227932006,0.02321457467275529,0.0,0.012894612674449834,20
k20_thr,none,281,adaptshrink_dta,1.7346010553881064,1.7346010553881064,1.695152736435138,1.3779037463575667,True,0.31511759634481235,0.022694525176080168,-0.0042639651523796816,0.013150894723080231,20
k20_thr,none,282,reitsma,1.7346010553881064,1.7346010553881064,1.6483618992630071,1.6619855301535431,True,0.35295348536491405,0.019720334571371886,-0.013274862016990817,0.02676620091639198,20
k20_thr,none,282,reitsma_indep,1.7346010553881064,1.7346010553881064,1.626850992028617,1.6600370697499038,True,0.44659094535354815,0.021109127972788147,0.0,0.02666759194460636,20
k20_thr,none,282,sep_univariate,1.7346010553881064,1.7346010553881064,1.6368967964144603,1.66726223066107,True,0.5120022472809013,0.022615819491943898,0.0,0.03271641226187241,20
k20_thr,none,282,adaptshrink_dta,1.7346010553881064,1.7346010553881064,1.6502480920711338,1.6637406944340065,True,0.40813991696016744,0.020545161246333564,-0.009002153055533955,0.026828995980788622,20
k20_thr,none,283,reitsma,1.7346010553881064,1.7346010553881064,1.5506188826945249,1.695947385574014,True,0.4737278522355821,0.04504703191792841,-0.013601349143645925,0.018168060140026598,20
k20_thr,none,283,reitsma_indep,1.7346010553881064,1.7346010553881064,1.5753115985815194,1.7055442187662548,True,0.5685391783700464,0.048212944222497646,0.0,0.018923061840505764,20
k20_thr,none,283,sep_univariate,1.7346010553881064,1.7346010553881064,1.5935827995894856,1.7125511068787955,True,0.6182268422401888,0.05265048319207836,0.0,0.020489323548647142,20
k20_thr,none,283,adaptshrink_dta,1.7346010553881064,1.7346010553881064,1.5721585201465997,1.7060877702158956,True,0.5179895518819356,0.0458968840383119,-0.00921853934041372,0.018351920303582583,20
k20_thr,none,284,reitsma,1.7346010553881064,1.7346010553881064,1.657715333569244,1.4111216234574424,True,0.31448907366973594,0.010548522766836363,-0.0026069483188464705,0.02710817164319001,20
k20_thr,none,284,reitsma_indep,1.7346010553881064,1.7346010553881064,1.6547862157682531,1.4116494028046513,True,0.313615956349226,0.010244356416090044,0.0,0.027098539754780864,20
k20_thr,none,284,sep_univariate,1.7346010553881064,1.7346010553881064,1.654786215768249,1.4183058580305334,True,0.33928132945917816,0.010244356416089614,0.0,0.03171535007930028,20
k20_thr,none,284,adaptshrink_dta,1.7346010553881064,1.7346010553881064,1.6586490673780079,1.4117221523861516,True,0.3185770350110638,0.010611742010560383,-0.0011203771318907374,0.027112864637198586,20
k20_thr,none,285,reitsma,1.7346010553881064,1.7346010553881064,1.5813475377320425,1.7893352666579638,True,0.2946967978462195,0.01736755257215813,-0.006914999892066943,0.016867132421007423,20
k20_thr,none,285,reitsma_indep,1.7346010553881064,1.7346010553881064,1.5814638570413564,1.7822279963861596,True,0.33130568165058705,0.018375846391563408,0.0,0.016859499689613044,20
k20_thr,none,285,sep_univariate,1.7346010553881064,1.7346010553881064,1.5889016434864291,1.7763907496503948,True,0.3307472191111782,0.02001945636004254,0.0,0.015423196433202368,20
k20_thr,none,285,adaptshrink_dta,1.7346010553881064,1.7346010553881064,1.5844063366458994,1.789656350166044,True,0.31333382963726375,0.0176482036051021,-0.004681400216175393,0.016943558230760526,20
k20_thr,none,286,reitsma,1.7346010553881064,1.7346010553881064,1.6399129062633653,1.429243851442361,True,0.5035446144486229,0.0273624689301616,-0.010044094541624873,0.029841952329825158,20
k20_thr,none,286,reitsma_indep,1.7346010553881064,1.7346010553881064,1.668279973499455,1.4038277757873252,True,0.528737572956754,0.027645653705921622,0.0,0.028542220020387952,20
k20_thr,none,286,sep_univariate,1.7346010553881064,1.7346010553881064,1.6710102514896874,1.4005786471539645,True,0.5340118603656779,0.028918861105438287,0.0,0.027832671071624033,20
k20_thr,none,286,adaptshrink_dta,1.7346010553881064,1.7346010553881064,1.6520037550469722,1.4257829376667173,True,0.5246421687912867,0.027492517885230803,-0.006820366483064898,0.029950309195696186,20
k20_thr,none,287,reitsma,1.7346010553881064,1.7346010553881064,1.41516703624758,1.7473165478870938,True,0.29602047949492827,0.011331789201896893,-0.002201543302946687,0.02225397502165758,20
k20_thr,none,287,reitsma_indep,1.7346010553881064,1.7346010553881064,1.4118369115892224,1.7452914633563037,True,0.286450180543067,0.010573120060283029,0.0,0.02190429621237679,20
k20_thr,none,287,sep_univariate,1.7346010553881064,1.7346010553881064,1.401050538238655,1.7563685357309318,True,0.2970767884327945,0.009511662654849814,0.0,0.026188780071598746,20
k20_thr,none,287,adaptshrink_dta,1.7346010553881064,1.7346010553881064,1.4168376843858683,1.7473720795434342,True,0.2979446090867882,0.011356236535600835,-0.001496192398436029,0.022260446312077298,20
k20_thr,none,288,reitsma,1.7346010553881064,1.7346010553881064,1.7584776005118876,1.7564639492853373,True,0.46379756909353137,0.045914000502560316,-0.015596316915516047,0.01852133089462215,20
k20_thr,none,288,reitsma_indep,1.7346010553881064,1.7346010553881064,1.6457545778149796,1.7555419313775638,True,0.5155622294652344,0.037241215340253396,0.0,0.02014524751012291,20
k20_thr,none,288,sep_univariate,1.7346010553881064,1.7346010553881064,1.62470044275548,1.7651488314140802,True,0.5456191182544615,0.03298612527917266,0.0,0.02547311883707285,20
k20_thr,none,288,adaptshrink_dta,1.7346010553881064,1.7346010553881064,1.740807291602418,1.7573680001369334,True,0.5193792912549597,0.04681506259412946,-0.010567530147723965,0.018649047093631986,20
k20_thr,none,289,reitsma,1.7346010553881064,1.7346010553881064,1.6074789128363123,1.6095606529164714,True,0.27480277719231383,0.02541707788273767,-0.009022821644008496,0.01158893935653358,20
k20_thr,none,289,reitsma_indep,1.7346010553881064,1.7346010553881064,1.622208608156256,1.6211810939283355,True,0.35595534636538856,0.028435748823920626,0.0,0.012576524412798279,20
k20_thr,none,289,sep_univariate,1.7346010553881064,1.7346010553881064,1.6452378905935665,1.6264089442094318,True,0.40973651209624584,0.033957367850652856,0.0,0.013954348982826069,20
k20_thr,none,289,adaptshrink_dta,1.7346010553881064,1.7346010553881064,1.6178876571774827,1.6158549376478615,True,0.3069394561310107,0.025963850078008686,-0.006114666025732724,0.01168171218046472,20
k20_thr,none,290,reitsma,1.7346010553881064,1.7346010553881064,1.6643892202237403,1.7151966268590446,True,0.3142905125129676,0.015933524446728076,-0.002813250822420009,0.017994573302506398,20
k20_thr,none,290,reitsma_indep,1.7346010553881064,1.7346010553881064,1.6545585545141097,1.7103794804938426,True,0.31578935432743993,0.015791604411838647,0.0,0.01782391003179066,20
k20_thr,none,290,sep_univariate,1.7346010553881064,1.7346010553881064,1.6623431137200362,1.7167971570303984,True,0.3714286634980901,0.017416639990236397,0.0,0.02235737046920417,20
k20_thr,none,290,adaptshrink_dta,1.7346010553881064,1.7346010553881064,1.661987517979459,1.7138300344541955,True,0.31708454496738636,0.015968273502164846,-0.001912350934615021,0.01800061889579053,20
k20_thr,none,291,reitsma,1.7346010553881064,1.7346010553881064,1.7197946332812144,1.5949925280245945,True,0.2509471853951878,0.022903189556533563,-0.004274078284627931,0.008558343884429874,20
k20_thr,none,291,reitsma_indep,1.7346010553881064,1.7346010553881064,1.7312317194895506,1.6034788814410388,True,0.2734916614480332,0.02285678857770958,0.0,0.009236495753817244,20
k20_thr,none,291,sep_univariate,1.7346010553881064,1.7346010553881064,1.7443057158761173,1.6017751569283059,True,0.2966781697779747,0.027550914040644033,0.0,0.009017152975099045,20
k20_thr,none,291,adaptshrink_dta,1.7346010553881064,1.7346010553881064,1.725716406793494,1.597811889932857,True,0.2591284068810724,0.02301004668159486,-0.0028968625760611272,0.008601280150875312,20
k20_thr,none,292,reitsma,1.7346010553881064,1.7346010553881064,1.7411978839666906,1.4740272916653219,True,0.30873322986273066,0.019843177004806166,-0.001705620980383144,0.013704425138414031,20
k20_thr,none,292,reitsma_indep,1.7346010553881064,1.7346010553881064,1.7486138415734527,1.4776011367067192,True,0.312112554096222,0.019995877855898975,0.0,0.013750429602899815,20
k20_thr,none,292,sep_univariate,1.7346010553881064,1.7346010553881064,1.7619112116542552,1.4850286800002448,True,0.3433445957603889,0.02181970053823897,0.0,0.015249159712780137,20
k20_thr,none,292,adaptshrink_dta,1.7346010553881064,1.7346010553881064,1.745972356213105,1.476395962525089,True,0.3105511802750961,0.019880007289204152,-0.0005626323223610636,0.01370846573829542,20
k20_thr,none,293,reitsma,1.7346010553881064,1.7346010553881064,1.5264542442245865,1.6098520271242565,True,0.6012321873226713,0.039395633927656916,-0.017685174943706635,0.03383735015465546,20
k20_thr,none,293,reitsma_indep,1.7346010553881064,1.7346010553881064,1.5006371510131598,1.574496789425234,True,0.6932667702061998,0.040876249338404634,0.0,0.0331866943387944,20
k20_thr,none,293,sep_univariate,1.7346010553881064,1.7346010553881064,1.5180829525986461,1.5843236212011975,True,0.8228926119979217,0.05045285219041644,0.0,0.037882171914601324,20
k20_thr,none,293,adaptshrink_dta,1.7346010553881064,1.7346010553881064,1.5191782560358478,1.5999092075727779,True,0.6555968883039612,0.03981330154764409,-0.011999576994390167,0.03408714491374358,20
k20_thr,none,294,reitsma,1.7346010553881064,1.7346010553881064,1.450070453831523,1.8354191709236884,True,0.22952937868738346,0.0146238854564785,-0.00409264914235052,0.011313664194451355,20
k20_thr,none,294,reitsma_indep,1.7346010553881064,1.7346010553881064,1.4292336240394274,1.8329261470632054,True,0.24541394900007474,0.014343817369050226,0.0,0.011851355006137883,20
k20_thr,none,294,sep_univariate,1.7346010553881064,1.7346010553881064,1.4525928050376022,1.844824348692769,True,0.2916265730472759,0.01695043658445524,0.0,0.014161444907740814,20
k20_thr,none,294,adaptshrink_dta,1.7346010553881064,1.7346010553881064,1.4490912779131162,1.8353736205056705,True,0.23919432463582327,0.014831743178605736,-0.0027684311842817552,0.011404635985668954,20
k20_thr,none,295,reitsma,1.7346010553881064,1.7346010553881064,1.72565521013585,1.7832300552865052,True,0.4417479220254788,0.03608222611315336,-0.01367473231242476,0.020447319819142915,20
k20_thr,none,295,reitsma_indep,1.7346010553881064,1.7346010553881064,1.7187238043380837,1.7419484437426775,True,0.48982286766824085,0.03667203191647519,0.0,0.01846619452328415,20
k20_thr,none,295,sep_univariate,1.7346010553881064,1.7346010553881064,1.7278160218065992,1.7532669374048828,True,0.5508792776106795,0.04040485600413357,0.0,0.021198912158649254,20
k20_thr,none,295,adaptshrink_dta,1.7346010553881064,1.7346010553881064,1.7287255171742257,1.776233569598756,True,0.4868991587298611,0.03651872522500891,-0.009268510058130865,0.020675367729562775,20
k20_thr,none,296,reitsma,1.7346010553881064,1.7346010553881064,1.7069656576695533,1.7485720047333277,True,0.42411860097371396,0.02935224467636841,-0.01127268426261035,0.0216261296554895,20
k20_thr,none,296,reitsma_indep,1.7346010553881064,1.7346010553881064,1.7156516371950985,1.766833301667906,True,0.4950878352857439,0.02887575461279131,0.0,0.023958820589047157,20
k20_thr,none,296,sep_univariate,1.7346010553881064,1.7346010553881064,1.7202321286330131,1.7617705535780486,True,0.4933089319498827,0.029643645161978916,0.0,0.02317077813519445,20
k20_thr,none,296,adaptshrink_dta,1.7346010553881064,1.7346010553881064,1.7232889958036928,1.7593495226521767,True,0.45972813376949545,0.029826408091191192,-0.007619983726112265,0.02194698865750697,20
k20_thr,none,297,reitsma,1.7346010553881064,1.7346010553881064,1.5243864420680313,1.7179357296168556,True,0.3780553550347321,0.03510699636614954,-0.013917245215877953,0.017007955274387573,20
k20_thr,none,297,reitsma_indep,1.7346010553881064,1.7346010553881064,1.4677646483305349,1.7020351692214544,True,0.435185336183826,0.031760059515869826,0.0,0.01683067235565827,20
k20_thr,none,297,sep_univariate,1.7346010553881064,1.7346010553881064,1.462940513763302,1.7085537969984244,True,0.45803682255464384,0.030743528326045492,0.0,0.019261111485591963,20
k20_thr,none,297,adaptshrink_dta,1.7346010553881064,1.7346010553881064,1.5199236192676835,1.7155518630847,True,0.4320157945236726,0.035876808925867865,-0.009427232882145248,0.017160329466690757,20
k20_thr,none,298,reitsma,1.7346010553881064,1.7346010553881064,1.6236603020918592,1.2940674151433003,True,0.42344025095337035,0.030892753601535695,-0.016227763400123343,0.024906150475066707,20
k20_thr,none,298,reitsma_indep,1.7346010553881064,1.7346010553881064,1.5421985845090962,1.288984509746756,True,0.48833159092994705,0.026707146394415182,0.0,0.02520208202306003,20
k20_thr,none,298,sep_univariate,1.7346010553881064,1.7346010553881064,1.5546379739849066,1.2896999077150522,True,0.5246736256287631,0.02944000034430685,0.0,0.02639215926528094,20
k20_thr,none,298,adaptshrink_dta,1.7346010553881064,1.7346010553881064,1.6120649361259727,1.2932923485538015,True,0.4862157108705746,0.031579814680205626,-0.01100897058368565,0.02496699442211757,20
k20_thr,none,299,reitsma,1.7346010553881064,1.7346010553881064,1.8176820598397236,1.3753233325890446,True,0.34906783843976463,0.012250261907304758,-0.0048359985789755405,0.02998336850920127,20
k20_thr,none,299,reitsma_indep,1.7346010553881064,1.7346010553881064,1.823951159588665,1.3747730700632357,True,0.37464424320675094,0.01330216860574326,0.0,0.029781731638239464,20
k20_thr,none,299,sep_univariate,1.7346010553881064,1.7346010553881064,1.8366168703640857,1.3562530538877473,True,0.34758745196320456,0.014580476704941345,0.0,0.023387872807485038,20
k20_thr,none,299,adaptshrink_dta,1.7346010553881064,1.7346010553881064,1.818232338731066,1.3763910593984445,True,0.3612882227813478,0.012423086579261323,-0.0020797692914489014,0.030004163345906585,20
k20_thr,strong,0,reitsma,1.7346010553881064,1.7346010553881064,2.2311835009654257,1.8722173033881637,True,0.3438456507700065,0.024996705943524423,-0.01083665483742269,0.018047859254393783,19
k20_thr,strong,0,reitsma_indep,1.7346010553881064,1.7346010553881064,2.156710094020033,1.8669986510346683,True,0.33330318517210783,0.017466984646888638,0.0,0.017951273194304625,19
k20_thr,strong,0,sep_univariate,1.7346010553881064,1.7346010553881064,2.1664913035562283,1.8713175322045115,True,0.3520787991554415,0.018619740450591817,0.0,0.01879058896522572,19
k20_thr,strong,0,adaptshrink_dta,1.7346010553881064,1.7346010553881064,2.229402862632336,1.87485380365599,True,0.40108504931355493,0.025990833173038144,-0.0045029600859078115,0.018249909168969725,19
k20_thr,strong,1,reitsma,1.7346010553881064,1.7346010553881064,1.9722644221872212,1.816665078889688,True,0.4243457731185703,0.037298018024992295,-0.0178555439644586,0.022174543387639082,20
k20_thr,strong,1,reitsma_indep,1.7346010553881064,1.7346010553881064,1.8437273740434084,1.8193482795136395,True,0.48579940778651337,0.030344971312583124,0.0,0.021951363314188472,20
k20_thr,strong,1,sep_univariate,1.7346010553881064,1.7346010553881064,1.838372025775431,1.8227599646004482,True,0.507530003430731,0.029552560454855596,0.0,0.024601557073169557,20
k20_thr,strong,1,adaptshrink_dta,1.7346010553881064,1.7346010553881064,1.9628051995338869,1.8209309114774561,True,0.5094592766454221,0.03919818067981363,-0.012014899219596531,0.02237182138040764,20
k20_thr,strong,2,reitsma,1.7346010553881064,1.7346010553881064,2.2493801455107074,1.6837615280143046,True,0.37083008772314324,0.037697877731058066,-0.011902134875218831,0.014053763414401033,20
k20_thr,strong,2,reitsma_indep,1.7346010553881064,1.7346010553881064,2.0963087347296985,1.6582692635019691,True,0.35345893111259746,0.027058021253473424,0.0,0.013032152486613728,20
k20_thr,strong,2,sep_univariate,1.7346010553881064,1.7346010553881064,2.1246272081158653,1.6609348716833583,True,0.38352767234038027,0.030993347746216288,0.0,0.013395507973745334,20
k20_thr,strong,2,adaptshrink_dta,1.7346010553881064,1.7346010553881064,2.2203016370351834,1.6802736246872352,True,0.4389138110981519,0.039709462254352575,-0.0050987890809486075,0.014347701223163927,20
k20_thr,strong,3,reitsma,1.7346010553881064,1.7346010553881064,1.8954134313301851,2.1498870174455917,True,0.3498649140168513,0.02741752079251099,-0.01902528573959878,0.025802885674943567,19
k20_thr,strong,3,reitsma_indep,1.7346010553881064,1.7346010553881064,1.804471550435697,2.1311342421239083,True,0.5157932201719458,0.028611518627343065,0.0,0.026244881475859908,19
k20_thr,strong,3,sep_univariate,1.7346010553881064,1.7346010553881064,1.8151407387632073,2.1348807754817085,True,0.5521891652609083,0.030590350951206796,0.0,0.02813361689630829,19
k20_thr,strong,3,adaptshrink_dta,1.7346010553881064,1.7346010553881064,1.8545297392426479,2.1400301720402024,True,0.5198693376345627,0.0309383677972973,-0.007667131469717312,0.026556215501394923,19
k20_thr,strong,4,reitsma,1.7346010553881064,1.7346010553881064,1.7387665509922474,1.747021274711242,True,0.32221772259899323,0.02092911458082605,-0.011444996698127697,0.020260395499284604,20
k20_thr,strong,4,reitsma_indep,1.7346010553881064,1.7346010553881064,1.702030878089609,1.7219214924880988,True,0.3667808794977578,0.020927470152715892,0.0,0.01814391116515982,20
k20_thr,strong,4,sep_univariate,1.7346010553881064,1.7346010553881064,1.7125820074760023,1.7244632415978352,True,0.3947720838349146,0.023043186384620752,0.0,0.019089062615194847,20
k20_thr,strong,4,adaptshrink_dta,1.7346010553881064,1.7346010553881064,1.7275102352933862,1.738356880233415,True,0.3891611605786154,0.022054382297471854,-0.004895116172683408,0.020468492689587045,20
k20_thr,strong,5,reitsma,1.7346010553881064,1.7346010553881064,1.8210041757146824,1.921893762138257,True,0.2872756562400406,0.014892609797550367,-0.010367068929878267,0.02285761893126847,20
k20_thr,strong,5,reitsma_indep,1.7346010553881064,1.7346010553881064,1.8048570617408544,1.8902255416346367,True,0.3521545790176861,0.015556159972090047,0.0,0.022500830392486973,20
k20_thr,strong,5,sep_univariate,1.7346010553881064,1.7346010553881064,1.8049407901336856,1.9170269691366915,True,0.4650473956302925,0.016808924797989684,0.0,0.036315227224581824,20
k20_thr,strong,5,adaptshrink_dta,1.7346010553881064,1.7346010553881064,1.8134909752925905,1.908524568010821,True,0.3471701543613036,0.015555270338971137,-0.004402328074692724,0.023115543321685826,20
k20_thr,strong,6,reitsma,1.7346010553881064,1.7346010553881064,1.3399080961702055,2.369052401999401,True,0.3945955602766392,0.023206227527822015,-0.014745805049005805,0.028307845403363396,20
k20_thr,strong,6,reitsma_indep,1.7346010553881064,1.7346010553881064,1.3784572369188015,2.348101323495261,True,0.49337987926482957,0.025449955835862213,0.0,0.026996664080230205,20
k20_thr,strong,6,sep_univariate,1.7346010553881064,1.7346010553881064,1.3825267433544686,2.382489752816043,True,0.5572940408127774,0.026334933440387225,0.0,0.033286707531054935,20
k20_thr,strong,6,adaptshrink_dta,1.7346010553881064,1.7346010553881064,1.3752736009244464,2.384563158856157,True,0.4881693401942051,0.02410420374449068,-0.0062408166196130065,0.029520838028549958,20
k20_thr,strong,7,reitsma,1.7346010553881064,1.7346010553881064,1.6973809541941347,1.706652320052487,True,0.2852525036436774,0.019062026059978508,-0.009912178138110187,0.01720254805690797,20
k20_thr,strong,7,reitsma_indep,1.7346010553881064,1.7346010553881064,1.6439432873323774,1.6918569569260407,True,0.3154296100281916,0.01637572493540029,0.0,0.017148994069329005,20
k20_thr,strong,7,sep_univariate,1.7346010553881064,1.7346010553881064,1.6414276707566045,1.70124161607093,True,0.33279688146321695,0.01603298166756375,0.0,0.019497479255479875,20
k20_thr,strong,7,adaptshrink_dta,1.7346010553881064,1.7346010553881064,1.6818537765699466,1.7014869262662622,True,0.34278124749300665,0.019943439312100443,-0.004211839995898181,0.01751857909520284,20
k20_thr,strong,8,reitsma,1.7346010553881064,1.7346010553881064,2.0243444609557417,1.896531879121554,True,0.3499274491871124,0.02419850158554585,-0.015222657896811218,0.023858604869895966,20
k20_thr,strong,8,reitsma_indep,1.7346010553881064,1.7346010553881064,2.0043381928833894,1.8865623119801311,True,0.43028895944460915,0.022185347059419103,0.0,0.02355528947212961,20
k20_thr,strong,8,sep_univariate,1.7346010553881064,1.7346010553881064,2.0044117016466645,1.9217631020689454,True,0.5787195120708688,0.02220577288290312,0.0,0.04257009543942723,20
k20_thr,strong,8,adaptshrink_dta,1.7346010553881064,1.7346010553881064,2.0258343866685946,1.8982383379814873,True,0.4508169321872677,0.025428615123792624,-0.006480550600498257,0.024210178044784047,20
k20_thr,strong,9,reitsma,1.7346010553881064,1.7346010553881064,1.8337519835903564,2.0551653213993157,True,0.511632619620909,0.03870703556147164,-0.029211426861900664,0.041133297289743916,19
k20_thr,strong,9,reitsma_indep,1.7346010553881064,1.7346010553881064,1.7463389987674598,2.0067099751989543,True,0.7172026037445656,0.03442683937836314,0.0,0.04217167284727283,19
k20_thr,strong,9,sep_univariate,1.7346010553881064,1.7346010553881064,1.7467931480383265,1.9861758517643082,True,0.6661914560714484,0.034586121927584396,0.0,0.03621850466526879,19
k20_thr,strong,9,adaptshrink_dta,1.7346010553881064,1.7346010553881064,1.7942968314409247,2.0390024336939274,True,0.7450740276968808,0.040187320406344096,-0.012200068537782797,0.0426928742591309,19
k20_thr,strong,10,reitsma,1.7346010553881064,1.7346010553881064,1.753133029357709,1.8274542136668366,True,0.5656859658890678,0.042974810601808716,-0.01423764892785672,0.025733982692927752,19
k20_thr,strong,10,reitsma_indep,1.7346010553881064,1.7346010553881064,1.7414699673634546,1.8444855047735076,True,0.6559076134948365,0.0416197947811321,0.0,0.029175591966138056,19
k20_thr,strong,10,sep_univariate,1.7346010553881064,1.7346010553881064,1.7518535507411217,1.8298075015912445,True,0.651428146434062,0.0449517251748305,0.0,0.02664532008182974,19
k20_thr,strong,10,adaptshrink_dta,1.7346010553881064,1.7346010553881064,1.759493587850804,1.8371202791926682,True,0.6085505695624185,0.043364953568411864,-0.009461001244015776,0.026168100065373918,19
k20_thr,strong,11,reitsma,1.7346010553881064,1.7346010553881064,1.5585084769588649,1.8478114345569137,True,0.4126817693861621,0.02618619552616103,-0.00874043175381108,0.02127399022411678,20
k20_thr,strong,11,reitsma_indep,1.7346010553881064,1.7346010553881064,1.5531057827843182,1.8473500650096457,True,0.4487879521189969,0.026096891014352308,0.0,0.021783510746821198,20
k20_thr,strong,11,sep_univariate,1.7346010553881064,1.7346010553881064,1.5539259065181648,1.8609206516639245,True,0.4901078447188436,0.026303269670925968,0.0,0.025775543840343272,20
k20_thr,strong,11,adaptshrink_dta,1.7346010553881064,1.7346010553881064,1.5610058039885293,1.8497929917159683,True,0.4320225780358351,0.0263405808493834,-0.005937825530602855,0.021338157275415163,20
k20_thr,strong,12,reitsma,1.7346010553881064,1.7346010553881064,1.6692219705013627,2.0608285316222577,True,0.32586183337248203,0.01966719706964425,-0.013270049767387508,0.024192783416582656,20
k20_thr,strong,12,reitsma_indep,1.7346010553881064,1.7346010553881064,1.6148046515114407,2.0231013550469057,True,0.3758735293145418,0.018044089546019184,0.0,0.022099516743511932,20
k20_thr,strong,12,sep_univariate,1.7346010553881064,1.7346010553881064,1.6195538158129794,2.0305109798506726,True,0.4102331734025001,0.019149463832747887,0.0,0.024804998290121272,20
k20_thr,strong,12,adaptshrink_dta,1.7346010553881064,1.7346010553881064,1.652615258392444,2.050638782044976,True,0.3824226700513026,0.020237556922805704,-0.008994592619249687,0.024394517314927554,20
k20_thr,strong,13,reitsma,1.7346010553881064,1.7346010553881064,1.723654119284697,1.6387809027912827,True,0.24039267571786097,0.014396582392773475,-0.004220757741356188,0.012567103917987935,20
k20_thr,strong,13,reitsma_indep,1.7346010553881064,1.7346010553881064,1.7009511596001874,1.6314893640083843,True,0.22694189600745823,0.011916518635555923,0.0,0.012198719024463582,20
k20_thr,strong,13,sep_univariate,1.7346010553881064,1.7346010553881064,1.7185241907995286,1.6431282676964125,True,0.2717040060774864,0.01471706817739441,0.0,0.014158102390905668,20
k20_thr,strong,13,adaptshrink_dta,1.7346010553881064,1.7346010553881064,1.7235823484577442,1.6378169393160695,True,0.25563637080524954,0.01483167609803697,-0.0017992004664721243,0.01265450383466841,20
k20_thr,strong,14,reitsma,1.7346010553881064,1.7346010553881064,1.8134994690510935,1.8111207695941556,True,0.31861766152763815,0.023384450707486567,-0.011809075309315449,0.01821666931083817,20
k20_thr,strong,14,reitsma_indep,1.7346010553881064,1.7346010553881064,1.7817773150273273,1.789522268290456,True,0.3704288315875327,0.022523089167700232,0.0,0.017195542199529013,20
k20_thr,strong,14,sep_univariate,1.7346010553881064,1.7346010553881064,1.795399234723394,1.7868907108388359,True,0.385594507834391,0.02502505146347979,0.0,0.016769532926253935,20
k20_thr,strong,14,adaptshrink_dta,1.7346010553881064,1.7346010553881064,1.812212442559122,1.8105678964645366,True,0.39487770677792405,0.024918484425546797,-0.0050084503935988525,0.018668583783626166,20
k20_thr,strong,15,reitsma,1.7346010553881064,1.7346010553881064,2.0414722140900907,1.8128742889588882,True,0.5082978152903455,0.028026638000746455,-0.023917254629899232,0.04642995437068052,20
k20_thr,strong,15,reitsma_indep,1.7346010553881064,1.7346010553881064,2.0358350606298474,1.7683221529066844,True,0.725124275715726,0.03657600075674052,0.0,0.04057541202657442,20
k20_thr,strong,15,sep_univariate,1.7346010553881064,1.7346010553881064,2.054797248623127,1.7317725050742032,True,0.6409845370114748,0.04022665450372156,0.0,0.028828062641354936,20
k20_thr,strong,15,adaptshrink_dta,1.7346010553881064,1.7346010553881064,2.0433662434390576,1.8027176392874737,True,0.696017768375757,0.03127359755999576,-0.01029637235846282,0.047111633008991516,20
k20_thr,strong,16,reitsma,1.7346010553881064,1.7346010553881064,1.9274554762288167,1.5728753364839632,True,0.31255175008069264,0.025085169836923937,-0.004108078546957993,0.011664364867665958,20
k20_thr,strong,16,reitsma_indep,1.7346010553881064,1.7346010553881064,1.9704024712756976,1.5748839099789034,True,0.33374035226185716,0.02650366370275646,0.0,0.011861668830591768,20
k20_thr,strong,16,sep_univariate,1.7346010553881064,1.7346010553881064,1.9837413728258981,1.5893934154708207,True,0.3746261541740612,0.02918957483803446,0.0,0.013570713613429243,20
k20_thr,strong,16,adaptshrink_dta,1.7346010553881064,1.7346010553881064,1.9545057441204978,1.5747415732507146,True,0.3235576108824892,0.02534611283058279,-0.0013493130075044526,0.0117298875116409,20
k20_thr,strong,17,reitsma,1.7346010553881064,1.7346010553881064,1.804277544942682,1.7734803691045784,True,0.31473350947113443,0.017236583509426848,-0.0047126530263736565,0.0175091657915951,20
k20_thr,strong,17,reitsma_indep,1.7346010553881064,1.7346010553881064,1.76870134842546,1.761354282965424,True,0.3193617291068997,0.016444508370334926,0.0,0.01750568521217467,20
k20_thr,strong,17,sep_univariate,1.7346010553881064,1.7346010553881064,1.7742240470940733,1.766842133153635,True,0.35827479108178173,0.018136968025625852,0.0,0.019975703466857505,20
k20_thr,strong,17,adaptshrink_dta,1.7346010553881064,1.7346010553881064,1.7829165831085403,1.7653737810827304,True,0.3280639671394665,0.017451901642136475,-0.0015507399455939766,0.017544180139788132,20
k20_thr,strong,18,reitsma,1.7346010553881064,1.7346010553881064,2.0928484778045875,1.8107712955617978,True,0.432974516586838,0.03762673788850009,-0.020320211327211853,0.02503636621897161,20
k20_thr,strong,18,reitsma_indep,1.7346010553881064,1.7346010553881064,2.078445296463286,1.8269115767628807,True,0.6251690411582406,0.041492465017477165,0.0,0.02658642586165237,20
k20_thr,strong,18,sep_univariate,1.7346010553881064,1.7346010553881064,2.098045267972503,1.8107179366043062,True,0.6026392583490616,0.045963133476923525,0.0,0.02230177748504861,20
k20_thr,strong,18,adaptshrink_dta,1.7346010553881064,1.7346010553881064,2.113117099850238,1.8285544263839368,True,0.5387338167974661,0.03970626736348848,-0.01378655147402074,0.025418038110383363,20
k20_thr,strong,19,reitsma,1.7346010553881064,1.7346010553881064,1.648951393025,1.8591044354364092,True,0.26960993789226156,0.015673921773404865,-0.005721850325855267,0.015178453121673062,20
k20_thr,strong,19,reitsma_indep,1.7346010553881064,1.7346010553881064,1.5939895642510717,1.8736068461004052,True,0.28850711685912805,0.015261239705609251,0.0,0.015394213826440743,20
k20_thr,strong,19,sep_univariate,1.7346010553881064,1.7346010553881064,1.6266804685984275,1.8743462853344042,True,0.31937917349326017,0.01819837325157095,0.0,0.015820306166306874,20
k20_thr,strong,19,adaptshrink_dta,1.7346010553881064,1.7346010553881064,1.6424844877412192,1.8653573240589545,True,0.28623538828127504,0.01618587023539684,-0.0038771196308602716,0.015215840433478282,20
k20_thr,strong,20,reitsma,1.7346010553881064,1.7346010553881064,1.873574663180541,1.618218887623473,True,0.3607193925661686,0.0299770492427718,-0.01303069037249852,0.017915658243495888,19
k20_thr,strong,20,reitsma_indep,1.7346010553881064,1.7346010553881064,1.7893614865931387,1.5867454513884403,True,0.4007139529960749,0.028003963103810224,0.0,0.016183919147873024,19
k20_thr,strong,20,sep_univariate,1.7346010553881064,1.7346010553881064,1.797697038732075,1.5909210166633276,True,0.43080601012720465,0.029807120273808475,0.0,0.017574288595270195,19
k20_thr,strong,20,adaptshrink_dta,1.7346010553881064,1.7346010553881064,1.8379755360440935,1.6052512074898704,True,0.4385115204446051,0.03149926154026451,-0.005397890264046569,0.01815543459117382,19
k20_thr,strong,21,reitsma,1.7346010553881064,1.7346010553881064,2.2004175302938265,2.0426018341523364,True,0.45512551208829494,0.042533588321160484,-0.022350134797293728,0.025489959247037244,20
k20_thr,strong,21,reitsma_indep,1.7346010553881064,1.7346010553881064,2.0260120990456416,1.963578004432603,True,0.5021646771737471,0.032929966374343124,0.0,0.021614007661318903,20
k20_thr,strong,21,sep_univariate,1.7346010553881064,1.7346010553881064,2.012167967715572,1.9728724264910018,True,0.5300519842775745,0.029962475908071322,0.0,0.026466316296196436,20
k20_thr,strong,21,adaptshrink_dta,1.7346010553881064,1.7346010553881064,2.1609660830281507,2.016988928713034,True,0.5794387010539058,0.044957605465470535,-0.014991285260264036,0.026077711484990208,20
k20_thr,strong,22,reitsma,1.7346010553881064,1.7346010553881064,1.8043437655275103,1.8069580648950574,True,0.3111993213622807,0.025761966928434955,-0.01674370927150717,0.021492810041694937,20
k20_thr,strong,22,reitsma_indep,1.7346010553881064,1.7346010553881064,1.7720867950479182,1.8080539047930264,True,0.4691359486220425,0.027505882709354203,0.0,0.022584272548649656,20
k20_thr,strong,22,sep_univariate,1.7346010553881064,1.7346010553881064,1.8034522735110048,1.8115765656710914,True,0.5377626368494363,0.03406742064607346,0.0,0.023959417937164575,20
k20_thr,strong,22,adaptshrink_dta,1.7346010553881064,1.7346010553881064,1.808630922671959,1.8155960957479034,True,0.45423653735877606,0.028697778169359856,-0.007026772634536569,0.02201371573366807,20
k20_thr,strong,23,reitsma,1.7346010553881064,1.7346010553881064,1.8372901738272012,1.756548893994023,True,0.3333604394252702,0.021285238543132655,-0.015320218637677838,0.025762992708708493,20
k20_thr,strong,23,reitsma_indep,1.7346010553881064,1.7346010553881064,1.7119439165331494,1.7458737340352415,True,0.36434771164164975,0.014548745951193216,0.0,0.02575376918060393,20
k20_thr,strong,23,sep_univariate,1.7346010553881064,1.7346010553881064,1.723347207088631,1.7457062792704752,True,0.38485850657276716,0.01628171854571378,0.0,0.02567652248384667,20
k20_thr,strong,23,adaptshrink_dta,1.7346010553881064,1.7346010553881064,1.7970378492922476,1.7539786593336248,True,0.44403476811602044,0.022999961533765524,-0.0065269963183986765,0.026048112773413522,20
k20_thr,strong,24,reitsma,1.7346010553881064,1.7346010553881064,1.7764214622305936,1.5925316361137243,True,0.22980442020578498,0.028421762341677682,-0.009265798042920662,0.008265199956941518,20
k20_thr,strong,24,reitsma_indep,1.7346010553881064,1.7346010553881064,1.7656789416024006,1.6033517780394055,True,0.31590031521812817,0.029718107865637347,0.0,0.009477924192763226,20
k20_thr,strong,24,sep_univariate,1.7346010553881064,1.7346010553881064,1.7946450447521656,1.6078704417591998,True,0.3714442965483674,0.03716466872485806,0.0,0.010478313535770733,20
k20_thr,strong,24,adaptshrink_dta,1.7346010553881064,1.7346010553881064,1.7811212260366938,1.5989322498198653,True,0.2922685289605786,0.029727433257647495,-0.003867874852910922,0.008613629701069046,20
k20_thr,strong,25,reitsma,1.7346010553881064,1.7346010553881064,1.7573173056608609,1.4787485596592722,True,0.2785969692884381,0.018099805584609815,-0.010589218232287527,0.01829873953772427,20
k20_thr,strong,25,reitsma_indep,1.7346010553881064,1.7346010553881064,1.7847186053919368,1.497694049826631,True,0.36303878405706236,0.019927799420033407,0.0,0.01866727698495658,20
k20_thr,strong,25,sep_univariate,1.7346010553881064,1.7346010553881064,1.808561785741205,1.500500379244219,True,0.39905437837077756,0.022664755675644885,0.0,0.019831126532412095,20
k20_thr,strong,25,adaptshrink_dta,1.7346010553881064,1.7346010553881064,1.7933005512079077,1.4974565082182125,True,0.3638369164784092,0.02029974776816021,-0.0010396317808863149,0.018459147620035483,20
k20_thr,strong,26,reitsma,1.7346010553881064,1.7346010553881064,1.7108818641578178,1.7893545905250436,True,0.2837270616195401,0.019544578967745925,-0.011420385935130745,0.018298658769213792,20
k20_thr,strong,26,reitsma_indep,1.7346010553881064,1.7346010553881064,1.663706526349714,1.7618045903001518,True,0.3077503098948309,0.014644208522435921,0.0,0.01825430743320377,20
k20_thr,strong,26,sep_univariate,1.7346010553881064,1.7346010553881064,1.6716891819429744,1.7754247604288955,True,0.3544405366004354,0.01660046715166701,0.0,0.021359974409870853,20
k20_thr,strong,26,adaptshrink_dta,1.7346010553881064,1.7346010553881064,1.7003143697455856,1.778453585790679,True,0.3614897532954802,0.02083879253480753,-0.00479834081768261,0.018804068585319935,20
k20_thr,strong,27,reitsma,1.7346010553881064,1.7346010553881064,2.10028034361627,1.6322609483462196,True,0.2798820695984048,0.029505390240539584,-0.013589049456338553,0.013752065684475333,20
k20_thr,strong,27,reitsma_indep,1.7346010553881064,1.7346010553881064,2.1040182919498815,1.6307172409446102,True,0.4045289347257119,0.03518827555737693,0.0,0.013126092618343289,20
k20_thr,strong,27,sep_univariate,1.7346010553881064,1.7346010553881064,2.1097711442501326,1.6316662676284406,True,0.4160598377266875,0.036279445549237316,0.0,0.013467445180749861,20
k20_thr,strong,27,adaptshrink_dta,1.7346010553881064,1.7346010553881064,2.1129834614889433,1.6367958009411727,True,0.38054176082797675,0.031833979711759754,-0.005811491948580524,0.013900420241565698,20
k20_thr,strong,28,reitsma,1.7346010553881064,1.7346010553881064,1.8205258989994102,1.7891409962458469,True,0.29837027986456777,0.02484679609878007,-0.006886134766393424,0.012021332623103969,20
k20_thr,strong,28,reitsma_indep,1.7346010553881064,1.7346010553881064,1.8076463751334162,1.7861946661390367,True,0.3276628620930549,0.025137000900684273,0.0,0.012055222962805695,20
k20_thr,strong,28,sep_univariate,1.7346010553881064,1.7346010553881064,1.807287573111105,1.7910618711771318,True,0.34095007354387386,0.025071257738287785,0.0,0.013086988545569592,20
k20_thr,strong,28,adaptshrink_dta,1.7346010553881064,1.7346010553881064,1.8188839642151937,1.7889882770156054,True,0.3170069123391935,0.02520192919986151,-0.004654038160292525,0.012114265039125265,20
k20_thr,strong,29,reitsma,1.7346010553881064,1.7346010553881064,1.7633453267712296,1.6194673847808136,True,0.2853332782133929,0.015899202070034174,-0.007126309026553988,0.017647332791625656,20
k20_thr,strong,29,reitsma_indep,1.7346010553881064,1.7346010553881064,1.7718251626823631,1.623058900093133,True,0.33597305976997943,0.01751749366290701,0.0,0.018187424649350484,20
k20_thr,strong,29,sep_univariate,1.7346010553881064,1.7346010553881064,1.780738941645357,1.646374882957371,True,0.4315713217706719,0.019483339976220322,0.0,0.02698211653433034,20
k20_thr,strong,29,adaptshrink_dta,1.7346010553881064,1.7346010553881064,1.769196811621322,1.6227856914119534,True,0.3066669485900579,0.016285584052396895,-0.004821145258789432,0.01772638712337711,20
k20_thr,strong,30,reitsma,1.7346010553881064,1.7346010553881064,1.6040304689870428,2.033067040344603,True,0.32234094625443005,0.018926508035481248,-0.005574581952715828,0.01713704026387782,20
k20_thr,strong,30,reitsma_indep,1.7346010553881064,1.7346010553881064,1.6108051897850795,2.0319201160439255,True,0.3638666374451233,0.020886272134037757,0.0,0.01789195550494983,20
k20_thr,strong,30,sep_univariate,1.7346010553881064,1.7346010553881064,1.6184956013585894,2.0355299192628484,True,0.3832658354484877,0.022070645180597735,0.0,0.018785357025489887,20
k20_thr,strong,30,adaptshrink_dta,1.7346010553881064,1.7346010553881064,1.6050159897678113,2.032935052360816,True,0.3333470405041332,0.019064711262363636,-0.003785293848762831,0.0172027563085833,20
k20_thr,strong,31,reitsma,1.7346010553881064,1.7346010553881064,2.088618556033982,1.8263611106757656,True,0.352794555660043,0.034970662312780114,-0.019615090675541492,0.02104769041221071,20
k20_thr,strong,31,reitsma_indep,1.7346010553881064,1.7346010553881064,1.8872300151815278,1.8297163474124516,True,0.44125227380435483,0.026051265060845055,0.0,0.021094991851474506,20
k20_thr,strong,31,sep_univariate,1.7346010553881064,1.7346010553881064,1.8885460997431733,1.8306950021803596,True,0.45782084933974293,0.026216118189703406,0.0,0.022566126278205857,20
k20_thr,strong,31,adaptshrink_dta,1.7346010553881064,1.7346010553881064,2.0309552373528024,1.8291246966838415,True,0.5170536329629798,0.03873954762011221,-0.008311464753278004,0.021261495890352665,20
k20_thr,strong,32,reitsma,1.7346010553881064,1.7346010553881064,1.628639181398079,1.9056994936750138,True,0.2614381548438557,0.024768191002305272,-0.007000300551370805,0.009767445911480271,20
k20_thr,strong,32,reitsma_indep,1.7346010553881064,1.7346010553881064,1.5625870360722725,1.9175506075054047,True,0.2601868629869691,0.020473819863823763,0.0,0.009332674498949051,20
k20_thr,strong,32,sep_univariate,1.7346010553881064,1.7346010553881064,1.5783305986968081,1.9226209690962348,True,0.28298291615274007,0.022285347590496742,0.0,0.010142272854216572,20
k20_thr,strong,32,adaptshrink_dta,1.7346010553881064,1.7346010553881064,1.608814842418192,1.9216988230586742,True,0.2998051357206703,0.025560523764004688,-0.0006933552691180695,0.0099440853866948,20
k20_thr,strong,33,reitsma,1.7346010553881064,1.7346010553881064,1.7807883032244396,1.9382704131370831,True,0.36882126323018244,0.025233261597792822,-0.02372790973420717,0.037528092808371535,20
k20_thr,strong,33,reitsma_indep,1.7346010553881064,1.7346010553881064,1.6309127113201793,1.9090309848331206,True,0.5118413935474989,0.021098299351824095,0.0,0.03504754703511972,20
k20_thr,strong,33,sep_univariate,1.7346010553881064,1.7346010553881064,1.6404347874451215,1.9150536349829061,True,0.5638103991246418,0.022389185814659165,0.0,0.040073947974113885,20
k20_thr,strong,33,adaptshrink_dta,1.7346010553881064,1.7346010553881064,1.735777113464288,1.924742333401167,True,0.6002770467097646,0.029299605270597637,-0.009982508722758687,0.038112793149813425,20
k20_thr,strong,34,reitsma,1.7346010553881064,1.7346010553881064,1.4105395753304215,2.0067221239461714,True,0.31762697192322353,0.027698938729423687,-0.007520361975022555,0.012322107763813216,20
k20_thr,strong,34,reitsma_indep,1.7346010553881064,1.7346010553881064,1.3979802167233384,1.9758609496992479,True,0.3241080868215012,0.026878690323933196,0.0,0.011030771737720133,20
k20_thr,strong,34,sep_univariate,1.7346010553881064,1.7346010553881064,1.4019593392027054,1.983008005181601,True,0.350289308367442,0.029000346553802334,0.0,0.011942213823840767,20
k20_thr,strong,34,adaptshrink_dta,1.7346010553881064,1.7346010553881064,1.408599768302658,2.0034118450010783,True,0.3372866433731746,0.027837116183695915,-0.005099783250366123,0.012469037939212798,20
k20_thr,strong,35,reitsma,1.7346010553881064,1.7346010553881064,1.609631748131362,2.225967340665085,True,0.38722529537317546,0.02238511261525748,-0.014330327672757149,0.028079998510394638,17
k20_thr,strong,35,reitsma_indep,1.7346010553881064,1.7346010553881064,1.5523653614988704,2.2161172642672513,True,0.45517375447095015,0.020813843351935056,0.0,0.028095477023877883,17
k20_thr,strong,35,sep_univariate,1.7346010553881064,1.7346010553881064,1.5618797884253088,2.226004176802693,True,0.5033936275704002,0.02221539378407166,0.0,0.03219553736702797,17
k20_thr,strong,35,adaptshrink_dta,1.7346010553881064,1.7346010553881064,1.5905173373173767,2.224580416471813,True,0.47454194008113376,0.02346935051833212,-0.005537939009892876,0.0283888621127793,17
k20_thr,strong,36,reitsma,1.7346010553881064,1.7346010553881064,1.6963370773768462,1.9694721408378542,True,0.24311110429990312,0.02001039583884524,-0.0049670821097401435,0.00956953929019736,20
k20_thr,strong,36,reitsma_indep,1.7346010553881064,1.7346010553881064,1.6673220373957294,1.9355186442082903,True,0.2258629837843112,0.0167932026940609,0.0,0.008574145701264371,20
k20_thr,strong,36,sep_univariate,1.7346010553881064,1.7346010553881064,1.6830631063867751,1.957048277518622,True,0.2687597898728155,0.019213418512302526,0.0,0.010611046308679368,20
k20_thr,strong,36,adaptshrink_dta,1.7346010553881064,1.7346010553881064,1.6976399226556496,1.9619488105356888,True,0.26300209636503497,0.020361967037524638,-0.0021122071419545268,0.009807214386396005,20
k20_thr,strong,37,reitsma,1.7346010553881064,1.7346010553881064,1.4965779791842315,2.1013561609593383,True,0.32685594775818605,0.02333944143121453,-0.01126591165199989,0.0183578616964585,20
k20_thr,strong,37,reitsma_indep,1.7346010553881064,1.7346010553881064,1.5144229358698762,2.1495557548300117,True,0.4363728883296036,0.023490648328606163,0.0,0.022879934884607604,20
k20_thr,strong,37,sep_univariate,1.7346010553881064,1.7346010553881064,1.5244184560029728,2.1395829121829646,True,0.44043810545285694,0.02555398698748139,0.0,0.021426210600528912,20
k20_thr,strong,37,adaptshrink_dta,1.7346010553881064,1.7346010553881064,1.519653795983936,2.1259045896935573,True,0.39473737390558855,0.024153833575681707,-0.00475088015888823,0.019142565558126764,20
k20_thr,strong,38,reitsma,1.7346010553881064,1.7346010553881064,1.7406531429946028,1.7894056024481586,True,0.28321424298848363,0.0212411700029286,-0.005823434071999291,0.012254793026178242,20
k20_thr,strong,38,reitsma_indep,1.7346010553881064,1.7346010553881064,1.7260617009192534,1.8011092321534659,True,0.30224400612614233,0.02079322485610278,0.0,0.01240017490529503,20
k20_thr,strong,38,sep_univariate,1.7346010553881064,1.7346010553881064,1.732619905052161,1.803110322553276,True,0.3128965858722124,0.021660662851475117,0.0,0.012757458762407345,20
k20_thr,strong,38,adaptshrink_dta,1.7346010553881064,1.7346010553881064,1.7436351821741938,1.7954371698746248,True,0.2977662933649197,0.02156303539658332,-0.003939555479893795,0.012325564341879931,20
k20_thr,strong,39,reitsma,1.7346010553881064,1.7346010553881064,1.7820187329357295,1.9637300047528863,True,0.20728276905469337,0.01389482163095041,-0.004929620810633138,0.010476794996076396,20
k20_thr,strong,39,reitsma_indep,1.7346010553881064,1.7346010553881064,1.7601748038486842,1.9341246585965879,True,0.19003369856377883,0.011090068496951799,0.0,0.00919096855638458,20
k20_thr,strong,39,sep_univariate,1.7346010553881064,1.7346010553881064,1.7605362402668239,1.939547175386339,True,0.19826764913245748,0.011188587447906451,0.0,0.009916598287159909,20
k20_thr,strong,39,adaptshrink_dta,1.7346010553881064,1.7346010553881064,1.7758518771624983,1.9545106106877883,True,0.2269400054385067,0.01411266189528286,-0.002104018196742291,0.010613924877788873,20
k20_thr,strong,40,reitsma,1.7346010553881064,1.7346010553881064,1.7730916186038035,1.8512338929250354,True,0.42389581949302385,0.031478432238857545,-0.011168668652920734,0.020074315034996654,20
k20_thr,strong,40,reitsma_indep,1.7346010553881064,1.7346010553881064,1.7471473936223745,1.818943411087282,True,0.4565863407479407,0.031045084749103873,0.0,0.018953405189810302,20
k20_thr,strong,40,sep_univariate,1.7346010553881064,1.7346010553881064,1.745419660641192,1.820874497876785,True,0.4593463270015648,0.030543893397803678,0.0,0.019498013543336395,20
k20_thr,strong,40,adaptshrink_dta,1.7346010553881064,1.7346010553881064,1.770407670920118,1.844020047914136,True,0.45681541054687236,0.03194250769018599,-0.00756386712886205,0.02023049418959621,20
k20_thr,strong,41,reitsma,1.7346010553881064,1.7346010553881064,2.0358453658729543,1.6718966261302883,True,0.340489935653604,0.033342826664643485,-0.01287951360648996,0.014788911721537457,20
k20_thr,strong,41,reitsma_indep,1.7346010553881064,1.7346010553881064,1.9887095953740273,1.6747190130513951,True,0.39547597207376894,0.02830772402180215,0.0,0.015594430473102472,20
k20_thr,strong,41,sep_univariate,1.7346010553881064,1.7346010553881064,2.0082588709415807,1.6737231421073526,True,0.42241297703757097,0.03281680752797294,0.0,0.015346609433437172,20
k20_thr,strong,41,adaptshrink_dta,1.7346010553881064,1.7346010553881064,2.043068167764091,1.6791671089333982,True,0.3922285367427693,0.034133163300629564,-0.008714790305064089,0.014946472570224044,20
k20_thr,strong,42,reitsma,1.7346010553881064,1.7346010553881064,1.617837839334252,2.160789944131064,True,0.23109489703148936,0.013127868861174452,-0.003821237408670697,0.012594363948072824,20
k20_thr,strong,42,reitsma_indep,1.7346010553881064,1.7346010553881064,1.6063360838399683,2.143663895972398,True,0.21612534364702968,0.011024016048158876,0.0,0.011959301747651814,20
k20_thr,strong,42,sep_univariate,1.7346010553881064,1.7346010553881064,1.6147030121983734,2.1550620929204753,True,0.23626786050325635,0.012092830844395433,0.0,0.013029135065564192,20
k20_thr,strong,42,adaptshrink_dta,1.7346010553881064,1.7346010553881064,1.6230907396858056,2.153945737505671,True,0.2447406539995878,0.013275464623335917,-0.0003810714818632303,0.012745874721435155,20
k20_thr,strong,43,reitsma,1.7346010553881064,1.7346010553881064,1.8164682482421586,2.0062474479016466,True,0.261212683174036,0.014096771296147238,-0.0060755673384169625,0.016280158044995392,20
k20_thr,strong,43,reitsma_indep,1.7346010553881064,1.7346010553881064,1.7366264852126614,2.000141628035665,True,0.2535812350720252,0.011412300167470742,0.0,0.0159035949620679,20
k20_thr,strong,43,sep_univariate,1.7346010553881064,1.7346010553881064,1.757208386313282,1.998803031215954,True,0.26928206158923473,0.01317679939173819,0.0,0.015532421947214149,20
k20_thr,strong,43,adaptshrink_dta,1.7346010553881064,1.7346010553881064,1.7963677913627478,2.0062286046560227,True,0.2878243214210123,0.014687510504103905,-0.0026004222228730367,0.01638033088654666,20
k20_thr,strong,44,reitsma,1.7346010553881064,1.7346010553881064,1.8676122631287466,1.944670104257081,True,0.39637838025517563,0.022883318806434357,-0.017602028367149813,0.032918788350332816,20
k20_thr,strong,44,reitsma_indep,1.7346010553881064,1.7346010553881064,1.8328381239972058,1.9201030959449883,True,0.5343027018283107,0.026763947623281582,0.0,0.030106400608325177,20
k20_thr,strong,44,sep_univariate,1.7346010553881064,1.7346010553881064,1.85681055678722,1.9189169896820117,True,0.5830716398160751,0.03243479697999864,0.0,0.029584682946056214,20
k20_thr,strong,44,adaptshrink_dta,1.7346010553881064,1.7346010553881064,1.8531304823219998,1.940277612607086,True,0.52074431443061,0.02469274936112991,-0.007571118559296608,0.03331799168926027,20
k20_thr,strong,45,reitsma,1.7346010553881064,1.7346010553881064,1.8430183868365337,1.8769289790068964,True,0.3155716172109473,0.014318785825536029,-0.009051224695595213,0.025351646279568072,20
k20_thr,strong,45,reitsma_indep,1.7346010553881064,1.7346010553881064,1.844745900561274,1.8381879037651396,True,0.3608349157300603,0.016833669938409457,0.0,0.021830946685530553,20
k20_thr,strong,45,sep_univariate,1.7346010553881064,1.7346010553881064,1.8571740172517832,1.8280530566969313,True,0.3605472995425279,0.018781296765225518,0.0,0.019535889316542945,20
k20_thr,strong,45,adaptshrink_dta,1.7346010553881064,1.7346010553881064,1.8435244057428894,1.8688579192770713,True,0.3621586644968791,0.015011148207590232,-0.003869466367667658,0.025658865308593626,20
k20_thr,strong,46,reitsma,1.7346010553881064,1.7346010553881064,1.6537625287440618,1.717567689382274,True,0.329938810958402,0.0409412320637896,-0.01566779095300543,0.013500721493933183,20
k20_thr,strong,46,reitsma_indep,1.7346010553881064,1.7346010553881064,1.6024456781098684,1.7449224534001382,True,0.4822395289300399,0.03823882428206332,0.0,0.017165456162402146,20
k20_thr,strong,46,sep_univariate,1.7346010553881064,1.7346010553881064,1.611391786771767,1.7433776691517104,True,0.4902038525409572,0.040481267921013725,0.0,0.016754582118448692,20
k20_thr,strong,46,adaptshrink_dta,1.7346010553881064,1.7346010553881064,1.6498636503470108,1.7322415974285417,True,0.44366639294204935,0.04264294083747476,-0.006629848000741655,0.01405943880716186,20
k20_thr,strong,47,reitsma,1.7346010553881064,1.7346010553881064,1.6210081908597829,1.761556728874876,True,0.22882659139159106,0.01645784625581847,-0.0069800952020605414,0.011940352025641005,20
k20_thr,strong,47,reitsma_indep,1.7346010553881064,1.7346010553881064,1.6229531181661168,1.7595809692688837,True,0.2545869103394469,0.015093406902975013,0.0,0.012120460697057063,20
k20_thr,strong,47,sep_univariate,1.7346010553881064,1.7346010553881064,1.624235362409506,1.7641851274342448,True,0.2631486796059136,0.015301864379528293,0.0,0.012772982256057554,20
k20_thr,strong,47,adaptshrink_dta,1.7346010553881064,1.7346010553881064,1.6349879457277892,1.7622748338717726,True,0.27123124098874996,0.017039402832679747,-0.0006872560605065201,0.012213667281340683,20
k20_thr,strong,48,reitsma,1.7346010553881064,1.7346010553881064,1.749436650939858,1.6279926781171,True,0.2727848930018868,0.023660298848980032,-0.009450008871974697,0.012651131649036399,20
k20_thr,strong,48,reitsma_indep,1.7346010553881064,1.7346010553881064,1.75699302912452,1.6415878929395968,True,0.34403072382984556,0.024229418140145547,0.0,0.013787506825447974,20
k20_thr,strong,48,sep_univariate,1.7346010553881064,1.7346010553881064,1.7651058408285358,1.6433139351566546,True,0.3609364032762343,0.026029224569404923,0.0,0.01412649464453176,20
k20_thr,strong,48,adaptshrink_dta,1.7346010553881064,1.7346010553881064,1.7573913503128311,1.6336258501160867,True,0.31013933807115596,0.024276033097045496,-0.006348370287234281,0.012843455158531965,20
k20_thr,strong,49,reitsma,1.7346010553881064,1.7346010553881064,1.791112425112457,1.6757274607855848,True,0.3490392601582785,0.02577930904428499,-0.012090756272138603,0.019009326834185332,20
k20_thr,strong,49,reitsma_indep,1.7346010553881064,1.7346010553881064,1.7003640522210475,1.664136467183078,True,0.38161678825514733,0.022885637379228,0.0,0.017960821588820855,20
k20_thr,strong,49,sep_univariate,1.7346010553881064,1.7346010553881064,1.7043229591119984,1.6667964573225866,True,0.3996992761759544,0.023526193122602877,0.0,0.019166787714236095,20
k20_thr,strong,49,adaptshrink_dta,1.7346010553881064,1.7346010553881064,1.7570850703645846,1.671983228568407,True,0.4158643927718502,0.02691307386938845,-0.005194244601485675,0.019139868517785336,20
k20_thr,strong,50,reitsma,1.7346010553881064,1.7346010553881064,1.6266618861203808,1.9877750729293449,True,0.40385862909859566,0.03141121440595397,-0.01601962622641847,0.022825719478597295,18
k20_thr,strong,50,reitsma_indep,1.7346010553881064,1.7346010553881064,1.6468915772502932,1.9489102203051827,True,0.4790105297668847,0.03203280138624592,0.0,0.02021759379534946,18
k20_thr,strong,50,sep_univariate,1.7346010553881064,1.7346010553881064,1.6509020829836147,1.9627351322368833,True,0.516640779217069,0.03287527765941581,0.0,0.022916178837769405,18
k20_thr,strong,50,adaptshrink_dta,1.7346010553881064,1.7346010553881064,1.6591278627115689,1.985209521489506,True,0.5120602713173743,0.03296195697067809,-0.006344653636333598,0.02367367988344598,18
k20_thr,strong,51,reitsma,1.7346010553881064,1.7346010553881064,1.659556483816708,1.890746602228132,True,0.35945124241310833,0.03412520520484246,-0.014695219098547345,0.017014737091993134,20
k20_thr,strong,51,reitsma_indep,1.7346010553881064,1.7346010553881064,1.6498999870088562,1.9096735504369264,True,0.49971299314488626,0.03729008376901274,0.0,0.018900887254550854,20
k20_thr,strong,51,sep_univariate,1.7346010553881064,1.7346010553881064,1.6739885132102719,1.9125214418339997,True,0.5486064492255183,0.042493154710236763,0.0,0.01999111925280798,20
k20_thr,strong,51,adaptshrink_dta,1.7346010553881064,1.7346010553881064,1.6695882590622422,1.8999873530281302,True,0.4226696432180436,0.03523338783709438,-0.00996737160935287,0.01713112119452997,20
k20_thr,strong,52,reitsma,1.7346010553881064,1.7346010553881064,1.7408614863870555,1.9607496579333035,True,0.3853167856900521,0.017463164918029753,-0.00258201969922645,0.02437822450670634,20
k20_thr,strong,52,reitsma_indep,1.7346010553881064,1.7346010553881064,1.7399006485136301,1.9552818862132209,True,0.387389420491364,0.017573231089121615,0.0,0.02410339172996009,20
k20_thr,strong,52,sep_univariate,1.7346010553881064,1.7346010553881064,1.750460773757125,1.9576655119623516,True,0.41151648113218003,0.01944646052308197,0.0,0.024579223982200648,20
k20_thr,strong,52,adaptshrink_dta,1.7346010553881064,1.7346010553881064,1.7408848083514334,1.959948454837504,True,0.3873935272609462,0.01749164721553239,-0.0017553697233249272,0.024392486956934696,20
k20_thr,strong,53,reitsma,1.7346010553881064,1.7346010553881064,2.1454114122636563,1.664308589155841,True,0.2917547228793639,0.022040613468270673,-0.006140998320625737,0.012611515804125173,19
k20_thr,strong,53,reitsma_indep,1.7346010553881064,1.7346010553881064,2.086234683443737,1.6622460851221361,True,0.2840279028504855,0.01818977992116229,0.0,0.012517823872989107,19
k20_thr,strong,53,sep_univariate,1.7346010553881064,1.7346010553881064,2.0670278440273924,1.6653068112585336,True,0.27799582981011733,0.016456465546730577,0.0,0.01325483312266434,19
k20_thr,strong,53,adaptshrink_dta,1.7346010553881064,1.7346010553881064,2.1401792174633036,1.6651753862972922,True,0.31525626051264694,0.022630521470536482,-0.0025475213331904666,0.012682363220540062,19
k20_thr,strong,54,reitsma,1.7346010553881064,1.7346010553881064,1.6986514912826656,1.9182262580132179,True,0.2929086832318391,0.015901933949180658,-0.0067645142262345425,0.018105761191954558,20
k20_thr,strong,54,reitsma_indep,1.7346010553881064,1.7346010553881064,1.7074516135171607,1.9010448670519575,True,0.322715876854257,0.017525074872372686,0.0,0.016773166159073986,20
k20_thr,strong,54,sep_univariate,1.7346010553881064,1.7346010553881064,1.7110963799282781,1.9010652086743172,True,0.32787076832952544,0.01808604990815551,0.0,0.016776290538474306,20
k20_thr,strong,54,adaptshrink_dta,1.7346010553881064,1.7346010553881064,1.7029128582547808,1.9188777473382403,True,0.31369154399923027,0.016358336443036997,-0.0045615527643848115,0.01825055365489332,20
k20_thr,strong,55,reitsma,1.7346010553881064,1.7346010553881064,2.014612522616669,1.9336344453362582,True,0.48004242032597494,0.03988257298874071,-0.01612131657389995,0.022824913259413937,15
k20_thr,strong,55,reitsma_indep,1.7346010553881064,1.7346010553881064,2.0171934540472534,1.94143101318139,True,0.5747377790000039,0.03752565796541318,0.0,0.024845368466381024,15
k20_thr,strong,55,sep_univariate,1.7346010553881064,1.7346010553881064,2.0275142322135364,1.9466087732776143,True,0.6004866258588315,0.03940434698096878,0.0,0.025828358784299107,15
k20_thr,strong,55,adaptshrink_dta,1.7346010553881064,1.7346010553881064,2.0465151287268792,1.9376558649118172,True,0.5983081395546522,0.04275578782749399,-0.0015798376795425908,0.02368976043439782,15
k20_thr,strong,56,reitsma,1.7346010553881064,1.7346010553881064,1.9735565388566816,1.8781290542817102,True,0.6294639351815946,0.051680637179494705,-0.022814598708717024,0.03171112906587048,18
k20_thr,strong,56,reitsma_indep,1.7346010553881064,1.7346010553881064,1.8780083240556156,1.8230051191944427,True,0.6851581582973424,0.04442981665384769,0.0,0.029822319074650508,18
k20_thr,strong,56,sep_univariate,1.7346010553881064,1.7346010553881064,1.864914914068055,1.8262532229549024,True,0.6662426865383947,0.04053054278599133,0.0,0.030911263450039507,18
k20_thr,strong,56,adaptshrink_dta,1.7346010553881064,1.7346010553881064,1.95405537971856,1.8632020378682888,True,0.734260310628518,0.053609113058826034,-0.01467740242963092,0.032403909176914776,18
k20_thr,strong,57,reitsma,1.7346010553881064,1.7346010553881064,1.5560337096177574,1.5887624523672503,True,0.38291629237072905,0.027377969552792994,-0.0243158655582671,0.03671237784111958,20
k20_thr,strong,57,reitsma_indep,1.7346010553881064,1.7346010553881064,1.4792002223057197,1.5956798572224842,True,0.59154984495151,0.026669635333130947,0.0,0.03703393664310581,20
k20_thr,strong,57,sep_univariate,1.7346010553881064,1.7346010553881064,1.496973165948108,1.5867198760553476,True,0.5765658739852807,0.02977432041565726,0.0,0.0315130382396303,20
k20_thr,strong,57,adaptshrink_dta,1.7346010553881064,1.7346010553881064,1.5498283376901787,1.6033935700092095,True,0.6094240869691451,0.030982006954202963,-0.010292976971928717,0.03725440377801747,20
k20_thr,strong,58,reitsma,1.7346010553881064,1.7346010553881064,1.955965205773728,1.834357626290051,True,0.3519019809627506,0.035032828089997796,-0.015187162342165264,0.016560879769045113,20
k20_thr,strong,58,reitsma_indep,1.7346010553881064,1.7346010553881064,1.879140582544991,1.8372360075195462,True,0.45501996837285863,0.03569796508609411,0.0,0.016370114546861807,20
k20_thr,strong,58,sep_univariate,1.7346010553881064,1.7346010553881064,1.9067933574275016,1.8388505989169195,True,0.496279922886425,0.040339941658816374,0.0,0.017232663722766054,20
k20_thr,strong,58,adaptshrink_dta,1.7346010553881064,1.7346010553881064,1.9592063664239183,1.8415665149115523,True,0.4291500938734941,0.03725361810305506,-0.010210117734335085,0.016751826633981233,20
k20_thr,strong,59,reitsma,1.7346010553881064,1.7346010553881064,1.5541357644170344,2.0177201959563815,True,0.3662720913233022,0.03230138912774306,-0.019150798143012668,0.023076608905423783,20
k20_thr,strong,59,reitsma_indep,1.7346010553881064,1.7346010553881064,1.5618798534848921,2.046531778409398,True,0.5629594214682926,0.03375618517347704,0.0,0.02649934197413399,20
k20_thr,strong,59,sep_univariate,1.7346010553881064,1.7346010553881064,1.5637469880642296,2.040614699515212,True,0.5551956094269905,0.034179597486168285,0.0,0.02545419512342274,20
k20_thr,strong,59,adaptshrink_dta,1.7346010553881064,1.7346010553881064,1.5730658385959408,2.040963375768022,True,0.5240141702154915,0.034170103788330915,-0.00801872605034806,0.024563378940207707,20
k20_thr,strong,60,reitsma,1.7346010553881064,1.7346010553881064,1.7095024404611,2.2304827967697003,True,0.4217322006597677,0.0164503451971311,-0.01447236592867786,0.043248580878602,16
k20_thr,strong,60,reitsma_indep,1.7346010553881064,1.7346010553881064,1.6673260699423553,2.190994143891389,True,0.4411606350452326,0.013512871833529193,0.0,0.04065183140419635,16
k20_thr,strong,60,sep_univariate,1.7346010553881064,1.7346010553881064,1.669738139897298,2.1962996744938605,True,0.47266794904171744,0.014906217642194651,0.0,0.0423037744297212,16
k20_thr,strong,60,adaptshrink_dta,1.7346010553881064,1.7346010553881064,1.6847957456692055,2.2146985810623754,True,0.5286414940536075,0.01853252922330649,-0.005135405617956619,0.043985036720952664,16
k20_thr,strong,61,reitsma,1.7346010553881064,1.7346010553881064,1.4915839846214491,1.8733529072215631,True,0.31520710169658456,0.016033035869308054,-0.007280159546977582,0.020796552607414896,20
k20_thr,strong,61,reitsma_indep,1.7346010553881064,1.7346010553881064,1.511397587905109,1.8295533776352877,True,0.31574568009809606,0.016707842165180162,0.0,0.016841809002524633,20
k20_thr,strong,61,sep_univariate,1.7346010553881064,1.7346010553881064,1.521696498161515,1.8357176042960912,True,0.34256009548263416,0.01863001203922717,0.0,0.01777848187812732,20
k20_thr,strong,61,adaptshrink_dta,1.7346010553881064,1.7346010553881064,1.5090760292944612,1.865291099089161,True,0.3470721115118431,0.01643505927394965,-0.0023858773581840395,0.021033591844397473,20
k20_thr,strong,62,reitsma,1.7346010553881064,1.7346010553881064,1.632416253443515,2.2170849981881906,True,0.25361168900429726,0.015676151533305198,-0.008610927275625254,0.016310652769089273,18
k20_thr,strong,62,reitsma_indep,1.7346010553881064,1.7346010553881064,1.67509607813748,2.218589566119283,True,0.3236536002585152,0.01640695071745703,0.0,0.018020518311388536,18
k20_thr,strong,62,sep_univariate,1.7346010553881064,1.7346010553881064,1.676517738871336,2.2651784586815045,True,0.39128385216680106,0.01758718847568379,0.0,0.024570935960454315,18
k20_thr,strong,62,adaptshrink_dta,1.7346010553881064,1.7346010553881064,1.671952711722049,2.215309244524476,True,0.3173213096603969,0.0165421761436808,-0.0008238413867854335,0.017221699579017494,18
k20_thr,strong,63,reitsma,1.7346010553881064,1.7346010553881064,1.6851887725503514,1.9645713314521045,True,0.452668914968713,0.03567027210968772,-0.02195302853532676,0.029724806867229003,20
k20_thr,strong,63,reitsma_indep,1.7346010553881064,1.7346010553881064,1.6054759108940098,1.9232587295955776,True,0.5420270658978722,0.02942332447299077,0.0,0.028182821672145707,20
k20_thr,strong,63,sep_univariate,1.7346010553881064,1.7346010553881064,1.6136521591068078,1.921265954496122,True,0.550848608431809,0.0309023210058743,0.0,0.027714540382802456,20
k20_thr,strong,63,adaptshrink_dta,1.7346010553881064,1.7346010553881064,1.680500561495306,1.9580519173208926,True,0.616736062049452,0.037757225942773476,-0.00940299545625494,0.03077537316369905,20
k20_thr,strong,64,reitsma,1.7346010553881064,1.7346010553881064,1.843607395299675,1.7679434966718786,True,0.3036126343933378,0.021053362633825224,-0.014579034428078506,0.022453812996140857,20
k20_thr,strong,64,reitsma_indep,1.7346010553881064,1.7346010553881064,1.856585925268175,1.8004266382930176,True,0.4234708584100761,0.020086502211767995,0.0,0.025198634575714578,20
k20_thr,strong,64,sep_univariate,1.7346010553881064,1.7346010553881064,1.8561109916132257,1.7957287287021515,True,0.41048567811082587,0.020018522307391293,0.0,0.02375736493408595,20
k20_thr,strong,64,adaptshrink_dta,1.7346010553881064,1.7346010553881064,1.8864329078812259,1.7953160825278403,True,0.4238477009029226,0.02304852530926425,-0.004686900018843724,0.022952475034604177,20
k20_thr,strong,65,reitsma,1.7346010553881064,1.7346010553881064,1.798233938376387,1.8854682652115595,True,0.2984514370274057,0.016958071368806688,-0.009874831724861526,0.02057555686757228,20
k20_thr,strong,65,reitsma_indep,1.7346010553881064,1.7346010553881064,1.7583455404550365,1.8995549149733144,True,0.3215484292236496,0.013941449415972435,0.0,0.020932404782797075,20
k20_thr,strong,65,sep_univariate,1.7346010553881064,1.7346010553881064,1.7719758322013475,1.9036184217728753,True,0.3461170516636372,0.0151502531456018,0.0,0.022318261847423818,20
k20_thr,strong,65,adaptshrink_dta,1.7346010553881064,1.7346010553881064,1.8046252040444004,1.899448158066622,True,0.3643481478922544,0.018103944985450444,-0.0009781706841911458,0.020749221263104495,20
k20_thr,strong,66,reitsma,1.7346010553881064,1.7346010553881064,1.643686764942395,1.8488477417516638,True,0.46376909180638987,0.032831072561710146,-0.024559955841937996,0.03686325410615973,19
k20_thr,strong,66,reitsma_indep,1.7346010553881064,1.7346010553881064,1.6502497337125348,1.824486320872918,True,0.6889097219791841,0.03769807993501798,0.0,0.03553363714396352,19
k20_thr,strong,66,sep_univariate,1.7346010553881064,1.7346010553881064,1.6542514073482293,1.8002256380229218,True,0.6328592434737247,0.038719563603290756,0.0,0.02919564461582267,19
k20_thr,strong,66,adaptshrink_dta,1.7346010553881064,1.7346010553881064,1.6611267578383655,1.854379998140152,True,0.6552229773539876,0.03474901741239709,-0.010266404542398536,0.03790459986961439,19
k20_thr,strong,67,reitsma,1.7346010553881064,1.7346010553881064,1.6766121688126954,1.868530032777305,True,0.31428772838109853,0.02102781189293868,-0.014452817032813642,0.02319221688857869,20
k20_thr,strong,67,reitsma_indep,1.7346010553881064,1.7346010553881064,1.6122558098084026,1.806016150093917,True,0.3788304838958082,0.020095442508757198,0.0,0.020157029455751214,20
k20_thr,strong,67,sep_univariate,1.7346010553881064,1.7346010553881064,1.6264414257914999,1.817476344220109,True,0.4459727532850465,0.023256222421446242,0.0,0.024138581605569465,20
k20_thr,strong,67,adaptshrink_dta,1.7346010553881064,1.7346010553881064,1.6499731328372835,1.8408375195982472,True,0.424463161837198,0.023016214912729205,-0.006096940405877941,0.023709371365475972,20
k20_thr,strong,68,reitsma,1.7346010553881064,1.7346010553881064,1.879180950120129,1.5824327624879857,True,0.2536817991570194,0.017915834405557638,-0.00971774647905802,0.01540956299079919,20
k20_thr,strong,68,reitsma_indep,1.7346010553881064,1.7346010553881064,1.8676698004227077,1.5974676457373425,True,0.33045283855639856,0.01833347434610562,0.0,0.016811577433539587,20
k20_thr,strong,68,sep_univariate,1.7346010553881064,1.7346010553881064,1.8812830070681086,1.5902924623761496,True,0.3296754496008503,0.020387566781903285,0.0,0.015046728494811644,20
k20_thr,strong,68,adaptshrink_dta,1.7346010553881064,1.7346010553881064,1.892267257554498,1.5946962406353415,True,0.31743514040447013,0.019297794552433908,-0.0041136231080561815,0.015614815821271137,20
k20_thr,strong,69,reitsma,1.7346010553881064,1.7346010553881064,1.8392380376154835,1.8652455433577966,True,0.22257950818855066,0.009813230863222246,-0.004208952874674262,0.016054514572762045,20
k20_thr,strong,69,reitsma_indep,1.7346010553881064,1.7346010553881064,1.7748898933651183,1.8475786266324057,True,0.2074831882531068,0.008220870965675734,0.0,0.01478026637383253,20
k20_thr,strong,69,sep_univariate,1.7346010553881064,1.7346010553881064,1.7974508816340196,1.849780964249454,True,0.25592712828785386,0.01174347145066255,0.0,0.015742380952192735,20
k20_thr,strong,69,adaptshrink_dta,1.7346010553881064,1.7346010553881064,1.8111271978140582,1.8569866973854638,True,0.24213233569828788,0.010430880084324167,-0.0017840796098730705,0.016169372203240922,20
k20_thr,strong,70,reitsma,1.7346010553881064,1.7346010553881064,1.8901933429279922,1.7529460763568971,True,0.5019091523458933,0.032141421933025674,-0.014450136109669259,0.028618236726739923,20
k20_thr,strong,70,reitsma_indep,1.7346010553881064,1.7346010553881064,1.85779939197338,1.7512748815717833,True,0.5555277156752587,0.029523379893109124,0.0,0.029503915410816244,20
k20_thr,strong,70,sep_univariate,1.7346010553881064,1.7346010553881064,1.8696283219916483,1.7360372702276126,True,0.5429364284299559,0.03206530977685515,0.0,0.025947575867175433,20
k20_thr,strong,70,adaptshrink_dta,1.7346010553881064,1.7346010553881064,1.8930172928666098,1.7574682018062215,True,0.5467903464248407,0.032638335746069835,-0.009815866255506749,0.028807289913222265,20
k20_thr,strong,71,reitsma,1.7346010553881064,1.7346010553881064,1.6081018128591247,1.8231239196656448,True,0.25117498578464054,0.020901180879813793,-0.006174868579332091,0.010343792454939963,20
k20_thr,strong,71,reitsma_indep,1.7346010553881064,1.7346010553881064,1.6288409415402894,1.8200974391337095,True,0.2899579857725855,0.02178769670863142,0.0,0.010891635385545348,20
k20_thr,strong,71,sep_univariate,1.7346010553881064,1.7346010553881064,1.6349280070657268,1.8208863562608075,True,0.3026496830103582,0.023572183907950177,0.0,0.010967683086341785,20
k20_thr,strong,71,adaptshrink_dta,1.7346010553881064,1.7346010553881064,1.618200395226863,1.8252607094604547,True,0.26936992763155226,0.02113504864130946,-0.004168411881549979,0.010512247038917396,20
k20_thr,strong,72,reitsma,1.7346010553881064,1.7346010553881064,1.829133438728878,1.8187382274174988,True,0.3292629402336478,0.02616265483145241,-0.009450203336195338,0.015109526158052734,20
k20_thr,strong,72,reitsma_indep,1.7346010553881064,1.7346010553881064,1.7472047328774523,1.7912867428804011,True,0.35698363828555246,0.02332848848632371,0.0,0.01541857683032925,20
k20_thr,strong,72,sep_univariate,1.7346010553881064,1.7346010553881064,1.7656096299896422,1.791412534875586,True,0.3893609900454951,0.027713396992577983,0.0,0.015440074053270955,20
k20_thr,strong,72,adaptshrink_dta,1.7346010553881064,1.7346010553881064,1.8113290187982514,1.8126362061107995,True,0.3623231140111087,0.026873108883711687,-0.006391903882128418,0.015308573780519558,20
k20_thr,strong,73,reitsma,1.7346010553881064,1.7346010553881064,1.7648003768585248,1.8005647152485151,True,0.4176745957585913,0.02916194505989583,-0.017459929430914376,0.02733838413436907,20
k20_thr,strong,73,reitsma_indep,1.7346010553881064,1.7346010553881064,1.7847630232327634,1.7840479355027312,True,0.5232014300621722,0.029256278428136717,0.0,0.026409065347073064,20
k20_thr,strong,73,sep_univariate,1.7346010553881064,1.7346010553881064,1.8044527359021894,1.794681906221843,True,0.6103108268584819,0.035981086058813484,0.0,0.029218784655188262,20
k20_thr,strong,73,adaptshrink_dta,1.7346010553881064,1.7346010553881064,1.7960612542472394,1.80523723810733,True,0.5411282422375902,0.030577328966303368,-0.005677710226523924,0.02808357819698118,20
k20_thr,strong,74,reitsma,1.7346010553881064,1.7346010553881064,1.7476762338645475,1.8680510266336627,True,0.30200566523679373,0.02015311149063764,-0.009562052737800019,0.01731077547823296,17
k20_thr,strong,74,reitsma_indep,1.7346010553881064,1.7346010553881064,1.6764406311775248,1.8431214535129907,True,0.3342265362103317,0.019837312023435576,0.0,0.015894003295365125,17
k20_thr,strong,74,sep_univariate,1.7346010553881064,1.7346010553881064,1.6975605850228555,1.8466250863730373,True,0.38967304524155594,0.02355453319030047,0.0,0.0181953534459316,17
k20_thr,strong,74,adaptshrink_dta,1.7346010553881064,1.7346010553881064,1.7151710720016693,1.8543518026970292,True,0.3664442096956615,0.022145911267615084,-0.003578123090402574,0.017692312203846202,17
k20_thr,strong,75,reitsma,1.7346010553881064,1.7346010553881064,1.7215646764233021,1.944338305812038,True,0.30478395998680163,0.012323979533404413,-0.008612000371753109,0.027292967601336204,20
k20_thr,strong,75,reitsma_indep,1.7346010553881064,1.7346010553881064,1.7010286903769325,1.9233600025111115,True,0.3444436010637318,0.013358845833279606,0.0,0.025066954401825714,20
k20_thr,strong,75,sep_univariate,1.7346010553881064,1.7346010553881064,1.7047721713472421,1.9152853577362896,True,0.3336624831880745,0.013930878453185202,0.0,0.022556437998429667,20
k20_thr,strong,75,adaptshrink_dta,1.7346010553881064,1.7346010553881064,1.71235315781005,1.9398635144377068,True,0.3468897633755546,0.012868750010999654,-0.0036894585974801093,0.027450285029736204,20
k20_thr,strong,76,reitsma,1.7346010553881064,1.7346010553881064,2.1516003790118146,1.784728369055749,True,0.4194865935529312,0.022326227731749575,-0.010016306266780847,0.02673981779644582,14
k20_thr,strong,76,reitsma_indep,1.7346010553881064,1.7346010553881064,2.0565494459245364,1.7868634701939965,True,0.40220811269007595,0.016954526277124727,0.0,0.026930862320295044,14
k20_thr,strong,76,sep_univariate,1.7346010553881064,1.7346010553881064,2.056549445924535,1.7894705655189687,True,0.4133773752841371,0.016954526277124654,0.0,0.028447362961559777,14
k20_thr,strong,76,adaptshrink_dta,1.7346010553881064,1.7346010553881064,2.1165762335155507,1.787823163255145,True,0.4655871682937538,0.02323031159207034,-0.00328984593506463,0.02680380923016608,14
k20_thr,strong,77,reitsma,1.7346010553881064,1.7346010553881064,1.5757935109422607,1.966033863343516,True,0.3868505210074091,0.0370706214570116,-0.020276818613399625,0.022485357933210534,20
k20_thr,strong,77,reitsma_indep,1.7346010553881064,1.7346010553881064,1.499096757851982,1.899193817680167,True,0.4817218563570913,0.03052992112097042,0.0,0.021453654747043575,20
k20_thr,strong,77,sep_univariate,1.7346010553881064,1.7346010553881064,1.5046857240461666,1.9076104081747236,True,0.5164336681491505,0.03231368800551833,0.0,0.02329575739743634,20
k20_thr,strong,77,adaptshrink_dta,1.7346010553881064,1.7346010553881064,1.5508495612187074,1.9363443641801161,True,0.5436280926201134,0.038612275781336594,-0.008648736069778415,0.023540153804738003,20
k20_thr,strong,78,reitsma,1.7346010553881064,1.7346010553881064,1.5936770288199837,1.8510649265925494,True,0.3511881116861876,0.023295549136740173,-0.006290391132032155,0.016641673386134495,20
k20_thr,strong,78,reitsma_indep,1.7346010553881064,1.7346010553881064,1.5980290013807548,1.8711419415359234,True,0.37723384212212907,0.022822698577342565,0.0,0.017599023299666224,20
k20_thr,strong,78,sep_univariate,1.7346010553881064,1.7346010553881064,1.6034827522931114,1.8792239643262172,True,0.4015710944806084,0.02353400843250473,0.0,0.01934030197436101,20
k20_thr,strong,78,adaptshrink_dta,1.7346010553881064,1.7346010553881064,1.605514628217413,1.8637218572087602,True,0.37170352414746455,0.023573196074808105,-0.002067637747997912,0.01672416057816329,20
k20_thr,strong,79,reitsma,1.7346010553881064,1.7346010553881064,1.8213198230092424,1.8372983787510115,True,0.41722467894784837,0.03101213451575122,-0.01394630796571122,0.022114911012288203,20
k20_thr,strong,79,reitsma_indep,1.7346010553881064,1.7346010553881064,1.7728691901148328,1.8251326597464606,True,0.4917681387738012,0.029565177963456427,0.0,0.023087374353352938,20
k20_thr,strong,79,sep_univariate,1.7346010553881064,1.7346010553881064,1.789124635516143,1.8235326744804858,True,0.5282414317671691,0.03471890260877597,0.0,0.022684708354319794,20
k20_thr,strong,79,adaptshrink_dta,1.7346010553881064,1.7346010553881064,1.8102783319792053,1.8349155684923655,True,0.46626883920580353,0.03142983180537922,-0.009471158889127593,0.022377896145488956,20
k20_thr,strong,80,reitsma,1.7346010553881064,1.7346010553881064,1.6538699604389904,1.9107327755350887,True,0.5180206340133539,0.03130864115227196,-0.008623931201336862,0.02656702871051478,20
k20_thr,strong,80,reitsma_indep,1.7346010553881064,1.7346010553881064,1.592256041924193,1.9211701284532092,True,0.5256072871163184,0.028806808102003506,0.0,0.027068356199543956,20
k20_thr,strong,80,sep_univariate,1.7346010553881064,1.7346010553881064,1.5974063755197265,1.9343271220241174,True,0.5911798783914247,0.02954253386311341,0.0,0.03339072221447476,20
k20_thr,strong,80,adaptshrink_dta,1.7346010553881064,1.7346010553881064,1.6444975178148469,1.9145436927248782,True,0.5354187676922012,0.03168029804771971,-0.005850717328402668,0.026621174733391515,20
k20_thr,strong,81,reitsma,1.7346010553881064,1.7346010553881064,1.8978670478669237,1.7051208443477432,True,0.27412974393958855,0.024806539755782862,-0.007961998852124867,0.01110579384644665,20
k20_thr,strong,81,reitsma_indep,1.7346010553881064,1.7346010553881064,1.9119308022450843,1.7106740647411323,True,0.33429353341160933,0.025835077370522964,0.0,0.012209010064812125,20
k20_thr,strong,81,sep_univariate,1.7346010553881064,1.7346010553881064,1.9326535901798771,1.7136378471086713,True,0.368910674812882,0.030297007930441613,0.0,0.012678765536428849,20
k20_thr,strong,81,adaptshrink_dta,1.7346010553881064,1.7346010553881064,1.9106046470840765,1.709615702093432,True,0.3003834932915543,0.02523262704341349,-0.005395922234340667,0.011246986798485029,20
k20_thr,strong,82,reitsma,1.7346010553881064,1.7346010553881064,1.8735037624670619,2.067155320314592,True,0.4246858342185081,0.034024064068632745,-0.022499869412598066,0.029840794751393573,19
k20_thr,strong,82,reitsma_indep,1.7346010553881064,1.7346010553881064,1.7598423434361075,2.0341579933953726,True,0.558358416883673,0.03183716297895376,0.0,0.02763923641831279,19
k20_thr,strong,82,sep_univariate,1.7346010553881064,1.7346010553881064,1.7726799439838554,2.041113124713445,True,0.6477170385434627,0.035139806882496766,0.0,0.03369810969027343,19
k20_thr,strong,82,adaptshrink_dta,1.7346010553881064,1.7346010553881064,1.8190790660940728,2.0479788899726685,True,0.6016176451253826,0.03664957988239755,-0.009332104664939953,0.030250695234151158,19
k20_thr,strong,83,reitsma,1.7346010553881064,1.7346010553881064,1.6364053643777843,1.9544717662113864,True,0.24345823178582088,0.024353544213924785,-0.009819213091483425,0.010828486934502939,20
k20_thr,strong,83,reitsma_indep,1.7346010553881064,1.7346010553881064,1.626640973686806,1.9533650823458117,True,0.29133813006944687,0.02406187745586186,0.0,0.009956332988361452,20
k20_thr,strong,83,sep_univariate,1.7346010553881064,1.7346010553881064,1.6502540239954404,1.9605167419493632,True,0.34571360232851756,0.030107699326475897,0.0,0.01120442649001384,20
k20_thr,strong,83,adaptshrink_dta,1.7346010553881064,1.7346010553881064,1.6372276024802728,1.962861179184252,True,0.3185262161221687,0.025474608968907672,-0.0009633782948199032,0.01127774695425675,20
k20_thr,strong,84,reitsma,1.7346010553881064,1.7346010553881064,1.878808069705124,1.6248744156218122,True,0.3313591846078879,0.02027206896981291,-0.011071195172889617,0.02133373807178232,20
k20_thr,strong,84,reitsma_indep,1.7346010553881064,1.7346010553881064,1.8597733733047694,1.6355398922622209,True,0.3946897494804222,0.02014539979576586,0.0,0.021825794973152547,20
k20_thr,strong,84,sep_univariate,1.7346010553881064,1.7346010553881064,1.8732402080764865,1.6341970419542509,True,0.4086768538495673,0.022131815823841414,0.0,0.02129988713565244,20
k20_thr,strong,84,adaptshrink_dta,1.7346010553881064,1.7346010553881064,1.8912693291764044,1.632842271391024,True,0.3761407087831814,0.021231083896617854,-0.007472585202725016,0.021438956945772063,20
k20_thr,strong,85,reitsma,1.7346010553881064,1.7346010553881064,1.6572519148651765,1.7356573970976634,True,0.3213038051846443,0.027463940056463278,-0.010417742092723017,0.014561405006196248,20
k20_thr,strong,85,reitsma_indep,1.7346010553881064,1.7346010553881064,1.6560753224685536,1.7207257523948016,True,0.37634386074873266,0.028237110368770336,0.0,0.014157406016886552,20
k20_thr,strong,85,sep_univariate,1.7346010553881064,1.7346010553881064,1.6629984296984108,1.7164253563846006,True,0.3817896872485197,0.03059504974567605,0.0,0.013447188405380398,20
k20_thr,strong,85,adaptshrink_dta,1.7346010553881064,1.7346010553881064,1.6664708641609065,1.7386269126150868,True,0.3585039996172749,0.027928764480314134,-0.00704023238627676,0.014763534613288186,20
k20_thr,strong,86,reitsma,1.7346010553881064,1.7346010553881064,1.9104473699820876,1.8121542041823564,True,0.3461624258935547,0.0196864049032339,-0.011836671563348092,0.024297111242483283,20
k20_thr,strong,86,reitsma_indep,1.7346010553881064,1.7346010553881064,1.8557077963956872,1.7992869913151495,True,0.407648002705927,0.020377156475159898,0.0,0.023017668134339093,20
k20_thr,strong,86,sep_univariate,1.7346010553881064,1.7346010553881064,1.8537404171042948,1.8074006444906423,True,0.4392193108990368,0.02007376601850073,0.0,0.02712490724272905,20
k20_thr,strong,86,adaptshrink_dta,1.7346010553881064,1.7346010553881064,1.8836782623621926,1.8086655171124275,True,0.4157734376479309,0.02100480225715976,-0.005058318006306562,0.024447057112938587,20
k20_thr,strong,87,reitsma,1.7346010553881064,1.7346010553881064,1.8645177284246008,1.8114623293241832,True,0.27793387755910826,0.027006287625879935,-0.010131450074063532,0.011874152404430273,20
k20_thr,strong,87,reitsma_indep,1.7346010553881064,1.7346010553881064,1.832593639441699,1.788297890407396,True,0.32770879767581973,0.02614760221374472,0.0,0.011592539884894901,20
k20_thr,strong,87,sep_univariate,1.7346010553881064,1.7346010553881064,1.8400577809743208,1.791275095422626,True,0.3438329743837894,0.02788731477569083,0.0,0.011965273127599239,20
k20_thr,strong,87,adaptshrink_dta,1.7346010553881064,1.7346010553881064,1.8584664719260333,1.8082742970724426,True,0.3407059984319165,0.028018429746560023,-0.004299346128655924,0.01235337056833988,20
k20_thr,strong,88,reitsma,1.7346010553881064,1.7346010553881064,2.061112240052332,1.741668029302728,True,0.5659379943655,0.025137651218242865,-0.008111185589332534,0.03857952718912778,19
k20_thr,strong,88,reitsma_indep,1.7346010553881064,1.7346010553881064,2.0101087655534493,1.7509617405158333,True,0.5680121410261151,0.023151214882024134,0.0,0.039334688778272175,19
k20_thr,strong,88,sep_univariate,1.7346010553881064,1.7346010553881064,2.018524629332276,1.7530169645338864,True,0.5916740421737654,0.024099691747437996,0.0,0.04100037340977677,19
k20_thr,strong,88,adaptshrink_dta,1.7346010553881064,1.7346010553881064,2.055685084616629,1.7451709922421126,True,0.5818013100102047,0.025513180495429347,-0.005402807069434124,0.038591301763768314,19
k20_thr,strong,89,reitsma,1.7346010553881064,1.7346010553881064,1.8764391890681935,1.5873922007983223,True,0.2565406710087013,0.014362794240035344,-0.006306226199230521,0.015702107820171902,20
k20_thr,strong,89,reitsma_indep,1.7346010553881064,1.7346010553881064,1.9077836603295715,1.582763522255733,True,0.3034940783947893,0.016502551839389954,0.0,0.01575373750584823,20
k20_thr,strong,89,sep_univariate,1.7346010553881064,1.7346010553881064,1.9119410524659606,1.5934203775752194,True,0.3447092061040141,0.017254086768350937,0.0,0.01943784226796502,20
k20_thr,strong,89,adaptshrink_dta,1.7346010553881064,1.7346010553881064,1.8878435589151974,1.5874885162725558,True,0.27408691931233603,0.014630415538204048,-0.004273000274906047,0.01574084872883788,20
k20_thr,strong,90,reitsma,1.7346010553881064,1.7346010553881064,1.9209752761546637,1.801733259802425,True,0.5663590931056366,0.032804630021231115,-0.015557900602169347,0.03497681368210472,18
k20_thr,strong,90,reitsma_indep,1.7346010553881064,1.7346010553881064,1.8654409703261403,1.7818696287659852,True,0.6276315680764922,0.03312068172512213,0.0,0.03356947568116376,18
k20_thr,strong,90,sep_univariate,1.7346010553881064,1.7346010553881064,1.8779233539501943,1.768041806783437,True,0.6006202202419838,0.03667664292888199,0.0,0.02776160608058032,18
k20_thr,strong,90,adaptshrink_dta,1.7346010553881064,1.7346010553881064,1.9064247885980523,1.7981746009760062,True,0.6161781870315611,0.03346776030811608,-0.010137324245360922,0.03509049830518421,18
k20_thr,strong,91,reitsma,1.7346010553881064,1.7346010553881064,1.46520597368995,1.8240783192305594,True,0.17050122608286988,0.014814530530336413,-0.0025987301756170227,0.005994480811261775,20
k20_thr,strong,91,reitsma_indep,1.7346010553881064,1.7346010553881064,1.4498752442506397,1.813042787716596,True,0.17379638177817414,0.013853482531343173,0.0,0.0061539897279582435,20
k20_thr,strong,91,sep_univariate,1.7346010553881064,1.7346010553881064,1.4556604959664865,1.8191146929355346,True,0.19264035145501446,0.015373326542011446,0.0,0.006813353758891128,20
k20_thr,strong,91,adaptshrink_dta,1.7346010553881064,1.7346010553881064,1.4621542619801404,1.8206938382030575,True,0.1751926843933348,0.014873001638732565,-0.0017635816537930336,0.006033738240366443,20
k20_thr,strong,92,reitsma,1.7346010553881064,1.7346010553881064,1.7063581562266719,1.8895855643290915,True,0.2132630636111689,0.014176512389860086,-0.005134812381224956,0.01091501837710033,20
k20_thr,strong,92,reitsma_indep,1.7346010553881064,1.7346010553881064,1.7107369169447462,1.8979252716655166,True,0.23430829715025017,0.013389504897835658,0.0,0.011572976840930322,20
k20_thr,strong,92,sep_univariate,1.7346010553881064,1.7346010553881064,1.6927379664726796,1.9074777912007967,True,0.22923664168885582,0.011529432001911803,0.0,0.012864544971815332,20
k20_thr,strong,92,adaptshrink_dta,1.7346010553881064,1.7346010553881064,1.721005357116205,1.8960797075883324,True,0.2416261752107001,0.014736139928544712,-0.0005028375850760066,0.011199647437543255,20
k20_thr,strong,93,reitsma,1.7346010553881064,1.7346010553881064,1.528601744460467,1.8775082255542581,True,0.3939609286994825,0.015443932738342091,-0.014900623606092235,0.042741420127601404,20
k20_thr,strong,93,reitsma_indep,1.7346010553881064,1.7346010553881064,1.5135142257396303,1.8909294826629484,True,0.5662131649016162,0.020300736420851978,0.0,0.044574081224805204,20
k20_thr,strong,93,sep_univariate,1.7346010553881064,1.7346010553881064,1.5273858867890158,1.896417699728901,True,0.6145068437173613,0.022086601931665287,0.0,0.04825683236570802,20
k20_thr,strong,93,adaptshrink_dta,1.7346010553881064,1.7346010553881064,1.5120668797016186,1.886954252790759,True,0.49763763657768584,0.01723591288066385,-0.006371266820503367,0.04290846304940552,20
k20_thr,strong,94,reitsma,1.7346010553881064,1.7346010553881064,1.9523376591875898,1.824687749636624,True,0.32955377705099315,0.015296518115762396,-0.010738749343469746,0.02757885965496137,20
k20_thr,strong,94,reitsma_indep,1.7346010553881064,1.7346010553881064,1.92803362806759,1.807616005639145,True,0.33667681431864943,0.01211499174506638,0.0,0.02640812473902338,20
k20_thr,strong,94,sep_univariate,1.7346010553881064,1.7346010553881064,1.9266675864293323,1.7916604497056596,True,0.3060168856593923,0.011746675672865243,0.0,0.022501427507959935,20
k20_thr,strong,94,adaptshrink_dta,1.7346010553881064,1.7346010553881064,1.9500126883569446,1.824272406741244,True,0.38629210029277133,0.01588050464570394,-0.0045910412608776135,0.027848982454051735,20
k20_thr,strong,95,reitsma,1.7346010553881064,1.7346010553881064,1.8983072166797779,1.7924279931311073,True,0.3382325117889169,0.03898533709177142,-0.0070775609926314025,0.009567432528029536,17
k20_thr,strong,95,reitsma_indep,1.7346010553881064,1.7346010553881064,1.900127657351077,1.7793386041773922,True,0.35838910568777466,0.04151940191156482,0.0,0.008731578786877766,17
k20_thr,strong,95,sep_univariate,1.7346010553881064,1.7346010553881064,1.9167200271103488,1.7882088603129092,True,0.4162458040763211,0.04633792281295865,0.0,0.010553522550870787,17
k20_thr,strong,95,adaptshrink_dta,1.7346010553881064,1.7346010553881064,1.901286315357368,1.791434843334042,True,0.35645232059223037,0.03930153600909732,-0.004495885798396914,0.009639195277681298,17
k20_thr,strong,96,reitsma,1.7346010553881064,1.7346010553881064,2.0339336413739213,1.623159615757859,True,0.3197090979981477,0.033313401528700264,-0.015495116994807687,0.015867416416261916,20
k20_thr,strong,96,reitsma_indep,1.7346010553881064,1.7346010553881064,1.9869247227308922,1.6130506030395269,True,0.4065307912309457,0.03014952602768316,0.0,0.0154717937870814,20
k20_thr,strong,96,sep_univariate,1.7346010553881064,1.7346010553881064,2.001864456541291,1.611200491455476,True,0.4219344106578683,0.03329570028919316,0.0,0.015091624969882136,20
k20_thr,strong,96,adaptshrink_dta,1.7346010553881064,1.7346010553881064,2.0216808381538867,1.6208667245116624,True,0.457717791871956,0.03610146690357393,-0.0015239805448337862,0.01644399769344596,20
k20_thr,strong,97,reitsma,1.7346010553881064,1.7346010553881064,1.600571870753537,1.9049152126381748,True,0.2764676799860767,0.01416358399686597,-0.006521429428929814,0.018234454719659392,20
k20_thr,strong,97,reitsma_indep,1.7346010553881064,1.7346010553881064,1.5854787895761848,1.9222587523592098,True,0.30783962735482395,0.014018594882358501,0.0,0.019080020227483858,20
k20_thr,strong,97,sep_univariate,1.7346010553881064,1.7346010553881064,1.6090185030115731,1.925631778692938,True,0.3407614078162881,0.01591270379229419,0.0,0.020596389485241166,20
k20_thr,strong,97,adaptshrink_dta,1.7346010553881064,1.7346010553881064,1.609639419677801,1.9125760978038673,True,0.2962900296183369,0.014628082834263943,-0.004414890403209789,0.018271187994551383,20
k20_thr,strong,98,reitsma,1.7346010553881064,1.7346010553881064,2.066930182205145,1.7707788254420382,True,0.2654484228446207,0.01476503359744431,-0.006890446106592701,0.016685355152521723,18
k20_thr,strong,98,reitsma_indep,1.7346010553881064,1.7346010553881064,2.0244175167579956,1.756412044874449,True,0.24974291552899971,0.01086811608597593,0.0,0.01619818494045423,18
k20_thr,strong,98,sep_univariate,1.7346010553881064,1.7346010553881064,2.0244175167579956,1.7559887447487466,True,0.24896980496258797,0.010868116085975906,0.0,0.01609805313357949,18
k20_thr,strong,98,adaptshrink_dta,1.7346010553881064,1.7346010553881064,2.0482196349385533,1.7654005978380192,True,0.3052715271597927,0.01604080526280651,-0.0026947674108779166,0.016850321679837372,18
k20_thr,strong,99,reitsma,1.7346010553881064,1.7346010553881064,1.7678489699730142,1.6851079682224117,True,0.3947340710015596,0.027016312596134823,-0.01118280025619095,0.02090748469716638,20
k20_thr,strong,99,reitsma_indep,1.7346010553881064,1.7346010553881064,1.684504412974409,1.6893055083816095,True,0.4350056636435076,0.024999697401798963,0.0,0.0213643329574389,20
k20_thr,strong,99,sep_univariate,1.7346010553881064,1.7346010553881064,1.7026027929279095,1.702277979318219,True,0.5097970999609828,0.027664108564677995,0.0,0.02651626238836844,20
k20_thr,strong,99,adaptshrink_dta,1.7346010553881064,1.7346010553881064,1.7570366678590839,1.6888466340375716,True,0.43383176608294816,0.027934840008300918,-0.0075477471688922045,0.02105584290631426,20
k20_thr,strong,100,reitsma,1.7346010553881064,1.7346010553881064,2.021410383502687,1.6521689699253863,True,0.28103458396479,0.021556659151348852,-0.008909060279936475,0.014023221309065706,20
k20_thr,strong,100,reitsma_indep,1.7346010553881064,1.7346010553881064,2.01022109390015,1.6404314358105907,True,0.30552414512069936,0.019043846289449086,0.0,0.013834729580376256,20
k20_thr,strong,100,sep_univariate,1.7346010553881064,1.7346010553881064,2.0070576878643545,1.6465849557558148,True,0.31296189654309675,0.018502629335898697,0.0,0.014941140446413901,20
k20_thr,strong,100,adaptshrink_dta,1.7346010553881064,1.7346010553881064,2.03104102129621,1.6510202332585213,True,0.3251948859118743,0.022053183451367777,-0.003816378834709554,0.014195192171688124,20
k20_thr,strong,101,reitsma,1.7346010553881064,1.7346010553881064,1.758228260225815,1.7559956656190985,True,0.32706031521977885,0.02662338785518439,-0.016208611698584802,0.021208336283826304,20
k20_thr,strong,101,reitsma_indep,1.7346010553881064,1.7346010553881064,1.715332251573307,1.7527339398639619,True,0.41800555616497115,0.02486008312197728,0.0,0.019837904695334356,20
k20_thr,strong,101,sep_univariate,1.7346010553881064,1.7346010553881064,1.720278483247433,1.751037045123637,True,0.4187847307538035,0.025654381967601055,0.0,0.0192954267159524,20
k20_thr,strong,101,adaptshrink_dta,1.7346010553881064,1.7346010553881064,1.7444999431433685,1.7595220668104736,True,0.46479875485919037,0.028437629929883895,-0.001618620526815399,0.021534400070542716,20
k20_thr,strong,102,reitsma,1.7346010553881064,1.7346010553881064,1.756973425103828,1.8071450150193114,True,0.3022618575350894,0.018124890548527194,-0.006620130743343596,0.016645408904726898,20
k20_thr,strong,102,reitsma_indep,1.7346010553881064,1.7346010553881064,1.7151507761159157,1.8035883305893075,True,0.3239252776696893,0.016966979434379376,0.0,0.017454982307026135,20
k20_thr,strong,102,sep_univariate,1.7346010553881064,1.7346010553881064,1.7501786794324825,1.805271312554208,True,0.3709106738222858,0.02167840219907862,0.0,0.017912065147883047,20
k20_thr,strong,102,adaptshrink_dta,1.7346010553881064,1.7346010553881064,1.7540424889485986,1.8067939488338987,True,0.32102449635344665,0.018585222310970553,-0.004477353228994153,0.01672966356259827,20
k20_thr,strong,103,reitsma,1.7346010553881064,1.7346010553881064,1.7472981831272303,1.8000731650900856,True,0.3669425802472358,0.043947900261998955,-0.019192902237733005,0.017029449031852235,20
k20_thr,strong,103,reitsma_indep,1.7346010553881064,1.7346010553881064,1.6402205103265304,1.784085430525793,True,0.47646039635501214,0.03780317903820796,0.0,0.01694960412067531,20
k20_thr,strong,103,sep_univariate,1.7346010553881064,1.7346010553881064,1.6299583664265112,1.7855911980832573,True,0.4680068419861553,0.03557798334656838,0.0,0.017376301517185888,20
k20_thr,strong,103,adaptshrink_dta,1.7346010553881064,1.7346010553881064,1.7187931022387255,1.7981000272511711,True,0.510045462675701,0.046037620562254106,-0.008269822799179488,0.017434733480194715,20
k20_thr,strong,104,reitsma,1.7346010553881064,1.7346010553881064,1.9990303583802886,1.6048609057529504,True,0.35267946357145247,0.0251455927899451,-0.015703672594981722,0.023768620530872222,20
k20_thr,strong,104,reitsma_indep,1.7346010553881064,1.7346010553881064,1.9776071701892772,1.592614178763152,True,0.44742627797832746,0.024554285342646302,0.0,0.023011765672884845,20
k20_thr,strong,104,sep_univariate,1.7346010553881064,1.7346010553881064,1.9825669322068324,1.581099880120141,True,0.42917207591287504,0.02538628793993974,0.0,0.020478492289780718,20
k20_thr,strong,104,adaptshrink_dta,1.7346010553881064,1.7346010553881064,2.0083848903451735,1.6087687199178633,True,0.4676054453142185,0.02725225505460405,-0.006664983922962653,0.024276001382028775,20
k20_thr,strong,105,reitsma,1.7346010553881064,1.7346010553881064,1.7823815912561212,1.7781217335147634,True,0.39398862967976206,0.030010241098495153,-0.019047291636836664,0.02668848798960989,20
k20_thr,strong,105,reitsma_indep,1.7346010553881064,1.7346010553881064,1.8396555044635785,1.7707381176291253,True,0.5628480561327006,0.0348557538627892,0.0,0.02565323430848111,20
k20_thr,strong,105,sep_univariate,1.7346010553881064,1.7346010553881064,1.865699679175464,1.749417558261928,True,0.5734494500313402,0.042952307161256024,0.0,0.021609168270557796,20
k20_thr,strong,105,adaptshrink_dta,1.7346010553881064,1.7346010553881064,1.8313496756949894,1.7946230593030656,True,0.5322756279604741,0.031614756373479935,-0.00813330980342066,0.02738640476552335,20
k20_thr,strong,106,reitsma,1.7346010553881064,1.7346010553881064,1.7101099016493693,1.8062197014657484,True,0.22943182456817368,0.013459205598423729,-0.006739928147216313,0.014413942102869667,20
k20_thr,strong,106,reitsma_indep,1.7346010553881064,1.7346010553881064,1.694794118665373,1.8107612281640868,True,0.25208741839451304,0.012843983792026786,0.0,0.01396486878871515,20
k20_thr,strong,106,sep_univariate,1.7346010553881064,1.7346010553881064,1.6909751319705286,1.8180673105748402,True,0.26631373694178456,0.012428009296981452,0.0,0.016107191974751366,20
k20_thr,strong,106,adaptshrink_dta,1.7346010553881064,1.7346010553881064,1.7105640741159154,1.8134914624552343,True,0.2724063221666266,0.014403524184385407,-0.0006639907143733336,0.014571796654432582,20
k20_thr,strong,107,reitsma,1.7346010553881064,1.7346010553881064,1.9908012377533546,1.725008117350354,True,0.35006051365782576,0.021686038692157714,-0.013660598751509873,0.024554416688867795,20
k20_thr,strong,107,reitsma_indep,1.7346010553881064,1.7346010553881064,1.9400788311726787,1.7269452133447267,True,0.4471588552784963,0.021516028046156436,0.0,0.026229851787647623,20
k20_thr,strong,107,sep_univariate,1.7346010553881064,1.7346010553881064,1.9488869025351774,1.711281641553426,True,0.41429734622166464,0.023035557436696167,0.0,0.021030996137149444,20
k20_thr,strong,107,adaptshrink_dta,1.7346010553881064,1.7346010553881064,1.9747815774319586,1.7301853344070257,True,0.43140368366325027,0.022643800197412762,-0.005885841589662855,0.024728029383167947,20
k20_thr,strong,108,reitsma,1.7346010553881064,1.7346010553881064,1.589592096400065,1.9035369372093696,True,0.3288693610336761,0.023637067772470047,-0.004741533763153512,0.013865933594870962,20
k20_thr,strong,108,reitsma_indep,1.7346010553881064,1.7346010553881064,1.6012164341034298,1.8992886074817663,True,0.34490088340538805,0.023950339503785105,0.0,0.014018811828988037,20
k20_thr,strong,108,sep_univariate,1.7346010553881064,1.7346010553881064,1.606256919955916,1.9022927444656441,True,0.3605762760798211,0.025346150496650986,0.0,0.014478266154467621,20
k20_thr,strong,108,adaptshrink_dta,1.7346010553881064,1.7346010553881064,1.5947150592856627,1.903355308604998,True,0.33639434134943913,0.023710488892332578,-0.003219477515386875,0.01390787948968409,20
k20_thr,strong,109,reitsma,1.7346010553881064,1.7346010553881064,1.4329164430152777,2.161521573738935,True,0.4889743312713188,0.027828548258406176,-0.024261994644093503,0.04540276525402866,20
k20_thr,strong,109,reitsma_indep,1.7346010553881064,1.7346010553881064,1.4221069753713145,2.115134854984559,True,0.6600212359114813,0.028357081155113553,0.0,0.043359928646550736,20
k20_thr,strong,109,sep_univariate,1.7346010553881064,1.7346010553881064,1.426597881113709,2.1446320478320833,True,0.7488944703972621,0.029738310799838175,0.0,0.05323033737107773,20
k20_thr,strong,109,adaptshrink_dta,1.7346010553881064,1.7346010553881064,1.4419758634565412,2.156189327853126,True,0.6750383925946392,0.029508426584384573,-0.010279250347841965,0.04716658739484466,20
k20_thr,strong,110,reitsma,1.7346010553881064,1.7346010553881064,1.869211411888666,2.0573764789923645,True,0.2775169396006748,0.014166739844433644,-0.006544131372352213,0.018367139773794405,20
k20_thr,strong,110,reitsma_indep,1.7346010553881064,1.7346010553881064,1.7984957094123388,2.050378127723309,True,0.26099647448299584,0.010544221964151418,0.0,0.018234296369251887,20
k20_thr,strong,110,sep_univariate,1.7346010553881064,1.7346010553881064,1.7984957094123382,2.0548397528699187,True,0.26937080109148664,0.010544221964151371,0.0,0.019423199147307616,20
k20_thr,strong,110,adaptshrink_dta,1.7346010553881064,1.7346010553881064,1.8457175306313551,2.0544285338160995,True,0.3065830074996228,0.014781324178124298,-0.0027880996361628377,0.01847394242598143,20
k20_thr,strong,111,reitsma,1.7346010553881064,1.7346010553881064,1.6234158993347618,1.8795643716776311,True,0.26148027390869016,0.016416266932730007,0.0021956341698903844,0.012049068980900525,20
k20_thr,strong,111,reitsma_indep,1.7346010553881064,1.7346010553881064,1.6379775937118024,1.8797825552932286,True,0.2764928854431054,0.01773737595195612,0.0,0.012165019719863552,20
k20_thr,strong,111,sep_univariate,1.7346010553881064,1.7346010553881064,1.6443318189095977,1.8888896330832405,True,0.3066427964575621,0.018745240247700405,0.0,0.01415822434632203,20
k20_thr,strong,111,adaptshrink_dta,1.7346010553881064,1.7346010553881064,1.626108757634705,1.879704900565128,True,0.2636369805646778,0.016449611951912368,0.0014917169684922264,0.012061177755507866,20
k20_thr,strong,112,reitsma,1.7346010553881064,1.7346010553881064,1.7371231494072699,1.7807407588465647,True,0.38887653245208076,0.03999685035548366,-0.0011900827655427707,0.010707069346838275,17
k20_thr,strong,112,reitsma_indep,1.7346010553881064,1.7346010553881064,1.7319070331636575,1.7810504067676038,True,0.383409988604925,0.03961039761916834,0.0,0.010474948847029925,17
k20_thr,strong,112,sep_univariate,1.7346010553881064,1.7346010553881064,1.7574169738307976,1.7865973852683836,True,0.43891302812318034,0.04672620063429379,0.0,0.011636724208961486,17
k20_thr,strong,112,adaptshrink_dta,1.7346010553881064,1.7346010553881064,1.7359624833331961,1.7813418199755382,True,0.3893645505585054,0.04000645248225296,-0.0007571816561080872,0.01071022360527716,17
k20_thr,strong,113,reitsma,1.7346010553881064,1.7346010553881064,1.8202880478676398,1.8509254522709282,True,0.28687324188533975,0.012374297430643083,-0.004780081548416336,0.020617779341349108,20
k20_thr,strong,113,reitsma_indep,1.7346010553881064,1.7346010553881064,1.7791186746588339,1.8401670567692747,True,0.27683142613378253,0.010777867022663553,0.0,0.020069300052806233,20
k20_thr,strong,113,sep_univariate,1.7346010553881064,1.7346010553881064,1.786638806129999,1.843914865462153,True,0.29509599601309316,0.011623405208864698,0.0,0.02114596565155097,20
k20_thr,strong,113,adaptshrink_dta,1.7346010553881064,1.7346010553881064,1.8079587044898813,1.8468815728474721,True,0.3024459975857707,0.012683779297855921,-0.002048834034316011,0.020686428426142017,20
k20_thr,strong,114,reitsma,1.7346010553881064,1.7346010553881064,1.9298471482054644,2.112294087459782,True,0.26086034957380005,0.013733097596482146,-0.003715296250269517,0.014990746914019233,20
k20_thr,strong,114,reitsma_indep,1.7346010553881064,1.7346010553881064,1.885817660111432,2.0921290498800222,True,0.24466681452014613,0.011917057959911614,0.0,0.014178012360286261,20
k20_thr,strong,114,sep_univariate,1.7346010553881064,1.7346010553881064,1.890309146182742,2.1007248271119567,True,0.2686394265414026,0.012908025372468589,0.0,0.01578025293198522,20
k20_thr,strong,114,adaptshrink_dta,1.7346010553881064,1.7346010553881064,1.9107678000161847,2.104498732730148,True,0.2713562102107231,0.01396312806487806,-0.0015909923997104991,0.015065672710034004,20
k20_thr,strong,115,reitsma,1.7346010553881064,1.7346010553881064,2.104129799073101,1.7445629789985824,True,0.3890988629007912,0.0396720364589455,-0.018830298860770922,0.01970912460914412,20
k20_thr,strong,115,reitsma_indep,1.7346010553881064,1.7346010553881064,1.9720401643662917,1.6992107563967571,True,0.4787797205301369,0.03628453366150678,0.0,0.017831349604465783,20
k20_thr,strong,115,sep_univariate,1.7346010553881064,1.7346010553881064,1.9872680372118545,1.6956274937991513,True,0.4875492109371803,0.03967899176159252,0.0,0.016908713069321166,20
k20_thr,strong,115,adaptshrink_dta,1.7346010553881064,1.7346010553881064,2.061781713361153,1.7324603174680944,True,0.5454623236015905,0.04374025685967323,-0.007857286098853401,0.020610614503842994,20
k20_thr,strong,116,reitsma,1.7346010553881064,1.7346010553881064,1.6774664504718069,1.8386921491350599,True,0.4649734694128102,0.03734129595831878,-0.018825744606812318,0.025832915098773477,20
k20_thr,strong,116,reitsma_indep,1.7346010553881064,1.7346010553881064,1.6541244906073234,1.8354921971145397,True,0.5604941176771798,0.033498590008824075,0.0,0.026469751101514755,20
k20_thr,strong,116,sep_univariate,1.7346010553881064,1.7346010553881064,1.665348424390049,1.8409746107209557,True,0.6142513350007223,0.03795122526228803,0.0,0.028060841021168317,20
k20_thr,strong,116,adaptshrink_dta,1.7346010553881064,1.7346010553881064,1.6864672841328312,1.8465023573027595,True,0.5412957747089112,0.037873006386327526,-0.012769048504130803,0.02614117403546427,20
k20_thr,strong,117,reitsma,1.7346010553881064,1.7346010553881064,1.6656797831759578,1.8590211582880767,True,0.31325752581100835,0.03458474472654909,-0.017257946627126645,0.016620323100656986,20
k20_thr,strong,117,reitsma_indep,1.7346010553881064,1.7346010553881064,1.5531033001021082,1.8752648663993672,True,0.4136737669602654,0.027592005251897523,0.0,0.01750519548681976,20
k20_thr,strong,117,sep_univariate,1.7346010553881064,1.7346010553881064,1.5669164485556175,1.8767548220948604,True,0.43918229180726936,0.029941735614359435,0.0,0.018182221204530478,20
k20_thr,strong,117,adaptshrink_dta,1.7346010553881064,1.7346010553881064,1.6179264945533585,1.8760516412917494,True,0.4805881576351324,0.03781315861402899,-0.0016716100014994887,0.017313904131403653,20
k20_thr,strong,118,reitsma,1.7346010553881064,1.7346010553881064,1.7955707915593344,1.8885411905555332,True,0.3659109603599168,0.027699404656498176,-0.013675947041347811,0.020395336289560466,20
k20_thr,strong,118,reitsma_indep,1.7346010553881064,1.7346010553881064,1.740923214208984,1.8401624121731264,True,0.4192057237396905,0.027471249822838727,0.0,0.018055530620022405,20
k20_thr,strong,118,sep_univariate,1.7346010553881064,1.7346010553881064,1.7622381460073284,1.8279264535063364,True,0.4311016396412963,0.03174229986491199,0.0,0.01652552350375913,20
k20_thr,strong,118,adaptshrink_dta,1.7346010553881064,1.7346010553881064,1.7791510914218587,1.882808299658229,True,0.4530902076677169,0.02918503568301827,-0.005852113953274117,0.021027240453104803,20
k20_thr,strong,119,reitsma,1.7346010553881064,1.7346010553881064,1.6381541418515093,1.7435756625872474,True,0.29186794239605746,0.018170896439711978,-0.010512940115598801,0.019314517561888307,20
k20_thr,strong,119,reitsma_indep,1.7346010553881064,1.7346010553881064,1.5762115765743463,1.6992028387310683,True,0.30259810658371133,0.015317642617002365,0.0,0.016872317792662885,20
k20_thr,strong,119,sep_univariate,1.7346010553881064,1.7346010553881064,1.5895063843002977,1.6992376423620879,True,0.3242872337383718,0.017583502031981807,0.0,0.01688062783453907,20
k20_thr,strong,119,adaptshrink_dta,1.7346010553881064,1.7346010553881064,1.6185206662772509,1.728370309493373,True,0.35410804633839676,0.01903624483148449,-0.004497379757629247,0.019654456064130407,20
k20_thr,strong,120,reitsma,1.7346010553881064,1.7346010553881064,1.9097811285127138,1.9596724758461013,True,0.2716365090021462,0.01341404259861295,-0.0011369429440194004,0.015622053062747433,20
k20_thr,strong,120,reitsma_indep,1.7346010553881064,1.7346010553881064,1.9023599075136401,1.957106909055785,True,0.26806805559210706,0.013069629975992066,0.0,0.01551890602605105,20
k20_thr,strong,120,sep_univariate,1.7346010553881064,1.7346010553881064,1.9066785884651631,1.9600323284452066,True,0.24911572634966622,0.01051299673403065,0.0,0.016661343844505832,20
k20_thr,strong,120,adaptshrink_dta,1.7346010553881064,1.7346010553881064,1.9073438414880666,1.958956578872839,True,0.27223809006200783,0.013426410302208818,-0.0007728999516384235,0.01562466027672179,20
k20_thr,strong,121,reitsma,1.7346010553881064,1.7346010553881064,1.8655772560267267,1.6575014100201773,True,0.21023925084641615,0.012604293228628159,-0.0043369866537953305,0.011390212285679375,20
k20_thr,strong,121,reitsma_indep,1.7346010553881064,1.7346010553881064,1.8018670124324645,1.6513236273250005,True,0.20141437423399539,0.009960762877083907,0.0,0.011495360306093003,20
k20_thr,strong,121,sep_univariate,1.7346010553881064,1.7346010553881064,1.801867012432464,1.6528460719013227,True,0.20976583522235384,0.009960762877083808,0.0,0.01246841292438957,20
k20_thr,strong,121,adaptshrink_dta,1.7346010553881064,1.7346010553881064,1.840965821151097,1.6538593260495602,True,0.23220398158047262,0.0135322774633125,-0.0018187083235665234,0.011490549991713544,20
k20_thr,strong,122,reitsma,1.7346010553881064,1.7346010553881064,1.890896245520075,1.7642061203107684,True,0.3019983157132094,0.015955726364918744,-0.011596969355728739,0.02456236058642416,20
k20_thr,strong,122,reitsma_indep,1.7346010553881064,1.7346010553881064,1.8108072282022358,1.7485141286218433,True,0.355710174504002,0.014431638820677701,0.0,0.02474635227099069,20
k20_thr,strong,122,sep_univariate,1.7346010553881064,1.7346010553881064,1.8167598608955005,1.7438823680138704,True,0.35696920249489117,0.01574897577296176,0.0,0.02283723127163349,20
k20_thr,strong,122,adaptshrink_dta,1.7346010553881064,1.7346010553881064,1.8491717512503618,1.7572601014615843,True,0.37341470813917416,0.016913168554131976,-0.004960221945450227,0.024724484843770947,20
k20_thr,strong,123,reitsma,1.7346010553881064,1.7346010553881064,1.6762346322042898,1.6639387496346867,True,0.360935952729809,0.02829114010955664,-0.01661859464161554,0.022759014619694255,20
k20_thr,strong,123,reitsma_indep,1.7346010553881064,1.7346010553881064,1.7294371135317785,1.671398328415892,True,0.49408668673704736,0.03118981458605054,0.0,0.022091630856956625,20
k20_thr,strong,123,sep_univariate,1.7346010553881064,1.7346010553881064,1.7440928943226437,1.686484839408538,True,0.5977737486644192,0.03490998733335066,0.0,0.02889071258013348,20
k20_thr,strong,123,adaptshrink_dta,1.7346010553881064,1.7346010553881064,1.7286299359157427,1.6769102973360879,True,0.48759619121764103,0.030267217442369387,-0.005376099041562439,0.02312576089904882,20
k20_thr,strong,124,reitsma,1.7346010553881064,1.7346010553881064,1.9457823979786748,1.9398253246495663,True,0.4823317849419904,0.03848911669330125,-0.01767511939729418,0.02517719184763788,20
k20_thr,strong,124,reitsma_indep,1.7346010553881064,1.7346010553881064,1.8701672760801902,1.9434236629694532,True,0.5780371887202631,0.03577918682664331,0.0,0.026358176476411272,20
k20_thr,strong,124,sep_univariate,1.7346010553881064,1.7346010553881064,1.8650339066023007,1.9442198560983686,True,0.5750627223155594,0.0346994189403503,0.0,0.02689939401810725,20
k20_thr,strong,124,adaptshrink_dta,1.7346010553881064,1.7346010553881064,1.9369206629013627,1.943099363749452,True,0.5500870052540958,0.039454683007783715,-0.011994443549841322,0.025293415712013805,20
k20_thr,strong,125,reitsma,1.7346010553881064,1.7346010553881064,2.241911706288587,1.7876081018798142,True,0.2825548483595291,0.019743515751616585,-0.000576545558629566,0.011430243135882366,18
k20_thr,strong,125,reitsma_indep,1.7346010553881064,1.7346010553881064,2.2369394262715834,1.7864728080735284,True,0.2820049292148033,0.01967475308228238,0.0,0.011408758188509395,18
k20_thr,strong,125,sep_univariate,1.7346010553881064,1.7346010553881064,2.2369394262715825,1.792290123611165,True,0.2994847159809051,0.019674753082282222,0.0,0.012866911176631633,18
k20_thr,strong,125,adaptshrink_dta,1.7346010553881064,1.7346010553881064,2.239142356244076,1.7869889915234973,True,0.2828133280768079,0.019752778693090285,-0.00023182825071740604,0.011431657196501644,18
k20_thr,strong,126,reitsma,1.7346010553881064,1.7346010553881064,1.815011519889196,1.7659151940448075,True,0.2564261584362718,0.017019198584911608,-0.006205139557477079,0.01316722486489458,20
k20_thr,strong,126,reitsma_indep,1.7346010553881064,1.7346010553881064,1.7842169696076062,1.763839383935017,True,0.27794627386856746,0.016807984127922955,0.0,0.01297299797275057,20
k20_thr,strong,126,sep_univariate,1.7346010553881064,1.7346010553881064,1.7994980267871021,1.765293001420031,True,0.29898698277421615,0.018644315446251725,0.0,0.013532947149405797,20
k20_thr,strong,126,adaptshrink_dta,1.7346010553881064,1.7346010553881064,1.816279929145807,1.7681470223022466,True,0.27500044132825274,0.01747121512805582,-0.0041928722095120816,0.013223612596855594,20
k20_thr,strong,127,reitsma,1.7346010553881064,1.7346010553881064,1.4962578911222566,2.0858842842808967,True,0.2981931192956515,0.019275933644628717,-0.008926716286887211,0.017154069683262625,20
k20_thr,strong,127,reitsma_indep,1.7346010553881064,1.7346010553881064,1.4308778067139356,2.0691083214515413,True,0.31982658848912626,0.01798096653389045,0.0,0.016056480839016812,20
k20_thr,strong,127,sep_univariate,1.7346010553881064,1.7346010553881064,1.434366849163912,2.075201811144087,True,0.3420399235159169,0.018425667348030486,0.0,0.0179210991234749,20
k20_thr,strong,127,adaptshrink_dta,1.7346010553881064,1.7346010553881064,1.4745022285495102,2.0828804251551434,True,0.3461615998200692,0.02013999403001113,-0.0037872033458261223,0.017505331463282946,20
k20_thr,strong,128,reitsma,1.7346010553881064,1.7346010553881064,2.091912913058317,1.9603655778935385,True,0.45852605885205033,0.04825856487921032,-0.02380324239474118,0.024037485005159367,20
k20_thr,strong,128,reitsma_indep,1.7346010553881064,1.7346010553881064,1.9470824147609231,1.9295156675705305,True,0.5687383622911457,0.04037634336679645,0.0,0.022611653828909478,20
k20_thr,strong,128,sep_univariate,1.7346010553881064,1.7346010553881064,1.9543677184284984,1.9297629030140782,True,0.5840105641493588,0.04225408258294012,0.0,0.02278279468600912,20
k20_thr,strong,128,adaptshrink_dta,1.7346010553881064,1.7346010553881064,1.9974950365167312,1.9347738730518504,True,0.6607623688309258,0.05088716511078541,-0.002385904141840301,0.0243286579533591,20
k20_thr,strong,129,reitsma,1.7346010553881064,1.7346010553881064,1.8828088651010644,1.7965232908754185,True,0.3681620018883683,0.023695810298566863,-0.0168094594260725,0.028069479236877626,20
k20_thr,strong,129,reitsma_indep,1.7346010553881064,1.7346010553881064,1.8173020679762606,1.7781598635896798,True,0.4645224696743478,0.022617299128522977,0.0,0.026928178515038412,20
k20_thr,strong,129,sep_univariate,1.7346010553881064,1.7346010553881064,1.818483136426139,1.7932183873742276,True,0.5487205132331647,0.022805280435569213,0.0,0.037265009985455025,20
k20_thr,strong,129,adaptshrink_dta,1.7346010553881064,1.7346010553881064,1.8658909475577816,1.789364867638503,True,0.4912365504084341,0.025786067512505017,-0.007138506862004206,0.02838997074669013,20
k20_thr,strong,130,reitsma,1.7346010553881064,1.7346010553881064,2.1346005122544547,1.7263457943026,True,0.43967926236466826,0.02978812788779999,-0.020138904848108916,0.031932705933149653,20
k20_thr,strong,130,reitsma_indep,1.7346010553881064,1.7346010553881064,2.0382003069340615,1.6670902115280037,True,0.5858544511327346,0.03308730161573828,0.0,0.029278740085549218,20
k20_thr,strong,130,sep_univariate,1.7346010553881064,1.7346010553881064,2.0367043239136158,1.6593196687257052,True,0.5585044982769276,0.032823302626446074,0.0,0.026822875926074005,20
k20_thr,strong,130,adaptshrink_dta,1.7346010553881064,1.7346010553881064,2.0890184988327767,1.7010596188667857,True,0.6091967206296984,0.03412966638807556,-0.008447089269131104,0.032782098901087936,20
k20_thr,strong,131,reitsma,1.7346010553881064,1.7346010553881064,1.7077299214476855,1.9890641293789948,True,0.25294580850845794,0.018269874886821733,-0.004726144100142077,0.01110705936219122,20
k20_thr,strong,131,reitsma_indep,1.7346010553881064,1.7346010553881064,1.6442092627895226,1.9924272732558481,True,0.2524797957789359,0.015437135966829262,0.0,0.011655228656364598,20
k20_thr,strong,131,sep_univariate,1.7346010553881064,1.7346010553881064,1.6586243049557536,1.9963358508731144,True,0.2730534895281925,0.016986878261006734,0.0,0.012388426674687732,20
k20_thr,strong,131,adaptshrink_dta,1.7346010553881064,1.7346010553881064,1.6919037128192662,1.991287111393634,True,0.26852475024435,0.018601445462772072,-0.002030217775566663,0.011162563884556217,20
k20_thr,strong,132,reitsma,1.7346010553881064,1.7346010553881064,1.8020550450926447,2.0463707988972546,True,0.5815021842474563,0.04909651002452825,-0.024241731590053616,0.03140907399485997,15
k20_thr,strong,132,reitsma_indep,1.7346010553881064,1.7346010553881064,1.8014277129706096,1.9609398226261021,True,0.6983853556433995,0.054868186461940645,0.0,0.02509018764444675,15
k20_thr,strong,132,sep_univariate,1.7346010553881064,1.7346010553881064,1.8062131508010193,1.976706784213584,True,0.7588092234204326,0.056478918874126476,0.0,0.02877485172588047,15
k20_thr,strong,132,adaptshrink_dta,1.7346010553881064,1.7346010553881064,1.8032984676743289,2.016100086110869,True,0.7682352527800936,0.05261865147909739,-0.008294934023160389,0.032965600537915966,15
k20_thr,strong,133,reitsma,1.7346010553881064,1.7346010553881064,1.685694189662764,1.8839895544230212,True,0.32643503246190764,0.013747331630071007,-0.001620665348570988,0.02206914801846481,20
k20_thr,strong,133,reitsma_indep,1.7346010553881064,1.7346010553881064,1.6826216615396303,1.8847015718540223,True,0.32535816700116693,0.01339594597396433,0.0,0.022304079527314866,20
k20_thr,strong,133,sep_univariate,1.7346010553881064,1.7346010553881064,1.6882234038491815,1.8893741321652031,True,0.34899387967714535,0.014715047345743408,0.0,0.02336190344822751,20
k20_thr,strong,133,adaptshrink_dta,1.7346010553881064,1.7346010553881064,1.6853575801802279,1.884010056908954,True,0.3274345259445154,0.013763731383653353,-0.0011016921599682676,0.022074223257343782,20
k20_thr,strong,134,reitsma,1.7346010553881064,1.7346010553881064,1.7376006608528711,1.9113185779179873,True,0.22208775897720492,0.01762696246961346,-0.006003040514063813,0.00994219438139531,20
k20_thr,strong,134,reitsma_indep,1.7346010553881064,1.7346010553881064,1.7242840134799353,1.8946897180684266,True,0.21948294043860422,0.01716623177351824,0.0,0.007920650213708485,20
k20_thr,strong,134,sep_univariate,1.7346010553881064,1.7346010553881064,1.7319738583180184,1.904314279412047,True,0.24325142531798324,0.018121329932837455,0.0,0.009216265699064013,20
k20_thr,strong,134,adaptshrink_dta,1.7346010553881064,1.7346010553881064,1.7444150722923843,1.9153096488076002,True,0.25472997667394626,0.01854237103970001,-0.002494660639840692,0.010212719892840397,20
k20_thr,strong,135,reitsma,1.7346010553881064,1.7346010553881064,1.683831733172931,1.9177874748111496,True,0.2658256103732897,0.015080029843680735,-0.006327497297051326,0.01588089727989254,20
k20_thr,strong,135,reitsma_indep,1.7346010553881064,1.7346010553881064,1.6378460887262434,1.921636662103303,True,0.28130247386484747,0.013654895743856798,0.0,0.016356598048178957,20
k20_thr,strong,135,sep_univariate,1.7346010553881064,1.7346010553881064,1.6075093430849903,1.9210494817809296,True,0.2537475519389603,0.01119213914338874,0.0,0.016237714016989528,20
k20_thr,strong,135,adaptshrink_dta,1.7346010553881064,1.7346010553881064,1.6711292016030137,1.9222725491604455,True,0.2939350309961883,0.015643279774229413,-0.0026970540134334886,0.016053671544958733,20
k20_thr,strong,136,reitsma,1.7346010553881064,1.7346010553881064,1.7802192179528897,1.8787106077794604,True,0.3244491641466083,0.029323211700647153,-0.012683901549451312,0.01561897179903541,20
k20_thr,strong,136,reitsma_indep,1.7346010553881064,1.7346010553881064,1.6925951796958538,1.8685237258682434,True,0.3674474207659683,0.024179556077154895,0.0,0.015760730767769016,20
k20_thr,strong,136,sep_univariate,1.7346010553881064,1.7346010553881064,1.7078823789465858,1.872381259765797,True,0.39377780587680594,0.026608995210618575,0.0,0.016447816839975204,20
k20_thr,strong,136,adaptshrink_dta,1.7346010553881064,1.7346010553881064,1.762232994237045,1.879171753968845,True,0.4107663727519542,0.03118943216290935,-0.005341863051673209,0.01618411916769776,20
k20_thr,strong,137,reitsma,1.7346010553881064,1.7346010553881064,1.7484674844683974,1.832823100795298,True,0.3978248876475138,0.02553015408842295,-0.014206457834561457,0.025402342547947168,20
k20_thr,strong,137,reitsma_indep,1.7346010553881064,1.7346010553881064,1.696302061844635,1.8326528188227276,True,0.46574532903658955,0.023710954280807,0.0,0.025821546529631593,20
k20_thr,strong,137,sep_univariate,1.7346010553881064,1.7346010553881064,1.7038582177605346,1.8411469746169176,True,0.5365245622185961,0.025917270477820272,0.0,0.031349038377739516,20
k20_thr,strong,137,adaptshrink_dta,1.7346010553881064,1.7346010553881064,1.7374911553865626,1.8349950254311107,True,0.45067796112336717,0.026076809613264605,-0.00961859863612196,0.025532172271930095,20
k20_thr,strong,138,reitsma,1.7346010553881064,1.7346010553881064,1.4164022601892337,1.8477418564630637,True,0.34793505131702074,0.011022146528234432,-0.0027672846451584085,0.03169496750130328,20
k20_thr,strong,138,reitsma_indep,1.7346010553881064,1.7346010553881064,1.4054856342038728,1.845395568312779,True,0.3465815978850966,0.010685922923546958,0.0,0.03172730831444221,20
k20_thr,strong,138,sep_univariate,1.7346010553881064,1.7346010553881064,1.4054856342038726,1.8414408682763443,True,0.3394404839652764,0.010685922923546937,0.0,0.03043333212179976,20
k20_thr,strong,138,adaptshrink_dta,1.7346010553881064,1.7346010553881064,1.4112501747722255,1.8469683531164953,True,0.3521053469713292,0.011077146817191453,-0.0011892138647128746,0.031717814187116784,20
k20_thr,strong,139,reitsma,1.7346010553881064,1.7346010553881064,2.1569512222616782,1.828960374924855,True,0.369464012080843,0.02489940812804862,-0.007801264140285076,0.01791775813373871,18
k20_thr,strong,139,reitsma_indep,1.7346010553881064,1.7346010553881064,2.135333495190115,1.798724773596622,True,0.3805352977778432,0.02430327454639173,0.0,0.016817419930788263,18
k20_thr,strong,139,sep_univariate,1.7346010553881064,1.7346010553881064,2.1469147228051875,1.794361750326985,True,0.3957881994605981,0.028235204018454984,0.0,0.01565918012195839,18
k20_thr,strong,139,adaptshrink_dta,1.7346010553881064,1.7346010553881064,2.1535637191240182,1.8213719095110905,True,0.3887668156651119,0.025145006117343813,-0.005084404753209132,0.017993358428126043,18
k20_thr,strong,140,reitsma,1.7346010553881064,1.7346010553881064,1.510467716030663,1.8975458708083208,True,0.2917348505612644,0.017462289952300897,-0.011432938589200206,0.02124194723489316,20
k20_thr,strong,140,reitsma_indep,1.7346010553881064,1.7346010553881064,1.409368457590432,1.8909835860933295,True,0.33415020595006245,0.014871421587675583,0.0,0.02119167318201753,20
k20_thr,strong,140,sep_univariate,1.7346010553881064,1.7346010553881064,1.421683199941391,1.893130675288063,True,0.3650813832890604,0.016425312398081978,0.0,0.022903402398547882,20
k20_thr,strong,140,adaptshrink_dta,1.7346010553881064,1.7346010553881064,1.4872818870653715,1.8943140331465278,True,0.3461181041446838,0.018526334645339412,-0.007656500128826527,0.021415534964186272,20
k20_thr,strong,141,reitsma,1.7346010553881064,1.7346010553881064,2.0529580977400115,1.8035262974961088,True,0.41081742880864863,0.03133919396878493,-0.013683846825013207,0.021174891914496504,20
k20_thr,strong,141,reitsma_indep,1.7346010553881064,1.7346010553881064,2.0580534061983626,1.7911035824402064,True,0.4625382194908312,0.028841708550888412,0.0,0.020936714530853787,20
k20_thr,strong,141,sep_univariate,1.7346010553881064,1.7346010553881064,2.0628103458781393,1.8082833891040828,True,0.5293186458817114,0.0300789302602324,0.0,0.02629094918540181,20
k20_thr,strong,141,adaptshrink_dta,1.7346010553881064,1.7346010553881064,2.06688137522733,1.8050744810421298,True,0.4596868246099588,0.031881791212696055,-0.009258879217598001,0.021396392961135935,20
k20_thr,strong,142,reitsma,1.7346010553881064,1.7346010553881064,1.870333180609682,2.007266163846103,True,0.5401714779912146,0.0473352941285742,-0.026109256289679403,0.0317999009184204,14
k20_thr,strong,142,reitsma_indep,1.7346010553881064,1.7346010553881064,1.8263127702117443,1.9405559382636695,True,0.6519166691835292,0.04333145142024383,0.0,0.027683130650411638,14
k20_thr,strong,142,sep_univariate,1.7346010553881064,1.7346010553881064,1.8383217840598192,1.9480098335551939,True,0.733892483567133,0.05031744332011078,0.0,0.03021207682273773,14
k20_thr,strong,142,adaptshrink_dta,1.7346010553881064,1.7346010553881064,1.8654644291676188,1.9918057442449348,True,0.6961212172135154,0.04869363869597312,-0.015059497038630262,0.03274616447275309,14
k20_thr,strong,143,reitsma,1.7346010553881064,1.7346010553881064,1.7562153523461914,1.7684180188781853,True,0.2802056816841646,0.03188460941798459,-0.01598155204170168,0.014960803838064092,20
k20_thr,strong,143,reitsma_indep,1.7346010553881064,1.7346010553881064,1.7526902018557575,1.719275408671411,True,0.3502917038102463,0.03556922912299425,0.0,0.009736873268782014,20
k20_thr,strong,143,sep_univariate,1.7346010553881064,1.7346010553881064,1.7558772590307736,1.7220577115335116,True,0.3639525887508194,0.03658012760227597,0.0,0.01022065376722359,20
k20_thr,strong,143,adaptshrink_dta,1.7346010553881064,1.7346010553881064,1.7649488371500401,1.7616921252589275,True,0.4109833804199174,0.033763913640144055,-0.006736073206129228,0.01546372850411736,20
k20_thr,strong,144,reitsma,1.7346010553881064,1.7346010553881064,1.8376173605392265,1.819655192637979,True,0.386143690844353,0.03812485734424287,-0.01879416894526198,0.020303694574280013,20
k20_thr,strong,144,reitsma_indep,1.7346010553881064,1.7346010553881064,1.7756619976509191,1.7506065705701175,True,0.4552868590039338,0.03572211202333696,0.0,0.016378245236811452,20
k20_thr,strong,144,sep_univariate,1.7346010553881064,1.7346010553881064,1.7891780140729598,1.754102786874925,True,0.4895663282116926,0.03961986315404238,0.0,0.017074357705271586,20
k20_thr,strong,144,adaptshrink_dta,1.7346010553881064,1.7346010553881064,1.8165160304613786,1.7982020549875397,True,0.5194183776117977,0.039361164385923034,-0.008084098533036776,0.021006768400033078,20
k20_thr,strong,145,reitsma,1.7346010553881064,1.7346010553881064,2.1040512779380376,1.528194035466677,True,0.34424621642873515,0.023006137178466075,-0.012920099885011183,0.021794657427650188,20
k20_thr,strong,145,reitsma_indep,1.7346010553881064,1.7346010553881064,2.003263130972422,1.527372019434657,True,0.37874430569403145,0.018765308007710667,0.0,0.02157599306749583,20
k20_thr,strong,145,sep_univariate,1.7346010553881064,1.7346010553881064,2.0050525411271205,1.5314412520183989,True,0.3961544602511979,0.018964777277808112,0.0,0.023356922521820502,20
k20_thr,strong,145,adaptshrink_dta,1.7346010553881064,1.7346010553881064,2.0793363538260055,1.5326220984244734,True,0.42236333333563975,0.02439320404700635,-0.005559313605002651,0.02190832844756235,20
k20_thr,strong,146,reitsma,1.7346010553881064,1.7346010553881064,1.7369348279382668,1.9429484047569854,True,0.31218222248411265,0.01815022847250715,-0.008314667041456888,0.018964409188726324,20
k20_thr,strong,146,reitsma_indep,1.7346010553881064,1.7346010553881064,1.67940343218477,1.9247307775945819,True,0.30006886593098636,0.013442128780733182,0.0,0.018906367220563578,20
k20_thr,strong,146,sep_univariate,1.7346010553881064,1.7346010553881064,1.6900441312619519,1.9341643492110683,True,0.33532041364019033,0.015146444781527109,0.0,0.020952871399024606,20
k20_thr,strong,146,adaptshrink_dta,1.7346010553881064,1.7346010553881064,1.7230609818593259,1.9359677621734033,True,0.3504376062456226,0.01874572850784471,-0.0035570917857070607,0.019165675281397856,20
k20_thr,strong,147,reitsma,1.7346010553881064,1.7346010553881064,2.0987936081794705,1.5397129238181864,True,0.2865267857225726,0.020865237734577057,-0.0076963073705527095,0.013944427215489313,17
k20_thr,strong,147,reitsma_indep,1.7346010553881064,1.7346010553881064,2.047796452316003,1.534458970755636,True,0.28884177401843586,0.017609457487554252,0.0,0.013372367331209235,17
k20_thr,strong,147,sep_univariate,1.7346010553881064,1.7346010553881064,2.0496220644908725,1.536442294611843,True,0.2981869615392412,0.017917664243619864,0.0,0.014006517625188003,17
k20_thr,strong,147,adaptshrink_dta,1.7346010553881064,1.7346010553881064,2.086391377622077,1.539820801100628,True,0.3251087037845389,0.021852379960197045,-0.0029505585238603,0.014050279191242111,17
k20_thr,strong,148,reitsma,1.7346010553881064,1.7346010553881064,2.140569583935308,1.8091013981793618,True,0.4602780980076078,0.03401105166660145,-0.014516911970254566,0.023777698261601903,18
k20_thr,strong,148,reitsma_indep,1.7346010553881064,1.7346010553881064,2.110237452589221,1.7822699967877886,True,0.5341625778555268,0.03608486765990124,0.0,0.022318040857567514,18
k20_thr,strong,148,sep_univariate,1.7346010553881064,1.7346010553881064,2.123391736233541,1.7769943411698563,True,0.5346215386302123,0.03833371663849356,0.0,0.021044869723319967,18
k20_thr,strong,148,adaptshrink_dta,1.7346010553881064,1.7346010553881064,2.1344257177015558,1.8017363212218893,True,0.5394171917040067,0.03557839241031387,-0.005869946484814516,0.024051740287933616,18
k20_thr,strong,149,reitsma,1.7346010553881064,1.7346010553881064,1.9529257897517478,1.6484234111797058,True,0.26708314965439217,0.019043026961788678,-0.008483732519921792,0.014352361685573599,19
k20_thr,strong,149,reitsma_indep,1.7346010553881064,1.7346010553881064,1.8564510599290038,1.654944601201458,True,0.27607783175964373,0.013881257198993281,0.0,0.015497745928187739,19
k20_thr,strong,149,sep_univariate,1.7346010553881064,1.7346010553881064,1.8591408921121029,1.6512615707366494,True,0.26805198280103887,0.014155886133246004,0.0,0.014326340021228364,19
k20_thr,strong,149,adaptshrink_dta,1.7346010553881064,1.7346010553881064,1.9359972255153222,1.654620691763857,True,0.3175842820733141,0.02039490364243651,-0.0034554800410468716,0.014543695486463847,19
k20_thr,strong,150,reitsma,1.7346010553881064,1.7346010553881064,1.6211792023271865,2.1039424782497393,True,0.5494416202513913,0.033340154486297395,-0.02526064895790316,0.04469608884168431,20
k20_thr,strong,150,reitsma_indep,1.7346010553881064,1.7346010553881064,1.6311923709705283,2.0906357204893906,True,0.7370095565365281,0.03517397894868293,0.0,0.04358720349487813,20
k20_thr,strong,150,sep_univariate,1.7346010553881064,1.7346010553881064,1.6415458618402625,2.0890986636415336,True,0.7544076574571688,0.03722714192851384,0.0,0.043150590955226026,20
k20_thr,strong,150,adaptshrink_dta,1.7346010553881064,1.7346010553881064,1.6536538728238723,2.1250220063900036,True,0.6773638301548099,0.034738747052914444,-0.017093571436647578,0.04569006298406026,20
k20_thr,strong,151,reitsma,1.7346010553881064,1.7346010553881064,2.07494656628065,1.837450232018079,True,0.3928464810654667,0.024960724227199013,-0.013529424378497093,0.024784434346995954,20
k20_thr,strong,151,reitsma_indep,1.7346010553881064,1.7346010553881064,2.025196371631783,1.8280912808450176,True,0.42594394493234716,0.02062743613429265,0.0,0.02482526616423965,20
k20_thr,strong,151,sep_univariate,1.7346010553881064,1.7346010553881064,2.0284396501276736,1.8468343999842496,True,0.4948786208500844,0.021085349186828875,0.0,0.03278316307362426,20
k20_thr,strong,151,adaptshrink_dta,1.7346010553881064,1.7346010553881064,2.0785804923584323,1.8374762539268596,True,0.4704482278400304,0.026286689089211602,-0.005770287904936676,0.025030794408607546,20
k20_thr,strong,152,reitsma,1.7346010553881064,1.7346010553881064,1.9023859381856167,2.0798522416198524,True,0.255963200734731,0.014868593874848693,-0.005336403239062433,0.014352367176743316,17
k20_thr,strong,152,reitsma_indep,1.7346010553881064,1.7346010553881064,1.8460751038429726,2.0783809472565107,True,0.23518094984711857,0.011199728378821933,0.0,0.013938981990544521,17
k20_thr,strong,152,sep_univariate,1.7346010553881064,1.7346010553881064,1.8565715594211154,2.0830196482147127,True,0.25565706728368054,0.012349531584122515,0.0,0.014938238436352958,17
k20_thr,strong,152,adaptshrink_dta,1.7346010553881064,1.7346010553881064,1.8943254734132546,2.082994888688923,True,0.27886367108494314,0.0154517253252558,-0.002039737626629151,0.014474257586447168,17
k20_thr,strong,153,reitsma,1.7346010553881064,1.7346010553881064,1.5818337784948906,1.7237844580984052,True,0.3313192411474931,0.01750318769618319,-0.010404403606560102,0.023886194788495522,20
k20_thr,strong,153,reitsma_indep,1.7346010553881064,1.7346010553881064,1.513389229518787,1.6929009788148042,True,0.3523554624851106,0.015546833603369418,0.0,0.02254002191036358,20
k20_thr,strong,153,sep_univariate,1.7346010553881064,1.7346010553881064,1.5267398599421604,1.6976410261993051,True,0.3926922835060716,0.018119182547569845,0.0,0.024021515387066806,20
k20_thr,strong,153,adaptshrink_dta,1.7346010553881064,1.7346010553881064,1.5525780423631164,1.7108657420561493,True,0.3865773486613591,0.01831152528126084,-0.004450480962740861,0.024116356092318783,20
k20_thr,strong,154,reitsma,1.7346010553881064,1.7346010553881064,2.0138653663627473,1.6583975689244723,True,0.43244127870397014,0.04080396131359371,-0.012088143107947617,0.01651669289155668,20
k20_thr,strong,154,reitsma_indep,1.7346010553881064,1.7346010553881064,1.9868548698720188,1.6488736972575784,True,0.493525780686892,0.04137076468503555,0.0,0.016617297952148707,20
k20_thr,strong,154,sep_univariate,1.7346010553881064,1.7346010553881064,1.9878522210838476,1.6537082639180973,True,0.5269840697382935,0.04158904144159757,0.0,0.018847351509348142,20
k20_thr,strong,154,adaptshrink_dta,1.7346010553881064,1.7346010553881064,2.0163066124575586,1.6564917324359805,True,0.47164912350717,0.041771703523431646,-0.008173105351648438,0.01663023884494047,20
k20_thr,strong,155,reitsma,1.7346010553881064,1.7346010553881064,1.7160473387647739,1.825092452836117,True,0.3192094964213062,0.026846919747866033,-0.013001216166189156,0.01700864135165435,19
k20_thr,strong,155,reitsma_indep,1.7346010553881064,1.7346010553881064,1.7564129452275143,1.8431472071794945,True,0.4165736113477235,0.02798813045797934,0.0,0.017500235293956296,19
k20_thr,strong,155,sep_univariate,1.7346010553881064,1.7346010553881064,1.7608739046129076,1.849042763501457,True,0.4364535666358587,0.02875294749910398,0.0,0.01869941367137992,19
k20_thr,strong,155,adaptshrink_dta,1.7346010553881064,1.7346010553881064,1.7635920444962376,1.844630766862034,True,0.422533646921677,0.028794386142899683,-0.0012685973994092993,0.017556333587014937,19
k20_thr,strong,156,reitsma,1.7346010553881064,1.7346010553881064,1.7824610844649087,2.0124543899297436,True,0.3659348556617621,0.012218149910172513,-0.002750388403123355,0.03155315196800662,20
k20_thr,strong,156,reitsma_indep,1.7346010553881064,1.7346010553881064,1.7777431003607815,2.016937419497929,True,0.3664019489758261,0.01180142712004134,0.0,0.03210815038565164,20
k20_thr,strong,156,sep_univariate,1.7346010553881064,1.7346010553881064,1.775258762120626,2.0229951938156243,True,0.3743732023491646,0.011615249224555986,0.0,0.034057694295573815,20
k20_thr,strong,156,adaptshrink_dta,1.7346010553881064,1.7346010553881064,1.7838472936229812,2.0137360682461596,True,0.36851846989134857,0.012254080616948018,-0.0018691064378302596,0.03156547581995383,20
k20_thr,strong,157,reitsma,1.7346010553881064,1.7346010553881064,1.809099672589146,1.9522082873187983,True,0.4228578727722239,0.030212829528338477,-0.016149389808297793,0.025336618710900514,18
k20_thr,strong,157,reitsma_indep,1.7346010553881064,1.7346010553881064,1.6906145609245413,1.9196910130289138,True,0.4576029146582105,0.025074716500467865,0.0,0.023570880138234482,18
k20_thr,strong,157,sep_univariate,1.7346010553881064,1.7346010553881064,1.7044168501261419,1.9239349208160883,True,0.49443495533811604,0.027645211544205437,0.0,0.024959316190196597,18
k20_thr,strong,157,adaptshrink_dta,1.7346010553881064,1.7346010553881064,1.7646988160289963,1.9401332712563772,True,0.5258499738201299,0.03192850623089634,-0.006455923261595342,0.025749783375316748,18
k20_thr,strong,158,reitsma,1.7346010553881064,1.7346010553881064,1.6797826004257619,1.948808933213808,True,0.18525097354812875,0.012960453240726323,-0.00404115085386134,0.008733746182211493,20
k20_thr,strong,158,reitsma_indep,1.7346010553881064,1.7346010553881064,1.6569704290379825,1.9709260940657998,True,0.21715418177976675,0.013904641267758444,0.0,0.00957218034357174,20
k20_thr,strong,158,sep_univariate,1.7346010553881064,1.7346010553881064,1.664162112633655,1.9711608395773166,True,0.2248677018648969,0.014463876658509853,0.0,0.009867422410971329,20
k20_thr,strong,158,adaptshrink_dta,1.7346010553881064,1.7346010553881064,1.6725302334975172,1.9627795789662732,True,0.20436001305898166,0.01364910628663174,-0.0016956549119507439,0.008846838654903134,20
k20_thr,strong,159,reitsma,1.7346010553881064,1.7346010553881064,1.261607542051745,1.877742278039274,True,0.365692054061759,0.022500342564106244,-0.013841320442877945,0.025290160125844396,20
k20_thr,strong,159,reitsma_indep,1.7346010553881064,1.7346010553881064,1.1507822752853407,1.9006342980247792,True,0.3645272155660385,0.013910849152821257,0.0,0.02696128220488029,20
k20_thr,strong,159,sep_univariate,1.7346010553881064,1.7346010553881064,1.1694273775508013,1.9075939207544326,True,0.4168527449278346,0.016198891735367434,0.0,0.030277101401334473,20
k20_thr,strong,159,adaptshrink_dta,1.7346010553881064,1.7346010553881064,1.2578845997325945,1.891486222267245,True,0.42329929389002596,0.023242965565408374,-0.009334311916068186,0.025507578428968242,20
k20_thr,strong,160,reitsma,1.7346010553881064,1.7346010553881064,2.0207930060217487,1.68361493654747,True,0.44672088414848665,0.027715527276117095,-0.007421310478662828,0.022309988134313417,20
k20_thr,strong,160,reitsma_indep,1.7346010553881064,1.7346010553881064,2.003422057937533,1.6834474194025906,True,0.45409503593595985,0.026087968666060887,0.0,0.022309380535474346,20
k20_thr,strong,160,sep_univariate,1.7346010553881064,1.7346010553881064,2.016150463701337,1.6887112712924328,True,0.4934255937272173,0.027881857712454588,0.0,0.024646536910479504,20
k20_thr,strong,160,adaptshrink_dta,1.7346010553881064,1.7346010553881064,2.024294051162405,1.6846969915651004,True,0.46030609287776797,0.027924898537271772,-0.005044057392835432,0.022326994154646913,20
k20_thr,strong,161,reitsma,1.7346010553881064,1.7346010553881064,1.8552526231947355,1.7478126327736496,True,0.44087928912538027,0.022793544751057337,-0.012295299068367382,0.030701540588762764,20
k20_thr,strong,161,reitsma_indep,1.7346010553881064,1.7346010553881064,1.8478716355728144,1.7279225586905402,True,0.48076944681597084,0.02273510237215637,0.0,0.028695320067892403,20
k20_thr,strong,161,sep_univariate,1.7346010553881064,1.7346010553881064,1.8730555834716942,1.719682225744209,True,0.4948714398683541,0.025986589372474354,0.0,0.02659927281576231,20
k20_thr,strong,161,adaptshrink_dta,1.7346010553881064,1.7346010553881064,1.8773843152624656,1.746933367283552,True,0.5151038144616717,0.024624920719463997,-0.004005080336264181,0.031063678232055417,20
k20_thr,strong,162,reitsma,1.7346010553881064,1.7346010553881064,1.688697165160192,1.8477445438004867,True,0.39375461153090713,0.04781309428854795,-0.009009029850039825,0.010849976338299415,17
k20_thr,strong,162,reitsma_indep,1.7346010553881064,1.7346010553881064,1.6212708319308278,1.8409480116169408,True,0.4119160645342623,0.04322429589542616,0.0,0.011079592778232743,17
k20_thr,strong,162,sep_univariate,1.7346010553881064,1.7346010553881064,1.6135471854028163,1.8462402330986427,True,0.4317761776301669,0.041373384920799616,0.0,0.012718344015142002,17
k20_thr,strong,162,adaptshrink_dta,1.7346010553881064,1.7346010553881064,1.6770663848854757,1.845891629542035,True,0.42107333148860543,0.04847833970986883,-0.005702926753030233,0.010993791340938152,17
k20_thr,strong,163,reitsma,1.7346010553881064,1.7346010553881064,1.502763211107977,1.8534865654271,True,0.40096249529010264,0.026084953799288796,-0.023468067729430848,0.03850980417026697,20
k20_thr,strong,163,reitsma_indep,1.7346010553881064,1.7346010553881064,1.4367285799429321,1.8435464844196383,True,0.5975100891559831,0.027059052276062447,0.0,0.03724021426208893,20
k20_thr,strong,163,sep_univariate,1.7346010553881064,1.7346010553881064,1.4575578953448853,1.842088318020534,True,0.6632209685585293,0.034420531413236685,0.0,0.036068924514184225,20
k20_thr,strong,163,adaptshrink_dta,1.7346010553881064,1.7346010553881064,1.4681019924406797,1.8531586806142513,True,0.5843249226858735,0.02746358206098698,-0.010096546285073628,0.03880203866261844,20
k20_thr,strong,164,reitsma,1.7346010553881064,1.7346010553881064,1.691444117274662,1.971910173565119,True,0.30988784424776933,0.02982999129344723,-0.010566170469820719,0.012829040766583479,18
k20_thr,strong,164,reitsma_indep,1.7346010553881064,1.7346010553881064,1.6443963105476953,1.9844075866354856,True,0.35368206129303265,0.02669870393386287,0.0,0.013224222677764718,18
k20_thr,strong,164,sep_univariate,1.7346010553881064,1.7346010553881064,1.646936896995375,1.9865565106185525,True,0.36511691217585523,0.02707911977164599,0.0,0.013895162290841827,18
k20_thr,strong,164,adaptshrink_dta,1.7346010553881064,1.7346010553881064,1.6962175707976215,1.980085026217726,True,0.35566373476028756,0.030787532802749675,-0.0067863984869728404,0.013092714537102482,18
k20_thr,strong,165,reitsma,1.7346010553881064,1.7346010553881064,1.8999757880888573,1.7146983420888227,True,0.3788121404353232,0.02855963991680185,-0.019574647874996208,0.02759810844141145,17
k20_thr,strong,165,reitsma_indep,1.7346010553881064,1.7346010553881064,1.8223215742784191,1.7185989254823073,True,0.44942347315458675,0.02051686670105227,0.0,0.027786556757923762,17
k20_thr,strong,165,sep_univariate,1.7346010553881064,1.7346010553881064,1.8515944888608218,1.7289392371270038,True,0.5288051818776711,0.02453928925031706,0.0,0.03216352884637863,17
k20_thr,strong,165,adaptshrink_dta,1.7346010553881064,1.7346010553881064,1.903770728742767,1.7215975789510811,True,0.5654986693975808,0.03212788393674886,-0.0019147717229079956,0.028208230053440853,17
k20_thr,strong,166,reitsma,1.7346010553881064,1.7346010553881064,1.9575414574938843,1.6858434651859358,True,0.31764910510853095,0.022199154424623186,-0.005815130509161187,0.014352298595845832,19
k20_thr,strong,166,reitsma_indep,1.7346010553881064,1.7346010553881064,1.9482625853316549,1.6950681272495671,True,0.32784370076436253,0.021436659446349413,0.0,0.014151772726922328,19
k20_thr,strong,166,sep_univariate,1.7346010553881064,1.7346010553881064,1.9414959803258636,1.698807645354923,True,0.33218399097930873,0.02078279202232631,0.0,0.014986070539890522,19
k20_thr,strong,166,adaptshrink_dta,1.7346010553881064,1.7346010553881064,1.9694421509526578,1.6959046194733167,True,0.34160070847877483,0.022970088803627747,-0.001815730315245477,0.014482207322265583,19
k20_thr,strong,167,reitsma,1.7346010553881064,1.7346010553881064,1.7493513792413093,1.8744389933280043,True,0.34149457772198416,0.02314416429355148,-0.004170605858052953,0.01497353874604853,20
k20_thr,strong,167,reitsma_indep,1.7346010553881064,1.7346010553881064,1.7504770175059152,1.8701908810556205,True,0.350854858102459,0.02333919083664677,0.0,0.014886872215874408,20
k20_thr,strong,167,sep_univariate,1.7346010553881064,1.7346010553881064,1.761870920945858,1.8757385911298758,True,0.379074262862171,0.025337905184120196,0.0,0.016007081587682374,20
k20_thr,strong,167,adaptshrink_dta,1.7346010553881064,1.7346010553881064,1.751464162223345,1.8741433462181845,True,0.3473647536911653,0.023241306905486918,-0.002832444935018613,0.014998823294114358,20
k20_thr,strong,168,reitsma,1.7346010553881064,1.7346010553881064,1.6321347586301518,1.8698766558058915,True,0.36744467223981525,0.021643260430047103,-0.010942707614704497,0.023139980405827345,20
k20_thr,strong,168,reitsma_indep,1.7346010553881064,1.7346010553881064,1.6124588751113926,1.8671810047329493,True,0.39150023403248163,0.019251229289215025,0.0,0.02247190303811746,20
k20_thr,strong,168,sep_univariate,1.7346010553881064,1.7346010553881064,1.617785982035603,1.8715238398642702,True,0.4138621669157638,0.020355842334804447,0.0,0.023749618795115054,20
k20_thr,strong,168,adaptshrink_dta,1.7346010553881064,1.7346010553881064,1.6373311602589786,1.8760615824203797,True,0.4025037291053205,0.021977947198095343,-0.007412172377491379,0.023305713742081464,20
k20_thr,strong,169,reitsma,1.7346010553881064,1.7346010553881064,1.799778762463075,1.921036344185833,True,0.24695440102011915,0.0160930724003693,-0.0010431675698374518,0.01076380250319234,20
k20_thr,strong,169,reitsma_indep,1.7346010553881064,1.7346010553881064,1.7922950073082156,1.9201783942016644,True,0.24291813927366085,0.01568769630872536,0.0,0.010616832977208843,20
k20_thr,strong,169,sep_univariate,1.7346010553881064,1.7346010553881064,1.8043946837302185,1.924843996452174,True,0.27059978247842165,0.017397613909047576,0.0,0.01187953563339779,20
k20_thr,strong,169,adaptshrink_dta,1.7346010553881064,1.7346010553881064,1.7985264766074884,1.9210005621982693,True,0.247507266774258,0.016106921397289885,-0.0007091553258826525,0.010766113610362628,20
k20_thr,strong,170,reitsma,1.7346010553881064,1.7346010553881064,2.0266036336055406,1.8487985761884078,True,0.4256314152727172,0.05122235365274961,-0.026204547999701382,0.023388396956421083,18
k20_thr,strong,170,reitsma_indep,1.7346010553881064,1.7346010553881064,2.0133049848550755,1.7726715724971183,True,0.5666860462106574,0.05079182069852727,0.0,0.017845368641057256,18
k20_thr,strong,170,sep_univariate,1.7346010553881064,1.7346010553881064,2.0068504579635027,1.7931438657571583,True,0.6701735843303513,0.048110542591040424,0.0,0.026349272157724195,18
k20_thr,strong,170,adaptshrink_dta,1.7346010553881064,1.7346010553881064,2.0350064119970783,1.8163447840460218,True,0.6487918041700654,0.053641799065046986,-0.010482937022675779,0.024196989179887267,18
k20_thr,strong,171,reitsma,1.7346010553881064,1.7346010553881064,1.7716634112499468,2.012003678917222,True,0.35612928856858006,0.027246889423577735,-0.012919110926501517,0.019263700446260718,20
k20_thr,strong,171,reitsma_indep,1.7346010553881064,1.7346010553881064,1.7521582518095713,1.969828885843398,True,0.41872778117220777,0.028181944178438105,0.0,0.017560095288095087,20
k20_thr,strong,171,sep_univariate,1.7346010553881064,1.7346010553881064,1.7629027463348856,1.9751311993450142,True,0.4494267027661849,0.030652828016098192,0.0,0.018598651789311523,20
k20_thr,strong,171,adaptshrink_dta,1.7346010553881064,1.7346010553881064,1.7722200546586768,2.0023673595893765,True,0.43443740870572534,0.02837597414100092,-0.005511932106692755,0.019843856337740842,20
k20_thr,strong,172,reitsma,1.7346010553881064,1.7346010553881064,1.7011365607069437,1.7058436799094618,True,0.4743694005342455,0.026087032865784666,-0.0035053832606339198,0.024817885154061713,20
k20_thr,strong,172,reitsma_indep,1.7346010553881064,1.7346010553881064,1.690480544879068,1.7071746534315944,True,0.48017236143256115,0.02588439479580389,0.0,0.025141464327837544,20
k20_thr,strong,172,sep_univariate,1.7346010553881064,1.7346010553881064,1.6998403384908944,1.71146288287297,True,0.5178323371507767,0.02811101720560007,0.0,0.02692378046941416,20
k20_thr,strong,172,adaptshrink_dta,1.7346010553881064,1.7346010553881064,1.6986512252861399,1.7063014992753935,True,0.47736801683344154,0.026134730971416286,-0.0023824638458985934,0.02482782524138693,20
k20_thr,strong,173,reitsma,1.7346010553881064,1.7346010553881064,2.1229899416448594,2.004764243085773,True,0.3121779068825031,0.025515302511853577,-0.01190644275729332,0.0163364884797226,20
k20_thr,strong,173,reitsma_indep,1.7346010553881064,1.7346010553881064,2.0753617378805607,1.9601646855790338,True,0.3617079514639585,0.02533874934623639,0.0,0.014573544905707277,20
k20_thr,strong,173,sep_univariate,1.7346010553881064,1.7346010553881064,2.069120440306996,1.9804619657524887,True,0.40254805535625726,0.02425566846990588,0.0,0.018856300251308376,20
k20_thr,strong,173,adaptshrink_dta,1.7346010553881064,1.7346010553881064,2.104115905381501,1.9913239910058886,True,0.37302072331922387,0.02718438930786607,-0.007850824338416674,0.016714407748299312,20
k20_thr,strong,174,reitsma,1.7346010553881064,1.7346010553881064,1.9725482104427348,1.7283624863946463,True,0.4021998612315077,0.02703535258966257,-0.013955090718738392,0.024091634581628,20
k20_thr,strong,174,reitsma_indep,1.7346010553881064,1.7346010553881064,1.9574479727965037,1.7184650809552653,True,0.4781046506141075,0.02654213930523325,0.0,0.024307723022371698,20
k20_thr,strong,174,sep_univariate,1.7346010553881064,1.7346010553881064,1.9771438413729439,1.7181472227900314,True,0.5096074939632644,0.030271622015023154,0.0,0.0242142034256471,20
k20_thr,strong,174,adaptshrink_dta,1.7346010553881064,1.7346010553881064,1.9851775850163642,1.7295852182959779,True,0.4579462047190015,0.028098400816902916,-0.009452288814358847,0.024245721837687105,20
k20_thr,strong,175,reitsma,1.7346010553881064,1.7346010553881064,2.035503096559456,1.7954045818497912,True,0.38394071229545024,0.02274122556953287,-0.00949145822775999,0.02225711775958298,20
k20_thr,strong,175,reitsma_indep,1.7346010553881064,1.7346010553881064,2.0329853821760144,1.781847208291603,True,0.4172115343359026,0.021458989816417,0.0,0.022894839658473217,20
k20_thr,strong,175,sep_univariate,1.7346010553881064,1.7346010553881064,2.039316701367088,1.7885076593395794,True,0.44366988224646653,0.022899446945753035,0.0,0.024262143669126376,20
k20_thr,strong,175,adaptshrink_dta,1.7346010553881064,1.7346010553881064,2.0417150597210556,1.7931378325064917,True,0.4129099121895649,0.023297996563020427,-0.006408176147122809,0.02241763864434977,20
k20_thr,strong,176,reitsma,1.7346010553881064,1.7346010553881064,1.658585843052033,1.9858348893935425,True,0.34133897522725976,0.02478133493905906,-0.011311294073063888,0.018433291416815087,20
k20_thr,strong,176,reitsma_indep,1.7346010553881064,1.7346010553881064,1.6315160183202055,1.9991429884699061,True,0.4155485083082795,0.024039514643889003,0.0,0.020274587512018962,20
k20_thr,strong,176,sep_univariate,1.7346010553881064,1.7346010553881064,1.6670621458940094,2.00763387310336,True,0.5401170268832843,0.035229351721665705,0.0,0.023372509887922655,20
k20_thr,strong,176,adaptshrink_dta,1.7346010553881064,1.7346010553881064,1.658731509972272,1.9934178574467059,True,0.3821262705377054,0.025281646743067494,-0.007643122824915389,0.018612729424945833,20
k20_thr,strong,177,reitsma,1.7346010553881064,1.7346010553881064,1.9400609858924949,1.7993406404892707,True,0.3630776749498538,0.030592934836694532,-0.01988086495971393,0.025081812276203905,20
k20_thr,strong,177,reitsma_indep,1.7346010553881064,1.7346010553881064,1.9515596384022014,1.7468413306443216,True,0.48384152690621884,0.029878353895835177,0.0,0.022114843992349576,20
k20_thr,strong,177,sep_univariate,1.7346010553881064,1.7346010553881064,1.954402649551426,1.7263138571505476,True,0.45540771738220664,0.031096987458702843,0.0,0.018824208317853575,20
k20_thr,strong,177,adaptshrink_dta,1.7346010553881064,1.7346010553881064,1.964687943071885,1.79347906503031,True,0.5251439325369209,0.03247061854016419,-0.008373888785503894,0.026131339701590702,20
k20_thr,strong,178,reitsma,1.7346010553881064,1.7346010553881064,1.7225335544197924,1.8346687964099586,True,0.3397723905642147,0.02277390385688545,-0.00970578731828663,0.018444217683641757,20
k20_thr,strong,178,reitsma_indep,1.7346010553881064,1.7346010553881064,1.669409523131385,1.8486967565283605,True,0.38416450757185927,0.021664415499141356,0.0,0.019227453405660004,20
k20_thr,strong,178,sep_univariate,1.7346010553881064,1.7346010553881064,1.6858211665014207,1.8597434088240665,True,0.46283921239276254,0.02358256725795909,0.0,0.025639141368697365,20
k20_thr,strong,178,adaptshrink_dta,1.7346010553881064,1.7346010553881064,1.7207397605325558,1.8418401311197476,True,0.3728750497062825,0.02352759462302227,-0.006570619169303493,0.018514509544717436,20
k20_thr,strong,179,reitsma,1.7346010553881064,1.7346010553881064,1.985108617199296,1.7855194821331761,True,0.31525794872518587,0.014917126225001777,-0.011038450769295795,0.02697362896333262,20
k20_thr,strong,179,reitsma_indep,1.7346010553881064,1.7346010553881064,1.8947894124448792,1.7900532867907906,True,0.31017430433057924,0.009622295631980594,0.0,0.02822066249003395,20
k20_thr,strong,179,sep_univariate,1.7346010553881064,1.7346010553881064,1.908457564001975,1.784543007653543,True,0.3174184549863753,0.010852066867599347,0.0,0.026205119991816305,20
k20_thr,strong,179,adaptshrink_dta,1.7346010553881064,1.7346010553881064,1.969912636801148,1.7909484297736449,True,0.38050118036387254,0.01586656267166083,-0.004711796684545899,0.0271543449911009,20
k20_thr,strong,180,reitsma,1.7346010553881064,1.7346010553881064,1.9701859598529656,1.6613128861472815,True,0.2518928016423781,0.02501606664178757,-0.00718182050202099,0.009220724343090528,20
k20_thr,strong,180,reitsma_indep,1.7346010553881064,1.7346010553881064,1.9165693506351624,1.638021510921572,True,0.2848222898565226,0.023294911563822726,0.0,0.009829267360358307,20
k20_thr,strong,180,sep_univariate,1.7346010553881064,1.7346010553881064,1.9205472993423454,1.6400388018452445,True,0.2965522743396395,0.02424860326253668,0.0,0.010236466209439693,20
k20_thr,strong,180,adaptshrink_dta,1.7346010553881064,1.7346010553881064,1.9468907776188615,1.645691620336826,True,0.2880784400812193,0.025797618008220623,-0.0030484275686740174,0.009440021295496207,20
k20_thr,strong,181,reitsma,1.7346010553881064,1.7346010553881064,1.461813937821735,2.1458034882254458,True,0.3194415750262816,0.016860068101845017,-0.0038852184948925854,0.017978057502631394,20
k20_thr,strong,181,reitsma_indep,1.7346010553881064,1.7346010553881064,1.4432138014421483,2.1509861468296423,True,0.32479787736523025,0.016612977883080183,0.0,0.017923100695669877,20
k20_thr,strong,181,sep_univariate,1.7346010553881064,1.7346010553881064,1.4701154351346926,2.165307072248661,True,0.4191972217220876,0.02028167372451556,0.0,0.024454977432324148,20
k20_thr,strong,181,adaptshrink_dta,1.7346010553881064,1.7346010553881064,1.458826965020157,2.1485004807568346,True,0.3254435463668027,0.016996721356802056,-0.0026383998112640868,0.017997719908550886,20
k20_thr,strong,182,reitsma,1.7346010553881064,1.7346010553881064,1.8697884405162726,1.9162887703738303,True,0.2905519552841387,0.024579394054245925,-0.011424406946529223,0.015004191523617835,20
k20_thr,strong,182,reitsma_indep,1.7346010553881064,1.7346010553881064,1.7929339931747472,1.881125703955591,True,0.36911678424209315,0.025487919012192637,0.0,0.015087854095891256,20
k20_thr,strong,182,sep_univariate,1.7346010553881064,1.7346010553881064,1.796079274738308,1.8885735996124402,True,0.41417627561666576,0.02618658038300614,0.0,0.018489531840260327,20
k20_thr,strong,182,adaptshrink_dta,1.7346010553881064,1.7346010553881064,1.8022423826462892,1.8849256277123985,True,0.372466738397792,0.02581282453111346,-0.0011413723355802512,0.015220054397723708,20
k20_thr,strong,183,reitsma,1.7346010553881064,1.7346010553881064,1.831366222516247,1.6477332435393806,True,0.44543375932802753,0.03273611951926637,-0.023674188956954254,0.034227738502802696,20
k20_thr,strong,183,reitsma_indep,1.7346010553881064,1.7346010553881064,1.6978725528412228,1.6242808300669411,True,0.5413535078322996,0.024498538683741994,0.0,0.033764163727572016,20
k20_thr,strong,183,sep_univariate,1.7346010553881064,1.7346010553881064,1.711432986745367,1.6275922170691717,True,0.6016152680578354,0.027496902229041584,0.0,0.037152513132972645,20
k20_thr,strong,183,adaptshrink_dta,1.7346010553881064,1.7346010553881064,1.7866118440573358,1.6333084649727727,True,0.6324785435862396,0.03554773215350464,-0.010062657930510185,0.03461092987118797,20
k20_thr,strong,184,reitsma,1.7346010553881064,1.7346010553881064,2.039401557783684,1.6833460018768553,True,0.39545034626037634,0.023521559918941268,-0.01333676259712682,0.026327117163005165,20
k20_thr,strong,184,reitsma_indep,1.7346010553881064,1.7346010553881064,2.0589120567997474,1.6905444020384823,True,0.481401485972287,0.023747526383024388,0.0,0.027544236655922268,20
k20_thr,strong,184,sep_univariate,1.7346010553881064,1.7346010553881064,2.060658712263224,1.6847101501821466,True,0.4706843839952818,0.02409544313225944,0.0,0.02595128869140867,20
k20_thr,strong,184,adaptshrink_dta,1.7346010553881064,1.7346010553881064,2.063328846154577,1.6914471606647017,True,0.44979358809341674,0.024522449613094535,-0.008975561684540017,0.0265712914565301,20
k20_thr,strong,185,reitsma,1.7346010553881064,1.7346010553881064,1.6494845722748952,1.8700709086452507,True,0.3795059117152217,0.022682408975981838,-0.017970009692853357,0.03215846101224672,20
k20_thr,strong,185,reitsma_indep,1.7346010553881064,1.7346010553881064,1.5693791510424506,1.8693228787765792,True,0.46991455039054003,0.019354953452475024,0.0,0.0322017831501477,20
k20_thr,strong,185,sep_univariate,1.7346010553881064,1.7346010553881064,1.5920759983563768,1.8679692303483861,True,0.5026589269465815,0.022555503499103617,0.0,0.0316175737579681,20
k20_thr,strong,185,adaptshrink_dta,1.7346010553881064,1.7346010553881064,1.6507367234641126,1.8792673394411963,True,0.5208631725382209,0.025210113242485885,-0.007593034830637926,0.03266128110564581,20
k20_thr,strong,186,reitsma,1.7346010553881064,1.7346010553881064,2.0582365430944205,1.7374061646153478,True,0.29778329709184614,0.029290762161674783,-0.009000004668381915,0.0113102263182418,20
k20_thr,strong,186,reitsma_indep,1.7346010553881064,1.7346010553881064,2.027660652308284,1.7624161711413147,True,0.3365884094881697,0.025289525209479316,0.0,0.012644215956323403,20
k20_thr,strong,186,sep_univariate,1.7346010553881064,1.7346010553881064,2.0568465767855084,1.7630611722011273,True,0.36713789667954705,0.02973721384641805,0.0,0.012793589805320364,20
k20_thr,strong,186,adaptshrink_dta,1.7346010553881064,1.7346010553881064,2.0735170325717993,1.755840874289755,True,0.3482080369912292,0.030376923073794023,-0.002905642602121245,0.011543889743445815,20
k20_thr,strong,187,reitsma,1.7346010553881064,1.7346010553881064,1.6088220335797223,1.9854386216346092,True,0.307576245001257,0.021856626468499563,-0.008869502654497865,0.015816057125518743,20
k20_thr,strong,187,reitsma_indep,1.7346010553881064,1.7346010553881064,1.5979842920962126,1.9466139914407878,True,0.3515464755543415,0.02340654283801017,0.0,0.014902615299511306,20
k20_thr,strong,187,sep_univariate,1.7346010553881064,1.7346010553881064,1.6030397289138298,1.9523177147455029,True,0.3747412554983188,0.025063035210244937,0.0,0.015814796854452542,20
k20_thr,strong,187,adaptshrink_dta,1.7346010553881064,1.7346010553881064,1.6094185816563893,1.9796345069870571,True,0.33680962647261437,0.02217466496497191,-0.005993866393437698,0.016059458529995713,20
k20_thr,strong,188,reitsma,1.7346010553881064,1.7346010553881064,1.9528068493626476,1.6907081203997125,True,0.3847870272935812,0.027809788827761785,-0.016989378003677672,0.02540621956313836,20
k20_thr,strong,188,reitsma_indep,1.7346010553881064,1.7346010553881064,1.870011506355214,1.675146928672887,True,0.4906467847209082,0.02643279109435245,0.0,0.025705683600042193,20
k20_thr,strong,188,sep_univariate,1.7346010553881064,1.7346010553881064,1.883552999132225,1.6683289892853206,True,0.4932252968829328,0.029729230547239208,0.0,0.02309624000053167,20
k20_thr,strong,188,adaptshrink_dta,1.7346010553881064,1.7346010553881064,1.934806214599412,1.686075256358835,True,0.46463095871229265,0.028912706482545524,-0.011513495405273851,0.025659575035710928,20
k20_thr,strong,189,reitsma,1.7346010553881064,1.7346010553881064,1.831693674341001,1.8437471247136117,True,0.32666743021071876,0.02014007224385907,-0.005379579099220973,0.01639187813171164,20
k20_thr,strong,189,reitsma_indep,1.7346010553881064,1.7346010553881064,1.7831677417922882,1.835165471167925,True,0.3064486011122528,0.017269993583784782,0.0,0.01534819743246786,20
k20_thr,strong,189,sep_univariate,1.7346010553881064,1.7346010553881064,1.8116578973346225,1.8343832456929867,True,0.33385669145464125,0.020793248847263638,0.0,0.015129761645068983,20
k20_thr,strong,189,adaptshrink_dta,1.7346010553881064,1.7346010553881064,1.8298164891536508,1.8436265115301735,True,0.3387310256803961,0.020490481820826467,-0.0036401531689210275,0.01645158745309342,20
k20_thr,strong,190,reitsma,1.7346010553881064,1.7346010553881064,2.1902330940311616,1.5732421017095526,True,0.36746192086291135,0.027450496214447985,-0.010663733685016252,0.018026368738906624,20
k20_thr,strong,190,reitsma_indep,1.7346010553881064,1.7346010553881064,2.1925199168315084,1.565561915678059,True,0.4238220538233584,0.027625541523825542,0.0,0.018352302980589003,20
k20_thr,strong,190,sep_univariate,1.7346010553881064,1.7346010553881064,2.1982050978534375,1.5728882759752039,True,0.45515131606868,0.0287034392747718,0.0,0.020370980598204778,20
k20_thr,strong,190,adaptshrink_dta,1.7346010553881064,1.7346010553881064,2.2023221556963306,1.5744216776094222,True,0.4010407579802896,0.027899025390433038,-0.0072381507248655335,0.018149173251493934,20
k20_thr,strong,191,reitsma,1.7346010553881064,1.7346010553881064,1.7227687634220146,1.9364364165807768,True,0.46725956378084055,0.03344828304453851,-0.01281175275239454,0.023331006706921738,16
k20_thr,strong,191,reitsma_indep,1.7346010553881064,1.7346010553881064,1.7239928133656726,1.9179217149962584,True,0.5196223995205178,0.03371194108336427,0.0,0.0226061307834738,16
k20_thr,strong,191,sep_univariate,1.7346010553881064,1.7346010553881064,1.7318517241870084,1.935970584358526,True,0.5960723343055235,0.03588239418916411,0.0,0.02794800321646939,16
k20_thr,strong,191,adaptshrink_dta,1.7346010553881064,1.7346010553881064,1.7317371400131591,1.9353013913626829,True,0.5113518875145283,0.033975567794099756,-0.00791288767526952,0.023565279578221934,16
k20_thr,strong,192,reitsma,1.7346010553881064,1.7346010553881064,1.8980490756333959,1.7671681095263432,True,0.42200047589677636,0.02142281283948768,-0.01317444994369548,0.03156493622868531,20
k20_thr,strong,192,reitsma_indep,1.7346010553881064,1.7346010553881064,1.799766318288663,1.759891019267774,True,0.3976592100181222,0.014054657996636733,0.0,0.0317567518717872,20
k20_thr,strong,192,sep_univariate,1.7346010553881064,1.7346010553881064,1.7997663182886616,1.7735304786662953,True,0.4380558280820423,0.014054657996636416,0.0,0.038536556985445385,20
k20_thr,strong,192,adaptshrink_dta,1.7346010553881064,1.7346010553881064,1.8627106632938175,1.7658275181925422,True,0.49512184800084735,0.022750197603178524,-0.005606237049304698,0.03179550312880232,20
k20_thr,strong,193,reitsma,1.7346010553881064,1.7346010553881064,1.536953818459826,2.002240411690103,True,0.42973695478639956,0.026835212514422977,-0.011897250322916166,0.02469840278163762,20
k20_thr,strong,193,reitsma_indep,1.7346010553881064,1.7346010553881064,1.534788925042096,2.0046195624391854,True,0.4899469255852387,0.02657639992676293,0.0,0.025493894840697893,20
k20_thr,strong,193,sep_univariate,1.7346010553881064,1.7346010553881064,1.544199166691742,2.009845785500303,True,0.5218151737225772,0.02877431326066507,0.0,0.02670931234788297,20
k20_thr,strong,193,adaptshrink_dta,1.7346010553881064,1.7346010553881064,1.5448009752818412,2.008850139003212,True,0.46508862772781995,0.027137515627868453,-0.008073916964242568,0.02489971134144613,20
k20_thr,strong,194,reitsma,1.7346010553881064,1.7346010553881064,1.8250105215101393,1.9379002489299806,True,0.2399791618799384,0.009668776030406579,-0.006014075118246577,0.02055244500876293,20
k20_thr,strong,194,reitsma_indep,1.7346010553881064,1.7346010553881064,1.7777193033950918,1.9224519492460348,True,0.23793379713006663,0.008219182478560228,0.0,0.019440969337085508,20
k20_thr,strong,194,sep_univariate,1.7346010553881064,1.7346010553881064,1.7813668745434978,1.9294588533874848,True,0.27089251124504343,0.008725620322311889,0.0,0.023737334718519795,20
k20_thr,strong,194,adaptshrink_dta,1.7346010553881064,1.7346010553881064,1.8056304817180724,1.931874209523879,True,0.2662239314777566,0.01002893333988717,-0.002579696494744296,0.02061038527581392,20
k20_thr,strong,195,reitsma,1.7346010553881064,1.7346010553881064,1.9185797796577013,1.881333252163461,True,0.42228517161977586,0.04411560441078631,-0.015206719748188212,0.016650941417239957,17
k20_thr,strong,195,reitsma_indep,1.7346010553881064,1.7346010553881064,1.8467996895771566,1.8423724230283631,True,0.43111068086773097,0.03920708974263616,0.0,0.013379726182620153,17
k20_thr,strong,195,sep_univariate,1.7346010553881064,1.7346010553881064,1.8653189853003356,1.8511419967822844,True,0.4711517478049743,0.043004923567730335,0.0,0.014569266916312142,17
k20_thr,strong,195,adaptshrink_dta,1.7346010553881064,1.7346010553881064,1.9126657425549547,1.880156688708838,True,0.5281777221133188,0.04721368224463612,-0.0057436042891550595,0.017376047902491462,17
k20_thr,strong,196,reitsma,1.7346010553881064,1.7346010553881064,2.0178756010654304,1.8919413500541253,True,0.3664871922865825,0.0198038962052309,-0.009357117680248878,0.023563746036831444,20
k20_thr,strong,196,reitsma_indep,1.7346010553881064,1.7346010553881064,1.993143942666291,1.8750249713041924,True,0.3647449973487024,0.01647005060716323,0.0,0.022799116691767145,20
k20_thr,strong,196,sep_univariate,1.7346010553881064,1.7346010553881064,1.9985677384314082,1.890791404447481,True,0.4033255356712319,0.017266342518165573,0.0,0.0265916541417775,20
k20_thr,strong,196,adaptshrink_dta,1.7346010553881064,1.7346010553881064,2.0243581973990463,1.8899365362572897,True,0.4081178376838264,0.020458135772392923,-0.004006671103446061,0.023764131756737458,20
k20_thr,strong,197,reitsma,1.7346010553881064,1.7346010553881064,2.154037171896974,1.3384491133309546,True,0.2662164457286778,0.025042179331745133,-0.012800853683247279,0.014531321197959007,20
k20_thr,strong,197,reitsma_indep,1.7346010553881064,1.7346010553881064,2.156548678216723,1.3485512890517575,True,0.3663629498758333,0.027659341007355714,0.0,0.013696687043605337,20
k20_thr,strong,197,sep_univariate,1.7346010553881064,1.7346010553881064,2.163890307333198,1.3433192920627852,True,0.35133792621355514,0.028666305861464732,0.0,0.012153814502008378,20
k20_thr,strong,197,adaptshrink_dta,1.7346010553881064,1.7346010553881064,2.17118103712831,1.3526793249158429,True,0.3848117522853908,0.028461173387680602,-0.0012558762621234661,0.01474055770519993,20
k20_thr,strong,198,reitsma,1.7346010553881064,1.7346010553881064,2.005712882779209,1.7621138725450154,True,0.3574967142327756,0.03163035995045572,-0.01710741386448376,0.020657064370883924,20
k20_thr,strong,198,reitsma_indep,1.7346010553881064,1.7346010553881064,1.963980999950352,1.7500425805568607,True,0.4747208210034693,0.030500322522323507,0.0,0.02085481757627994,20
k20_thr,strong,198,sep_univariate,1.7346010553881064,1.7346010553881064,1.9706236711159542,1.7578230837445092,True,0.524265709096828,0.03167719723847284,0.0,0.024490092374526023,20
k20_thr,strong,198,adaptshrink_dta,1.7346010553881064,1.7346010553881064,2.0120168719650433,1.7581135394270853,True,0.48115522701390656,0.0337816929212746,-0.007326362015208812,0.02093187063974433,20
k20_thr,strong,199,reitsma,1.7346010553881064,1.7346010553881064,1.5594544800401358,2.029008708472019,True,0.36852209288184967,0.03273283852654633,-0.011800458119487788,0.01596472224191001,18
k20_thr,strong,199,reitsma_indep,1.7346010553881064,1.7346010553881064,1.5885203267747097,2.0795035642094666,True,0.4705309825390409,0.03451989020830431,0.0,0.018102614855009778,18
k20_thr,strong,199,sep_univariate,1.7346010553881064,1.7346010553881064,1.6171265491808697,2.0867781359022737,True,0.5310686786022651,0.04088954164914742,0.0,0.019468092507375412,18
k20_thr,strong,199,adaptshrink_dta,1.7346010553881064,1.7346010553881064,1.591243306353533,2.0669519327413397,True,0.43859558264937043,0.03378442405420577,-0.0035166359392686166,0.016437172294876623,18
k20_thr,strong,200,reitsma,1.7346010553881064,1.7346010553881064,1.5385579681408648,1.8489725980521206,True,0.3933939473660535,0.043139493468778954,-0.029536501678494993,0.030348338637233806,20
k20_thr,strong,200,reitsma_indep,1.7346010553881064,1.7346010553881064,1.402770266219734,1.851232214637683,True,0.6376080876343827,0.03667618293991807,0.0,0.03128655686190674,20
k20_thr,strong,200,sep_univariate,1.7346010553881064,1.7346010553881064,1.4282183239124495,1.8546654171395967,True,0.7336494663784963,0.042821421452278255,0.0,0.03547728684216436,20
k20_thr,strong,200,adaptshrink_dta,1.7346010553881064,1.7346010553881064,1.4965887377669154,1.8535746346666964,True,0.673344136989895,0.04685929219428913,-0.012626428653343985,0.030711677614335853,20
k20_thr,strong,201,reitsma,1.7346010553881064,1.7346010553881064,2.061471884010777,1.6944324529923895,True,0.3574767670327283,0.02704276388588057,-0.012518999817996708,0.019133098870187822,20
k20_thr,strong,201,reitsma_indep,1.7346010553881064,1.7346010553881064,1.947602921901789,1.6927519900342212,True,0.37625249354265744,0.01947572422387604,0.0,0.020516318109016454,20
k20_thr,strong,201,sep_univariate,1.7346010553881064,1.7346010553881064,1.9727452663041807,1.6844206306515916,True,0.39173313391877135,0.022846686029288736,0.0,0.01895796283114167,20
k20_thr,strong,201,adaptshrink_dta,1.7346010553881064,1.7346010553881064,2.0426778592154657,1.696269230712151,True,0.43371746614004086,0.02869812860697743,-0.005350802318128551,0.019498634457085978,20
k20_thr,strong,202,reitsma,1.7346010553881064,1.7346010553881064,1.9804385524881905,1.8397661009753568,True,0.19772406237703713,0.016087765971064105,-0.0038100332424113904,0.007761271551089011,20
k20_thr,strong,202,reitsma_indep,1.7346010553881064,1.7346010553881064,1.9407384142542594,1.8368559823184054,True,0.1910212690846819,0.01324658295000944,0.0,0.007774882881401633,20
k20_thr,strong,202,sep_univariate,1.7346010553881064,1.7346010553881064,1.9213915743665377,1.840368036630604,True,0.18482368588790557,0.011738722618670176,0.0,0.008213507923113013,20
k20_thr,strong,202,adaptshrink_dta,1.7346010553881064,1.7346010553881064,1.977316318165226,1.8396047402692837,True,0.21126418539983244,0.016415172724553503,-0.0016274490711438716,0.007835681890110401,20
k20_thr,strong,203,reitsma,1.7346010553881064,1.7346010553881064,2.1265805990766986,1.5156254200592234,True,0.287886132312806,0.03061886444605877,-0.015936062679417135,0.01593405333615341,20
k20_thr,strong,203,reitsma_indep,1.7346010553881064,1.7346010553881064,2.0886316268231964,1.5074445133498267,True,0.4402343548072141,0.03405575316579371,0.0,0.016062444464779117,20
k20_thr,strong,203,sep_univariate,1.7346010553881064,1.7346010553881064,2.082251909548725,1.5058313266010177,True,0.4250506242770452,0.03296772907463861,0.0,0.015467728880589645,20
k20_thr,strong,203,adaptshrink_dta,1.7346010553881064,1.7346010553881064,2.126963197526806,1.5139348053435366,True,0.4228331328130126,0.0340204788578113,-0.006787014307846969,0.016187093158395754,20
k20_thr,strong,204,reitsma,1.7346010553881064,1.7346010553881064,1.8320641144252838,1.6960012899299701,True,0.33888995073370226,0.026784555186404768,-0.012673307874968776,0.01809874853569154,20
k20_thr,strong,204,reitsma_indep,1.7346010553881064,1.7346010553881064,1.7671456572528481,1.6939293933640074,True,0.41617477073293646,0.02620346567897128,0.0,0.018656364997366226,20
k20_thr,strong,204,sep_univariate,1.7346010553881064,1.7346010553881064,1.7818784618112165,1.689520890853149,True,0.4071342308681029,0.028951269792579983,0.0,0.016160019747689845,20
k20_thr,strong,204,adaptshrink_dta,1.7346010553881064,1.7346010553881064,1.8282277687685493,1.6979675806907584,True,0.3962912630451474,0.02816518415658676,-0.00849128386952155,0.018298006376906577,20
k20_thr,strong,205,reitsma,1.7346010553881064,1.7346010553881064,1.8605174314783017,1.8099562258746427,True,0.4814490069733732,0.03008106531563916,-0.015946495267006533,0.030202631914259433,20
k20_thr,strong,205,reitsma_indep,1.7346010553881064,1.7346010553881064,1.8185071950603027,1.8046933231420554,True,0.5545459195285306,0.02810685799809302,0.0,0.030881401044228412,20
k20_thr,strong,205,sep_univariate,1.7346010553881064,1.7346010553881064,1.8289786128452776,1.8173758447047466,True,0.625496909839839,0.030150028175665998,0.0,0.036626623278190044,20
k20_thr,strong,205,adaptshrink_dta,1.7346010553881064,1.7346010553881064,1.864063371762994,1.8125069906216038,True,0.5410341533734377,0.031014303215208067,-0.01079689831158334,0.03039791146427286,20
k20_thr,strong,206,reitsma,1.7346010553881064,1.7346010553881064,1.6870510019319602,1.9235275823868394,True,0.267877143007747,0.016553126253487076,-0.01028183444784919,0.018622082595894457,20
k20_thr,strong,206,reitsma_indep,1.7346010553881064,1.7346010553881064,1.6758759814121966,1.9261713757215628,True,0.3481668985030246,0.017882743952172313,0.0,0.01913264732662715,20
k20_thr,strong,206,sep_univariate,1.7346010553881064,1.7346010553881064,1.6766655653374036,1.931877502301709,True,0.3668914277014208,0.017992750363911018,0.0,0.02111600916864272,20
k20_thr,strong,206,adaptshrink_dta,1.7346010553881064,1.7346010553881064,1.687518577703049,1.9279772403039697,True,0.33057835316165657,0.017429045532301145,-0.004395553865028057,0.018805946495254827,20
k20_thr,strong,207,reitsma,1.7346010553881064,1.7346010553881064,2.0364806576246286,1.5669348818027746,True,0.32017117336848466,0.019551058422367082,-0.004218726886850863,0.0157091831517189,20
k20_thr,strong,207,reitsma_indep,1.7346010553881064,1.7346010553881064,2.0341632850443734,1.5607870264509591,True,0.32643783923003705,0.019256250470420122,0.0,0.015619370605033052,20
k20_thr,strong,207,sep_univariate,1.7346010553881064,1.7346010553881064,2.0328292449521492,1.5593897582984773,True,0.3209762764321329,0.018985126777499344,0.0,0.015316750376929082,20
k20_thr,strong,207,adaptshrink_dta,1.7346010553881064,1.7346010553881064,2.0377362322880757,1.5657018733246726,True,0.32677452368069326,0.019680991965147478,-0.0028648382169062163,0.01573084090288238,20
k20_thr,strong,208,reitsma,1.7346010553881064,1.7346010553881064,1.4591472261756662,1.962571327064718,True,0.26157029987365954,0.01541612044311019,-0.0033575844323129145,0.013257953166548311,20
k20_thr,strong,208,reitsma_indep,1.7346010553881064,1.7346010553881064,1.4667402485393188,1.978372898922252,True,0.2843225674241094,0.016275409133481893,0.0,0.014019257620411405,20
k20_thr,strong,208,sep_univariate,1.7346010553881064,1.7346010553881064,1.4923092256086739,1.988650603563204,True,0.3365629775002519,0.01966060669445248,0.0,0.01626185311096326,20
k20_thr,strong,208,adaptshrink_dta,1.7346010553881064,1.7346010553881064,1.4610017215028421,1.9670363506180644,True,0.266605986363174,0.015494649287894376,-0.002279115905456302,0.013282926837297431,20
k20_thr,strong,209,reitsma,1.7346010553881064,1.7346010553881064,1.857737234123435,1.726697963136363,True,0.28856755232376424,0.023420422484935557,-0.015421554280570028,0.02018996715222465,20
k20_thr,strong,209,reitsma_indep,1.7346010553881064,1.7346010553881064,1.7298443362822646,1.728313644412172,True,0.36877703636708026,0.01835581696372357,0.0,0.02091164935911873,20
k20_thr,strong,209,sep_univariate,1.7346010553881064,1.7346010553881064,1.7324562893628341,1.7256251785271068,True,0.35622126927039904,0.01870354128944359,0.0,0.01914917718935088,20
k20_thr,strong,209,adaptshrink_dta,1.7346010553881064,1.7346010553881064,1.8173426146242,1.729570258302142,True,0.412109963787143,0.025524138184139435,-0.006540593839921203,0.020456633422087665,20
k20_thr,strong,210,reitsma,1.7346010553881064,1.7346010553881064,1.5263130845383928,1.9000396611858474,True,0.37697695171249257,0.04113983651273091,-0.024749698473247574,0.024639327864343738,20
k20_thr,strong,210,reitsma_indep,1.7346010553881064,1.7346010553881064,1.4732643386458484,1.924803858967777,True,0.6457036134713211,0.03781621443802904,0.0,0.031118786180349616,20
k20_thr,strong,210,sep_univariate,1.7346010553881064,1.7346010553881064,1.463510743582514,1.9342986408935625,True,0.6473757054125343,0.03539090745679367,0.0,0.03342376452141384,20
k20_thr,strong,210,adaptshrink_dta,1.7346010553881064,1.7346010553881064,1.5259377254989814,1.9174610863680244,True,0.6239299091044848,0.04475358091383506,-0.010207858865069886,0.02687981695469225,20
k20_thr,strong,211,reitsma,1.7346010553881064,1.7346010553881064,1.7840640291850667,1.576453393302496,True,0.32548081718671606,0.02227266202242032,-0.013168476898070196,0.02121068130009868,20
k20_thr,strong,211,reitsma_indep,1.7346010553881064,1.7346010553881064,1.7713980513766419,1.6013823548541664,True,0.41989593909653633,0.021709610236478775,0.0,0.02292269044104984,20
k20_thr,strong,211,sep_univariate,1.7346010553881064,1.7346010553881064,1.7986193183037542,1.6068013658047426,True,0.4747881000444001,0.02536224890094386,0.0,0.025086851403516793,20
k20_thr,strong,211,adaptshrink_dta,1.7346010553881064,1.7346010553881064,1.8076513020405227,1.5981027176045384,True,0.4241596284520294,0.02445000385583602,-0.004266615972824769,0.021513464139582703,20
k20_thr,strong,212,reitsma,1.7346010553881064,1.7346010553881064,1.8403242737325136,1.8801244245802526,True,0.23617057932431,0.018093206182616776,-0.008289799324598314,0.012499176571824089,20
k20_thr,strong,212,reitsma_indep,1.7346010553881064,1.7346010553881064,1.837247390253417,1.8256498067304208,True,0.2630355807315129,0.020148093058643755,0.0,0.00969235511004935,20
k20_thr,strong,212,sep_univariate,1.7346010553881064,1.7346010553881064,1.8401104120525889,1.8302697772964713,True,0.2784757359868647,0.021071222876423604,0.0,0.01038769637425367,20
k20_thr,strong,212,adaptshrink_dta,1.7346010553881064,1.7346010553881064,1.8387187806831562,1.8634609217142246,True,0.28691397096608956,0.0189415383485912,-0.003468072586392724,0.012901530945797358,20
k20_thr,strong,213,reitsma,1.7346010553881064,1.7346010553881064,2.010788274231691,1.4818440258641403,True,0.3504507739481302,0.019178536216877415,-0.014126232480992887,0.028479657184349923,20
k20_thr,strong,213,reitsma_indep,1.7346010553881064,1.7346010553881064,1.9978128916868247,1.4838517692499513,True,0.453831065405629,0.02038114116226245,0.0,0.028522934938343673,20
k20_thr,strong,213,sep_univariate,1.7346010553881064,1.7346010553881064,2.00599670138164,1.4704651380132905,True,0.42032801283546495,0.02149329192695561,0.0,0.023201069162929088,20
k20_thr,strong,213,adaptshrink_dta,1.7346010553881064,1.7346010553881064,2.0216624432998085,1.4876044990042232,True,0.44824894531289816,0.021052842472018142,-0.006015479919874882,0.028656614906569507,20
k20_thr,strong,214,reitsma,1.7346010553881064,1.7346010553881064,1.822319059313873,1.8361845662195315,True,0.3533795798284629,0.03928409394041093,-0.016259174668668636,0.015701691141810012,18
k20_thr,strong,214,reitsma_indep,1.7346010553881064,1.7346010553881064,1.794524974402249,1.8283475310272062,True,0.4650920808060192,0.03610044709245425,0.0,0.0169121793640937,18
k20_thr,strong,214,sep_univariate,1.7346010553881064,1.7346010553881064,1.8018999485558347,1.8326194588965032,True,0.4900975014353846,0.03825570520460129,0.0,0.017721604159864426,18
k20_thr,strong,214,adaptshrink_dta,1.7346010553881064,1.7346010553881064,1.8235406130304066,1.8350663991656118,True,0.4688523119996069,0.04062924019864977,-0.006499536459083415,0.016310750637155796,18
k20_thr,strong,215,reitsma,1.7346010553881064,1.7346010553881064,1.9572996883555023,1.710188232304621,True,0.2770584290405116,0.01928684040107727,-0.006688528123479042,0.013553051532389762,20
k20_thr,strong,215,reitsma_indep,1.7346010553881064,1.7346010553881064,1.9327277433924273,1.6949513364070852,True,0.27819526377117904,0.017021551476083082,0.0,0.012833188938283651,20
k20_thr,strong,215,sep_univariate,1.7346010553881064,1.7346010553881064,1.9456512972525892,1.7042835169756037,True,0.31024578089396343,0.018684360509789295,0.0,0.014540113509341883,20
k20_thr,strong,215,adaptshrink_dta,1.7346010553881064,1.7346010553881064,1.9623593000366948,1.7070028728275704,True,0.30504383171518357,0.019822655211483544,-0.002861770542789806,0.013662572099271188,20
k20_thr,strong,216,reitsma,1.7346010553881064,1.7346010553881064,1.9002254295376688,1.9096261601024547,True,0.43302762218587787,0.04079472788724311,-0.026585871630652996,0.03029960588121887,17
k20_thr,strong,216,reitsma_indep,1.7346010553881064,1.7346010553881064,1.9039403469509815,1.9017130536461335,True,0.6725179917745768,0.05013676726953086,0.0,0.02546160367724762,17
k20_thr,strong,216,sep_univariate,1.7346010553881064,1.7346010553881064,1.8562726476021985,1.8901924558558303,True,0.5646507657519182,0.04124557665383831,0.0,0.02181809005448657,17
k20_thr,strong,216,adaptshrink_dta,1.7346010553881064,1.7346010553881064,1.9085020055672555,1.922682832752009,True,0.7314414324431078,0.04799249092078171,-0.002564314508284786,0.03160146141576133,17
k20_thr,strong,217,reitsma,1.7346010553881064,1.7346010553881064,1.8923829524900724,1.8031626037436652,True,0.3126164475880937,0.01914126161000121,-0.00745866155568426,0.017317147876526943,20
k20_thr,strong,217,reitsma_indep,1.7346010553881064,1.7346010553881064,1.8302956691557102,1.7688912279391444,True,0.2976140802127689,0.01587114472002688,0.0,0.015751900618996596,20
k20_thr,strong,217,sep_univariate,1.7346010553881064,1.7346010553881064,1.827938893577113,1.7751617271536284,True,0.30503049346246214,0.015482742416126783,0.0,0.016961837296649452,20
k20_thr,strong,217,adaptshrink_dta,1.7346010553881064,1.7346010553881064,1.8681083815564747,1.7903918316826957,True,0.3446964732625103,0.019739670830035534,-0.003191487498568136,0.01750500483637726,20
k20_thr,strong,218,reitsma,1.7346010553881064,1.7346010553881064,1.6171091081914701,1.8253636221278635,True,0.5221152234461378,0.03416802124453108,-0.016805165724842974,0.030784334954739267,19
k20_thr,strong,218,reitsma_indep,1.7346010553881064,1.7346010553881064,1.625235131250698,1.8125256189506258,True,0.603364128878079,0.035110498641280616,0.0,0.02926551988644689,19
k20_thr,strong,218,sep_univariate,1.7346010553881064,1.7346010553881064,1.632569363161809,1.8133585896494007,True,0.622034192322476,0.036966662584114456,0.0,0.02954286019282261,19
k20_thr,strong,218,adaptshrink_dta,1.7346010553881064,1.7346010553881064,1.6325010044326345,1.8285124173381448,True,0.580036257764389,0.03470648974130894,-0.011184743933509858,0.030965589197075673,19
k20_thr,strong,219,reitsma,1.7346010553881064,1.7346010553881064,1.90055647402192,1.7682256985597766,True,0.3013149098881594,0.02746717278947873,-0.007605784867519816,0.011435644741381189,19
k20_thr,strong,219,reitsma_indep,1.7346010553881064,1.7346010553881064,1.9020523836755716,1.7706170452650398,True,0.34796152811692055,0.02878891533293327,0.0,0.011870565899099371,19
k20_thr,strong,219,sep_univariate,1.7346010553881064,1.7346010553881064,1.9105212175856308,1.7721124539952982,True,0.3654547894643069,0.03100936095601546,0.0,0.012156505933244336,19
k20_thr,strong,219,adaptshrink_dta,1.7346010553881064,1.7346010553881064,1.9065856354024149,1.7723154254755054,True,0.32392757545789835,0.027844111501381746,-0.005040755602022674,0.011549003620084989,19
k20_thr,strong,220,reitsma,1.7346010553881064,1.7346010553881064,1.759555938506446,1.8810207638311145,True,0.36014951878562856,0.023586324124123537,-0.015682516222986356,0.025948998822505683,17
k20_thr,strong,220,reitsma_indep,1.7346010553881064,1.7346010553881064,1.6785211891784095,1.8710043120371962,True,0.46829025663323764,0.02450085966940399,0.0,0.025262899113774925,17
k20_thr,strong,220,sep_univariate,1.7346010553881064,1.7346010553881064,1.6924982841370828,1.8720321922823062,True,0.49890951963093055,0.02702254859026803,0.0,0.025998694568438924,17
k20_thr,strong,220,adaptshrink_dta,1.7346010553881064,1.7346010553881064,1.733035217691366,1.8774887947650836,True,0.44722014520503595,0.02526687635270828,-0.009840539288392663,0.02617470994163275,17
k20_thr,strong,221,reitsma,1.7346010553881064,1.7346010553881064,1.7639408964623942,1.8965665454813794,True,0.23066209227702664,0.015758917208539794,-0.0077052754900382376,0.013296757117533507,20
k20_thr,strong,221,reitsma_indep,1.7346010553881064,1.7346010553881064,1.73175800529646,1.916137543395481,True,0.2754185152809595,0.015597400996519255,0.0,0.01372676803861047,20
k20_thr,strong,221,sep_univariate,1.7346010553881064,1.7346010553881064,1.7417915817580023,1.925014972450515,True,0.3096835443039467,0.016684919648183066,0.0,0.016223569180253847,20
k20_thr,strong,221,adaptshrink_dta,1.7346010553881064,1.7346010553881064,1.7547509010582207,1.9159781625233998,True,0.2910116973091394,0.017504322363240017,-0.0007399554926264984,0.013686850668391152,20
k20_thr,strong,222,reitsma,1.7346010553881064,1.7346010553881064,1.6027298600752276,1.6612467042910555,True,0.2542567209719309,0.013371572782985881,-0.007594486975510356,0.01795907328736237,20
k20_thr,strong,222,reitsma_indep,1.7346010553881064,1.7346010553881064,1.6671441907397002,1.676538604427693,True,0.31447868042205274,0.015471300756946629,0.0,0.018042215056627585,20
k20_thr,strong,222,sep_univariate,1.7346010553881064,1.7346010553881064,1.6740842612297864,1.6701554061367858,True,0.3106367785928807,0.016322120379883284,0.0,0.016686430269470604,20
k20_thr,strong,222,adaptshrink_dta,1.7346010553881064,1.7346010553881064,1.6611924280003694,1.6775180877206,True,0.3090023560922303,0.014863304198690466,-0.0007356067881873136,0.018168271489112507,20
k20_thr,strong,223,reitsma,1.7346010553881064,1.7346010553881064,2.0223342252714382,1.6819298606457684,True,0.2662625789245018,0.017714789899709774,-0.008188563772938643,0.015080958293614471,20
k20_thr,strong,223,reitsma_indep,1.7346010553881064,1.7346010553881064,1.9939487345417128,1.6734429470424887,True,0.27270175284595016,0.01363690341890539,0.0,0.015391975420711754,20
k20_thr,strong,223,sep_univariate,1.7346010553881064,1.7346010553881064,1.9920519284711848,1.6841030541665098,True,0.28835450866919,0.01327061803666677,0.0,0.01768465575836417,20
k20_thr,strong,223,adaptshrink_dta,1.7346010553881064,1.7346010553881064,2.0206356697723944,1.6803626926740391,True,0.3084219519978614,0.018405705327108876,-0.003484547088721733,0.01524690483623702,20
k20_thr,strong,224,reitsma,1.7346010553881064,1.7346010553881064,1.7669824923237873,1.9767762296574924,True,0.283259546414426,0.023540260144208937,-0.012015127612211043,0.015752990040853006,20
k20_thr,strong,224,reitsma_indep,1.7346010553881064,1.7346010553881064,1.6225575177670606,1.9624479063094533,True,0.3362428415218764,0.02066808482954137,0.0,0.015439745089528683,20
k20_thr,strong,224,sep_univariate,1.7346010553881064,1.7346010553881064,1.636192564888769,1.9616999585405954,True,0.35877473325417286,0.022488776771309345,0.0,0.016155192370169547,20
k20_thr,strong,224,adaptshrink_dta,1.7346010553881064,1.7346010553881064,1.7063397999481291,1.9636347285226117,True,0.36967854608907574,0.025645540949092303,-0.005021629813322293,0.016024079379145278,20
k20_thr,strong,225,reitsma,1.7346010553881064,1.7346010553881064,1.6105790319383622,1.9964004243951403,True,0.4647730950841823,0.03778352691914347,-0.02266536974825711,0.02973303767439033,20
k20_thr,strong,225,reitsma_indep,1.7346010553881064,1.7346010553881064,1.5483604192557154,1.99177635469061,True,0.6529397628299335,0.04135063207778483,0.0,0.02910035913386005,20
k20_thr,strong,225,sep_univariate,1.7346010553881064,1.7346010553881064,1.5403348431804984,1.987264763776538,True,0.6250654126191517,0.04001529601805039,0.0,0.027558728073018224,20
k20_thr,strong,225,adaptshrink_dta,1.7346010553881064,1.7346010553881064,1.5988693814296242,2.0044621053328777,True,0.6470709871704154,0.04184922925079209,-0.009609193688581166,0.03044549854768294,20
k20_thr,strong,226,reitsma,1.7346010553881064,1.7346010553881064,1.8101661528626498,1.8303310277074578,True,0.31778364777943874,0.028167529317058366,-0.007581274524546427,0.01215975221893324,20
k20_thr,strong,226,reitsma_indep,1.7346010553881064,1.7346010553881064,1.8040607481934827,1.8213842456943528,True,0.34631703228107913,0.02803781381198891,0.0,0.012073628866792798,20
k20_thr,strong,226,sep_univariate,1.7346010553881064,1.7346010553881064,1.8191474453540235,1.8276975899534746,True,0.39183443789392847,0.032238203406631936,0.0,0.013442147042104002,20
k20_thr,strong,226,adaptshrink_dta,1.7346010553881064,1.7346010553881064,1.8147636610977071,1.8309307641050694,True,0.33818635808039677,0.028442448973799245,-0.005136268096985381,0.012277101965520005,20
k20_thr,strong,227,reitsma,1.7346010553881064,1.7346010553881064,1.8499752992681104,1.8185963913387264,True,0.2874210090456939,0.02029447597822084,-0.01148687662405499,0.017990983884526128,20
k20_thr,strong,227,reitsma_indep,1.7346010553881064,1.7346010553881064,1.8469320165531635,1.800600219578926,True,0.33808508573701246,0.018186504312288475,0.0,0.01773932385916554,20
k20_thr,strong,227,sep_univariate,1.7346010553881064,1.7346010553881064,1.8517761479753865,1.80316072390073,True,0.3520197903535191,0.019261591076486645,0.0,0.018158345211560314,20
k20_thr,strong,227,adaptshrink_dta,1.7346010553881064,1.7346010553881064,1.8639375113599441,1.8174652870950836,True,0.3661901411383918,0.021695049318420232,-0.004813861164547839,0.01851377639416504,20
k20_thr,strong,228,reitsma,1.7346010553881064,1.7346010553881064,1.5277304688528945,2.086570985864903,True,0.3026686202593103,0.02064591925225749,-0.005785424975819397,0.014144961813424266,20
k20_thr,strong,228,reitsma_indep,1.7346010553881064,1.7346010553881064,1.4880652056370134,2.0645531277342815,True,0.29483878278257836,0.018779569319869193,0.0,0.013065254021362716,20
k20_thr,strong,228,sep_univariate,1.7346010553881064,1.7346010553881064,1.514376638385969,2.0875496247397214,True,0.35911662872403427,0.022661535849456283,0.0,0.01606260418407958,20
k20_thr,strong,228,adaptshrink_dta,1.7346010553881064,1.7346010553881064,1.5205380995541888,2.0842627878887274,True,0.3249733773127564,0.02108735347216412,-0.002471750363283317,0.01442511452327608,20
k20_thr,strong,229,reitsma,1.7346010553881064,1.7346010553881064,1.6273758667766747,1.9430674689746503,True,0.29415113690509787,0.02250562633057054,-0.007661517207299536,0.01345954674480858,19
k20_thr,strong,229,reitsma_indep,1.7346010553881064,1.7346010553881064,1.6139924216887815,1.9285295726282843,True,0.32179294952798865,0.021967899248599154,0.0,0.013304507044977305,19
k20_thr,strong,229,sep_univariate,1.7346010553881064,1.7346010553881064,1.621612155372818,1.9305216143366863,True,0.3397684150322412,0.02385287323163196,0.0,0.013660279183948798,19
k20_thr,strong,229,adaptshrink_dta,1.7346010553881064,1.7346010553881064,1.629197483345805,1.9420662708034773,True,0.31719095414168635,0.02283037108279627,-0.005086134993583799,0.013571438942608934,19
k20_thr,strong,230,reitsma,1.7346010553881064,1.7346010553881064,1.6589917496562938,1.9970122253553442,True,0.3251146442651722,0.023370553856210216,-0.006466345409893088,0.014554672995390186,20
k20_thr,strong,230,reitsma_indep,1.7346010553881064,1.7346010553881064,1.6135583864630751,2.0063543588585033,True,0.3461806033130453,0.022243384508534386,0.0,0.015206835870043253,20
k20_thr,strong,230,sep_univariate,1.7346010553881064,1.7346010553881064,1.625383950001127,2.0085116161318424,True,0.37052320315462134,0.024037243135786642,0.0,0.016120571355162698,20
k20_thr,strong,230,adaptshrink_dta,1.7346010553881064,1.7346010553881064,1.6520194975093903,2.001348418437282,True,0.34036674346338874,0.023663059201091692,-0.0043801969378669155,0.014629200341506433,20
k20_thr,strong,231,reitsma,1.7346010553881064,1.7346010553881064,1.8878630164547474,1.8600626880098496,True,0.38979900713130533,0.027880635309841792,0.0014236439175987498,0.015454703157493152,18
k20_thr,strong,231,reitsma_indep,1.7346010553881064,1.7346010553881064,1.8884680395235764,1.8644007917037204,True,0.39511195044622077,0.02800526766750369,0.0,0.015733845088123165,18
k20_thr,strong,231,sep_univariate,1.7346010553881064,1.7346010553881064,1.8943283960554862,1.8675474430073922,True,0.41944140472105673,0.030042901337671304,0.0,0.0165285590518475,18
k20_thr,strong,231,adaptshrink_dta,1.7346010553881064,1.7346010553881064,1.8880378146887473,1.8612586705646286,True,0.390388463682698,0.027886203582598728,0.0009284310259829986,0.015456395646120688,18
k20_thr,strong,232,reitsma,1.7346010553881064,1.7346010553881064,1.8162307020142907,1.7669043815366061,True,0.22819929451296908,0.011594616678550225,-0.003876139376394495,0.013972520534107151,20
k20_thr,strong,232,reitsma_indep,1.7346010553881064,1.7346010553881064,1.7739106554972446,1.752439587451975,True,0.23584240640083445,0.011529412739680297,0.0,0.013616668832202217,20
k20_thr,strong,232,sep_univariate,1.7346010553881064,1.7346010553881064,1.7745141348753608,1.7506746235451511,True,0.23309878046385962,0.011984294422176876,0.0,0.012796812295105056,20
k20_thr,strong,232,adaptshrink_dta,1.7346010553881064,1.7346010553881064,1.8007662076532787,1.7620354158369649,True,0.23663479325863473,0.01178029820009045,-0.0026250410037307595,0.014001321038555063,20
k20_thr,strong,233,reitsma,1.7346010553881064,1.7346010553881064,1.8747040045086278,1.8815744307325815,True,0.3668054838636525,0.03083163106599867,-0.004823600806119679,0.013071777739625572,19
k20_thr,strong,233,reitsma_indep,1.7346010553881064,1.7346010553881064,1.8654283782413144,1.866588335950275,True,0.37116355528662964,0.030203431530524544,0.0,0.012873855537001587,19
k20_thr,strong,233,sep_univariate,1.7346010553881064,1.7346010553881064,1.8747957524405603,1.8714776244902425,True,0.3951687169829481,0.0325199585838687,0.0,0.013553435612822549,19
k20_thr,strong,233,adaptshrink_dta,1.7346010553881064,1.7346010553881064,1.8748073369652827,1.8783309227963274,True,0.3742032904478067,0.03093013955616498,-0.003214237560668452,0.013112159735958947,19
k20_thr,strong,234,reitsma,1.7346010553881064,1.7346010553881064,1.7340054227055421,1.7978759343832367,True,0.2964328323782074,0.01402951001557562,-0.0029033010636431017,0.01827927379449872,20
k20_thr,strong,234,reitsma_indep,1.7346010553881064,1.7346010553881064,1.7391056740431563,1.8056007073542208,True,0.3033870040111752,0.013843426372307437,0.0,0.01876655769186512,20
k20_thr,strong,234,sep_univariate,1.7346010553881064,1.7346010553881064,1.741135266927058,1.8188243735452927,True,0.3351341405557788,0.014037957438423208,0.0,0.02258227490971914,20
k20_thr,strong,234,adaptshrink_dta,1.7346010553881064,1.7346010553881064,1.738276620676665,1.8002708291687428,True,0.3002370910552994,0.014119432697016036,-0.001970722892362948,0.018294687325253235,20
k20_thr,strong,235,reitsma,1.7346010553881064,1.7346010553881064,1.626165595702732,1.9835591737604172,True,0.3679466586548839,0.03095105043046844,-0.010814663831643324,0.016124837898555757,20
k20_thr,strong,235,reitsma_indep,1.7346010553881064,1.7346010553881064,1.636824300331647,1.9607740229218247,True,0.42025352501199753,0.032438619697263,0.0,0.015367196003268505,20
k20_thr,strong,235,sep_univariate,1.7346010553881064,1.7346010553881064,1.6405099528665819,1.9717760762527055,True,0.4596635723895343,0.033625476253284305,0.0,0.017735604628521612,20
k20_thr,strong,235,adaptshrink_dta,1.7346010553881064,1.7346010553881064,1.6334196520620636,1.9806116495557953,True,0.40195810757103007,0.03134575806429155,-0.007332757288926073,0.01626382394282002,20
k20_thr,strong,236,reitsma,1.7346010553881064,1.7346010553881064,1.6466813762617618,1.9144826620991935,True,0.3574281222491398,0.014255127633601976,-0.010283092180894102,0.032713165329206186,20
k20_thr,strong,236,reitsma_indep,1.7346010553881064,1.7346010553881064,1.5502155008414487,1.910230123443477,True,0.3378138658004358,0.009947437767209797,0.0,0.03238008460328577,20
k20_thr,strong,236,sep_univariate,1.7346010553881064,1.7346010553881064,1.573138611598573,1.910709283122148,True,0.3765030266572006,0.012262038695702632,0.0,0.03262935794726553,20
k20_thr,strong,236,adaptshrink_dta,1.7346010553881064,1.7346010553881064,1.6222284014227288,1.9152972907116168,True,0.41091625671899634,0.01511011971297144,-0.004403965489112692,0.03282439309007844,20
k20_thr,strong,237,reitsma,1.7346010553881064,1.7346010553881064,1.486482305972021,1.852466779363195,True,0.2628355781487353,0.02623176624375784,-0.013202991463468495,0.014078525805254854,20
k20_thr,strong,237,reitsma_indep,1.7346010553881064,1.7346010553881064,1.4194520862966322,1.888217695244007,True,0.3352934306766052,0.01817159441724387,0.0,0.017461892929085347,20
k20_thr,strong,237,sep_univariate,1.7346010553881064,1.7346010553881064,1.4339129975595932,1.8988343688142464,True,0.3808691475350663,0.020860286464781105,0.0,0.019627527141780912,20
k20_thr,strong,237,adaptshrink_dta,1.7346010553881064,1.7346010553881064,1.4872438069416578,1.876470010733145,True,0.36256412168675245,0.027382839254770013,-0.0055864548387182435,0.014689277083858853,20
k20_thr,strong,238,reitsma,1.7346010553881064,1.7346010553881064,2.022962460282347,1.7741908013765104,True,0.4471895658809876,0.02407702010466365,-0.01068961488483438,0.028189020606662847,20
k20_thr,strong,238,reitsma_indep,1.7346010553881064,1.7346010553881064,1.9727994839984262,1.7734454085670954,True,0.4542168871953561,0.020438194939046705,0.0,0.028491694774133814,20
k20_thr,strong,238,sep_univariate,1.7346010553881064,1.7346010553881064,1.982470858236876,1.773328240794624,True,0.4703980245352958,0.02196060856807817,0.0,0.028439429122605928,20
k20_thr,strong,238,adaptshrink_dta,1.7346010553881064,1.7346010553881064,2.020243757317469,1.7758750907085596,True,0.47557309419246874,0.024466583810628908,-0.007254794897923594,0.028242466921100124,20
k20_thr,strong,239,reitsma,1.7346010553881064,1.7346010553881064,2.0393528554962943,1.6483021607897257,True,0.32092882865243705,0.03584176991988013,-0.01641258178342589,0.015626385775836894,19
k20_thr,strong,239,reitsma_indep,1.7346010553881064,1.7346010553881064,1.9805847392948082,1.627291466308789,True,0.4540187401790372,0.03631021985611014,0.0,0.016023336266649757,19
k20_thr,strong,239,sep_univariate,1.7346010553881064,1.7346010553881064,1.9911189142725514,1.633315288414464,True,0.4924028894247745,0.0385711221560378,0.0,0.017742433180086312,19
k20_thr,strong,239,adaptshrink_dta,1.7346010553881064,1.7346010553881064,2.0233235699348016,1.6367366621760546,True,0.457640223236791,0.03944123403458467,-0.006701432965530087,0.016126237802515493,19
k20_thr,strong,240,reitsma,1.7346010553881064,1.7346010553881064,1.6483666127881138,1.9891002262382569,True,0.37740082093034955,0.01714810747014417,-0.014719496495605626,0.03607840923640646,19
k20_thr,strong,240,reitsma_indep,1.7346010553881064,1.7346010553881064,1.5368745487900237,1.9880126142433414,True,0.3862206187877352,0.01156166069323165,0.0,0.03641538935787145,19
k20_thr,strong,240,sep_univariate,1.7346010553881064,1.7346010553881064,1.5616589094034778,1.984760796876832,True,0.4267813858256378,0.01464993668532921,0.0,0.03509210804215644,19
k20_thr,strong,240,adaptshrink_dta,1.7346010553881064,1.7346010553881064,1.6261682321905275,1.9928172307502852,True,0.4902445464658254,0.019495588237989688,-0.005959692472441796,0.03661737549585374,19
k20_thr,strong,241,reitsma,1.7346010553881064,1.7346010553881064,1.8278355369079928,2.005947478073509,True,0.43201979966925647,0.03708856511606755,-0.005666120716244989,0.015069330164349066,20
k20_thr,strong,241,reitsma_indep,1.7346010553881064,1.7346010553881064,1.8126330299753248,1.9861153981568587,True,0.4345453304253009,0.036672377131184944,0.0,0.01453333818652136,20
k20_thr,strong,241,sep_univariate,1.7346010553881064,1.7346010553881064,1.8205433983647177,1.9915821760697492,True,0.47486341821015315,0.03983997737922429,0.0,0.01597543205635599,20
k20_thr,strong,241,adaptshrink_dta,1.7346010553881064,1.7346010553881064,1.82412440093063,2.0007635803617934,True,0.4401942988802888,0.03717123218416113,-0.00385126667596013,0.015112529945511093,20
k20_thr,strong,242,reitsma,1.7346010553881064,1.7346010553881064,1.8815400575746912,1.7060692967613675,True,0.3909421613411046,0.02971457194493528,-0.02262471192065033,0.031743915954665414,20
k20_thr,strong,242,reitsma_indep,1.7346010553881064,1.7346010553881064,1.8992921474232858,1.635562923327522,True,0.5743008147395975,0.03572671639484638,0.0,0.02605673698465396,20
k20_thr,strong,242,sep_univariate,1.7346010553881064,1.7346010553881064,1.9057997904281825,1.649235159594306,True,0.6520010938512748,0.038103176456588186,0.0,0.03148978776880748,20
k20_thr,strong,242,adaptshrink_dta,1.7346010553881064,1.7346010553881064,1.8941400991358903,1.6812738132338279,True,0.5817053774402478,0.03218778623599051,-0.009626909044247223,0.03255144205090863,20
k20_thr,strong,243,reitsma,1.7346010553881064,1.7346010553881064,1.7055303867653513,1.9690350592570123,True,0.2721918347922861,0.01571595063813766,-0.009286078329053541,0.0187927478607044,19
k20_thr,strong,243,reitsma_indep,1.7346010553881064,1.7346010553881064,1.621603318392592,1.9582861059668093,True,0.24412924068539568,0.009332397626383184,0.0,0.018025222450157537,19
k20_thr,strong,243,sep_univariate,1.7346010553881064,1.7346010553881064,1.6293192811859012,1.9650738943648003,True,0.2717629043266271,0.010296212860721392,0.0,0.020245900812444317,19
k20_thr,strong,243,adaptshrink_dta,1.7346010553881064,1.7346010553881064,1.6882252145547778,1.9683765525522454,True,0.3277811134648409,0.016671975856183296,-0.003805242192552751,0.019057776081664167,19
k20_thr,strong,244,reitsma,1.7346010553881064,1.7346010553881064,1.7751672694657792,1.6800008497748247,True,0.32410553919303453,0.02299773696932086,-0.011422223697120667,0.01856509756711171,19
k20_thr,strong,244,reitsma_indep,1.7346010553881064,1.7346010553881064,1.707799051727216,1.6970509830167355,True,0.38521718947395517,0.020711844101402102,0.0,0.020222126141040665,19
k20_thr,strong,244,sep_univariate,1.7346010553881064,1.7346010553881064,1.727806482197429,1.6935266319064115,True,0.39940359141512055,0.023141119867263176,0.0,0.019456908046454675,19
k20_thr,strong,244,adaptshrink_dta,1.7346010553881064,1.7346010553881064,1.7679120788246987,1.6942297300407745,True,0.39570008926594596,0.024510661738502044,-0.004732298986586678,0.018944325860349245,19
k20_thr,strong,245,reitsma,1.7346010553881064,1.7346010553881064,1.7154401384175708,1.998280541138053,True,0.30933207447647604,0.023981366030775754,-0.00855688162751409,0.01431507664673993,20
k20_thr,strong,245,reitsma_indep,1.7346010553881064,1.7346010553881064,1.6824916016467708,1.9366440872482638,True,0.31340963761421736,0.023197826818468967,0.0,0.011951203998121215,20
k20_thr,strong,245,sep_univariate,1.7346010553881064,1.7346010553881064,1.6847705470910619,1.9404758782637226,True,0.3307422876231642,0.0244753140854711,0.0,0.01261494743180258,20
k20_thr,strong,245,adaptshrink_dta,1.7346010553881064,1.7346010553881064,1.6940496515414378,1.9681567000651408,True,0.3511792455410838,0.0243029810313141,-0.002807690806222713,0.014647316317024048,20
k20_thr,strong,246,reitsma,1.7346010553881064,1.7346010553881064,1.8286504646757769,1.7272653592256906,True,0.35340208272983165,0.031351378991045745,-0.014455422765295316,0.01790894388694218,19
k20_thr,strong,246,reitsma_indep,1.7346010553881064,1.7346010553881064,1.8983138097809658,1.7176948264601066,True,0.49531221146277,0.03829160152811272,0.0,0.018083762993879145,19
k20_thr,strong,246,sep_univariate,1.7346010553881064,1.7346010553881064,1.916345183058385,1.7385312833403885,True,0.5719690035867215,0.042826597881533424,0.0,0.02156084011827672,19
k20_thr,strong,246,adaptshrink_dta,1.7346010553881064,1.7346010553881064,1.882875143379554,1.740521150951491,True,0.46078282170373214,0.03371351914338668,-0.005843997512844625,0.018788552554168326,19
k20_thr,strong,247,reitsma,1.7346010553881064,1.7346010553881064,1.9015583559927969,1.381605560020191,True,0.33336497411042176,0.023141410781677998,-0.012333935767485161,0.020128282398964865,20
k20_thr,strong,247,reitsma_indep,1.7346010553881064,1.7346010553881064,1.8203353822677746,1.406178017962582,True,0.3889675683061255,0.01864861512099354,0.0,0.022898891785066437,20
k20_thr,strong,247,sep_univariate,1.7346010553881064,1.7346010553881064,1.8434879602014957,1.3794713740481308,True,0.3663245894226401,0.02154484437085689,0.0,0.0175801691211854,20
k20_thr,strong,247,adaptshrink_dta,1.7346010553881064,1.7346010553881064,1.8786143776280468,1.3974054492711296,True,0.4291607658718449,0.025390290658871245,-0.0012183630093469502,0.020532648367164747,20
k20_thr,strong,248,reitsma,1.7346010553881064,1.7346010553881064,1.9852356714327593,1.7486526969268077,True,0.5687707335871068,0.04397980648809224,-0.006861969185178934,0.02183198446843484,19
k20_thr,strong,248,reitsma_indep,1.7346010553881064,1.7346010553881064,1.9696770312091252,1.7474020450881715,True,0.5745258797885346,0.04317179282558764,0.0,0.02158009616138103,19
k20_thr,strong,248,sep_univariate,1.7346010553881064,1.7346010553881064,1.9911996443717033,1.7478753938276614,True,0.6004232365525878,0.04690495542349363,0.0,0.021693544738981493,19
k20_thr,strong,248,adaptshrink_dta,1.7346010553881064,1.7346010553881064,1.9866462106444551,1.749950437527509,True,0.5791768717589104,0.04426266315649315,-0.004570399556182202,0.021862334548269774,19
k20_thr,strong,249,reitsma,1.7346010553881064,1.7346010553881064,1.8072182861858843,1.7788087610137149,True,0.43127364730599776,0.04165367385890487,-0.02426863447029229,0.026742981221746495,20
k20_thr,strong,249,reitsma_indep,1.7346010553881064,1.7346010553881064,1.6475412832954306,1.7618701622510915,True,0.575719789938449,0.03552509071659472,0.0,0.026334276297575215,20
k20_thr,strong,249,sep_univariate,1.7346010553881064,1.7346010553881064,1.6721658986216443,1.7623783672612026,True,0.6210163226255758,0.04085723653803988,0.0,0.026642275103773094,20
k20_thr,strong,249,adaptshrink_dta,1.7346010553881064,1.7346010553881064,1.776819637984253,1.7726466648187575,True,0.5783812283865997,0.044562600358569605,-0.016274477355798275,0.02713162309248971,20
k20_thr,strong,250,reitsma,1.7346010553881064,1.7346010553881064,1.9817505286465305,1.739669431803739,True,0.29366343041958726,0.025836397892603107,-0.013840488007872416,0.01683542094983984,19
k20_thr,strong,250,reitsma_indep,1.7346010553881064,1.7346010553881064,1.9400517254903136,1.7445073891665763,True,0.38720219124161437,0.023867551691765604,0.0,0.017729725344333896,19
k20_thr,strong,250,sep_univariate,1.7346010553881064,1.7346010553881064,1.9503971029604752,1.7438059042593173,True,0.399494059144752,0.025673085222945355,0.0,0.017545948694519246,19
k20_thr,strong,250,adaptshrink_dta,1.7346010553881064,1.7346010553881064,1.972145135035684,1.744523840615658,True,0.4194003100111617,0.02869040918502063,-0.0013493894426850847,0.017367804702048465,19
k20_thr,strong,251,reitsma,1.7346010553881064,1.7346010553881064,1.7778546831951705,2.003086745769291,True,0.41131555271536896,0.033479033231559006,-0.02328509516495637,0.030458105329014818,20
k20_thr,strong,251,reitsma_indep,1.7346010553881064,1.7346010553881064,1.7673592823292679,1.9673949484633042,True,0.6360479100826066,0.037930875037134285,0.0,0.030103782336180576,20
k20_thr,strong,251,sep_univariate,1.7346010553881064,1.7346010553881064,1.7562440308882388,1.9551470926857484,True,0.5737372077887357,0.0352507708954756,0.0,0.02635673918209113,20
k20_thr,strong,251,adaptshrink_dta,1.7346010553881064,1.7346010553881064,1.7674594646894524,1.9764849294508768,True,0.6245578105134758,0.03552723618564551,-0.002348764150411824,0.031145034862908472,20
k20_thr,strong,252,reitsma,1.7346010553881064,1.7346010553881064,1.713812458244212,1.7569763054286476,True,0.21414989403572884,0.012985561756894548,-0.007115518818226871,0.013867020589140433,20
k20_thr,strong,252,reitsma_indep,1.7346010553881064,1.7346010553881064,1.657230526062187,1.7296748632602175,True,0.21100862553283684,0.009575880462509475,0.0,0.013123690147204898,20
k20_thr,strong,252,sep_univariate,1.7346010553881064,1.7346010553881064,1.6660979233334516,1.7267136360433673,True,0.23987476319015802,0.013043100319980624,0.0,0.012451525155072344,20
k20_thr,strong,252,adaptshrink_dta,1.7346010553881064,1.7346010553881064,1.6905045876698783,1.7453555189994145,True,0.25737718999100306,0.013913105083977813,-0.002986194886729945,0.014079417427537131,20
k20_thr,strong,253,reitsma,1.7346010553881064,1.7346010553881064,1.6221567718058905,1.9361168180686108,True,0.2809445150087893,0.01695676440463443,-0.008142709134781354,0.01704825790024186,20
k20_thr,strong,253,reitsma_indep,1.7346010553881064,1.7346010553881064,1.5996960886651093,1.9337101836471278,True,0.269249265018533,0.011838732591186394,0.0,0.017283755293340107,20
k20_thr,strong,253,sep_univariate,1.7346010553881064,1.7346010553881064,1.6495214124324262,1.935256106814513,True,0.3397696526565392,0.0185825852303008,0.0,0.017534658251562446,20
k20_thr,strong,253,adaptshrink_dta,1.7346010553881064,1.7346010553881064,1.6453106292766972,1.9409180827571146,True,0.3231355511259159,0.017730724728053756,-0.003452363621215823,0.017293982249338168,20
k20_thr,strong,254,reitsma,1.7346010553881064,1.7346010553881064,1.7892586780352087,1.9621124865853816,True,0.47200591459903013,0.031983852469268936,-0.01528049323237989,0.026961027645950115,18
k20_thr,strong,254,reitsma_indep,1.7346010553881064,1.7346010553881064,1.7676384539990981,1.9607440025275633,True,0.5618420410989131,0.03188480915539612,0.0,0.0279433783662428,18
k20_thr,strong,254,sep_univariate,1.7346010553881064,1.7346010553881064,1.7663376474639572,1.9446600880332843,True,0.5127142060229434,0.0315325172239187,0.0,0.023530238379625944,18
k20_thr,strong,254,adaptshrink_dta,1.7346010553881064,1.7346010553881064,1.790167628482657,1.96525686257478,True,0.533388757584473,0.0329955983201388,-0.009852693535417834,0.027279016526298026,18
k20_thr,strong,255,reitsma,1.7346010553881064,1.7346010553881064,2.1870949966864166,1.6915927318057553,True,0.5776860267701017,0.03835843764589118,-0.030658399633145036,0.04906002962833451,18
k20_thr,strong,255,reitsma_indep,1.7346010553881064,1.7346010553881064,2.083829415971237,1.6380560967688875,True,0.78786886920508,0.040149004952814246,0.0,0.04363825362269178,18
k20_thr,strong,255,sep_univariate,1.7346010553881064,1.7346010553881064,2.0840617752255644,1.6392733339027725,True,0.8013392116190877,0.04020651296741252,0.0,0.045078623541326995,18
k20_thr,strong,255,adaptshrink_dta,1.7346010553881064,1.7346010553881064,2.103556792368638,1.6464995094795114,True,0.8586679240004059,0.04225377877013014,-0.003051991964687126,0.04947191495263023,18
k20_thr,strong,256,reitsma,1.7346010553881064,1.7346010553881064,1.8744516326334926,1.7766450783296384,True,0.39900021950129994,0.038697841761373204,-0.02424792053453864,0.02680530094779819,17
k20_thr,strong,256,reitsma_indep,1.7346010553881064,1.7346010553881064,1.8789294538481607,1.7405925016584352,True,0.5527930682452589,0.0397390386684655,0.0,0.02170411526661943,17
k20_thr,strong,256,sep_univariate,1.7346010553881064,1.7346010553881064,1.8911427209145237,1.7484208387974307,True,0.6143417927349332,0.04463530342906849,0.0,0.02386579450996686,17
k20_thr,strong,256,adaptshrink_dta,1.7346010553881064,1.7346010553881064,1.8884844706683752,1.7660504356105315,True,0.6355291234917453,0.04123874508610611,-0.0023922390462506496,0.027782699769104656,17
k20_thr,strong,257,reitsma,1.7346010553881064,1.7346010553881064,1.60706859170169,1.9257919311992509,True,0.36382454677158477,0.017220209427096483,-0.002229545777657581,0.021984673137360255,20
k20_thr,strong,257,reitsma_indep,1.7346010553881064,1.7346010553881064,1.6051181095412925,1.9229816447307257,True,0.3645766825957828,0.017239971611725993,0.0,0.021760832107642118,20
k20_thr,strong,257,sep_univariate,1.7346010553881064,1.7346010553881064,1.6121513190690933,1.930754503687546,True,0.3946003752785719,0.018411474820755596,0.0,0.023870453857686963,20
k20_thr,strong,257,adaptshrink_dta,1.7346010553881064,1.7346010553881064,1.6068190507151776,1.9253945876160263,True,0.3654484710891993,0.017243752424306952,-0.0015155656916511669,0.021993437149045867,20
k20_thr,strong,258,reitsma,1.7346010553881064,1.7346010553881064,1.7689938781428418,1.759740243313953,True,0.3612174297963067,0.03188214863628921,-0.006995581264664102,0.013086090100046221,20
k20_thr,strong,258,reitsma_indep,1.7346010553881064,1.7346010553881064,1.7852385866367395,1.7499849334484645,True,0.3760012453020241,0.03416675596807477,0.0,0.011679092220831981,20
k20_thr,strong,258,sep_univariate,1.7346010553881064,1.7346010553881064,1.8116887617615398,1.7522677825242552,True,0.4289858264199495,0.04307779361106701,0.0,0.012057761868434111,20
k20_thr,strong,258,adaptshrink_dta,1.7346010553881064,1.7346010553881064,1.7753586270997868,1.7614220343595577,True,0.37619113801264464,0.03206204703830216,-0.004745621752615335,0.01316075588169781,20
k20_thr,strong,259,reitsma,1.7346010553881064,1.7346010553881064,1.7730588398299818,2.233796736560625,True,0.24083047281383083,0.016080222428982684,-0.004640555171540159,0.011519613211980537,18
k20_thr,strong,259,reitsma_indep,1.7346010553881064,1.7346010553881064,1.746742710284722,2.213521773410762,True,0.25206583715446823,0.015875592765478508,0.0,0.011296197974739868,18
k20_thr,strong,259,sep_univariate,1.7346010553881064,1.7346010553881064,1.7491968755148881,2.220307151734894,True,0.27237810619721214,0.01654531072133182,0.0,0.012656211717564888,18
k20_thr,strong,259,adaptshrink_dta,1.7346010553881064,1.7346010553881064,1.7594853624491165,2.224186412047669,True,0.257736627857166,0.0163399144064902,-0.0018497183392155335,0.011683972003380888,18
k20_thr,strong,260,reitsma,1.7346010553881064,1.7346010553881064,2.0129619952181956,1.7383788829621303,True,0.34354547646335887,0.01817028421025751,-0.007064741831317714,0.021080139875273463,20
k20_thr,strong,260,reitsma_indep,1.7346010553881064,1.7346010553881064,1.9643273619317578,1.7345546163952217,True,0.3421549846673939,0.015505165919591741,0.0,0.021310988353332557,20
k20_thr,strong,260,sep_univariate,1.7346010553881064,1.7346010553881064,1.981518868432906,1.738261845626058,True,0.3730835996369018,0.017537281492661243,0.0,0.02240187196024316,20
k20_thr,strong,260,adaptshrink_dta,1.7346010553881064,1.7346010553881064,2.006380574430408,1.7374710745840554,True,0.3714062200044552,0.018834421211958295,-0.0030245104200114907,0.021157585633705487,20
k20_thr,strong,261,reitsma,1.7346010553881064,1.7346010553881064,1.8151887572841123,1.7724499825465019,True,0.262396501648018,0.01325097305080987,-0.004861375738863236,0.016449182297636235,20
k20_thr,strong,261,reitsma_indep,1.7346010553881064,1.7346010553881064,1.7718436215096467,1.7655657547055694,True,0.25504223662793557,0.011376092979532924,0.0,0.016138581159962844,20
k20_thr,strong,261,sep_univariate,1.7346010553881064,1.7346010553881064,1.7906004962024793,1.763747614543094,True,0.27923378684993944,0.014084328387139834,0.0,0.015625504801291643,20
k20_thr,strong,261,adaptshrink_dta,1.7346010553881064,1.7346010553881064,1.8093608797289529,1.7718402127044706,True,0.2739755772565095,0.01350820240828889,-0.0032915919177682975,0.016486203066531417,20
k20_thr,strong,262,reitsma,1.7346010553881064,1.7346010553881064,1.7941241802583086,1.8094530439453353,True,0.3557891920930193,0.03928781516495556,-0.023422560088170754,0.02305817768620057,20
k20_thr,strong,262,reitsma_indep,1.7346010553881064,1.7346010553881064,1.7064298561567814,1.8098863138621555,True,0.5204760532681696,0.03195316839048007,0.0,0.023928850935959242,20
k20_thr,strong,262,sep_univariate,1.7346010553881064,1.7346010553881064,1.742159808097012,1.8074040496532184,True,0.5950057023974112,0.04344448581717222,0.0,0.02300074278047842,20
k20_thr,strong,262,adaptshrink_dta,1.7346010553881064,1.7346010553881064,1.7768069219989338,1.8184585587538302,True,0.5568364348028814,0.04134371109224607,-0.010029293361284457,0.02360095218107842,20
k20_thr,strong,263,reitsma,1.7346010553881064,1.7346010553881064,1.6154133003525852,1.8493419939506366,True,0.4131653634822101,0.022087799215555204,-0.008687986801217466,0.025231036636757583,20
k20_thr,strong,263,reitsma_indep,1.7346010553881064,1.7346010553881064,1.5875702869283301,1.8504224126793691,True,0.41826829429384776,0.019936269677670454,0.0,0.024768531461756994,20
k20_thr,strong,263,sep_univariate,1.7346010553881064,1.7346010553881064,1.6161949724722253,1.8525730557374873,True,0.456409492924233,0.023159604548872434,0.0,0.025387063247810728,20
k20_thr,strong,263,adaptshrink_dta,1.7346010553881064,1.7346010553881064,1.6222414265703036,1.8546100835466108,True,0.4494162188007947,0.022805710783926313,-0.00285563432589359,0.025354584640548433,20
k20_thr,strong,264,reitsma,1.7346010553881064,1.7346010553881064,1.8763489221963945,1.8936444595199182,True,0.35959341031998665,0.04705536615530728,-0.01869050951102671,0.01518010941238787,20
k20_thr,strong,264,reitsma_indep,1.7346010553881064,1.7346010553881064,1.7904236947123708,1.9022997101982544,True,0.47207365953603286,0.04176895224236752,0.0,0.015059141805619326,20
k20_thr,strong,264,sep_univariate,1.7346010553881064,1.7346010553881064,1.7993934904369318,1.907707540466455,True,0.5014512666018716,0.043737250957668866,0.0,0.016227075229501606,20
k20_thr,strong,264,adaptshrink_dta,1.7346010553881064,1.7346010553881064,1.8684393624888926,1.9097052967424129,True,0.5033086085404604,0.04984574634432557,-0.007961815055038695,0.015615885447753858,20
k20_thr,strong,265,reitsma,1.7346010553881064,1.7346010553881064,1.5877482939638512,1.9287389843860476,True,0.31981414545356024,0.029970567052901565,-0.008475447438130708,0.012029194801698293,20
k20_thr,strong,265,reitsma_indep,1.7346010553881064,1.7346010553881064,1.5556436994604372,1.92585651444426,True,0.348684637495457,0.028712922672024573,0.0,0.011951502110636409,20
k20_thr,strong,265,sep_univariate,1.7346010553881064,1.7346010553881064,1.5678916962516525,1.9298366081009197,True,0.3813390750363834,0.03125462963683392,0.0,0.013132352380511095,20
k20_thr,strong,265,adaptshrink_dta,1.7346010553881064,1.7346010553881064,1.5855327073238092,1.9301868426007383,True,0.3451142903986135,0.030324500109552652,-0.005731260994863487,0.012168981480290482,20
k20_thr,strong,266,reitsma,1.7346010553881064,1.7346010553881064,1.8209193346685553,1.796252439082652,True,0.3493793057894219,0.028585336098776712,-0.016125931656322017,0.02114989732716105,20
k20_thr,strong,266,reitsma_indep,1.7346010553881064,1.7346010553881064,1.8088117058468964,1.7649068950966769,True,0.4385010375835686,0.02819743051197745,0.0,0.01924713012677685,20
k20_thr,strong,266,sep_univariate,1.7346010553881064,1.7346010553881064,1.8161586398800451,1.751705629703338,True,0.42848908251114043,0.030231205443212228,0.0,0.01714187501649204,20
k20_thr,strong,266,adaptshrink_dta,1.7346010553881064,1.7346010553881064,1.8326917548163908,1.796197130182395,True,0.46403823538102645,0.030045531829622947,-0.006869127521620601,0.021798864224291982,20
k20_thr,strong,267,reitsma,1.7346010553881064,1.7346010553881064,1.881227461411864,1.7490312411738913,True,0.3147003315525834,0.01822749181070068,-0.0023281034758646825,0.015632991383751987,20
k20_thr,strong,267,reitsma_indep,1.7346010553881064,1.7346010553881064,1.878261498274976,1.7489701955489247,True,0.3170700613748305,0.018084338382786853,0.0,0.015690692654150355,20
k20_thr,strong,267,sep_univariate,1.7346010553881064,1.7346010553881064,1.8685719429457541,1.7498340665728733,True,0.30822621853336607,0.016864273299414957,0.0,0.01590031732240174,20
k20_thr,strong,267,adaptshrink_dta,1.7346010553881064,1.7346010553881064,1.8814305885604856,1.7492533636299896,True,0.31668974792347615,0.018261058492700228,-0.001582527817220117,0.015638736908251103,20
k20_thr,strong,268,reitsma,1.7346010553881064,1.7346010553881064,1.6218657459608108,2.046042166844622,True,0.35897448160634304,0.029767427873307394,-0.018897397598399646,0.024215287054585297,20
k20_thr,strong,268,reitsma_indep,1.7346010553881064,1.7346010553881064,1.6052420043349587,2.074086131240023,True,0.49246075852022014,0.02481800124548031,0.0,0.027581045471750432,20
k20_thr,strong,268,sep_univariate,1.7346010553881064,1.7346010553881064,1.609592404432697,2.1200884930917914,True,0.6161896517420443,0.025847860210661815,0.0,0.04146087580091758,20
k20_thr,strong,268,adaptshrink_dta,1.7346010553881064,1.7346010553881064,1.635714533553159,2.0682866373066107,True,0.5040654742211115,0.030805673411751645,-0.008059889462400816,0.025388465999522644,20
k20_thr,strong,269,reitsma,1.7346010553881064,1.7346010553881064,1.6355964733366681,1.860241031887904,True,0.25891816176888655,0.023383742492925134,-0.009967497184261244,0.01234052365390434,20
k20_thr,strong,269,reitsma_indep,1.7346010553881064,1.7346010553881064,1.6040932297941801,1.8484669170360588,True,0.33017218937283827,0.0244555057469649,0.0,0.012581678905412301,20
k20_thr,strong,269,sep_univariate,1.7346010553881064,1.7346010553881064,1.6121629060043263,1.8565350236624243,True,0.38105280397849467,0.026137484838911446,0.0,0.01567981002402263,20
k20_thr,strong,269,adaptshrink_dta,1.7346010553881064,1.7346010553881064,1.6260807350382145,1.8555240825148773,True,0.32097299795477874,0.024486035433845515,-0.004228329516511451,0.012605686158381984,20
k20_thr,strong,270,reitsma,1.7346010553881064,1.7346010553881064,1.9173976812602613,1.6821577211762542,True,0.41087303627488647,0.037188228710104604,-0.018863683499897522,0.022381380646945427,20
k20_thr,strong,270,reitsma_indep,1.7346010553881064,1.7346010553881064,1.898501066277539,1.65246029599095,True,0.5419911199246493,0.03572310427084244,0.0,0.023209694165221437,20
k20_thr,strong,270,sep_univariate,1.7346010553881064,1.7346010553881064,1.903046474032797,1.651510006996221,True,0.5504107460190347,0.037199133245677446,0.0,0.02298662732490949,20
k20_thr,strong,270,adaptshrink_dta,1.7346010553881064,1.7346010553881064,1.9222437319598165,1.670630127882462,True,0.5415872587372222,0.038844611210899396,-0.008050563961339754,0.022981276091623908,20
k20_thr,strong,271,reitsma,1.7346010553881064,1.7346010553881064,1.632037086471043,1.8965530523251064,True,0.2970713666779551,0.02525480192374694,-0.01072760639029256,0.014419882965207105,20
k20_thr,strong,271,reitsma_indep,1.7346010553881064,1.7346010553881064,1.6634978388949264,1.851064381561854,True,0.38249318866997933,0.029979067498178427,0.0,0.01377411036719176,20
k20_thr,strong,271,sep_univariate,1.7346010553881064,1.7346010553881064,1.6674713622001207,1.8496072751622636,True,0.3878308920109323,0.031239925094140242,0.0,0.013589675333877995,20
k20_thr,strong,271,adaptshrink_dta,1.7346010553881064,1.7346010553881064,1.6491736517248365,1.8801442999568894,True,0.35996559254478616,0.02598718780523319,-0.0045706389668361295,0.014877219126815333,20
k20_thr,strong,272,reitsma,1.7346010553881064,1.7346010553881064,1.7258645240925141,1.8231016935946915,True,0.3496764103749805,0.029408832696766307,-0.020468888322044878,0.025981747107836125,20
k20_thr,strong,272,reitsma_indep,1.7346010553881064,1.7346010553881064,1.6339479806741743,1.7265363748223934,True,0.4335520221132844,0.027235562740088533,0.0,0.019479613969048404,20
k20_thr,strong,272,sep_univariate,1.7346010553881064,1.7346010553881064,1.6299304503062295,1.7315879198263662,True,0.4389601977703127,0.026122730440255145,0.0,0.020819293307087722,20
k20_thr,strong,272,adaptshrink_dta,1.7346010553881064,1.7346010553881064,1.67661196041434,1.7816572090821086,True,0.5290953834649266,0.031980533535337606,-0.008589531630833817,0.027013830490676467,20
k20_thr,strong,273,reitsma,1.7346010553881064,1.7346010553881064,2.0171459039482422,1.7380793438189643,True,0.40195012622642534,0.039861704568280046,-0.018412446691348193,0.019944772881501815,20
k20_thr,strong,273,reitsma_indep,1.7346010553881064,1.7346010553881064,2.0497294404621162,1.7215420832905661,True,0.5382278046004868,0.043893897326763284,0.0,0.018627834999577014,20
k20_thr,strong,273,sep_univariate,1.7346010553881064,1.7346010553881064,2.0740553294620523,1.724753523544001,True,0.5891896939636996,0.05105719462228111,0.0,0.019190557949982794,20
k20_thr,strong,273,adaptshrink_dta,1.7346010553881064,1.7346010553881064,2.0518090372637054,1.7463101972402453,True,0.5311552079562288,0.04176620133750979,-0.007872494490687245,0.020549557958466042,20
k20_thr,strong,274,reitsma,1.7346010553881064,1.7346010553881064,1.6381966350330475,1.8641253372355733,True,0.3294276937323428,0.021218270001756356,-0.0056043604169953645,0.015916195453311764,19
k20_thr,strong,274,reitsma_indep,1.7346010553881064,1.7346010553881064,1.5982025269853823,1.8611737580250718,True,0.32800232059775347,0.019223227950010968,0.0,0.015796533168856187,19
k20_thr,strong,274,sep_univariate,1.7346010553881064,1.7346010553881064,1.6177174259862042,1.8632438188580676,True,0.36397362755869267,0.022914182823861026,0.0,0.01631810515040739,19
k20_thr,strong,274,adaptshrink_dta,1.7346010553881064,1.7346010553881064,1.6226857966429515,1.86412808134115,True,0.3489492376759699,0.021626569758790223,-0.0017674830186741998,0.016036180175140455,19
k20_thr,strong,275,reitsma,1.7346010553881064,1.7346010553881064,1.6020063171459513,2.03373798109126,True,0.2847969691837289,0.021576700622280766,-0.0017129594862546522,0.010746102418847894,20
k20_thr,strong,275,reitsma_indep,1.7346010553881064,1.7346010553881064,1.5995234947031807,2.03324022625119,True,0.2858824549349117,0.021340609311039798,0.0,0.010809421637393757,20
k20_thr,strong,275,sep_univariate,1.7346010553881064,1.7346010553881064,1.608205379209001,2.036612689576742,True,0.3047965491041146,0.023371464135444813,0.0,0.011219369155058457,20
k20_thr,strong,275,adaptshrink_dta,1.7346010553881064,1.7346010553881064,1.6018915069580422,2.0337108861661104,True,0.28596942559086863,0.02158956699551693,-0.0011643985987118135,0.010754075959207724,20
k20_thr,strong,276,reitsma,1.7346010553881064,1.7346010553881064,1.9410188673194912,1.7952796187293143,True,0.31223291819592053,0.015965190077451095,-0.007225649931505556,0.020505489363932608,19
k20_thr,strong,276,reitsma_indep,1.7346010553881064,1.7346010553881064,1.9821200610088365,1.7835652405015026,True,0.32897881311344324,0.014585729541573625,0.0,0.020943148370277175,19
k20_thr,strong,276,sep_univariate,1.7346010553881064,1.7346010553881064,1.982794050326394,1.7672751988300361,True,0.2975906540331049,0.013177687416807114,0.0,0.018968528485635072,19
k20_thr,strong,276,adaptshrink_dta,1.7346010553881064,1.7346010553881064,1.9794143168772436,1.7864361607068169,True,0.35183175284267665,0.016713121364675565,-0.0007077382514472466,0.020934806033691303,19
k20_thr,strong,277,reitsma,1.7346010553881064,1.7346010553881064,1.971149914926778,1.8105454068323346,True,0.2510595130132367,0.015683971251581354,-0.004003742438115649,0.012365155238548637,20
k20_thr,strong,277,reitsma_indep,1.7346010553881064,1.7346010553881064,1.9042921400389181,1.8038174447366748,True,0.2441826858940074,0.013846291421289505,0.0,0.012154316239441255,20
k20_thr,strong,277,sep_univariate,1.7346010553881064,1.7346010553881064,1.9096800480293576,1.8047008326864598,True,0.25546062222036997,0.014447193198088532,0.0,0.01274966335469848,20
k20_thr,strong,277,adaptshrink_dta,1.7346010553881064,1.7346010553881064,1.9574669798171505,1.8084461552012796,True,0.25987465673081717,0.015969661160782935,-0.002711478656427529,0.012396589469433138,20
k20_thr,strong,278,reitsma,1.7346010553881064,1.7346010553881064,1.9305220170586914,1.835177580316292,True,0.3474430729732325,0.021959045752635284,-0.01183419912822502,0.0218940010956532,20
k20_thr,strong,278,reitsma_indep,1.7346010553881064,1.7346010553881064,1.8560273800512095,1.7942464592888359,True,0.37494148682527556,0.0211755883043447,0.0,0.018738109676242686,20
k20_thr,strong,278,sep_univariate,1.7346010553881064,1.7346010553881064,1.8619911965930755,1.797616042808557,True,0.3945834119746981,0.022278717745070398,0.0,0.019725213986295082,20
k20_thr,strong,278,adaptshrink_dta,1.7346010553881064,1.7346010553881064,1.8961628851989911,1.820496066860484,True,0.41568685930932026,0.023144482512331623,-0.005062117151909216,0.022179837775749233,20
k20_thr,strong,279,reitsma,1.7346010553881064,1.7346010553881064,1.6632887068098823,1.713724158696604,True,0.34802300237598854,0.02520556473647655,-0.020289135898404496,0.02989460942977602,20
k20_thr,strong,279,reitsma_indep,1.7346010553881064,1.7346010553881064,1.6241925117049323,1.6769119261710532,True,0.5138242560799473,0.026725594158303292,0.0,0.027882781923984325,20
k20_thr,strong,279,sep_univariate,1.7346010553881064,1.7346010553881064,1.6271682353746766,1.6761448775960943,True,0.5165785415770281,0.027311381966491997,0.0,0.027578034745397585,20
k20_thr,strong,279,adaptshrink_dta,1.7346010553881064,1.7346010553881064,1.6599061237587966,1.7023305256328838,True,0.5214924463362283,0.027662468255258525,-0.008630573716612966,0.030441194466657186,20
k20_thr,strong,280,reitsma,1.7346010553881064,1.7346010553881064,2.0316771240014213,1.6061519532516113,True,0.3609459178955279,0.0240244266202057,-0.007204283293424248,0.01746650573850577,20
k20_thr,strong,280,reitsma_indep,1.7346010553881064,1.7346010553881064,2.0267831152423765,1.6022312873055848,True,0.4005744092752119,0.02476159022394659,0.0,0.0182903550703851,20
k20_thr,strong,280,sep_univariate,1.7346010553881064,1.7346010553881064,2.0319746505620135,1.597499069324181,True,0.39070475948274097,0.025855841027869527,0.0,0.0166637599798978,20
k20_thr,strong,280,adaptshrink_dta,1.7346010553881064,1.7346010553881064,2.032616297594581,1.6052612199775962,True,0.37659150198376895,0.02425257076431375,-0.004895241002659315,0.017493151652948496,20
k20_thr,strong,281,reitsma,1.7346010553881064,1.7346010553881064,1.7957281216537044,1.8414326096604254,True,0.381495204345325,0.031969986162211195,-0.02312554632936323,0.029576924443086974,19
k20_thr,strong,281,reitsma_indep,1.7346010553881064,1.7346010553881064,1.7691767805370073,1.8693356178700913,True,0.6454921695698788,0.035225340241682314,0.0,0.03338574152704229,19
k20_thr,strong,281,sep_univariate,1.7346010553881064,1.7346010553881064,1.7550645918548213,1.8686435069428524,True,0.6188678303435012,0.03270727812415619,0.0,0.03305108179954488,19
k20_thr,strong,281,adaptshrink_dta,1.7346010553881064,1.7346010553881064,1.804429400339481,1.8689052005024573,True,0.5897486877483541,0.035455411353333584,-0.009520898300541786,0.030244287086416747,19
k20_thr,strong,282,reitsma,1.7346010553881064,1.7346010553881064,1.492031675945698,1.992423920286225,True,0.38803332201643814,0.032368500571164464,-0.017350257095044893,0.02242968148111313,20
k20_thr,strong,282,reitsma_indep,1.7346010553881064,1.7346010553881064,1.424866661291812,1.960834629764123,True,0.45395119770465564,0.026015339271241028,0.0,0.022357493105566194,20
k20_thr,strong,282,sep_univariate,1.7346010553881064,1.7346010553881064,1.4302547003117756,1.9506502684907927,True,0.4402799298204599,0.027942656343805855,0.0,0.019580526012113394,20
k20_thr,strong,282,adaptshrink_dta,1.7346010553881064,1.7346010553881064,1.4825708535597544,1.989100391625138,True,0.4701494919521386,0.03309851668712776,-0.011694710347494192,0.0229815024457442,20
k20_thr,strong,283,reitsma,1.7346010553881064,1.7346010553881064,1.7499522545432666,1.7771274126800876,True,0.2574791336527743,0.024793391680098305,-0.010544206537515968,0.012031411129350378,20
k20_thr,strong,283,reitsma_indep,1.7346010553881064,1.7346010553881064,1.7099327050616298,1.7727527831553485,True,0.32109760402028564,0.024334569992167838,0.0,0.011958720631954906,20
k20_thr,strong,283,sep_univariate,1.7346010553881064,1.7346010553881064,1.7302986478635312,1.7761315097374897,True,0.35518743379072776,0.02846966150227982,0.0,0.012507403139566952,20
k20_thr,strong,283,adaptshrink_dta,1.7346010553881064,1.7346010553881064,1.745441866708506,1.7837533780381198,True,0.32640672458823516,0.025922488950349935,-0.004490359225509777,0.012378306172505443,20
k20_thr,strong,284,reitsma,1.7346010553881064,1.7346010553881064,1.7419300193132001,1.9765658036297578,True,0.33611090635807317,0.016867348551826266,-0.007627714309521734,0.02235334200326112,20
k20_thr,strong,284,reitsma_indep,1.7346010553881064,1.7346010553881064,1.7059020052275309,1.978285963474057,True,0.3492995467688717,0.015042584027656963,0.0,0.022893271830894707,20
k20_thr,strong,284,sep_univariate,1.7346010553881064,1.7346010553881064,1.7213090748066548,1.9948047631046562,True,0.4248791522332599,0.0169582713577963,0.0,0.030045783276199396,20
k20_thr,strong,284,adaptshrink_dta,1.7346010553881064,1.7346010553881064,1.7401944050775744,1.978199792899312,True,0.3570763964744134,0.017241782825104017,-0.005163126718147196,0.022418616547705716,20
k20_thr,strong,285,reitsma,1.7346010553881064,1.7346010553881064,1.6734759631123262,1.9747654602200289,True,0.45545151055890565,0.03901765783661395,-0.022918225402354043,0.02846746512033248,20
k20_thr,strong,285,reitsma_indep,1.7346010553881064,1.7346010553881064,1.5971648607284215,2.010495189307497,True,0.6508910007289007,0.037412251278354486,0.0,0.031962221606382915,20
k20_thr,strong,285,sep_univariate,1.7346010553881064,1.7346010553881064,1.606730466969754,2.0017779699052847,True,0.6196312121767754,0.03958205120851951,0.0,0.027378051910555052,20
k20_thr,strong,285,adaptshrink_dta,1.7346010553881064,1.7346010553881064,1.6714596801312849,1.9965587650049748,True,0.5737568199386432,0.040643093832319864,-0.01550624300939738,0.02877739749503571,20
k20_thr,strong,286,reitsma,1.7346010553881064,1.7346010553881064,1.8790027275498151,1.8437267218204796,True,0.4160852634715756,0.03212379060888146,-0.014417949709895492,0.021682635299230698,20
k20_thr,strong,286,reitsma_indep,1.7346010553881064,1.7346010553881064,1.8788502600035069,1.8207457190444605,True,0.5495095090878857,0.03704720343928103,0.0,0.023005372040437847,20
k20_thr,strong,286,sep_univariate,1.7346010553881064,1.7346010553881064,1.8855211643627903,1.8310009665769675,True,0.5964885763321175,0.03927446456766858,0.0,0.02556985441481325,20
k20_thr,strong,286,adaptshrink_dta,1.7346010553881064,1.7346010553881064,1.8822694955446857,1.8400601830279129,True,0.4710201205753501,0.03281437669181294,-0.009776440238108239,0.021995815028116195,20
k20_thr,strong,287,reitsma,1.7346010553881064,1.7346010553881064,1.629020530274627,1.980602355732825,True,0.3924491899431543,0.0385317187035211,-0.01846755509050456,0.020133078116868694,20
k20_thr,strong,287,reitsma_indep,1.7346010553881064,1.7346010553881064,1.5721917069831504,1.9325710857478218,True,0.4854003986338493,0.03822344316613522,0.0,0.01739821600829122,20
k20_thr,strong,287,sep_univariate,1.7346010553881064,1.7346010553881064,1.588398453868627,1.930980318122812,True,0.5150559724435602,0.04380406513937083,0.0,0.017093409847694356,20
k20_thr,strong,287,adaptshrink_dta,1.7346010553881064,1.7346010553881064,1.6041741716278066,1.964950467187985,True,0.5206815354705542,0.039824240003789715,-0.007920087351440407,0.020789705746816198,20
k20_thr,strong,288,reitsma,1.7346010553881064,1.7346010553881064,2.0737773120002454,1.7955375421237334,True,0.34248964923100633,0.025463108147932883,-0.015109899462343063,0.021968495687458414,20
k20_thr,strong,288,reitsma_indep,1.7346010553881064,1.7346010553881064,2.0920994987889032,1.7893478168922239,True,0.4731398566913279,0.02965768877166888,0.0,0.021304729847950708,20
k20_thr,strong,288,sep_univariate,1.7346010553881064,1.7346010553881064,2.1304131941324846,1.797653818364829,True,0.6047087374530844,0.040367702389607324,0.0,0.02556776248080738,20
k20_thr,strong,288,adaptshrink_dta,1.7346010553881064,1.7346010553881064,2.101687120017151,1.7991886664035621,True,0.44877618672168346,0.027480071496165853,-0.006446975466741248,0.022198471806781056,20
k20_thr,strong,289,reitsma,1.7346010553881064,1.7346010553881064,1.542467288560726,1.7817850665356463,True,0.22380131880788134,0.012592758796343844,-0.007437175169841559,0.01561868401381924,20
k20_thr,strong,289,reitsma_indep,1.7346010553881064,1.7346010553881064,1.6023908529470918,1.7925476539376406,True,0.2927642335481746,0.014549936911958456,0.0,0.016626819957495723,20
k20_thr,strong,289,sep_univariate,1.7346010553881064,1.7346010553881064,1.6056920685692968,1.77813353617237,True,0.28466496725160584,0.015350429048020316,0.0,0.014899846521363721,20
k20_thr,strong,289,adaptshrink_dta,1.7346010553881064,1.7346010553881064,1.594429219756111,1.7893657911277316,True,0.27594412975898047,0.01344335410727845,-0.0007224402532751465,0.01602589626097988,20
k20_thr,strong,290,reitsma,1.7346010553881064,1.7346010553881064,1.7183899254706216,1.9030609384709567,True,0.38545022552129077,0.03834456536832591,-0.0160682482932447,0.017669597325265875,18
k20_thr,strong,290,reitsma_indep,1.7346010553881064,1.7346010553881064,1.7243374929984026,1.8784018678905634,True,0.4844131171694707,0.039296137005287335,0.0,0.01685451255703557,18
k20_thr,strong,290,sep_univariate,1.7346010553881064,1.7346010553881064,1.7455720381080366,1.883768908112685,True,0.5490544301776826,0.048057568524746776,0.0,0.017705299323017832,18
k20_thr,strong,290,adaptshrink_dta,1.7346010553881064,1.7346010553881064,1.7306540297982669,1.9051755573117504,True,0.46631096075030265,0.03941758064915714,-0.010356512089810454,0.01829130212417113,18
k20_thr,strong,291,reitsma,1.7346010553881064,1.7346010553881064,1.7574658131801306,1.989534334523293,True,0.2529753873049061,0.013012162981556946,-0.003297521927860142,0.014717309907176153,16
k20_thr,strong,291,reitsma_indep,1.7346010553881064,1.7346010553881064,1.7286256077670634,1.9923713850021596,True,0.24542004413865098,0.011619453352104441,0.0,0.014630818741213494,16
k20_thr,strong,291,sep_univariate,1.7346010553881064,1.7346010553881064,1.7286256077670625,1.9973714954785502,True,0.25658921154301106,0.011619453352104353,0.0,0.015992831245792993,16
k20_thr,strong,291,adaptshrink_dta,1.7346010553881064,1.7346010553881064,1.7401064130321464,1.9927119487872598,True,0.2633214527235313,0.013256000006015603,-0.0003283382348507338,0.014771800134084506,16
k20_thr,strong,292,reitsma,1.7346010553881064,1.7346010553881064,1.6321474782948655,1.967952586581886,True,0.32896271408974526,0.016820829315703504,-0.005394476950842728,0.01988853085778923,20
k20_thr,strong,292,reitsma_indep,1.7346010553881064,1.7346010553881064,1.6315331343812476,1.935637646140342,True,0.31570120863154244,0.016583343829684804,0.0,0.016963468270160122,20
k20_thr,strong,292,sep_univariate,1.7346010553881064,1.7346010553881064,1.6445139690135604,1.9517190923001144,True,0.348334587534067,0.018076139909962746,0.0,0.01894618491357557,20
k20_thr,strong,292,adaptshrink_dta,1.7346010553881064,1.7346010553881064,1.6381548777209363,1.9694252042601492,True,0.34062368403025167,0.017019844744048617,-0.003651725756034827,0.020024534848356607,20
k20_thr,strong,293,reitsma,1.7346010553881064,1.7346010553881064,1.7611918890085219,1.557066408748453,True,0.4299169325257586,0.03885559949876174,-0.02727739925103596,0.03257536987866056,20
k20_thr,strong,293,reitsma_indep,1.7346010553881064,1.7346010553881064,1.6990599365733903,1.5358387414746733,True,0.6770499995712049,0.04014934587927142,0.0,0.03222532286004518,20
k20_thr,strong,293,sep_univariate,1.7346010553881064,1.7346010553881064,1.6727287184628217,1.5210434603644973,True,0.5770524271950593,0.035049223093056595,0.0,0.026815531870024972,20
k20_thr,strong,293,adaptshrink_dta,1.7346010553881064,1.7346010553881064,1.7589431330885679,1.5619007954634603,True,0.6777044831406398,0.04250607595191586,-0.011619051521687813,0.03367355306982328,20
k20_thr,strong,294,reitsma,1.7346010553881064,1.7346010553881064,1.475642738320489,1.875270542729197,True,0.1694502381466856,0.009515060012839503,-0.0018054152612921761,0.008859965915917036,20
k20_thr,strong,294,reitsma_indep,1.7346010553881064,1.7346010553881064,1.477450835765376,1.8684829122837288,True,0.1647180093553921,0.009279952878382736,0.0,0.008252217504703183,20
k20_thr,strong,294,sep_univariate,1.7346010553881064,1.7346010553881064,1.4989690595699638,1.8762843709369563,True,0.19861846713980616,0.012170290793898473,0.0,0.009148977580446634,20
k20_thr,strong,294,adaptshrink_dta,1.7346010553881064,1.7346010553881064,1.4781910892324972,1.8757889255314777,True,0.17217518972775175,0.0095846262995349,-0.001222617935482889,0.008885675689459967,20
k20_thr,strong,295,reitsma,1.7346010553881064,1.7346010553881064,1.9273373433058723,1.709717373790926,True,0.21378437723062232,0.015718099770495153,-0.004541587618779101,0.00951927883767317,18
k20_thr,strong,295,reitsma_indep,1.7346010553881064,1.7346010553881064,1.9119715246041964,1.6862273453988583,True,0.225649513059242,0.015423770488549524,0.0,0.009317781328651631,18
k20_thr,strong,295,sep_univariate,1.7346010553881064,1.7346010553881064,1.9202976987685556,1.6901829447505103,True,0.2774438706406615,0.021263325256491255,0.0,0.01021770486078055,18
k20_thr,strong,295,adaptshrink_dta,1.7346010553881064,1.7346010553881064,1.9223368642076128,1.6975565303331264,True,0.23624279226272468,0.016572098491269827,-0.001774939083999076,0.009695579752084823,18
k20_thr,strong,296,reitsma,1.7346010553881064,1.7346010553881064,1.9472730219187322,1.5057676112508125,True,0.3092866847611221,0.02885665534562665,-0.013964231604522587,0.016113973554321464,20
k20_thr,strong,296,reitsma_indep,1.7346010553881064,1.7346010553881064,1.8590498977928196,1.499759183454575,True,0.3528068229798003,0.0202306079882589,0.0,0.017365979459605857,20
k20_thr,strong,296,sep_univariate,1.7346010553881064,1.7346010553881064,1.8678981177135983,1.4923881330384914,True,0.35122454899058636,0.02200960195414888,0.0,0.015819465495143025,20
k20_thr,strong,296,adaptshrink_dta,1.7346010553881064,1.7346010553881064,1.9307985679304578,1.5060770736141809,True,0.4081675474734502,0.030379779012197836,-0.005923122447642966,0.016633245742563498,20
k20_thr,strong,297,reitsma,1.7346010553881064,1.7346010553881064,1.677577470230672,1.5931677328841032,True,0.2527348919155657,0.015050128253696575,-0.00740105112471859,0.015618648731102532,20
k20_thr,strong,297,reitsma_indep,1.7346010553881064,1.7346010553881064,1.6175876484254854,1.570844577151853,True,0.2397189546503055,0.011052604178771113,0.0,0.014674874646558728,20
k20_thr,strong,297,sep_univariate,1.7346010553881064,1.7346010553881064,1.6294603202153997,1.5688887432420064,True,0.2673258352626921,0.014354118055361695,0.0,0.014052047788550107,20
k20_thr,strong,297,adaptshrink_dta,1.7346010553881064,1.7346010553881064,1.6543906453538735,1.5833379292744325,True,0.29080911156451067,0.01577069363853945,-0.003142342829553688,0.015761712952565083,20
k20_thr,strong,298,reitsma,1.7346010553881064,1.7346010553881064,1.998587077369784,1.691702715273561,True,0.3574829666314371,0.021200290458164982,-0.016508145182003872,0.029868359018265997,18
k20_thr,strong,298,reitsma_indep,1.7346010553881064,1.7346010553881064,1.898170731101666,1.6422782075670097,True,0.42922794408005,0.019740566634418606,0.0,0.026342114229601025,18
k20_thr,strong,298,sep_univariate,1.7346010553881064,1.7346010553881064,1.9135694220523447,1.6393667320675895,True,0.4540188505778384,0.023052530033078947,0.0,0.02523849420349313,18
k20_thr,strong,298,adaptshrink_dta,1.7346010553881064,1.7346010553881064,1.9428512526590698,1.6672592577524816,True,0.4909261927710585,0.02388116025153063,-0.006504820288373386,0.030256475883416893,18
k20_thr,strong,299,reitsma,1.7346010553881064,1.7346010553881064,1.7808708683419436,2.0147150042415998,True,0.49364851805802795,0.040127889538872856,-0.014774767959757986,0.02258045676651366,18
k20_thr,strong,299,reitsma_indep,1.7346010553881064,1.7346010553881064,1.7469681633940062,2.0039736761027718,True,0.5447823714169582,0.038591140651180154,0.0,0.021706646977275514,18
k20_thr,strong,299,sep_univariate,1.7346010553881064,1.7346010553881064,1.7432494051485485,2.0100485824979124,True,0.5822944142434909,0.037638860175915945,0.0,0.02542629327442557,18
k20_thr,strong,299,adaptshrink_dta,1.7346010553881064,1.7346010553881064,1.7804602927995548,2.0136797378966573,True,0.5432594822566276,0.04081171423772298,-0.0096126985354013,0.022675142757653165,18
