rep,method,contrast,d_hat,ci_low,ci_high,d_true
0,common_DL,1,-0.6475612365080036,-0.8436768873213942,-0.45144558569461285,-0.47984419726469013
0,common_DL,2,-0.6073233335899644,-0.7752005854193342,-0.4394460817605945,-0.7385648344140212
0,common_DL,3,0.13237671950510937,-0.24795015885953536,0.5127035978697541,0.5430229466666565
0,common_DL,4,-0.3483550746194375,-0.624713449159394,-0.071996700079481,-0.26100773826068624
0,common_DL,5,-0.636946298700274,-0.8358667026192111,-0.4380258947813368,-0.5842538586727175
0,comp_specific,1,-0.6386851573004916,-0.7962797166849155,-0.4810905979160677,-0.47984419726469013
0,comp_specific,2,-0.5853824903980662,-0.8735844311584646,-0.2971805496376678,-0.7385648344140212
0,comp_specific,3,0.12627509618745675,-0.22839836810651643,0.4809485604814299,0.5430229466666565
0,comp_specific,4,-0.3556140313992402,-0.5987240932997748,-0.11250396949870559,-0.26100773826068624
0,comp_specific,5,-0.636063739043728,-0.8092638912062663,-0.4628635868811898,-0.5842538586727175
0,adaptshrink,1,-0.6442387717489388,-0.8252412038233561,-0.4632363396745216,-0.47984419726469013
0,adaptshrink,2,-0.5900494962853066,-0.8277316889662044,-0.3523673036044087,-0.7385648344140212
0,adaptshrink,3,0.13049197870679202,-0.24163779656138273,0.5026217539749668,0.5430229466666565
0,adaptshrink,4,-0.3505833576678523,-0.6164477370352258,-0.08471897830047881,-0.26100773826068624
0,adaptshrink,5,-0.6364351570447565,-0.8230261157211101,-0.449844198368403,-0.5842538586727175
1,common_DL,1,0.5643187333533939,0.18907221614634018,0.9395652505604476,0.5801944832908739
1,common_DL,2,-0.35042841922974144,-0.8413541637461512,0.14049732528666842,-0.6820236309017158
1,common_DL,3,-0.9556496989490483,-1.4152650512181657,-0.4960343466799309,-0.8730054407555423
1,common_DL,4,-0.02787820808783678,-0.4789611572730669,0.42320474109739326,0.06937069830772365
1,common_DL,5,-0.5992503077781295,-1.0135901819650486,-0.18491043359121034,-0.7411351604299211
1,comp_specific,1,0.5647462736157751,0.18540997760641426,0.944082569625136,0.5801944832908739
1,comp_specific,2,-0.3489879535354442,-0.8237642095936133,0.12578830252272488,-0.6820236309017158
1,comp_specific,3,-0.9507223364662345,-1.438613302406638,-0.46283137052583095,-0.8730054407555423
1,comp_specific,4,-0.0609060036734555,-0.2745376330184083,0.15272562567149728,0.06937069830772365
1,comp_specific,5,-0.6227669268717853,-1.1617754104413518,-0.08375844330221871,-0.7411351604299211
1,adaptshrink,1,0.5645352282909781,0.18723611738656298,0.9418343391953933,0.5801944832908739
1,adaptshrink,2,-0.3499767796213785,-0.8356107050621592,0.13565714581940214,-0.6820236309017158
1,adaptshrink,3,-0.9533924356378192,-1.4253531236599675,-0.481431747615671,-0.8730054407555423
1,adaptshrink,4,-0.03354830167292169,-0.42789616898574956,0.36079956563990623,0.06937069830772365
1,adaptshrink,5,-0.6120794541635908,-1.084270793325449,-0.1398881150017326,-0.7411351604299211
2,common_DL,1,-0.38648070094763853,-0.8203450863324192,0.04738368443714214,-0.4201300159973277
2,common_DL,2,0.014066469657738001,-0.31963662420721245,0.34776956352268845,0.1463502418983874
2,common_DL,3,-0.848259326512159,-1.2018113816009504,-0.49470727142336757,-1.0942927927080424
2,common_DL,4,0.10188192435892496,-0.27016714505362044,0.47393099377147035,0.11190861734140273
2,common_DL,5,-0.0548910125042652,-0.42836673423590493,0.31858470922737453,0.08932205811847337
2,comp_specific,1,-0.38459554076173424,-0.826016664708348,0.05682558318487946,-0.4201300159973277
2,comp_specific,2,0.010748382597321943,-0.2666102653253999,0.2881070305200438,0.1463502418983874
2,comp_specific,3,-0.8808082926198102,-1.3965729497562802,-0.3650436354833403,-1.0942927927080424
2,comp_specific,4,0.10106118590487276,-0.1942077180493226,0.39633008985906815,0.11190861734140273
2,comp_specific,5,-0.05752586823983111,-0.4746564074057351,0.35960467092607296,0.08932205811847337
2,adaptshrink,1,-0.38583800724567774,-0.8222394041910228,0.05056338969966728,-0.4201300159973277
2,adaptshrink,2,0.01357580661136773,-0.2977854938795296,0.3249371071022651,0.1463502418983874
2,adaptshrink,3,-0.8652079943358613,-1.2804021333302924,-0.4500138553414301,-1.0942927927080424
2,adaptshrink,4,0.10134216728297568,-0.2352463166426847,0.43793065120863606,0.11190861734140273
2,adaptshrink,5,-0.05615056962690079,-0.44895220138579045,0.33665106213198887,0.08932205811847337
3,common_DL,1,0.12273695107251803,-0.14968401498497003,0.3951579171300061,0.35983085946123233
3,common_DL,2,-0.38867751061008626,-0.686322460695961,-0.09103256052421149,-0.1429309700145114
3,common_DL,3,0.046370970764446885,-0.20423508497343598,0.29697702650232977,0.04743562128196021
3,common_DL,4,-0.3932014055229977,-0.6386118406051062,-0.1477909704408892,-0.33213724614276924
3,common_DL,5,0.5059656908043746,0.28015158009735386,0.7317798015113953,0.5060265149205233
3,comp_specific,1,0.13970642287110951,-0.013042672442501402,0.29245551818472043,0.35983085946123233
3,comp_specific,2,-0.44764464926795644,-0.9214378376393809,0.026148539103468038,-0.1429309700145114
3,comp_specific,3,0.08743815412527307,-0.2931339512039176,0.46801025945446373,0.04743562128196021
3,comp_specific,4,-0.427072637760096,-0.5916327312922914,-0.2625125442279006,-0.33213724614276924
3,comp_specific,5,0.4884959544166126,0.34288041543875325,0.6341114933944719,0.5060265149205233
3,adaptshrink,1,0.12746179093282248,-0.11340272048666755,0.3683263023523125,0.35983085946123233
3,adaptshrink,2,-0.42837716029644574,-0.814246184917478,-0.042508135675413394,-0.1429309700145114
3,adaptshrink,3,0.07257555007001185,-0.24129052864287534,0.386441628782899,0.04743562128196021
3,adaptshrink,4,-0.40477220489534294,-0.6162083038253652,-0.19333610596532072,-0.33213724614276924
3,adaptshrink,5,0.4995733510821406,0.3082292186522938,0.6909174835119875,0.5060265149205233
4,common_DL,1,0.6761022655132783,0.3701504245465547,0.9820541064800019,0.5443074354430172
4,common_DL,2,0.43976369467154164,0.133923399316473,0.7456039900266103,0.6134991567750318
4,common_DL,3,0.7059935243320921,0.43115800762303524,0.9808290410411489,0.9314723552257497
4,common_DL,4,-0.21322006057867376,-0.46121431748004044,0.03477419632269291,-0.4167850688379317
4,common_DL,5,0.4309182347228678,0.1668413800151054,0.6949950894306302,0.4866371039641779
4,comp_specific,1,0.6566799930491367,0.4207728779035452,0.8925871081947283,0.5443074354430172
4,comp_specific,2,0.5018847432877225,0.2895429981366353,0.7142264884388096,0.6134991567750318
4,comp_specific,3,0.6777536010243772,0.348763301959808,1.0067439000889464,0.9314723552257497
4,comp_specific,4,-0.21421725712127004,-0.46452895330728045,0.03609443906474036,-0.4167850688379317
4,comp_specific,5,0.4342619327321059,0.1552505463206928,0.713273319143519,0.4866371039641779
4,adaptshrink,1,0.6705356780064122,0.3855216576963299,0.9555496983164946,0.5443074354430172
4,adaptshrink,2,0.45626807580405426,0.18306832438085113,0.7294678272272574,0.6134991567750318
4,adaptshrink,3,0.6893283245755981,0.3857044931630866,0.9929521559881096,0.9314723552257497
4,adaptshrink,4,-0.21372299583413873,-0.46287980489243263,0.0354338132241552,-0.4167850688379317
4,adaptshrink,5,0.4326933150933575,0.16103724923516854,0.7043493809515464,0.4866371039641779
5,common_DL,1,-0.045718618455000956,-0.2935839255782378,0.20214668866823587,0.17391034012864204
5,common_DL,2,0.8097353601375357,0.5271137950467016,1.0923569252283696,0.9266580898718197
5,common_DL,3,0.17525704266753567,-0.04020513768954265,0.390719223024614,0.0313357697358537
5,common_DL,4,-0.5763205915390665,-0.7424766689489997,-0.4101645141291332,-0.4446972084050579
5,common_DL,5,0.3820408509832572,0.22128459088652763,0.5427971110799867,0.39487490732424774
5,comp_specific,1,-0.045718618455000304,-0.2935839255782372,0.2021466886682366,0.17391034012864204
5,comp_specific,2,0.8097353601375357,0.5271137950467017,1.0923569252283696,0.9266580898718197
5,comp_specific,3,0.19399557884529722,-0.05728245840007484,0.4452736160906693,0.0313357697358537
5,comp_specific,4,-0.5873755579932314,-0.7705046583064885,-0.4042464576799743,-0.4446972084050579
5,comp_specific,5,0.3820408509832574,0.22128459088652794,0.5427971110799868,0.39487490732424774
5,adaptshrink,1,-0.04571861845500058,-0.2935839255782374,0.20214668866823626,0.17391034012864204
5,adaptshrink,2,0.8097353601375357,0.5271137950467017,1.0923569252283696,0.9266580898718197
5,adaptshrink,3,0.1866008679629405,-0.04794187793105692,0.42114361385693794,0.0313357697358537
5,adaptshrink,4,-0.5815802396035702,-0.7553796127470778,-0.4077808664600626,-0.4446972084050579
5,adaptshrink,5,0.38204085098325724,0.22128459088652774,0.5427971110799867,0.39487490732424774
6,common_DL,1,0.29271528311566897,-0.01755596748354843,0.6029865337148863,0.564440361681198
6,common_DL,2,0.31734242195777207,-0.10094845669602531,0.7356333006115694,0.3004313848801251
6,common_DL,3,-0.5187681387101349,-0.9002326060219499,-0.13730367139832006,-0.5473974106517984
6,common_DL,4,-0.19639805902251753,-0.545177869351559,0.1523817513065239,-0.4211684950212706
6,common_DL,5,-0.1269723976159578,-0.503850598668657,0.24990580343674146,0.1733708251596889
6,comp_specific,1,0.29563008806298485,0.0436510077422696,0.5476091683837001,0.564440361681198
6,comp_specific,2,0.3057784431897317,-0.37264389108718254,0.9842007774666459,0.3004313848801251
6,comp_specific,3,-0.499646331334862,-0.8389574341999781,-0.16033522846974585,-0.5473974106517984
6,comp_specific,4,-0.18229052093947434,-0.417318134959077,0.052737093080128306,-0.4211684950212706
6,comp_specific,5,-0.1390371582395657,-0.6024877680965364,0.324413451617405,0.1733708251596889
6,adaptshrink,1,0.29364137651315936,0.006855902164403016,0.5804268508619157,0.564440361681198
6,adaptshrink,2,0.3091858982371041,-0.2546052072567607,0.8729770037309689,0.3004313848801251
6,adaptshrink,3,-0.5113550900529266,-0.8755834960621,-0.14712668404375318,-0.5473974106517984
6,adaptshrink,4,-0.1920518247192937,-0.4906955931511815,0.10659194371259414,-0.4211684950212706
6,adaptshrink,5,-0.13319631357473874,-0.5497687829270027,0.2833761557775252,0.1733708251596889
7,common_DL,1,0.34503377037954985,0.10074404673607718,0.5893234940230225,0.36518502637760414
7,common_DL,2,0.06196099799532054,-0.340232019578271,0.4641540155689121,-0.10690761899032998
7,common_DL,3,-0.5124507564637825,-0.8084770568316219,-0.21642445609594307,-0.7563018041910213
7,common_DL,4,0.07126194223688229,-0.15790079199062967,0.30042467646439425,-0.08660512988709035
7,common_DL,5,0.5964826144392394,0.37305969208513057,0.8199055367933483,0.6521998512854692
7,comp_specific,1,0.34503377037955024,0.10074404673607754,0.589323494023023,0.36518502637760414
7,comp_specific,2,0.06196099799532016,-0.34023201957827126,0.4641540155689116,-0.10690761899032998
7,comp_specific,3,-0.6406048083667392,-1.0901828082820872,-0.19102680845139114,-0.7563018041910213
7,comp_specific,4,0.0979331526160757,-0.22868420491695507,0.4245505101491065,-0.08660512988709035
7,comp_specific,5,0.5964826144392394,0.3730596920851305,0.8199055367933483,0.6521998512854692
7,adaptshrink,1,0.3450337703795499,0.10074404673607731,0.5893234940230225,0.36518502637760414
7,adaptshrink,2,0.061960997995320954,-0.3402320195782705,0.4641540155689124,-0.10690761899032998
7,adaptshrink,3,-0.5928963827909204,-0.9695458133253616,-0.21624695225647922,-0.7563018041910213
7,adaptshrink,4,0.08099090717830143,-0.18725381031413918,0.34923562467074204,-0.08660512988709035
7,adaptshrink,5,0.5964826144392392,0.37305969208513046,0.819905536793348,0.6521998512854692
8,common_DL,1,-0.3935052855764568,-0.5743961608194244,-0.21261441033348932,-0.3633146394749202
8,common_DL,2,-0.18655149054489267,-0.39887207116432144,0.025769090074536094,-0.08401229943868303
8,common_DL,3,0.665931126146513,0.4135221209489288,0.9183401313440971,0.6118077525981749
8,common_DL,4,-0.18322310191827254,-0.3719939587523834,0.00554775491583831,-0.06051798030871396
8,common_DL,5,-0.04530592878528529,-0.2949023633412662,0.20429050577069557,-0.1402721278174807
8,comp_specific,1,-0.3935052855764568,-0.5743961608194244,-0.21261441033348932,-0.3633146394749202
8,comp_specific,2,-0.18655149054489267,-0.39887207116432144,0.025769090074536094,-0.08401229943868303
8,comp_specific,3,0.665931126146513,0.4135221209489288,0.9183401313440971,0.6118077525981749
8,comp_specific,4,-0.18322310191827254,-0.3719939587523834,0.00554775491583831,-0.06051798030871396
8,comp_specific,5,-0.04530592878528529,-0.2949023633412662,0.20429050577069557,-0.1402721278174807
8,adaptshrink,1,-0.3935052855764568,-0.5743961608194244,-0.21261441033348932,-0.3633146394749202
8,adaptshrink,2,-0.18655149054489267,-0.39887207116432144,0.025769090074536094,-0.08401229943868303
8,adaptshrink,3,0.665931126146513,0.4135221209489288,0.9183401313440971,0.6118077525981749
8,adaptshrink,4,-0.18322310191827254,-0.3719939587523834,0.00554775491583831,-0.06051798030871396
8,adaptshrink,5,-0.04530592878528529,-0.2949023633412662,0.20429050577069557,-0.1402721278174807
9,common_DL,1,-0.10542515869121993,-0.48100578434198527,0.2701554669595454,-0.29474075893597723
9,common_DL,2,0.06950567640521438,-0.33708369632629137,0.4760950491367201,-0.10562453266761414
9,common_DL,3,0.16954909637165827,-0.25412556151638155,0.5932237542596981,-0.018968853343254374
9,common_DL,4,-0.2971177805677666,-0.7169844269670902,0.12274886583155697,-0.23855725193492164
9,common_DL,5,-0.006770333763056954,-0.474070815484524,0.4605301479584101,-0.07247438473338479
9,comp_specific,1,-0.10594375600645213,-0.4005825969186049,0.1886950849057007,-0.29474075893597723
9,comp_specific,2,0.06846201191391862,-0.3307585295167118,0.4676825533445491,-0.10562453266761414
9,comp_specific,3,0.21585173265560123,-0.3234293250777389,0.7551327903889413,-0.018968853343254374
9,comp_specific,4,-0.2870674986030843,-0.7981382989557151,0.22400330174954658,-0.23855725193492164
9,comp_specific,5,-0.022142518623806007,-0.31906051129517254,0.27477547404756053,-0.07247438473338479
9,adaptshrink,1,-0.1068351268877688,-0.4461117764191876,0.23244152264364998,-0.29474075893597723
9,adaptshrink,2,0.06916525960842557,-0.33498346848027943,0.47331398769713057,-0.10562453266761414
9,adaptshrink,3,0.19525651928612078,-0.28208419103411086,0.6725972296063524,-0.018968853343254374
9,adaptshrink,4,-0.2916132692446243,-0.7530255993009972,0.16979906081174867,-0.23855725193492164
9,adaptshrink,5,-0.009222159509990668,-0.4278538520079923,0.40940953298801097,-0.07247438473338479
10,common_DL,1,-0.7141800401810793,-1.055545591021333,-0.37281448934082567,-0.6049610943783909
10,common_DL,2,-1.1039002858234437,-1.3928064753382263,-0.814994096308661,-0.8873026808771347
10,common_DL,3,-0.4163577588338656,-0.6725588509951926,-0.16015666667253858,-0.35125727370108956
10,common_DL,4,-0.9922620309865011,-1.197938710818089,-0.7865853511549133,-0.892340326678168
10,common_DL,5,-0.30623817581807,-0.6138842891587855,0.0014079375226454527,-0.20828106367554508
10,comp_specific,1,-0.7302496922263629,-1.1313976091038302,-0.3291017753488957,-0.6049610943783909
10,comp_specific,2,-1.1168355429165597,-1.3546093001738946,-0.8790617856592249,-0.8873026808771347
10,comp_specific,3,-0.4308875289603774,-0.7595215406689161,-0.10225351725183873,-0.35125727370108956
10,comp_specific,4,-0.9947795381311163,-1.1434122414753054,-0.8461468347869271,-0.892340326678168
10,comp_specific,5,-0.2654309034059471,-0.6727729252684169,0.14191111845652277,-0.20828106367554508
10,adaptshrink,1,-0.720951460921441,-1.083798078346921,-0.35810484349596106,-0.6049610943783909
10,adaptshrink,2,-1.109518794819511,-1.3753275580412994,-0.8437100315977228,-0.8873026808771347
10,adaptshrink,3,-0.4274602646396028,-0.7233361853470783,-0.1315843439321273,-0.35125727370108956
10,adaptshrink,4,-0.993525445614931,-1.1737120796586555,-0.8133388115712062,-0.892340326678168
10,adaptshrink,5,-0.2835079055909915,-0.6381537693872957,0.07113795820531277,-0.20828106367554508
11,common_DL,1,0.3587814292750958,0.12129302348744397,0.5962698350627477,0.05881198004323777
11,common_DL,2,-0.23178157496806592,-0.3767488421842413,-0.08681430775189053,-0.29850027977910204
11,common_DL,3,-0.7826165921245679,-0.9672265102590243,-0.5980066739901115,-0.776528922548844
11,common_DL,4,0.17028024971060549,-0.01048116484775427,0.3510416642689652,0.11860883709702957
11,common_DL,5,-0.13116974132421766,-0.2732646405973497,0.010925157948914355,-0.11020901429929322
11,comp_specific,1,0.36322305322298143,0.05879676361978564,0.6676493428261772,0.05881198004323777
11,comp_specific,2,-0.231781574968066,-0.37674884218424143,-0.08681430775189058,-0.29850027977910204
11,comp_specific,3,-0.7794343645533222,-0.9727795337868523,-0.586089195319792,-0.776528922548844
11,comp_specific,4,0.17028024971060585,-0.01048116484775391,0.3510416642689656,0.11860883709702957
11,comp_specific,5,-0.13116974132421766,-0.2732646405973497,0.010925157948914355,-0.11020901429929322
11,adaptshrink,1,0.3613609780101349,0.08748860144875653,0.6352333545715132,0.05881198004323777
11,adaptshrink,2,-0.231781574968066,-0.37674884218424143,-0.08681430775189061,-0.29850027977910204
11,adaptshrink,3,-0.7815361208622272,-0.969134870674407,-0.5939373710500475,-0.776528922548844
11,adaptshrink,4,0.17028024971060562,-0.010481164847754132,0.3510416642689654,0.11860883709702957
11,adaptshrink,5,-0.13116974132421785,-0.2732646405973499,0.01092515794891416,-0.11020901429929322
12,common_DL,1,-0.48296187571375304,-0.6768883542119701,-0.289035397215536,-0.4677013266562775
12,common_DL,2,-0.34516603879890917,-0.6806683672841042,-0.009663710313714158,0.025467446514330163
12,common_DL,3,-0.005697941046829455,-0.20198632309369557,0.1905904410000367,0.015177928503603619
12,common_DL,4,0.11355331165506322,-0.05442048928076773,0.28152711259089414,0.2094918326508982
12,common_DL,5,-0.06358740677241659,-0.2954657905256082,0.16829097698077503,-0.204324325323238
12,comp_specific,1,-0.48296187571375737,-0.6768883542119746,-0.28903539721554017,-0.4677013266562775
12,comp_specific,2,-0.34516603879891283,-0.680668367284108,-0.00966371031371771,0.025467446514330163
12,comp_specific,3,-0.005697941046834909,-0.20198632309370096,0.19059044100003114,0.015177928503603619
12,comp_specific,4,0.09840017746889929,-0.11260074286760446,0.30940109780540304,0.2094918326508982
12,comp_specific,5,-0.06358740677242002,-0.2954657905256116,0.16829097698077156,-0.204324325323238
12,adaptshrink,1,-0.4829618757137532,-0.6768883542119704,-0.28903539721553606,-0.4677013266562775
12,adaptshrink,2,-0.3451660387989094,-0.6806683672841045,-0.009663710313714324,0.025467446514330163
12,adaptshrink,3,-0.005697941046830329,-0.2019863230936965,0.19059044100003583,0.015177928503603619
12,adaptshrink,4,0.10414117209927182,-0.08813693989015883,0.29641928408870244,0.2094918326508982
12,adaptshrink,5,-0.06358740677241552,-0.2954657905256072,0.16829097698077616,-0.204324325323238
13,common_DL,1,1.0208054247886345,0.7529363106839138,1.2886745388933551,0.7546894886575789
13,common_DL,2,-0.7641622261497274,-1.0998224673484012,-0.42850198495105357,-0.78156599766749
13,common_DL,3,0.5525177355904866,0.23805867487907895,0.8669767963018942,0.5280321048949826
13,common_DL,4,-0.27918384838359106,-0.5312544790652416,-0.027113217701940584,0.0037787943018747503
13,common_DL,5,0.3608339725503594,0.13111284963050265,0.5905550954702162,0.20638641127605584
13,comp_specific,1,1.0334143709937558,0.7088722565592352,1.3579564854282764,0.7546894886575789
13,comp_specific,2,-0.7729850533939276,-1.1381684851334732,-0.407801621654382,-0.78156599766749
13,comp_specific,3,0.5826058141392724,0.17116124248691067,0.9940503857916341,0.5280321048949826
13,comp_specific,4,-0.2807192679579594,-0.4971820988962782,-0.06425643701964057,0.0037787943018747503
13,comp_specific,5,0.38438328096576035,0.18951511007568378,0.5792514518558369,0.20638641127605584
13,adaptshrink,1,1.028097221944472,0.7296791211722726,1.3265153227166713,0.7546894886575789
13,adaptshrink,2,-0.7673333035269809,-1.1131665096928476,-0.42150009736111416,-0.78156599766749
13,adaptshrink,3,0.5693196400750303,0.20891996303745153,0.9297193171126091,0.5280321048949826
13,adaptshrink,4,-0.2796483756755662,-0.5209132373865897,-0.03838351396454276,0.0037787943018747503
13,adaptshrink,5,0.3695548083066758,0.15327956589564587,0.5858300507177058,0.20638641127605584
14,common_DL,1,-0.4787423009844988,-0.7730510638481927,-0.18443353812080504,-0.6801096864000615
14,common_DL,2,-0.5519876327402012,-0.8505265668757077,-0.25344869860469477,-0.9338575200161268
14,common_DL,3,-0.02457292611473144,-0.16881557067968406,0.11966971845022117,-0.046673996732019316
14,common_DL,4,0.9298394128034965,0.7004863839911004,1.1591924416158925,0.46056030459503083
14,common_DL,5,0.6638785489661471,0.28266393829488656,1.0450931596374076,0.1415752235243085
14,comp_specific,1,-0.4787423009844999,-0.7730510638481936,-0.18443353812080615,-0.6801096864000615
14,comp_specific,2,-0.46238024035214975,-0.932143849484397,0.007383368780097488,-0.9338575200161268
14,comp_specific,3,-0.02457292611473151,-0.168815570679684,0.119669718450221,-0.046673996732019316
14,comp_specific,4,0.8556117958006695,0.5030450697079938,1.2081785218933452,0.46056030459503083
14,comp_specific,5,0.663878548966147,0.28266393829488645,1.0450931596374073,0.1415752235243085
14,adaptshrink,1,-0.4787423009845,-0.7730510638481938,-0.18443353812080626,-0.6801096864000615
14,adaptshrink,2,-0.503707676077956,-0.8745381424214538,-0.13287720973445816,-0.9338575200161268
14,adaptshrink,3,-0.024572926114731372,-0.16881557067968395,0.11966971845022122,-0.046673996732019316
14,adaptshrink,4,0.8960119073078456,0.6152200197321667,1.1768037948835246,0.46056030459503083
14,adaptshrink,5,0.6638785489661467,0.2826639382948861,1.0450931596374073,0.1415752235243085
15,common_DL,1,1.2928898248568688,0.8529697523060303,1.7328098974077073,1.0303780766770976
15,common_DL,2,-0.49037392833636184,-0.7963323481399539,-0.18441550853276978,-0.531638048759795
15,common_DL,3,0.06713719940356067,-0.2758224575105125,0.4100968563176338,0.10496741004913795
15,common_DL,4,0.31523343484899546,-0.08148205239293144,0.7119489220909223,0.13303158947645494
15,common_DL,5,0.6547065327856983,0.3338667183621449,0.9755463472092518,0.6818184405966577
15,comp_specific,1,1.3128049414361156,0.9849821240377206,1.6406277588345106,1.0303780766770976
15,comp_specific,2,-0.48158328416276314,-0.8591987955032323,-0.10396777282229397,-0.531638048759795
15,comp_specific,3,0.06432242940175281,-0.3045733716178939,0.4332182304213995,0.10496741004913795
15,comp_specific,4,0.3947563964213835,0.15448477289792384,0.6350280199448431,0.13303158947645494
15,comp_specific,5,0.6554917349139642,0.3555219166345743,0.9554615531933541,0.6818184405966577
15,adaptshrink,1,1.2991132807639363,0.9020935208830815,1.6961330406447912,1.0303780766770976
15,adaptshrink,2,-0.4852889025292967,-0.8291628863312006,-0.1414149187273928,-0.531638048759795
15,adaptshrink,3,0.0654898014072022,-0.2907830362795659,0.4217626390939704,0.10496741004913795
15,adaptshrink,4,0.33369417158497694,-0.010899212594532692,0.6782875557644865,0.13303158947645494
15,adaptshrink,5,0.6550166931094611,0.3429492416749279,0.9670841445439943,0.6818184405966577
16,common_DL,1,0.13323353844103739,-0.14705306097782742,0.41352013785990216,0.29198122961284534
16,common_DL,2,-0.10040138767402917,-0.4291206776391913,0.22831790229113297,-0.11954751466390598
16,common_DL,3,-0.18618689451397047,-0.5131008610316476,0.1407270720037067,-0.15953529305229
16,common_DL,4,0.013288596510257933,-0.2643143388886553,0.29089153190917116,-0.03783012055642233
16,common_DL,5,-0.3101568892554487,-0.614217412405482,-0.006096366105415363,-0.20541656478080744
16,comp_specific,1,0.1363319855396799,-0.07438236494709671,0.3470463360264565,0.29198122961284534
16,comp_specific,2,-0.14865703287173382,-0.3731532074107904,0.07583914166732275,-0.11954751466390598
16,comp_specific,3,-0.18204532357413017,-0.6379531934295435,0.2738625462812832,-0.15953529305229
16,comp_specific,4,-0.013571091632106916,-0.36937276630524724,0.34223058304103343,-0.03783012055642233
16,comp_specific,5,-0.261124479590633,-0.4577278632738474,-0.06452109590741859,-0.20541656478080744
16,adaptshrink,1,0.13374375960710042,-0.11492257386126656,0.38241009307546736,0.29198122961284534
16,adaptshrink,2,-0.11262527415214892,-0.4048511820854366,0.17960063378113877,-0.11954751466390598
16,adaptshrink,3,-0.18436910600131526,-0.572458842235282,0.20372063023265144,-0.15953529305229
16,adaptshrink,4,-0.0031261817311408063,-0.3231863125603393,0.31693394909805767,-0.03783012055642233
16,adaptshrink,5,-0.29210479114089116,-0.5539833034085535,-0.030226278873228762,-0.20541656478080744
17,common_DL,1,-0.022440732622159995,-0.3647746379284566,0.3198931726841366,-0.07692291939701591
17,common_DL,2,0.023266058967743565,-0.4174760899849767,0.4640082079204639,0.11131353138487934
17,common_DL,3,-0.2052289667519332,-0.4296788896964261,0.0192209561925597,-0.24154364349409602
17,common_DL,4,-0.1124256469532118,-0.28705112420688267,0.06219983030045906,-0.1706013986762024
17,common_DL,5,0.45693258565294326,0.22613754754494145,0.6877276237609451,0.4818167301393455
17,comp_specific,1,-0.18137741961288514,-0.9053429962156597,0.5425881569898895,-0.07692291939701591
17,comp_specific,2,0.024960558598838473,-0.4000453947843441,0.4499665119820211,0.11131353138487934
17,comp_specific,3,-0.1995539071756264,-0.39920811231007797,0.00010029795882515735,-0.24154364349409602
17,comp_specific,4,-0.12145372969839502,-0.32690239745481486,0.0839949380580248,-0.1706013986762024
17,comp_specific,5,0.4584804419727403,0.2615357536155568,0.6554251303299238,0.4818167301393455
17,adaptshrink,1,-0.13208238623393867,-0.6426766448430926,0.37851187237521533,-0.07692291939701591
17,adaptshrink,2,0.023799569354260038,-0.4117679990245407,0.45936713773306076,0.11131353138487934
17,adaptshrink,3,-0.20263193242719715,-0.41520502669826936,0.009941161843875057,-0.24154364349409602
17,adaptshrink,4,-0.11699393084247411,-0.3079078898034192,0.07392002811847098,-0.1706013986762024
17,adaptshrink,5,0.45745748762117533,0.24006327664014,0.6748516986022106,0.4818167301393455
18,common_DL,1,-0.6883429983532093,-1.0780283642766235,-0.29865763242979515,-0.5785179730230433
18,common_DL,2,-0.2490573866165731,-0.5710908591033543,0.07297608587020818,-0.006247899981201868
18,common_DL,3,-0.11032524357602,-0.44806070623131844,0.22741021907927847,-0.15881193883270803
18,common_DL,4,-0.37940681916267954,-0.7573854067153893,-0.001428231609969688,-0.5554754445459174
18,common_DL,5,0.6572293066908717,0.20224617468252004,1.1122124386992231,0.7400277823502867
18,comp_specific,1,-0.6717801059208925,-1.3210219582803537,-0.022538253561431354,-0.5785179730230433
18,comp_specific,2,-0.2804162292165996,-0.4723790311924745,-0.08845342724072466,-0.006247899981201868
18,comp_specific,3,-0.09410942186449323,-0.3196945804768757,0.13147573674788923,-0.15881193883270803
18,comp_specific,4,-0.3990023833278147,-0.9155927393487971,0.11758797269316779,-0.5554754445459174
18,comp_specific,5,0.6908057746798804,0.3662061571990276,1.0154053921607331,0.7400277823502867
18,adaptshrink,1,-0.6779095240937822,-1.1958679362411848,-0.1599511119463798,-0.5785179730230433
18,adaptshrink,2,-0.2561696488476934,-0.5323958784081635,0.020056580712776717,-0.006247899981201868
18,adaptshrink,3,-0.10391958135132554,-0.39440936812825766,0.18657020542560662,-0.15881193883270803
18,adaptshrink,4,-0.38870028867535206,-0.8180166714747757,0.04061609412407163,-0.5554754445459174
18,adaptshrink,5,0.6643864746484345,0.24655104447517007,1.082221904821699,0.7400277823502867
19,common_DL,1,-0.012313625279248883,-0.39838512609030713,0.37375787553180934,0.034307774636550735
19,common_DL,2,-0.20914651325096661,-0.4829578665390146,0.0646648400370814,-0.12233769564924328
19,common_DL,3,0.4285238438115345,0.23121886710671535,0.6258288205163537,0.35413639845283984
19,common_DL,4,-0.05961638959396845,-0.35030323849640566,0.23107045930846873,0.03925657520623595
19,common_DL,5,-0.8024853990865626,-1.0511710591320411,-0.553799739041084,-0.6670427402003417
19,comp_specific,1,-0.05596226609447935,-0.6246004764554298,0.512675944266471,0.034307774636550735
19,comp_specific,2,-0.20914511119531431,-0.48296174095783706,0.06467151856720843,-0.12233769564924328
19,comp_specific,3,0.43087797286998725,0.2772243490194505,0.584531596720524,0.35413639845283984
19,comp_specific,4,-0.047296040032280814,-0.3840747357891907,0.28948265572462906,0.03925657520623595
19,comp_specific,5,-0.8136142490478491,-1.033193920153744,-0.5940345779419542,-0.6670427402003417
19,adaptshrink,1,-0.03474807563519677,-0.4913488529417325,0.4218527016713389,0.034307774636550735
19,adaptshrink,2,-0.20914591235849575,-0.4829595270081398,0.06466770229114835,-0.12233769564924328
19,adaptshrink,3,0.42933242126572196,0.25183638670866104,0.6068284558227829,0.35413639845283984
19,adaptshrink,4,-0.05457100796340682,-0.3619507924643884,0.2528087765375748,0.03925657520623595
19,adaptshrink,5,-0.8068016970119831,-1.0435488346863036,-0.5700545593376627,-0.6670427402003417
20,common_DL,1,-0.1335821072166836,-0.46924750150917394,0.20208328707580672,-0.2505975046042369
20,common_DL,2,-0.13095879021832346,-0.6482569429923912,0.3863393625557443,-0.1971847252961453
20,common_DL,3,0.46026615916212194,0.1019039737114753,0.8186283446127686,0.15655629858067557
20,common_DL,4,0.014048680495835797,-0.43437023483382714,0.46246759582549873,0.0009089082194503262
20,common_DL,5,-0.702417705987872,-1.0835190048356065,-0.32131640714013765,-0.7034886544151367
20,comp_specific,1,-0.14785716607096755,-0.5179374025176402,0.2222230703757051,-0.2505975046042369
20,comp_specific,2,-0.12134635660022192,-0.5191072266322352,0.27641451343179135,-0.1971847252961453
20,comp_specific,3,0.5209016340244541,0.3586384901793259,0.6831647778695823,0.15655629858067557
20,comp_specific,4,0.030997930737778484,-0.5960677184845333,0.6580635799600902,0.0009089082194503262
20,comp_specific,5,-0.7012570040928089,-1.2196043570652866,-0.18290965112033108,-0.7034886544151367
20,adaptshrink,1,-0.14139485324072376,-0.49483047618683335,0.21204076970538582,-0.2505975046042369
20,adaptshrink,2,-0.12881548367669013,-0.6098437220751608,0.3522127547217805,-0.1971847252961453
20,adaptshrink,3,0.47504955205758526,0.1774100006210167,0.7726891034941539,0.15655629858067557
20,adaptshrink,4,0.021559766380575635,-0.4959583196450774,0.5390778524062287,0.0009089082194503262
20,adaptshrink,5,-0.7028298437281675,-1.148622175921925,-0.2570375115344098,-0.7034886544151367
21,common_DL,1,1.1229297865561543,0.8220811736986493,1.4237783994136592,0.9487943183945045
21,common_DL,2,-0.8876654362630731,-1.2179740125821106,-0.5573568599440357,-0.7656451491908117
21,common_DL,3,0.5374556415825268,0.26831138065560256,0.806599902509451,0.8199968150902254
21,common_DL,4,-0.762654376594801,-1.1476950496879073,-0.37761370350169476,-0.4018303623876088
21,common_DL,5,0.044743689208621165,-0.38727323095008653,0.47676060936732884,-0.16893472556754266
21,comp_specific,1,1.1128057169500782,0.7668216746808278,1.4587897592193286,0.9487943183945045
21,comp_specific,2,-0.8915671215023246,-1.0744639541488028,-0.7086702888558466,-0.7656451491908117
21,comp_specific,3,0.5348810109783003,0.27992110358769734,0.7898409183689032,0.8199968150902254
21,comp_specific,4,-0.8102479396194632,-1.3629018585619608,-0.2575940206769656,-0.4018303623876088
21,comp_specific,5,0.01645868794164941,-0.31685212860494527,0.34976950448824407,-0.16893472556754266
21,adaptshrink,1,1.1175085965032032,0.7930240188561537,1.4419931741502527,0.9487943183945045
21,adaptshrink,2,-0.8882419894428116,-1.1801536127544983,-0.596330366131125,-0.7656451491908117
21,adaptshrink,3,0.5362424135486896,0.2740653276914788,0.7984194994059004,0.8199968150902254
21,adaptshrink,4,-0.7930055826395814,-1.2586445274832743,-0.3273666377958887,-0.4018303623876088
21,adaptshrink,5,0.03844764721891018,-0.3642001126568965,0.4410954070947169,-0.16893472556754266
22,common_DL,1,-0.4453689102305921,-0.7996054031934887,-0.0911324172676955,-0.49759970696476524
22,common_DL,2,0.5310718122901738,0.20365652839316417,0.8584870961871833,0.47422263942938453
22,common_DL,3,-0.33077337009068836,-0.7028115454506332,0.04126480526925652,-0.5148040976913673
22,common_DL,4,-0.09086395135914521,-0.4193914574607549,0.23766355474246448,-0.04718815264907217
22,common_DL,5,-0.40166078874269373,-0.8088200020006915,0.005498424515303968,-0.2658361362517546
22,comp_specific,1,-0.4449164420097549,-0.8173871538081474,-0.0724457302113623,-0.49759970696476524
22,comp_specific,2,0.5180730127896481,0.0632070222905961,0.9729390032887002,0.47422263942938453
22,comp_specific,3,-0.3215197267175326,-0.5895008608973847,-0.05353859253768045,-0.5148040976913673
22,comp_specific,4,-0.08578448432917365,-0.39973161522717504,0.2281626465688277,-0.04718815264907217
22,comp_specific,5,-0.3964963631573941,-0.7330949426222209,-0.05989778369256732,-0.2658361362517546
22,adaptshrink,1,-0.44521471798145473,-0.8074367241352363,-0.08299271182767315,-0.49759970696476524
22,adaptshrink,2,0.5229036394637799,0.12598521423386216,0.9198220646936976,0.47422263942938453
22,adaptshrink,3,-0.3279665905211891,-0.659850700596393,0.0039175195540148144,-0.5148040976913673
22,adaptshrink,4,-0.08877263333260373,-0.4111560615011244,0.23361079483591696,-0.04718815264907217
22,adaptshrink,5,-0.39950555887857075,-0.7731447309583719,-0.02586638679876968,-0.2658361362517546
23,common_DL,1,-0.34866982852073075,-0.7580806369191488,0.060740979877687284,-0.2617191073092074
23,common_DL,2,0.33565453731385864,-0.16185958780224713,0.8331686624299643,0.3432698615628335
23,common_DL,3,-0.6948792481625656,-1.158350646729312,-0.23140784959581917,-0.7054065516628146
23,common_DL,4,0.3137722499357345,-0.18251420983021,0.8100587097016789,0.2984134588105116
23,common_DL,5,-0.5022509942563996,-0.9738533368407492,-0.03064865167205011,-0.24389618175821107
23,comp_specific,1,-0.3299469974571395,-0.5508412970764398,-0.10905269783783927,-0.2617191073092074
23,comp_specific,2,0.3642512204582309,-0.4149610836735772,1.143463524590039,0.3432698615628335
23,comp_specific,3,-0.6918440720913545,-1.1686547655388566,-0.2150333786438523,-0.7054065516628146
23,comp_specific,4,0.3632858149388147,0.15466358589814824,0.5719080439794811,0.2984134588105116
23,comp_specific,5,-0.5010260285392584,-1.164396089202289,0.16234403212377224,-0.24389618175821107
23,adaptshrink,1,-0.3438761963377076,-0.678546243231474,-0.00920614944394127,-0.2617191073092074
23,adaptshrink,2,0.35002111904552546,-0.2569324500146023,0.9569746881056532,0.3432698615628335
23,adaptshrink,3,-0.6935349929132758,-1.162777066018907,-0.22429291980764465,-0.7054065516628146
23,adaptshrink,4,0.3189940115449923,-0.11238040273839411,0.7503684258283787,0.2984134588105116
23,adaptshrink,5,-0.501559476653147,-1.0637456614613985,0.060626708155104514,-0.24389618175821107
24,common_DL,1,0.4626475998623351,-0.02330177303443398,0.9485969727591042,0.18093888763589716
24,common_DL,2,-0.2874861558147182,-0.6257773064548628,0.05080499482542644,-0.2018966081818033
24,common_DL,3,0.05517929795386514,-0.2999299955417507,0.41028859144948093,-0.13633029486733336
24,common_DL,4,0.3342217530463867,0.005352640825248001,0.6630908652675254,0.1376832353510963
24,common_DL,5,0.08125551140989651,-0.24332718713653684,0.40583820995632985,-0.0026965484705932814
24,comp_specific,1,0.46472463831064736,0.05079591107734771,0.878653365543947,0.18093888763589716
24,comp_specific,2,-0.2587650067460956,-0.47446445341794535,-0.043065560074245834,-0.2018966081818033
24,comp_specific,3,0.0026387830810183643,-0.4787664081697163,0.48404397433175295,-0.13633029486733336
24,comp_specific,4,0.3340376594815932,-0.042465760802379904,0.7105410797655662,0.1376832353510963
24,comp_specific,5,0.07707970338890954,-0.2763716401591374,0.43053104693695643,-0.0026965484705932814
24,adaptshrink,1,0.4630957446972337,-0.00027016301930232745,0.9264616524137697,0.18093888763589716
24,adaptshrink,2,-0.2822913911497941,-0.586754477264034,0.02217169496444571,-0.2018966081818033
24,adaptshrink,3,0.030858143928060536,-0.3725600313233671,0.43427631917948817,-0.13633029486733336
24,adaptshrink,4,0.3341812031160354,-0.011382516233662154,0.6797449224657329,0.1376832353510963
24,adaptshrink,5,0.07933849552008132,-0.2579906840447471,0.41666767508490976,-0.0026965484705932814
25,common_DL,1,0.17715590527501224,-0.09800651640948382,0.4523183269595083,-0.09135266404305191
25,common_DL,2,0.20346183621983216,-0.044951568888815324,0.45187524132847967,0.09381295416067877
25,common_DL,3,-0.6590040762670455,-0.9209918405658559,-0.3970163119682351,-0.8379809684117253
25,common_DL,4,-0.09318519919502656,-0.30694988556916764,0.1205794871791145,0.06698423313000737
25,common_DL,5,-0.44928898629280656,-0.7290095999468702,-0.16956837263874286,-0.7846230561898428
25,comp_specific,1,0.16229923413230848,-0.08768589476308628,0.4122843630277032,-0.09135266404305191
25,comp_specific,2,0.19654929264229223,-0.02273296947157863,0.41583155475616307,0.09381295416067877
25,comp_specific,3,-0.6360836139464607,-1.0328139253379347,-0.23935330255498682,-0.8379809684117253
25,comp_specific,4,-0.09465632112085755,-0.3157756572205349,0.1264630149788198,0.06698423313000737
25,comp_specific,5,-0.4495686439743045,-0.6969478442833981,-0.20218944366521102,-0.7846230561898428
25,adaptshrink,1,0.17058222629393127,-0.09258478316219115,0.4337492357500537,-0.09135266404305191
25,adaptshrink,2,0.20040889723905791,-0.0342775954057655,0.4350953898838813,0.09381295416067877
25,adaptshrink,3,-0.6478349945014468,-0.9780078740003822,-0.3176621150025113,-0.8379809684117253
25,adaptshrink,4,-0.09369573493506933,-0.3099477623631506,0.12255629249301192,0.06698423313000737
25,adaptshrink,5,-0.44936308892403376,-0.7187418702704355,-0.17998430757763206,-0.7846230561898428
26,common_DL,1,0.4630305071351962,0.1963434092391272,0.7297176050312653,0.5585328986397193
26,common_DL,2,0.18827847793776306,-0.20795752488811545,0.5845144807636415,0.5387824417724625
26,common_DL,3,-0.16873293961401697,-0.3921690495679969,0.054703170339963,-0.14874136540047878
26,common_DL,4,0.06905851677073499,-0.17248199160924124,0.31059902515071125,0.030791407834471658
26,common_DL,5,-0.4138526621906853,-0.6858536903688384,-0.1418516340125322,-0.31592877104748573
26,comp_specific,1,0.4666764160615465,0.2853530397857834,0.6479997923373095,0.5585328986397193
26,comp_specific,2,0.18858920015033384,-0.1524925232477042,0.5296709235483719,0.5387824417724625
26,comp_specific,3,-0.17658275938399043,-0.547702263433078,0.19453674466509718,-0.14874136540047878
26,comp_specific,4,0.07985314994369741,-0.08822715443673265,0.24793345432412747,0.030791407834471658
26,comp_specific,5,-0.41969780143202046,-0.6183157353136685,-0.22107986755037248,-0.31592877104748573
26,adaptshrink,1,0.464265937789875,0.22863476627119542,0.6998971093085546,0.5585328986397193
26,adaptshrink,2,0.1883622163793224,-0.19038713179975672,0.5671115645584015,0.5387824417724625
26,adaptshrink,3,-0.17414948819081116,-0.47061017022845075,0.12231119384682843,-0.14874136540047878
26,adaptshrink,4,0.07250413605810505,-0.13792313513955104,0.28293140725576116,0.030791407834471658
26,adaptshrink,5,-0.41510568585582375,-0.6589677332283098,-0.1712436384833377,-0.31592877104748573
27,common_DL,1,-0.4749479771941222,-0.873725923011204,-0.07617003137704037,-0.5460027620890013
27,common_DL,2,-0.02807911368653554,-0.3846187292201164,0.32846050184704534,-0.1306520464007151
27,common_DL,3,-0.2744890295074114,-0.6630184847982414,0.11404042578341866,-0.1579828629679677
27,common_DL,4,-0.1472528047911673,-0.5620552717075669,0.2675496621252323,-0.26925477893539695
27,common_DL,5,-0.011299521584099526,-0.4980017735965865,0.47540273042838743,-0.2571240051920101
27,comp_specific,1,-0.47139539536953623,-0.8191637632103986,-0.12362702752867383,-0.5460027620890013
27,comp_specific,2,-0.0582414552628894,-0.24029445290279214,0.12381154237701333,-0.1306520464007151
27,comp_specific,3,-0.37324426222917007,-0.9230088564705159,0.17652033201217576,-0.1579828629679677
27,comp_specific,4,-0.17783684298344765,-0.49741915792921054,0.14174547196231524,-0.26925477893539695
27,comp_specific,5,0.052487253665276457,-0.6599056358613742,0.764880143191927,-0.2571240051920101
27,adaptshrink,1,-0.4734655986121452,-0.8514227850072036,-0.09550841221708689,-0.5460027620890013
27,adaptshrink,2,-0.034836428793198565,-0.33389006594940673,0.26421720836300955,-0.1306520464007151
27,adaptshrink,3,-0.33043477584028974,-0.7969660708777296,0.13609651919715016,-0.1579828629679677
27,adaptshrink,4,-0.15615520896498708,-0.5426562747818826,0.23034585685190845,-0.26925477893539695
27,adaptshrink,5,0.0220053662879722,-0.5513328369873872,0.5953435695633317,-0.2571240051920101
28,common_DL,1,0.7689225771956514,0.3423181249913022,1.1955270294000004,0.47377493580927627
28,common_DL,2,0.6631705706685861,0.4313865551487996,0.8949545861883725,0.7855065136177628
28,common_DL,3,0.800630261184405,0.5216030312158642,1.0796574911529457,0.8052312797786673
28,common_DL,4,0.6998653253555482,0.40879657199274055,0.9909340787183559,0.6236270226550826
28,common_DL,5,-0.2527244607516009,-0.5700667039927253,0.06461778248952355,-0.32300516524121475
28,comp_specific,1,0.6709503376961532,0.026731921977464768,1.3151687534148415,0.47377493580927627
28,comp_specific,2,0.6634461511071879,0.5248186327570245,0.8020736694573513,0.7855065136177628
28,comp_specific,3,0.8370117508009445,0.4785811252225688,1.19544237637932,0.8052312797786673
28,comp_specific,4,0.730894581979006,0.4862654788453699,0.9755236851126421,0.6236270226550826
28,comp_specific,5,-0.23793689088987408,-0.63893365719242,0.16305987541267192,-0.32300516524121475
28,adaptshrink,1,0.7162151453192773,0.20237750328054538,1.2300527873580092,0.47377493580927627
28,adaptshrink,2,0.6633151748074051,0.4642586030960648,0.8623717465187454,0.7855065136177628
28,adaptshrink,3,0.8214430898244061,0.5047052491808022,1.13818093046801,0.8052312797786673
28,adaptshrink,4,0.7124314997987793,0.4425264305182805,0.982336569079278,0.6236270226550826
28,adaptshrink,5,-0.2452892678276084,-0.601656594344109,0.11107805868889215,-0.32300516524121475
29,common_DL,1,-0.3128750030943473,-0.7366107373070068,0.11086073111831224,-0.04681563230397406
29,common_DL,2,0.1753074825618751,-0.19350115130552234,0.5441161164292725,0.05834119486576496
29,common_DL,3,0.30308499299093705,-0.010137931104203024,0.6163079170860771,0.357832813168854
29,common_DL,4,0.001385711624163767,-0.3668823256210197,0.36965374886934727,-0.06349195815737271
29,common_DL,5,0.007457976318467986,-0.2738108542133452,0.28872680685028124,-0.12196407762683854
29,comp_specific,1,-0.31709607527438455,-0.6779709626202942,0.04377881207152512,-0.04681563230397406
29,comp_specific,2,0.17547694662231292,-0.22110103343265433,0.5720549266772802,0.05834119486576496
29,comp_specific,3,0.3700661233694471,-0.058859928735495115,0.7989921754743894,0.357832813168854
29,comp_specific,4,-0.10160395959400134,-0.2914892489044841,0.0882813297164814,-0.06349195815737271
29,comp_specific,5,0.004016993702477323,-0.21225793984838506,0.2202919272533397,-0.12196407762683854
29,adaptshrink,1,-0.31442125642414553,-0.7186765730280508,0.0898340601797597,-0.04681563230397406
29,adaptshrink,2,0.1754089526612162,-0.20757223820287996,0.5583901435253124,0.05834119486576496
29,adaptshrink,3,0.3452602277471887,-0.03197101871688951,0.7224914742112669,0.357832813168854
29,adaptshrink,4,-0.02327093285120036,-0.34007824707430223,0.2935363813719015,-0.06349195815737271
29,adaptshrink,5,0.00581043099293015,-0.24584240926296375,0.25746327124882407,-0.12196407762683854
30,common_DL,1,0.011704119601459229,-0.1259260833269772,0.14933432252989565,-0.11820165860956089
30,common_DL,2,0.3381831773164565,0.14754182472132474,0.5288245299115882,0.3076904378060527
30,common_DL,3,0.7229798478326008,0.44972115539875473,0.9962385402664469,0.7520934873458782
30,common_DL,4,0.4290044757482368,0.18056862453531058,0.6774403269611631,0.30517274475439526
30,common_DL,5,-0.042310112739343014,-0.36818373618252187,0.2835635107038358,-0.12216148320384708
30,comp_specific,1,0.014150225641253206,-0.11476733634750008,0.1430677876300065,-0.11820165860956089
30,comp_specific,2,0.36026535932576526,0.13097448361108183,0.5895562350404486,0.3076904378060527
30,comp_specific,3,0.6647331429669824,0.2664953681448015,1.0629709177891633,0.7520934873458782
30,comp_specific,4,0.42847844281671776,0.18843022235094087,0.6685266632824947,0.30517274475439526
30,comp_specific,5,-0.04115962668367837,-0.3611193680687529,0.2788001147013961,-0.12216148320384708
30,adaptshrink,1,0.012871304748475032,-0.12052456116937635,0.1462671706663264,-0.11820165860956089
30,adaptshrink,2,0.3492780693318832,0.1408589330043587,0.5576972056594077,0.3076904378060527
30,adaptshrink,3,0.6935837221799623,0.3712372782331405,1.015930166126784,0.7520934873458782
30,adaptshrink,4,0.4288255013869379,0.18313679881634976,0.674514203957526,0.30517274475439526
30,adaptshrink,5,-0.04192815382168441,-0.36584656305075425,0.2819902554073854,-0.12216148320384708
31,common_DL,1,0.1441716875461781,-0.1197169968988932,0.4080603719912494,0.10211999454568085
31,common_DL,2,0.3142774008432313,0.04199353345559509,0.5865612682308675,0.22642995414851724
31,common_DL,3,-0.35561026600926016,-0.5561780214074824,-0.1550425106110379,-0.24067561494309214
31,common_DL,4,0.836106766392978,0.624678392647717,1.0475351401382391,0.7052141741868178
31,common_DL,5,-0.7096195595949387,-1.0921796835330695,-0.327059435656808,-0.3930987241886425
31,comp_specific,1,0.13957085190419433,-0.1647317959058776,0.44387349971426626,0.10211999454568085
31,comp_specific,2,0.3168147586836243,0.0716300303714294,0.5619994869958191,0.22642995414851724
31,comp_specific,3,-0.3550662219173687,-0.5957340313028907,-0.11439841253184674,-0.24067561494309214
31,comp_specific,4,0.8299460060478825,0.5641112295779613,1.0957807825178036,0.7052141741868178
31,comp_specific,5,-0.7102519719447091,-1.0668115668295304,-0.3536923770598879,-0.3930987241886425
31,adaptshrink,1,0.14200127423713654,-0.1400406033534708,0.4240431518277439,0.10211999454568085
31,adaptshrink,2,0.31514097042543576,0.05392339903802251,0.576358541812849,0.22642995414851724
31,adaptshrink,3,-0.3554429651414388,-0.5702662628599348,-0.14061966742294288,-0.24067561494309214
31,adaptshrink,4,0.8335815564370334,0.5969684962946771,1.0701946165793896,0.7052141741868178
31,adaptshrink,5,-0.709803486373419,-1.0840287521653467,-0.3355782205814912,-0.3930987241886425
32,common_DL,1,0.16227624720204706,-0.07277747339374233,0.39732996779783647,0.204533991797251
32,common_DL,2,-0.7303084604203249,-0.9693495454620414,-0.49126737537860843,-0.8678772055650223
32,common_DL,3,-0.1509032792423686,-0.4927274531496717,0.19092089466493453,0.12006059723910449
32,common_DL,4,0.5460493544126102,0.2887743164022156,0.8033243924230047,0.573259310812863
32,common_DL,5,-0.07848983629815634,-0.3788186398323603,0.2218389672360476,-0.11685060830767137
32,comp_specific,1,0.150220921534936,-0.019593661503400833,0.3200355045732728,0.204533991797251
32,comp_specific,2,-0.7228633839954643,-0.9082641738386344,-0.5374625941522942,-0.8678772055650223
32,comp_specific,3,-0.15735833823842682,-0.4547258549437354,0.14000917846688177,0.12006059723910449
32,comp_specific,4,0.5292690359057034,0.3210822445245564,0.7374558272868503,0.573259310812863
32,comp_specific,5,-0.20892425731238967,-0.8869343167560577,0.46908580213127843,-0.11685060830767137
32,adaptshrink,1,0.15673748849392183,-0.05434168432516509,0.3678166613130087,0.204533991797251
32,adaptshrink,2,-0.7286285490110425,-0.9475321867964996,-0.5097249112255853,-0.8678772055650223
32,adaptshrink,3,-0.15273685566563713,-0.4808502692209886,0.17537655788971432,0.12006059723910449
32,adaptshrink,4,0.5403209922148858,0.3020124732717835,0.7786295111579882,0.573259310812863
32,adaptshrink,5,-0.1775294554813137,-0.6504515985378885,0.2953926875752611,-0.11685060830767137
33,common_DL,1,0.5809234158096965,0.2125891132701655,0.9492577183492276,0.7994777588068614
33,common_DL,2,-1.0525216933476889,-1.3580021656506147,-0.747041221044763,-0.987468851772764
33,common_DL,3,0.239815383369793,-0.06621239505631679,0.5458431617959028,0.2591366598292834
33,common_DL,4,-0.4196477038581109,-0.7327491828305552,-0.10654622488566662,-0.44949603142403494
33,common_DL,5,0.6383130571768207,0.32473878806127604,0.9518873262923655,0.6224634009952067
33,comp_specific,1,0.5918107958230494,0.02959397195908975,1.154027619687009,0.7994777588068614
33,comp_specific,2,-1.0269387998975463,-1.2045145822011973,-0.8493630175938952,-0.987468851772764
33,comp_specific,3,0.18629126956670533,-0.24855488429383732,0.621137423427248,0.2591366598292834
33,comp_specific,4,-0.38050924465384306,-0.6221293459818578,-0.13888914332582833,-0.44949603142403494
33,comp_specific,5,0.6470051541981838,0.44790159471550406,0.8461087136808636,0.6224634009952067
33,adaptshrink,1,0.5867469404978832,0.14375771322893954,1.0297361677668269,0.7994777588068614
33,adaptshrink,2,-1.047637804425416,-1.3183242105640511,-0.7769513982867807,-0.987468851772764
33,adaptshrink,3,0.20788538684048505,-0.1601675059737905,0.5759382796547606,0.2591366598292834
33,adaptshrink,4,-0.404939204687001,-0.6856042149051018,-0.12427419446890026,-0.44949603142403494
33,adaptshrink,5,0.6397198874911814,0.35889660175969834,0.9205431732226643,0.6224634009952067
34,common_DL,1,0.22053782704619537,-0.1793796531250422,0.6204553072174329,0.31995032098574727
34,common_DL,2,1.165146322876471,0.8287260019918921,1.5015666437610498,1.1392947024830014
34,common_DL,3,-0.05387201281183013,-0.38570116112891745,0.2779571355052572,-0.25036538080929943
34,common_DL,4,0.48082961366251953,0.09030361685240734,0.8713556104726317,0.19032011649986713
34,common_DL,5,0.3013472300638961,-0.01922370101730425,0.6219181611450963,0.23157273787760985
34,comp_specific,1,0.23521265729399488,-0.05338156956439655,0.5238068841523863,0.31995032098574727
34,comp_specific,2,1.1674478579867353,0.7448015223635611,1.5900941936099096,1.1392947024830014
34,comp_specific,3,-0.02014658719630319,-0.46788105288164145,0.42758787848903507,-0.25036538080929943
34,comp_specific,4,0.46431035540993937,0.18900414974409951,0.7396165610757792,0.19032011649986713
34,comp_specific,5,0.30902869334919314,0.07719148441901572,0.5408659022793706,0.23157273787760985
34,adaptshrink,1,0.22366861694503876,-0.135830017454524,0.5831672513446016,0.31995032098574727
34,adaptshrink,2,1.1671107024973795,0.7907974480403777,1.5434239569543813,1.1392947024830014
34,adaptshrink,3,-0.032246716548394394,-0.42685767577226064,0.36236424267547185,-0.25036538080929943
34,adaptshrink,4,0.4748460190345555,0.1265269737030849,0.823165064366026,0.19032011649986713
34,adaptshrink,5,0.30379768648113076,0.017202640276736902,0.5903927326855246,0.23157273787760985
35,common_DL,1,-0.218797957372732,-0.5598122715233842,0.12221635677792014,0.06285165935066817
35,common_DL,2,-0.2866864638676351,-0.6283974938003769,0.055024566065106695,-0.2944609326911332
35,common_DL,3,0.09746086092638892,-0.22492458321434647,0.4198463050671243,0.24425487065263643
35,common_DL,4,-0.8913468535856498,-1.15148182952301,-0.6312118776482896,-0.45835261869410715
35,common_DL,5,0.0036252362247483905,-0.299577726907274,0.30682819935677086,-0.027247814502533385
35,comp_specific,1,-0.23366233782058723,-0.5422286218705361,0.07490394622936167,0.06285165935066817
35,comp_specific,2,-0.22834099469479482,-0.7681613058614243,0.3114793164718346,-0.2944609326911332
35,comp_specific,3,0.12885621254787652,-0.27430235327732877,0.5320147783730818,0.24425487065263643
35,comp_specific,4,-0.877770152319457,-1.1086133889315515,-0.6469269157073625,-0.45835261869410715
35,comp_specific,5,-0.012017341680794963,-0.26015697700958507,0.2361222936479951,-0.027247814502533385
35,adaptshrink,1,-0.22328838655089098,-0.5540357644681098,0.10745899136632783,0.06285165935066817
35,adaptshrink,2,-0.25850311723281894,-0.6821185544654186,0.1651123199997807,-0.2944609326911332
35,adaptshrink,3,0.11486614329883682,-0.24543542969339976,0.4751677162910734,0.24425487065263643
35,adaptshrink,4,-0.8853177979980903,-1.131484120677913,-0.6391514753182677,-0.45835261869410715
35,adaptshrink,5,-0.0025878161997547333,-0.28025364685493065,0.2750780144554212,-0.027247814502533385
36,common_DL,1,-0.08296241565438064,-0.3337366719430346,0.16781184063427332,-0.10704371375561861
36,common_DL,2,-0.07852886423947689,-0.339085779594265,0.18202805111531126,-0.13316427353800592
36,common_DL,3,-0.48818917851880356,-0.7615285690103275,-0.21484978802727966,-0.47990737548791895
36,common_DL,4,0.41425922634307993,0.12069834572159072,0.7078201069645691,0.5005555914647669
36,common_DL,5,0.8272669435010707,0.44370259256931815,1.2108312944328232,0.7992690927484128
36,comp_specific,1,-0.08277394570163515,-0.2738612928940025,0.10831340149073224,-0.10704371375561861
36,comp_specific,2,-0.08971549376225019,-0.3635758782413379,0.18414489071683754,-0.13316427353800592
36,comp_specific,3,-0.4688572342760066,-0.786841043922453,-0.15087342462956022,-0.47990737548791895
36,comp_specific,4,0.5046697668676418,0.10066281555264567,0.9086767181826378,0.5005555914647669
36,comp_specific,5,0.8337830691771744,0.48633197038291853,1.1812341679714302,0.7992690927484128
36,adaptshrink,1,-0.08258879437748623,-0.31572806116985214,0.15055047241487968,-0.10704371375561861
36,adaptshrink,2,-0.08440453995649846,-0.35178323779622167,0.18297415788322471,-0.13316427353800592
36,adaptshrink,3,-0.4808896810453625,-0.7701373367084308,-0.1916420253822943,-0.47990737548791895
36,adaptshrink,4,0.46515034333328975,0.11603101210514116,0.8142696745614384,0.5005555914647669
36,adaptshrink,5,0.8291885697698067,0.456977050759371,1.2014000887802423,0.7992690927484128
37,common_DL,1,-0.03184863832825437,-0.3535517486136598,0.2898544719571511,0.015100766447015848
37,common_DL,2,-0.7844639143136355,-0.9757894623440875,-0.5931383662831835,-0.802906866786545
37,common_DL,3,-0.2720277543788025,-0.5190075973730472,-0.02504791138455778,-0.07318816318653738
37,common_DL,4,-0.012664839285215793,-0.2637016991740948,0.23837202060366325,-0.06429615968635397
37,common_DL,5,0.5117705710268585,0.3196850586385759,0.7038560834151412,0.2955450670731816
37,comp_specific,1,-0.03236911350137253,-0.35547220026560256,0.29073397326285744,0.015100766447015848
37,comp_specific,2,-0.7849179059220991,-0.9580087183971475,-0.6118270934470507,-0.802906866786545
37,comp_specific,3,-0.2655507250677491,-0.5348117997941828,0.003710349658684553,-0.07318816318653738
37,comp_specific,4,-0.01050312143405234,-0.2546366487041435,0.23363040583603878,-0.06429615968635397
37,comp_specific,5,0.47975927561323517,0.20127476801412086,0.7582437832123494,0.2955450670731816
37,adaptshrink,1,-0.03207286222636384,-0.3543768425561879,0.2902311181034602,0.015100766447015848
37,adaptshrink,2,-0.784601026045221,-0.9702022791407767,-0.5989997729496652,-0.802906866786545
37,adaptshrink,3,-0.2691316563511528,-0.5260341927481033,-0.012229119954202394,-0.07318816318653738
37,adaptshrink,4,-0.011629611421505676,-0.2592616808582594,0.23600245801524805,-0.06429615968635397
37,adaptshrink,5,0.492502372700929,0.25869114471683063,0.7263136006850274,0.2955450670731816
38,common_DL,1,0.016615130520081123,-0.24110904774318848,0.2743393087833507,-0.14890600170151527
38,common_DL,2,0.8207511278661046,0.49302469311152125,1.148477562620688,0.8809093497170317
38,common_DL,3,0.4744711139050641,0.15185836297612715,0.7970838648340011,0.24953171473409405
38,common_DL,4,0.40090632247261576,0.08727078161998142,0.71454186332525,0.6325126461758416
38,common_DL,5,0.13802239157630514,-0.09941475638660974,0.37545953953922,0.22670426637941182
38,comp_specific,1,0.02831149325825455,-0.34192865992413757,0.39855164644064667,-0.14890600170151527
38,comp_specific,2,0.8419104695574053,0.6354558970269928,1.0483650420878179,0.8809093497170317
38,comp_specific,3,0.46229063243858026,0.2230421639808827,0.7015391008962778,0.24953171473409405
38,comp_specific,4,0.3988739177851223,0.15256004805331427,0.6451877875169304,0.6325126461758416
38,comp_specific,5,0.14128442937635846,-0.08854287856071494,0.37111173731343183,0.22670426637941182
38,adaptshrink,1,0.024345867811644384,-0.28707222077126504,0.3357639563945538,-0.14890600170151527
38,adaptshrink,2,0.8261628062173653,0.5294127152885455,1.122912897146185,0.8809093497170317
38,adaptshrink,3,0.47070283686044434,0.17254051867968068,0.768865155041208,0.24953171473409405
38,adaptshrink,4,0.40032604355902146,0.10728446249561047,0.6933676246224325,0.6325126461758416
38,adaptshrink,5,0.13940460070346591,-0.09480781359784904,0.37361701500478084,0.22670426637941182
39,common_DL,1,-0.5447953082581959,-1.0366821314824108,-0.05290848503398099,-0.3590126211389054
39,common_DL,2,-1.0763417477229387,-1.4710861115132388,-0.6815973839326386,-0.9741506844748008
39,common_DL,3,-0.28012603178280215,-0.718708631484672,0.15845656791906765,-0.1932417884718039
39,common_DL,4,-1.4051412249219495,-1.8879394387562143,-0.9223430110876848,-0.9876628582854924
39,common_DL,5,0.3106013195573382,-0.14841829825324043,0.7696209373679168,0.4005194782536863
39,comp_specific,1,-0.5231879920954,-0.9449992916677925,-0.10137669252300752,-0.3590126211389054
39,comp_specific,2,-1.1044643568472232,-1.6220727465708515,-0.586855967123595,-0.9741506844748008
39,comp_specific,3,-0.2774672190698756,-0.7000570790278776,0.14512264088812643,-0.1932417884718039
39,comp_specific,4,-1.2940474210540616,-1.525117144685523,-1.0629776974226002,-0.9876628582854924
39,comp_specific,5,0.31573561459532085,-0.0015887440752080373,0.6330599732658497,0.4005194782536863
39,adaptshrink,1,-0.5387427292123135,-1.0086553773758669,-0.06883008104876004,-0.3590126211389054
39,adaptshrink,2,-1.0944277320554328,-1.5553218870184844,-0.6335335770923811,-0.9741506844748008
39,adaptshrink,3,-0.27903884676575674,-0.7108474596466143,0.1527697661151009,-0.1932417884718039
39,adaptshrink,4,-1.3829020492977502,-1.7920697399468648,-0.9737343586486357,-0.9876628582854924
39,adaptshrink,5,0.31255053535345634,-0.08266974957197032,0.707770820278883,0.4005194782536863
40,common_DL,1,0.8756993523157106,0.6142628259463996,1.1371358786850216,0.6456913520405048
40,common_DL,2,0.8185774280282287,0.43455149489513567,1.2026033611613218,0.6204977256946339
40,common_DL,3,0.2153705652709701,-0.1516581723068952,0.5823993028488355,0.10587823483413485
40,common_DL,4,-0.3543534660549655,-0.6660002400269148,-0.04270669208301614,-0.2629386206455098
40,common_DL,5,0.678233813401762,0.3500377550441566,1.0064298717593676,0.9634597787737554
40,comp_specific,1,0.8930408078083782,0.5523057761500357,1.2337758394667206,0.6456913520405048
40,comp_specific,2,0.8189041397528629,0.40573585599871975,1.232072423507006,0.6204977256946339
40,comp_specific,3,0.2595608335583569,0.038406518758146185,0.48071514835856766,0.10587823483413485
40,comp_specific,4,-0.374452911244547,-0.6252216537627809,-0.12368416872631305,-0.2629386206455098
40,comp_specific,5,0.7256902316177234,0.4957210829164492,0.9556593803189977,0.9634597787737554
40,adaptshrink,1,0.8860230568576594,0.5817838825885846,1.1902622311267341,0.6456913520405048
40,adaptshrink,2,0.8186119827366862,0.42449023900902055,1.2127337264643518,0.6204977256946339
40,adaptshrink,3,0.2236398776406828,-0.10596620504678025,0.5532459603281459,0.10587823483413485
40,adaptshrink,4,-0.3623737388377477,-0.6472014006026594,-0.07754607707283606,-0.2629386206455098
40,adaptshrink,5,0.6933778029839748,0.4048999884920136,0.981855617475936,0.9634597787737554
41,common_DL,1,0.28537780585523975,-0.10753193622252544,0.6782875479330049,0.22574302297048787
41,common_DL,2,0.2071271903085142,-0.29197590392387496,0.7062302845409033,0.35785781210346895
41,common_DL,3,-0.05748201228821356,-0.43748655037254913,0.32252252579612195,-0.09425002001830932
41,common_DL,4,0.19297574041740684,-0.08157490825661934,0.467526389091433,0.10198778078565625
41,common_DL,5,0.633486408964818,0.3404684151593862,0.9265044027702498,0.5180905320133613
41,comp_specific,1,0.2983091799156846,-0.011051797065634361,0.6076701568970035,0.22574302297048787
41,comp_specific,2,0.21277696760425197,-0.41913940673036726,0.8446933419388711,0.35785781210346895
41,comp_specific,3,-0.06047453401787534,-0.48976377924469894,0.36881471120894826,-0.09425002001830932
41,comp_specific,4,0.2033999467774218,-0.04906214949273613,0.4558620430475797,0.10198778078565625
41,comp_specific,5,0.6338293150326508,0.33097198150034157,0.9366866485649601,0.5180905320133613
41,adaptshrink,1,0.28890016576206234,-0.07999252679166163,0.6577928583157864,0.22574302297048787
41,adaptshrink,2,0.20965283802786427,-0.3373282268340382,0.7566339028897667,0.35785781210346895
41,adaptshrink,3,-0.058898681836920486,-0.4608176183415361,0.34302025466769515,-0.09425002001830932
41,adaptshrink,4,0.19781414564389324,-0.06601854168775548,0.461646832975542,0.10198778078565625
41,adaptshrink,5,0.6336445917612514,0.33636068773744654,0.9309284957850563,0.5180905320133613
42,common_DL,1,0.04746260816525965,-0.19643446957100977,0.29135968590152905,0.16946432183618532
42,common_DL,2,0.29928507844155483,-0.11699454352161864,0.7155647004047283,-0.1847844544592031
42,common_DL,3,-0.28503486481216855,-0.5378686826096563,-0.03220104701468085,-0.2940172085770795
42,common_DL,4,-0.33338729588475635,-0.5553667434426809,-0.11140784832683182,-0.16735610129620299
42,common_DL,5,0.23437667862059866,-0.1184479561135077,0.587201313354705,-0.0235618101483707
42,comp_specific,1,0.04746260816525966,-0.19643446957100974,0.29135968590152905,0.16946432183618532
42,comp_specific,2,0.29928507844155483,-0.11699454352161853,0.7155647004047282,-0.1847844544592031
42,comp_specific,3,-0.28503486481216833,-0.5378686826096559,-0.03220104701468074,-0.2940172085770795
42,comp_specific,4,-0.3287563996888179,-0.5602056065634305,-0.09730719281420527,-0.16735610129620299
42,comp_specific,5,0.2343766786205988,-0.11844795611350761,0.5872013133547052,-0.0235618101483707
42,adaptshrink,1,0.04746260816525969,-0.1964344695710097,0.2913596859015291,0.16946432183618532
42,adaptshrink,2,0.2992850784415545,-0.11699454352161875,0.7155647004047277,-0.1847844544592031
42,adaptshrink,3,-0.28503486481216833,-0.5378686826096559,-0.03220104701468074,-0.2940172085770795
42,adaptshrink,4,-0.3309914147552985,-0.5578046398885435,-0.1041781896220535,-0.16735610129620299
42,adaptshrink,5,0.23437667862059877,-0.11844795611350764,0.5872013133547052,-0.0235618101483707
43,common_DL,1,0.5935239265313264,0.19026943506050614,0.9967784180021466,0.37117411992365473
43,common_DL,2,0.3376159533239941,0.07224649725640853,0.6029854093915796,0.44252823864674157
43,common_DL,3,0.040828570157096164,-0.21654317062634532,0.29820031094053767,0.18245147458880148
43,common_DL,4,-0.682579313109579,-1.0774297132503619,-0.287728912968796,-0.5636149272542468
43,common_DL,5,-0.1715778545619039,-0.4499296320550134,0.10677392293120563,-0.09673035407960384
43,comp_specific,1,0.5908410316785719,0.23527553123716016,0.9464065321199837,0.37117411992365473
43,comp_specific,2,0.38360777709058447,0.025843360941399218,0.7413721932397697,0.44252823864674157
43,comp_specific,3,0.06560340918327584,-0.11039890831970484,0.24160572668625652,0.18245147458880148
43,comp_specific,4,-0.7319644495203741,-1.3051352192318628,-0.15879367980888537,-0.5636149272542468
43,comp_specific,5,-0.16314775222554811,-0.4109726482893421,0.0846771438382459,-0.09673035407960384
43,adaptshrink,1,0.5927893607569901,0.20456551218859242,0.9810132093253877,0.37117411992365473
43,adaptshrink,2,0.3613113395094589,0.051328093592352186,0.6712945854265655,0.44252823864674157
43,adaptshrink,3,0.04559179161235297,-0.1886470320505946,0.27983061527530056,0.18245147458880148
43,adaptshrink,4,-0.7081265391343831,-1.1746683750758415,-0.24158470319292463,-0.5636149272542468
43,adaptshrink,5,-0.1680809663058385,-0.4339106531859884,0.09774872057431147,-0.09673035407960384
44,common_DL,1,-0.3229377079520619,-0.548759659093688,-0.0971157568104358,-0.4481207707277262
44,common_DL,2,0.2355334444181086,-0.02491506779324107,0.4959819566294583,0.08722313890237227
44,common_DL,3,-0.40832249737168314,-0.6456072749545808,-0.17103771978878546,-0.17971394005371377
44,common_DL,4,-0.10325831093916157,-0.4731579583775104,0.2666413364991872,0.07950763042533059
44,common_DL,5,-0.6346833765412049,-0.9291638531282367,-0.3402028999541731,-0.8407511894189267
44,comp_specific,1,-0.3682135992308537,-0.7087813767965645,-0.02764582166514301,-0.4481207707277262
44,comp_specific,2,0.25029479368581325,-0.16307513652053002,0.6636647238921565,0.08722313890237227
44,comp_specific,3,-0.40670837390869186,-0.6042656644824453,-0.20915108333493843,-0.17971394005371377
44,comp_specific,4,-0.10603716481178233,-0.455493785603973,0.24341945598040837,0.07950763042533059
44,comp_specific,5,-0.6325606236652589,-0.9000957759686344,-0.36502547136188335,-0.8407511894189267
44,adaptshrink,1,-0.34985117142020694,-0.6336984912502684,-0.06600385159014543,-0.4481207707277262
44,adaptshrink,2,0.2438357847272397,-0.07592133930842399,0.5635929087629035,0.08722313890237227
44,adaptshrink,3,-0.40799426512546666,-0.6297668895440445,-0.1862216407068889,-0.17971394005371377
44,adaptshrink,4,-0.10439148559901487,-0.4657195060132846,0.2569365348152548,0.07950763042533059
44,adaptshrink,5,-0.6338559490080616,-0.9172360536452804,-0.35047584437084284,-0.8407511894189267
45,common_DL,1,-0.059991879653215945,-0.36722195661713974,0.24723819731070784,-0.17687922234886805
45,common_DL,2,-0.010020841539747437,-0.3052269830520301,0.2851852999725353,0.02375913100294377
45,common_DL,3,-0.5730653182161376,-0.8952311322047183,-0.2508995042275569,-0.4921132620052766
45,common_DL,4,0.3005978430408935,-0.07516911838567658,0.6763648044674635,0.19331137902086
45,common_DL,5,0.017359685193609614,-0.24853721938445758,0.2832565897716768,-0.025890682399755366
45,comp_specific,1,-0.03890929428432224,-0.4359436545460815,0.3581250659774371,-0.17687922234886805
45,comp_specific,2,0.0036287494151293273,-0.26850187441917983,0.27575937324943844,0.02375913100294377
45,comp_specific,3,-0.5159477173617297,-0.7407205073132274,-0.2911749274102321,-0.4921132620052766
45,comp_specific,4,0.29131808591950875,-0.10407735126200052,0.686713523101018,0.19331137902086
45,comp_specific,5,0.016583438356829683,-0.22459093561953905,0.2577578123331984,-0.025890682399755366
45,adaptshrink,1,-0.04655777733401057,-0.4025029632230473,0.30938740855502617,-0.17687922234886805
45,adaptshrink,2,-0.003706967914706538,-0.2877955166154883,0.2803815807860752,0.02375913100294377
45,adaptshrink,3,-0.556299982314465,-0.84355731715128,-0.26904264747764994,-0.4921132620052766
45,adaptshrink,4,0.29736906895856086,-0.08510770815625368,0.6798458460733754,0.19331137902086
45,adaptshrink,5,0.0169953652915543,-0.23693005242336315,0.27092078300647177,-0.025890682399755366
46,common_DL,1,0.6071648693682524,0.22615596441275276,0.9881737743237521,0.5395759050894172
46,common_DL,2,-0.8803194390995098,-1.3008832600993956,-0.45975561809962395,-1.3352688409771685
46,common_DL,3,0.2064618691395055,-0.14829782432324098,0.561221562602252,0.09382777023517581
46,common_DL,4,-0.4676280082981732,-0.9657785944429634,0.03052257784661705,-0.17294350293562072
46,common_DL,5,0.09595403555819224,-0.2128310516633289,0.40473912277971336,-0.0886964874340679
46,comp_specific,1,0.5915175911048203,0.15768794424670524,1.0253472379629354,0.5395759050894172
46,comp_specific,2,-0.9463684213956867,-1.1641110168157687,-0.7286258259756048,-1.3352688409771685
46,comp_specific,3,0.23796482157699977,-0.23676840983927627,0.7126980529932758,0.09382777023517581
46,comp_specific,4,-0.5621152710091362,-1.3991839479081496,0.27495340588987727,-0.17294350293562072
46,comp_specific,5,0.07994223341982588,-0.06234380409906169,0.22222827093871345,-0.0886964874340679
46,adaptshrink,1,0.5995403897130687,0.19480552512957405,1.0042752542965632,0.5395759050894172
46,adaptshrink,2,-0.8892613040246398,-1.260185777671565,-0.5183368303777145,-1.3352688409771685
46,adaptshrink,3,0.22584640173622783,-0.19462808187785502,0.6463208853503106,0.09382777023517581
46,adaptshrink,4,-0.5248668308291794,-1.1606782763462955,0.1109446146879366,-0.17294350293562072
46,adaptshrink,5,0.09835443175665609,-0.14699837508384747,0.3437072385971597,-0.0886964874340679
47,common_DL,1,0.0230136823440572,-0.4297641387312956,0.47579150341941,0.160537732037176
47,common_DL,2,-0.04398945885440064,-0.45686669393448504,0.36888777622568375,0.13976442834443104
47,common_DL,3,0.6307060563537529,0.2438417181917366,1.017570394515769,0.5432209430501369
47,common_DL,4,0.20501924195283802,-0.24768184539370378,0.6577203292993798,0.1939394317095079
47,common_DL,5,-0.3959895634158316,-0.909358047574943,0.11737892074327982,-0.5440234012910317
47,comp_specific,1,0.07289888756340389,-0.23279008935128154,0.37858786447808934,0.160537732037176
47,comp_specific,2,-0.06896811081147014,-0.6057537332400205,0.4678175116170802,0.13976442834443104
47,comp_specific,3,0.6397357147703228,0.3008519633898049,0.9786194661508406,0.5432209430501369
47,comp_specific,4,0.21107611985455793,-0.28348037335127135,0.7056326130603872,0.1939394317095079
47,comp_specific,5,-0.38381232165100854,-0.8587595014208964,0.09113485811887934,-0.5440234012910317
47,adaptshrink,1,0.03539070684991902,-0.3634613557109508,0.4342427694107888,0.160537732037176
47,adaptshrink,2,-0.05704553693738321,-0.5275013577929563,0.4134102839181899,0.13976442834443104
47,adaptshrink,3,0.6338838401288109,0.2666483335719416,1.0011193466856803,0.5432209430501369
47,adaptshrink,4,0.20791109158002524,-0.26333842208577113,0.6791606052458217,0.1939394317095079
47,adaptshrink,5,-0.39228882258745373,-0.8932454911667571,0.10866784599184959,-0.5440234012910317
48,common_DL,1,-0.22768966015367642,-0.7573368800080758,0.3019575597007229,0.05517364162202736
48,common_DL,2,0.22808330495688506,-0.06790002241593329,0.5240666323297034,0.05381340465959768
48,common_DL,3,-0.1375165320908397,-0.4306845605191236,0.15565149633744424,-0.15727633016103015
48,common_DL,4,-0.20719403269306153,-0.5509482160394918,0.13656015065336885,-0.29682734877205685
48,common_DL,5,0.021623615031462,-0.3343397465131609,0.37758697657608487,-0.18613893029189055
48,comp_specific,1,-0.23186706982696992,-0.6809710866490148,0.21723694699507495,0.05517364162202736
48,comp_specific,2,0.22882198938150175,-0.22490922274411082,0.6825532015071143,0.05381340465959768
48,comp_specific,3,-0.11442501926506793,-0.2994641905035508,0.07061415197341489,-0.15727633016103015
48,comp_specific,4,-0.20584208336243223,-0.4135789182714593,0.0018947515465948805,-0.29682734877205685
48,comp_specific,5,0.029414741127692996,-0.2969948652753961,0.35582434753078207,-0.18613893029189055
48,adaptshrink,1,-0.22879657480833032,-0.7330416461310625,0.2754484965144018,0.05517364162202736
48,adaptshrink,2,0.22927514328901502,-0.15485416154906353,0.6134044481270936,0.05381340465959768
48,adaptshrink,3,-0.12973140359542829,-0.3767958613205863,0.11733305412972975,-0.15727633016103015
48,adaptshrink,4,-0.20671085367748568,-0.5034529394883296,0.0900312321333582,-0.29682734877205685
48,adaptshrink,5,0.024835551756751888,-0.3189045997953836,0.3685757033088874,-0.18613893029189055
49,common_DL,1,-0.3954251391778208,-0.8578639936628774,0.06701371530723577,-0.29555610187384096
49,common_DL,2,0.07658838455160583,-0.4044473739858754,0.557624143089087,0.08064478007989449
49,common_DL,3,0.4554652092493488,0.026206084027818932,0.8847243344708786,0.6353140288767767
49,common_DL,4,-0.5077021880256085,-0.870691287226306,-0.14471308882491113,-0.7204468060346005
49,common_DL,5,-0.4998012739047253,-1.0218903060079436,0.022287758198493046,-0.44941917404516674
49,comp_specific,1,-0.3548783337189175,-0.707079493273981,-0.0026771741638539903,-0.29555610187384096
49,comp_specific,2,0.12067008062613133,-0.2544818230474011,0.49582198429966373,0.08064478007989449
49,comp_specific,3,0.4524977938869794,-0.013350200506730026,0.9183457882806889,0.6353140288767767
49,comp_specific,4,-0.5101902455629552,-0.8802267317810581,-0.1401537593448523,-0.7204468060346005
49,comp_specific,5,-0.48918850115412604,-1.1163755648672513,0.13799856255899923,-0.44941917404516674
49,adaptshrink,1,-0.3861285786280061,-0.8162781214066912,0.04402096415067902,-0.29555610187384096
49,adaptshrink,2,0.08699431198685925,-0.3630204262515751,0.5370090502252935,0.08064478007989449
49,adaptshrink,3,0.4543159114861014,0.012439585745401271,0.8961922372268015,0.6353140288767767
49,adaptshrink,4,-0.508977424524206,-0.8755183111390508,-0.14243653790936123,-0.7204468060346005
49,adaptshrink,5,-0.4955206066735993,-1.0550206154897794,0.06397940214258069,-0.44941917404516674
50,common_DL,1,-0.32225213288076937,-0.6666169968918902,0.022112731130351504,-0.5176769372824763
50,common_DL,2,-0.5785227206704571,-0.8430648238916543,-0.3139806174492599,-0.3199956299444243
50,common_DL,3,1.387012155894723,1.1076977834991744,1.6663265282902717,1.4530519090590774
50,common_DL,4,0.44529342395803073,0.0935726872061648,0.7970141607098966,0.31667928575478377
50,common_DL,5,-0.2966257003852879,-0.5842424044299628,-0.009008996340612974,-0.10473991828189015
50,comp_specific,1,-0.32185842604525966,-0.5904552989205163,-0.05326155317000297,-0.5176769372824763
50,comp_specific,2,-0.5994662891386395,-0.9892715335725424,-0.20966104470473673,-0.3199956299444243
50,comp_specific,3,1.3870984663629664,1.1051164052363474,1.6690805274895855,1.4530519090590774
50,comp_specific,4,0.46111182986176064,0.19758285797973574,0.7246408017437855,0.31667928575478377
50,comp_specific,5,-0.25791165193116244,-0.4642180780214702,-0.051605225840854696,-0.10473991828189015
50,adaptshrink,1,-0.32230796739348405,-0.6374713212655063,-0.0071446135214617845,-0.5176769372824763
50,adaptshrink,2,-0.5918051215056268,-0.9254812958831805,-0.2581289471280731,-0.3199956299444243
50,adaptshrink,3,1.387041446779169,1.1068348297435486,1.6672480638147893,1.4530519090590774
50,adaptshrink,4,0.44868244567945825,0.12345515819163044,0.7739097331672861,0.31667928575478377
50,adaptshrink,5,-0.2845546067751989,-0.5417266138190726,-0.027382599731325175,-0.10473991828189015
51,common_DL,1,0.4437476258134826,0.12083489508118589,0.7666603565457792,0.47436531995166115
51,common_DL,2,-0.24955006676657926,-0.5316066309773223,0.032506497444163784,-0.11818551938427327
51,common_DL,3,-0.5710867533312433,-0.9144456212766932,-0.2277278853857933,-0.7005967177889555
51,common_DL,4,-0.3318172150968048,-0.8183469885768615,0.15471255838325199,-0.07689597834128094
51,common_DL,5,0.5520704230991711,0.15470869359006073,0.9494321526082814,0.655922233164571
51,comp_specific,1,0.45796265312190676,0.030373352484052374,0.8855519537597611,0.47436531995166115
51,comp_specific,2,-0.2538323792846118,-0.4816232729724157,-0.02604148559680783,-0.11818551938427327
51,comp_specific,3,-0.5960902938210145,-0.8618192335503772,-0.33036135409165185,-0.7005967177889555
51,comp_specific,4,-0.32616490316495705,-1.0494896419765691,0.397159835646655,-0.07689597834128094
51,comp_specific,5,0.5958451156676681,0.3520926087284133,0.8395976226069228,0.655922233164571
51,adaptshrink,1,0.45217763551071183,0.08012142006709017,0.8242338509543334,0.47436531995166115
51,adaptshrink,2,-0.25056898144256856,-0.5077184939661697,0.006580531081032626,-0.11818551938427327
51,adaptshrink,3,-0.5816935736884986,-0.889891067691129,-0.2734960796858682,-0.7005967177889555
51,adaptshrink,4,-0.3279770153993654,-0.905059477097676,0.24910544629894515,-0.07689597834128094
51,adaptshrink,5,0.5605906389899006,0.20162859731384752,0.9195526806659536,0.655922233164571
52,common_DL,1,0.49638580007403577,0.30230727849629413,0.6904643216517774,0.2959683505114325
52,common_DL,2,0.8093015050398789,0.6075634352176997,1.011039574862058,0.5742464013624446
52,common_DL,3,-0.45051994143402496,-0.6957387446975251,-0.2053011381705249,-0.34421851273183307
52,common_DL,4,0.2051107994509126,0.0684668189053125,0.3417547799965127,0.053744980355593025
52,common_DL,5,0.049176851063836236,-0.17677369364965156,0.27512739577732404,0.12018842827262856
52,comp_specific,1,0.504517387026549,0.2525816299675135,0.7564531440855846,0.2959683505114325
52,comp_specific,2,0.8093015050398786,0.6075634352176995,1.0110395748620578,0.5742464013624446
52,comp_specific,3,-0.4505199414340251,-0.6957387446975251,-0.20530113817052506,-0.34421851273183307
52,comp_specific,4,0.20511079945091265,0.06846681890531256,0.3417547799965127,0.053744980355593025
52,comp_specific,5,0.11925131465472602,-0.2130221776698706,0.4515248069793226,0.12018842827262856
52,adaptshrink,1,0.4992490507813982,0.28331176342009373,0.7151863381427026,0.2959683505114325
52,adaptshrink,2,0.8093015050398791,0.6075634352177,1.0110395748620582,0.5742464013624446
52,adaptshrink,3,-0.45051994143402513,-0.6957387446975251,-0.20530113817052517,-0.34421851273183307
52,adaptshrink,4,0.2051107994509126,0.0684668189053125,0.3417547799965127,0.053744980355593025
52,adaptshrink,5,0.0793483266102469,-0.1909544657611649,0.3496511189816587,0.12018842827262856
53,common_DL,1,-0.3670822377666222,-0.7094559418594215,-0.02470853367382292,-0.19126653658615142
53,common_DL,2,0.26527041358274117,-0.09278598283326461,0.623326809998747,0.18425311269924674
53,common_DL,3,0.44710722238329714,0.20462792164926707,0.6895865231173273,0.5905086807725243
53,common_DL,4,0.0572362760274058,-0.3111780099382029,0.42565056199301443,0.030423786071767784
53,common_DL,5,0.5531635208885037,0.19361493103547278,0.9127121107415347,0.06867044853472977
53,comp_specific,1,-0.36708223776662297,-0.7094559418594224,-0.024708533673823474,-0.19126653658615142
53,comp_specific,2,0.2652704135827413,-0.09278598283326467,0.6233268099987472,0.18425311269924674
53,comp_specific,3,0.4377599639096022,0.16950847567109617,0.7060114521481082,0.5905086807725243
53,comp_specific,4,0.05723627602740555,-0.3111780099382032,0.4256505619930143,0.030423786071767784
53,comp_specific,5,0.553163520888504,0.1936149310354729,0.912712110741535,0.06867044853472977
53,adaptshrink,1,-0.3670822377666232,-0.7094559418594226,-0.024708533673823696,-0.19126653658615142
53,adaptshrink,2,0.2652704135827416,-0.09278598283326428,0.6233268099987475,0.18425311269924674
53,adaptshrink,3,0.44246345161247624,0.18833145208750324,0.6965954511374493,0.5905086807725243
53,adaptshrink,4,0.057236276027405775,-0.31117800993820294,0.4256505619930145,0.030423786071767784
53,adaptshrink,5,0.553163520888504,0.193614931035473,0.9127121107415349,0.06867044853472977
54,common_DL,1,0.1621028015645528,-0.2149088119340689,0.5391144150631746,0.4758260441857632
54,common_DL,2,0.5232120721284439,0.2692476737643752,0.7771764704925126,0.3797628737910933
54,common_DL,3,0.03427190402996999,-0.20397967785620544,0.2725234859161454,0.15366021362949503
54,common_DL,4,0.5582696370611022,0.20957189902711593,0.9069673750950885,0.6859898083810857
54,common_DL,5,0.7319135870843355,0.4259242520079402,1.0379029221607308,0.761092801326001
54,comp_specific,1,0.2042395559525969,-0.0927987470683766,0.5012778589735705,0.4758260441857632
54,comp_specific,2,0.5450494568803281,0.15467632768661116,0.935422586074045,0.3797628737910933
54,comp_specific,3,0.06257188861424856,-0.07849313077230674,0.20363690800080386,0.15366021362949503
54,comp_specific,4,0.5512605781473725,0.2803423592182997,0.8221787970764454,0.6859898083810857
54,comp_specific,5,0.7123095635776748,0.5135108626435276,0.911108264511822,0.761092801326001
54,adaptshrink,1,0.17279239250953746,-0.1810851074666023,0.5266698924856772,0.4758260441857632
54,adaptshrink,2,0.5382375229144736,0.20742400378172354,0.8690510420472236,0.3797628737910933
54,adaptshrink,3,0.04230767761191112,-0.15722605459968664,0.24184140982350888,0.15366021362949503
54,adaptshrink,4,0.556668015474745,0.23177126497278328,0.8815647659767067,0.6859898083810857
54,adaptshrink,5,0.7272241245404865,0.45123671163655715,1.0032115374444157,0.761092801326001
55,common_DL,1,0.10932262903868123,-0.08683362331226346,0.3054788813896259,-0.011065955951476537
55,common_DL,2,0.6552798340714387,0.46255185565037926,0.8480078124924982,0.43840305776717237
55,common_DL,3,-0.745126368766464,-1.0182565557978442,-0.4719961817350837,-0.6393194915534957
55,common_DL,4,0.3528608238747747,0.07569874504611152,0.6300229027034379,0.3816394515570898
55,common_DL,5,-0.07769554715761973,-0.2601186974224844,0.10472760310724494,0.20601913343584372
55,comp_specific,1,0.09406232036201624,-0.1354235118607402,0.32354815258477265,-0.011065955951476537
55,comp_specific,2,0.6552735157077646,0.39484741117582334,0.9156996202397059,0.43840305776717237
55,comp_specific,3,-0.7083802685256234,-1.040363153365477,-0.3763973836857698,-0.6393194915534957
55,comp_specific,4,0.35217858435552873,0.09099553819123296,0.6133616305198245,0.3816394515570898
55,comp_specific,5,-0.07184121402262666,-0.22423319416457968,0.08055076611932635,0.20601913343584372
55,adaptshrink,1,0.10320093425874985,-0.10494427371489948,0.3113461422323992,-0.011065955951476537
55,adaptshrink,2,0.6578020216315675,0.42726325554674693,0.8883407877163881,0.43840305776717237
55,adaptshrink,3,-0.7307225653874411,-1.025840550753401,-0.4356045800214812,-0.6393194915534957
55,adaptshrink,4,0.35265245478964,0.08070296873108818,0.6246019408481919,0.3816394515570898
55,adaptshrink,5,-0.07514598424078477,-0.24580139086624453,0.09550942238467498,0.20601913343584372
56,common_DL,1,-0.14886853145981468,-0.4299232804389036,0.13218621751927426,-0.16082225569914746
56,common_DL,2,0.07737270534075083,-0.3125982308669917,0.4673436415484933,0.05459218934347123
56,common_DL,3,-0.8465502451141702,-1.1218690299093326,-0.5712314603190078,-0.8870915254409276
56,common_DL,4,0.21994321116870755,-0.09273879574765484,0.5326252180850699,0.195002992886412
56,common_DL,5,-0.147327904804933,-0.5594213066596636,0.26476549704979757,-0.04308443634759149
56,comp_specific,1,-0.1502860672601286,-0.38856730899131264,0.0879951744710554,-0.16082225569914746
56,comp_specific,2,0.2322241311918896,-0.6037437528745955,1.0681920152583746,0.05459218934347123
56,comp_specific,3,-0.8435681577738526,-1.1085644167646698,-0.5785718987830354,-0.8870915254409276
56,comp_specific,4,0.25092638610270424,0.06636146064119214,0.43549131156421633,0.195002992886412
56,comp_specific,5,-0.12630656714599658,-0.43450471690871634,0.18189158261672317,-0.04308443634759149
56,adaptshrink,1,-0.14941933761220164,-0.41000800775917856,0.11116933253477526,-0.16082225569914746
56,adaptshrink,2,0.18749638395090534,-0.39606284742315706,0.7710556153249677,0.05459218934347123
56,adaptshrink,3,-0.8453226582015632,-1.1162720685080134,-0.5743732478951129,-0.8870915254409276
56,adaptshrink,4,0.2286814912336288,-0.03974261997622769,0.4971056024434853,0.195002992886412
56,adaptshrink,5,-0.1420383882145167,-0.5234292783109659,0.23935250188193247,-0.04308443634759149
57,common_DL,1,0.9154707736551915,0.5907321096412779,1.240209437669105,0.932018458561052
57,common_DL,2,0.15284070600097363,-0.14552978486218612,0.45121119686413336,-0.12268359243611474
57,common_DL,3,0.33470790287675395,0.06120012000140884,0.6082156857520991,0.24192214559375444
57,common_DL,4,-0.46170204528123915,-0.7689225849330696,-0.1544815056294087,-0.6080768504908491
57,common_DL,5,-1.0809045889560454,-1.390761420758999,-0.7710477571530918,-1.3246939604886818
57,comp_specific,1,0.8765281929322706,0.6227994222105897,1.1302569636539515,0.932018458561052
57,comp_specific,2,0.1344143530725901,-0.11374676089743835,0.3825754670426185,-0.12268359243611474
57,comp_specific,3,0.3458018268029993,-0.044938184454997365,0.736541838060996,0.24192214559375444
57,comp_specific,4,-0.4668173924775706,-0.7982412545323456,-0.13539353042279562,-0.6080768504908491
57,comp_specific,5,-1.089284067313593,-1.2820920308094974,-0.8964761038176887,-1.3246939604886818
57,adaptshrink,1,0.9053635637430931,0.6011355152609525,1.2095916122252337,0.932018458561052
57,adaptshrink,2,0.14473234381575403,-0.13021945333684118,0.4196841409683493,-0.12268359243611474
57,adaptshrink,3,0.34354275254782524,0.013378215153166229,0.6737072899424843,0.24192214559375444
57,adaptshrink,4,-0.46439050577983554,-0.7839900561153014,-0.1447909554443697,-0.6080768504908491
57,adaptshrink,5,-1.0813628499611037,-1.3611803816769232,-0.8015453182452841,-1.3246939604886818
58,common_DL,1,-1.0434502948352566,-1.3983457908716095,-0.6885547987989037,-0.73978777885166
58,common_DL,2,0.9243253127966753,0.7046318454114954,1.144018780181855,0.87056119958678
58,common_DL,3,-0.5271084602117166,-0.7565681798963091,-0.2976487405271242,-0.4829163064245993
58,common_DL,4,0.46279283019972944,0.11949325241989955,0.8060924079795593,0.4746077213778296
58,common_DL,5,1.3871710733732228,1.0625992790151042,1.7117428677313413,1.3547097334567682
58,comp_specific,1,-1.0603501328027836,-1.3728631168475327,-0.7478371487580344,-0.73978777885166
58,comp_specific,2,0.9250396197873151,0.7413405101119052,1.108738729462725,0.87056119958678
58,comp_specific,3,-0.5202149247055231,-0.7680502978712053,-0.27237955153984095,-0.4829163064245993
58,comp_specific,4,0.3585064849030203,-0.1994896518276883,0.9165026216337289,0.4746077213778296
58,comp_specific,5,1.394793423638853,1.1201446032865867,1.6694422439911194,1.3547097334567682
58,adaptshrink,1,-1.0483963977635127,-1.3901705018477286,-0.7066222936792969,-0.73978777885166
58,adaptshrink,2,0.9245058475622094,0.7216704964482992,1.1273411986761197,0.87056119958678
58,adaptshrink,3,-0.5234702850672741,-0.7623357316513248,-0.2846048384832233,-0.4829163064245993
58,adaptshrink,4,0.40587281332190306,-0.026880484886306066,0.8386261115301121,0.4746077213778296
58,adaptshrink,5,1.3893307635078005,1.0797905302271615,1.6988709967884394,1.3547097334567682
59,common_DL,1,-0.6119029463769603,-0.9715842904923839,-0.25222160226153667,-0.37108167637239176
59,common_DL,2,-0.6565483854600465,-0.9911373171552882,-0.3219594537648047,-0.48293967432853546
59,common_DL,3,0.3141872791875444,-0.07647446615893272,0.7048490245340215,0.7205591664717181
59,common_DL,4,0.24261430003846024,0.01730969173398539,0.4679189083429351,0.3161304699132076
59,common_DL,5,0.5745687423101479,0.21285160666000352,0.9362858779602923,0.7192149155164816
59,comp_specific,1,-0.6330004789671977,-0.9305581057192571,-0.33544285221513825,-0.37108167637239176
59,comp_specific,2,-0.6179592533552682,-0.8583055932257259,-0.37761291348481063,-0.48293967432853546
59,comp_specific,3,0.26899641289718296,-0.21273332930965627,0.7507261551040222,0.7205591664717181
59,comp_specific,4,0.22859293917443135,0.04341816648559055,0.41376771186327216,0.3161304699132076
59,comp_specific,5,0.6333208911163357,0.07311302276914422,1.1935287594635273,0.7192149155164816
59,adaptshrink,1,-0.6173245227860399,-0.9583873229951861,-0.27626172257689363,-0.37108167637239176
59,adaptshrink,2,-0.6463417390292091,-0.9552188264925968,-0.3374646515658214,-0.48293967432853546
59,adaptshrink,3,0.29480800788180095,-0.12936613826105653,0.7189821540246584,0.7205591664717181
59,adaptshrink,4,0.2372808944913021,0.030204337745130205,0.444357451237474,0.3161304699132076
59,adaptshrink,5,0.600889180897018,0.15906264977420542,1.0427157120198307,0.7192149155164816
60,common_DL,1,-0.37806227843896456,-0.6525374713900594,-0.10358708548786982,-0.49168837093102874
60,common_DL,2,0.4644449411631982,0.10515058159508156,0.8237393007313147,0.4162501423121539
60,common_DL,3,0.26740599903356255,-0.019009504076653028,0.5538215021437781,0.2556389192361843
60,common_DL,4,-0.3189246965453078,-0.6404468461745982,0.002597453083982626,-0.36808049662160114
60,common_DL,5,-0.21449830923146238,-0.7109907824355112,0.28199416397258636,-0.29672378418945794
60,comp_specific,1,-0.39038828365429634,-0.743413171124588,-0.03736339618400464,-0.49168837093102874
60,comp_specific,2,0.43833928307739356,0.17388308217909132,0.7027954839756958,0.4162501423121539
60,comp_specific,3,0.26510540942476113,-0.03308011877235656,0.5632909376218789,0.2556389192361843
60,comp_specific,4,-0.3187259915428504,-0.5815463410629247,-0.0559056420227762,-0.36808049662160114
60,comp_specific,5,-0.21850786409672793,-0.6361241964053936,0.19910846821193776,-0.29672378418945794
60,adaptshrink,1,-0.3857366958573354,-0.7025740684857942,-0.06889932322887665,-0.49168837093102874
60,adaptshrink,2,0.45560634968436053,0.13261538944773782,0.7785973099209833,0.4162501423121539
60,adaptshrink,3,0.2662265729916229,-0.0261588482775027,0.5586119942607485,0.2556389192361843
60,adaptshrink,4,-0.31898779123983734,-0.6175984166790642,-0.020377165800610386,-0.36808049662160114
60,adaptshrink,5,-0.215586632556794,-0.687356403937041,0.25618313882345295,-0.29672378418945794
61,common_DL,1,-0.17723968700711928,-0.4956621675732583,0.14118279355901975,-0.3040295100626059
61,common_DL,2,-0.6664044089172853,-0.8742513649033674,-0.45855745293120304,-0.5464447394803714
61,common_DL,3,0.15311229120851727,-0.10904967698115087,0.4152742593981854,0.2094626262450231
61,common_DL,4,0.429179609199677,0.049668124028523664,0.8086910943708303,0.43282213551611165
61,common_DL,5,-0.7777342595613831,-1.0865322816199627,-0.4689362375028035,-0.49098652644970864
61,comp_specific,1,-0.15642061138731972,-0.5302341536806416,0.21739293090600215,-0.3040295100626059
61,comp_specific,2,-0.6606167561858222,-0.9042799071798424,-0.4169536051918019,-0.5464447394803714
61,comp_specific,3,0.1719255701424268,-0.028001656231866845,0.37185279651672043,0.2094626262450231
61,comp_specific,4,0.43407939377362503,0.08920722229280492,0.7789515652544452,0.43282213551611165
61,comp_specific,5,-0.7740557932686835,-1.1069199539965708,-0.4411916325407961,-0.49098652644970864
61,adaptshrink,1,-0.16621873537461299,-0.5099086575595703,0.17747118681034427,-0.3040295100626059
61,adaptshrink,2,-0.663078256129511,-0.8895965390320117,-0.43655997322701023,-0.5464447394803714
61,adaptshrink,3,0.15766167386653027,-0.08649242213191974,0.40181576986498024,0.2094626262450231
61,adaptshrink,4,0.43109623802708996,0.06592507002705805,0.7962674060271219,0.43282213551611165
61,adaptshrink,5,-0.7765089604531508,-1.0936904542582404,-0.45932746664806107,-0.49098652644970864
62,common_DL,1,0.29168948392400484,-0.14780461490955116,0.7311835827575608,0.17262435716316865
62,common_DL,2,0.21972869182281352,-0.20727150032091868,0.6467288839665457,0.3127589167957053
62,common_DL,3,0.11180899117399948,-0.2090912081197854,0.43270919046778433,0.1793715507823401
62,common_DL,4,0.19631227823168604,-0.19888816468611079,0.5915127211494828,0.08886398065200495
62,common_DL,5,-0.46151055217015785,-0.8162386557096437,-0.10678244863067193,-0.3642736051663641
62,comp_specific,1,0.3053502176213764,0.09178415804535275,0.5189162771974,0.17262435716316865
62,comp_specific,2,0.19460680884937206,-0.020337429267665713,0.40955104696640987,0.3127589167957053
62,comp_specific,3,0.11392133697579579,-0.19584686042714097,0.4236895343787326,0.1793715507823401
62,comp_specific,4,0.19672732555945738,-0.20426291267723473,0.5977175637961495,0.08886398065200495
62,comp_specific,5,-0.44056197603142844,-0.9040014654223416,0.02287751335948468,-0.3642736051663641
62,adaptshrink,1,0.29397906309278826,-0.0820883394338171,0.6700464656193936,0.17262435716316865
62,adaptshrink,2,0.21405851780727903,-0.1512922036740595,0.5794092392886175,0.3127589167957053
62,adaptshrink,3,0.1128347476149931,-0.20255286882322202,0.42822236405320824,0.1793715507823401
62,adaptshrink,4,0.19649151451915614,-0.20120270561912407,0.5941857346574364,0.08886398065200495
62,adaptshrink,5,-0.44713062488213967,-0.8605954292842803,-0.033665820479999,-0.3642736051663641
63,common_DL,1,-0.24263683602676472,-0.5852029170490598,0.09992924499553035,-0.22914692937236109
63,common_DL,2,-0.01750899883278456,-0.36084027193640916,0.32582227427084004,0.1443806911906509
63,common_DL,3,-1.752415751939946,-2.1395856933593786,-1.3652458105205132,-1.630192929004774
63,common_DL,4,-0.1454549858702457,-0.45724870970547216,0.16633873796498078,-0.06122735928205151
63,common_DL,5,-0.3462561479245013,-0.6943005227616438,0.0017882269126411332,-0.2152325391058128
63,comp_specific,1,-0.20024339672380054,-0.4500870220432062,0.049600228595605145,-0.22914692937236109
63,comp_specific,2,-0.0036118950991143595,-0.24573303719908665,0.23850924700085793,0.1443806911906509
63,comp_specific,3,-1.792052161499118,-2.4646418830280505,-1.1194624399701856,-1.630192929004774
63,comp_specific,4,-0.14408603805675724,-0.45113893122987836,0.16296685511636388,-0.06122735928205151
63,comp_specific,5,-0.2698491655558815,-0.4773012758377293,-0.06239705527403375,-0.2152325391058128
63,adaptshrink,1,-0.22894160712375256,-0.5363066504119863,0.07842343616448122,-0.22914692937236109
63,adaptshrink,2,-0.014158791106805901,-0.3191781600849955,0.2908605778713837,0.1443806911906509
63,adaptshrink,3,-1.7791293297322175,-2.3093328348512814,-1.2489258246131536,-1.630192929004774
63,adaptshrink,4,-0.14487538352626722,-0.45464782509447105,0.1648970580419366,-0.06122735928205151
63,adaptshrink,5,-0.32986208706268827,-0.6315532218059114,-0.028170952319465148,-0.2152325391058128
64,common_DL,1,-0.2560678893266757,-0.5707068610353117,0.05857108238196035,-0.3840606766224794
64,common_DL,2,0.040613751923454594,-0.41580731838613005,0.4970348222330392,-0.22441957137736035
64,common_DL,3,0.034278337873966724,-0.4090452686725401,0.47760194442047355,-0.06119842568165288
64,common_DL,4,-0.5576282095991705,-0.8602930407856904,-0.2549633784126506,-0.45472605536148797
64,common_DL,5,0.24755064983598163,-0.16210531428825264,0.657206613960216,0.43182834034626566
64,comp_specific,1,-0.21706751377487843,-0.39445312757956097,-0.039681899970195916,-0.3840606766224794
64,comp_specific,2,0.04173506781409732,-0.4883184145330216,0.5717885501612162,-0.22441957137736035
64,comp_specific,3,0.045361186937263445,-0.247641926731496,0.33836430060602285,-0.06119842568165288
64,comp_specific,4,-0.5710297554909473,-0.931589591994727,-0.2104699189871675,-0.45472605536148797
64,comp_specific,5,0.21371596226955786,-0.32018035725765887,0.7476122817967745,0.43182834034626566
64,adaptshrink,1,-0.24584095950683466,-0.5087549788420935,0.01707305982842422,-0.3840606766224794
64,adaptshrink,2,0.0407592538273235,-0.4417650246438438,0.5232835322984908,-0.22441957137736035
64,adaptshrink,3,0.03646806655821161,-0.3670473279794794,0.43998346109590264,-0.06119842568165288
64,adaptshrink,4,-0.5640423921728253,-0.892998229947459,-0.23508655439819143,-0.45472605536148797
64,adaptshrink,5,0.2282125935234336,-0.2391379858265381,0.6955631728734053,0.43182834034626566
65,common_DL,1,0.23718679818879773,-0.08497545631927761,0.5593490526968731,0.10143048664186612
65,common_DL,2,-0.012452761309818726,-0.34094021995395457,0.31603469733431716,0.14940070246373469
65,common_DL,3,0.2603883928278462,-0.1415953918186667,0.6623721774743592,0.340302945842052
65,common_DL,4,0.24080078554018375,-0.01097877484973675,0.49258034593010425,0.197910453210168
65,common_DL,5,-0.45233308944707296,-0.7833517772597511,-0.12131440163439483,-0.429288124749676
65,comp_specific,1,0.2240771771850349,-0.061712071577257666,0.5098664259473275,0.10143048664186612
65,comp_specific,2,-0.00799338899158692,-0.5188552096728198,0.5028684316896459,0.14940070246373469
65,comp_specific,3,0.2511440384474731,-0.06997202372642719,0.5722601006213733,0.340302945842052
65,comp_specific,4,0.24366936231738195,0.0032997969670698624,0.4840389276676941,0.197910453210168
65,comp_specific,5,-0.4479541932836266,-0.711902237260888,-0.18400614930636527,-0.429288124749676
65,adaptshrink,1,0.23228954741777236,-0.07502963303489607,0.5396087278704408,0.10143048664186612
65,adaptshrink,2,-0.009321757878009491,-0.4267163382362747,0.4080728224802557,0.14940070246373469
65,adaptshrink,3,0.25790232536500074,-0.12062748175934768,0.6364321324893492,0.340302945842052
65,adaptshrink,4,0.24211694395516967,-0.004054519427858699,0.488288407338198,0.197910453210168
65,adaptshrink,5,-0.45055806901691603,-0.7526090807567963,-0.14850705727703573,-0.429288124749676
66,common_DL,1,0.21540622215873062,-0.25016561472997917,0.6809780590474404,0.3176487990864857
66,common_DL,2,-0.6279482418212642,-1.1250258406474614,-0.1308706429950669,-0.340692087370741
66,common_DL,3,0.4388223529875873,-0.058980111538143976,0.9366248175133186,0.4605368096684591
66,common_DL,4,-0.576094461609802,-1.068021105766978,-0.08416781745262619,-0.37238580231192925
66,common_DL,5,-0.6585144688030384,-1.1785005477618582,-0.13852838984421867,-0.31033150371528023
66,comp_specific,1,0.21272757025792247,-0.35344392606978026,0.7788990665856251,0.3176487990864857
66,comp_specific,2,-0.6284969579933392,-1.172215860605966,-0.08477805538071215,-0.340692087370741
66,comp_specific,3,0.44137363791014195,-0.03898745829977518,0.921734734120059,0.4605368096684591
66,comp_specific,4,-0.6111652980610104,-0.8807063261970406,-0.3416242699249802,-0.37238580231192925
66,comp_specific,5,-0.674898828449981,-1.281029750925291,-0.06876790597467075,-0.31033150371528023
66,adaptshrink,1,0.2140251755239295,-0.29717358956674045,0.7252239406145995,0.3176487990864857
66,adaptshrink,2,-0.6282064988543091,-1.1457911173007838,-0.11062188040783438,-0.340692087370741
66,adaptshrink,3,0.43987163615590963,-0.05053690816039902,0.9302801804722183,0.4605368096684591
66,adaptshrink,4,-0.5850280395718892,-1.0018475459719163,-0.16820853317186224,-0.37238580231192925
66,adaptshrink,5,-0.6668198948361244,-1.2254563815513442,-0.10818340812090466,-0.31033150371528023
67,common_DL,1,0.37249675445654695,0.04257463565257397,0.7024188732605199,0.41135195574760497
67,common_DL,2,0.16785252121918848,-0.21339076799502738,0.5490958104334043,0.5116316093858171
67,common_DL,3,0.2577477348510333,-0.1074757046963023,0.6229711743983689,0.16467510921336984
67,common_DL,4,0.21462162756179898,-0.057000790892020425,0.4862440460156184,0.19249868947313606
67,common_DL,5,0.7796484057453137,0.3746472121719877,1.1846495993186397,0.4944564015304795
67,comp_specific,1,0.41874155965841453,0.22436591521335883,0.6131172041034703,0.41135195574760497
67,comp_specific,2,0.2159216744965579,-0.3235405948271926,0.7553839438203085,0.5116316093858171
67,comp_specific,3,0.2691313315207287,-0.05485819488527438,0.5931208579267317,0.16467510921336984
67,comp_specific,4,0.21146920283273496,-0.08024986607144258,0.5031882717369125,0.19249868947313606
67,comp_specific,5,0.7637354473873326,0.440356528985744,1.087114365788921,0.4944564015304795
67,adaptshrink,1,0.3799400724976266,0.08460858408569649,0.6752715609095568,0.41135195574760497
67,adaptshrink,2,0.19580014448685212,-0.26082792564373075,0.6524282146174349,0.5116316093858171
67,adaptshrink,3,0.261923459469567,-0.0863251437430601,0.6101720626821941,0.16467510921336984
67,adaptshrink,4,0.21293979864911494,-0.06896885557930921,0.4948484528775391,0.19249868947313606
67,adaptshrink,5,0.7758837056914847,0.3958609823646851,1.1559064290182843,0.4944564015304795
68,common_DL,1,-0.6926672041423665,-1.1227568445739926,-0.2625775637107403,-0.3464819799791168
68,common_DL,2,0.7616813395344773,0.3650905348551433,1.1582721442138113,0.5872174790821135
68,common_DL,3,0.47285376033206505,0.040383102888125744,0.9053244177760044,0.4868990198257456
68,common_DL,4,-0.14545773440160448,-0.47900389117540043,0.18808842237219148,-0.1984388103166463
68,common_DL,5,-0.9405526340917524,-1.3055619790670414,-0.5755432891164634,-0.8310968939438588
68,comp_specific,1,-0.6839692227431987,-1.1473232263005002,-0.2206152191858971,-0.3464819799791168
68,comp_specific,2,0.7711611719711867,0.33411850020501427,1.2082038437373592,0.5872174790821135
68,comp_specific,3,0.47380295356531077,0.12622781904401076,0.8213780880866108,0.4868990198257456
68,comp_specific,4,-0.13873950010709057,-0.4202300628569775,0.14275106264279636,-0.1984388103166463
68,comp_specific,5,-0.915958725564688,-1.3639235315962064,-0.4679939195331697,-0.8310968939438588
68,adaptshrink,1,-0.6895319152863806,-1.131020504299571,-0.24804332627319037,-0.3464819799791168
68,adaptshrink,2,0.7662001483621875,0.3517406508332587,1.1806596458911165,0.5872174790821135
68,adaptshrink,3,0.47281667629290314,0.07399576628421622,0.87163758630159,0.4868990198257456
68,adaptshrink,4,-0.14323437358902863,-0.4558780834981677,0.16940933632011046,-0.1984388103166463
68,adaptshrink,5,-0.9307328558133015,-1.325654297887612,-0.5358114137389909,-0.8310968939438588
69,common_DL,1,0.19515969512105155,-0.14683476787920832,0.5371541581213114,0.2208552390958485
69,common_DL,2,0.09298332438605637,-0.167153896107056,0.3531205448791688,0.3124838043112407
69,common_DL,3,-0.4109306606131301,-0.7582324625724095,-0.06362885865385076,-0.016820660215078692
69,common_DL,4,0.0509496683221468,-0.27367061541904886,0.3755699520633425,-0.00040955954318744743
69,common_DL,5,-0.10945058632273505,-0.418892071718156,0.19999089907268588,-0.04375245252509468
69,comp_specific,1,0.2397646663522415,-0.3277217328740245,0.8072510655785075,0.2208552390958485
69,comp_specific,2,0.09550823109275106,-0.2197713219457997,0.4107877841313018,0.3124838043112407
69,comp_specific,3,-0.42029431481443874,-0.6963306500138557,-0.1442579796150218,-0.016820660215078692
69,comp_specific,4,0.05999433745196012,-0.1389712715693783,0.25895994647329856,-0.00040955954318744743
69,comp_specific,5,-0.09063932283281931,-0.30937889668850577,0.12810025102286715,-0.04375245252509468
69,adaptshrink,1,0.2197465750734497,-0.21151803759702165,0.6510111877439211,0.2208552390958485
69,adaptshrink,2,0.09414901510877513,-0.19126031064134505,0.3795583408588953,0.3124838043112407
69,adaptshrink,3,-0.41376656167351733,-0.7395098521077941,-0.08802327123924059,-0.016820660215078692
69,adaptshrink,4,0.052939785083716384,-0.24024731920786074,0.3461268893752935,-0.00040955954318744743
69,adaptshrink,5,-0.104074640816306,-0.3874181366840188,0.17926885505140677,-0.04375245252509468
70,common_DL,1,-0.9555117920581341,-1.208167350344643,-0.702856233771625,-0.8789851410307105
70,common_DL,2,-0.6182495826609999,-0.8250117184778974,-0.41148744684410243,-0.4233171922411371
70,common_DL,3,1.3568563850033695,1.1170238546650233,1.5966889153417156,1.1896580605458233
70,common_DL,4,-0.10180529072261743,-0.4047794826478066,0.20116890120257178,0.029932566752080027
70,common_DL,5,0.5514609814467757,0.3235777491678511,0.7793442137257003,0.42155344444294135
70,comp_specific,1,-0.9627977788450333,-1.1944526667130293,-0.7311428909770372,-0.8789851410307105
70,comp_specific,2,-0.5496056119498243,-0.8540854991248525,-0.24512572477479594,-0.4233171922411371
70,comp_specific,3,1.3532995915589487,1.1345456563959926,1.572053526721905,1.1896580605458233
70,comp_specific,4,-0.1089649717386296,-0.4828643334507292,0.26493438997346996,0.029932566752080027
70,comp_specific,5,0.5380019351599896,0.33404343472204523,0.741960435597934,0.42155344444294135
70,adaptshrink,1,-0.9577077935872246,-1.203655795161002,-0.7117597920134472,-0.8789851410307105
70,adaptshrink,2,-0.5757220900363667,-0.8323217089138186,-0.3191224711589146,-0.4233171922411371
70,adaptshrink,3,1.3553851635746657,1.1242414047914737,1.5865289223578576,1.1896580605458233
70,adaptshrink,4,-0.10550319601932315,-0.4409575798068216,0.22995118776817527,0.029932566752080027
70,adaptshrink,5,0.5452121290367412,0.3285104644783896,0.7619137935950928,0.42155344444294135
71,common_DL,1,-0.016770214544478912,-0.30267080062370966,0.26913037153475183,-0.10944500677781029
71,common_DL,2,-0.04892384006785333,-0.33161921769797537,0.2337715375622687,-0.03125028752469217
71,common_DL,3,-0.0003408895339370166,-0.3179861506847351,0.3173043716168611,0.05194399203679933
71,common_DL,4,-0.965755128208643,-1.2202692801113186,-0.7112409763059673,-1.088724143774014
71,common_DL,5,-0.647832666046187,-1.0111870983756694,-0.28447823371670455,-0.4533904580447562
71,comp_specific,1,0.011243543255714195,-0.1534200100818315,0.1759070965932599,-0.10944500677781029
71,comp_specific,2,-0.08579801026639766,-0.47108008492900805,0.2994840643962127,-0.03125028752469217
71,comp_specific,3,-0.015466129662414507,-0.3775281431828531,0.3465958838580241,0.05194399203679933
71,comp_specific,4,-0.9708267698466211,-1.2402741729128022,-0.70137936678044,-1.088724143774014
71,comp_specific,5,-0.6617526111112465,-0.9641827421396386,-0.3593224800828544,-0.4533904580447562
71,adaptshrink,1,-0.011032052327088815,-0.2574278519053806,0.23536374725120296,-0.10944500677781029
71,adaptshrink,2,-0.06809004382441167,-0.39928823325813034,0.26310814560930695,-0.03125028752469217
71,adaptshrink,3,-0.008001953187838307,-0.3458995497767947,0.3298956434011181,0.05194399203679933
71,adaptshrink,4,-0.968366541268967,-1.230486144936649,-0.706246937601285,-1.088724143774014
71,adaptshrink,5,-0.6524049055865773,-0.991206712520709,-0.3136030986524455,-0.4533904580447562
72,common_DL,1,0.8022725510871507,0.4805420201437112,1.1240030820305902,0.707845910533647
72,common_DL,2,-0.4640952182283201,-0.7902340091921091,-0.13795642726453117,-0.3205940860665742
72,common_DL,3,0.4924284738816671,0.17842383072497564,0.8064331170383585,0.3430463210267794
72,common_DL,4,-1.153942452440213,-1.5315641597321206,-0.7763207451483056,-0.8343931087763101
72,common_DL,5,-0.013096108604032,-0.3209274789539856,0.29473526174592163,0.08709961178734267
72,comp_specific,1,0.8248582865028182,0.5465039929379245,1.103212580067712,0.707845910533647
72,comp_specific,2,-0.5974030624164082,-1.133782791455683,-0.06102333337713328,-0.3205940860665742
72,comp_specific,3,0.5106403059666571,0.29913227303937195,0.7221483388939423,0.3430463210267794
72,comp_specific,4,-1.2204665758983837,-1.456238832294049,-0.9846943195027185,-0.8343931087763101
72,comp_specific,5,-0.023966733084918465,-0.23315585426331337,0.1852223880934764,0.08709961178734267
72,adaptshrink,1,0.8102727926392108,0.5060377703340845,1.114507814944337,0.707845910533647
72,adaptshrink,2,-0.5493000446762184,-0.9824635459875544,-0.11613654336488244,-0.3205940860665742
72,adaptshrink,3,0.49539590106238457,0.21767618993475935,0.7731156121900098,0.3430463210267794
72,adaptshrink,4,-1.1681239838254902,-1.5100507236217933,-0.8261972440291872,-0.8343931087763101
72,adaptshrink,5,-0.013465631231151937,-0.2813446749939523,0.2544134125316484,0.08709961178734267
73,common_DL,1,-0.3677494186108607,-0.6118131524927044,-0.123685684729017,-0.39156075866449835
73,common_DL,2,0.06392106576042636,-0.29707418230139737,0.42491631382225015,-0.2339761588183206
73,common_DL,3,-0.19110487127448184,-0.45187125373242654,0.06966151118346287,-0.5248528069307086
73,common_DL,4,-0.45854073913076593,-0.6503858769143245,-0.2666956013472073,-0.276763564369634
73,common_DL,5,0.13865337949447482,-0.13455220054360006,0.4118589595325497,0.013435310236711635
73,comp_specific,1,-0.3631394860970136,-0.6353446232462012,-0.09093434894782587,-0.39156075866449835
73,comp_specific,2,0.05917151696386816,-0.2765161114731888,0.39485914540092515,-0.2339761588183206
73,comp_specific,3,-0.17733928019830797,-0.4843773511398928,0.12969879074327684,-0.5248528069307086
73,comp_specific,4,-0.46522730199384704,-0.6161287413489872,-0.3143258626387069,-0.276763564369634
73,comp_specific,5,0.012867154668654845,-0.4444040572547992,0.4701383665921089,0.013435310236711635
73,adaptshrink,1,-0.36535852340164787,-0.6240422830384416,-0.10667476376485413,-0.39156075866449835
73,adaptshrink,2,0.06245970967230263,-0.29036770471547413,0.4152871240600794,-0.2339761588183206
73,adaptshrink,3,-0.1830485120803501,-0.46808124911594284,0.10198422495524262,-0.5248528069307086
73,adaptshrink,4,-0.46150677764559844,-0.6348310180856926,-0.28818253720550424,-0.276763564369634
73,adaptshrink,5,0.057570597928108924,-0.31803815441287453,0.4331793502690924,0.013435310236711635
74,common_DL,1,-0.15924152584200646,-0.6166962650757977,0.29821321339178475,-0.029795361262302082
74,common_DL,2,0.2942370714399841,-0.11932454489190036,0.7077986877718686,0.1744182944801459
74,common_DL,3,0.24214968507637258,-0.2865372872355715,0.7708366573883166,0.1637285014823671
74,common_DL,4,-0.637350306591134,-1.0271945256766513,-0.24750608750561665,-0.44056004068390026
74,common_DL,5,-0.4733875961265849,-0.8591651654102902,-0.08761002684287955,-0.419084351483105
74,comp_specific,1,-0.14734245907263122,-0.4395751391410594,0.14489022099579696,-0.029795361262302082
74,comp_specific,2,0.26865607595949414,-0.026848526259663774,0.5641606781786521,0.1744182944801459
74,comp_specific,3,0.241306321253573,-0.3200132482804223,0.8026258907875683,0.1637285014823671
74,comp_specific,4,-0.7027958499480822,-1.2584977472969454,-0.14709395259921887,-0.44056004068390026
74,comp_specific,5,-0.477621983491765,-0.8341075582537634,-0.12113640872976661,-0.419084351483105
74,adaptshrink,1,-0.15705701134770506,-0.5718266137699586,0.25771259107454847,-0.029795361262302082
74,adaptshrink,2,0.28814753947097455,-0.09080008872618439,0.6670951676681335,0.1744182944801459
74,adaptshrink,3,0.24185843184525907,-0.2979402426850059,0.781657106375524,0.1637285014823671
74,adaptshrink,4,-0.6759401886758558,-1.145559687082494,-0.20632069026921762,-0.44056004068390026
74,adaptshrink,5,-0.4749853893587722,-0.8486183061209347,-0.10135247259660968,-0.419084351483105
75,common_DL,1,-0.2855289752893842,-0.649355102798773,0.07829715222000455,-0.09103301015066473
75,common_DL,2,0.2443388451399719,-0.17208136422903064,0.6607590545089744,0.31410084862875726
75,common_DL,3,0.16898212726398296,-0.23543563878151955,0.5733998933094855,0.1079780538026877
75,common_DL,4,-0.07881991159658545,-0.4122358171061916,0.2545959939130207,-0.31094780230455854
75,common_DL,5,-0.23492478933814875,-0.5887048964180137,0.1188553177417162,-0.35929912704843536
75,comp_specific,1,-0.2877969236805401,-0.6718399660280983,0.09624611866701799,-0.09103301015066473
75,comp_specific,2,0.27634007344073735,-0.04445636456656299,0.5971365114480377,0.31410084862875726
75,comp_specific,3,0.15608433947726164,-0.14245207868049203,0.4546207576350153,0.1079780538026877
75,comp_specific,4,-0.07894966075006107,-0.41346588486501423,0.25556656336489214,-0.31094780230455854
75,comp_specific,5,-0.2733149605812475,-0.7417153708237505,0.19508544966125557,-0.35929912704843536
75,adaptshrink,1,-0.28656694431177143,-0.6592167054635842,0.08608281684004132,-0.09103301015066473
75,adaptshrink,2,0.2534945868420313,-0.13437181785602476,0.6413609915400873,0.31410084862875726
75,adaptshrink,3,0.1646827966800147,-0.19872563020184905,0.5280912235618784,0.1079780538026877
75,adaptshrink,4,-0.07888500240235563,-0.4128516376770805,0.25508163287236923,-0.31094780230455854
75,adaptshrink,5,-0.2563296452678542,-0.6641842174811752,0.15152492694546688,-0.35929912704843536
76,common_DL,1,-1.0746251797821114,-1.3876773619906484,-0.7615729975735743,-0.9562435675751252
76,common_DL,2,0.4300705519065155,-0.009859609994853358,0.8700007138078844,0.4058640366737274
76,common_DL,3,0.3286734716554216,0.061815160969814265,0.5955317823410289,0.18865217523328887
76,common_DL,4,-0.1711424722410168,-0.41417849436907683,0.07189354988704319,-0.04964400829655063
76,common_DL,5,0.1789980989575492,-0.14478687244175664,0.502783070356855,0.08789481180158935
76,comp_specific,1,-1.0714393687946402,-1.3590127192526187,-0.7838660183366616,-0.9562435675751252
76,comp_specific,2,0.4319624056100586,0.022011739027256727,0.8419130721928605,0.4058640366737274
76,comp_specific,3,0.19633107313378723,-0.3125005430814179,0.7051626893489924,0.18865217523328887
76,comp_specific,4,-0.1600169426359061,-0.4385284320390395,0.11849454676722732,-0.04964400829655063
76,comp_specific,5,0.18669093650883184,-0.09222696965742505,0.46560884267508873,0.08789481180158935
76,adaptshrink,1,-1.0731669117263054,-1.3738029806576928,-0.772530842794918,-0.9562435675751252
76,adaptshrink,2,0.4306633292675642,0.0004583061818277945,0.8608683523533005,0.4058640366737274
76,adaptshrink,3,0.258067325230634,-0.11279569279364204,0.62893034325491,0.18865217523328887
76,adaptshrink,4,-0.16737033313138686,-0.42291683095442967,0.08817616469165598,-0.04964400829655063
76,adaptshrink,5,0.18127147908171484,-0.1284494982085194,0.4909924563719491,0.08789481180158935
77,common_DL,1,0.07822531438659958,-0.05833009399302136,0.2147807227662205,0.2790143259345227
77,common_DL,2,0.471353284857918,0.24054141569531062,0.7021651540205254,0.42625782726416145
77,common_DL,3,-0.10739765810523277,-0.3066170621931317,0.0918217459826661,0.04500604071192843
77,common_DL,4,0.207257634545755,0.044401591512263305,0.3701136775792467,0.0844740671663934
77,common_DL,5,0.757399777047105,0.574039292803188,0.9407602612910221,0.8164808201384502
77,comp_specific,1,0.03337242583812347,-0.18146283411743552,0.24820768579368246,0.2790143259345227
77,comp_specific,2,0.4713532848579175,0.24054141569531018,0.7021651540205248,0.42625782726416145
77,comp_specific,3,-0.10739765810523283,-0.3066170621931317,0.09182174598266599,0.04500604071192843
77,comp_specific,4,0.20725763454575424,0.044401591512262556,0.37011367757924596,0.0844740671663934
77,comp_specific,5,0.7573997770471048,0.5740392928031878,0.9407602612910219,0.8164808201384502
77,adaptshrink,1,0.046573800825034234,-0.1353460221526347,0.22849362380270316,0.2790143259345227
77,adaptshrink,2,0.4713532848579178,0.24054141569531043,0.7021651540205252,0.42625782726416145
77,adaptshrink,3,-0.10739765810523239,-0.3066170621931311,0.09182174598266635,0.04500604071192843
77,adaptshrink,4,0.2072576345457544,0.044401591512262695,0.3701136775792461,0.0844740671663934
77,adaptshrink,5,0.7573997770471042,0.5740392928031872,0.9407602612910211,0.8164808201384502
78,common_DL,1,-0.24829909207521167,-0.6930487648297969,0.19645058067937354,0.148515217528096
78,common_DL,2,-0.04622393289452209,-0.43330930081941527,0.3408614350303711,-0.2206767386359875
78,common_DL,3,0.07446533220776719,-0.2920549100073145,0.44098557442284886,0.003437460054922117
78,common_DL,4,-0.4674799147680099,-0.8851451998704468,-0.04981462966557293,-0.4027513993010819
78,common_DL,5,-1.009168162956006,-1.4146009670808117,-0.6037353588312004,-0.9922407393768204
78,comp_specific,1,-0.23287348141651937,-0.725078188358943,0.2593312255259043,0.148515217528096
78,comp_specific,2,-0.008811923667282506,-0.2969243054443019,0.27930045810973686,-0.2206767386359875
78,comp_specific,3,0.07623784483579937,-0.26631310322981155,0.4187887929014103,0.003437460054922117
78,comp_specific,4,-0.47442591720665,-1.0542286317582799,0.10537679734497979,-0.4027513993010819
78,comp_specific,5,-0.986535209395079,-1.3013316439174671,-0.6717387748726908,-0.9922407393768204
78,adaptshrink,1,-0.24239810233009895,-0.7036427315081443,0.21884652684794637,0.148515217528096
78,adaptshrink,2,-0.03624774357242122,-0.3864927823053175,0.31399729516047503,-0.2206767386359875
78,adaptshrink,3,0.07530889106882399,-0.2794437391415121,0.4300615212791601,0.003437460054922117
78,adaptshrink,4,-0.47086891067648357,-0.9487699948676758,0.0070321735147086395,-0.4027513993010819
78,adaptshrink,5,-1.0041469454437169,-1.3825699038889439,-0.6257239869984899,-0.9922407393768204
79,common_DL,1,0.24977668312862275,-0.04933512419466571,0.5488884904519112,0.11302504748690155
79,common_DL,2,0.09327571500600212,-0.23460549146323662,0.42115692147524086,0.15000531678505757
79,common_DL,3,0.01556116366967314,-0.2916402935943745,0.32276262093372077,-0.049162978020728
79,common_DL,4,0.10079735147309361,-0.2135083130692665,0.4151030160154537,0.27186030554128404
79,common_DL,5,0.08099099111573935,-0.25553063442968194,0.4175126166611606,-0.004525896129552645
79,comp_specific,1,0.24462520022447945,0.09089328841678945,0.39835711203216945,0.11302504748690155
79,comp_specific,2,0.13095961363149902,-0.07086070215108231,0.33277992941408036,0.15000531678505757
79,comp_specific,3,0.06362161544295275,-0.4866961624526428,0.6139393933385483,-0.049162978020728
79,comp_specific,4,0.0805582951770788,-0.18294309763606703,0.3440596879902246,0.27186030554128404
79,comp_specific,5,0.10051246800638072,-0.11262305857342095,0.3136479945861824,-0.004525896129552645
79,adaptshrink,1,0.24805447661587576,-0.003168462982157505,0.49927741621390903,0.11302504748690155
79,adaptshrink,2,0.10203596814366733,-0.1832476206113811,0.3873195568987158,0.15000531678505757
79,adaptshrink,3,0.05170894655372822,-0.3954417711331359,0.4988596642405923,-0.049162978020728
79,adaptshrink,4,0.09190947732462539,-0.1988110312419824,0.3826299858912332,0.27186030554128404
79,adaptshrink,5,0.08756071892481901,-0.2073750402724245,0.38249647812206256,-0.004525896129552645
80,common_DL,1,0.7375468659238686,0.34886658099804513,1.1262271508496922,0.8034698255568485
80,common_DL,2,0.5105058244787665,0.1067293037631013,0.9142823451944316,0.5169590372240027
80,common_DL,3,0.0867265849686914,-0.21745250393832122,0.390905673875704,0.16093883040148277
80,common_DL,4,0.41002180657283266,0.03732111360311585,0.7827224995425495,0.31062933782632
80,common_DL,5,0.12769641159560893,-0.2564522334276791,0.511845056618897,0.05512604496785049
80,comp_specific,1,0.8744522122089715,0.6936589960087413,1.0552454284092019,0.8034698255568485
80,comp_specific,2,0.5841637309672922,-0.16743757950129445,1.335765041435879,0.5169590372240027
80,comp_specific,3,0.09829463239738856,-0.0627546067226864,0.2593438715174635,0.16093883040148277
80,comp_specific,4,0.40623004807858215,0.005946893180778345,0.806513202976386,0.31062933782632
80,comp_specific,5,0.11972180518098435,-0.2413658860070802,0.4808094963690489,0.05512604496785049
80,adaptshrink,1,0.7677566460032968,0.43578038634424254,1.0997329056623513,0.8034698255568485
80,adaptshrink,2,0.5550779543547094,0.0053754449099662205,1.1047804637994525,0.5169590372240027
80,adaptshrink,3,0.09093351661875332,-0.1561811425100661,0.33804817574757273,0.16093883040148277
80,adaptshrink,4,0.4086497449073889,0.026520537056620885,0.790778952758157,0.31062933782632
80,adaptshrink,5,0.12519716232599493,-0.2514670423554129,0.5018613670074028,0.05512604496785049
81,common_DL,1,-0.46514880573991074,-0.7032024879314338,-0.22709512354838773,-0.5263416451194702
81,common_DL,2,-0.49351785287739164,-0.7430923454878755,-0.2439433602669078,-0.3075005204432454
81,common_DL,3,0.9904927385852336,0.6438407857176626,1.3371446914528047,0.7625735521009741
81,common_DL,4,-0.3936443739928808,-0.8806874753275029,0.09339872734174132,-0.3223735956475628
81,common_DL,5,-0.17232313587008302,-0.41307213314182545,0.0684258614016594,-0.03275061022020697
81,comp_specific,1,-0.46401065315658685,-0.6975639170136102,-0.23045738929956353,-0.5263416451194702
81,comp_specific,2,-0.4920151191331749,-0.7530003438342505,-0.23102989443209926,-0.3075005204432454
81,comp_specific,3,1.0141644936866858,0.7613770045282273,1.2669519828451443,0.7625735521009741
81,comp_specific,4,-0.38730587596764043,-0.8309158052313996,0.05630405329611876,-0.3223735956475628
81,comp_specific,5,-0.15803998527358315,-0.43179029764667815,0.11571032709951184,-0.03275061022020697
81,adaptshrink,1,-0.46467121043231463,-0.7008084265905385,-0.22853399427409068,-0.5263416451194702
81,adaptshrink,2,-0.49274836052315796,-0.7481097919514031,-0.23738692909491277,-0.3075005204432454
81,adaptshrink,3,0.9956114584912159,0.6757113669216799,1.315511550060752,0.7625735521009741
81,adaptshrink,4,-0.39174697421884264,-0.8648431390884966,0.08134919065081136,-0.3223735956475628
81,adaptshrink,5,-0.1646134204117451,-0.422617664992178,0.09339082416868782,-0.03275061022020697
82,common_DL,1,0.25951123840026924,0.03433108495359702,0.48469139184694143,0.17441273155329015
82,common_DL,2,-0.07572502688979355,-0.4111819341303156,0.25973188035072853,-0.5465904832651125
82,common_DL,3,-0.17378187032344578,-0.4070020062294477,0.05943826558255613,-0.2187302756774064
82,common_DL,4,0.14085238719138624,-0.205752194575375,0.4874569689581475,0.23289276085829594
82,common_DL,5,0.747073353838593,0.5099762168572763,0.9841704908199096,0.6234467778567238
82,comp_specific,1,0.26431275732167486,0.07904682409907832,0.4495786905442714,0.17441273155329015
82,comp_specific,2,-0.07174723751404899,-0.44242859751139646,0.2989341224832985,-0.5465904832651125
82,comp_specific,3,-0.16414281730093894,-0.4279343326163478,0.0996486980144699,-0.2187302756774064
82,comp_specific,4,0.13324223344397387,-0.23683189010598563,0.5033163569939334,0.23289276085829594
82,comp_specific,5,0.7484885714622307,0.5287238521201556,0.9682532908043058,0.6234467778567238
82,adaptshrink,1,0.2612402691361653,0.0521549342805222,0.47032560399180845,0.17441273155329015
82,adaptshrink,2,-0.07363542519440222,-0.42723653365631276,0.27996568326750826,-0.5465904832651125
82,adaptshrink,3,-0.16869588419448198,-0.41783204033226795,0.08044027194330403,-0.2187302756774064
82,adaptshrink,4,0.13820028088474917,-0.21644367976979018,0.4928442415392885,0.23289276085829594
82,adaptshrink,5,0.747737005141408,0.5191052697372545,0.9763687405455614,0.6234467778567238
83,common_DL,1,-0.942679512670185,-1.3542401139449987,-0.5311189113953714,-0.534020249943202
83,common_DL,2,0.7338385505786075,0.46884947831867846,0.9988276228385364,0.6387354981776733
83,common_DL,3,0.011875260393290583,-0.29940129852661895,0.3231518193132001,0.06547429016288916
83,common_DL,4,-0.2005805936003035,-0.6450126198807735,0.24385143268016657,-0.1899184392702984
83,common_DL,5,0.3084315780343215,-0.04423809471526785,0.6611012507839108,0.5226011923909886
83,comp_specific,1,-0.9372195940792778,-1.261961951099115,-0.6124772370594408,-0.534020249943202
83,comp_specific,2,0.7233840671484494,0.5154249516698611,0.9313431826270376,0.6387354981776733
83,comp_specific,3,0.00997569750541391,-0.27290861603880356,0.29286001104963144,0.06547429016288916
83,comp_specific,4,-0.18727777772130436,-0.46280084736396976,0.08824529192136102,-0.1899184392702984
83,comp_specific,5,0.3227855905001231,-0.2926121169585024,0.9381832979587487,0.5226011923909886
83,adaptshrink,1,-0.9410068733857749,-1.3181309060951394,-0.5638828406764106,-0.534020249943202
83,adaptshrink,2,0.7297160179938295,0.4912923176889771,0.9681397182986818,0.6387354981776733
83,adaptshrink,3,0.011099002003369267,-0.2883975947397543,0.31059559874649284,0.06547429016288916
83,adaptshrink,4,-0.19724286338844974,-0.5993116833004454,0.20482595652354588,-0.1899184392702984
83,adaptshrink,5,0.321079063850209,-0.18307548234170834,0.8252336100421264,0.5226011923909886
84,common_DL,1,-0.8431473833288415,-1.1294895536068421,-0.556805213050841,-0.9401907765819797
84,common_DL,2,0.033530850546392515,-0.3146735278653535,0.3817352289581385,-0.07469737615620228
84,common_DL,3,-0.9798594915464381,-1.3702501426385063,-0.58946884045437,-1.131986934763125
84,common_DL,4,-0.06578260042091413,-0.41146687515032243,0.2799016743084941,-0.04701118652867503
84,common_DL,5,0.9697109994732441,0.6238158802318117,1.3156061187146766,1.0251622728533019
84,comp_specific,1,-0.8165442769229789,-1.1658232583521289,-0.46726529549382895,-0.9401907765819797
84,comp_specific,2,-0.011039128284974248,-0.2720537175032638,0.24997546093331532,-0.07469737615620228
84,comp_specific,3,-0.9840118233562967,-1.2833542967338571,-0.6846693499787361,-1.131986934763125
84,comp_specific,4,-0.10529977022160525,-0.5297781107392864,0.3191785702960759,-0.04701118652867503
84,comp_specific,5,0.9566059506387858,0.7565168953719208,1.1566950059056509,1.0251622728533019
84,adaptshrink,1,-0.8302299127575588,-1.1453354293273386,-0.5151243961877789,-0.9401907765819797
84,adaptshrink,2,0.01952409294779428,-0.2968680896411864,0.33591627553677494,-0.07469737615620228
84,adaptshrink,3,-0.9808357121901115,-1.3454153084877032,-0.6162561158925197,-1.131986934763125
84,adaptshrink,4,-0.08690171946159897,-0.46939239678939737,0.29558895786619943,-0.04701118652867503
84,adaptshrink,5,0.9680377869709322,0.6604571000036294,1.275618473938235,1.0251622728533019
85,common_DL,1,-0.025907402532446222,-0.28586920549524625,0.2340544004303538,0.07443262482898237
85,common_DL,2,-0.12580883628648806,-0.4395972659011066,0.1879795933281305,-0.1693773778712993
85,common_DL,3,-0.30755673783128257,-0.6599335045335998,0.044820028871034645,-0.16900859146473693
85,common_DL,4,0.24011823781367836,-0.09848532388901499,0.5787217995163717,0.01382721315878321
85,common_DL,5,-0.9966571252970564,-1.4495806927372645,-0.5437335578568483,-1.0241478239064485
85,comp_specific,1,-0.03140413703505707,-0.22950286173204823,0.1666945876619341,0.07443262482898237
85,comp_specific,2,-0.11683888581107524,-0.4708719933490535,0.237194221726903,-0.1693773778712993
85,comp_specific,3,-0.310566292907585,-0.6238205073277645,0.0026879215125945044,-0.16900859146473693
85,comp_specific,4,0.22396393830266642,-0.06299261000827461,0.5109204866136074,0.01382721315878321
85,comp_specific,5,-1.131864291462197,-2.0942236544628794,-0.16950492846151466,-1.0241478239064485
85,adaptshrink,1,-0.028431395037778667,-0.2602474258074532,0.20338463573189589,0.07443262482898237
85,adaptshrink,2,-0.1215686680727034,-0.4537917376010381,0.2106544014556313,-0.1693773778712993
85,adaptshrink,3,-0.3084179595796308,-0.6483255042731539,0.03148958511389233,-0.16900859146473693
85,adaptshrink,4,0.23430161353368148,-0.08366250230748032,0.5522657293748433,0.01382721315878321
85,adaptshrink,5,-1.0911106572440423,-1.763622786928009,-0.41859852756007565,-1.0241478239064485
86,common_DL,1,0.46401183287412107,0.0901193153533485,0.8379043503948936,0.3885348385660396
86,common_DL,2,0.799810197932601,0.5680589341161226,1.0315614617490794,0.7424020105942907
86,common_DL,3,0.542459173075251,0.25643170377335495,0.8284866423771471,0.3942515505050375
86,common_DL,4,-0.44762187472156445,-0.8133538348737448,-0.0818899145693841,-0.3263634385078301
86,common_DL,5,-0.9317423336972813,-1.2580274647046192,-0.6054572026899434,-1.1079707720172796
86,comp_specific,1,0.4669988639269729,0.15721899249913934,0.7767787353548063,0.3885348385660396
86,comp_specific,2,0.7902416508527124,0.595835543824471,0.9846477578809537,0.7424020105942907
86,comp_specific,3,0.5237816094301952,0.2926168335846867,0.7549463852757038,0.3942515505050375
86,comp_specific,4,-0.44792276820538546,-0.8119237985478864,-0.08392173786288448,-0.3263634385078301
86,comp_specific,5,-0.9389559950382003,-1.489051390754871,-0.3888605993215294,-1.1079707720172796
86,adaptshrink,1,0.46499351461847704,0.11609669103919462,0.8138903381977595,0.3885348385660396
86,adaptshrink,2,0.7959719598149504,0.5818953959575033,1.0100485236723975,0.7424020105942907
86,adaptshrink,3,0.5361484665957085,0.2713687065876188,0.8009282266037981,0.3942515505050375
86,adaptshrink,4,-0.4477217079077148,-0.8128778445799656,-0.08256557123546404,-0.3263634385078301
86,adaptshrink,5,-0.9381382063920523,-1.3762857695715573,-0.49999064321254727,-1.1079707720172796
87,common_DL,1,-0.16363884583055588,-0.585292182933129,0.25801449127201725,-0.19806102444337637
87,common_DL,2,-0.3187293436839832,-0.6572174375950285,0.019758750227062083,-0.32174618181153497
87,common_DL,3,-0.47510777406326904,-0.8109129312112215,-0.13930261691531654,-0.35311838097792836
87,common_DL,4,0.3942452847373796,0.08801727090260908,0.70047329857215,0.034091747386453757
87,common_DL,5,-0.2607093418179407,-0.7452533353789197,0.22383465174303824,-0.1998394395274981
87,comp_specific,1,-0.15218718824781635,-0.6406153978311722,0.3362410213355395,-0.19806102444337637
87,comp_specific,2,-0.3348622192525462,-0.7933279984312414,0.12360355992614896,-0.32174618181153497
87,comp_specific,3,-0.5091740448510665,-0.781353759770136,-0.2369943299319971,-0.35311838097792836
87,comp_specific,4,0.3941983242267081,0.1811363511734942,0.6072602972799219,0.034091747386453757
87,comp_specific,5,-0.27590241830168016,-0.7048877529938216,0.15308291639046123,-0.1998394395274981
87,adaptshrink,1,-0.15907950350343936,-0.6043827490822865,0.2862237420754078,-0.19806102444337637
87,adaptshrink,2,-0.3267185633859874,-0.7216911108949813,0.06825398412300637,-0.32174618181153497
87,adaptshrink,3,-0.48630983729970956,-0.7975179896979931,-0.1751016849014259,-0.35311838097792836
87,adaptshrink,4,0.3944571205769689,0.11549616458192685,0.673418076572011,0.034091747386453757
87,adaptshrink,5,-0.26493117724313714,-0.73190127833228,0.20203892384600575,-0.1998394395274981
88,common_DL,1,0.11517204381159038,-0.277390375835587,0.5077344634587678,0.3012779233558976
88,common_DL,2,0.9889841659975582,0.635071959581853,1.3428963724132634,0.6659175417634903
88,common_DL,3,0.1287132613128693,-0.2107461032198572,0.4681726258455958,0.09767695004276646
88,common_DL,4,-0.5463482480511215,-0.9096990795772971,-0.18299741652494583,-0.43323901099198053
88,common_DL,5,0.27339848513984133,-0.061883749482257666,0.6086807197619404,0.2545319622344149
88,comp_specific,1,0.10718459350907272,-0.21232735843911676,0.4266965454572622,0.3012779233558976
88,comp_specific,2,0.9907187658047991,0.5226773092544021,1.458760222355196,0.6659175417634903
88,comp_specific,3,0.13480840482689116,-0.33227497898931424,0.6018917886430966,0.09767695004276646
88,comp_specific,4,-0.545805723140999,-0.7876829125678685,-0.3039285337141294,-0.43323901099198053
88,comp_specific,5,0.2796052147878608,-0.006194616589979995,0.5654050461657016,0.2545319622344149
88,adaptshrink,1,0.11323141519535632,-0.2570467406527672,0.4835095710434799,0.3012779233558976
88,adaptshrink,2,0.9904716011482771,0.5830941575202229,1.3978490447763314,0.6659175417634903
88,adaptshrink,3,0.1336463767137183,-0.26693747992575745,0.5342302333531941,0.09767695004276646
88,adaptshrink,4,-0.5462286557372382,-0.8779851191365862,-0.21447219233789033,-0.43323901099198053
88,adaptshrink,5,0.2758632619523166,-0.039462114641728885,0.591188638546362,0.2545319622344149
89,common_DL,1,-0.45712653645712376,-0.8076131426315198,-0.10663993028272772,-0.7918636458774945
89,common_DL,2,0.6064599962627617,0.23471814310521183,0.9782018494203115,0.2972551203380965
89,common_DL,3,0.1371891922078901,-0.18979071228686628,0.4641690967026465,0.09976899496654654
89,common_DL,4,-0.44083029088952247,-0.8536583630984911,-0.02800221868055386,-0.5274794851750344
89,common_DL,5,-0.5727046005566607,-0.9021477427164967,-0.24326145839682478,-0.5857089307174151
89,comp_specific,1,-0.3948626866544821,-0.8961545430292406,0.10642916972027638,-0.7918636458774945
89,comp_specific,2,0.5954055683761488,0.13158342335708745,1.0592277133952102,0.2972551203380965
89,comp_specific,3,0.13562842643451936,-0.05845517092605185,0.32971202379509057,0.09976899496654654
89,comp_specific,4,-0.37546319170018844,-1.0468962929881076,0.2959699095877308,-0.5274794851750344
89,comp_specific,5,-0.5808765357440278,-0.7596185258173457,-0.40213454567070983,-0.5857089307174151
89,adaptshrink,1,-0.41801085009881545,-0.8421887379590747,0.006167037761443839,-0.7918636458774945
89,adaptshrink,2,0.601506620085184,0.19660168591603105,1.0064115542543368,0.2972551203380965
89,adaptshrink,3,0.13672191190484928,-0.14279400185013774,0.4162378256598363,0.09976899496654654
89,adaptshrink,4,-0.40468456970221806,-0.9197523432469126,0.11038320384247652,-0.5274794851750344
89,adaptshrink,5,-0.575551045518966,-0.8548656687579015,-0.2962364222800304,-0.5857089307174151
90,common_DL,1,-0.6764890158882586,-1.0799383952166086,-0.2730396365599086,-0.626149884351989
90,common_DL,2,-0.07606393504188086,-0.5130902939269405,0.3609624238431788,-0.16476860276221703
90,common_DL,3,0.40113936382786836,-0.006991161375942856,0.8092698890316796,0.2007608230225659
90,common_DL,4,-0.2901514273580754,-0.6426142120293209,0.06231135731317006,-0.34962494888589885
90,common_DL,5,-0.6529893251341209,-0.8539965875241422,-0.4519820627440996,-0.707191152644269
90,comp_specific,1,-0.6764890158882586,-1.0799383952166086,-0.2730396365599086,-0.626149884351989
90,comp_specific,2,-0.07606393504188086,-0.5130902939269405,0.3609624238431788,-0.16476860276221703
90,comp_specific,3,0.40113936382786836,-0.006991161375942856,0.8092698890316796,0.2007608230225659
90,comp_specific,4,-0.2901514273580754,-0.6426142120293209,0.06231135731317006,-0.34962494888589885
90,comp_specific,5,-0.6529893251341209,-0.8539965875241422,-0.4519820627440996,-0.707191152644269
90,adaptshrink,1,-0.6764890158882586,-1.0799383952166086,-0.2730396365599086,-0.626149884351989
90,adaptshrink,2,-0.07606393504188086,-0.5130902939269405,0.3609624238431788,-0.16476860276221703
90,adaptshrink,3,0.40113936382786836,-0.006991161375942856,0.8092698890316796,0.2007608230225659
90,adaptshrink,4,-0.2901514273580754,-0.6426142120293209,0.06231135731317006,-0.34962494888589885
90,adaptshrink,5,-0.6529893251341209,-0.8539965875241422,-0.4519820627440996,-0.707191152644269
91,common_DL,1,0.3326989981938822,0.16964303328967598,0.4957549630980884,0.369310910234992
91,common_DL,2,0.2680089902773396,0.011392607629072404,0.5246253729256067,0.3408149709098369
91,common_DL,3,0.03967919423830296,-0.26099068911255496,0.3403490775891609,0.20885383863863255
91,common_DL,4,0.3029297581354714,0.025480975839849707,0.580378540431093,0.20528942040913722
91,common_DL,5,0.2816233175468984,-0.0713371078130905,0.6345837429068872,0.20716527518426583
91,comp_specific,1,0.3326989981938822,0.16964303328967598,0.4957549630980884,0.369310910234992
91,comp_specific,2,0.2680089902773396,0.011392607629072404,0.5246253729256067,0.3408149709098369
91,comp_specific,3,0.03967919423830296,-0.26099068911255496,0.3403490775891609,0.20885383863863255
91,comp_specific,4,0.3029297581354714,0.025480975839849707,0.580378540431093,0.20528942040913722
91,comp_specific,5,0.2816233175468984,-0.0713371078130905,0.6345837429068872,0.20716527518426583
91,adaptshrink,1,0.3326989981938822,0.16964303328967598,0.4957549630980884,0.369310910234992
91,adaptshrink,2,0.2680089902773396,0.011392607629072404,0.5246253729256067,0.3408149709098369
91,adaptshrink,3,0.03967919423830296,-0.26099068911255496,0.3403490775891609,0.20885383863863255
91,adaptshrink,4,0.3029297581354714,0.025480975839849707,0.580378540431093,0.20528942040913722
91,adaptshrink,5,0.2816233175468984,-0.0713371078130905,0.6345837429068872,0.20716527518426583
92,common_DL,1,0.5785559463482727,0.26984821146603916,0.8872636812305061,0.5554364243091462
92,common_DL,2,1.0891747143108104,0.7672282449090776,1.411121183712543,0.8139587971454504
92,common_DL,3,-0.029823115099044784,-0.203031163925333,0.14338493372724342,-0.031420360839416024
92,common_DL,4,-0.11371775574546417,-0.43806602489529217,0.21063051340436384,0.10784279930011992
92,common_DL,5,0.7208189804329042,0.4493586314576756,0.9922793294081327,0.7791556815999462
92,comp_specific,1,0.6027416993094895,0.17995727272562323,1.025526125893356,0.5554364243091462
92,comp_specific,2,1.090867816410512,0.7887327176623151,1.3930029151587087,0.8139587971454504
92,comp_specific,3,-0.007177529371615643,-0.14503448887075737,0.13067943012752609,-0.031420360839416024
92,comp_specific,4,-0.1030596356632994,-0.3982548645309249,0.1921355932043261,0.10784279930011992
92,comp_specific,5,0.6602271056287383,0.2622808798588417,1.058173331398635,0.7791556815999462
92,adaptshrink,1,0.5917162165138283,0.23887618292736867,0.944556250100288,0.5554364243091462
92,adaptshrink,2,1.089864052136779,0.77620210017142,1.403526004102138,0.8139587971454504
92,adaptshrink,3,-0.01995813260328,-0.17719500373422384,0.13727873852766384,-0.031420360839416024
92,adaptshrink,4,-0.11058968425688259,-0.42570263870491576,0.20452327019115057,0.10784279930011992
92,adaptshrink,5,0.6861126944428069,0.348801391138748,1.0234239977468658,0.7791556815999462
93,common_DL,1,-0.28822519509365696,-0.6044907005828952,0.028040310395581303,-0.717322349322499
93,common_DL,2,-0.3602327753992479,-0.6835131197900736,-0.03695243100842227,-0.6210754038975569
93,common_DL,3,0.30281743654243903,-0.054178295711865165,0.6598131687967432,0.5068872352641085
93,common_DL,4,0.3420764641582356,0.03835382879670629,0.6457990995197649,0.10343112831048067
93,common_DL,5,0.9234212918260701,0.5175623681182782,1.329280215533862,0.8819535358215363
93,comp_specific,1,-0.29214409314781964,-0.7534712242338621,0.16918303793822287,-0.717322349322499
93,comp_specific,2,-0.338096435011106,-0.5347168069266471,-0.14147606309556485,-0.6210754038975569
93,comp_specific,3,0.2820456712162491,-0.13928562129356953,0.7033769637260678,0.5068872352641085
93,comp_specific,4,0.32257926355530775,0.1310670182497654,0.5140915088608501,0.10343112831048067
93,comp_specific,5,0.8823300092930483,0.5862799549964786,1.178380063589618,0.8819535358215363
93,adaptshrink,1,-0.29139985029973237,-0.6883395462878871,0.10553984568842234,-0.717322349322499
93,adaptshrink,2,-0.35161244396755165,-0.6311228644854834,-0.07210202344961991,-0.6210754038975569
93,adaptshrink,3,0.2919208813587114,-0.09422380106282441,0.6780655637802473,0.5068872352641085
93,adaptshrink,4,0.33831628573716566,0.06621453975294928,0.6104180317213821,0.10343112831048067
93,adaptshrink,5,0.9139183154429116,0.5397057805337331,1.28813085035209,0.8819535358215363
94,common_DL,1,0.14093738909254327,-0.2049701200506242,0.48684489823571075,0.2530572112937998
94,common_DL,2,-0.45108198059781524,-0.8008743273608512,-0.10128963383477935,-0.27439717059276214
94,common_DL,3,-0.48028514874508643,-0.8357599029127423,-0.1248103945774306,-0.3593014062716444
94,common_DL,4,0.01306819480815552,-0.32893436261047093,0.35507075222678197,0.1292384662139353
94,common_DL,5,-1.0932070539204068,-1.4863976919375808,-0.7000164159032328,-0.901977211468575
94,comp_specific,1,0.18326936115803888,-0.4249872089189764,0.7915259312350542,0.2530572112937998
94,comp_specific,2,-0.4513339453706582,-0.7413154497952221,-0.1613524409460943,-0.27439717059276214
94,comp_specific,3,-0.46228409945297605,-0.7317109152178745,-0.19285728368807764,-0.3593014062716444
94,comp_specific,4,0.014234428850637415,-0.19605412463985028,0.2245229823411251,0.1292384662139353
94,comp_specific,5,-1.0971964293292835,-1.3534445714898793,-0.8409482871686877,-0.901977211468575
94,adaptshrink,1,0.16884080679223212,-0.3276358824939205,0.6653174960783848,0.2530572112937998
94,adaptshrink,2,-0.45126855826381884,-0.7824649834172758,-0.12007213311036191,-0.27439717059276214
94,adaptshrink,3,-0.47406242729650083,-0.7968020886816385,-0.15132276591136323,-0.3593014062716444
94,adaptshrink,4,0.0144452059288519,-0.2803982663711836,0.3092886782288874,0.1292384662139353
94,adaptshrink,5,-1.094506924102832,-1.4490783113983725,-0.7399355368072915,-0.901977211468575
95,common_DL,1,-0.5649806112569107,-0.9549290653598597,-0.1750321571539617,-0.6799699969329882
95,common_DL,2,0.33542905894162056,0.13454978753095911,0.536308330352282,0.44726803962811756
95,common_DL,3,-0.033483551470297246,-0.3181533873675602,0.2511862844269657,0.17545404087096494
95,common_DL,4,0.9988501629530665,0.6069795658317991,1.3907207600743339,0.6085232766541623
95,common_DL,5,0.7779702160490611,0.5444091804798019,1.0115312516183204,0.6866109074505593
95,comp_specific,1,-0.5643111290770793,-0.9462495053933679,-0.18237275276079057,-0.6799699969329882
95,comp_specific,2,0.31005993365451756,0.06392857150658796,0.5561912958024472,0.44726803962811756
95,comp_specific,3,-0.035719301164398976,-0.39162865765283017,0.3201900553240322,0.17545404087096494
95,comp_specific,4,0.9963290417043023,0.6121431598895726,1.380514923519032,0.6085232766541623
95,comp_specific,5,0.770415051905877,0.5477839977485652,0.9930461060631888,0.6866109074505593
95,adaptshrink,1,-0.5647636232867921,-0.9520689609213255,-0.17745828565225863,-0.6799699969329882
95,adaptshrink,2,0.31912426966959173,0.09341218157965453,0.544836357759529,0.44726803962811756
95,adaptshrink,3,-0.0351324705749963,-0.3580444804108233,0.2877795392608307,0.17545404087096494
95,adaptshrink,4,0.9980266437136105,0.6086967340775693,1.3873565533496517,0.6085232766541623
95,adaptshrink,5,0.7743671566857584,0.5461165453701037,1.0026177680014132,0.6866109074505593
96,common_DL,1,0.7321498730482073,0.4419129774265736,1.0223867686698411,0.6994693114476959
96,common_DL,2,0.08677494790951858,-0.27833961365288473,0.45188950947192186,0.16636794619528966
96,common_DL,3,-0.48441321674642224,-0.9577973404063129,-0.011029093086531605,-0.5521246763194011
96,common_DL,4,0.12469841336459206,-0.2514636777591024,0.5008605044882865,0.012019256405090589
96,common_DL,5,0.3709512724656197,-0.04352488370977209,0.7854274286410114,0.1833304299951896
96,comp_specific,1,0.7327585428288185,0.45005854136139417,1.0154585442962427,0.6994693114476959
96,comp_specific,2,0.03910922000425281,-0.22374821149447505,0.3019666515029807,0.16636794619528966
96,comp_specific,3,-0.49010487236477596,-1.0099129216332723,0.029703176903720374,-0.5521246763194011
96,comp_specific,4,0.09971106352569473,-0.3555851797223778,0.5550073067737673,0.012019256405090589
96,comp_specific,5,0.3715970444698897,-0.057884942953047414,0.8010790318928269,0.1833304299951896
96,adaptshrink,1,0.7324448280440502,0.4459480970199203,1.01894155906818,0.6994693114476959
96,adaptshrink,2,0.0712933754067553,-0.25543932083094656,0.39802607164445714,0.16636794619528966
96,adaptshrink,3,-0.4865516294805422,-0.9759276001500597,0.0028243411889753434,-0.5521246763194011
96,adaptshrink,4,0.11202288952304582,-0.30023285972208413,0.5242786387681757,0.012019256405090589
96,adaptshrink,5,0.37117877654603293,-0.04836119555366475,0.7907187486457306,0.1833304299951896
97,common_DL,1,0.9473560782509229,0.5340545626816324,1.3606575938202135,0.6509345602507401
97,common_DL,2,0.4008932044197229,-0.060952553987352664,0.8627389628267985,0.48628798862200806
97,common_DL,3,-0.19314678140860236,-0.6989272186805395,0.31263365586333486,-0.01935690256047681
97,common_DL,4,-0.5372663796349879,-0.9532736162760791,-0.12125914299389673,-0.34382462537711916
97,common_DL,5,0.635688441865587,0.2131831827794209,1.0581937009517532,0.606407178052846
97,comp_specific,1,0.9577304943386971,0.7043947802092437,1.2110662084681505,0.6509345602507401
97,comp_specific,2,0.4007669997680427,-0.06160345916634219,0.8631374587024276,0.48628798862200806
97,comp_specific,3,-0.1645087785355704,-0.37984989106083367,0.05083233398969292,-0.01935690256047681
97,comp_specific,4,-0.557150071858137,-1.1067473475183631,-0.007552796197910938,-0.34382462537711916
97,comp_specific,5,0.6443915224537242,0.1719304262172932,1.1168526186901553,0.606407178052846
97,adaptshrink,1,0.9497502825249375,0.5954676651288104,1.3040328999210646,0.6509345602507401
97,adaptshrink,2,0.40085108874009223,-0.06116964468577685,0.8628718221659613,0.48628798862200806
97,adaptshrink,3,-0.19004712266628987,-0.6342210736613978,0.25412682832881806,-0.01935690256047681
97,adaptshrink,4,-0.5489699088335254,-1.027452357065025,-0.07048746060202582,-0.34382462537711916
97,adaptshrink,5,0.6400113344858478,0.19529659942509292,1.0847260695466026,0.606407178052846
98,common_DL,1,-0.05837245542953484,-0.40579370452177527,0.2890487936627056,-0.1625709935734473
98,common_DL,2,-0.2058105918950101,-0.542834777579539,0.13121359378951886,-0.3267959325350193
98,common_DL,3,-0.23950886644602665,-0.5350186215621036,0.05600088867005021,-0.18116315304065078
98,common_DL,4,-0.54383145836571,-1.012712977815701,-0.0749499389157191,-0.6515598218638523
98,common_DL,5,-0.21289232804165692,-0.5166171533411339,0.09083249725782011,-0.18860629149649855
98,comp_specific,1,-0.042863824285089,-0.2276601555566838,0.1419325069865058,-0.1625709935734473
98,comp_specific,2,-0.1987189514277165,-0.5219404886188417,0.12450258576340861,-0.3267959325350193
98,comp_specific,3,-0.24031315228526579,-0.5208823433812972,0.04025603881076567,-0.18116315304065078
98,comp_specific,4,-0.5249584034495567,-0.8899931869661035,-0.1599236199330098,-0.6515598218638523
98,comp_specific,5,-0.22179563938455726,-0.6454565991836552,0.20186532041454064,-0.18860629149649855
98,adaptshrink,1,-0.05643630460517088,-0.3620666306198054,0.2491940214094636,-0.1625709935734473
98,adaptshrink,2,-0.20286380632131976,-0.5340794093548881,0.12835179671224858,-0.3267959325350193
98,adaptshrink,3,-0.23991460152838023,-0.5280816187763845,0.04825241571962402,-0.18116315304065078
98,adaptshrink,4,-0.5396502639441978,-0.9773619380394281,-0.10193858984896748,-0.6515598218638523
98,adaptshrink,5,-0.2182343877976855,-0.5874314221762773,0.15096264658090636,-0.18860629149649855
99,common_DL,1,-1.043118552816507,-1.3443354756533916,-0.7419016299796224,-0.8951774167662545
99,common_DL,2,-0.12623105204821466,-0.37177189869962,0.11930979460319066,0.005013874091988687
99,common_DL,3,0.40773942968363286,-0.02670669753046656,0.8421855568977323,0.2234256578290142
99,common_DL,4,0.31288100034819105,-0.022465198813913345,0.6482271995102955,0.3230398519166192
99,common_DL,5,0.18798392730902583,-0.13583913738929634,0.511806992007348,0.24678960915795148
99,comp_specific,1,-1.0271598838128462,-1.2736812197808747,-0.7806385478448177,-0.8951774167662545
99,comp_specific,2,-0.12785161590239602,-0.3931392528714006,0.13743602106660857,0.005013874091988687
99,comp_specific,3,0.42710453521425973,0.07592712416946867,0.7782819462590508,0.2234256578290142
99,comp_specific,4,0.31772855541217937,-0.05369530938616701,0.6891524202105257,0.3230398519166192
99,comp_specific,5,0.1866477719148134,-0.12736670404216505,0.5006622478717919,0.24678960915795148
99,adaptshrink,1,-1.0368863904653083,-1.3129896828665766,-0.76078309806404,-0.8951774167662545
99,adaptshrink,2,-0.12714649502761013,-0.3827815449150065,0.12848855485978625,0.005013874091988687
99,adaptshrink,3,0.4129233375541731,0.004013003705277796,0.8218336714030684,0.2234256578290142
99,adaptshrink,4,0.3155577822433251,-0.03832044057934264,0.6694360050659929,0.3230398519166192
99,adaptshrink,5,0.18732195525553735,-0.1316786169916611,0.5063225275027359,0.24678960915795148
100,common_DL,1,0.2754948795225665,-0.023788297105438005,0.5747780561505711,0.35525014368777663
100,common_DL,2,0.17030874668421073,-0.07640041443315668,0.4170179078015781,-0.07981870378585716
100,common_DL,3,0.9189260796859784,0.5562636808524948,1.281588478519462,0.4569326659709528
100,common_DL,4,-0.37872566795361945,-0.7458724955645617,-0.011578840342677255,-0.2969359818566966
100,common_DL,5,0.5850014700649404,0.23305202272669795,0.9369509174031829,0.4312260532256545
100,comp_specific,1,0.28936505549150937,-0.08357706199937354,0.6623071729823923,0.35525014368777663
100,comp_specific,2,0.15401285009553667,-0.14356511466575583,0.45159081485682917,-0.07981870378585716
100,comp_specific,3,0.933674611214185,0.6259136689487426,1.2414355534796275,0.4569326659709528
100,comp_specific,4,-0.3787089573571212,-0.749177745680053,-0.008240169034189337,-0.2969359818566966
100,comp_specific,5,0.5792470403424056,0.32030265617409004,0.8381914245107212,0.4312260532256545
100,adaptshrink,1,0.2803603937987526,-0.045861143882366284,0.6065819314798715,0.35525014368777663
100,adaptshrink,2,0.1619666363576705,-0.10795030220538149,0.4318835749207225,-0.07981870378585716
100,adaptshrink,3,0.9239427093468644,0.5832284091862205,1.2646570095075083,0.4569326659709528
100,adaptshrink,4,-0.378720101086593,-0.7469777702595394,-0.010462431913646597,-0.2969359818566966
100,adaptshrink,5,0.583714095456974,0.25777283069254436,0.9096553602214035,0.4312260532256545
101,common_DL,1,-1.1165348032216214,-1.4661192255074489,-0.7669503809357938,-1.048224100978491
101,common_DL,2,0.4401204869532948,0.1769770358728497,0.70326393803374,0.3398584037389209
101,common_DL,3,-0.06689147452355604,-0.4417320681964014,0.3079491191492893,-0.0030978204960368516
101,common_DL,4,0.2462663605995855,-0.06214167550822547,0.5546743967073965,0.24572483954446497
101,common_DL,5,-0.17886722770843205,-0.5468259577773797,0.1890915023605157,-0.3721229642798836
101,comp_specific,1,-1.1139938982242108,-1.5062529730159726,-0.721734823432449,-1.048224100978491
101,comp_specific,2,0.45249685093824593,0.2563584821502418,0.64863521972625,0.3398584037389209
101,comp_specific,3,-0.15534049207523107,-0.7842058004604071,0.47352481630994503,-0.0030978204960368516
101,comp_specific,4,0.2466120129746801,-0.08770498889617012,0.5809290148455304,0.24572483954446497
101,comp_specific,5,-0.1431052151993272,-0.41545474151316775,0.12924431111451337,-0.3721229642798836
101,adaptshrink,1,-1.1153783711520615,-1.4839781347909127,-0.7467786075132103,-1.048224100978491
101,adaptshrink,2,0.4455468408458202,0.21231732225220362,0.6787763594394367,0.3398584037389209
101,adaptshrink,3,-0.11738817970657256,-0.6018565993104418,0.36708023989729666,-0.0030978204960368516
101,adaptshrink,4,0.24642885232760456,-0.07337469787260723,0.5662324025278164,0.24572483954446497
101,adaptshrink,5,-0.17010041642112894,-0.5115829214551566,0.17138208861289878,-0.3721229642798836
102,common_DL,1,0.14260330254071535,-0.15359302987153567,0.43879963495296637,-0.03193067568219259
102,common_DL,2,-0.5179288130276587,-0.719623332050304,-0.31623429400501335,-0.3085476232400043
102,common_DL,3,-0.7957739628206923,-0.989008461047034,-0.6025394645943507,-0.8762684980229268
102,common_DL,4,0.37098578097729706,0.13455272666235926,0.6074188352922348,0.3286271194485335
102,common_DL,5,0.308958142805034,0.03677395507102016,0.5811423305390477,0.18819885776046005
102,comp_specific,1,0.13863632930085537,-0.16802567557111267,0.4452983341728234,-0.03193067568219259
102,comp_specific,2,-0.5239415864651992,-0.7942013604788275,-0.25368181245157084,-0.3085476232400043
102,comp_specific,3,-0.801493676911655,-1.0956168404039515,-0.5073705134193585,-0.8762684980229268
102,comp_specific,4,0.37203400935017317,0.14019366159575575,0.6038743571045906,0.3286271194485335
102,comp_specific,5,0.30926441017453654,0.039626015980903595,0.5789028043681694,0.18819885776046005
102,adaptshrink,1,0.14084620084576505,-0.15988826985567567,0.44158067154720576,-0.03193067568219259
102,adaptshrink,2,-0.5188650048102326,-0.7471409210408833,-0.2905890885795818,-0.3085476232400043
102,adaptshrink,3,-0.7996963615752578,-1.0327010541882695,-0.5666916689622461,-0.8762684980229268
102,adaptshrink,4,0.3714240596466165,0.13694212063425246,0.6059059986589805,0.3286271194485335
102,adaptshrink,5,0.3091107214538319,0.03819591375428377,0.58002552915338,0.18819885776046005
103,common_DL,1,0.6152810792569993,0.3791751211649509,0.8513870373490476,0.8678073304956956
103,common_DL,2,-1.136896969622063,-1.4304230288814432,-0.8433709103626827,-0.9253539617398665
103,common_DL,3,-0.6359244356506093,-0.9303612370423224,-0.3414876342588962,-0.3508065168974943
103,common_DL,4,-0.1895242683113885,-0.4084422156285006,0.029393679005723622,-0.11212627899316871
103,common_DL,5,0.24730998486012648,-0.00223278084988604,0.496852750570139,-0.03792739706877385
103,comp_specific,1,0.6026411075437084,0.39542981063824645,0.8098524044491703,0.8678073304956956
103,comp_specific,2,-1.1324505601595691,-1.395373313301795,-0.8695278070173432,-0.9253539617398665
103,comp_specific,3,-0.5869492439507925,-0.94950709671479,-0.22439139118679502,-0.3508065168974943
103,comp_specific,4,-0.18901073570795168,-0.41013135540836143,0.032109883992458094,-0.11212627899316871
103,comp_specific,5,0.29312432691327955,-0.040264391617891804,0.626513045444451,-0.03792739706877385
103,adaptshrink,1,0.6097354205772381,0.38736320486359443,0.8321076362908817,0.8678073304956956
103,adaptshrink,2,-1.1351362363001283,-1.416130813245019,-0.8541416593552376,-0.9253539617398665
103,adaptshrink,3,-0.6062546089869023,-0.9383827902835657,-0.27412642769023887,-0.3508065168974943
103,adaptshrink,4,-0.18926544839042728,-0.4092895868308345,0.030758690049979942,-0.11212627899316871
103,adaptshrink,5,0.27755368927885704,-0.019065756408773893,0.574173134966488,-0.03792739706877385
104,common_DL,1,-0.8619281204910837,-1.2256012577434754,-0.49825498323869194,-0.559159619590392
104,common_DL,2,0.1883862488180228,-0.018350597615858222,0.3951230952519038,-0.07802121784973384
104,common_DL,3,-0.7748921221228415,-1.0751414722290606,-0.4746427720166225,-1.0492460634628096
104,common_DL,4,-0.882365602354968,-1.0801118937919905,-0.6846193109179456,-0.7032480118039289
104,common_DL,5,-0.04113450672137986,-0.24146622441298773,0.15919721097022801,0.23824692791302543
104,comp_specific,1,-0.8412962216056022,-1.3088760043045502,-0.37371643890665435,-0.559159619590392
104,comp_specific,2,0.18838624881802257,-0.01835059761585839,0.39512309525190353,-0.07802121784973384
104,comp_specific,3,-0.7748921221228416,-1.0751414722290606,-0.4746427720166226,-1.0492460634628096
104,comp_specific,4,-0.8823656023549667,-1.0801118937919891,-0.6846193109179444,-0.7032480118039289
104,comp_specific,5,-0.041134506721381026,-0.24146622441298898,0.15919721097022693,0.23824692791302543
104,adaptshrink,1,-0.8500524130820661,-1.2618047660782619,-0.4383000600858705,-0.559159619590392
104,adaptshrink,2,0.1883862488180218,-0.018350597615859082,0.3951230952519027,-0.07802121784973384
104,adaptshrink,3,-0.7748921221228415,-1.0751414722290606,-0.47464277201662247,-1.0492460634628096
104,adaptshrink,4,-0.8823656023549656,-1.0801118937919878,-0.6846193109179434,-0.7032480118039289
104,adaptshrink,5,-0.04113450672138119,-0.2414662244129892,0.15919721097022682,0.23824692791302543
105,common_DL,1,-0.5351540276925666,-0.9423004016922012,-0.12800765369293193,-0.7535588417276196
105,common_DL,2,0.49041284795891904,0.16798418191497494,0.8128415140028631,0.4775035382215377
105,common_DL,3,1.3254451340622575,0.9425418356721116,1.7083484324524034,1.0198387032105622
105,common_DL,4,-0.31887237991387474,-0.6348304598945205,-0.0029142999332289476,-0.22168327486754158
105,common_DL,5,0.39572584414933165,0.05756229953610148,0.7338893887625618,0.24999338592039688
105,comp_specific,1,-0.5152183519319484,-0.9773865084659521,-0.053050195397944755,-0.7535588417276196
105,comp_specific,2,0.5576760601507176,0.39152938556632405,0.7238227347351112,0.4775035382215377
105,comp_specific,3,1.3586272897481173,1.1235455518703907,1.5937090276258439,1.0198387032105622
105,comp_specific,4,-0.3447200211661513,-0.7704897489389875,0.08104970660668487,-0.22168327486754158
105,comp_specific,5,0.39486711953224757,0.045911615725703125,0.743822623338792,0.24999338592039688
105,adaptshrink,1,-0.5272946838959391,-0.9538334431594833,-0.10075592463239497,-0.7535588417276196
105,adaptshrink,2,0.5058449106374647,0.23361637616589997,0.7780734451090294,0.4775035382215377
105,adaptshrink,3,1.334347187242918,0.998606754974456,1.67008761951138,1.0198387032105622
105,adaptshrink,4,-0.3357500659877304,-0.7117116993872493,0.04021156741178855,-0.22168327486754158
105,adaptshrink,5,0.39528626140944156,0.05167878441768914,0.738893738401194,0.24999338592039688
106,common_DL,1,-0.09633238034651662,-0.3704501776296749,0.17778541693664165,-0.21700303375848115
106,common_DL,2,-0.9599796739834516,-1.208783870633113,-0.7111754773337903,-0.8535172768087234
106,common_DL,3,0.5947977280299308,0.3046283796085095,0.8849670764513521,0.6445252466410024
106,common_DL,4,-0.6794162110232034,-0.8323358329333177,-0.526496589113089,-0.7864552221292281
106,common_DL,5,0.2895703865886659,0.01841346865004584,0.560727304527286,0.2242623735235921
106,comp_specific,1,-0.09633238034651662,-0.3704501776296749,0.17778541693664165,-0.21700303375848115
106,comp_specific,2,-0.9599796739834516,-1.208783870633113,-0.7111754773337903,-0.8535172768087234
106,comp_specific,3,0.5947977280299308,0.3046283796085095,0.8849670764513521,0.6445252466410024
106,comp_specific,4,-0.6794162110232034,-0.8323358329333177,-0.526496589113089,-0.7864552221292281
106,comp_specific,5,0.2895703865886659,0.01841346865004584,0.560727304527286,0.2242623735235921
106,adaptshrink,1,-0.09633238034651662,-0.3704501776296749,0.17778541693664165,-0.21700303375848115
106,adaptshrink,2,-0.9599796739834516,-1.208783870633113,-0.7111754773337903,-0.8535172768087234
106,adaptshrink,3,0.5947977280299308,0.3046283796085095,0.8849670764513521,0.6445252466410024
106,adaptshrink,4,-0.6794162110232034,-0.8323358329333177,-0.526496589113089,-0.7864552221292281
106,adaptshrink,5,0.2895703865886659,0.01841346865004584,0.560727304527286,0.2242623735235921
107,common_DL,1,1.0370161745676376,0.6941443585744991,1.3798879905607762,0.9292453731384539
107,common_DL,2,0.057984862725147024,-0.2650515792947962,0.3810213047450903,0.03525992588358375
107,common_DL,3,0.023316703534464134,-0.3074530838454791,0.35408649091440736,-0.07112038915300668
107,common_DL,4,0.5535286259670793,0.34132558096689564,0.765731670967263,0.5243014101088248
107,common_DL,5,0.39868851243532877,-0.0011080764585468805,0.7984851013292045,0.13539998967738193
107,comp_specific,1,1.0341453948246895,0.6876622106134304,1.3806285790359487,0.9292453731384539
107,comp_specific,2,-0.16462380424895473,-0.9257177338027196,0.5964701253048101,0.03525992588358375
107,comp_specific,3,0.021643570500787412,-0.2797934259987511,0.32308056700032595,-0.07112038915300668
107,comp_specific,4,0.5426748304403417,0.3887066114562245,0.6966430494244589,0.5243014101088248
107,comp_specific,5,0.40249504189681323,0.03754675990525708,0.7674433238883693,0.13539998967738193
107,adaptshrink,1,1.0357714565063405,0.6913432077683758,1.3801997052443054,0.9292453731384539
107,adaptshrink,2,-0.10555316995193331,-0.6337685766800166,0.42266223677615,0.03525992588358375
107,adaptshrink,3,0.022678102126290733,-0.29588056314673894,0.3412367673993204,-0.07112038915300668
107,adaptshrink,4,0.5486764587532451,0.3616765817900343,0.735676335716456,0.5243014101088248
107,adaptshrink,5,0.3998085991523196,0.0111803793547956,0.7884368189498436,0.13539998967738193
108,common_DL,1,-0.21081538401971978,-0.5679749982094466,0.14634423017000708,-0.135808553630264
108,common_DL,2,0.10772655334427375,-0.23915364601880515,0.4546067527073526,0.03344573846150581
108,common_DL,3,0.8543060627609234,0.38652854817783516,1.3220835773440116,0.5609863337758904
108,common_DL,4,-0.6061128733402656,-0.914403052908904,-0.2978226937716273,-0.6050657993921932
108,common_DL,5,0.32573774088999086,-0.17810502385227633,0.829580505632258,0.16730278035815566
108,comp_specific,1,-0.19010860983660152,-0.6516052705614619,0.2713880508882588,-0.135808553630264
108,comp_specific,2,0.12504772182861476,-0.34959568111594497,0.5996911247731744,0.03344573846150581
108,comp_specific,3,0.853245691835752,0.45741396222170205,1.249077421449802,0.5609863337758904
108,comp_specific,4,-0.5794498182154424,-0.7620541266172784,-0.39684550981360633,-0.6050657993921932
108,comp_specific,5,0.3290609360394135,-0.08368113970999264,0.7418030117888197,0.16730278035815566
108,adaptshrink,1,-0.19992692887671953,-0.6054775915439448,0.20562373379050564,-0.135808553630264
108,adaptshrink,2,0.11767070931025253,-0.2890273135567631,0.5243687321772681,0.03344573846150581
108,adaptshrink,3,0.8539349386231188,0.41554218780989294,1.2923276894363447,0.5609863337758904
108,adaptshrink,4,-0.5969217726137408,-0.8548794037492664,-0.33896414147821513,-0.6050657993921932
108,adaptshrink,5,0.3266020243084296,-0.14887138593116267,0.8020754345480219,0.16730278035815566
109,common_DL,1,0.7038911068190523,0.32314107711933876,1.0846411365187658,0.6757887481114756
109,common_DL,2,0.49022470901015747,0.112239624868479,0.868209793151836,0.43319857137815587
109,common_DL,3,0.45878236848095966,0.07778347542728498,0.8397812615346343,0.3871669746454271
109,common_DL,4,-0.3283730587721881,-0.6217857765288923,-0.03496034101548384,-0.3242119570090202
109,common_DL,5,0.5024365624686244,0.14180089824459596,0.8630722266926529,0.6196379371443217
109,comp_specific,1,0.7156105676178833,0.3651564326726674,1.0660647025630992,0.6757887481114756
109,comp_specific,2,0.47031168545955276,0.2512962575283744,0.689327113390731,0.43319857137815587
109,comp_specific,3,0.40857252014534484,0.10002959529287181,0.7171154449978179,0.3871669746454271
109,comp_specific,4,-0.29698895977633166,-0.6816980811567424,0.08772016160407903,-0.3242119570090202
109,comp_specific,5,0.4943352376939925,0.2028671581136648,0.7858033172743202,0.6196379371443217
109,adaptshrink,1,0.7092535910527413,0.3432169344384013,1.0752902476670814,0.6757887481114756
109,adaptshrink,2,0.4857898084333657,0.15008721918024437,0.8214923976864871,0.43319857137815587
109,adaptshrink,3,0.4417796621929394,0.08816812703692539,0.7953911973489534,0.3871669746454271
109,adaptshrink,4,-0.3102924539340061,-0.6533693398371527,0.03278443196914044,-0.3242119570090202
109,adaptshrink,5,0.4988673359215644,0.16998200297936406,0.8277526688637648,0.6196379371443217
110,common_DL,1,0.09427028321595765,-0.13225639492587699,0.3207969613577923,0.06905353249054516
110,common_DL,2,0.45302251785446646,0.24757867991366395,0.658466355795269,0.4265694374205358
110,common_DL,3,-0.3462458231038552,-0.6824777696009227,-0.010013876606787764,-0.27400261546047333
110,common_DL,4,-0.4974291665109255,-0.6907404771149962,-0.3041178559068548,-0.5116513946565013
110,common_DL,5,-0.30982227167276327,-0.7433342576407181,0.1236897142951916,-0.6220931420295027
110,comp_specific,1,0.09151834743018215,-0.1455770229431434,0.32861371780350773,0.06905353249054516
110,comp_specific,2,0.4304303897971616,0.17540389660450073,0.6854568829898224,0.4265694374205358
110,comp_specific,3,-0.34624582310385593,-0.6824777696009234,-0.010013876606788485,-0.27400261546047333
110,comp_specific,4,-0.49742916651092556,-0.6907404771149963,-0.3041178559068548,-0.5116513946565013
110,comp_specific,5,-0.3098222716727638,-0.7433342576407187,0.12368971429519099,-0.6220931420295027
110,adaptshrink,1,0.09329065101756359,-0.13685035566284928,0.32343165769797644,0.06905353249054516
110,adaptshrink,2,0.440743459346405,0.212284827045774,0.669202091647036,0.4265694374205358
110,adaptshrink,3,-0.3462458231038558,-0.6824777696009233,-0.010013876606788319,-0.27400261546047333
110,adaptshrink,4,-0.4974291665109254,-0.6907404771149961,-0.3041178559068547,-0.5116513946565013
110,adaptshrink,5,-0.30982227167276366,-0.7433342576407185,0.12368971429519121,-0.6220931420295027
111,common_DL,1,-0.654480651337112,-1.0398639560310627,-0.26909734664316126,-0.3148028702925149
111,common_DL,2,-0.28516589757047783,-0.6266506771659277,0.056318882024972095,-0.18060171942494424
111,common_DL,3,0.6315291323110928,0.40788457144960133,0.8551736931725842,0.6465400996815452
111,common_DL,4,0.5307416348442969,0.14852632221771206,0.9129569474708819,0.39727648015194295
111,common_DL,5,0.01924881368942609,-0.3382352693757026,0.3767328967545548,0.12797079394134947
111,comp_specific,1,-0.620814927393169,-1.1700183711138785,-0.07161148367245962,-0.3148028702925149
111,comp_specific,2,-0.2788714205209345,-0.59739447948611,0.03965163844424102,-0.18060171942494424
111,comp_specific,3,0.6268809913929184,0.5006072409784245,0.7531547418074124,0.6465400996815452
111,comp_specific,4,0.5304360360014198,0.16416271902295848,0.8967093529798811,0.39727648015194295
111,comp_specific,5,-0.008510226249202058,-0.5012566213462119,0.48423616884780774,0.12797079394134947
111,adaptshrink,1,-0.6377374266646151,-1.0854102226590736,-0.19006463067015655,-0.3148028702925149
111,adaptshrink,2,-0.283222053118025,-0.6172564797175322,0.05081237348148221,-0.18060171942494424
111,adaptshrink,3,0.6291175896925066,0.4450596366284715,0.8131755427565418,0.6465400996815452
111,adaptshrink,4,0.5306121496533212,0.15512944650981203,0.9060948527968302,0.39727648015194295
111,adaptshrink,5,0.0007682774218576785,-0.43077164569172743,0.43230820053544283,0.12797079394134947
112,common_DL,1,0.6007910436662777,0.3476094015404097,0.8539726857921457,0.30242178311273255
112,common_DL,2,0.17560385618996732,-0.1245710688576035,0.47577878123753814,0.1863870570792272
112,common_DL,3,0.20928713206418673,-0.07144201082364274,0.49001627495201616,0.49962561922761184
112,common_DL,4,0.34432005806543364,0.005419925661797553,0.6832201904690698,-0.01630776329502423
112,common_DL,5,0.13286703387337057,-0.10157226500953398,0.3673063327562751,0.30263364339867754
112,comp_specific,1,0.5963499498441938,0.32354615535764775,0.8691537443307398,0.30242178311273255
112,comp_specific,2,0.12308822669683234,-0.3612293781601619,0.6074058315538265,0.1863870570792272
112,comp_specific,3,0.253947027788424,0.06853664326825559,0.4393574123085924,0.49962561922761184
112,comp_specific,4,0.34428618666336025,0.006109071757393392,0.6824633015693271,-0.01630776329502423
112,comp_specific,5,0.13293720677499965,-0.02979387564949673,0.29566828919949606,0.30263364339867754
112,adaptshrink,1,0.5987221246747476,0.33687582440405106,0.8605684249454442,0.30242178311273255
112,adaptshrink,2,0.1430389902070354,-0.23432912065260994,0.5204071010666808,0.1863870570792272
112,adaptshrink,3,0.22110551120569313,-0.03449668385307439,0.4767077062644607,0.49962561922761184
112,adaptshrink,4,0.3443055771319213,0.005715093060665144,0.6828960612031774,-0.01630776329502423
112,adaptshrink,5,0.1332912861329812,-0.07616924385367524,0.3427518161196376,0.30263364339867754
113,common_DL,1,-0.4992963735656478,-0.8498420135780004,-0.14875073355329527,-0.53590612925547
113,common_DL,2,0.1382131673690636,-0.13367039959437702,0.41009673433250426,0.5505232780474162
113,common_DL,3,-0.5778348023483025,-0.8550162593670745,-0.30065334532953053,-0.3295109786146179
113,common_DL,4,-0.13175819150156387,-0.3768522319261096,0.11333584892298187,-0.10090117057457676
113,common_DL,5,-0.0012370865243876705,-0.4361636629368195,0.4336894898880441,0.011348455357540964
113,comp_specific,1,-0.5363913908072684,-0.9948834271461359,-0.0778993544684009,-0.53590612925547
113,comp_specific,2,0.11702087183194504,-0.0836856926689094,0.3177274363327995,0.5505232780474162
113,comp_specific,3,-0.6040649842064099,-0.8453251418714722,-0.36280482654134755,-0.3295109786146179
113,comp_specific,4,-0.1232061727396506,-0.3224028437283635,0.07599049824906226,-0.10090117057457676
113,comp_specific,5,-0.08395698160217666,-0.8828807324899759,0.7149667692856225,0.011348455357540964
113,adaptshrink,1,-0.5146081345306671,-0.9061271016718417,-0.12308916738949244,-0.53590612925547
113,adaptshrink,2,0.132400843196768,-0.11979080521162686,0.38459249160516285,0.5505232780474162
113,adaptshrink,3,-0.5896616511713956,-0.8500576425210442,-0.32926565982174694,-0.3295109786146179
113,adaptshrink,4,-0.12861361124849868,-0.3557194615434826,0.09849223904648524,-0.10090117057457676
113,adaptshrink,5,-0.05445089543770476,-0.6393784904127955,0.530476699537386,0.011348455357540964
114,common_DL,1,0.03136422420560814,-0.21104094051493516,0.27376938892615144,-0.09521530568302651
114,common_DL,2,-0.40396630057542793,-0.8120009684784333,0.004068367327577371,-0.1677026591682876
114,common_DL,3,0.7058106180344055,0.4597484360883624,0.9518727999804486,0.7122663971387904
114,common_DL,4,0.9121532510454918,0.6269029557173729,1.1974035463736108,0.8423249885277856
114,common_DL,5,0.2661736981850018,-0.06088773984502199,0.5932351362150257,0.3090206076684843
114,comp_specific,1,0.04506512679243946,-0.2726317391071772,0.3627619926920561,-0.09521530568302651
114,comp_specific,2,-0.389400407069648,-0.727887616725933,-0.050913197413362976,-0.1677026591682876
114,comp_specific,3,0.7214067375294977,0.518884423202203,0.9239290518567924,0.7122663971387904
114,comp_specific,4,0.9206168413792983,0.6220537897271252,1.2191798930314715,0.8423249885277856
114,comp_specific,5,0.26825228468636364,0.04971195247995114,0.48679261689277614,0.3090206076684843
114,adaptshrink,1,0.03964643928907119,-0.24346366154428412,0.3227565401224265,-0.09521530568302651
114,adaptshrink,2,-0.3999442532336676,-0.7864087292475874,-0.013479777219747802,-0.1677026591682876
114,adaptshrink,3,0.7120737324958102,0.48620567229175315,0.9379417926998672,0.7122663971387904
114,adaptshrink,4,0.9165893935450953,0.6245517445284512,1.2086270425617394,0.8423249885277856
114,adaptshrink,5,0.2665630337018589,-0.031157641539904857,0.5642837089436227,0.3090206076684843
115,common_DL,1,-0.7593881643634629,-1.264601770398462,-0.2541745583284638,-0.3396906211622076
115,common_DL,2,1.150349467265019,0.6741541757822835,1.6265447587477544,0.9315013749335502
115,common_DL,3,-0.432582865623623,-0.8500852875623442,-0.015080443684901801,-0.5428864687937446
115,common_DL,4,0.6397365429880063,0.19230549174267236,1.0871675942333403,0.46781236762721173
115,common_DL,5,-0.3977959646015089,-0.7501648958447247,-0.04542703335829318,-0.23994796496538853
115,comp_specific,1,-0.7636161612561574,-1.3040808285624268,-0.22315149394988798,-0.3396906211622076
115,comp_specific,2,1.1308191124302989,0.7779111425321731,1.4837270823284245,0.9315013749335502
115,comp_specific,3,-0.4970547994934662,-1.0848819555499083,0.09077235656297578,-0.5428864687937446
115,comp_specific,4,0.639446703838369,0.39579025593762746,0.8831031517391106,0.46781236762721173
115,comp_specific,5,-0.39758640590655914,-0.7598835470440191,-0.03528926476909927,-0.23994796496538853
115,adaptshrink,1,-0.7609089361168964,-1.2781597608016257,-0.2436581114321671,-0.3396906211622076
115,adaptshrink,2,1.1445459444024353,0.7164471784163913,1.5726447103884793,0.9315013749335502
115,adaptshrink,3,-0.4711768959059513,-0.9702283400445231,0.027874548232620422,-0.5428864687937446
115,adaptshrink,4,0.6404411115538543,0.24726182972511218,1.0336203933825965,0.46781236762721173
115,adaptshrink,5,-0.3976855022011597,-0.7550592415923933,-0.040311762809926044,-0.23994796496538853
116,common_DL,1,0.1379160643042442,-0.21727185339269556,0.49310398200118394,-0.054151892273264106
116,common_DL,2,-0.6381296457578232,-1.098255400594428,-0.17800389092121832,-0.5481116782463201
116,common_DL,3,-0.09023582017548192,-0.5162560901376743,0.3357844497867104,0.007739652994132812
116,common_DL,4,0.09586778850825052,-0.243664387855614,0.435399964872115,0.16646175393348334
116,common_DL,5,-0.15627661095500778,-0.6177512746376629,0.30519805272764733,-0.0790262504280546
116,comp_specific,1,0.09125304991085965,-0.17901513692466003,0.3615212367463793,-0.054151892273264106
116,comp_specific,2,-0.6233744036740457,-0.9669488490602829,-0.2797999582878086,-0.5481116782463201
116,comp_specific,3,-0.08372323508507255,-0.46294692952853117,0.29550045935838604,0.007739652994132812
116,comp_specific,4,0.1113070548631724,-0.29638021932194836,0.5189943290482931,0.16646175393348334
116,comp_specific,5,-0.16140935633614076,-0.7113836074276987,0.3885648947554172,-0.0790262504280546
116,adaptshrink,1,0.11935632528908446,-0.19748287531733227,0.4361955258955012,-0.054151892273264106
116,adaptshrink,2,-0.6341122864997212,-1.0487263038676644,-0.21949826913177795,-0.5481116782463201
116,adaptshrink,3,-0.08768500187635633,-0.4944014341461701,0.3190314303934575,0.007739652994132812
116,adaptshrink,4,0.10474969911941293,-0.2708040892193656,0.4803034874581914,0.16646175393348334
116,adaptshrink,5,-0.15842249619005766,-0.6512398349288844,0.334394842548769,-0.0790262504280546
117,common_DL,1,0.03940096267229995,-0.1647494043117847,0.2435513296563846,0.30720460197494676
117,common_DL,2,0.07011679557338657,-0.18813460267765725,0.3283681938244304,0.25015750921969954
117,common_DL,3,0.740963175112589,0.5080191840033008,0.9739071662218772,0.5413818711679321
117,common_DL,4,0.18123670209498696,-0.13118806682137593,0.49366147101134983,0.4158683963899877
117,common_DL,5,-0.019494918018637425,-0.24419789334679015,0.2052080573095153,-0.20401990580848672
117,comp_specific,1,0.1288340343147376,-0.1957476351584383,0.4534157037879135,0.30720460197494676
117,comp_specific,2,0.07011679557338663,-0.18813460267765697,0.3283681938244302,0.25015750921969954
117,comp_specific,3,0.7409631751125889,0.5080191840033007,0.9739071662218771,0.5413818711679321
117,comp_specific,4,0.18123670209498702,-0.131188066821376,0.49366147101135005,0.4158683963899877
117,comp_specific,5,-0.019494918018637314,-0.24419789334679004,0.2052080573095154,-0.20401990580848672
117,adaptshrink,1,0.10253702916279712,-0.17405923952153068,0.3791332978471249,0.30720460197494676
117,adaptshrink,2,0.07011679557338636,-0.18813460267765736,0.32836819382443005,0.25015750921969954
117,adaptshrink,3,0.7409631751125891,0.5080191840033009,0.9739071662218773,0.5413818711679321
117,adaptshrink,4,0.18123670209498693,-0.13118806682137607,0.49366147101134994,0.4158683963899877
117,adaptshrink,5,-0.019494918018637925,-0.24419789334679073,0.20520805730951489,-0.20401990580848672
118,common_DL,1,0.551988735234113,0.25707972712917077,0.8468977433390552,0.4466646000507877
118,common_DL,2,0.4822954121874852,0.22253261221488774,0.7420582121600826,0.6207211681096354
118,common_DL,3,-0.37104721989784173,-0.7552870330845407,0.013192593288857302,-0.24878158026276492
118,common_DL,4,0.5236674130575699,0.08575473983253307,0.9615800862826067,0.3702256004068986
118,common_DL,5,-0.6154975110742514,-0.9113041228823163,-0.31969089926618655,-0.541234748074188
118,comp_specific,1,0.5525224877240174,0.17058606423875333,0.9344589112092814,0.4466646000507877
118,comp_specific,2,0.5096566295901928,0.3420091614472739,0.6773040977331116,0.6207211681096354
118,comp_specific,3,-0.3874254741403726,-0.9172470217557449,0.14239607347499977,-0.24878158026276492
118,comp_specific,4,0.5251096205938092,0.08259383485064492,0.9676254063369734,0.3702256004068986
118,comp_specific,5,-0.6556328787504693,-0.8781105470914093,-0.4331552104095292,-0.541234748074188
118,adaptshrink,1,0.5510155047776677,0.20807146767376683,0.8939595418815686,0.4466646000507877
118,adaptshrink,2,0.49118177121245504,0.27054275225765134,0.7118207901672587,0.6207211681096354
118,adaptshrink,3,-0.3785832988879601,-0.818322938650434,0.06115634087451377,-0.24878158026276492
118,adaptshrink,4,0.5241546144407868,0.0847007726584369,0.9636084562231367,0.3702256004068986
118,adaptshrink,5,-0.6282680585676844,-0.8925268433114593,-0.36400927382390963,-0.541234748074188
119,common_DL,1,0.4062582073287627,0.003366550581207217,0.8091498640763182,0.3131604455569389
119,common_DL,2,-0.8780470165421478,-1.2965715793361492,-0.4595224537481463,-0.955577115288659
119,common_DL,3,-0.15504508075338302,-0.592868280996727,0.2827781194899609,-0.21245791701284197
119,common_DL,4,-0.5975105364234198,-1.07811468820575,-0.11690638464108966,-0.5149067284980088
119,common_DL,5,-0.9423711568408982,-1.4235505077812638,-0.4611918059005326,-0.8269651259892933
119,comp_specific,1,0.40544352967381925,0.029782370525127666,0.7811046888225108,0.3131604455569389
119,comp_specific,2,-0.8446566881575612,-1.158223603214798,-0.5310897731003246,-0.955577115288659
119,comp_specific,3,-0.1444766888189304,-0.43220866354717224,0.14325528590931147,-0.21245791701284197
119,comp_specific,4,-0.6069816600216977,-1.2626415283339756,0.04867820829058023,-0.5149067284980088
119,comp_specific,5,-0.9059958258549601,-1.5478240276801585,-0.2641676240297618,-0.8269651259892933
119,adaptshrink,1,0.40593963241239395,0.014468269136663714,0.7974109956881241,0.3131604455569389
119,adaptshrink,2,-0.8691928425824413,-1.2479696731766243,-0.4904160119882583,-0.955577115288659
119,adaptshrink,3,-0.15200812107269981,-0.5479889862769692,0.24397274413156964,-0.21245791701284197
119,adaptshrink,4,-0.6028645957865686,-1.1653964235505434,-0.04033276802259378,-0.5149067284980088
119,adaptshrink,5,-0.92493152278217,-1.4654802630792543,-0.3843827824850856,-0.8269651259892933
120,common_DL,1,0.5919887934980265,0.3296653523068847,0.8543122346891683,0.5705033015280038
120,common_DL,2,-0.46006224116088684,-0.7116598075536782,-0.20846467476809544,-0.2898823788032508
120,common_DL,3,-0.66733921907802,-0.9302671984064758,-0.40441123974956417,-0.3857764669465639
120,common_DL,4,-0.3995035506075127,-0.6802313970527917,-0.11877570416223371,-0.30523057545981397
120,common_DL,5,0.18825095073714437,-0.06617368616392183,0.4426755876382106,0.18007096640555986
120,comp_specific,1,0.5944910010105379,0.32333223406642325,0.8656497679546524,0.5705033015280038
120,comp_specific,2,-0.4178572372106035,-0.7863841525226407,-0.0493303218985664,-0.2898823788032508
120,comp_specific,3,-0.6586904309409509,-0.877318125586498,-0.4400627362954038,-0.3857764669465639
120,comp_specific,4,-0.397811957206959,-0.6353022877024577,-0.16032162671146027,-0.30523057545981397
120,comp_specific,5,0.18641786442981045,-0.07367179740342028,0.4465075262630412,0.18007096640555986
120,adaptshrink,1,0.5931007252095902,0.3269227451211123,0.8592787052980682,0.5705033015280038
120,adaptshrink,2,-0.42989541684454546,-0.7476327615478224,-0.11215807214126855,-0.2898823788032508
120,adaptshrink,3,-0.6636210105765111,-0.9060778034797158,-0.4211642176733065,-0.3857764669465639
120,adaptshrink,4,-0.39906334331794163,-0.6623152491576877,-0.13581143747819557,-0.30523057545981397
120,adaptshrink,5,0.18762763687311113,-0.06870366760029145,0.4439589413465137,0.18007096640555986
121,common_DL,1,0.3648126065972858,0.13811491206523568,0.5915103011293359,0.13112011954176894
121,common_DL,2,0.34754525963005084,0.12412980770438953,0.5709607115557122,0.22505158687123542
121,common_DL,3,0.19217039116179063,-0.11926003907091187,0.5036008213944931,0.01992025145725448
121,common_DL,4,0.427893006177811,0.20904383266930887,0.6467421796863131,0.33377695869426416
121,common_DL,5,-0.2919661294639053,-0.5076672725024711,-0.07626498642533955,-0.3256019444758256
121,comp_specific,1,0.3593967446437011,0.15221652835301874,0.5665769609343834,0.13112011954176894
121,comp_specific,2,0.35266766207708605,0.16060430192629818,0.544731022227874,0.22505158687123542
121,comp_specific,3,0.19155476692346984,-0.3091661189897069,0.6922756528366466,0.01992025145725448
121,comp_specific,4,0.4050802041737743,0.12576187174215142,0.6843985366053973,0.33377695869426416
121,comp_specific,5,-0.27849508178018234,-0.47180639229394317,-0.08518377126642152,-0.3256019444758256
121,adaptshrink,1,0.36237957413797667,0.14512225708069926,0.5796368911952541,0.13112011954176894
121,adaptshrink,2,0.3495835227391465,0.13877449286524873,0.5603925526130442,0.22505158687123542
121,adaptshrink,3,0.19270106574566706,-0.21277387281814322,0.5981760043094774,0.01992025145725448
121,adaptshrink,4,0.4126199672095298,0.16082255842873328,0.6644173759903264,0.33377695869426416
121,adaptshrink,5,-0.28580238387151,-0.4908029015067239,-0.08080186623629612,-0.3256019444758256
122,common_DL,1,0.12893008037339784,-0.22712045289293212,0.4849806136397278,0.029835426394092212
122,common_DL,2,-0.17230144991721047,-0.5821784502085119,0.237575550374091,-0.5200928178142892
122,common_DL,3,-0.014222455169321038,-0.20590282359295325,0.17745791325431115,0.11437309388446303
122,common_DL,4,-0.41467152275021535,-0.7628518679522361,-0.06649117754819456,-0.417537758447103
122,common_DL,5,0.09208114024305261,-0.26705818547984217,0.45122046596594734,0.08884913508988822
122,comp_specific,1,0.12808181843871885,-0.20442087474462933,0.46058451162206704,0.029835426394092212
122,comp_specific,2,-0.17514428035213295,-0.5617742513418396,0.2114856906375737,-0.5200928178142892
122,comp_specific,3,-0.049590972342362066,-0.3736167858646936,0.2744348411799695,0.11437309388446303
122,comp_specific,4,-0.40900982531833696,-0.7286499408239948,-0.08936970981267911,-0.417537758447103
122,comp_specific,5,0.09072217040254182,-0.24870619929610677,0.4301505401011904,0.08884913508988822
122,adaptshrink,1,0.12862204708369315,-0.21768628850111701,0.4749303826685033,0.029835426394092212
122,adaptshrink,2,-0.17317988041836468,-0.5754855560567171,0.22912579521998772,-0.5200928178142892
122,adaptshrink,3,-0.03635111956820773,-0.2957394188949663,0.2230371797585508,0.11437309388446303
122,adaptshrink,4,-0.41299768466454945,-0.7520198620700763,-0.07397550725902258,-0.417537758447103
122,adaptshrink,5,0.09153126899663,-0.2593191517913399,0.4423816897845999,0.08884913508988822
123,common_DL,1,-0.6063558021291691,-0.785286330122276,-0.4274252741360621,-0.5965323597440129
123,common_DL,2,-0.2503496102671082,-0.4533318546573163,-0.04736736587690016,-0.3808814229665521
123,common_DL,3,0.28994436901104176,-0.09285304626154445,0.672741784283628,0.2841528084723506
123,common_DL,4,-0.31758892060422456,-0.502191680994907,-0.13298616021354218,-0.2456775501781139
123,common_DL,5,-0.42544063448372893,-0.6340100363263292,-0.21687123264112856,-0.44426062312223463
123,comp_specific,1,-0.6063558021291692,-0.7852863301222761,-0.42742527413606224,-0.5965323597440129
123,comp_specific,2,-0.17446052460208022,-0.49557643617105956,0.14665538696689912,-0.3808814229665521
123,comp_specific,3,0.28994436901104137,-0.09285304626154472,0.6727417842836274,0.2841528084723506
123,comp_specific,4,-0.32448671647605465,-0.5331659679106124,-0.1158074650414968,-0.2456775501781139
123,comp_specific,5,-0.4254406344837292,-0.6340100363263296,-0.21687123264112884,-0.44426062312223463
123,adaptshrink,1,-0.6063558021291695,-0.7852863301222766,-0.4274252741360625,-0.5965323597440129
123,adaptshrink,2,-0.20603188817751522,-0.4687767305114265,0.056712954156396045,-0.3808814229665521
123,adaptshrink,3,0.2899443690110406,-0.09285304626154545,0.6727417842836266,0.2841528084723506
123,adaptshrink,4,-0.32026796003493563,-0.5135074303975317,-0.1270284896723396,-0.2456775501781139
123,adaptshrink,5,-0.4254406344837294,-0.6340100363263298,-0.21687123264112898,-0.44426062312223463
124,common_DL,1,0.19573549880352353,-0.3597650900317865,0.7512360876388335,0.5830223877302557
124,common_DL,2,0.758822864107747,0.3107851580423257,1.2068605701731683,0.8010492168460996
124,common_DL,3,1.039296176231767,0.6866159159480447,1.3919764365154892,1.0663569232223298
124,common_DL,4,-0.08528232540671216,-0.5226987638625319,0.3521341130491076,-0.027736316413926848
124,common_DL,5,0.13667780211654015,-0.28183423389571494,0.5551898381287952,-0.034823621771382506
124,comp_specific,1,0.19595856898781078,-0.36496015969935475,0.7568772976749762,0.5830223877302557
124,comp_specific,2,0.8148267188185955,0.5547713549756441,1.0748820826615468,0.8010492168460996
124,comp_specific,3,1.0015494791947424,0.7618040113453317,1.241294947044153,1.0663569232223298
124,comp_specific,4,-0.08807830162592445,-0.4566235600065999,0.28046695675475103,-0.027736316413926848
124,comp_specific,5,0.11731063345287795,-0.5314587572048031,0.766080024110559,-0.034823621771382506
124,adaptshrink,1,0.19581082500574085,-0.3615020907330305,0.7531237407445123,0.5830223877302557
124,adaptshrink,2,0.7684813149835974,0.37061762432310624,1.1663450056440885,0.8010492168460996
124,adaptshrink,3,1.0266479669565545,0.7232795019957713,1.3300164319173375,1.0663569232223298
124,adaptshrink,4,-0.0860098956149859,-0.5017489183221933,0.32972912709222146,-0.027736316413926848
124,adaptshrink,5,0.12595315133673107,-0.3813943919713832,0.6333006946448454,-0.034823621771382506
125,common_DL,1,0.05411366769695053,-0.19643487622995648,0.30466221162385754,-0.06426706044210088
125,common_DL,2,-0.8620711580295579,-1.1204938667392308,-0.6036484493198851,-0.6576450182743473
125,common_DL,3,-0.4753980383755857,-0.7431263824452747,-0.2076696943058966,-0.1620599350767948
125,common_DL,4,0.28063719567084866,-0.007735236779065735,0.5690096281207631,0.4764567193861237
125,common_DL,5,-0.20484910368974577,-0.4173335893504899,0.007635381970998362,-0.15726524492789734
125,comp_specific,1,0.06918195495871396,-0.20760424027172034,0.3459681501891483,-0.06426706044210088
125,comp_specific,2,-0.8415259557099091,-1.0577931365303281,-0.6252587748894899,-0.6576450182743473
125,comp_specific,3,-0.34720173135594246,-0.8928303944097854,0.1984269316979005,-0.1620599350767948
125,comp_specific,4,0.26986856944866694,0.03819945832575444,0.5015376805715794,0.4764567193861237
125,comp_specific,5,-0.20244118629196048,-0.3721402136395999,-0.03274215894432106,-0.15726524492789734
125,adaptshrink,1,0.06129055771741085,-0.2010820079579073,0.32366312339272896,-0.06426706044210088
125,adaptshrink,2,-0.8544730815884388,-1.0962184767951597,-0.6127276863817179,-0.6576450182743473
125,adaptshrink,3,-0.39664792638577806,-0.7902747453317404,-0.0030211074398157622,-0.1620599350767948
125,adaptshrink,4,0.2774454026943892,0.0056626670409659075,0.5492281383478126,0.4764567193861237
125,adaptshrink,5,-0.20418049659420195,-0.39729130219240705,-0.01106969099599689,-0.15726524492789734
126,common_DL,1,0.04684913406201435,-0.15314210707370463,0.24684037519773333,0.2828998007981426
126,common_DL,2,0.0010370469254118442,-0.37343492881624274,0.3755090226670664,0.1575661340089339
126,common_DL,3,-0.06116252669878802,-0.30185238608485065,0.17952733268727464,-0.26690763461057354
126,common_DL,4,1.1335800623929468,0.937854393111706,1.3293057316741876,1.112223794716468
126,common_DL,5,0.09828768324458051,-0.12551648784722685,0.3220918543363879,0.039502002847829024
126,comp_specific,1,0.05319678405785844,-0.1562591956188816,0.26265276373459845,0.2828998007981426
126,comp_specific,2,0.0010370469254115666,-0.37343492881624313,0.37550902266706626,0.1575661340089339
126,comp_specific,3,-0.06116252669878752,-0.30185238608485,0.17952733268727497,-0.26690763461057354
126,comp_specific,4,1.133580062392946,0.9378543931117052,1.3293057316741868,1.112223794716468
126,comp_specific,5,0.09828768324458188,-0.1255164878472257,0.3220918543363895,0.039502002847829024
126,adaptshrink,1,0.049659917846565926,-0.15450093628917616,0.253820771982308,0.2828998007981426
126,adaptshrink,2,0.0010370469254115666,-0.3734349288162431,0.3755090226670662,0.1575661340089339
126,adaptshrink,3,-0.061162526698787745,-0.30185238608485043,0.17952733268727497,-0.26690763461057354
126,adaptshrink,4,1.1335800623929466,0.9378543931117058,1.3293057316741874,1.112223794716468
126,adaptshrink,5,0.09828768324458072,-0.12551648784722658,0.32209185433638804,0.039502002847829024
127,common_DL,1,0.690335055323131,0.42532954449825766,0.9553405661480043,0.5793022869793609
127,common_DL,2,-0.14712752852919983,-0.5434160628665224,0.2491610058081228,-0.22519393557335304
127,common_DL,3,0.8602511072483933,0.5033459987529725,1.217156215743814,0.707318325896353
127,common_DL,4,-0.07545857029499284,-0.3485099211920182,0.19759278060203253,-0.01770057460828408
127,common_DL,5,-0.19020821807959856,-0.46324903769693315,0.082832601537736,-0.10370583692676759
127,comp_specific,1,0.7005060797612133,0.39341261669055744,1.0075995428318691,0.5793022869793609
127,comp_specific,2,-0.16540212328427017,-0.5044930365208167,0.17368878995227627,-0.22519393557335304
127,comp_specific,3,0.8675237665813145,0.5750316073787175,1.1600159257839113,0.707318325896353
127,comp_specific,4,-0.08507166462707233,-0.3850488867200428,0.21490555746589812,-0.01770057460828408
127,comp_specific,5,-0.183710938742924,-0.46622270379717573,0.09880082631132775,-0.10370583692676759
127,adaptshrink,1,0.6961035221895218,0.4089844593924381,0.9832225849866054,0.5793022869793609
127,adaptshrink,2,-0.15233984499077305,-0.5307543128575241,0.226074622875978,-0.22519393557335304
127,adaptshrink,3,0.8621174312656741,0.5249973216535935,1.1992375408777547,0.707318325896353
127,adaptshrink,4,-0.08063409047133888,-0.3676107636023608,0.206342582659683,-0.01770057460828408
127,adaptshrink,5,-0.18731753139545057,-0.4644885102280851,0.08985344743718396,-0.10370583692676759
128,common_DL,1,-0.15607650395536377,-0.48429008000564716,0.17213707209491963,-0.4493478655949227
128,common_DL,2,-0.4017247855135314,-0.680675630841188,-0.12277394018587484,-0.32447982322866104
128,common_DL,3,0.955379447211681,0.5483249575340252,1.3624339368893368,0.5585207061936318
128,common_DL,4,0.008940546222233857,-0.33646601796019443,0.3543471104046621,-0.2803181859923386
128,common_DL,5,-0.14195298084945057,-0.4273362063745117,0.14343024467561055,-0.20113679851260005
128,comp_specific,1,-0.15679982520216407,-0.5254086805161811,0.21180903011185298,-0.4493478655949227
128,comp_specific,2,-0.38409131293272053,-0.7317254531402735,-0.036457172725167575,-0.32447982322866104
128,comp_specific,3,0.9506713999332839,0.6670532632239765,1.2342895366425912,0.5585207061936318
128,comp_specific,4,0.006987944818948599,-0.35185065989378234,0.36582654953167953,-0.2803181859923386
128,comp_specific,5,-0.15847801739909015,-0.3668675490317548,0.04991151423357451,-0.20113679851260005
128,adaptshrink,1,-0.15686017244533998,-0.5063600564060122,0.19263971151533224,-0.4493478655949227
128,adaptshrink,2,-0.3908502227454511,-0.7065598811001912,-0.0751405643907111,-0.32447982322866104
128,adaptshrink,3,0.9548343463669602,0.5817866021856766,1.3278820905482438,0.5585207061936318
128,adaptshrink,4,0.008253748702381256,-0.3416953377757801,0.35820283518054263,-0.2803181859923386
128,adaptshrink,5,-0.147525552663629,-0.40339958359777933,0.10834847827052135,-0.20113679851260005
129,common_DL,1,-0.28705998077399236,-0.4684286888486651,-0.1056912726993196,-0.3073938725630488
129,common_DL,2,0.36483810969311253,0.133452357556376,0.5962238618298491,0.4482110763520972
129,common_DL,3,0.09991314756387348,-0.06931530407107592,0.26914159919882286,-0.10085807138247782
129,common_DL,4,0.49024241859912604,0.2448652182026846,0.7356196189955675,0.09251848328983854
129,common_DL,5,0.5603601294225928,0.36527870246901933,0.7554415563761663,0.48786442857077794
129,comp_specific,1,-0.2870599807739924,-0.46842868884866523,-0.1056912726993196,-0.3073938725630488
129,comp_specific,2,0.3648381096931129,0.1334523575563764,0.5962238618298494,0.4482110763520972
129,comp_specific,3,0.014050103976391143,-0.29529590235441205,0.3233961103071944,-0.10085807138247782
129,comp_specific,4,0.4902424185991261,0.2448652182026848,0.7356196189955674,0.09251848328983854
129,comp_specific,5,0.5603601294225933,0.3652787024690198,0.7554415563761667,0.48786442857077794
129,adaptshrink,1,-0.2870599807739923,-0.46842868884866506,-0.10569127269931952,-0.3073938725630488
129,adaptshrink,2,0.3648381096931129,0.13345235755637638,0.5962238618298494,0.4482110763520972
129,adaptshrink,3,0.040418559067428805,-0.20624990539780222,0.2870870235326598,-0.10085807138247782
129,adaptshrink,4,0.4902424185991262,0.2448652182026848,0.7356196189955676,0.09251848328983854
129,adaptshrink,5,0.5603601294225933,0.3652787024690197,0.7554415563761668,0.48786442857077794
130,common_DL,1,0.6052045005820059,0.14059941075518723,1.0698095904088247,0.5259572958030613
130,common_DL,2,0.5913503058054663,0.11551121363314831,1.0671893979777844,0.4305380560219883
130,common_DL,3,-0.04497644102964882,-0.4216165618102733,0.33166367975097566,-0.18183561531335282
130,common_DL,4,0.1947661163000095,-0.18066999531194533,0.5702022279119643,0.2955318107052899
130,common_DL,5,0.25171759595318943,-0.1218302491071665,0.6252654410135454,0.0281434528204956
130,comp_specific,1,0.6112659422407953,-0.20819400815102296,1.4307258926326136,0.5259572958030613
130,comp_specific,2,0.5463787769055566,0.263495283318545,0.8292622704925682,0.4305380560219883
130,comp_specific,3,-0.09588778233879314,-0.30149677101833483,0.10972120634074858,-0.18183561531335282
130,comp_specific,4,0.2014205054790214,-0.30257132955963134,0.7054123405176742,0.2955318107052899
130,comp_specific,5,0.24055344594033173,0.021158623453927827,0.45994826842673564,0.0281434528204956
130,adaptshrink,1,0.6063158186290869,-0.0021429973148936465,1.2147746345730674,0.5259572958030613
130,adaptshrink,2,0.5844732511825375,0.1594580163234643,1.0094884860416107,0.4305380560219883
130,adaptshrink,3,-0.05588504358485574,-0.3728982305986969,0.26112814342898544,-0.18183561531335282
130,adaptshrink,4,0.19855192976440578,-0.24675930164515675,0.6438631611739682,0.2955318107052899
130,adaptshrink,5,0.2480049231476596,-0.06265552285694698,0.5586653691522662,0.0281434528204956
131,common_DL,1,0.4945977775892164,0.16336338914715642,0.8258321660312764,0.2950036554762568
131,common_DL,2,0.5167618172300716,0.3525473430817727,0.6809762913783706,0.6664138653353993
131,common_DL,3,-0.22664160284971116,-0.5027115821474251,0.049428376448002714,-0.06744732826484079
131,common_DL,4,-0.5095849019270672,-0.7695191711428516,-0.24965063271128274,-0.523752024551286
131,common_DL,5,0.6209622018276213,0.4385331439543347,0.8033912597009079,0.7630126933587807
131,comp_specific,1,0.49459777758921636,0.16336338914715626,0.8258321660312764,0.2950036554762568
131,comp_specific,2,0.5167618172300716,0.3525473430817727,0.6809762913783706,0.6664138653353993
131,comp_specific,3,-0.22664160284971208,-0.5027115821474261,0.04942837644800191,-0.06744732826484079
131,comp_specific,4,-0.5095849019270677,-0.7695191711428522,-0.24965063271128324,-0.523752024551286
131,comp_specific,5,0.6272809055610613,0.4317097058707731,0.8228521052513496,0.7630126933587807
131,adaptshrink,1,0.4945977775892159,0.16336338914715598,0.8258321660312758,0.2950036554762568
131,adaptshrink,2,0.5167618172300719,0.3525473430817729,0.6809762913783708,0.6664138653353993
131,adaptshrink,3,-0.2266416028497119,-0.5027115821474258,0.04942837644800202,-0.06744732826484079
131,adaptshrink,4,-0.5095849019270673,-0.7695191711428517,-0.24965063271128285,-0.523752024551286
131,adaptshrink,5,0.6231933067056432,0.436203624824838,0.8101829885864484,0.7630126933587807
132,common_DL,1,0.1367089404566846,-0.21569091790944536,0.48910879882281455,0.25745660221581407
132,common_DL,2,0.7880054080217362,0.5270416573478277,1.0489691586956447,0.7699677854913001
132,common_DL,3,0.10456652796509835,-0.16904919286655667,0.3781822487967534,0.1897558325267305
132,common_DL,4,0.8832931398027553,0.6213064707372722,1.1452798088682383,0.8497803080064765
132,common_DL,5,-0.35603769177839095,-0.5347698742394179,-0.17730550931736397,-0.36083552807663094
132,comp_specific,1,0.1367089404566846,-0.21569091790944536,0.48910879882281455,0.25745660221581407
132,comp_specific,2,0.7880054080217362,0.5270416573478277,1.0489691586956447,0.7699677854913001
132,comp_specific,3,0.10456652796509835,-0.16904919286655667,0.3781822487967534,0.1897558325267305
132,comp_specific,4,0.8832931398027553,0.6213064707372722,1.1452798088682383,0.8497803080064765
132,comp_specific,5,-0.35603769177839095,-0.5347698742394179,-0.17730550931736397,-0.36083552807663094
132,adaptshrink,1,0.1367089404566846,-0.21569091790944536,0.48910879882281455,0.25745660221581407
132,adaptshrink,2,0.7880054080217362,0.5270416573478277,1.0489691586956447,0.7699677854913001
132,adaptshrink,3,0.10456652796509835,-0.16904919286655667,0.3781822487967534,0.1897558325267305
132,adaptshrink,4,0.8832931398027553,0.6213064707372722,1.1452798088682383,0.8497803080064765
132,adaptshrink,5,-0.35603769177839095,-0.5347698742394179,-0.17730550931736397,-0.36083552807663094
133,common_DL,1,-0.24241974772329378,-0.6911203539609404,0.20628085851435285,-0.004154101222644407
133,common_DL,2,0.6241704667805859,0.2072779918007684,1.0410629417604034,0.4458216022185131
133,common_DL,3,0.070809734231222,-0.34453183417270755,0.48615130263515155,0.20590353743527423
133,common_DL,4,0.6283610009039893,0.21164199940579476,1.0450800024021838,0.6432534893242977
133,common_DL,5,0.5039161133283905,0.0003771190812935643,1.0074551075754874,0.37780896713906087
133,comp_specific,1,-0.19917685414873004,-0.432317480361875,0.03396377206441492,-0.004154101222644407
133,comp_specific,2,0.6214816601171486,0.05298154490766749,1.1899817753266295,0.4458216022185131
133,comp_specific,3,0.08134523038271207,-0.14765755520397272,0.3103480159693969,0.20590353743527423
133,comp_specific,4,0.6144512513721412,0.1523720693319593,1.0765304334123231,0.6432534893242977
133,comp_specific,5,0.47578208854490034,0.10939671458238975,0.8421674625074109,0.37780896713906087
133,adaptshrink,1,-0.2320162323673452,-0.6107434949333179,0.14671103019862758,-0.004154101222644407
133,adaptshrink,2,0.6218573009840846,0.13285152649824544,1.1108630754699238,0.4458216022185131
133,adaptshrink,3,0.07234318096208192,-0.276284881734315,0.4209712436584788,0.20590353743527423
133,adaptshrink,4,0.6205942767374114,0.18050157786729554,1.0606869756075272,0.6432534893242977
133,adaptshrink,5,0.49821740487527993,0.03345410775522406,0.9629807019953358,0.37780896713906087
134,common_DL,1,0.6035306982860911,0.2785139202469036,0.9285474763252786,0.6290624683073206
134,common_DL,2,0.17976161185318384,-0.2477839659698377,0.6073071896762055,0.3178775525164212
134,common_DL,3,0.8470348229795004,0.5537917768157761,1.1402778691432247,0.6256627198201536
134,common_DL,4,-0.12190765719379654,-0.4217404755449366,0.17792516115734353,-0.30001002751790923
134,common_DL,5,0.04804391571046793,-0.3401389920973017,0.4362268235182375,-0.026656389271785163
134,comp_specific,1,0.5578394404145138,0.34104080355838284,0.7746380772706448,0.6290624683073206
134,comp_specific,2,0.20881182498307582,-0.11797406430250673,0.5355977142686583,0.3178775525164212
134,comp_specific,3,0.8041935144175794,0.6659273082590887,0.94245972057607,0.6256627198201536
134,comp_specific,4,-0.11743335578070416,-0.4939223847942671,0.25905567323285883,-0.30001002751790923
134,comp_specific,5,-0.003336023129900695,-0.686640004601145,0.6799679583413437,-0.026656389271785163
134,adaptshrink,1,0.584778534064087,0.30647585000975236,0.8630812181184215,0.6290624683073206
134,adaptshrink,2,0.18794272869496237,-0.20087256483281718,0.576758022222742,0.3178775525164212
134,adaptshrink,3,0.8374283493100416,0.6027655111678706,1.0720911874522125,0.6256627198201536
134,adaptshrink,4,-0.11963242503969435,-0.45453950342683963,0.21527465334745094,-0.30001002751790923
134,adaptshrink,5,0.014784522760427687,-0.49433692084055897,0.5239059663614143,-0.026656389271785163
135,common_DL,1,-1.2148143728055973,-1.4643738465095009,-0.9652548991016938,-0.9014394638118345
135,common_DL,2,-0.22171005877389866,-0.43725123298765134,-0.0061688845601459985,-0.12521717264660734
135,common_DL,3,-0.12385530681920677,-0.32443689758729166,0.07672628394887811,-0.017153056075554753
135,common_DL,4,0.34892998323693664,0.09972288004757895,0.5981370864262943,0.3262281100543699
135,common_DL,5,-0.038233008874480334,-0.2652268379131182,0.18876082016415752,0.0527896865214359
135,comp_specific,1,-1.2215670043698457,-1.4405326983256008,-1.0026013104140905,-0.9014394638118345
135,comp_specific,2,-0.21556981528130723,-0.3944257373490734,-0.0367138932135411,-0.12521717264660734
135,comp_specific,3,-0.1358186810428051,-0.31145870399483255,0.039821341909222374,-0.017153056075554753
135,comp_specific,4,0.41442157809863134,-0.03002950231823065,0.8588726585154933,0.3262281100543699
135,comp_specific,5,-0.06406717825511937,-0.3438861109368234,0.21575175442658467,0.0527896865214359
135,adaptshrink,1,-1.2167788543575546,-1.4568984117137525,-0.9766592970013568,-0.9014394638118345
135,adaptshrink,2,-0.21977323342493593,-0.4241638712092198,-0.015382595640652086,-0.12521717264660734
135,adaptshrink,3,-0.1289359300987899,-0.3177419179968309,0.059870057799251086,-0.017153056075554753
135,adaptshrink,4,0.39170413492923184,0.058283112306892704,0.7251251575515709,0.3262281100543699
135,adaptshrink,5,-0.05285684595933643,-0.30881618381373543,0.20310249189506258,0.0527896865214359
136,common_DL,1,-0.23638476601461683,-0.5844048431807466,0.11163531115151293,-0.1542211522506485
136,common_DL,2,-1.4079699917102488,-1.721295983159047,-1.0946440002614506,-1.344660292528546
136,common_DL,3,0.4239574121330661,0.10622170219132282,0.7416931220748093,0.6062588759414823
136,common_DL,4,-0.2929169550538998,-0.6720456210849213,0.08621171097712166,-0.017325887882060916
136,common_DL,5,-1.091529943871889,-1.4944882070712626,-0.6885716806725155,-0.9221015718267216
136,comp_specific,1,-0.22564543951820837,-0.4239345031605087,-0.027356375875908057,-0.1542211522506485
136,comp_specific,2,-1.4056253924895858,-1.7645016857848672,-1.0467490991943045,-1.344660292528546
136,comp_specific,3,0.4128592192281476,0.1279180579486207,0.6978003805076745,0.6062588759414823
136,comp_specific,4,-0.28868714732029127,-0.6561442999089735,0.0787700052683909,-0.017325887882060916
136,comp_specific,5,-1.2139501250847786,-1.849823437599286,-0.5780768125702713,-0.9221015718267216
136,adaptshrink,1,-0.23455944801924183,-0.5426010995790622,0.07348220354057855,-0.1542211522506485
136,adaptshrink,2,-1.4070570792087933,-1.7363035886374623,-1.0778105697801244,-1.344660292528546
136,adaptshrink,3,0.4196048997713181,0.11535271646082446,0.7238570830818117,0.6062588759414823
136,adaptshrink,4,-0.29117807924623906,-0.6653656607258938,0.08300950223341558,-0.017325887882060916
136,adaptshrink,5,-1.1584476405408182,-1.6573303857852926,-0.6595648952963438,-0.9221015718267216
137,common_DL,1,0.09393402602199791,-0.17322284381252046,0.36109089585651627,0.06511184902938798
137,common_DL,2,0.004617331385728035,-0.3409785420184921,0.3502132047899481,-0.033926975507258435
137,common_DL,3,0.3061629660907502,-0.08332179329880152,0.695647725480302,0.13185554906135585
137,common_DL,4,0.7737714547772505,0.46108713059981754,1.0864557789546834,0.8847534923130987
137,common_DL,5,-0.15027256893205304,-0.5440227073926642,0.24347756952855815,-0.2291197827876181
137,comp_specific,1,0.09261974528621586,-0.10405550738490402,0.2892949979573357,0.06511184902938798
137,comp_specific,2,-0.04767368448447035,-0.602047913007355,0.5067005440384142,-0.033926975507258435
137,comp_specific,3,0.2572964491182905,0.04192430001012318,0.4726685982264579,0.13185554906135585
137,comp_specific,4,0.7861876202951992,0.5362280314312278,1.0361472091591706,0.8847534923130987
137,comp_specific,5,-0.14944509203922968,-0.6045072648593837,0.3056170807809243,-0.2291197827876181
137,adaptshrink,1,0.09265044690036739,-0.14235417007547627,0.327655063876211,0.06511184902938798
137,adaptshrink,2,-0.023125027053561314,-0.4506079863286552,0.4043579322215325,-0.033926975507258435
137,adaptshrink,3,0.29567974014091725,-0.05137968220469169,0.6427391624865262,0.13185554906135585
137,adaptshrink,4,0.7784846199905423,0.4943364119669707,1.062632828014114,0.8847534923130987
137,adaptshrink,5,-0.14962817892763702,-0.5710367736290883,0.2717804157738143,-0.2291197827876181
138,common_DL,1,0.341514773438052,-0.018741170487945102,0.7017707173640491,0.4514800380747401
138,common_DL,2,0.40283843681587916,0.11253916068357955,0.6931377129481788,0.29509801539587255
138,common_DL,3,0.8393658714875558,0.458981610323297,1.2197501326518148,0.9310913692049584
138,common_DL,4,-0.007421557845029125,-0.33961043652586465,0.3247673208358064,0.35367729666005043
138,common_DL,5,0.3392358062980654,-0.09044735182163655,0.7689189644177673,0.4613121431132909
138,comp_specific,1,0.38854616793849,0.20530414654882406,0.571788189328156,0.4514800380747401
138,comp_specific,2,0.4055977250426065,0.10257389791676108,0.7086215521684519,0.29509801539587255
138,comp_specific,3,0.842055028659183,0.4819256138313633,1.2021844434870028,0.9310913692049584
138,comp_specific,4,0.009944471783537523,-0.24720336566351658,0.26709230923059163,0.35367729666005043
138,comp_specific,5,0.41764678719324744,-0.3039036868209537,1.1391972612074486,0.4613121431132909
138,adaptshrink,1,0.3479179699794838,0.03115764006624344,0.6646782998927242,0.4514800380747401
138,adaptshrink,2,0.40423627986419153,0.1074840131667032,0.7009885465616799,0.29509801539587255
138,adaptshrink,3,0.8402026190151979,0.4664294132668988,1.213975824763497,0.9310913692049584
138,adaptshrink,4,-0.0012215026347049407,-0.2989547845941196,0.29651177932470973,0.35367729666005043
138,adaptshrink,5,0.38522900837111757,-0.16106557939666705,0.9315235961389021,0.4613121431132909
139,common_DL,1,0.23369868557222995,-0.0466569138656836,0.5140542850101435,0.19257053993677778
139,common_DL,2,-0.5026796456187261,-0.8322056479656066,-0.17315364327184574,-0.420735940183648
139,common_DL,3,-0.07571033983615483,-0.39770765856883217,0.2462869788965225,-0.008536334274931532
139,common_DL,4,-0.26835705425733886,-0.6028067157463775,0.06609260723169968,-0.3427483388300104
139,common_DL,5,-0.20102501113212828,-0.501034200842756,0.09898417857849934,0.17500690142819075
139,comp_specific,1,0.23957267129445495,-0.06457410371826136,0.5437194463071713,0.19257053993677778
139,comp_specific,2,-0.5018460819570001,-0.8331199058468365,-0.1705722580671637,-0.420735940183648
139,comp_specific,3,-0.10787639362201291,-0.3776586402723336,0.1619058530283078,-0.008536334274931532
139,comp_specific,4,-0.26845177771466905,-0.6023657784641923,0.06546222303485422,-0.3427483388300104
139,comp_specific,5,-0.20036339180889834,-0.5035467550940221,0.10281997147622546,0.17500690142819075
139,adaptshrink,1,0.23676115374813936,-0.05578192014293035,0.529304227639209,0.19257053993677778
139,adaptshrink,2,-0.5023200690691673,-0.8325967648178796,-0.17204337332045488,-0.420735940183648
139,adaptshrink,3,-0.08778626028947024,-0.3890560366456191,0.21348351606667865,-0.008536334274931532
139,adaptshrink,4,-0.2683975617330687,-0.6026177802149577,0.06582265674882032,-0.3427483388300104
139,adaptshrink,5,-0.20069133474144465,-0.5022945239241376,0.10091185444124831,0.17500690142819075
140,common_DL,1,0.3105866845344514,-0.12270136043491486,0.7438747295038176,0.31118835910242015
140,common_DL,2,-0.34262406569625775,-0.8000602540167472,0.11481212262423168,-0.34276788977371403
140,common_DL,3,0.21320913826973853,-0.3042783838750729,0.73069666041455,0.3429881671007015
140,common_DL,4,0.3475908252294426,-0.1574908279117586,0.8526724783706439,0.4185981371179045
140,common_DL,5,0.9638009322150114,0.45339257343768447,1.4742092909923383,0.9257481258410354
140,comp_specific,1,0.3240918095006978,-0.21077337612156655,0.8589569951229622,0.31118835910242015
140,comp_specific,2,-0.35778298498092587,-0.7466971731118868,0.03113120315003498,-0.34276788977371403
140,comp_specific,3,0.2176488376921401,-0.32563374327274935,0.7609314186570295,0.3429881671007015
140,comp_specific,4,0.337114521679049,-0.21207766202049694,0.8863067053785949,0.4185981371179045
140,comp_specific,5,0.997393771526118,0.6769806144240749,1.317806928628161,0.9257481258410354
140,adaptshrink,1,0.31792213324664464,-0.16212458283970355,0.7979688493329928,0.31118835910242015
140,adaptshrink,2,-0.34685398988357186,-0.7828260912006446,0.08911811143350085,-0.34276788977371403
140,adaptshrink,3,0.21480548802693944,-0.31146509640022635,0.7410760724541052,0.3429881671007015
140,adaptshrink,4,0.34366837015875007,-0.17664797267904597,0.8639847129965461,0.4185981371179045
140,adaptshrink,5,0.9699452723446651,0.5127985356411263,1.427092009048204,0.9257481258410354
141,common_DL,1,0.8563484403518782,0.46473084079428256,1.2479660399094739,0.5450042513151264
141,common_DL,2,-0.4967440907477164,-1.0483635389216919,0.05487535742625904,-0.821730104555736
141,common_DL,3,-0.308517318612059,-0.8904213796106389,0.27338674238652094,-0.47476663572530986
141,common_DL,4,0.0878167807165664,-0.36790184922505786,0.5435354106581907,-0.023687292331459657
141,common_DL,5,-0.9713070789552355,-1.4930485772980795,-0.4495655806123914,-0.8901622678988979
141,comp_specific,1,0.8848744926155817,0.705944658509694,1.0638043267214694,0.5450042513151264
141,comp_specific,2,-0.49278374689879756,-1.1696618269050534,0.18409433310745837,-0.821730104555736
141,comp_specific,3,-0.3474998708824093,-1.25588866503634,0.5608889232715213,-0.47476663572530986
141,comp_specific,4,0.0720317372109765,-0.2945747050644789,0.4386381794864319,-0.023687292331459657
141,comp_specific,5,-1.0380047392809848,-1.8265303801667319,-0.24947909839523774,-0.8901622678988979
141,adaptshrink,1,0.8594981591355819,0.5476694610177001,1.1713268572534639,0.5450042513151264
141,adaptshrink,2,-0.4952011735015583,-1.0916392413007585,0.10123689429764199,-0.821730104555736
141,adaptshrink,3,-0.32998757698131886,-1.0382510058765004,0.3782758519138626,-0.47476663572530986
141,adaptshrink,4,0.0818701449330771,-0.338536508152581,0.5022767980187353,-0.023687292331459657
141,adaptshrink,5,-1.0068242543307486,-1.6314821125691057,-0.38216639609239145,-0.8901622678988979
142,common_DL,1,-0.5492759668641791,-0.9381565562602721,-0.16039537746808624,-0.6152023364372636
142,common_DL,2,0.2554608308766153,-0.23675696784956218,0.7476786296027929,0.3854275065667449
142,common_DL,3,0.33984369004561277,-0.024310556485867052,0.7039979365770925,0.35932154477897227
142,common_DL,4,-0.012074654471605661,-0.42087180199847835,0.396722493055267,0.1354961946269986
142,common_DL,5,-0.5324174020164082,-1.0139092867986532,-0.05092551723416322,-0.26986958586196425
142,comp_specific,1,-0.5551573413742511,-1.0825594229182238,-0.027755259830278378,-0.6152023364372636
142,comp_specific,2,0.24092508765566323,-0.49863681069142163,0.9804869860027481,0.3854275065667449
142,comp_specific,3,0.3022873353425698,0.09960630826877581,0.5049683624163638,0.35932154477897227
142,comp_specific,4,-0.05412853410080038,-0.3336846583607701,0.22542759015916936,0.1354961946269986
142,comp_specific,5,-0.5469069401050487,-1.067921298521851,-0.025892581688246485,-0.26986958586196425
142,adaptshrink,1,-0.5536557698877091,-1.0076189421050123,-0.09969259767040595,-0.6152023364372636
142,adaptshrink,2,0.24583677163756718,-0.3422088154571837,0.8338823587323181,0.3854275065667449
142,adaptshrink,3,0.33165001169125696,0.024132805883259945,0.639167217499254,0.35932154477897227
142,adaptshrink,4,-0.02312550436573242,-0.39528470637449653,0.3490336976430317,0.1354961946269986
142,adaptshrink,5,-0.5377911603439246,-1.0329121276644622,-0.04267019302338704,-0.26986958586196425
143,common_DL,1,-0.49270668276319723,-0.7362855922007332,-0.24912777332566127,-0.5957955218282773
143,common_DL,2,0.19026941477391673,-0.16913242111107962,0.5496712506589131,0.060217804918310414
143,common_DL,3,0.24705061296788272,-0.01914670298736898,0.5132479289231344,0.01053333143641635
143,common_DL,4,-0.47355300358474833,-0.6741370485841666,-0.2729689585853301,-0.4372989589866256
143,common_DL,5,-0.7140279211063207,-0.9003458207693673,-0.5277100214432742,-0.5697046289266836
143,comp_specific,1,-0.4927066827631965,-0.7362855922007325,-0.2491277733256605,-0.5957955218282773
143,comp_specific,2,0.1902694147739168,-0.1691324211110795,0.5496712506589131,0.060217804918310414
143,comp_specific,3,0.238579631244224,-0.04288377550706457,0.5200430379955125,0.01053333143641635
143,comp_specific,4,-0.47355300358474833,-0.6741370485841666,-0.2729689585853301,-0.4372989589866256
143,comp_specific,5,-0.7138091550604921,-0.9043516514218913,-0.523266658699093,-0.5697046289266836
143,adaptshrink,1,-0.49270668276319673,-0.7362855922007328,-0.24912777332566075,-0.5957955218282773
143,adaptshrink,2,0.19026941477391643,-0.16913242111107976,0.5496712506589126,0.060217804918310414
143,adaptshrink,3,0.24320720429848183,-0.029699920395976936,0.5161143289929406,0.01053333143641635
143,adaptshrink,4,-0.4735530035847484,-0.6741370485841667,-0.2729689585853301,-0.4372989589866256
143,adaptshrink,5,-0.7139318938480048,-0.9020763294168359,-0.5257874582791737,-0.5697046289266836
144,common_DL,1,0.5708174229144326,0.3090754195801414,0.8325594262487238,0.24823846663747345
144,common_DL,2,0.03401065722942534,-0.22737308779851004,0.2953944022573607,-0.004516415475005863
144,common_DL,3,-0.5083494706431785,-0.8669562546762449,-0.14974268661011203,-0.373138967190144
144,common_DL,4,0.48982210416430616,0.21382295519698463,0.7658212531316277,0.42927403534497205
144,common_DL,5,0.58769869659126,0.20213441437702606,0.9732629788054938,0.49255961831673145
144,comp_specific,1,0.5274468084845015,0.3588415276837402,0.6960520892852629,0.24823846663747345
144,comp_specific,2,-0.01817484576594558,-0.36097446822559826,0.3246247766937071,-0.004516415475005863
144,comp_specific,3,-0.5298186016160246,-0.8264240933874152,-0.233213109844634,-0.373138967190144
144,comp_specific,4,0.46192845405194094,0.08406174750436124,0.8397951605995206,0.42927403534497205
144,comp_specific,5,0.5935308977373321,0.2933927336122204,0.8936690618624439,0.49255961831673145
144,adaptshrink,1,0.5573781045983468,0.3328671059658734,0.7818891032308202,0.24823846663747345
144,adaptshrink,2,0.00046787311206508697,-0.3056008355280392,0.30653658175216936,-0.004516415475005863
144,adaptshrink,3,-0.5156280716702888,-0.8496945320714664,-0.18156161126911124,-0.373138967190144
144,adaptshrink,4,0.47125471980531186,0.13919247429943188,0.8033169653111918,0.42927403534497205
144,adaptshrink,5,0.5894742691857942,0.22884343398869172,0.9501051043828965,0.49255961831673145
145,common_DL,1,0.9878064972866629,0.7023415455560301,1.2732714490172956,0.969380020699344
145,common_DL,2,0.48572257284398757,0.27101789108239405,0.7004272546055811,0.3151709934200284
145,common_DL,3,-0.28105604571043663,-0.5224823746198015,-0.0396297168010718,0.01495742114884309
145,common_DL,4,-0.5364555045295225,-0.8470341342765162,-0.22587687478252882,-0.4303798677860911
145,common_DL,5,0.39209978831013137,0.09622807187153798,0.6879715047487247,0.3880224806912706
145,comp_specific,1,0.9757474546931757,0.7252367924591115,1.22625811692724,0.969380020699344
145,comp_specific,2,0.4811217208234426,0.3084875351834576,0.6537559064634276,0.3151709934200284
145,comp_specific,3,-0.2457331636326457,-0.4347918373756037,-0.05667448988968771,0.01495742114884309
145,comp_specific,4,-0.5367418117437428,-0.8448150333926159,-0.22866859009486978,-0.4303798677860911
145,comp_specific,5,0.5072133139675953,-0.05033926113848208,1.0647658890736726,0.3880224806912706
145,adaptshrink,1,0.9825783843322363,0.7133775346461841,1.2517792340182885,0.969380020699344
145,adaptshrink,2,0.48296755483084713,0.28705670620237544,0.6788784034593188,0.3151709934200284
145,adaptshrink,3,-0.2697547222251564,-0.49147179066223445,-0.04803765378807831,0.01495742114884309
145,adaptshrink,4,-0.5365782970544305,-0.8460882091834965,-0.22706838492536452,-0.4303798677860911
145,adaptshrink,5,0.46648222753471813,0.05355115049715348,0.8794133045722827,0.3880224806912706
146,common_DL,1,-0.288740070902366,-0.5220562051660177,-0.05542393663871428,-0.2077487132720355
146,common_DL,2,0.13902117277272028,-0.1879727921911433,0.4660151377365839,0.3144438468619302
146,common_DL,3,-0.5702855821309575,-0.8070495987349119,-0.33352156552700307,-0.6614355913634961
146,common_DL,4,0.001196904860490705,-0.23173355861222814,0.23412736833320955,-0.021069534802415527
146,common_DL,5,-0.5946161109790143,-0.8820803356665923,-0.3071518862914364,-0.44649929850776077
146,comp_specific,1,-0.2903225675323772,-0.4739319322975742,-0.10671320276718016,-0.2077487132720355
146,comp_specific,2,0.13604378548575524,-0.21030524094702852,0.482392811918539,0.3144438468619302
146,comp_specific,3,-0.5367267994676932,-0.8207879139807974,-0.252665684954589,-0.6614355913634961
146,comp_specific,4,0.017612231919849286,-0.27565026836737305,0.3108747322070716,-0.021069534802415527
146,comp_specific,5,-0.5840183093917948,-0.846403412539513,-0.3216332062440765,-0.44649929850776077
146,adaptshrink,1,-0.2895958538528531,-0.5034417128566171,-0.07574999484908906,-0.2077487132720355
146,adaptshrink,2,0.13766148255715283,-0.1977795570393086,0.47310252215361426,0.3144438468619302
146,adaptshrink,3,-0.5542948820669321,-0.8129276143219446,-0.2956621498119196,-0.6614355913634961
146,adaptshrink,4,0.012787416680623304,-0.2536639707272774,0.2792388040885241,-0.021069534802415527
146,adaptshrink,5,-0.5914427979108463,-0.8709152705626187,-0.31197032525907387,-0.44649929850776077
147,common_DL,1,-0.48303455961071295,-0.7736144534307199,-0.19245466579070597,-0.3314200879145562
147,common_DL,2,-1.3886295257091867,-1.724058354852053,-1.0532006965663205,-1.363663701984761
147,common_DL,3,-0.08891816463064806,-0.4790518302369211,0.301215500975625,-0.21311075130561727
147,common_DL,4,-0.21041059391133024,-0.6074223137841759,0.18660112596151543,-0.1579210142760059
147,common_DL,5,0.15507855265863307,-0.1507469528057655,0.46090405812303165,0.150594152757566
147,comp_specific,1,-0.4773201029909606,-0.793080228217323,-0.16155997776459818,-0.3314200879145562
147,comp_specific,2,-1.4076873666570096,-1.8155947444272251,-0.999779988886794,-1.363663701984761
147,comp_specific,3,-0.08705273327331,-0.5410654604073036,0.36695999386068356,-0.21311075130561727
147,comp_specific,4,-0.2260795425576812,-0.5776576450006972,0.12549855988533481,-0.1579210142760059
147,comp_specific,5,0.19515355461115874,0.009852950999897886,0.38045415822241957,0.150594152757566
147,adaptshrink,1,-0.4798701713084374,-0.7833961153073438,-0.17634422730953103,-0.3314200879145562
147,adaptshrink,2,-1.3967977076079583,-1.7582805021304326,-1.035314913085484,-1.363663701984761
147,adaptshrink,3,-0.08782264323426311,-0.5067303803329791,0.33108509386445284,-0.21311075130561727
147,adaptshrink,4,-0.21641846570419676,-0.5948416097309503,0.16200467832255683,-0.1579210142760059
147,adaptshrink,5,0.16339730034487232,-0.10004588181021562,0.42684048249996026,0.150594152757566
148,common_DL,1,0.13231770475684945,-0.15149516800506874,0.41613057751876764,0.14444365676328857
148,common_DL,2,0.2301520049099715,-0.15521099544453354,0.6155150052644766,0.07101459243042708
148,common_DL,3,-0.17070956534991916,-0.5586734312092929,0.2172543005094546,-0.1984236193212258
148,common_DL,4,0.32653262388629034,0.023225821222798204,0.6298394265497824,0.29635824085093665
148,common_DL,5,-0.7048112411252156,-0.9827511341627386,-0.4268713480876926,-0.6747643876557776
148,comp_specific,1,0.10266615026459638,-0.06291722371604785,0.2682495242452406,0.14444365676328857
148,comp_specific,2,0.21555767996304795,-0.0939381725399129,0.5250535324660088,0.07101459243042708
148,comp_specific,3,-0.023481853347746467,-0.9713794604362307,0.9244157537407378,-0.1984236193212258
148,comp_specific,4,0.34726971219769165,0.12944630161382165,0.5650931227815617,0.29635824085093665
148,comp_specific,5,-0.6668453893087438,-0.8675049983727912,-0.4661857802446965,-0.6747643876557776
148,adaptshrink,1,0.12364736685048021,-0.11804074178413347,0.3653354754850939,0.14444365676328857
148,adaptshrink,2,0.2256656632142704,-0.13090449499481627,0.5822358214233571,0.07101459243042708
148,adaptshrink,3,-0.05466439268000782,-0.6956566598089473,0.5863278744489318,-0.1984236193212258
148,adaptshrink,4,0.33337865464406136,0.06654697226353867,0.600210337024584,0.29635824085093665
148,adaptshrink,5,-0.6915705450861889,-0.9353507197738169,-0.44779037039856084,-0.6747643876557776
149,common_DL,1,0.7614154988390752,0.3282636766461858,1.1945673210319647,0.41080091940273955
149,common_DL,2,0.050280484904604156,-0.42210876695484256,0.5226697367640509,-0.07081619231301453
149,common_DL,3,0.24597922892530183,-0.15545577045078834,0.647414228301392,0.1815135595960138
149,common_DL,4,0.14902029756520646,-0.2045100729235867,0.5025506680539996,0.0105570697959319
149,common_DL,5,-0.1532575762181204,-0.5626874130453279,0.25617226060908715,-0.19681202443126353
149,comp_specific,1,0.7785851600696988,0.28437885407693464,1.272791466062463,0.41080091940273955
149,comp_specific,2,0.05802379088976656,-0.2679682741017269,0.38401585588126,-0.07081619231301453
149,comp_specific,3,0.24283093871225137,-0.06796638864950239,0.5536282660740051,0.1815135595960138
149,comp_specific,4,0.13274818735154362,-0.2734477548605493,0.5389441295636365,0.0105570697959319
149,comp_specific,5,-0.13589336639685745,-0.7292225691710931,0.45743583637737817,-0.19681202443126353
149,adaptshrink,1,0.7696970227267876,0.3092965645575991,1.2300974808959761,0.41080091940273955
149,adaptshrink,2,0.05220716845550759,-0.37989060466883257,0.48430494157984777,-0.07081619231301453
149,adaptshrink,3,0.24501277497242882,-0.11530621655502457,0.6053317664998822,0.1815135595960138
149,adaptshrink,4,0.14086358296236212,-0.2362631282261906,0.5179902941509149,0.0105570697959319
149,adaptshrink,5,-0.1461567476336734,-0.6258999462985546,0.33358645103120776,-0.19681202443126353
150,common_DL,1,0.6873334593388303,0.4265595815259348,0.9481073371517257,0.764912887070381
150,common_DL,2,0.7415118243782037,0.4240383507635662,1.0589852979928414,0.7901359160166699
150,common_DL,3,-0.7303800692068576,-0.9844590676474284,-0.4763010707662868,-0.46124578869071836
150,common_DL,4,-0.4076097446776036,-0.7054020768659564,-0.10981741248925075,-0.4293073273400117
150,common_DL,5,-0.4055018597757774,-0.6659865057698573,-0.14501721378169752,-0.22508009667943954
150,comp_specific,1,0.7063188872555254,0.39948260875798036,1.0131551657530704,0.764912887070381
150,comp_specific,2,0.7488641774257427,0.2995022221489089,1.1982261327025765,0.7901359160166699
150,comp_specific,3,-0.7615631745295085,-0.9513033861210265,-0.5718229629379905,-0.46124578869071836
150,comp_specific,4,-0.386036739865254,-0.6457253624729167,-0.12634811725759126,-0.4293073273400117
150,comp_specific,5,-0.4279435032824371,-0.6170973774399773,-0.23878962912489682,-0.22508009667943954
150,adaptshrink,1,0.6989455934108659,0.4137299695730807,0.9841612172486511,0.764912887070381
150,adaptshrink,2,0.7420730186135649,0.3594175179529508,1.124728519274179,0.7901359160166699
150,adaptshrink,3,-0.7407672680284075,-0.9704123440069784,-0.5111221920498367,-0.46124578869071836
150,adaptshrink,4,-0.39914811776085174,-0.6815696656313335,-0.11672656989036995,-0.4293073273400117
150,adaptshrink,5,-0.4126092959917137,-0.6462185954174512,-0.1789999965659762,-0.22508009667943954
151,common_DL,1,0.9121791402368847,0.6940128871215466,1.1303453933522227,0.8606804554604388
151,common_DL,2,-0.06644739494516205,-0.46297378601340616,0.33007899612308206,-0.1010921993215122
151,common_DL,3,0.029485124687450348,-0.2549918493662815,0.3139620987411822,-0.27608307714215985
151,common_DL,4,-0.10607022662197116,-0.3374363324869013,0.125295879242959,-0.2423732608027093
151,common_DL,5,-0.8761635897068817,-1.023554650743415,-0.7287725286703484,-0.7504607347842372
151,comp_specific,1,0.9121791402368853,0.6940128871215472,1.1303453933522234,0.8606804554604388
151,comp_specific,2,-0.0664473949451625,-0.46297378601340655,0.33007899612308156,-0.1010921993215122
151,comp_specific,3,-0.011854640446406939,-0.4614485525390469,0.437739271646233,-0.27608307714215985
151,comp_specific,4,-0.10607022662197105,-0.3374363324869012,0.12529587924295912,-0.2423732608027093
151,comp_specific,5,-0.8761635897068815,-1.0235546507434148,-0.7287725286703481,-0.7504607347842372
151,adaptshrink,1,0.9121791402368846,0.6940128871215465,1.1303453933522227,0.8606804554604388
151,adaptshrink,2,-0.06644739494516211,-0.46297378601340605,0.33007899612308184,-0.1010921993215122
151,adaptshrink,3,0.009663873195524031,-0.3608123111538847,0.38014005754493274,-0.27608307714215985
151,adaptshrink,4,-0.10607022662197152,-0.33743633248690175,0.12529587924295868,-0.2423732608027093
151,adaptshrink,5,-0.8761635897068805,-1.0235546507434137,-0.7287725286703473,-0.7504607347842372
152,common_DL,1,0.6955391613968848,0.4095127452142146,0.9815655775795549,0.629028579839719
152,common_DL,2,-0.8164760559033069,-1.2731123452885065,-0.3598397665181071,-0.4530059136230141
152,common_DL,3,0.5951219514779567,0.2506676212714852,0.9395762816844282,0.5347035902204627
152,common_DL,4,0.11544227689227766,-0.23750015217745463,0.46838470596200993,0.4198071620980656
152,common_DL,5,-0.5884675751290626,-0.9216643811366912,-0.25527076912143387,-0.4504757135427129
152,comp_specific,1,0.6997924866759413,0.43152998512097657,0.968054988230906,0.629028579839719
152,comp_specific,2,-0.8057013769497439,-1.2190323117552304,-0.39237044214425726,-0.4530059136230141
152,comp_specific,3,0.6506526465290989,0.46233977517820724,0.8389655178799906,0.5347035902204627
152,comp_specific,4,0.09335005225622661,-0.39265763166349676,0.57935773617595,0.4198071620980656
152,comp_specific,5,-0.5809588031817209,-0.9260072313063614,-0.2359103750570804,-0.4504757135427129
152,adaptshrink,1,0.6975481586420086,0.4202031939862092,0.974893123297808,0.629028579839719
152,adaptshrink,2,-0.8132998720258253,-1.2562647152110769,-0.37033502884057373,-0.4530059136230141
152,adaptshrink,3,0.6035157416423327,0.2982202870055583,0.908811196279107,0.5347035902204627
152,adaptshrink,4,0.10430422582087025,-0.29853258812719413,0.5071410397689347,0.4198071620980656
152,adaptshrink,5,-0.5845717078054707,-0.9237778096835044,-0.24536560592743706,-0.4504757135427129
153,common_DL,1,0.3459733121019687,-0.034119883830367626,0.726066508034305,0.2432890793761984
153,common_DL,2,0.956220947034275,0.49895242363834347,1.4134894704302066,0.9247615946022193
153,common_DL,3,-0.0006233848598237723,-0.43178172015501654,0.430534950435369,0.2285655755762635
153,common_DL,4,-0.40507028332342787,-0.6879221993237228,-0.1222183673231329,-0.4643332252745655
153,common_DL,5,0.10957065788470502,-0.2618336598157831,0.4809749755851931,0.2714321330577319
153,comp_specific,1,0.3247010819185812,0.11003810119453586,0.5393640626426266,0.2432890793761984
153,comp_specific,2,0.9574250036867372,0.38349611726513666,1.531353890108338,0.9247615946022193
153,comp_specific,3,0.030302279250321,-0.27573702647565423,0.3363415849762962,0.2285655755762635
153,comp_specific,4,-0.4045782706791098,-0.7116267701729587,-0.09752977118526085,-0.4643332252745655
153,comp_specific,5,0.11357505345280514,-0.28659940722769517,0.5137495141333055,0.2714321330577319
153,adaptshrink,1,0.3435455162320558,0.007474173565871045,0.6796168588982405,0.2432890793761984
153,adaptshrink,2,0.9568078739737353,0.45740831186298503,1.4562074360844857,0.9247615946022193
153,adaptshrink,3,0.005614103472456444,-0.38897057542669794,0.40019878237161083,0.2285655755762635
153,adaptshrink,4,-0.40481682419689397,-0.7000355916090953,-0.10959805678469259,-0.4643332252745655
153,adaptshrink,5,0.11142731387200819,-0.2726213331601668,0.4954759609041832,0.2714321330577319
154,common_DL,1,-0.013757088749997343,-0.2536716636479963,0.22615748614800166,0.032913065105990985
154,common_DL,2,0.09725786492626007,-0.10430412547602733,0.2988198553285475,-0.14910249672975937
154,common_DL,3,-0.0584063182535777,-0.3243503869776355,0.20753775047048015,-0.25989453408977614
154,common_DL,4,0.5353317837940257,0.18992160298735117,0.8807419646007002,0.42965231638295504
154,common_DL,5,0.7734693426039133,0.570916681039828,0.9760220041679987,0.5449297826640932
154,comp_specific,1,-0.01399526105717988,-0.2506902222674523,0.2226997001530925,0.032913065105990985
154,comp_specific,2,0.0967455365383493,-0.10088114126134215,0.2943722143380407,-0.14910249672975937
154,comp_specific,3,-0.10797725108956097,-0.636949720393329,0.420995218214207,-0.25989453408977614
154,comp_specific,4,0.5339190682537043,0.1917166632366854,0.8761214732707232,0.42965231638295504
154,comp_specific,5,0.7759499065573681,0.5782505853391466,0.9736492277755895,0.5449297826640932
154,adaptshrink,1,-0.01387347763746341,-0.2521876749385802,0.22444071966365337,0.032913065105990985
154,adaptshrink,2,0.09704073084064396,-0.10284697707328144,0.29692843875456937,-0.14910249672975937
154,adaptshrink,3,-0.0994238109702909,-0.5081584838098885,0.3093108618693067,-0.25989453408977614
154,adaptshrink,4,0.5348664806300727,0.19052008976091794,0.8792128714992274,0.42965231638295504
154,adaptshrink,5,0.7746923132610755,0.5745400260200025,0.9748446005021484,0.5449297826640932
155,common_DL,1,0.01857020184567426,-0.3374045701924539,0.3745449738838024,-0.27813949594462156
155,common_DL,2,0.5801317296118407,0.20618637049131733,0.954077088732364,0.5338770195867784
155,common_DL,3,0.550733090083964,0.21053725752233515,0.8909289226455928,0.3298996142384418
155,common_DL,4,0.3367046885041045,0.06640839084597405,0.607000986162235,0.3402783935068352
155,common_DL,5,-0.1462178411997372,-0.4409332255401542,0.1484975431406798,0.015155937930077964
155,comp_specific,1,0.01651482285006553,-0.251673990927619,0.2847036366277501,-0.27813949594462156
155,comp_specific,2,0.5820047183202228,0.19797138356628408,0.9660380530741616,0.5338770195867784
155,comp_specific,3,0.5251570800007461,0.12169271115494112,0.9286214488465512,0.3298996142384418
155,comp_specific,4,0.3458149575851581,0.017689910751186644,0.6739400044191296,0.3402783935068352
155,comp_specific,5,-0.1751473215092595,-0.3896983839206619,0.03940374090214291,0.015155937930077964
155,adaptshrink,1,0.018097801472095137,-0.31175920740218677,0.3479548103463771,-0.27813949594462156
155,adaptshrink,2,0.5807715270226488,0.20341941850417905,0.9581236355411185,0.5338770195867784
155,adaptshrink,3,0.5386031382192366,0.16929010209653944,0.9079161743419337,0.3298996142384418
155,adaptshrink,4,0.3425571720456788,0.0411633882293545,0.6439509558620031,0.3402783935068352
155,adaptshrink,5,-0.1543717641334824,-0.4256832723567492,0.11693974408978439,0.015155937930077964
156,common_DL,1,0.0773567079275208,-0.3603955561404794,0.5151089719955211,-0.2753524493307523
156,common_DL,2,-0.19906901330891555,-0.5846468315934885,0.18650880497565744,-0.04154999618810379
156,common_DL,3,-1.211779253768389,-1.6150400589897904,-0.8085184485469874,-1.0967462435013928
156,common_DL,4,-0.20298804523456304,-0.6277532644242272,0.22177717395510105,-0.19485895864437747
156,common_DL,5,-0.22034305403472937,-0.6092489299117528,0.1685628218422941,-0.2590133845396347
156,comp_specific,1,0.0896804477137671,-0.39599928805402684,0.575360183481561,-0.2753524493307523
156,comp_specific,2,-0.1972653822052853,-0.4470479497671266,0.052517185356555945,-0.04154999618810379
156,comp_specific,3,-1.1865986927866123,-1.3856206541637381,-0.9875767314094865,-1.0967462435013928
156,comp_specific,4,-0.26848633072039896,-0.9246054911847367,0.38763282974393876,-0.19485895864437747
156,comp_specific,5,-0.21960361609527576,-0.6805584338702209,0.2413512016796693,-0.2590133845396347
156,adaptshrink,1,0.08208362770999122,-0.3722882107437957,0.5364554661637781,-0.2753524493307523
156,adaptshrink,2,-0.1987518664862667,-0.5450392091574002,0.14753547618486684,-0.04154999618810379
156,adaptshrink,3,-1.2099481369969396,-1.5507891610535085,-0.8691071129403707,-1.0967462435013928
156,adaptshrink,4,-0.24640516923236883,-0.7845025819915024,0.29169224352676465,-0.19485895864437747
156,adaptshrink,5,-0.21992821051531194,-0.6463935199214982,0.20653709889087427,-0.2590133845396347
157,common_DL,1,0.26506337164651184,-0.12071970524260278,0.6508464485356265,0.21664830547209915
157,common_DL,2,-0.7097784174885409,-1.115926476408959,-0.3036303585681229,-0.5898457378172669
157,common_DL,3,1.2173264302820272,0.7907931540506489,1.6438597065134055,1.1490763688081478
157,common_DL,4,0.4232677287706438,-0.05870017425103785,0.9052356317923254,0.11276550214033453
157,common_DL,5,0.5318687029943859,0.08122638818944627,0.9825110177993256,0.5468840364328948
157,comp_specific,1,0.2687168538665816,-0.022483620958466732,0.5599173286916299,0.21664830547209915
157,comp_specific,2,-0.6831265601074901,-1.0137624125103784,-0.3524907077046018,-0.5898457378172669
157,comp_specific,3,1.1953852747490896,0.6945919882913203,1.696178561206859,1.1490763688081478
157,comp_specific,4,0.5161063098710701,-0.25786924925840093,1.2900818690005411,0.11276550214033453
157,comp_specific,5,0.5452623657374793,0.33608055321176683,0.7544441782631919,0.5468840364328948
157,adaptshrink,1,0.26520649194509643,-0.08398024910749996,0.6143932329976929,0.21664830547209915
157,adaptshrink,2,-0.7011712695429917,-1.0773313368274462,-0.32501120225853725,-0.5898457378172669
157,adaptshrink,3,1.2087739942384477,0.7559067769371484,1.661641211539747,1.1490763688081478
157,adaptshrink,4,0.474129665276021,-0.1233879985333513,1.0716473290853934,0.11276550214033453
157,adaptshrink,5,0.5337010874705509,0.13543985398228364,0.9319623209588181,0.5468840364328948
158,common_DL,1,0.11281789882279146,-0.12480159173767184,0.35043738938325475,0.2048123968870878
158,common_DL,2,-0.30598696009665455,-0.5125339222833509,-0.09943999790995822,-0.3745485787997311
158,common_DL,3,-0.7599689859156795,-0.9894977676221172,-0.5304402042092419,-0.32946436070005425
158,common_DL,4,0.19094189171740739,-0.05988721753139559,0.44177100096621036,0.20521196910155604
158,common_DL,5,0.12911263390601208,-0.12650952711566538,0.3847347949276895,0.16153260000089348
158,comp_specific,1,0.12069055051165134,-0.3398341989740169,0.5812152999973196,0.2048123968870878
158,comp_specific,2,-0.30676285627996425,-0.5109992308062355,-0.10252648175369292,-0.3745485787997311
158,comp_specific,3,-0.7603567763967529,-0.9886924530817762,-0.5320210997117296,-0.32946436070005425
158,comp_specific,4,0.19102791936235125,-0.05892078563906625,0.4409766243637687,0.20521196910155604
158,comp_specific,5,0.12926168354383255,-0.1244878868574289,0.383011253945094,0.16153260000089348
158,adaptshrink,1,0.11525531583969159,-0.23895115019730598,0.4694617818766892,0.2048123968870878
158,adaptshrink,2,-0.3063180287867735,-0.5118809678943048,-0.10075508967924215,-0.3745485787997311
158,adaptshrink,3,-0.7601341714134814,-0.9891528808326316,-0.5311154619943311,-0.32946436070005425
158,adaptshrink,4,0.19098461717478984,-0.05940498722679424,0.44137422157637396,0.20521196910155604
158,adaptshrink,5,0.12916204314530308,-0.12583874612562476,0.38416283241623095,0.16153260000089348
159,common_DL,1,0.7280807589384989,0.36625811211483766,1.0899034057621602,0.5731962702572405
159,common_DL,2,0.046521738562354725,-0.2041133909701501,0.2971568680948595,-0.1494558996460789
159,common_DL,3,0.4452987381199872,0.08213582878784692,0.8084616474521276,0.019052599123990124
159,common_DL,4,0.23127499463728463,-0.20632041375017823,0.6688704030247474,-0.16642546487472915
159,common_DL,5,-0.8649448979338369,-1.2009139214078406,-0.5289758744598332,-0.849787184289508
159,comp_specific,1,0.7299937694508456,0.35483489071443597,1.1051526481872553,0.5731962702572405
159,comp_specific,2,0.046594700447674296,-0.21402525523262197,0.30721465612797055,-0.1494558996460789
159,comp_specific,3,0.40899292125852893,0.14918989109353725,0.6687959514235207,0.019052599123990124
159,comp_specific,4,0.13449817973942216,-0.5891142553591775,0.8581106148380218,-0.16642546487472915
159,comp_specific,5,-0.853978469448458,-1.1137197623786343,-0.5942371765182817,-0.849787184289508
159,adaptshrink,1,0.72893645792768,0.3613294509477426,1.0965434649076173,0.5731962702572405
159,adaptshrink,2,0.04656381445737169,-0.2091292733515367,0.30225690226628005,-0.1494558996460789
159,adaptshrink,3,0.43702239557999345,0.10329658876376335,0.7707482023962235,0.019052599123990124
159,adaptshrink,4,0.1790518183416221,-0.37277668679977394,0.7308803234830181,-0.16642546487472915
159,adaptshrink,5,-0.86150222223134,-1.1677758200130188,-0.5552286244496611,-0.849787184289508
160,common_DL,1,-0.392626110826444,-0.7747038623356579,-0.010548359317230138,-0.3381730815691842
160,common_DL,2,0.9131129997690055,0.514863715015555,1.3113622845224562,0.930683963142348
160,common_DL,3,-0.1683378720828299,-0.4457427192776077,0.1090669751119479,-0.10878696137985379
160,common_DL,4,-0.7718690461199279,-1.0494568339204235,-0.49428125831943226,-0.6458970003701925
160,common_DL,5,0.23423743583621387,-0.03661271384735021,0.505087585519778,0.06747534259848009
160,comp_specific,1,-0.4036669670994052,-0.7214937967740234,-0.08584013742478708,-0.3381730815691842
160,comp_specific,2,0.9125664140219494,0.4749842572409519,1.3501485708029468,0.930683963142348
160,comp_specific,3,-0.17002078377400634,-0.5292169568932105,0.18917538934519776,-0.10878696137985379
160,comp_specific,4,-0.7594191880507324,-1.0642715699920395,-0.4545668061094253,-0.6458970003701925
160,comp_specific,5,0.22272540944785987,0.05417740044558969,0.3912734184501301,0.06747534259848009
160,adaptshrink,1,-0.39550085169346844,-0.7576809652132551,-0.03332073817368175,-0.3381730815691842
160,adaptshrink,2,0.9128372434913753,0.49713530999807937,1.3285391769846713,0.930683963142348
160,adaptshrink,3,-0.16989730042314355,-0.4912094123608663,0.1514148115145792,-0.10878696137985379
160,adaptshrink,4,-0.766197797477796,-1.0559497243361342,-0.4764458706194579,-0.6458970003701925
160,adaptshrink,5,0.23268356100829174,-0.009815287437927006,0.4751824094545105,0.06747534259848009
161,common_DL,1,0.11062146283113972,-0.293241215766068,0.5144841414283474,-0.16967240539522782
161,common_DL,2,-0.26709810696275543,-0.7072660711792698,0.17306985725375884,-0.48628964743499187
161,common_DL,3,-0.1905519585884344,-0.6263553924718792,0.24525147529501037,-0.3760492303520867
161,common_DL,4,-0.5877116034748124,-0.9668042092354154,-0.2086189977142094,-0.4120945198751032
161,common_DL,5,-0.38587335116013644,-0.7815003298026001,0.00975362748232722,-0.5093858140250489
161,comp_specific,1,0.1763526886357957,-0.023018721187330504,0.3757240984589219,-0.16967240539522782
161,comp_specific,2,-0.26735544273429906,-0.7262146648814385,0.1915037794128403,-0.48628964743499187
161,comp_specific,3,-0.19124979254676056,-0.6049582530951554,0.22245866800163433,-0.3760492303520867
161,comp_specific,4,-0.5815851040445066,-1.012698597236318,-0.150471610852695,-0.4120945198751032
161,comp_specific,5,-0.36342998101006474,-0.8392697296545547,0.11240976763442523,-0.5093858140250489
161,adaptshrink,1,0.12595932335099974,-0.20984654683625475,0.46176519353825424,-0.16967240539522782
161,adaptshrink,2,-0.26721502261406926,-0.7154900091493879,0.1810599639212494,-0.48628964743499187
161,adaptshrink,3,-0.19076836979234502,-0.6193344312948618,0.23779769171017173,-0.3760492303520867
161,adaptshrink,4,-0.5843463533657443,-0.9904226402083548,-0.1782700665231337,-0.4120945198751032
161,adaptshrink,5,-0.3726740816238694,-0.8106334753106821,0.06528531206294325,-0.5093858140250489
162,common_DL,1,0.5186843150446481,0.16886649219035865,0.8685021378989375,0.7357973501537058
162,common_DL,2,-0.18513500553813672,-0.37966413754705636,0.009394126470782915,-0.2888274567316887
162,common_DL,3,0.30364160057560785,-0.013058430697926005,0.6203416318491417,0.5998693678669735
162,common_DL,4,-0.29659104379245377,-0.5536748494222021,-0.03950723816270546,-0.23086795417415498
162,common_DL,5,0.5153767508096923,0.2971421568292434,0.7336113447901411,0.33682309246698866
162,comp_specific,1,0.5186843150446482,0.16886649219035865,0.8685021378989377,0.7357973501537058
162,comp_specific,2,-0.18513500553813642,-0.379664137547056,0.009394126470783193,-0.2888274567316887
162,comp_specific,3,0.2888716938709278,-0.0885607805425277,0.6663041682843833,0.5998693678669735
162,comp_specific,4,-0.28731977484839644,-0.5620180186439863,-0.012621531052806612,-0.23086795417415498
162,comp_specific,5,0.50438162247469,0.1809390370700522,0.8278242078793278,0.33682309246698866
162,adaptshrink,1,0.5186843150446476,0.16886649219035832,0.8685021378989369,0.7357973501537058
162,adaptshrink,2,-0.18513500553813642,-0.379664137547056,0.009394126470783193,-0.2888274567316887
162,adaptshrink,3,0.2982833665065341,-0.04044030863272552,0.6370070416457937,0.5998693678669735
162,adaptshrink,4,-0.29237290515205305,-0.5572006195730901,-0.027545190731015967,-0.23086795417415498
162,adaptshrink,5,0.5092754008525343,0.23518822289557262,0.783362578809496,0.33682309246698866
163,common_DL,1,-0.7770326050400341,-1.1741549055212277,-0.3799103045588406,-0.8628799890414137
163,common_DL,2,-0.7562913956006831,-1.169857365502219,-0.3427254256991472,-0.7472355846214629
163,common_DL,3,0.0439150560202424,-0.3900568567276099,0.4778869687680948,0.24373349006253456
163,common_DL,4,-0.1285305009359675,-0.4802945187624921,0.22323351689055712,-0.20105376429137148
163,common_DL,5,0.6027379358382177,0.2292958950683605,0.9761799766080748,0.640134879694307
163,comp_specific,1,-0.7801690435714511,-1.0759891894994653,-0.48434889764343697,-0.8628799890414137
163,comp_specific,2,-0.7463475237118463,-1.201518735075541,-0.2911763123481517,-0.7472355846214629
163,comp_specific,3,0.028427065474387753,-0.2239980090211788,0.2808521399699543,0.24373349006253456
163,comp_specific,4,-0.12150134366680909,-0.38380772551756487,0.14080503818394668,-0.20105376429137148
163,comp_specific,5,0.6220697022632137,-0.0010617358155881051,1.2452011403420156,0.640134879694307
163,adaptshrink,1,-0.7781200050341328,-1.1286382650266198,-0.42760174504164583,-0.8628799890414137
163,adaptshrink,2,-0.7517021625926202,-1.1837803113965917,-0.31962401378864874,-0.7472355846214629
163,adaptshrink,3,0.04141765071774639,-0.34435881749220265,0.42719411892769543,0.24373349006253456
163,adaptshrink,4,-0.12746826306081935,-0.44010120337201997,0.18516467725038124,-0.20105376429137148
163,adaptshrink,5,0.6163150305763293,0.10175117138984113,1.1308788897628175,0.640134879694307
164,common_DL,1,-0.7325940961249854,-1.0744389455166885,-0.39074924673328226,-0.37042426177327126
164,common_DL,2,-0.292179939125558,-0.6201912787301879,0.03583140047907185,-0.18589690758703134
164,common_DL,3,-0.2196272453892771,-0.5475572884519615,0.10830279767340731,-0.15206038940740566
164,common_DL,4,-0.8309636093969122,-1.232520546433764,-0.42940667236006025,-0.7881161739611159
164,common_DL,5,0.20851609647452968,-0.04671763296970988,0.46374982591876923,0.09246859265787365
164,comp_specific,1,-0.7362484742726086,-1.0590158702589885,-0.41348107828622893,-0.37042426177327126
164,comp_specific,2,-0.2875928184126807,-0.5682411148818969,-0.00694452194346451,-0.18589690758703134
164,comp_specific,3,-0.19227228594407128,-0.6877778621033769,0.3032332902152344,-0.15206038940740566
164,comp_specific,4,-0.8633662709499301,-1.1932975089561078,-0.5334350329437525,-0.7881161739611159
164,comp_specific,5,0.23035007366712917,0.027613915009990636,0.4330862323242677,0.09246859265787365
164,adaptshrink,1,-0.7341118190897642,-1.0679666620624333,-0.40025697611709515,-0.37042426177327126
164,adaptshrink,2,-0.29006544651317023,-0.5989628118777418,0.01883191885140134,-0.18589690758703134
164,adaptshrink,3,-0.20308387711702128,-0.6120476325721796,0.20587987833813712,-0.15206038940740566
164,adaptshrink,4,-0.8417904493517085,-1.2149935299411716,-0.46858736876224555,-0.7881161739611159
164,adaptshrink,5,0.2167589990060651,-0.0142619053826476,0.4477799033947778,0.09246859265787365
165,common_DL,1,-0.2675849590659319,-0.606161686281474,0.07099176814961022,-0.3071936211350667
165,common_DL,2,0.28207910589057583,-0.2251309104300906,0.7892891222112423,0.3223196155127975
165,common_DL,3,0.09169317013144733,-0.30855534180749083,0.4919416820703855,0.09648873512835761
165,common_DL,4,-0.10684249236161082,-0.5123711559265168,0.2986861712032952,-0.12040545369654372
165,common_DL,5,0.2890956572808513,-0.09393485161247445,0.6721261661741771,0.628686832002041
165,comp_specific,1,-0.26547102348252916,-0.6815407077399861,0.15059866077492778,-0.3071936211350667
165,comp_specific,2,0.2526284819453346,-0.3195640834767417,0.8248210473674109,0.3223196155127975
165,comp_specific,3,0.10210656466568599,-0.34637687737046174,0.5505900067018338,0.09648873512835761
165,comp_specific,4,-0.13189111960407263,-0.3482246274580977,0.08444238824995243,-0.12040545369654372
165,comp_specific,5,0.25358575248896487,-0.005713400256098844,0.5128849052340285,0.628686832002041
165,adaptshrink,1,-0.2665222770160791,-0.6463969587953695,0.11335240476321123,-0.3071936211350667
165,adaptshrink,2,0.27061321170133246,-0.2595269774899779,0.8007534008926428,0.3223196155127975
165,adaptshrink,3,0.09762407281321264,-0.32756288268872025,0.5228110283151456,0.09648873512835761
165,adaptshrink,4,-0.11067205029898802,-0.4587726849776428,0.23742858437966674,-0.12040545369654372
165,adaptshrink,5,0.27795109290422665,-0.052019317852846025,0.6079215036612993,0.628686832002041
166,common_DL,1,0.41798231587939916,-0.019212521645874503,0.8551771534046728,0.14319478577631145
166,common_DL,2,-0.09664809822540599,-0.40839000387308266,0.2150938074222707,-0.10727839849135457
166,common_DL,3,0.8773543729256205,0.5314645896648575,1.2232441561863834,0.6482455439549978
166,common_DL,4,-0.19919179679205334,-0.5052723401839696,0.10688874659986297,-0.21216249158046482
166,common_DL,5,0.7939688745445092,0.4037449195623379,1.1841928295266804,0.5766905524326984
166,comp_specific,1,0.4264247320427841,0.037425929107673284,0.8154235349778949,0.14319478577631145
166,comp_specific,2,-0.06883727772364412,-0.4665967318462904,0.3289221763990022,-0.10727839849135457
166,comp_specific,3,0.8829728019612765,0.4985668332985422,1.2673787706240107,0.6482455439549978
166,comp_specific,4,-0.2298078665725547,-0.4418178113045467,-0.01779792184056267,-0.21216249158046482
166,comp_specific,5,0.8668814418473944,0.6710159782084648,1.062746905486324,0.5766905524326984
166,adaptshrink,1,0.4203703271646904,-0.001438052085972641,0.8421787064153534,0.14319478577631145
166,adaptshrink,2,-0.08043241154041803,-0.4386793682892443,0.27781454520840826,-0.10727839849135457
166,adaptshrink,3,0.8805952557522916,0.5148618580164845,1.2463286534880986,0.6482455439549978
166,adaptshrink,4,-0.21040293848127756,-0.4762514567357711,0.05544557977321596,-0.21216249158046482
166,adaptshrink,5,0.8071923496800515,0.4606907905825977,1.1536939087775053,0.5766905524326984
167,common_DL,1,-0.43424853779306893,-0.9521065536833045,0.08360947809716668,-0.2795354549176197
167,common_DL,2,0.6158317001022322,0.10422865311093932,1.127434747093525,0.8694274046645102
167,common_DL,3,-0.22747420843586658,-0.6779321222587422,0.22298370538700907,-0.22680988902756835
167,common_DL,4,0.061230053933581254,-0.2956384509980719,0.41809855886523445,0.07173150483661767
167,common_DL,5,0.5354555326144712,0.14370985001914283,0.9272012152097996,0.46509908394872296
167,comp_specific,1,-0.42310241722183806,-0.7130024511398241,-0.13320238330385203,-0.2795354549176197
167,comp_specific,2,0.5858876056309219,0.3316718613021155,0.8401033499597284,0.8694274046645102
167,comp_specific,3,-0.22049982863126882,-0.4001492333837572,-0.04085042387878049,-0.22680988902756835
167,comp_specific,4,0.0619246064392072,-0.3165341356572832,0.44038334853569766,0.07173150483661767
167,comp_specific,5,0.5444234527110831,-0.012486819758443346,1.1013337251806095,0.46509908394872296
167,adaptshrink,1,-0.4320136580485989,-0.8884482175032049,0.024420901406007,-0.2795354549176197
167,adaptshrink,2,0.6101641735844587,0.16268052886003526,1.0576478183088822,0.8694274046645102
167,adaptshrink,3,-0.22964944720384187,-0.6052553088572203,0.14595641444953658,-0.22680988902756835
167,adaptshrink,4,0.061600387070868914,-0.30622623096992746,0.42942700511166526,0.07173150483661767
167,adaptshrink,5,0.5417893949821816,0.05976247282559016,1.023816317138773,0.46509908394872296
168,common_DL,1,0.6360025791003716,0.29644968240497016,0.9755554757957731,0.4981703288459524
168,common_DL,2,-0.7309208687830507,-1.1416807937873334,-0.320160943778768,-0.9879121307833769
168,common_DL,3,-0.145699200751194,-0.42386197798112935,0.13246357647874138,-0.0009642520802468005
168,common_DL,4,-0.7299226117507015,-1.0287171984388614,-0.4311280250625415,-0.6927275558894364
168,common_DL,5,0.07033410597414308,-0.2490080385728906,0.38967625052117677,0.037485991053294795
168,comp_specific,1,0.647701674253691,0.47537149669733414,0.8200318518100478,0.4981703288459524
168,comp_specific,2,-0.7315612375706126,-1.1602984308724946,-0.3028240442687308,-0.9879121307833769
168,comp_specific,3,-0.15524660580803523,-0.47816769267636383,0.16767448106029337,-0.0009642520802468005
168,comp_specific,4,-0.7636889814541604,-1.0085710339875247,-0.5188069289207962,-0.6927275558894364
168,comp_specific,5,0.055843722378098815,-0.32521240588453854,0.43689985064073616,0.037485991053294795
168,adaptshrink,1,0.6350103526572957,0.33523372159273435,0.934786983721857,0.4981703288459524
168,adaptshrink,2,-0.7312151789060286,-1.1497839823683116,-0.31264637544374557,-0.9879121307833769
168,adaptshrink,3,-0.15125888666509957,-0.452854799008571,0.15033702567837187,-0.0009642520802468005
168,adaptshrink,4,-0.7445878052219576,-1.0186085256538706,-0.47056708479004455,-0.6927275558894364
168,adaptshrink,5,0.06209412028708455,-0.2856341136678565,0.4098223542420256,0.037485991053294795
169,common_DL,1,0.820964601093062,0.5697191124730352,1.0722100897130888,1.000742024937115
169,common_DL,2,-0.9261900045052152,-1.1594457722297173,-0.692934236780713,-0.6316804716147246
169,common_DL,3,-0.030937001241570214,-0.22200888824888088,0.16013488576574048,0.18636992588727963
169,common_DL,4,0.2486970890896648,0.05824198657728688,0.4391521916020428,0.299253623242315
169,common_DL,5,0.12807134936725234,-0.0750293972870198,0.3311720960215245,0.22705568312792285
169,comp_specific,1,0.820964601093062,0.5697191124730352,1.0722100897130888,1.000742024937115
169,comp_specific,2,-0.9261900045052152,-1.1594457722297173,-0.692934236780713,-0.6316804716147246
169,comp_specific,3,-0.030937001241570214,-0.22200888824888088,0.16013488576574048,0.18636992588727963
169,comp_specific,4,0.2486970890896648,0.05824198657728688,0.4391521916020428,0.299253623242315
169,comp_specific,5,0.12807134936725234,-0.0750293972870198,0.3311720960215245,0.22705568312792285
169,adaptshrink,1,0.820964601093062,0.5697191124730352,1.0722100897130888,1.000742024937115
169,adaptshrink,2,-0.9261900045052152,-1.1594457722297173,-0.692934236780713,-0.6316804716147246
169,adaptshrink,3,-0.030937001241570214,-0.22200888824888088,0.16013488576574048,0.18636992588727963
169,adaptshrink,4,0.2486970890896648,0.05824198657728688,0.4391521916020428,0.299253623242315
169,adaptshrink,5,0.12807134936725234,-0.0750293972870198,0.3311720960215245,0.22705568312792285
170,common_DL,1,0.6644204441031346,0.4461873169108922,0.882653571295377,0.6074360204339552
170,common_DL,2,-0.32781825166505485,-0.6574194353170186,0.0017829319869089866,0.03480055964009946
170,common_DL,3,-0.05033221755903021,-0.3272401507855822,0.22657571566752177,0.05426278681842167
170,common_DL,4,0.23016924472918765,-0.013955665860252264,0.47429415531862756,0.1716413857368062
170,common_DL,5,-0.11650258613524485,-0.45385218930594196,0.2208470170354523,-0.22487119817296292
170,comp_specific,1,0.6644204441031346,0.4461873169108922,0.882653571295377,0.6074360204339552
170,comp_specific,2,-0.32781825166505485,-0.6574194353170186,0.0017829319869089866,0.03480055964009946
170,comp_specific,3,-0.05033221755903021,-0.3272401507855822,0.22657571566752177,0.05426278681842167
170,comp_specific,4,0.23016924472918765,-0.013955665860252264,0.47429415531862756,0.1716413857368062
170,comp_specific,5,-0.11650258613524485,-0.45385218930594196,0.2208470170354523,-0.22487119817296292
170,adaptshrink,1,0.6644204441031346,0.4461873169108922,0.882653571295377,0.6074360204339552
170,adaptshrink,2,-0.32781825166505485,-0.6574194353170186,0.0017829319869089866,0.03480055964009946
170,adaptshrink,3,-0.05033221755903021,-0.3272401507855822,0.22657571566752177,0.05426278681842167
170,adaptshrink,4,0.23016924472918765,-0.013955665860252264,0.47429415531862756,0.1716413857368062
170,adaptshrink,5,-0.11650258613524485,-0.45385218930594196,0.2208470170354523,-0.22487119817296292
171,common_DL,1,-0.2192926248124316,-0.5834118953054264,0.1448266456805632,0.02635601142514496
171,common_DL,2,0.5668598274148384,0.2192964737777809,0.9144231810518959,0.5995488162124195
171,common_DL,3,-0.5057270141189767,-0.8182158062483803,-0.19323822198957308,-0.3336601305271296
171,common_DL,4,0.425912760953231,0.1513756206362456,0.7004499012702163,0.41746637147545557
171,common_DL,5,0.3299771653848958,0.017172293551935724,0.6427820372178559,0.3770877991925465
171,comp_specific,1,-0.2228938552215286,-0.9192989350988869,0.47351122465582973,0.02635601142514496
171,comp_specific,2,0.5795933252428901,0.2734646378115325,0.8857220126742477,0.5995488162124195
171,comp_specific,3,-0.49278912996474455,-0.7129973927559874,-0.27258086717350166,-0.3336601305271296
171,comp_specific,4,0.4249159728716193,0.13780818421677954,0.7120237615264591,0.41746637147545557
171,comp_specific,5,0.30532807413412283,0.14332396692565644,0.46733218134258925,0.3770877991925465
171,adaptshrink,1,-0.22698600110234327,-0.7318767207760911,0.27790471857140464,0.02635601142514496
171,adaptshrink,2,0.5723112926195959,0.24442289881967322,0.9001996864195185,0.5995488162124195
171,adaptshrink,3,-0.5024957366300534,-0.7802745760214881,-0.22471689723861876,-0.3336601305271296
171,adaptshrink,4,0.4253987986242306,0.1444915962396064,0.7063060010088548,0.41746637147545557
171,adaptshrink,5,0.3271611757693227,0.052228606929065946,0.6020937446095794,0.3770877991925465
172,common_DL,1,0.18071143331352868,-0.342792314527805,0.7042151811548624,0.12656631539189023
172,common_DL,2,-0.44761007603717484,-0.8697173324451635,-0.025502819629186158,-0.5886781928261777
172,common_DL,3,0.22878870699937442,-0.05866829301817966,0.5162457070169285,0.13243028399817106
172,common_DL,4,-0.3433670070654982,-0.7012258542710221,0.014491840140025636,-0.5030312046282165
172,common_DL,5,-0.1949873425520706,-0.5768871502302726,0.18691246512613138,-0.1711366089259745
172,comp_specific,1,0.19659145098262593,-0.2394909269779787,0.6326738289432305,0.12656631539189023
172,comp_specific,2,-0.4727114493340921,-0.7703272728831316,-0.17509562578505256,-0.5886781928261777
172,comp_specific,3,0.21619740847871782,-0.12828585004372417,0.5606806670011598,0.13243028399817106
172,comp_specific,4,-0.3437191366922655,-0.700767127912747,0.013328854528216028,-0.5030312046282165
172,comp_specific,5,-0.2215438068388231,-0.49747191296462934,0.054384299286983157,-0.1711366089259745
172,adaptshrink,1,0.18485115623134685,-0.3115876549628147,0.6812899674255084,0.12656631539189023
172,adaptshrink,2,-0.45364658284663445,-0.8398546101620062,-0.06743855553126266,-0.5886781928261777
172,adaptshrink,3,0.2228202202133322,-0.09055609523436697,0.5361965356610314,0.13243028399817106
172,adaptshrink,4,-0.34351748383521874,-0.7010291347548526,0.013994167084415143,-0.5030312046282165
172,adaptshrink,5,-0.20122296583766752,-0.5437692654924623,0.14132333381712725,-0.1711366089259745
173,common_DL,1,-0.5776872882218751,-0.8428845367472714,-0.3124900396964788,-0.397725249713622
173,common_DL,2,-0.4540580762123094,-0.7413521878273527,-0.16676396459726617,-0.49878666090372875
173,common_DL,3,0.04321641564331602,-0.22557749542326766,0.3120103267098997,-0.07648015221359074
173,common_DL,4,0.4863829172892158,0.21195681978804176,0.7608090147903899,0.3025743757847332
173,common_DL,5,0.25637111982176664,-0.039545973359306485,0.5522882130028397,0.17836660435656396
173,comp_specific,1,-0.5761858226484111,-0.8446475315398791,-0.30772411375694303,-0.397725249713622
173,comp_specific,2,-0.47707276093760786,-0.7065778831298013,-0.2475676387454145,-0.49878666090372875
173,comp_specific,3,0.04209248436217633,-0.2298488436368908,0.31403381236124345,-0.07648015221359074
173,comp_specific,4,0.5216238053261865,0.13653072293385826,0.9067168877185147,0.3025743757847332
173,comp_specific,5,0.26200115132311397,0.08215448300385705,0.44184781964237085,0.17836660435656396
173,adaptshrink,1,-0.5769294712556841,-0.8437652849414667,-0.31009365756990137,-0.397725249713622
173,adaptshrink,2,-0.4601352961145611,-0.7300066751022598,-0.19026391712686241,-0.49878666090372875
173,adaptshrink,3,0.04264779543163667,-0.2277283033301442,0.31302389419341753,-0.07648015221359074
173,adaptshrink,4,0.5028786657223427,0.186673602892602,0.8190837285520836,0.3025743757847332
173,adaptshrink,5,0.25625265535563185,-0.008942286058243265,0.5214475967695069,0.17836660435656396
174,common_DL,1,0.38471293283231167,0.015823547173589858,0.7536023184910334,0.48241249490283444
174,common_DL,2,0.14390907779529283,-0.2145817357571418,0.5023998913477274,0.11516469997775218
174,common_DL,3,0.8915673556821002,0.5908209515800662,1.1923137597841342,0.6944787062231643
174,common_DL,4,0.1518538202893182,-0.2797206374981175,0.5834282780767539,0.23835964400846957
174,common_DL,5,0.32611384555712697,-0.030184421580713106,0.682412112694967,0.2188308658767006
174,comp_specific,1,0.3931603882996066,-0.0008835366372491604,0.7872043132364623,0.48241249490283444
174,comp_specific,2,0.1117100954081034,-0.38183924119455687,0.6052594320107636,0.11516469997775218
174,comp_specific,3,0.8915447771401597,0.5905842901188929,1.1925052641614264,0.6944787062231643
174,comp_specific,4,0.14888342789673348,-0.15544062667358988,0.45320748246705683,0.23835964400846957
174,comp_specific,5,0.31562944518235236,0.10623076738124854,0.5250281229834561,0.2188308658767006
174,adaptshrink,1,0.3886065627371812,0.0086932251124619,0.7685199003619005,0.48241249490283444
174,adaptshrink,2,0.12689661951337391,-0.2967925543550227,0.5505857933817706,0.11516469997775218
174,adaptshrink,3,0.8915560609392807,0.5907025905032649,1.1924095313752967,0.6944787062231643
174,adaptshrink,4,0.15129312712449983,-0.24258627870691324,0.545172532955913,0.23835964400846957
174,adaptshrink,5,0.325442983994757,0.01947423943962917,0.6314117285498848,0.2188308658767006
175,common_DL,1,-0.2385022489274401,-0.4986140375251746,0.021609539670294386,-0.38781128863805836
175,common_DL,2,0.7738841269585635,0.53156165930597,1.016206594611157,0.9392398931771024
175,common_DL,3,0.39820081372036653,0.1165062353531271,0.679895392087606,0.46241985417445064
175,common_DL,4,0.05715602432941376,-0.23036692051933488,0.3446789691781624,-0.04049065825027863
175,common_DL,5,-0.4036913168866274,-0.6479642725461942,-0.15941836122706066,-0.3012614966851476
175,comp_specific,1,-0.24652743800835927,-0.5449048645468622,0.05184998853014358,-0.38781128863805836
175,comp_specific,2,0.7857265000098353,0.5073334858957038,1.0641195141239668,0.9392398931771024
175,comp_specific,3,0.3725906244481545,0.036432679945138324,0.7087485689511707,0.46241985417445064
175,comp_specific,4,0.0401401398354395,-0.17340991374672238,0.2536901934176014,-0.04049065825027863
175,comp_specific,5,-0.3890018985799739,-0.5363757183627563,-0.24162807879719148,-0.3012614966851476
175,adaptshrink,1,-0.24248721298302417,-0.5198970723938514,0.03492264642780307,-0.38781128863805836
175,adaptshrink,2,0.7801962901867278,0.5191178550303633,1.0412747253430923,0.9392398931771024
175,adaptshrink,3,0.3859811778671059,0.07895381168342025,0.6930085440507916,0.46241985417445064
175,adaptshrink,4,0.05288729889901196,-0.21285855331457182,0.3186331511125957,-0.04049065825027863
175,adaptshrink,5,-0.4008449228968033,-0.6063548849229943,-0.1953349608706123,-0.3012614966851476
176,common_DL,1,0.685023551139641,0.32536238371817405,1.044684718561108,0.45037575547345704
176,common_DL,2,-0.16826477992776323,-0.4446966590294706,0.10816709917394413,-0.26869011470172044
176,common_DL,3,-0.2768974991630466,-0.6521283219328393,0.09833332360674601,-0.11401381902836452
176,common_DL,4,-0.9493126044574406,-1.3619626140529582,-0.536662594861923,-0.8489661989784972
176,common_DL,5,0.15706069319732135,-0.17802055355395568,0.4921419399485984,0.3343609472465921
176,comp_specific,1,0.684147734883568,0.3308663991196586,1.0374290706474774,0.45037575547345704
176,comp_specific,2,-0.1278393027008582,-0.3014150119363339,0.04573640653461755,-0.26869011470172044
176,comp_specific,3,-0.3925546332913064,-0.9924384830863677,0.20732921650375497,-0.11401381902836452
176,comp_specific,4,-0.9295501997605936,-1.2507001637015143,-0.608400235819673,-0.8489661989784972
176,comp_specific,5,0.15545865405285647,-0.17232928234159356,0.4832465904473065,0.3343609472465921
176,adaptshrink,1,0.6847400771943213,0.32719007121950333,1.0422900831691393,0.45037575547345704
176,adaptshrink,2,-0.15478118473149177,-0.38857142483112306,0.07900905536813949,-0.26869011470172044
176,adaptshrink,3,-0.35595900232125166,-0.8442027561999857,0.13228475155748243,-0.11401381902836452
176,adaptshrink,4,-0.9442235566000937,-1.3292542162825849,-0.5591928969176025,-0.8489661989784972
176,adaptshrink,5,0.15654466036680967,-0.17612819262900406,0.4892175133626234,0.3343609472465921
177,common_DL,1,0.36872023537854326,0.15713748449789355,0.580302986259193,0.37271175945079793
177,common_DL,2,-0.728160037392472,-1.0617548361273546,-0.39456523865758947,-0.43963224214356444
177,common_DL,3,0.2763179866901433,-0.024102769032011584,0.5767387424122982,0.31920394501579413
177,common_DL,4,-0.5209660109817547,-0.7556242004570495,-0.28630782150645984,-0.8017745025717772
177,common_DL,5,-0.2914410310445306,-0.5817909081750517,-0.0010911539140094906,-0.4259910280787971
177,comp_specific,1,0.3692087475513366,0.11399001837104672,0.6244274767316265,0.37271175945079793
177,comp_specific,2,-0.7220868761060343,-1.1164499070910234,-0.327723845121045,-0.43963224214356444
177,comp_specific,3,0.24187444976887748,0.017006460440264742,0.46674243909749025,0.31920394501579413
177,comp_specific,4,-0.5266695088773424,-0.7372660718142217,-0.31607294594046315,-0.8017745025717772
177,comp_specific,5,-0.31733857175888314,-0.5041167511543986,-0.1305603923633677,-0.4259910280787971
177,adaptshrink,1,0.3690261709549024,0.13459889581395543,0.6034534460958494,0.37271175945079793
177,adaptshrink,2,-0.7243108278681996,-1.0897287680437757,-0.3588928876926235,-0.43963224214356444
177,adaptshrink,3,0.26521432521358346,-0.0019073396746485671,0.5323359901018154,0.31920394501579413
177,adaptshrink,4,-0.5235749525327045,-0.7465875506446656,-0.3005623544207433,-0.8017745025717772
177,adaptshrink,5,-0.29768155078594294,-0.55139152859461,-0.04397157297727583,-0.4259910280787971
178,common_DL,1,0.046323445600359114,-0.3629295097570403,0.45557640095775853,-0.1421540661697562
178,common_DL,2,0.6836856833025159,0.3272076105641731,1.0401637560408588,0.8374860379041325
178,common_DL,3,-0.8110141044997634,-1.0868078726163692,-0.5352203363831576,-0.8319914662763432
178,common_DL,4,-1.5603755751928516,-1.8113103286467194,-1.309440821738984,-1.3021532838315462
178,common_DL,5,0.3090577077264306,0.032216488350466144,0.5858989271023951,0.2305899628812069
178,comp_specific,1,0.043526806782980265,-0.3416666344674572,0.42872024803341774,-0.1421540661697562
178,comp_specific,2,0.6648960323367938,0.35996002856719106,0.9698320361063966,0.8374860379041325
178,comp_specific,3,-0.8324772049852911,-1.0325622624905122,-0.6323921474800699,-0.8319914662763432
178,comp_specific,4,-1.481090044641489,-1.9226708934980794,-1.0395091957848985,-1.3021532838315462
178,comp_specific,5,0.33331907621328244,0.1412924044909348,0.52534574793563,0.2305899628812069
178,adaptshrink,1,0.04520277805333328,-0.35393360517789263,0.4443391612845592,-0.1421540661697562
178,adaptshrink,2,0.678287000841324,0.3374369292803388,1.0191370724023092,0.8374860379041325
178,adaptshrink,3,-0.8160053725533376,-1.0710474548512792,-0.560963290255396,-0.8319914662763432
178,adaptshrink,4,-1.5029979792655042,-1.8549467861557267,-1.1510491723752816,-1.3021532838315462
178,adaptshrink,5,0.3176247032672544,0.06990490997107948,0.5653444965634293,0.2305899628812069
179,common_DL,1,-1.0371775226756235,-1.3186641865335018,-0.7556908588177451,-0.8401133202864346
179,common_DL,2,-0.4473950913209754,-0.6386542097006747,-0.25613597294127616,-0.5097021640772805
179,common_DL,3,-0.26189741984925097,-0.5015584094022524,-0.022236430296249582,-0.47950239867220235
179,common_DL,4,-0.508650296167986,-0.8211085809382671,-0.1961920113977048,-0.6656232533377405
179,common_DL,5,-0.11832975557824194,-0.5375970098670857,0.3009374987106018,-0.07623009978124755
179,comp_specific,1,-1.0371775226756232,-1.3186641865335016,-0.7556908588177448,-0.8401133202864346
179,comp_specific,2,-0.44739509132097516,-0.6386542097006742,-0.25613597294127605,-0.5097021640772805
179,comp_specific,3,-0.25914129348914855,-0.5701850855146546,0.05190249853635748,-0.47950239867220235
179,comp_specific,4,-0.5086502961679857,-0.821108580938267,-0.19619201139770454,-0.6656232533377405
179,comp_specific,5,-0.1183297555782416,-0.5375970098670855,0.3009374987106022,-0.07623009978124755
179,adaptshrink,1,-1.037177522675623,-1.3186641865335014,-0.7556908588177447,-0.8401133202864346
179,adaptshrink,2,-0.4473950913209751,-0.6386542097006742,-0.256135972941276,-0.5097021640772805
179,adaptshrink,3,-0.26008346989151016,-0.5384206721524776,0.01825373236945732,-0.47950239867220235
179,adaptshrink,4,-0.5086502961679855,-0.8211085809382668,-0.1961920113977043,-0.6656232533377405
179,adaptshrink,5,-0.11832975557824132,-0.5375970098670851,0.3009374987106025,-0.07623009978124755
180,common_DL,1,-0.28600250586066495,-0.6808864587596448,0.10888144703831498,-0.33305019592715934
180,common_DL,2,-0.9187854184402633,-1.326770390802621,-0.5108004460779056,-0.9069474484648142
180,common_DL,3,-0.6524234937125128,-1.1503495282026637,-0.15449745922236208,-0.6608269672261214
180,common_DL,4,-0.43984975948343824,-0.8509956670764189,-0.0287038518904576,-0.8039415597159174
180,common_DL,5,0.5750227291303049,0.1452127464024212,1.0048327118581888,0.5375447465376304
180,comp_specific,1,-0.2802146514805112,-0.5797409220094679,0.019311619048445472,-0.33305019592715934
180,comp_specific,2,-0.919167060178381,-1.334544201080927,-0.503789919275835,-0.9069474484648142
180,comp_specific,3,-0.6708333965866755,-1.0997614435983043,-0.24190534957504684,-0.6608269672261214
180,comp_specific,4,-0.40277591473464863,-0.9222259722892041,0.11667414281990679,-0.8039415597159174
180,comp_specific,5,0.5774963631866707,0.13418701631431257,1.0208057100590289,0.5375447465376304
180,adaptshrink,1,-0.28485921728235647,-0.6425739584127117,0.07285552384799882,-0.33305019592715934
180,adaptshrink,2,-0.9189807641812371,-1.3306796407688233,-0.5072818875936508,-0.9069474484648142
180,adaptshrink,3,-0.6576068381259876,-1.133857855034253,-0.18135582121772226,-0.6608269672261214
180,adaptshrink,4,-0.41599836816327695,-0.885182259631232,0.05318552330467807,-0.8039415597159174
180,adaptshrink,5,0.5761190651353567,0.14046850383243276,1.0117696264382807,0.5375447465376304
181,common_DL,1,-0.586760580254333,-0.9217544680217418,-0.2517666924869241,-0.4760850532918028
181,common_DL,2,-0.4047231612911944,-0.6587188894181286,-0.15072743316426013,-0.4274991806797582
181,common_DL,3,0.599921365521012,0.4266398564195021,0.773202874622522,0.5501678708361658
181,common_DL,4,-0.3800913060646403,-0.6397967754861356,-0.120385836643145,0.0377383581235642
181,common_DL,5,-0.8334116015762644,-1.03783604768429,-0.6289871554682388,-0.6633116182910951
181,comp_specific,1,-0.5877203484804759,-0.9091414728725173,-0.26629922408843454,-0.4760850532918028
181,comp_specific,2,-0.4015204616770752,-0.6333823226280609,-0.16965860072608951,-0.4274991806797582
181,comp_specific,3,0.613061710896506,0.3787175933748088,0.8474058284182031,0.5501678708361658
181,comp_specific,4,-0.38104197316093313,-0.6140221991954397,-0.14806174712642658,0.0377383581235642
181,comp_specific,5,-0.884638883881633,-1.1606627200321724,-0.6086150477310937,-0.6633116182910951
181,adaptshrink,1,-0.5871520325520039,-0.9164195472674546,-0.2578845178365532,-0.4760850532918028
181,adaptshrink,2,-0.4033839341550953,-0.6483220500899897,-0.15844581822020096,-0.4274991806797582
181,adaptshrink,3,0.6080891482080213,0.4015565971346656,0.814621699281377,0.5501678708361658
181,adaptshrink,4,-0.38050588354868153,-0.6295208922865899,-0.13149087481077315,0.0377383581235642
181,adaptshrink,5,-0.8663216982467339,-1.1120393052919186,-0.6206040912015491,-0.6633116182910951
182,common_DL,1,0.12478853404344802,-0.12366399986335684,0.37324106795025286,-0.04707208268738324
182,common_DL,2,-0.3771686147879584,-0.6501963546960678,-0.10414087487984891,-0.3346437723910358
182,common_DL,3,0.26950939027262655,0.024973122937052644,0.5140456576082004,0.38297381262734315
182,common_DL,4,0.4387401246820521,0.14997278792970153,0.7275074614344026,0.27101565658128185
182,common_DL,5,0.0996731857440563,-0.17572677648394924,0.37507314797206187,0.2691233923737743
182,comp_specific,1,0.09231381418655499,-0.10222744272099574,0.2868550710941057,-0.04707208268738324
182,comp_specific,2,-0.346738080459805,-0.5728482140689461,-0.12062794685066386,-0.3346437723910358
182,comp_specific,3,0.2756478845012787,0.0876861832026194,0.463609585799938,0.38297381262734315
182,comp_specific,4,0.29083450021912716,-0.22892046803126953,0.8105894684695238,0.27101565658128185
182,comp_specific,5,0.09971824047845218,-0.17610099005067864,0.375537471007583,0.2691233923737743
182,adaptshrink,1,0.11448388372450621,-0.11368599043242503,0.3426537578814375,-0.04707208268738324
182,adaptshrink,2,-0.3639944703198397,-0.6157654570758622,-0.11222348356381723,-0.3346437723910358
182,adaptshrink,3,0.2713749252377432,0.05075470997040432,0.4919951405050821,0.38297381262734315
182,adaptshrink,4,0.3320339807642372,-0.08122180266098444,0.7452897641894588,0.27101565658128185
182,adaptshrink,5,0.09969253629165815,-0.17588719989328433,0.3752722724766006,0.2691233923737743
183,common_DL,1,-0.25985074312367196,-0.5759079981036865,0.05620651185634268,-0.28609877775662634
183,common_DL,2,0.7932138516410189,0.4615045147171399,1.1249231885648978,0.6044748165810009
183,common_DL,3,0.14975392148862238,-0.3444294686276065,0.6439373116048512,0.04198995935027217
183,common_DL,4,0.8210381783479452,0.5320196730567244,1.110056683639166,0.6418010194701711
183,common_DL,5,0.19143398757530122,-0.16850688411720333,0.5513748592678058,0.31675810568028023
183,comp_specific,1,-0.30933607162628807,-0.48694295789065883,-0.1317291853619173,-0.28609877775662634
183,comp_specific,2,0.7883255359983268,0.4816195457095322,1.0950315262871213,0.6044748165810009
183,comp_specific,3,0.1350942803889727,-0.2705855032787747,0.54077406405672,0.04198995935027217
183,comp_specific,4,0.8367334981177708,0.4002576791815776,1.273209317053964,0.6418010194701711
183,comp_specific,5,0.16150448566753178,-0.0771863330919556,0.40019530442701917,0.31675810568028023
183,adaptshrink,1,-0.2740664524708652,-0.539735898750864,-0.008397006190866307,-0.28609877775662634
183,adaptshrink,2,0.7910962869964127,0.47145384159742615,1.1107387323953992,0.6044748165810009
183,adaptshrink,3,0.14606706752528714,-0.32110382462752374,0.613237959678098,0.04198995935027217
183,adaptshrink,4,0.8310574724659185,0.4591678306994339,1.202947114232403,0.6418010194701711
183,adaptshrink,5,0.1835900270770824,-0.1350497534456944,0.5022298075998592,0.31675810568028023
184,common_DL,1,-0.6313213296231837,-0.9009785586256891,-0.3616641006206782,-0.38976526267981276
184,common_DL,2,0.7147367454200655,0.411153222559226,1.018320268280905,0.6920470789080365
184,common_DL,3,0.8780462872594488,0.602502500442655,1.1535900740762426,0.7960176290478854
184,common_DL,4,-0.020815864909396298,-0.24668875316969502,0.20505702335090242,0.0732501238740105
184,common_DL,5,0.2214972873178524,0.004442662712769135,0.43855191192293563,0.14026183377210721
184,comp_specific,1,-0.6342329628530218,-0.8964302483188078,-0.37203567738723575,-0.38976526267981276
184,comp_specific,2,0.7147333641400195,0.41390622050423204,1.015560507775807,0.6920470789080365
184,comp_specific,3,0.8738702685490292,0.6042746631648935,1.143465873933165,0.7960176290478854
184,comp_specific,4,-0.020771736467481178,-0.24082595703716234,0.19928248410219998,0.0732501238740105
184,comp_specific,5,0.22152954798063387,-0.2427035238571789,0.6857626198184467,0.14026183377210721
184,adaptshrink,1,-0.6325475823250559,-0.8990624852039145,-0.36603267944619733,-0.38976526267981276
184,adaptshrink,2,0.7147355944058149,0.4125264783758454,1.0169447104357845,0.6920470789080365
184,adaptshrink,3,0.8762936020234745,0.6032641676296162,1.1493230364173328,0.7960176290478854
184,adaptshrink,4,-0.02079797331150915,-0.2442131417342603,0.202617195111242,0.0732501238740105
184,adaptshrink,5,0.21872177479006238,-0.10703999401127234,0.5444835435913971,0.14026183377210721
185,common_DL,1,0.6259465282133594,0.38821604008445415,0.8636770163422647,0.4461349550270579
185,common_DL,2,0.6678848768740046,0.3217984023492223,1.0139713513987867,0.5140267970019871
185,common_DL,3,-0.04114343616439234,-0.33402313574087494,0.2517362634120902,0.02488743841643732
185,common_DL,4,-0.057517280245413055,-0.3059964074913716,0.1909618470005455,0.0006715146098697765
185,common_DL,5,0.22004916609751654,-0.08891698617818902,0.5290153183732221,0.14321941607181085
185,comp_specific,1,0.628261180121255,0.47251498903444444,0.7840073712080655,0.4461349550270579
185,comp_specific,2,0.6957923210937602,0.280655695316975,1.1109289468705454,0.5140267970019871
185,comp_specific,3,-0.05619827419165685,-0.3001035606645639,0.18770701228125022,0.02488743841643732
185,comp_specific,4,-0.07046307011419595,-0.21995774995142175,0.07903160972302986,0.0006715146098697765
185,comp_specific,5,0.13793685494900657,-0.403362315314714,0.6792360252127271,0.14321941607181085
185,adaptshrink,1,0.6261778885735443,0.417285176330103,0.8350706008169856,0.4461349550270579
185,adaptshrink,2,0.6786008375274359,0.30757192430098357,1.0496297507538883,0.5140267970019871
185,adaptshrink,3,-0.04743270923944887,-0.3175632048271873,0.22269778634828957,0.02488743841643732
185,adaptshrink,4,-0.05993834082022742,-0.2809424119657783,0.16106573032532345,0.0006715146098697765
185,adaptshrink,5,0.16732543122286733,-0.2618014194008029,0.5964522818465375,0.14321941607181085
186,common_DL,1,-0.2382048450934228,-0.5548886334038939,0.07847894321704832,-0.15331941162267376
186,common_DL,2,0.341700153943466,0.03290423040608337,0.6504960774808486,0.4870477368081019
186,common_DL,3,-0.41587486773748217,-0.6305025309647092,-0.20124720451025516,-0.4090368190790901
186,common_DL,4,0.2575501966041126,-0.03204476915223742,0.5471451623604626,0.28250461175127367
186,common_DL,5,0.23812821618351893,-0.04602870730804126,0.5222851396750792,0.33586797546570774
186,comp_specific,1,-0.23797781903248158,-0.534891772859461,0.05893613479449786,-0.15331941162267376
186,comp_specific,2,0.3415834972601043,-0.036368590563056136,0.7195355850832648,0.4870477368081019
186,comp_specific,3,-0.4399193910065292,-0.6190439721146571,-0.2607948098984013,-0.4090368190790901
186,comp_specific,4,0.32649360703383423,-0.21790424478260773,0.8708914588502762,0.28250461175127367
186,comp_specific,5,0.23748574235464665,-0.015250846177606248,0.49022233088689954,0.33586797546570774
186,adaptshrink,1,-0.23811617346139136,-0.5464930746685064,0.07026072774572362,-0.15331941162267376
186,adaptshrink,2,0.3412908631090117,0.0007692795599219537,0.6818124466581015,0.4870477368081019
186,adaptshrink,3,-0.42536535194193503,-0.6239107689115051,-0.22681993497236497,-0.4090368190790901
186,adaptshrink,4,0.30410521136036833,-0.09477046964806457,0.7029808923688012,0.28250461175127367
186,adaptshrink,5,0.2379570247973142,-0.03619253531012792,0.5121065849047564,0.33586797546570774
187,common_DL,1,-0.644229078374397,-1.0253968850127009,-0.26306127173609317,-0.5652821831535624
187,common_DL,2,-0.6457018153309636,-0.939571340312525,-0.3518322903494023,-0.657904161846023
187,common_DL,3,0.1513620518000396,-0.15701075976022733,0.4597348633603065,-0.010902988974586908
187,common_DL,4,0.8682802768584665,0.43332146003451116,1.3032390936824219,0.9477953311503557
187,common_DL,5,-0.12405524652128212,-0.45914463500093844,0.21103414195837417,-0.18964160161057678
187,comp_specific,1,-0.6408015190171605,-0.9494788422100916,-0.3321241958242295,-0.5652821831535624
187,comp_specific,2,-0.6567231272567448,-1.0707980693142019,-0.24264818519928777,-0.657904161846023
187,comp_specific,3,0.15933479625842217,-0.1721584901316348,0.49082808264847916,-0.010902988974586908
187,comp_specific,4,0.8676386127889089,0.43090968521407946,1.3043675403637383,0.9477953311503557
187,comp_specific,5,-0.12639707049362287,-0.39224429076685613,0.1394501497796104,-0.18964160161057678
187,adaptshrink,1,-0.6430562446684615,-0.9951107512320294,-0.29100173810489355,-0.5652821831535624
187,adaptshrink,2,-0.653871056260549,-1.013707852674082,-0.294034259847016,-0.657904161846023
187,adaptshrink,3,0.15560529750987406,-0.16457669091411742,0.47578728593386554,-0.010902988974586908
187,adaptshrink,4,0.8680654618494413,0.4325154780813145,1.3036154456175681,0.9477953311503557
187,adaptshrink,5,-0.12529691409135074,-0.42818030406829416,0.17758647588559268,-0.18964160161057678
188,common_DL,1,-0.24357690055027098,-0.7554782520470176,0.26832445094647567,-0.2647976146806684
188,common_DL,2,0.2426740216574816,-0.1217952375343519,0.6071432808493151,0.3689165987585885
188,common_DL,3,0.404915003600882,0.01568797626934665,0.7941420309324174,0.17876930698324633
188,common_DL,4,-0.5529909754545588,-0.8963362913708841,-0.2096456595382335,-0.6061560365259963
188,common_DL,5,-0.8343494854245772,-1.2312293889643127,-0.43746958188484164,-0.6433965595850967
188,comp_specific,1,-0.25117186464316166,-0.6636022697303273,0.161258540444004,-0.2647976146806684
188,comp_specific,2,0.2712269591637868,0.035783373495913984,0.5066705448316596,0.3689165987585885
188,comp_specific,3,0.4068039965768141,-0.07328524229627814,0.8868932354499064,0.17876930698324633
188,comp_specific,4,-0.5189720224644683,-0.9858487775765503,-0.05209526735238623,-0.6061560365259963
188,comp_specific,5,-0.8172883789828649,-1.0643722806037217,-0.570204477362008,-0.6433965595850967
188,adaptshrink,1,-0.24547087019033995,-0.7266014665970072,0.23565972621632733,-0.2647976146806684
188,adaptshrink,2,0.2493567620236993,-0.06835781445884961,0.5670713385062482,0.3689165987585885
188,adaptshrink,3,0.4055825531293058,-0.03190874835225532,0.8430738546108669,0.17876930698324633
188,adaptshrink,4,-0.5285686183542234,-0.9401216719726173,-0.11701556473582947,-0.6061560365259963
188,adaptshrink,5,-0.8322071933696914,-1.1879579144935302,-0.4764564722458526,-0.6433965595850967
189,common_DL,1,0.3849740206173392,-0.03165569997665252,0.8016037412113309,0.2433482038737873
189,common_DL,2,-0.889622693507665,-1.2112455800945876,-0.5679998069207424,-0.7300632130749862
189,common_DL,3,-0.2580926547737261,-0.5718011364296324,0.05561582688218014,-0.07342028381567511
189,common_DL,4,-0.4085826205789491,-0.7420068497396676,-0.07515839141823066,-0.5488706511708504
189,common_DL,5,-0.3043383731052851,-0.7890671601915067,0.18039041398093653,-0.21616641669458864
189,comp_specific,1,0.3962111274066396,0.0720241269699019,0.7203981278433773,0.2433482038737873
189,comp_specific,2,-0.87581056260797,-1.0594433025059027,-0.6921778227100372,-0.7300632130749862
189,comp_specific,3,-0.2666357507765417,-0.6701340965485852,0.1368625949955018,-0.07342028381567511
189,comp_specific,4,-0.4078440015170908,-0.7636687812998775,-0.05201922173430418,-0.5488706511708504
189,comp_specific,5,-0.31324854915545297,-0.928308838103429,0.30181173979252307,-0.21616641669458864
189,adaptshrink,1,0.38852507806265635,0.008482437577388924,0.7685677185479238,0.2433482038737873
189,adaptshrink,2,-0.8891990753310832,-1.1588361916951924,-0.6195619589669741,-0.7300632130749862
189,adaptshrink,3,-0.2638289808440349,-0.6256931580461838,0.09803519635811397,-0.07342028381567511
189,adaptshrink,4,-0.40812536466036664,-0.752996720010189,-0.0632540093105442,-0.5488706511708504
189,adaptshrink,5,-0.30860682437031206,-0.8407458838763244,0.2235322351357003,-0.21616641669458864
190,common_DL,1,-0.3762916674695451,-0.8785447823385802,0.12596144739949,-0.1586603208264286
190,common_DL,2,0.07311825976328726,-0.44592751815218357,0.592164037678758,0.2243008247593472
190,common_DL,3,0.32220506531698545,-0.33965668577195807,0.984066816405929,0.45330357332773347
190,common_DL,4,-0.6043614120922267,-1.1491202185110665,-0.059602605673387044,-0.6710221224015795
190,common_DL,5,0.2390814850308989,-0.37463630943282766,0.8527992794946254,-0.015190466792881665
190,comp_specific,1,-0.38531472569382264,-0.8198094409822471,0.04917998959460179,-0.1586603208264286
190,comp_specific,2,0.12230361319049357,-0.2617176319319445,0.5063248583129316,0.2243008247593472
190,comp_specific,3,0.3618406074209942,-0.7041277007055132,1.4278089155475016,0.45330357332773347
190,comp_specific,4,-0.6053391846877737,-1.197701306494836,-0.012977062880711432,-0.6710221224015795
190,comp_specific,5,0.23784022930484924,-0.2861335298147163,0.7618139884244148,-0.015190466792881665
190,adaptshrink,1,-0.37938485734739513,-0.8539909163777273,0.09522120168293707,-0.1586603208264286
190,adaptshrink,2,0.08824404886785836,-0.37945220211443303,0.5559402998501497,0.2243008247593472
190,adaptshrink,3,0.34448513097886063,-0.4749400255724325,1.1639102875301537,0.45330357332773347
190,adaptshrink,4,-0.6047322662700837,-1.1658287960535223,-0.043635736486645094,-0.6710221224015795
190,adaptshrink,5,0.23888005563826842,-0.34660492341728066,0.8243650346938175,-0.015190466792881665
191,common_DL,1,-0.5552013104619494,-0.8509677595599597,-0.2594348613639391,-0.42432543276413537
191,common_DL,2,-0.3926960605356927,-0.6695939599695346,-0.11579816110185087,-0.32437595389825075
191,common_DL,3,0.13530220749352495,-0.04668613897065191,0.3172905539577018,0.24243111814465756
191,common_DL,4,-0.4243820367330427,-0.7169934461027152,-0.13177062736337025,-0.3576031761634107
191,common_DL,5,0.1781418056069169,-0.08340520610325092,0.4396888173170847,0.2517669260263806
191,comp_specific,1,-0.5531701687766957,-0.8201663616906847,-0.28617397586270665,-0.42432543276413537
191,comp_specific,2,-0.3875390238478972,-0.7031385469491429,-0.07193950074665151,-0.32437595389825075
191,comp_specific,3,0.12786640769026572,-0.008879668359069254,0.26461248373960067,0.24243111814465756
191,comp_specific,4,-0.43978341720042047,-0.7836751659165958,-0.09589166848424513,-0.3576031761634107
191,comp_specific,5,0.22845691212882932,-0.1364607454305067,0.5933745696881654,0.2517669260263806
191,adaptshrink,1,-0.5545251033897152,-0.8385911976749791,-0.27045900910445125,-0.42432543276413537
191,adaptshrink,2,-0.3910335021751802,-0.6817428032592496,-0.10032420109111068,-0.32437595389825075
191,adaptshrink,3,0.1321031621153757,-0.029280361425155138,0.2934866856559065,0.24243111814465756
191,adaptshrink,4,-0.4321532132077089,-0.7482597520627781,-0.11604667435263971,-0.3576031761634107
191,adaptshrink,5,0.21073631326174802,-0.107657524441369,0.529130150964865,0.2517669260263806
192,common_DL,1,0.34087909889533574,0.024057061520942224,0.6577011362697293,0.37367586690763255
192,common_DL,2,-1.4564920192958404,-1.9253129653965368,-0.9876710731951439,-1.247765113259924
192,common_DL,3,-0.44573349383721655,-0.9300963002487785,0.038629312574345376,-0.2906703977370171
192,common_DL,4,1.103580147075084,0.746499367291632,1.4606609268585358,0.8138567791606988
192,common_DL,5,0.3136403781288509,-0.09070053724183463,0.7179812934995364,0.03348301834553009
192,comp_specific,1,0.3384571100090797,0.09897157955226796,0.5779426404658914,0.37367586690763255
192,comp_specific,2,-1.4546134516728735,-1.8271672824043312,-1.0820596209414157,-1.247765113259924
192,comp_specific,3,-0.45329265468209456,-1.2719625113907416,0.36537720202655255,-0.2906703977370171
192,comp_specific,4,1.1099706068233661,0.6771925141253904,1.5427486995213417,0.8138567791606988
192,comp_specific,5,0.2876716071227406,0.008784500283207375,0.5665587139622739,0.03348301834553009
192,adaptshrink,1,0.3393935679220869,0.05231591853944151,0.6264712173047323,0.37367586690763255
192,adaptshrink,2,-1.4559892016785234,-1.8954576600297006,-1.0165207433273462,-1.247765113259924
192,adaptshrink,3,-0.4506896925022975,-1.0674087505463128,0.16602936554171777,-0.2906703977370171
192,adaptshrink,4,1.107205775751604,0.7100233053041773,1.5043882461990308,0.8138567791606988
192,adaptshrink,5,0.30861346366002723,-0.06048747233862739,0.6777143996586819,0.03348301834553009
193,common_DL,1,-0.0067744973843975875,-0.4672834192842573,0.4537344245154621,0.06604329515611936
193,common_DL,2,0.33881495037596526,-0.12292567268633803,0.8005555734382686,0.5088796112282885
193,common_DL,3,0.13414799885210754,-0.3689388009005538,0.6372347986047688,0.37449016355796666
193,common_DL,4,0.0373245881324394,-0.40761099175236926,0.482260168017248,0.06966152761232271
193,common_DL,5,0.08851430410320717,-0.4400781038402719,0.6171067120466862,0.24882947213463327
193,comp_specific,1,-0.02891654896762301,-0.35403786053009745,0.2962047625948514,0.06604329515611936
193,comp_specific,2,0.28269154370490124,-0.32330828483327423,0.8886913722430767,0.5088796112282885
193,comp_specific,3,0.13357252009970666,-0.38539483846422384,0.6525398786636372,0.37449016355796666
193,comp_specific,4,0.07875451307829494,-0.22570229997424396,0.38321132613083386,0.06966152761232271
193,comp_specific,5,0.08043050555651779,-0.5138251789539606,0.6746861900669961,0.24882947213463327
193,adaptshrink,1,-0.014871135529580179,-0.4242648324064204,0.39452256134726,0.06604329515611936
193,adaptshrink,2,0.30746466887522667,-0.22170652471632074,0.836635862466774,0.5088796112282885
193,adaptshrink,3,0.13395057575563762,-0.374490206597322,0.6423913581085973,0.37449016355796666
193,adaptshrink,4,0.05299105798871986,-0.3302588310036233,0.43624094698106297,0.06966152761232271
193,adaptshrink,5,0.08457067846589639,-0.4731406059892139,0.6422819629210067,0.24882947213463327
194,common_DL,1,0.11813251717396528,-0.1344268083722916,0.37069184272022215,0.12596429907869158
194,common_DL,2,0.05811319815641504,-0.14061000178486893,0.25683639809769904,0.2735282162908543
194,common_DL,3,0.22264977753235377,-0.09784137840469348,0.5431409334694011,0.03470050775830132
194,common_DL,4,-0.08108303125319268,-0.33519014710751316,0.17302408460112784,-0.09161488110234542
194,common_DL,5,-0.10084899313597746,-0.3010951356479329,0.09939714937597798,-0.08285766509226705
194,comp_specific,1,0.11813251717396528,-0.1344268083722916,0.37069184272022215,0.12596429907869158
194,comp_specific,2,0.07882289520778504,-0.15757652300728953,0.3152223134228596,0.2735282162908543
194,comp_specific,3,0.22264977753235377,-0.09784137840469354,0.5431409334694011,0.03470050775830132
194,comp_specific,4,-0.05660842690879122,-0.35111140473990554,0.23789455092232312,-0.09161488110234542
194,comp_specific,5,-0.10084899313597753,-0.301095135647933,0.09939714937597796,-0.08285766509226705
194,adaptshrink,1,0.11813251717396532,-0.13442680837229154,0.3706918427202222,0.12596429907869158
194,adaptshrink,2,0.07078777045359752,-0.1482222857043201,0.28979782661151515,0.2735282162908543
194,adaptshrink,3,0.22264977753235354,-0.09784137840469365,0.5431409334694007,0.03470050775830132
194,adaptshrink,4,-0.06901465218103252,-0.34156353894913116,0.2035342345870661,-0.09161488110234542
194,adaptshrink,5,-0.10084899313597744,-0.30109513564793283,0.09939714937597795,-0.08285766509226705
195,common_DL,1,0.19596586563411325,-0.07542625357439739,0.4673579848426239,0.13910949324529137
195,common_DL,2,-0.18328733200806813,-0.41074711320164253,0.04417244918550628,-0.1570600235364963
195,common_DL,3,0.8291639079368445,0.5952773079711783,1.0630505079025108,0.641700128437161
195,common_DL,4,0.4712887411861924,0.17828237715610068,0.7642951052162841,0.7049263908303343
195,common_DL,5,-0.3037640669736321,-0.5636477787650599,-0.043880355182204345,-0.19048368144696196
195,comp_specific,1,0.20117947747702708,-0.09328140864328544,0.4956403635973396,0.13910949324529137
195,comp_specific,2,-0.18553637586222319,-0.40334817181839794,0.03227542009395157,-0.1570600235364963
195,comp_specific,3,0.832750365376581,0.6082822170275726,1.0572185137255894,0.641700128437161
195,comp_specific,4,0.4685762951750899,0.18824877914084848,0.7489038112093314,0.7049263908303343
195,comp_specific,5,-0.280987143071769,-0.7500752001839157,0.18810091404037776,-0.19048368144696196
195,adaptshrink,1,0.1987276431765066,-0.08450848529444283,0.481963771647456,0.13910949324529137
195,adaptshrink,2,-0.1842161875700141,-0.4076333198114209,0.03920094467139276,-0.1570600235364963
195,adaptshrink,3,0.8306209725888252,0.6006885913551321,1.0605533538225183,0.641700128437161
195,adaptshrink,4,0.47041008674720397,0.18151717525692262,0.7593029982374853,0.7049263908303343
195,adaptshrink,5,-0.2946514214020679,-0.6438777515792298,0.05457490877509391,-0.19048368144696196
196,common_DL,1,-0.24698343058469377,-0.5609663291916803,0.06699946802229276,-0.48937657508100024
196,common_DL,2,0.8411953426789041,0.5769800701684027,1.1054106151894054,0.7489597709499695
196,common_DL,3,0.06046951658075626,-0.22859711623994539,0.34953614940145794,0.03896464402424201
196,common_DL,4,-0.1609742845596485,-0.4069701331890797,0.08502156406978273,-0.1559870691331295
196,common_DL,5,0.27575495810970513,0.010974060469508107,0.5405358557499021,0.5224280306779685
196,comp_specific,1,-0.24242317813405181,-0.5663443921945102,0.08149803592640656,-0.48937657508100024
196,comp_specific,2,0.8187671688609215,0.6200529288508994,1.0174814088709436,0.7489597709499695
196,comp_specific,3,0.09611730403077856,-0.0735213663699397,0.2657559744314968,0.03896464402424201
196,comp_specific,4,-0.1682283132729189,-0.5521963612171336,0.21573973467129573,-0.1559870691331295
196,comp_specific,5,0.3025493976598622,0.11635844533628717,0.4887403499834373,0.5224280306779685
196,adaptshrink,1,-0.244973357858556,-0.5632837004787485,0.07333698476163658,-0.48937657508100024
196,adaptshrink,2,0.8327994729500675,0.5975997958598863,1.0679991500402488,0.7489597709499695
196,adaptshrink,3,0.06991650387571459,-0.18699503791494176,0.3268280456663709,0.03896464402424201
196,adaptshrink,4,-0.16379368893409252,-0.48804485362679223,0.1604574757586072,-0.1559870691331295
196,adaptshrink,5,0.2872923662947089,0.05582653573861371,0.518758196850804,0.5224280306779685
197,common_DL,1,-0.4157520680879455,-0.6964920731243766,-0.13501206305151447,-0.1867230329231672
197,common_DL,2,-0.44094938101231756,-0.7631147309540325,-0.11878403107060259,-0.5002465129200171
197,common_DL,3,0.6249057943502837,0.3729104877446237,0.8769011009559438,0.3814105844025127
197,common_DL,4,-0.38450349019478886,-0.6801409218026759,-0.08886605858690177,-0.241557939463663
197,common_DL,5,0.26705423263670924,-0.12630465421938863,0.6604131194928071,0.5017588085272575
197,comp_specific,1,-0.4063440857391958,-0.5913998822905318,-0.22128828918785987,-0.1867230329231672
197,comp_specific,2,-0.3835043803660467,-0.9902746734781394,0.2232659127460459,-0.5002465129200171
197,comp_specific,3,0.6213895860331674,0.3787366272215047,0.8640425448448301,0.3814105844025127
197,comp_specific,4,-0.3743974928440828,-0.6127811004518916,-0.136013885236274,-0.241557939463663
197,comp_specific,5,0.2797578022889996,-0.16590659414910885,0.7254221987271081,0.5017588085272575
197,adaptshrink,1,-0.4130220482725726,-0.6616072664241387,-0.16443683012100654,-0.1867230329231672
197,adaptshrink,2,-0.4027159518139091,-0.8426561017914114,0.03722419816359318,-0.5002465129200171
197,adaptshrink,3,0.6231943156844791,0.3758032681315884,0.8705853632373699,0.3814105844025127
197,adaptshrink,4,-0.3813251058447573,-0.6545040003440018,-0.10814621134551283,-0.241557939463663
197,adaptshrink,5,0.27354513671875186,-0.14326501870820862,0.6903552921457123,0.5017588085272575
198,common_DL,1,0.4012519102775075,0.027614530188049546,0.7748892903669655,0.27055710256277765
198,common_DL,2,-0.7741555063766999,-1.036528183208986,-0.5117828295444138,-0.8770976475691603
198,common_DL,3,0.39494388504503425,0.08361826259851146,0.706269507491557,0.5691366927625956
198,common_DL,4,0.02012264502853693,-0.29075764491597356,0.33100293497304745,0.13745325458969337
198,common_DL,5,-0.09467091195718765,-0.45003033966031925,0.260688515745944,-0.2071063123284689
198,comp_specific,1,0.32028587499026445,-0.24761626183636992,0.8881880118168988,0.27055710256277765
198,comp_specific,2,-0.7720448298253123,-1.048023023945175,-0.49606663570544957,-0.8770976475691603
198,comp_specific,3,0.37046490184074604,0.12102889955863955,0.6199009041228525,0.5691366927625956
198,comp_specific,4,0.009300243184005862,-0.22367103156538853,0.24227151793340024,0.13745325458969337
198,comp_specific,5,-0.09099205572282315,-0.39134593674631785,0.20936182530067154,-0.2071063123284689
198,adaptshrink,1,0.3466145021256884,-0.12519626333633255,0.8184252675877093,0.27055710256277765
198,adaptshrink,2,-0.7730488893811146,-1.042338785656057,-0.5037589931061721,-0.8770976475691603
198,adaptshrink,3,0.3843699047555599,0.10156314838895436,0.6671766611221654,0.5691366927625956
198,adaptshrink,4,0.015033892802162913,-0.26017099955291534,0.2902387851572411,0.13745325458969337
198,adaptshrink,5,-0.09290354467125722,-0.4230428462871918,0.23723575694467736,-0.2071063123284689
199,common_DL,1,0.1460950809483494,-0.2236294932405109,0.5158196551372096,0.48358440520034
199,common_DL,2,1.1985107598286644,0.6924506472552894,1.7045708724020394,0.8004499446959705
199,common_DL,3,0.4052688115210563,0.08473876043994649,0.7257988626021661,0.10925223202757502
199,common_DL,4,0.3271110105943566,-0.0006849255301882851,0.6549069467189015,0.5721545042199968
199,common_DL,5,-0.6095013208907796,-0.8903602055484383,-0.3286424362331208,-0.7114074272928064
199,comp_specific,1,0.22271297916250374,0.0330365543239555,0.41238940400105195,0.48358440520034
199,comp_specific,2,1.2054498014298614,0.6540814133371599,1.756818189522563,0.8004499446959705
199,comp_specific,3,0.41763107322326115,0.14250407053568226,0.69275807591084,0.10925223202757502
199,comp_specific,4,0.3045339829191831,0.08304521554025701,0.5260227502981092,0.5721545042199968
199,comp_specific,5,-0.6360430965858878,-1.0316512914458873,-0.24043490172588827,-0.7114074272928064
199,adaptshrink,1,0.15860910690228025,-0.16879253025995106,0.48601074406451156,0.48358440520034
199,adaptshrink,2,1.2010731837164073,0.6793565631120834,1.722789804320731,0.8004499446959705
199,adaptshrink,3,0.4097825264392209,0.10776916958150545,0.7117958832969364,0.10925223202757502
199,adaptshrink,4,0.3194070675467755,0.03682612316722611,0.6019880119263249,0.5721545042199968
199,adaptshrink,5,-0.626880505127863,-0.9705661483597232,-0.2831948618960028,-0.7114074272928064
200,common_DL,1,1.2628342067937726,1.0069019970381414,1.5187664165494037,1.259521958397999
200,common_DL,2,-0.1908604052347198,-0.5086039522524904,0.12688314178305082,-0.2966304456406144
200,common_DL,3,0.9101744861868635,0.4899240064908145,1.3304249658829124,1.1130573132252852
200,common_DL,4,-0.304614500856775,-0.7008592907054796,0.09163028899192954,-0.08332992723282516
200,common_DL,5,1.0415040727362883,0.6693371147991146,1.413671030673462,0.4036661147018085
200,comp_specific,1,1.2129451779301468,0.8871457571133596,1.538744598746934,1.259521958397999
200,comp_specific,2,-0.19086040523472098,-0.5086039522524917,0.12688314178304977,-0.2966304456406144
200,comp_specific,3,0.9101744861868633,0.48992400649081436,1.3304249658829121,1.1130573132252852
200,comp_specific,4,-0.3056403647753125,-0.7844159545463382,0.1731352249957132,-0.08332992723282516
200,comp_specific,5,1.0415040727362883,0.6693371147991145,1.4136710306734621,0.4036661147018085
200,adaptshrink,1,1.232490196569246,0.9375136358512944,1.5274667572871978,1.259521958397999
200,adaptshrink,2,-0.1908604052347197,-0.5086039522524903,0.126883141783051,-0.2966304456406144
200,adaptshrink,3,0.9101744861868633,0.4899240064908143,1.3304249658829121,1.1130573132252852
200,adaptshrink,4,-0.3051062061621752,-0.7307497396544227,0.12053732733007227,-0.08332992723282516
200,adaptshrink,5,1.0415040727362892,0.6693371147991154,1.413671030673463,0.4036661147018085
201,common_DL,1,0.20450175520389038,-0.1547822077414979,0.5637857181492787,0.33859436926910064
201,common_DL,2,-0.34993907075099195,-0.848141410678978,0.14826326917699406,-0.1466974286453582
201,common_DL,3,-0.16789721322046833,-0.5396470977775636,0.2038526713366269,-0.030631027933058348
201,common_DL,4,0.991451614650935,0.6576158401036124,1.3252873891982575,0.9209911489006397
201,common_DL,5,-0.03791907674609088,-0.47938451643620694,0.4035463629440251,0.06772006534908258
201,comp_specific,1,0.21172820823853045,-0.17363565830558558,0.5970920747826465,0.33859436926910064
201,comp_specific,2,-0.3465158354529836,-0.7356599321683671,0.042628261262399936,-0.1466974286453582
201,comp_specific,3,-0.16009011413682583,-0.46142796119963436,0.1412477329259827,-0.030631027933058348
201,comp_specific,4,1.061657460894114,0.6048111068250295,1.5185038149631986,0.9209911489006397
201,comp_specific,5,-0.03961714058755361,-0.36377630180459547,0.28454202062948825,0.06772006534908258
201,adaptshrink,1,0.20778316034386596,-0.16296237039009664,0.5785286910778286,0.33859436926910064
201,adaptshrink,2,-0.34915987838152457,-0.8150970805086108,0.11677732374556177,-0.1466974286453582
201,adaptshrink,3,-0.16602877164901808,-0.5106615695539548,0.17860402625591865,-0.030631027933058348
201,adaptshrink,4,1.0349414544162112,0.6338570193579114,1.436025889474511,0.9209911489006397
201,adaptshrink,5,-0.038138001628264945,-0.4448669923273467,0.3685909890708169,0.06772006534908258
202,common_DL,1,-0.2786756108809321,-0.5998851334152374,0.04253391165337317,-0.2881292376272043
202,common_DL,2,0.15038628780738922,-0.12895133354787341,0.42972390916265185,0.21234059761632473
202,common_DL,3,0.3397678389933391,0.10868959412349097,0.5708460838631872,0.3976234529136715
202,common_DL,4,-0.49669399132209924,-0.828717807925774,-0.16467017471842443,-0.5702662379669879
202,common_DL,5,-0.8810264586114067,-1.1727839966398057,-0.5892689205830077,-0.7647388384115696
202,comp_specific,1,-0.2901628701116224,-0.678307840405012,0.09798210018176717,-0.2881292376272043
202,comp_specific,2,0.1288109063157128,-0.0843618390720137,0.34198365170343925,0.21234059761632473
202,comp_specific,3,0.3461349281272974,0.1680160948173652,0.5242537614372296,0.3976234529136715
202,comp_specific,4,-0.43958313783967184,-1.0394051555307227,0.16023887985137897,-0.5702662379669879
202,comp_specific,5,-0.869048036744837,-1.1007105500571326,-0.6373855234325414,-0.7647388384115696
202,adaptshrink,1,-0.28398210630662407,-0.6359192695141314,0.06795505690088327,-0.2881292376272043
202,adaptshrink,2,0.14535847264861823,-0.11428389789490528,0.40500084319214175,0.21234059761632473
202,adaptshrink,3,0.3432972625238154,0.13626819105408033,0.5503263339935505,0.3976234529136715
202,adaptshrink,4,-0.4624284917004686,-0.9055512319378658,-0.019305751463071508,-0.5702662379669879
202,adaptshrink,5,-0.8759570825982606,-1.1400647823038752,-0.6118493828926459,-0.7647388384115696
203,common_DL,1,0.592880930138908,0.18716700629755711,0.9985948539802588,0.511800908600889
203,common_DL,2,0.4038597364929481,-0.04106674506781555,0.8487862180537118,0.19241092285494044
203,common_DL,3,0.0909869218781193,-0.4508661042587565,0.6328399480149951,-0.19080964286485733
203,common_DL,4,0.9644707313841148,0.4143543624484973,1.5145871003197322,0.9328518445500982
203,common_DL,5,0.07537982630101797,-0.3214543825319728,0.4722140351340087,-0.09017905300895716
203,comp_specific,1,0.6081379648825955,0.25390222704514465,0.9623737027200464,0.511800908600889
203,comp_specific,2,0.397553419106934,-0.008687663467881634,0.8037945016817496,0.19241092285494044
203,comp_specific,3,0.08635515264500698,-0.2781134069745627,0.4508237122645767,-0.19080964286485733
203,comp_specific,4,0.9663774475179908,0.45236035950501974,1.4803945355309618,0.9328518445500982
203,comp_specific,5,0.09304877704553971,-0.43418554343482463,0.620283097525904,-0.09017905300895716
203,adaptshrink,1,0.5993633618523708,0.2182149963582165,0.9805117273465251,0.511800908600889
203,adaptshrink,2,0.4019685310475177,-0.030477791500455154,0.8344148535954905,0.19241092285494044
203,adaptshrink,3,0.09009055787347997,-0.3999610553613902,0.5801421711083501,-0.19080964286485733
203,adaptshrink,4,0.9650732941989073,0.42668638390648417,1.5034602044913306,0.9328518445500982
203,adaptshrink,5,0.08639912023277624,-0.38082792644349894,0.5536261669090514,-0.09017905300895716
204,common_DL,1,0.051163882688366136,-0.3270055898541188,0.4293333552308511,-0.01656375396662268
204,common_DL,2,0.9080805567606801,0.5593325766936823,1.256828536827678,0.8706824618496651
204,common_DL,3,0.7681036241725429,0.4270797143997034,1.1091275339453823,0.5542299579667744
204,common_DL,4,-0.27555502178563007,-0.6265923219029016,0.07548227833164145,-0.2217967637416788
204,common_DL,5,-1.7451382913675864,-2.099866542302134,-1.3904100404330388,-1.6556110919783995
204,comp_specific,1,0.12233137177442605,-0.13815132142262498,0.3828140649714771,-0.01656375396662268
204,comp_specific,2,0.9062039992082592,0.6117512386017676,1.2006567598147508,0.8706824618496651
204,comp_specific,3,0.7298117830336761,0.21383218284987082,1.2457913832174814,0.5542299579667744
204,comp_specific,4,-0.2670473641927723,-0.5832608618312443,0.049166133445699645,-0.2217967637416788
204,comp_specific,5,-1.7839611788844443,-2.0424473858375842,-1.5254749719313045,-1.6556110919783995
204,adaptshrink,1,0.06974615766385635,-0.267644070045556,0.4071363853732687,-0.01656375396662268
204,adaptshrink,2,0.9072244179246531,0.584130350084511,1.2303184857647953,0.8706824618496651
204,adaptshrink,3,0.7456225974068473,0.3199935907854809,1.1712516040282137,0.5542299579667744
204,adaptshrink,4,-0.2723994958023231,-0.6090393789982076,0.06424038739356136,-0.2217967637416788
204,adaptshrink,5,-1.7580749712016188,-2.0706836662959316,-1.445466276107306,-1.6556110919783995
205,common_DL,1,0.05557134878689271,-0.4051601190038977,0.5163028165776832,0.25803390465499626
205,common_DL,2,-0.019994287556605955,-0.43999171798808423,0.4000031428748724,-0.04283774133275816
205,common_DL,3,-1.0653394994610084,-1.4579327179817485,-0.6727462809402682,-0.8563337320156307
205,common_DL,4,-0.24455297076772445,-0.5563475714675337,0.0672416299320848,-0.5080020248681323
205,common_DL,5,0.19543599614565163,-0.20698227713577574,0.597854269427079,0.3440583144160401
205,comp_specific,1,0.05152432139481716,-0.3328445394314963,0.4358931822211306,0.25803390465499626
205,comp_specific,2,-0.044404437458698015,-0.7439414573893979,0.6551325824720018,-0.04283774133275816
205,comp_specific,3,-1.057234143773143,-1.3710727591746013,-0.7433955283716848,-0.8563337320156307
205,comp_specific,4,-0.2473262865209302,-0.5953108384645383,0.10065826542267792,-0.5080020248681323
205,comp_specific,5,0.17124357291548242,-0.12995019285394727,0.4724373386849121,0.3440583144160401
205,adaptshrink,1,0.05455282913343015,-0.38224481789290443,0.4913504761597647,0.25803390465499626
205,adaptshrink,2,-0.030816945896692455,-0.5628538203215985,0.5012199285282135,-0.04283774133275816
205,adaptshrink,3,-1.0625472504407467,-1.418380012358384,-0.7067144885231093,-0.8563337320156307
205,adaptshrink,4,-0.24625500579930185,-0.5767813534028494,0.08427134180424575,-0.5080020248681323
205,adaptshrink,5,0.18721026617479683,-0.17594451450122192,0.5503650468508156,0.3440583144160401
206,common_DL,1,0.7616905549882208,0.31280597102831276,1.210575138948129,0.9107788213172578
206,common_DL,2,-0.2348929931753143,-0.546205752889698,0.07641976653906934,-0.23756119569719894
206,common_DL,3,0.35169271368334465,0.030996496372019344,0.67238893099467,0.1713022538527065
206,common_DL,4,0.2922513330595806,-0.128958462180145,0.7134611282993062,0.18837590310781302
206,common_DL,5,0.2404101285694859,-0.14155742614004524,0.6223776832790171,0.38348390984748043
206,comp_specific,1,0.7955482894914169,0.07421163441046108,1.5168849445723727,0.9107788213172578
206,comp_specific,2,-0.2284711565927156,-0.4916622415386467,0.03471992835321547,-0.23756119569719894
206,comp_specific,3,0.34599770352937725,0.0009695238389236804,0.6910258832198308,0.1713022538527065
206,comp_specific,4,0.3071740969132899,0.025885841864295378,0.5884623519622845,0.18837590310781302
206,comp_specific,5,0.21033099917835735,-0.09344765303305669,0.5141096513897714,0.38348390984748043
206,adaptshrink,1,0.782101536509557,0.22594334751203926,1.3382597255070747,0.9107788213172578
206,adaptshrink,2,-0.23172952896860258,-0.5203099364573689,0.05685087852016371,-0.23756119569719894
206,adaptshrink,3,0.34907030706933995,0.017714175093316353,0.6804264390453636,0.1713022538527065
206,adaptshrink,4,0.29489031519940356,-0.08586449958819375,0.6756451299870009,0.18837590310781302
206,adaptshrink,5,0.23082278882582938,-0.12095914597513249,0.5826047236267913,0.38348390984748043
207,common_DL,1,-0.8494647115914924,-1.133559336062302,-0.5653700871206828,-0.9080035670349318
207,common_DL,2,0.15825217362540228,-0.23832614363924853,0.5548304908900531,0.035107343056388435
207,common_DL,3,-0.07029456300279247,-0.49058325464720326,0.34999412864161833,-0.28550884837530394
207,common_DL,4,0.10067362674268893,-0.276402181930607,0.47774943541598486,0.06488441215552683
207,common_DL,5,0.12825791537395317,-0.31601004778963493,0.5725258785375412,-0.10177186442250316
207,comp_specific,1,-0.8471853168669492,-1.1702504585359732,-0.5241201751979252,-0.9080035670349318
207,comp_specific,2,0.16386321127954462,-0.16313382830613055,0.4908602508652198,0.035107343056388435
207,comp_specific,3,-0.05433086188402621,-0.350237850812092,0.24157612704403963,-0.28550884837530394
207,comp_specific,4,0.1054951546063889,-0.19981633141900923,0.41080664063178707,0.06488441215552683
207,comp_specific,5,0.1515195938436768,-0.36909869961817193,0.6721378873055255,-0.10177186442250316
207,adaptshrink,1,-0.8483923727695106,-1.1527473668665476,-0.5440373786724738,-0.9080035670349318
207,adaptshrink,2,0.16016098856532004,-0.2088090207275429,0.529130997858183,0.035107343056388435
207,adaptshrink,3,-0.0666850667871414,-0.45108518773029826,0.3177150541560154,-0.28550884837530394
207,adaptshrink,4,0.10214846589433083,-0.25288681203141183,0.45718374382007354,0.06488441215552683
207,adaptshrink,5,0.13762864597246732,-0.3341481164818525,0.6094054084267871,-0.10177186442250316
208,common_DL,1,0.22828545023543295,-0.030601793419088752,0.48717269388995466,0.2862947824986136
208,common_DL,2,-0.10412134408307469,-0.4152175062427449,0.20697481807659554,-0.1710886813606806
208,common_DL,3,0.03858748007748049,-0.22558616187332486,0.3027611220282858,0.32602320023142733
208,common_DL,4,-0.21260804095395686,-0.431435607948778,0.006219526040864259,-0.03956352855459459
208,common_DL,5,-0.39344316404691787,-0.6147945371529655,-0.17209179094087027,-0.45419600974458596
208,comp_specific,1,0.22828545023543295,-0.030601793419088752,0.48717269388995466,0.2862947824986136
208,comp_specific,2,-0.10412134408307469,-0.4152175062427449,0.20697481807659554,-0.1710886813606806
208,comp_specific,3,0.03858748007748049,-0.22558616187332486,0.3027611220282858,0.32602320023142733
208,comp_specific,4,-0.21260804095395686,-0.431435607948778,0.006219526040864259,-0.03956352855459459
208,comp_specific,5,-0.39344316404691787,-0.6147945371529655,-0.17209179094087027,-0.45419600974458596
208,adaptshrink,1,0.22828545023543295,-0.030601793419088752,0.48717269388995466,0.2862947824986136
208,adaptshrink,2,-0.10412134408307469,-0.4152175062427449,0.20697481807659554,-0.1710886813606806
208,adaptshrink,3,0.03858748007748049,-0.22558616187332486,0.3027611220282858,0.32602320023142733
208,adaptshrink,4,-0.21260804095395686,-0.431435607948778,0.006219526040864259,-0.03956352855459459
208,adaptshrink,5,-0.39344316404691787,-0.6147945371529655,-0.17209179094087027,-0.45419600974458596
209,common_DL,1,-0.4361769609187911,-0.6901033931353644,-0.18225052870221786,-0.31739993613753975
209,common_DL,2,-0.5814647867890261,-0.9627801005467724,-0.20014947303127983,-0.6781811801413042
209,common_DL,3,0.5403010150231156,0.24096964862039905,0.8396323814258321,0.7035770729166829
209,common_DL,4,-0.053672435090484256,-0.3419875778036319,0.23464270762266343,-0.008848240960360873
209,common_DL,5,0.7381902453678291,0.44418961969688664,1.0321908710387715,0.24540693071139663
209,comp_specific,1,-0.42137327744576747,-0.6147453615369928,-0.2280011933545422,-0.31739993613753975
209,comp_specific,2,-0.587833070042783,-0.9256013247910182,-0.25006481529454766,-0.6781811801413042
209,comp_specific,3,0.5501940245281303,0.29534486117803327,0.8050431878782273,0.7035770729166829
209,comp_specific,4,0.09576426385662576,-0.4579698482809954,0.6494983759942469,-0.008848240960360873
209,comp_specific,5,0.7446431150965913,0.5462291564759107,0.9430570737172719,0.24540693071139663
209,adaptshrink,1,-0.42982473382165404,-0.6566268719154387,-0.2030225957278694,-0.31739993613753975
209,adaptshrink,2,-0.5836955988038379,-0.9473788927028526,-0.22001230490482332,-0.6781811801413042
209,adaptshrink,3,0.5444732895687112,0.2661229652057182,0.8228236139317042,0.7035770729166829
209,adaptshrink,4,0.06246285895811504,-0.3821150457937862,0.5070407637100163,-0.008848240960360873
209,adaptshrink,5,0.7398366773663883,0.47139738415486854,1.008275970577908,0.24540693071139663
210,common_DL,1,-0.36275729658447503,-0.7503700160258688,0.024855422856918774,-0.15981079109276078
210,common_DL,2,-0.2894118424957608,-0.6977254666816013,0.1189017816900797,-0.13049454416183554
210,common_DL,3,0.3977005024483058,0.007490284152037896,0.7879107207445737,0.11068678607818393
210,common_DL,4,0.6754960067649575,0.20599015643594232,1.1450018570939726,0.784203520422158
210,common_DL,5,-0.2509653361645889,-0.6115351343845383,0.10960446205536062,-0.41227784477507334
210,comp_specific,1,-0.363757927658659,-0.8339988245738084,0.10648296925649031,-0.15981079109276078
210,comp_specific,2,-0.33218405201290246,-0.8702234308669174,0.20585532684111252,-0.13049454416183554
210,comp_specific,3,0.3869981268625787,0.10847281604379655,0.6655234376813608,0.11068678607818393
210,comp_specific,4,0.684332746513523,0.3455054315056303,1.0231600615214158,0.784203520422158
210,comp_specific,5,-0.25341309352995073,-0.5495239979775655,0.042697810917664,-0.41227784477507334
210,adaptshrink,1,-0.36331419229094597,-0.7945624801846343,0.06793409560274233,-0.15981079109276078
210,adaptshrink,2,-0.31392871581799403,-0.782911852165296,0.1550544205293079,-0.13049454416183554
210,adaptshrink,3,0.3939591693023732,0.05209914100465418,0.7358191976000922,0.11068678607818393
210,adaptshrink,4,0.6776453942330257,0.25835731860653743,1.096933469859514,0.784203520422158
210,adaptshrink,5,-0.252168005207349,-0.5825154134264758,0.07817940301177778,-0.41227784477507334
211,common_DL,1,0.3965920446932417,0.08828652241790574,0.7048975669685777,0.06482071956192
211,common_DL,2,-0.25239521676502463,-0.5335188761762772,0.02872844264622798,-0.3676287846742319
211,common_DL,3,0.7656415501731746,0.4687033904399268,1.0625797099064225,0.6675027882990966
211,common_DL,4,-0.5973381399566933,-0.8612921162691511,-0.33338416364423545,-0.6013393038371194
211,common_DL,5,-0.7817756865132275,-1.0483647397472773,-0.5151866332791777,-0.5421749162719376
211,comp_specific,1,0.391467374154005,0.10023298098836242,0.6827017673196476,0.06482071956192
211,comp_specific,2,-0.253172319324406,-0.6422883946108902,0.1359437559620782,-0.3676287846742319
211,comp_specific,3,0.7804714577568431,0.5838188803299291,0.9771240351837571,0.6675027882990966
211,comp_specific,4,-0.5831041724757623,-0.7594647981486937,-0.40674354680283087,-0.6013393038371194
211,comp_specific,5,-0.7792760203728746,-1.089003603498687,-0.46954843724706213,-0.5421749162719376
211,adaptshrink,1,0.3945104863570645,0.09338787601395604,0.6956330967001729,0.06482071956192
211,adaptshrink,2,-0.25200726069986135,-0.5844667489760025,0.08045222757627979,-0.3676287846742319
211,adaptshrink,3,0.7685969359068692,0.5064630054556398,1.0307308663580985,0.6675027882990966
211,adaptshrink,4,-0.5950443637399361,-0.8272475869274272,-0.36284114055244504,-0.6013393038371194
211,adaptshrink,5,-0.7799848498634422,-1.0692708677900522,-0.4906988319368321,-0.5421749162719376
212,common_DL,1,-0.2242548114483885,-0.45716427219208744,0.008654649295310485,-0.3228226716147719
212,common_DL,2,-0.1898409919049886,-0.49917869177801505,0.11949670796803785,0.16712744326431572
212,common_DL,3,0.850800845465495,0.5859666063821118,1.115635084548878,0.8492657212744364
212,common_DL,4,0.4818169392474514,0.23178996626018594,0.7318439122347169,0.4603233582346055
212,common_DL,5,-0.061146130144544675,-0.3226362143294777,0.20034395404038835,-0.21448827605720397
212,comp_specific,1,-0.21074021181712457,-0.36225151657823906,-0.05922890705601008,-0.3228226716147719
212,comp_specific,2,-0.19583704619681744,-0.5214088605029115,0.12973476810927656,0.16712744326431572
212,comp_specific,3,0.8562001908626738,0.5283157605803231,1.1840846211450247,0.8492657212744364
212,comp_specific,4,0.4843056347894408,0.20162792792842243,0.7669833416504591,0.4603233582346055
212,comp_specific,5,-0.06091062170624484,-0.3170004532768843,0.19517920986439463,-0.21448827605720397
212,adaptshrink,1,-0.21851252911872174,-0.41720450507090706,-0.019820553166536414,-0.3228226716147719
212,adaptshrink,2,-0.19189377393844456,-0.506762357485312,0.12297480960842286,0.16712744326431572
212,adaptshrink,3,0.853201192464193,0.5657083077757858,1.1406940771526002,0.8492657212744364
212,adaptshrink,4,0.4832361278640316,0.21622391208658925,0.750248343641474,0.4603233582346055
212,adaptshrink,5,-0.06104320051089587,-0.3202374551103405,0.19815105408854874,-0.21448827605720397
213,common_DL,1,-0.8482549891915034,-1.2445141777151734,-0.45199580066783357,-0.9893275163178313
213,common_DL,2,-0.9192738474911544,-1.3696496344145253,-0.4688980605677836,-0.8539968799770087
213,common_DL,3,-0.5638835557217737,-0.9612335172689466,-0.16653359417460084,-0.5117252136899734
213,common_DL,4,0.184465988447098,-0.22208480927839863,0.5910167861725946,-0.21620414230217622
213,common_DL,5,-0.6715945473810971,-1.0473009699194011,-0.29588812484279314,-0.2862677831332417
213,comp_specific,1,-0.8591337303028103,-1.4373993718240707,-0.2808680887815497,-0.9893275163178313
213,comp_specific,2,-0.9386573865959491,-1.307811183379291,-0.5695035898126072,-0.8539968799770087
213,comp_specific,3,-0.5499791976789719,-0.7900784293092271,-0.30987996604871654,-0.5117252136899734
213,comp_specific,4,0.16394789254291298,-0.1387030349116588,0.46659881999748476,-0.21620414230217622
213,comp_specific,5,-0.6741966841445592,-1.042743792566515,-0.30564957572260343,-0.2862677831332417
213,adaptshrink,1,-0.8557847531311622,-1.352545421693683,-0.35902408456864143,-0.9893275163178313
213,adaptshrink,2,-0.9244955638876038,-1.3499059916278773,-0.4990851361473303,-0.8539968799770087
213,adaptshrink,3,-0.5642178038126003,-0.9028739079487416,-0.22556169967645917,-0.5117252136899734
213,adaptshrink,4,0.17910350853582285,-0.1874589736251221,0.5456659906967678,-0.21620414230217622
213,adaptshrink,5,-0.6728698329861511,-1.0450197315033212,-0.3007199344689811,-0.2862677831332417
214,common_DL,1,0.43001142029174516,0.23747578566378966,0.6225470549197006,0.34033626697069047
214,common_DL,2,0.41610857582499433,0.14368754784514604,0.6885296038048426,0.14216744923003513
214,common_DL,3,0.2997590452203542,0.08510675442135865,0.5144113360193497,0.08406360407171001
214,common_DL,4,-0.61015767137487,-0.8699748511068728,-0.3503404916428671,-0.4441383620155702
214,common_DL,5,0.36428174926449375,0.11611651083013771,0.6124469876988498,0.517010619583363
214,comp_specific,1,0.43001142029174494,0.23747578566378938,0.6225470549197005,0.34033626697069047
214,comp_specific,2,0.41997288246322695,0.13709427059930795,0.702851494327146,0.14216744923003513
214,comp_specific,3,0.29975904522035457,0.08510675442135893,0.5144113360193502,0.08406360407171001
214,comp_specific,4,-0.615435752788607,-0.8887725508862455,-0.3420989546909684,-0.4441383620155702
214,comp_specific,5,0.3642817492644938,0.11611651083013777,0.6124469876988499,0.517010619583363
214,adaptshrink,1,0.43001142029174516,0.2374757856637896,0.6225470549197007,0.34033626697069047
214,adaptshrink,2,0.4174398200064161,0.14145994187842925,0.693419698134403,0.14216744923003513
214,adaptshrink,3,0.2997590452203544,0.08510675442135876,0.5144113360193501,0.08406360407171001
214,adaptshrink,4,-0.6128887245965942,-0.8795784170384258,-0.3461990321547625,-0.4441383620155702
214,adaptshrink,5,0.3642817492644936,0.11611651083013755,0.6124469876988496,0.517010619583363
215,common_DL,1,0.01814522323059098,-0.4496041900872155,0.4858946365483975,0.21807291650202787
215,common_DL,2,0.20958331618741877,-0.16227177962361233,0.5814384119984499,0.5210266709149783
215,common_DL,3,-0.1388299877772537,-0.5533216455467658,0.2756616699922584,-0.09493505571782121
215,common_DL,4,-0.27231967040300925,-0.6591587954148506,0.114519454608832,-0.25884029470327247
215,common_DL,5,-0.705920274709315,-1.0764760873306523,-0.33536446208797766,-0.5466683320365878
215,comp_specific,1,0.00875656420141166,-0.43564230053093,0.4531554289337534,0.21807291650202787
215,comp_specific,2,0.1952852092399514,-0.10388264737110087,0.4944530658510037,0.5210266709149783
215,comp_specific,3,0.0342353239499279,-0.7296142086929851,0.7980848565928409,-0.09493505571782121
215,comp_specific,4,-0.32697836893248583,-0.5726085022660686,-0.081348235598903,-0.25884029470327247
215,comp_specific,5,-0.7461551081996942,-0.930893576352436,-0.5614166400469525,-0.5466683320365878
215,adaptshrink,1,0.01438222641482606,-0.44354006493975384,0.47230451776940596,0.21807291650202787
215,adaptshrink,2,0.2048439506337032,-0.13348537977629504,0.5431732810437014,0.5210266709149783
215,adaptshrink,3,-0.04396007137221675,-0.6036700964632287,0.5157499537187953,-0.09493505571782121
215,adaptshrink,4,-0.2892032084522571,-0.6259708951975393,0.04756447829302507,-0.25884029470327247
215,adaptshrink,5,-0.7104582674238794,-1.0331818267976676,-0.38773470805009125,-0.5466683320365878
216,common_DL,1,-0.459995909961372,-0.7901812532832283,-0.12981056663951573,-0.21092217908243502
216,common_DL,2,0.6183818741095768,0.3773224712504648,0.8594412769686888,0.6758872246182261
216,common_DL,3,0.2654102138512595,-0.0012725987448172216,0.5320930264473362,0.38683662291674453
216,common_DL,4,0.3535471174038461,-0.06867253797854445,0.7757667727862366,0.24911233895434337
216,common_DL,5,-0.3731155689491002,-0.7325525710358165,-0.013678566862383945,-0.31512447928093057
216,comp_specific,1,-0.46823814693850613,-0.7535032493142463,-0.18297304456276597,-0.21092217908243502
216,comp_specific,2,0.5913208425555285,0.2950579910997002,0.8875836940113568,0.6758872246182261
216,comp_specific,3,0.28014118610074934,0.0911966436442318,0.4690857285572669,0.38683662291674453
216,comp_specific,4,0.2092820909748236,-0.5389374314163977,0.9575016133660448,0.24911233895434337
216,comp_specific,5,-0.3500935164290947,-0.6589951627915984,-0.04119187006659103,-0.31512447928093057
216,adaptshrink,1,-0.46331807399773806,-0.7754169594318934,-0.15121918856358268,-0.21092217908243502
216,adaptshrink,2,0.6020495076372473,0.3311305868799824,0.8729684283945122,0.6758872246182261
216,adaptshrink,3,0.26857092264795546,0.023912818327578245,0.5132290269683326,0.38683662291674453
216,adaptshrink,4,0.265589337019171,-0.29269046248801256,0.8238691365263545,0.24911233895434337
216,adaptshrink,5,-0.36474010494928794,-0.7044407352135951,-0.025039474684980745,-0.31512447928093057
217,common_DL,1,-0.15980827306885922,-0.5038392340356612,0.18422268789794274,-0.21452661283267507
217,common_DL,2,0.594662317300156,0.35267464854097186,0.83664998605934,0.6432693297268761
217,common_DL,3,-0.2701462493549044,-0.48194535726630106,-0.058347141443507694,-0.15691235473433124
217,common_DL,4,1.0427555807412852,0.8788715587994782,1.2066396026830921,1.0422399944448324
217,common_DL,5,0.2882309321697157,0.05738486028090173,0.5190770040585296,0.3258750850605621
217,comp_specific,1,-0.16107111763900273,-0.49629174346759686,0.1741495081895914,-0.21452661283267507
217,comp_specific,2,0.5932869582990774,0.3279804030428889,0.8585935135552659,0.6432693297268761
217,comp_specific,3,-0.2634980900436717,-0.4581384095274269,-0.06885777055991651,-0.15691235473433124
217,comp_specific,4,1.0440335711707802,0.8708494726722735,1.217217669669287,1.0422399944448324
217,comp_specific,5,0.29030150024603313,0.008457199097424317,0.5721458013946419,0.3258750850605621
217,adaptshrink,1,-0.16021805793803268,-0.5013450481660414,0.18090893228997607,-0.21452661283267507
217,adaptshrink,2,0.5940161253818284,0.33994560666730195,0.8480866440963548,0.6432693297268761
217,adaptshrink,3,-0.26704697096188224,-0.47070168083847885,-0.06339226108528562,-0.15691235473433124
217,adaptshrink,4,1.0433324276704878,0.8753728044404039,1.2112920509005718,1.0422399944448324
217,adaptshrink,5,0.28957251033788267,0.031734545634374556,0.5474104750413908,0.3258750850605621
218,common_DL,1,-0.2391472407445636,-0.4444919307932324,-0.03380255069589477,-0.2790010627186782
218,common_DL,2,-0.5723202399057232,-0.853365523062886,-0.2912749567485604,-0.5041139861833032
218,common_DL,3,-0.07122247321962487,-0.39270789470156026,0.2502629482623105,0.27174484430916285
218,common_DL,4,0.308325028773002,-0.026367815093677693,0.6430178726396817,0.0966728409070528
218,common_DL,5,-0.11908654098761184,-0.3198231343120682,0.08165005233684455,-0.34235968693480917
218,comp_specific,1,-0.23887961690967474,-0.449740687910943,-0.028018545908406495,-0.2790010627186782
218,comp_specific,2,-0.572320239905723,-0.8533655230628858,-0.2912749567485602,-0.5041139861833032
218,comp_specific,3,-0.1634102772749606,-0.6287765956627624,0.3019560411128412,0.27174484430916285
218,comp_specific,4,0.3083250287730018,-0.02636781509367786,0.6430178726396814,0.0966728409070528
218,comp_specific,5,-0.11908654098761184,-0.3198231343120682,0.08165005233684453,-0.34235968693480917
218,adaptshrink,1,-0.23901755952078166,-0.44715296259133885,-0.030882156450224435,-0.2790010627186782
218,adaptshrink,2,-0.572320239905723,-0.8533655230628858,-0.2912749567485602,-0.5041139861833032
218,adaptshrink,3,-0.12963299855621485,-0.5233919149067046,0.2641259177942749,0.27174484430916285
218,adaptshrink,4,0.3083250287730018,-0.026367815093677804,0.6430178726396814,0.0966728409070528
218,adaptshrink,5,-0.11908654098761173,-0.3198231343120681,0.08165005233684461,-0.34235968693480917
219,common_DL,1,-0.1399866736403385,-0.5301006933285392,0.25012734604786213,-0.09108854727308285
219,common_DL,2,0.9945945530576612,0.5603079719111832,1.4288811342041392,0.9512596600505809
219,common_DL,3,0.05002773790638942,-0.2862142299907228,0.3862697058035017,0.07777368111127368
219,common_DL,4,-0.8141096056252376,-1.256507267857477,-0.37171194339299823,-1.063950336333435
219,common_DL,5,0.5181995676703749,0.08427673142560221,0.9521224039151476,0.34586049569332084
219,comp_specific,1,-0.09343227423972143,-0.6290438857725204,0.44217933729307746,-0.09108854727308285
219,comp_specific,2,0.9889310203386568,0.4768050456752646,1.501056995002049,0.9512596600505809
219,comp_specific,3,0.04873723280249383,-0.28127114550636145,0.3787456111113491,0.07777368111127368
219,comp_specific,4,-0.7924161027893858,-1.043680456000238,-0.5411517495785336,-1.063950336333435
219,comp_specific,5,0.46154209160682574,0.25939677531897104,0.6636874078946804,0.34586049569332084
219,adaptshrink,1,-0.11195064202359258,-0.5708724074992148,0.34697112345202963,-0.09108854727308285
219,adaptshrink,2,0.9922797441167651,0.5305111789225114,1.4540483093110188,0.9512596600505809
219,adaptshrink,3,0.0494793662182057,-0.2841090874870935,0.3830678199235049,0.07777368111127368
219,adaptshrink,4,-0.810129885929958,-1.206386290914781,-0.41387348094513515,-1.063950336333435
219,adaptshrink,5,0.5076708858895506,0.1241444277720391,0.891197344007062,0.34586049569332084
220,common_DL,1,-0.8126833526348778,-1.2095798341199073,-0.4157868711498482,-0.7582667224516153
220,common_DL,2,0.25780880201198353,-0.03976726902337063,0.5553848730473376,0.07276796076823398
220,common_DL,3,-0.43123859574656515,-0.7137295683264535,-0.14874762316667672,-0.263492160877117
220,common_DL,4,-0.9877874051852437,-1.4030587924739562,-0.5725160178965312,-1.08252480742987
220,common_DL,5,-0.02039812345848835,-0.3733326964400036,0.3325364495230269,-0.0545820207724817
220,comp_specific,1,-0.8595270186385691,-1.1040903454956075,-0.6149636917815307,-0.7582667224516153
220,comp_specific,2,0.2561769492296256,-0.04552812756034108,0.5578820260195922,0.07276796076823398
220,comp_specific,3,-0.4182168463577659,-0.7832514357518885,-0.05318225696364337,-0.263492160877117
220,comp_specific,4,-0.9718754537660323,-1.241157545145442,-0.7025933623866227,-1.08252480742987
220,comp_specific,5,-0.006632116414400757,-0.23873447869875633,0.22547024586995482,-0.0545820207724817
220,adaptshrink,1,-0.823116816211529,-1.1820823523580004,-0.4641512800650575,-0.7582667224516153
220,adaptshrink,2,0.2569839401550007,-0.04266648923896349,0.5566343695489648,0.07276796076823398
220,adaptshrink,3,-0.423008892257557,-0.7498025901347589,-0.09621519438035503,-0.263492160877117
220,adaptshrink,4,-0.9840411738450197,-1.3619386373606441,-0.6061437103293953,-1.08252480742987
220,adaptshrink,5,-0.015589432672576398,-0.3285055478365641,0.2973266824914113,-0.0545820207724817
221,common_DL,1,0.5084009802663086,0.22028361865647422,0.796518341876143,0.5043044719061192
221,common_DL,2,-0.1384975292534329,-0.4444105930770859,0.16741553457022013,-0.06044554887931451
221,common_DL,3,0.2294592648151788,-0.055206792877804,0.5141253225081617,0.14036509361992275
221,common_DL,4,0.3842146778187925,0.005228561837987256,0.7632007937995977,-0.049477468950612224
221,common_DL,5,-0.3241674379201245,-0.6623785179864841,0.014043642146235102,-0.04202839146486413
221,comp_specific,1,0.5130228769173832,0.213776094368336,0.8122696594664305,0.5043044719061192
221,comp_specific,2,-0.15773963980024244,-0.3968580803832808,0.08137880078279591,-0.06044554887931451
221,comp_specific,3,0.2222748608200167,-0.09007798175838447,0.5346277033984179,0.14036509361992275
221,comp_specific,4,0.3704714956937005,0.08598332415007504,0.654959667237326,-0.049477468950612224
221,comp_specific,5,-0.33401590364478306,-0.7718679407589628,0.10383613346939674,-0.04202839146486413
221,adaptshrink,1,0.5104590480423961,0.21749823546035696,0.8034198606244352,0.5043044719061192
221,adaptshrink,2,-0.14676839404691264,-0.42190939825979246,0.1283726101659672,-0.06044554887931451
221,adaptshrink,3,0.22532398494052588,-0.07367544137979012,0.5243234112608419,0.14036509361992275
221,adaptshrink,4,0.38123849300376667,0.030043847410722635,0.7324331385968107,-0.049477468950612224
221,adaptshrink,5,-0.32977921693732215,-0.7215226415614238,0.061964207686779516,-0.04202839146486413
222,common_DL,1,0.9813018562998307,0.6508976882224632,1.311706024377198,0.8656085990848867
222,common_DL,2,-0.05058852885140731,-0.3742334683136379,0.2730564106108233,-0.3507285541642405
222,common_DL,3,-0.08796210740974353,-0.4120735158233978,0.23614930100391074,0.05610608858259784
222,common_DL,4,-0.18625758655772723,-0.5404807559489058,0.1679655828334513,-0.31872100264216596
222,common_DL,5,-0.45537317429273294,-0.7830396457542913,-0.12770670283117458,-0.3222355056114495
222,comp_specific,1,0.9810174865208163,0.6489533597480954,1.3130816132935372,0.8656085990848867
222,comp_specific,2,-0.045796464243174434,-0.3818880479163189,0.29029511942997,-0.3507285541642405
222,comp_specific,3,-0.10917724150830715,-0.5729354213131853,0.354580938296571,0.05610608858259784
222,comp_specific,4,-0.2821342680772853,-0.45831443125846294,-0.10595410489610765,-0.31872100264216596
222,comp_specific,5,-0.4559605152122104,-0.6407453978254501,-0.2711756325989707,-0.3222355056114495
222,adaptshrink,1,0.9811592192283387,0.64992361678948,1.3123948216671975,0.8656085990848867
222,adaptshrink,2,-0.04812913523481916,-0.3780892232068492,0.28183095273721087,-0.3507285541642405
222,adaptshrink,3,-0.10176359102874705,-0.5040392778112194,0.3005120957537253,0.05610608858259784
222,adaptshrink,4,-0.20561594571930433,-0.5055321514643701,0.0943002600257615,-0.31872100264216596
222,adaptshrink,5,-0.4562143035112973,-0.7339240639314774,-0.1785045430911173,-0.3222355056114495
223,common_DL,1,0.586784174609785,0.261299460627408,0.9122688885921622,0.42983761467011977
223,common_DL,2,0.19186568525304934,-0.08596885564245763,0.46970022614855633,0.1437331262835575
223,common_DL,3,-0.013157675641321878,-0.3876368074053951,0.36132145612275135,-0.038549799843484105
223,common_DL,4,-0.3336977131882815,-0.6158538123699384,-0.05154161400662455,-0.20967477880026442
223,common_DL,5,-0.09473467507699199,-0.39460779580801186,0.20513844565402792,-0.29088022945017084
223,comp_specific,1,0.5759352806591074,0.2888522615355912,0.8630182997826236,0.42983761467011977
223,comp_specific,2,0.20146576450228926,-0.10992772558479913,0.5128592545893776,0.1437331262835575
223,comp_specific,3,-0.0016772283953715023,-0.4079091858355229,0.4045547290447799,-0.038549799843484105
223,comp_specific,4,-0.30525346639084827,-0.5103425598901373,-0.10016437289155924,-0.20967477880026442
223,comp_specific,5,-0.08432857554449362,-0.4713459037337478,0.30268875264476053,-0.29088022945017084
223,adaptshrink,1,0.5825142646608374,0.2727849503967396,0.8922435789249352,0.42983761467011977
223,adaptshrink,2,0.1963873149913012,-0.09648447374421198,0.48925910372681436,0.1437331262835575
223,adaptshrink,3,-0.008930914898715767,-0.39436568575757097,0.3765038559601394,-0.038549799843484105
223,adaptshrink,4,-0.32336049295774116,-0.571960332300412,-0.07476065361507037,-0.20967477880026442
223,adaptshrink,5,-0.08909090914333433,-0.42938267885531184,0.25120086056864316,-0.29088022945017084
224,common_DL,1,-0.6278257143189685,-1.0336424204164107,-0.2220090082215263,-0.3981308096488955
224,common_DL,2,-0.12399014437516465,-0.45428972794669303,0.20630943919636374,-0.032941301078494196
224,common_DL,3,0.009327371869842505,-0.3031570683114617,0.32181181205114673,0.1581163404678521
224,common_DL,4,-0.0984167037154349,-0.39660817519949965,0.19977476776862987,-0.05570042648501579
224,common_DL,5,-0.6637390750174613,-0.9821350927041033,-0.3453430573308194,-0.8482264865565887
224,comp_specific,1,-0.6223356837413728,-1.0034276187233933,-0.2412437487593524,-0.3981308096488955
224,comp_specific,2,-0.10856086366720846,-0.6072629233615816,0.3901411960271647,-0.032941301078494196
224,comp_specific,3,0.012945151592371945,-0.22140564116739928,0.24729594435214317,0.1581163404678521
224,comp_specific,4,-0.11045934746683814,-0.31116275154336404,0.09024405660968776,-0.05570042648501579
224,comp_specific,5,-0.6528620322409411,-1.0388420924687076,-0.2668819720131745,-0.8482264865565887
224,adaptshrink,1,-0.6260881662920889,-1.023976579551988,-0.22819975303218987,-0.3981308096488955
224,adaptshrink,2,-0.11507921548064848,-0.5266200625429864,0.29646163158168953,-0.032941301078494196
224,adaptshrink,3,0.01058249703137007,-0.26627709679223854,0.28744209085497874,0.1581163404678521
224,adaptshrink,4,-0.10419809773420888,-0.36040041619466,0.15200422072624228,-0.05570042648501579
224,adaptshrink,5,-0.6577340574967151,-1.0069338142599424,-0.3085343007334878,-0.8482264865565887
225,common_DL,1,0.12636220888752508,-0.18211359781591996,0.43483801559097013,0.08531581686800793
225,common_DL,2,0.18873244367330289,-0.18293527357491302,0.5604001609215188,0.2511966305251469
225,common_DL,3,-0.7131879306101649,-1.0921415978527076,-0.3342342633676222,-0.7156337863104002
225,common_DL,4,0.23818620700104665,-0.03481717284677038,0.5111895868488636,0.146810584338074
225,common_DL,5,-0.014722368170848647,-0.38727786884899584,0.35783313250729853,-0.4235574790322285
225,comp_specific,1,0.13305787274970768,-0.1532209742280329,0.41933671972744824,0.08531581686800793
225,comp_specific,2,0.1815087846684182,-0.3034023087919837,0.6664198781288201,0.2511966305251469
225,comp_specific,3,-0.7009608529703918,-1.0081306936602472,-0.3937910122805364,-0.7156337863104002
225,comp_specific,4,0.24129994229782142,-0.05257898867670108,0.5351788732723439,0.146810584338074
225,comp_specific,5,0.007139970605845567,-0.2417547252121074,0.2560346664237985,-0.4235574790322285
225,adaptshrink,1,0.1294701846636664,-0.16816250311241798,0.42710287243975076,0.08531581686800793
225,adaptshrink,2,0.18516531066196437,-0.23914332508740163,0.6094739464113303,0.2511966305251469
225,adaptshrink,3,-0.709869682712998,-1.0669097078746135,-0.3528296575513825,-0.7156337863104002
225,adaptshrink,4,0.23987450066588326,-0.043848473354043765,0.5235974746858103,0.146810584338074
225,adaptshrink,5,-0.011059967479525243,-0.3503132569279521,0.3281933219689016,-0.4235574790322285
226,common_DL,1,0.09677586155738263,-0.16613429398644022,0.3596860171012055,0.02164056292794575
226,common_DL,2,-0.9681319908172463,-1.3808648053183588,-0.5553991763161339,-0.8482065111973024
226,common_DL,3,-0.5333145872879522,-0.7910815324262974,-0.2755476421496071,-0.2909837008126296
226,common_DL,4,0.6166022595776094,0.24244350198549608,0.9907610171697228,0.5737895201806463
226,common_DL,5,0.9685019994886829,0.7217616706648284,1.2152423283125373,0.8840466893424931
226,comp_specific,1,0.07689121779132421,-0.3061649373070532,0.45994737288970167,0.02164056292794575
226,comp_specific,2,-0.9683182798692521,-1.337795928589915,-0.5988406311485892,-0.8482065111973024
226,comp_specific,3,-0.5818825604227514,-0.7472524791982316,-0.4165126416472713,-0.2909837008126296
226,comp_specific,4,0.6485144294506482,0.19511581509210957,1.1019130438091869,0.5737895201806463
226,comp_specific,5,0.9789518451441331,0.7587516648349616,1.1991520254533046,0.8840466893424931
226,adaptshrink,1,0.0823276123932127,-0.24049180764712388,0.4051470324335493,0.02164056292794575
226,adaptshrink,2,-0.9681731704909374,-1.3670556609870808,-0.569290679994794,-0.8482065111973024
226,adaptshrink,3,-0.5470928368939018,-0.7729081897167613,-0.3212774840710422,-0.2909837008126296
226,adaptshrink,4,0.6299157429471111,0.22709246067254774,1.0327390252216744,0.5737895201806463
226,adaptshrink,5,0.9723918433384787,0.7364955781947367,1.2082881084822208,0.8840466893424931
227,common_DL,1,-0.07869009325593937,-0.4325439958955073,0.2751638093836285,-0.26020329227117595
227,common_DL,2,-0.19021933265004026,-0.5932261958690221,0.21278753056894167,-0.4107013070627795
227,common_DL,3,-0.2234288513131964,-0.6134232642401165,0.16656556161372377,-0.2512932807825213
227,common_DL,4,0.8142996416212818,0.4376638671997407,1.190935416042823,0.8432412732163683
227,common_DL,5,0.08981187456719515,-0.28458301731882124,0.4642067664532115,0.31050647841760604
227,comp_specific,1,-0.0735969527470029,-0.5421190881241266,0.3949251826301208,-0.26020329227117595
227,comp_specific,2,-0.20287676410558492,-0.3914148235343924,-0.014338704676777475,-0.4107013070627795
227,comp_specific,3,-0.2781704914044315,-0.5122632354001255,-0.044077747408737517,-0.2512932807825213
227,comp_specific,4,0.8165380470635302,0.45606753408118916,1.1770085600458713,0.8432412732163683
227,comp_specific,5,0.07756377014278451,-0.3248632652638209,0.47999080554939,0.31050647841760604
227,adaptshrink,1,-0.0757855769969285,-0.49172545442052945,0.34015430042667244,-0.26020329227117595
227,adaptshrink,2,-0.19119893600792345,-0.5339410919312332,0.15154321991538625,-0.4107013070627795
227,adaptshrink,3,-0.2361775781444718,-0.5711318299175965,0.09877667362865292,-0.2512932807825213
227,adaptshrink,4,0.815392516441254,0.4467390511055267,1.1840459817769813,0.8432412732163683
227,adaptshrink,5,0.08422551595786394,-0.30251134000358215,0.47096237191931,0.31050647841760604
228,common_DL,1,0.15687671559280908,-0.13009119448040868,0.44384462566602684,0.34673724811821965
228,common_DL,2,-0.889941758406559,-1.1458764572649416,-0.6340070595481764,-0.724428976847702
228,common_DL,3,-0.47154292472841297,-0.7933642405460373,-0.14972160891078862,-0.10276512930318026
228,common_DL,4,0.35981055155765657,0.04620566789487757,0.6734154352204356,0.31700097339057803
228,common_DL,5,-0.7954970274683246,-1.0474303346338778,-0.5435637203027714,-0.5958383552159915
228,comp_specific,1,0.14607907783871837,-0.22601773498797517,0.5181758906654119,0.34673724811821965
228,comp_specific,2,-0.9183738555087635,-1.1133508204659712,-0.7233968905515558,-0.724428976847702
228,comp_specific,3,-0.46336048855377543,-0.7703484624018015,-0.15637251470574937,-0.10276512930318026
228,comp_specific,4,0.3580686147102002,0.03174640446099608,0.6843908249594043,0.31700097339057803
228,comp_specific,5,-0.795106738513947,-1.0524546217250732,-0.5377588553028206,-0.5958383552159915
228,adaptshrink,1,0.15193565808289888,-0.1660274924320287,0.46989880859782646,0.34673724811821965
228,adaptshrink,2,-0.8999217461883465,-1.1337218695610987,-0.6661216228155943,-0.724428976847702
228,adaptshrink,3,-0.46768766564075537,-0.7822490756856242,-0.15312625559588655,-0.10276512930318026
228,adaptshrink,4,0.35903866341501056,0.03988191332193203,0.6781954135080891,0.31700097339057803
228,adaptshrink,5,-0.795289776538162,-1.0499517487388055,-0.5406278043375186,-0.5958383552159915
229,common_DL,1,-0.646867635550789,-1.0222325896360542,-0.27150268146552364,-0.409159537781396
229,common_DL,2,0.0717589229514875,-0.29033075605336134,0.43384860195633634,0.25412971247791794
229,common_DL,3,0.06475704665906362,-0.27266920575069037,0.4021832990688176,0.010994295418238887
229,common_DL,4,-1.0297042231797615,-1.429774504752125,-0.6296339416073978,-0.9317009100061446
229,common_DL,5,-0.4487483370566357,-0.7518308268994771,-0.14566584721379422,-0.4297838057630155
229,comp_specific,1,-0.6436902979865596,-0.9080555440010076,-0.3793250519721116,-0.409159537781396
229,comp_specific,2,0.07456127316599792,-0.30627964778749284,0.4554021941194887,0.25412971247791794
229,comp_specific,3,0.05633623642934965,-0.24106657503844947,0.3537390478971488,0.010994295418238887
229,comp_specific,4,-0.9955301466259888,-1.3092987789351438,-0.6817615143168338,-0.9317009100061446
229,comp_specific,5,-0.4761575884596755,-0.8545895554881278,-0.09772562143122315,-0.4297838057630155
229,adaptshrink,1,-0.6462915682924879,-0.9888470186794138,-0.30373611790556193,-0.409159537781396
229,adaptshrink,2,0.07324078490503089,-0.2983590028469936,0.4448405726570554,0.25412971247791794
229,adaptshrink,3,0.06124437213639061,-0.2599767752127239,0.3824655194855051,0.010994295418238887
229,adaptshrink,4,-1.01856295499763,-1.385117337012991,-0.652008572982269,-0.9317009100061446
229,adaptshrink,5,-0.46577606004698424,-0.80935014294729,-0.12220197714667852,-0.4297838057630155
230,common_DL,1,0.5206987298200826,0.09863741208065074,0.9427600475595144,0.6904804622405452
230,common_DL,2,-0.5986798755666737,-0.7570365361116458,-0.44032321502170163,-0.5647168355164617
230,common_DL,3,0.7723043292689694,0.5800580360374157,0.9645506225005231,0.6969336180395622
230,common_DL,4,0.04402598290054823,-0.18505420362853364,0.2731061694296301,0.2369165242685658
230,common_DL,5,-0.15855699311544003,-0.4087920943430109,0.09167810811213084,-0.08112255161413759
230,comp_specific,1,0.5206987298200821,0.09863741208065024,0.942760047559514,0.6904804622405452
230,comp_specific,2,-0.5986798755666731,-0.7570365361116451,-0.44032321502170113,-0.5647168355164617
230,comp_specific,3,0.7723043292689689,0.5800580360374152,0.9645506225005225,0.6969336180395622
230,comp_specific,4,0.04402598290054849,-0.18505420362853336,0.27310616942963034,0.2369165242685658
230,comp_specific,5,-0.07002517269811354,-0.462301562608029,0.32225121721180194,-0.08112255161413759
230,adaptshrink,1,0.520698729820085,0.09863741208065296,0.942760047559517,0.6904804622405452
230,adaptshrink,2,-0.5986798755666739,-0.757036536111646,-0.4403232150217018,-0.5647168355164617
230,adaptshrink,3,0.7723043292689691,0.5800580360374155,0.9645506225005227,0.6969336180395622
230,adaptshrink,4,0.04402598290054862,-0.18505420362853325,0.2731061694296305,0.2369165242685658
230,adaptshrink,5,-0.10330395115786344,-0.42696902622913774,0.22036112391341084,-0.08112255161413759
231,common_DL,1,0.3122372790877135,0.09817058354797278,0.5263039746274542,0.36864819639890545
231,common_DL,2,-0.41755949824657823,-0.7019943752575255,-0.13312462123563096,-0.434990621260624
231,common_DL,3,0.0787150079594621,-0.10028979799158452,0.2577198139105087,0.06784099410924813
231,common_DL,4,0.7908869627562651,0.6080774739291783,0.9736964515833519,0.8305145087469199
231,common_DL,5,-0.04660581382512172,-0.22312495391310708,0.12991332626286364,-0.06957077521393981
231,comp_specific,1,0.31098720502504307,0.10585471694058243,0.5161196931095037,0.36864819639890545
231,comp_specific,2,-0.41894675443383633,-0.6974216890845861,-0.14047181978308654,-0.434990621260624
231,comp_specific,3,0.051394712355238625,-0.21607224731463598,0.31886167202511323,0.06784099410924813
231,comp_specific,4,0.8091858775592151,0.6007932130021395,1.0175785421162908,0.8305145087469199
231,comp_specific,5,-0.04582222899999239,-0.2108816955724661,0.11923723757248134,-0.06957077521393981
231,adaptshrink,1,0.3116314713842616,0.10194269127065558,0.5213202514978676,0.36864819639890545
231,adaptshrink,2,-0.4181417746871199,-0.7000419470483565,-0.13624160232588317,-0.434990621260624
231,adaptshrink,3,0.06244945239535203,-0.16023034577616735,0.28512925056687144,0.06784099410924813
231,adaptshrink,4,0.8008621475455492,0.60426245339189,0.9974618416992084,0.8305145087469199
231,adaptshrink,5,-0.046236720778603455,-0.2172047330475665,0.12473129149035957,-0.06957077521393981
232,common_DL,1,0.6712587935665432,0.45993335330302376,0.8825842338300626,0.5871366735281193
232,common_DL,2,-0.5524681085830184,-0.7591135742123787,-0.3458226429536582,-0.8593451561347182
232,common_DL,3,0.3441617888219739,0.14635121592094869,0.5419723617229991,0.04751019540092991
232,common_DL,4,0.13989664518786774,-0.04700055994514979,0.32679385032088526,0.09443757293784412
232,common_DL,5,0.22682733885780637,0.04766459130875916,0.4059900864068536,0.1027708924367992
232,comp_specific,1,0.4949296600685986,0.0944221417423865,0.8954371783948107,0.5871366735281193
232,comp_specific,2,-0.5524681085830195,-0.7591135742123798,-0.3458226429536593,-0.8593451561347182
232,comp_specific,3,0.34416178882197346,0.14635121592094824,0.5419723617229987,0.04751019540092991
232,comp_specific,4,0.13989664518786682,-0.04700055994515076,0.32679385032088437,0.09443757293784412
232,comp_specific,5,0.22682733885780584,0.047664591308758886,0.4059900864068528,0.1027708924367992
232,adaptshrink,1,0.5463907093232853,0.21731940753345302,0.8754620111131175,0.5871366735281193
232,adaptshrink,2,-0.5524681085830193,-0.7591135742123796,-0.34582264295365905,-0.8593451561347182
232,adaptshrink,3,0.34416178882197324,0.14635121592094802,0.5419723617229985,0.04751019540092991
232,adaptshrink,4,0.13989664518786699,-0.04700055994515054,0.3267938503208845,0.09443757293784412
232,adaptshrink,5,0.22682733885780598,0.047664591308759,0.40599008640685297,0.1027708924367992
233,common_DL,1,0.0015961362441153787,-0.2401241853148945,0.24331645780312522,0.2797689198978948
233,common_DL,2,0.06267359914233916,-0.24076713622429047,0.3661143345089688,0.15474624053646516
233,common_DL,3,0.38411439056000096,0.14202460026761665,0.6262041808523853,0.6306831043240458
233,common_DL,4,0.25059115716057206,0.029848857922067012,0.4713334563990771,0.20026255240983687
233,common_DL,5,0.004633183665581228,-0.21169703481037366,0.2209634021415361,0.09467356365115709
233,comp_specific,1,0.10571579029718653,-0.2693503023329016,0.48078188292727464,0.2797689198978948
233,comp_specific,2,0.04868114193317567,-0.21236693796769118,0.30972922183404256,0.15474624053646516
233,comp_specific,3,0.3703815068341774,0.1856714031378248,0.55509161053053,0.6306831043240458
233,comp_specific,4,0.26233539851284415,-0.004492343702718893,0.5291631407284072,0.20026255240983687
233,comp_specific,5,-0.009354914156010252,-0.17716536181503434,0.15845553350301383,0.09467356365115709
233,adaptshrink,1,0.05871519766335044,-0.25123082856310536,0.3686612238898062,0.2797689198978948
233,adaptshrink,2,0.058725165818496655,-0.2317104856022468,0.3491608172392401,0.15474624053646516
233,adaptshrink,3,0.37974507026309035,0.1593851677097394,0.6001049728164413,0.6306831043240458
233,adaptshrink,4,0.25770775192055595,0.01207865937155797,0.503336844469554,0.20026255240983687
233,adaptshrink,5,-0.0006925964177513511,-0.19530238942215158,0.19391719658664888,0.09467356365115709
234,common_DL,1,0.5759185457507817,0.3333978908264687,0.8184392006750947,0.4274938665697817
234,common_DL,2,-0.3563888119185144,-0.607458777256288,-0.10531884658074075,-0.3519204261576454
234,common_DL,3,0.5157998652846805,0.2844781531595387,0.7471215774098222,0.43701528492580266
234,common_DL,4,0.5206933765845561,0.28477589228745515,0.756610860881657,0.6170622220778791
234,common_DL,5,-0.8840847645856187,-1.0701463479914233,-0.6980231811798142,-0.7257980988332788
234,comp_specific,1,0.5399220761811847,0.12322138927606185,0.9566227630863076,0.4274938665697817
234,comp_specific,2,-0.3610903762941433,-0.7421848325200595,0.020004079931772834,-0.3519204261576454
234,comp_specific,3,0.5246318778828931,0.3293095500486314,0.7199542057171548,0.43701528492580266
234,comp_specific,4,0.517924042068857,0.2960639338360453,0.7397841503016687,0.6170622220778791
234,comp_specific,5,-0.889446654471468,-1.0564222466018862,-0.7224710623410496,-0.7257980988332788
234,adaptshrink,1,0.5562305608581345,0.2159342083317709,0.8965269133844981,0.4274938665697817
234,adaptshrink,2,-0.3579696711265165,-0.6737580428128939,-0.04218129944013915,-0.3519204261576454
234,adaptshrink,3,0.5185537371030227,0.298132335006841,0.7389751391992043,0.43701528492580266
234,adaptshrink,4,0.519392617095504,0.29031707320469236,0.7484681609863156,0.6170622220778791
234,adaptshrink,5,-0.8865883662252504,-1.0635434371415529,-0.709633295308948,-0.7257980988332788
235,common_DL,1,0.27677793184105276,-0.08009898184192776,0.6336548455240333,0.2495167015589125
235,common_DL,2,0.13856758119083856,-0.14556929561397192,0.42270445799564904,0.1293350662413618
235,common_DL,3,-0.2470744277285093,-0.5342927581440438,0.04014390268702511,-0.19870445300694414
235,common_DL,4,0.43837915677634587,0.13942609719453491,0.7373322163581568,0.10368331091207694
235,common_DL,5,0.14102630560245077,-0.20581194719613805,0.4878645584010396,-0.049680023371565483
235,comp_specific,1,0.27885921413670445,-0.05407598007374215,0.611794408347151,0.2495167015589125
235,comp_specific,2,0.12514483113588384,-0.08587076412228087,0.33616042639404853,0.1293350662413618
235,comp_specific,3,-0.2530709158659397,-0.5514603583863702,0.04531852665449082,-0.19870445300694414
235,comp_specific,4,0.43202996621651196,0.06463964947362921,0.7994202829593947,0.10368331091207694
235,comp_specific,5,0.13938193438345625,-0.21072793186407973,0.48949180063099224,-0.049680023371565483
235,adaptshrink,1,0.2777188160452908,-0.06741710603818529,0.6228547381287669,0.2495167015589125
235,adaptshrink,2,0.13353945497975545,-0.12271167145714684,0.38979058141665773,0.1293350662413618
235,adaptshrink,3,-0.24974036686823337,-0.5418203672849919,0.04233963354852516,-0.19870445300694414
235,adaptshrink,4,0.43555220877240514,0.10524373348862259,0.7658606840561877,0.10368331091207694
235,adaptshrink,5,0.14047277181303783,-0.2074612585253647,0.4884068021514404,-0.049680023371565483
236,common_DL,1,0.42696043189080335,0.20480037125663395,0.6491204925249727,0.25466617212925
236,common_DL,2,0.0729178659534803,-0.14118684943352627,0.28702258134048686,0.26970380011258394
236,common_DL,3,1.2424636266064149,0.9739517847723003,1.5109754684405294,1.2157500058783235
236,common_DL,4,0.3290013359526304,0.16223642330265556,0.4957662486026053,0.28539182520557715
236,common_DL,5,-0.3255926574448848,-0.5518432653151402,-0.09934204957462939,-0.5844654214020149
236,comp_specific,1,0.4490129465392114,0.1539885398263917,0.7440373532520311,0.25466617212925
236,comp_specific,2,0.06679919049141031,-0.17181554220960368,0.30541392319242433,0.26970380011258394
236,comp_specific,3,1.2424636266064149,0.9739517847723003,1.5109754684405294,1.2157500058783235
236,comp_specific,4,0.3290013359526301,0.16223642330265528,0.4957662486026049,0.28539182520557715
236,comp_specific,5,-0.3995457459840884,-0.7629460978615534,-0.036145394106623374,-0.5844654214020149
236,adaptshrink,1,0.4372999745924874,0.18809405316969036,0.6865058960152843,0.25466617212925
236,adaptshrink,2,0.06948417065232507,-0.1575602454818776,0.2965285867865277,0.26970380011258394
236,adaptshrink,3,1.2424636266064146,0.9739517847723,1.5109754684405292,1.2157500058783235
236,adaptshrink,4,0.32900133595263004,0.1622364233026552,0.4957662486026049,0.28539182520557715
236,adaptshrink,5,-0.3603360365532284,-0.6426641105685911,-0.07800796253786563,-0.5844654214020149
237,common_DL,1,-0.43472882285793246,-0.7075682446228182,-0.16188940109304673,-0.46320323638453004
237,common_DL,2,0.014654707152554486,-0.24077220361900017,0.2700816179241091,-0.10303526878488448
237,common_DL,3,0.584790911399719,0.3828663376538154,0.7867154851456225,0.4573647786970398
237,common_DL,4,0.17466104961425016,-0.06337537300000926,0.4126974722285096,0.229711979077111
237,common_DL,5,-1.182283645202977,-1.4005878634420212,-0.9639794269639328,-1.1188370192951407
237,comp_specific,1,-0.3361778512281444,-0.7191678104054169,0.0468121079491281,-0.46320323638453004
237,comp_specific,2,0.033418398001296465,-0.17432564287857744,0.2411624388811704,-0.10303526878488448
237,comp_specific,3,0.5782785158476345,0.3576675234394826,0.7988895082557863,0.4573647786970398
237,comp_specific,4,0.1728542712934465,-0.027988970567648958,0.3736975131545419,0.229711979077111
237,comp_specific,5,-1.1775588761156037,-1.4198682058668641,-0.9352495463643433,-1.1188370192951407
237,adaptshrink,1,-0.37675456161529797,-0.7061168796811201,-0.0473922435494758,-0.46320323638453004
237,adaptshrink,2,0.02168262098925533,-0.21578127858531929,0.2591465205638299,-0.10303526878488448
237,adaptshrink,3,0.5818847665692086,0.37165744517336996,0.7921120879650473,0.4573647786970398
237,adaptshrink,4,0.17433430656563106,-0.0521697423960539,0.40083835552731606,0.229711979077111
237,adaptshrink,5,-1.180348960482464,-1.40938661275969,-0.951311308205238,-1.1188370192951407
238,common_DL,1,-0.2555941250933913,-0.6782619269297157,0.16707367674293305,-0.32986839151130987
238,common_DL,2,-0.31037194518318456,-0.85175991815633,0.2310160277899609,-0.21470223796941473
238,common_DL,3,0.7395393163702828,0.18170715830076867,1.2973714744397968,0.561292209585259
238,common_DL,4,0.7190306976420322,0.14247153665944956,1.2955898586246148,0.6457166800729708
238,common_DL,5,-0.619986748981634,-1.2310188496795877,-0.008954648283680311,-0.42570867533555856
238,comp_specific,1,-0.25309552747091135,-0.786934043196545,0.2807429882547223,-0.32986839151130987
238,comp_specific,2,-0.28889749850122165,-0.6443697992107175,0.06657480220827416,-0.21470223796941473
238,comp_specific,3,0.771546971467937,0.39509794984816576,1.1479959930877084,0.561292209585259
238,comp_specific,4,0.748103553609516,0.4927371110753965,1.0034699961436355,0.6457166800729708
238,comp_specific,5,-0.7094412020327666,-0.9867878017263864,-0.43209460233914687,-0.42570867533555856
238,adaptshrink,1,-0.2541562577837302,-0.7358434275635557,0.22753091199609526,-0.32986839151130987
238,adaptshrink,2,-0.3063869394146418,-0.7942829495168309,0.18150907068754724,-0.21470223796941473
238,adaptshrink,3,0.7462482703629311,0.24079638098934475,1.2517001597365174,0.561292209585259
238,adaptshrink,4,0.7232125859060152,0.22473226026080245,1.221692911551228,0.6457166800729708
238,adaptshrink,5,-0.6318882560222262,-1.1660194392460133,-0.09775707279843926,-0.42570867533555856
239,common_DL,1,-0.07316352625256672,-0.38837041179182896,0.24204335928669551,-0.20121525100554707
239,common_DL,2,-0.753391692434336,-1.1010413888810329,-0.4057419959876392,-0.7023740704728693
239,common_DL,3,0.03572318374527525,-0.22366970451361903,0.29511607200416956,-0.1351269168834666
239,common_DL,4,0.3272776226335385,0.08230309608514014,0.5722521491819368,0.41650165975886067
239,common_DL,5,-0.6277980401875294,-0.8974216174513716,-0.35817446292368715,-0.8338856695375173
239,comp_specific,1,-0.07613092501734324,-0.2700078615282444,0.11774601149355791,-0.20121525100554707
239,comp_specific,2,-0.7276245983237292,-1.2795901119349486,-0.17565908471250968,-0.7023740704728693
239,comp_specific,3,0.03589225383402053,-0.256319642757873,0.328104150425914,-0.1351269168834666
239,comp_specific,4,0.3207852923503235,0.04564542639661284,0.5959251583040341,0.41650165975886067
239,comp_specific,5,-0.6380863184693814,-0.8102382509013082,-0.4659343860374546,-0.8338856695375173
239,adaptshrink,1,-0.0747801632968946,-0.3589885619558816,0.20942823536209235,-0.20121525100554707
239,adaptshrink,2,-0.7401186937007396,-1.1676658900185204,-0.3125714973829588,-0.7023740704728693
239,adaptshrink,3,0.03571426473576636,-0.24069581835429962,0.3121243478258323,-0.1351269168834666
239,adaptshrink,4,0.3234980602083144,0.06284337158508163,0.5841527488315472,0.41650165975886067
239,adaptshrink,5,-0.630037627255104,-0.8625775321037472,-0.39749772240646086,-0.8338856695375173
240,common_DL,1,1.334569904437067,0.829055971429431,1.8400838374447028,1.2372088392113207
240,common_DL,2,-0.00017549192929322555,-0.41241700406408494,0.4120660202054985,0.02951718374772218
240,common_DL,3,-1.1256124923187178,-1.5234267718937877,-0.727798212743648,-0.861461680599567
240,common_DL,4,0.7067826184703127,0.2038376135885761,1.209727623352049,0.9902719647688085
240,common_DL,5,-0.32604727662601485,-0.844833595022411,0.19273904177038126,-0.43551468521187076
240,comp_specific,1,1.3264382482264767,0.7927179100396929,1.8601585864132604,1.2372088392113207
240,comp_specific,2,-0.02990865749690247,-0.24360789422837115,0.1837905792345662,0.02951718374772218
240,comp_specific,3,-1.1447560164700652,-1.5892129400212727,-0.7002990929188578,-0.861461680599567
240,comp_specific,4,0.7262448745380559,-0.0059395055270261565,1.4584292546031379,0.9902719647688085
240,comp_specific,5,-0.343304105440239,-0.7804965578733416,0.09388834699286364,-0.43551468521187076
240,adaptshrink,1,1.3316755646274592,0.8165564496300013,1.846794679624917,1.2372088392113207
240,adaptshrink,2,-0.00588451781838599,-0.35041014536694975,0.33864110973017775,0.02951718374772218
240,adaptshrink,3,-1.1363976716857982,-1.5583357471646828,-0.7144595962069136,-0.861461680599567
240,adaptshrink,4,0.7190705152360434,0.106636423244025,1.3315046072280619,0.9902719647688085
240,adaptshrink,5,-0.3310250972388372,-0.8246676838186452,0.16261748934097076,-0.43551468521187076
241,common_DL,1,-1.2625617806062561,-1.5574643338431617,-0.9676592273693505,-1.3574567165710498
241,common_DL,2,0.24556515294004574,0.058622853298233274,0.4325074525818582,0.5967923949601078
241,common_DL,3,0.7246207360900093,0.49868815163799396,0.9505533205420247,0.7951079633104985
241,common_DL,4,0.05305739885138021,-0.09512889279103125,0.20124369049379165,0.07154939679937769
241,common_DL,5,0.3113488720111268,0.0602150337606317,0.5624827102616219,0.023617888764951623
241,comp_specific,1,-1.2615739812098647,-1.5463405533338055,-0.976807409085924,-1.3574567165710498
241,comp_specific,2,0.24127540896535768,0.05012282522424821,0.43242799270646715,0.5967923949601078
241,comp_specific,3,0.7222180785015191,0.5035428034036737,0.9408933535993644,0.7951079633104985
241,comp_specific,4,0.05217901803885183,-0.08432832701821694,0.1886863630959206,0.07154939679937769
241,comp_specific,5,0.2722132359605138,-0.16776747421756777,0.7121939461385953,0.023617888764951623
241,adaptshrink,1,-1.262237561234654,-1.5538303100604065,-0.9706448124089013,-1.3574567165710498
241,adaptshrink,2,0.24338414667699867,0.054309017100879514,0.43245927625311786,0.5967923949601078
241,adaptshrink,3,0.7234407273119693,0.5010873717533629,0.9457940828705756,0.7951079633104985
241,adaptshrink,4,0.05260786482557905,-0.08990026163926729,0.1951159912904254,0.07154939679937769
241,adaptshrink,5,0.28192087395774573,-0.06516646957000521,0.6290082174854967,0.023617888764951623
242,common_DL,1,0.6413890017955802,0.362436951331575,0.9203410522595854,0.33097422158230505
242,common_DL,2,0.5073931870416472,0.2758623752951018,0.7389239987881925,0.6118851303404849
242,common_DL,3,-0.6167935077296861,-0.87388179084903,-0.35970522461034227,-0.8277458284014364
242,common_DL,4,-0.565548441285519,-0.8736297695907178,-0.25746711298032016,-0.5000109852372098
242,common_DL,5,-0.9894124134984307,-1.248361235508668,-0.7304635914881934,-0.5809073977340585
242,comp_specific,1,0.6413890017955756,0.3624369513315703,0.9203410522595808,0.33097422158230505
242,comp_specific,2,0.5073931870416404,0.27586237529509516,0.7389239987881856,0.6118851303404849
242,comp_specific,3,-0.6167935077296911,-0.8738817908490351,-0.3597052246103472,-0.8277458284014364
242,comp_specific,4,-0.5655484412855252,-0.873629769590724,-0.2574671129803264,-0.5000109852372098
242,comp_specific,5,-0.9250960166788545,-1.3010265023994763,-0.5491655309582328,-0.5809073977340585
242,adaptshrink,1,0.6413890017955763,0.36243695133157094,0.9203410522595817,0.33097422158230505
242,adaptshrink,2,0.5073931870416413,0.27586237529509605,0.7389239987881865,0.6118851303404849
242,adaptshrink,3,-0.6167935077296917,-0.8738817908490356,-0.3597052246103477,-0.8277458284014364
242,adaptshrink,4,-0.5655484412855261,-0.8736297695907249,-0.25746711298032715,-0.5000109852372098
242,adaptshrink,5,-0.9577793324977293,-1.2643790560344217,-0.6511796089610369,-0.5809073977340585
243,common_DL,1,-0.10315393930168476,-0.3196693982816876,0.11336151967831812,0.11743820348288662
243,common_DL,2,0.01986416266703278,-0.26335530632523796,0.3030836316593035,-0.24782611342479374
243,common_DL,3,-1.0780309822123177,-1.3845606335946874,-0.7715013308299481,-1.0651550080045744
243,common_DL,4,-0.6672694647538898,-0.9556993042882351,-0.3788396252195445,-0.4666990368507247
243,common_DL,5,-0.7555833963742791,-1.006065671100201,-0.5051011216483572,-0.7969939898166564
243,comp_specific,1,-0.06885501005109618,-0.22142607651216945,0.08371605640997709,0.11743820348288662
243,comp_specific,2,0.003079057409271835,-0.2421996054478607,0.24835772026640437,-0.24782611342479374
243,comp_specific,3,-1.0719832465456107,-1.3513493989960108,-0.7926170940952106,-1.0651550080045744
243,comp_specific,4,-0.6774771424740171,-0.9378125232473008,-0.41714176170073347,-0.4666990368507247
243,comp_specific,5,-0.6015062813844168,-1.0860342428937722,-0.11697831987506135,-0.7969939898166564
243,adaptshrink,1,-0.09219819638355986,-0.28192673922218336,0.09753034645506364,0.11743820348288662
243,adaptshrink,2,0.013373404153347812,-0.25445553381930236,0.281202342125998,-0.24782611342479374
243,adaptshrink,3,-1.0754169338581132,-1.368867033143423,-0.7819668345728035,-1.0651550080045744
243,adaptshrink,4,-0.671910893728007,-0.9468105230838081,-0.397011264372206,-0.4666990368507247
243,adaptshrink,5,-0.6437627394920689,-1.0228399763042852,-0.2646855026798526,-0.7969939898166564
244,common_DL,1,0.03753507598209839,-0.39255293687255494,0.4676230888367517,-0.019557666273101945
244,common_DL,2,-0.38285360096296517,-0.83319859047321,0.06749138854727965,-0.4296093195455659
244,common_DL,3,-0.17799386972152936,-0.7186148258331417,0.36262708639008306,-0.18161040762954767
244,common_DL,4,-0.22711773690657372,-0.5945625328596976,0.14032705904655018,-0.2993653399152196
244,common_DL,5,0.3100903973912681,-0.050481941331670666,0.6706627361142068,0.15543635741454132
244,comp_specific,1,-0.011130909480749962,-0.6129842327178137,0.5907224137563136,-0.019557666273101945
244,comp_specific,2,-0.43480760160694765,-0.7209473963519284,-0.1486678068619669,-0.4296093195455659
244,comp_specific,3,-0.1785076494154717,-0.618860526152849,0.2618452273219056,-0.18161040762954767
244,comp_specific,4,-0.3021176263473101,-0.8381599736673095,0.23392472097268935,-0.2993653399152196
244,comp_specific,5,0.3196403310659883,0.13791668073163754,0.5013639814003391,0.15543635741454132
244,adaptshrink,1,0.014526337632606481,-0.4801666307427942,0.5092193060080071,-0.019557666273101945
244,adaptshrink,2,-0.3929239381273179,-0.8002945402251048,0.01444666397046901,-0.4296093195455659
244,adaptshrink,3,-0.1781313174035528,-0.6876562682192068,0.33139363341210115,-0.18161040762954767
244,adaptshrink,4,-0.27382995296698004,-0.7233266032556867,0.17566669732172663,-0.2993653399152196
244,adaptshrink,5,0.30930300002929095,0.004985725280975406,0.6136202747776065,0.15543635741454132
245,common_DL,1,0.37720583537707214,-0.10779766141657526,0.8622093321707196,0.430206384475603
245,common_DL,2,-0.37661214490924744,-0.6858124221947427,-0.06741186762375218,-0.3312035315614171
245,common_DL,3,0.3785193269097306,-0.07087124696443603,0.8279099007838973,0.31033380277008576
245,common_DL,4,0.1955526059529864,-0.1580000218749067,0.5491052337808795,0.15235469021419426
245,common_DL,5,0.09777550402431667,-0.18584893770614375,0.3813999457547771,0.2780546694355555
245,comp_specific,1,0.3824151181315639,-0.009616178203850856,0.7744464144669787,0.430206384475603
245,comp_specific,2,-0.37320734425550295,-0.5635713553442661,-0.18284333316673984,-0.3312035315614171
245,comp_specific,3,0.35580725915406186,-0.20361898311490456,0.9152335014230283,0.31033380277008576
245,comp_specific,4,0.20699299318793685,-0.0910725830822901,0.5050585694581637,0.15235469021419426
245,comp_specific,5,0.12272541946386975,-0.24260337463469187,0.4880542135624314,0.2780546694355555
245,adaptshrink,1,0.37850626157652817,-0.07774134869190302,0.8347538718449594,0.430206384475603
245,adaptshrink,2,-0.3758100075536984,-0.6366535012341159,-0.114966513873281,-0.3312035315614171
245,adaptshrink,3,0.3682114574599727,-0.12155113010290969,0.857974045022855,0.31033380277008576
245,adaptshrink,4,0.19925478727033383,-0.13253001168646242,0.5310395862271301,0.15235469021419426
245,adaptshrink,5,0.11252516401320464,-0.21509462151097244,0.4401449495373817,0.2780546694355555
246,common_DL,1,0.29533197117401633,-0.12525552043502747,0.7159194627830601,0.2691042991984453
246,common_DL,2,-0.28477961995375184,-0.6756403836759546,0.1060811437684509,-0.4644329576028651
246,common_DL,3,-0.11987140770643848,-0.60593397625343,0.36619116084055314,-0.19130635324685114
246,common_DL,4,-0.9558685584243647,-1.497277393253521,-0.41445972359520833,-0.7117181249376969
246,common_DL,5,-0.4780619423261109,-0.8646937823690878,-0.09143010228313397,-0.5578273839685229
246,comp_specific,1,0.2976482622764509,-0.1337321754082118,0.7290286999611136,0.2691042991984453
246,comp_specific,2,-0.3228517862650714,-0.8420841877041438,0.19638061517400107,-0.4644329576028651
246,comp_specific,3,-0.10385528476101757,-0.6802812469695761,0.472570677447541,-0.19130635324685114
246,comp_specific,4,-0.9780191178916661,-1.3704838162162263,-0.5855544195671059,-0.7117181249376969
246,comp_specific,5,-0.46874482384244287,-0.6733996648812963,-0.2640899828035894,-0.5578273839685229
246,adaptshrink,1,0.2963506135705124,-0.1288988660594279,0.7216000932004527,0.2691042991984453
246,adaptshrink,2,-0.306545578462107,-0.7576017506703845,0.14451059374617048,-0.4644329576028651
246,adaptshrink,3,-0.11294217355914762,-0.631589751110029,0.4057054039917338,-0.19130635324685114
246,adaptshrink,4,-0.9603291939870634,-1.4576758974160393,-0.4629824905580874,-0.7117181249376969
246,adaptshrink,5,-0.4758338817715603,-0.801789048771735,-0.14987871477138565,-0.5578273839685229
247,common_DL,1,-0.6569572776998817,-0.9124148763583662,-0.4014996790413971,-0.8134560069408753
247,common_DL,2,-0.033199093921633005,-0.35444822974393636,0.28805004190067035,-0.21003916574336315
247,common_DL,3,1.0067488779539548,0.6961776049362599,1.31732015097165,0.8485694685595861
247,common_DL,4,1.773036574169323,1.487912386523409,2.058160761815237,1.5651279599224022
247,common_DL,5,0.2463517414295867,-0.050191087332451145,0.5428945701916246,-0.10024434508944406
247,comp_specific,1,-0.6353177703533823,-0.8031528383877968,-0.4674827023189678,-0.8134560069408753
247,comp_specific,2,-0.06361881763990873,-0.320352342370577,0.19311470709075956,-0.21003916574336315
247,comp_specific,3,1.0492038686571392,0.843512566117478,1.2548951711968004,0.8485694685595861
247,comp_specific,4,1.828566015623666,1.3721670800723877,2.2849649511749446,1.5651279599224022
247,comp_specific,5,0.25035156474130954,-0.10417228731121908,0.6048754167938382,-0.10024434508944406
247,adaptshrink,1,-0.6519854907276678,-0.8719311134996441,-0.4320398679556914,-0.8134560069408753
247,adaptshrink,2,-0.04528269872414609,-0.3380627956472263,0.24749739819893413,-0.21003916574336315
247,adaptshrink,3,1.0177371357607798,0.7419914996024828,1.293482771919077,0.8485694685595861
247,adaptshrink,4,1.801100428318822,1.4482902601711116,2.153910596466533,1.5651279599224022
247,adaptshrink,5,0.24822144889038467,-0.08010970117827926,0.5765525989590485,-0.10024434508944406
248,common_DL,1,-0.3131327340057337,-0.6458386317815483,0.019573163770080948,-0.10999686941837662
248,common_DL,2,-0.9017985665108503,-1.2752387379107866,-0.5283583951109142,-0.6490395911514565
248,common_DL,3,-0.43260924205950485,-0.784538209572561,-0.08068027454644866,-0.5715431158868854
248,common_DL,4,0.806596972446326,0.49732819657306315,1.1158657483195888,0.9723474429485643
248,common_DL,5,0.09089460970976829,-0.2033781338946196,0.3851673533141562,0.31713104036985496
248,comp_specific,1,-0.33731504896503844,-0.5391386294997982,-0.13549146843027868,-0.10999686941837662
248,comp_specific,2,-0.8794416498258634,-1.1284872758837088,-0.630396023768018,-0.6490395911514565
248,comp_specific,3,-0.41594664352788835,-0.9008834345036539,0.06899014744787724,-0.5715431158868854
248,comp_specific,4,0.7647493148543346,0.3597754394380994,1.1697231902705698,0.9723474429485643
248,comp_specific,5,0.0986481697332548,-0.17131675097395233,0.3686130904404619,0.31713104036985496
248,adaptshrink,1,-0.318806973180306,-0.6072766346026713,-0.030337311757940633,-0.10999686941837662
248,adaptshrink,2,-0.8978784662363719,-1.2365040339982158,-0.5592528984745281,-0.6490395911514565
248,adaptshrink,3,-0.42414522368816776,-0.8262061928545554,-0.022084254521780033,-0.5715431158868854
248,adaptshrink,4,0.7861108940179378,0.43206717682239826,1.1401546112134773,0.9723474429485643
248,adaptshrink,5,0.0944814011427926,-0.18798144175241502,0.3769442440380002,0.31713104036985496
249,common_DL,1,0.6138263486188217,0.25004275072503046,0.9776099465126129,0.4999172882510344
249,common_DL,2,-0.08846330658640222,-0.48595301711596794,0.3090264039431635,0.19617788180487522
249,common_DL,3,0.4358794437379288,0.024289996855529628,0.847468890620328,0.2025997349148102
249,common_DL,4,-0.45345260968273815,-0.9288804863980507,0.021975267032574408,-0.5813261997452932
249,common_DL,5,0.49148289279930507,0.13031297676746367,0.8526528088311465,0.3037368416047231
249,comp_specific,1,0.5442751494081852,0.3314354157134656,0.7571148831029049,0.4999172882510344
249,comp_specific,2,-0.04983651080715343,-0.6451149669624939,0.545441945348187,0.19617788180487522
249,comp_specific,3,0.4334644845426093,0.037081560115014234,0.8298474089702044,0.2025997349148102
249,comp_specific,4,-0.4504459268973558,-0.8499730011946093,-0.050918852600102316,-0.5813261997452932
249,comp_specific,5,0.48612110303254785,0.16108111607042513,0.8111610899946706,0.3037368416047231
249,adaptshrink,1,0.5952399945672053,0.2919667838172225,0.8985132053171881,0.4999172882510344
249,adaptshrink,2,-0.06592756177661646,-0.5597102146549003,0.4278550911016674,0.19617788180487522
249,adaptshrink,3,0.43489366611461955,0.029732008285388856,0.8400553239438502,0.2025997349148102
249,adaptshrink,4,-0.45268680734018213,-0.9042574551615848,-0.0011161595187794138,-0.5813261997452932
249,adaptshrink,5,0.4894231123708304,0.1431879878349936,0.8356582369066672,0.3037368416047231
250,common_DL,1,0.10720709459071931,-0.1393650329655999,0.3537792221470385,0.14659674196372935
250,common_DL,2,-0.5470434331586089,-0.9770544853461689,-0.1170323809710489,-0.5168174277655107
250,common_DL,3,-0.8260121753462977,-1.163114510135669,-0.48890984055692643,-0.7807194497846408
250,common_DL,4,0.3633687273768454,0.06840712143373712,0.6583303333199537,0.30916141537301983
250,common_DL,5,-0.17458082071191702,-0.547253943077723,0.198092301653889,0.07122522818981866
250,comp_specific,1,0.1077397362909196,-0.14115424044141656,0.35663371302325575,0.14659674196372935
250,comp_specific,2,-0.5512854211023814,-0.9109556811111188,-0.19161516109364407,-0.5168174277655107
250,comp_specific,3,-0.8308470416714004,-1.1107947486764944,-0.5508993346663065,-0.7807194497846408
250,comp_specific,4,0.3641532281089513,0.14961172740897216,0.5786947288089304,0.30916141537301983
250,comp_specific,5,-0.1195392090343475,-0.7434411295977847,0.5043627115290896,0.07122522818981866
250,adaptshrink,1,0.10747455035273493,-0.1402619352767477,0.3552110359822176,0.14659674196372935
250,adaptshrink,2,-0.5482554282268022,-0.9563468756735332,-0.1401639807800712,-0.5168174277655107
250,adaptshrink,3,-0.8272374169229387,-1.1464508735299446,-0.5080239603159329,-0.7807194497846408
250,adaptshrink,4,0.3651089356807311,0.10001140852202162,0.6302064628394406,0.30916141537301983
250,adaptshrink,5,-0.14201639242198802,-0.615666493829601,0.33163370898562494,0.07122522818981866
251,common_DL,1,0.20127216943007228,-0.018262271641725197,0.42080661050186974,0.22415174794948473
251,common_DL,2,-0.494674722857505,-0.6920512607376924,-0.29729818497731764,-0.3735152382549946
251,common_DL,3,-0.8747933362741455,-1.117763912066248,-0.6318227604820431,-0.6355013031556331
251,common_DL,4,0.14527908129769315,-0.19393407064078785,0.4844922332361742,0.0918043718833048
251,common_DL,5,-0.04857328770404534,-0.212333916957034,0.1151873415489433,-0.07035454432927295
251,comp_specific,1,0.2012721694300726,-0.01826227164172492,0.42080661050187007,0.22415174794948473
251,comp_specific,2,-0.4581876431308975,-0.7064908433686166,-0.20988444289317848,-0.3735152382549946
251,comp_specific,3,-0.8383472013149711,-1.1419580132479723,-0.5347363893819698,-0.6355013031556331
251,comp_specific,4,0.1423979485586963,-0.27869632564948055,0.5634922227668732,0.0918043718833048
251,comp_specific,5,-0.04857328770404552,-0.21233391695703413,0.11518734154894307,-0.07035454432927295
251,adaptshrink,1,0.20127216943007248,-0.018262271641725003,0.42080661050186996,0.22415174794948473
251,adaptshrink,2,-0.47514180861408645,-0.6973307536949207,-0.2529528635332522,-0.3735152382549946
251,adaptshrink,3,-0.860701545571708,-1.1267352567295574,-0.5946678344138585,-0.6355013031556331
251,adaptshrink,4,0.14373083645566348,-0.23877639211260493,0.5262380650239319,0.0918043718833048
251,adaptshrink,5,-0.04857328770404508,-0.21233391695703369,0.11518734154894351,-0.07035454432927295
252,common_DL,1,1.3087001836576366,1.0318261252385517,1.5855742420767216,1.2613395945890666
252,common_DL,2,0.08562009508438481,-0.191542100840098,0.3627822910088676,0.20530384519003583
252,common_DL,3,-0.6984153393165927,-0.9171917467691626,-0.4796389318640228,-0.6856213462567624
252,common_DL,4,0.5131470218774512,0.19252821169298107,0.8337658320619213,0.5151226294460136
252,common_DL,5,-0.3405897980522399,-0.6132044404456898,-0.06797515565879003,-0.3344635594392512
252,comp_specific,1,1.2960593790856076,0.9727849179351169,1.6193338402360984,1.2613395945890666
252,comp_specific,2,0.13207981946037792,-0.036051002487405504,0.30021064140816134,0.20530384519003583
252,comp_specific,3,-0.697264515384358,-0.9306296154070988,-0.4638994153616171,-0.6856213462567624
252,comp_specific,4,0.4975042887597231,0.2304991262988258,0.7645094512206203,0.5151226294460136
252,comp_specific,5,-0.36320594370485915,-0.6788297916807638,-0.04758209572895444,-0.3344635594392512
252,adaptshrink,1,1.301813219712697,1.0002958827574222,1.6033305566679719,1.2613395945890666
252,adaptshrink,2,0.09816964252267071,-0.141691652562326,0.33803093760766745,0.20530384519003583
252,adaptshrink,3,-0.6977984571452258,-0.9240040703143043,-0.4715928439761473,-0.6856213462567624
252,adaptshrink,4,0.5073187565204433,0.20815640069459362,0.806481112346293,0.5151226294460136
252,adaptshrink,5,-0.3514967727669279,-0.6436359229842845,-0.05935762254957139,-0.3344635594392512
253,common_DL,1,0.14740703628169027,-0.11392426416699791,0.40873833673037846,0.07576961067637104
253,common_DL,2,-0.019141908067441038,-0.2606002799918138,0.2223164638569317,-0.1080130494367953
253,common_DL,3,-0.32822845956944324,-0.5592040254946864,-0.09725289364420003,-0.21249906409652194
253,common_DL,4,0.3475936058601985,-0.011785729068603756,0.7069729407890007,0.32283171998877686
253,common_DL,5,0.26197968972286323,0.032116320747382965,0.4918430586983435,0.16197282665488347
253,comp_specific,1,0.15021906569081972,-0.05904791284128491,0.35948604422292435,0.07576961067637104
253,comp_specific,2,0.016881772589756247,-0.18210413057021552,0.21586767574972804,-0.1080130494367953
253,comp_specific,3,-0.3247467549410417,-0.5261680289436259,-0.1233254809384575,-0.21249906409652194
253,comp_specific,4,0.3621529698162908,-0.49601486828619806,1.2203208079187797,0.32283171998877686
253,comp_specific,5,0.2839138362346044,0.10451162408821371,0.46331604838099516,0.16197282665488347
253,adaptshrink,1,0.1480835316947065,-0.09809677343564813,0.39426383682506116,0.07576961067637104
253,adaptshrink,2,-0.003305801295153843,-0.22592918754309133,0.21931758495278364,-0.1080130494367953
253,adaptshrink,3,-0.32699379876233065,-0.5458994502037395,-0.10808814732092176,-0.21249906409652194
253,adaptshrink,4,0.351913908168379,-0.23423116898775054,0.9380589853245085,0.32283171998877686
253,adaptshrink,5,0.2713647620673088,0.06309675897329653,0.4796327651613211,0.16197282665488347
254,common_DL,1,0.9868643288907387,0.46066855609759616,1.5130601016838812,0.6077702707755099
254,common_DL,2,-0.13393598089464873,-0.391541579092039,0.12366961730274154,-0.2546447322064558
254,common_DL,3,-0.5413456420272327,-0.7939658087832929,-0.2887254752711724,-0.6075847420293966
254,common_DL,4,-0.24220296889643841,-0.5783793163856892,0.09397337859281238,-0.5004709887254296
254,common_DL,5,0.3806447204607809,0.09744733425082353,0.6638421066707383,0.6670145294102798
254,comp_specific,1,0.9876734033858303,0.49940381452960125,1.4759429922420595,0.6077702707755099
254,comp_specific,2,-0.1488373502588231,-0.4394110216546154,0.14173632113696916,-0.2546447322064558
254,comp_specific,3,-0.5372282732112241,-0.7980481328646762,-0.27640841355777207,-0.6075847420293966
254,comp_specific,4,-0.30111239145694313,-0.7769182245507968,0.17469344163691053,-0.5004709887254296
254,comp_specific,5,0.3853213029397986,0.15714400720282143,0.6134985986767758,0.6670145294102798
254,adaptshrink,1,0.9871071935346081,0.47324025558599403,1.5009741314832221,0.6077702707755099
254,adaptshrink,2,-0.14232441236118273,-0.4170487156636855,0.13239989094132001,-0.2546447322064558
254,adaptshrink,3,-0.5392235851903333,-0.7960063904170231,-0.2824407799636435,-0.6075847420293966
254,adaptshrink,4,-0.27734217253039783,-0.6813515349791254,0.1266671899183297,-0.5004709887254296
254,adaptshrink,5,0.38284899276130746,0.12471804658713492,0.64097993893548,0.6670145294102798
255,common_DL,1,0.8690097413084553,0.5996122355595099,1.1384072470574007,1.0848936969284961
255,common_DL,2,-0.15069198677079992,-0.5125659194794151,0.21118194593781525,-0.22317709636190397
255,common_DL,3,-0.2648435038459628,-0.5988465322021734,0.06915952451024787,-0.2793014608609816
255,common_DL,4,-0.23172059927172928,-0.7046115303303384,0.24117033178687985,-0.0998179986712202
255,common_DL,5,0.3232052199848962,-0.09518493670822603,0.7415953766780184,0.09937879551918066
255,comp_specific,1,0.8697470748465368,0.6298808088132615,1.1096133408798121,1.0848936969284961
255,comp_specific,2,-0.15381933512675292,-0.433584061880124,0.1259453916266182,-0.22317709636190397
255,comp_specific,3,-0.2552455737455358,-0.784749873120571,0.2742587256294994,-0.2793014608609816
255,comp_specific,4,-0.24351569919717717,-0.6320067564029457,0.14497535800859132,-0.0998179986712202
255,comp_specific,5,0.31541452339496506,-0.02714596773907274,0.6579750145290029,0.09937879551918066
255,adaptshrink,1,0.8692784712810327,0.6141317544797842,1.1244251880822813,1.0848936969284961
255,adaptshrink,2,-0.1514988685255145,-0.4812205277248083,0.17822279067377925,-0.22317709636190397
255,adaptshrink,3,-0.2564650501950614,-0.7006875908518054,0.18775749046168266,-0.2793014608609816
255,adaptshrink,4,-0.23463684942266785,-0.6816870484619885,0.21241334961665273,-0.0998179986712202
255,adaptshrink,5,0.3211750961919435,-0.07433557075461206,0.7166857631384991,0.09937879551918066
256,common_DL,1,-0.7910603358698244,-1.16444556921006,-0.41767510252958884,-0.7411370526119954
256,common_DL,2,-0.2830887705495268,-0.6215500527556097,0.055372511656556156,-0.04248302288845916
256,common_DL,3,0.13942486988233227,-0.1957778321598609,0.4746275719245254,0.14499583741969738
256,common_DL,4,-0.17812609247893857,-0.5400874450846205,0.1838352601267434,0.20742347624458046
256,common_DL,5,-0.27679186610118145,-0.553713324576826,0.00012959237446313887,-0.16503925429136918
256,comp_specific,1,-0.8326586888644003,-1.011612075698805,-0.6537053020299955,-0.7411370526119954
256,comp_specific,2,-0.2798616963071115,-0.8881634873897366,0.32844009477551356,-0.04248302288845916
256,comp_specific,3,0.14347903531554457,-0.07186528908120615,0.3588233597122953,0.14499583741969738
256,comp_specific,4,-0.16182673937591063,-0.5916249040239274,0.2679714252721062,0.20742347624458046
256,comp_specific,5,-0.22639063504308155,-0.40699297986595584,-0.04578829022020725,-0.16503925429136918
256,adaptshrink,1,-0.7996304816156845,-1.1287828547151204,-0.4704781085162486,-0.7411370526119954
256,adaptshrink,2,-0.2821382570706874,-0.7568558893932974,0.1925793752519226,-0.04248302288845916
256,adaptshrink,3,0.14046847945051125,-0.15330162262442756,0.43423858152545003,0.14499583741969738
256,adaptshrink,4,-0.16920450670857995,-0.5625060313384287,0.22409701792126874,0.20742347624458046
256,adaptshrink,5,-0.2611262894340107,-0.4968586374595487,-0.02539394140847276,-0.16503925429136918
257,common_DL,1,0.18675685922323543,-0.10852645574189557,0.4820401741883664,-0.1555131154857063
257,common_DL,2,0.39451538494664534,0.10819062724861389,0.6808401426446768,0.19696767787063385
257,common_DL,3,0.397876825326919,0.08217098172768939,0.7135826689261486,0.4008623843966094
257,common_DL,4,-0.5415928036314881,-0.8758075426069012,-0.207378064656075,-0.31701351299567954
257,common_DL,5,-0.27842598634942217,-0.6622147489790575,0.10536277628021318,-0.10039912567640463
257,comp_specific,1,0.17617496468080662,-0.19922832280751368,0.5515782521691269,-0.1555131154857063
257,comp_specific,2,0.433355947424288,0.054797132534687876,0.8119147623138881,0.19696767787063385
257,comp_specific,3,0.4016392385700296,0.15285877121604058,0.6504197059240187,0.4008623843966094
257,comp_specific,4,-0.5651989670779123,-0.847799664150153,-0.2825982700056716,-0.31701351299567954
257,comp_specific,5,-0.2925018722138082,-0.6395916229628766,0.05458787853526026,-0.10039912567640463
257,adaptshrink,1,0.18108467196011835,-0.14451714132702426,0.506686485247261,-0.1555131154857063
257,adaptshrink,2,0.41240068206689523,0.09125957892723735,0.7335417852065531,0.19696767787063385
257,adaptshrink,3,0.39849591709954085,0.10752579820068658,0.6894660359983951,0.4008623843966094
257,adaptshrink,4,-0.54835390587806,-0.8666953756519233,-0.2300124361041967,-0.31701351299567954
257,adaptshrink,5,-0.28383951923554074,-0.6524862732736854,0.08480723480260388,-0.10039912567640463
258,common_DL,1,-0.5358859454805014,-0.932556256328502,-0.13921563463250075,-0.5447023810860152
258,common_DL,2,0.22219580878402462,-0.15190095705463746,0.5962925746226867,0.22477722011038018
258,common_DL,3,-0.5159516479422774,-0.8860769961887927,-0.14582629969576216,-0.21168546446705006
258,common_DL,4,-0.07850847465917862,-0.419002393895869,0.26198544457751183,-0.1598624870678643
258,common_DL,5,-0.30465902066380257,-0.7195322641841682,0.11021422285656296,-0.048703149061555935
258,comp_specific,1,-0.5720355926868655,-1.0721285104582168,-0.07194267491551443,-0.5447023810860152
258,comp_specific,2,0.2424232370963397,-0.18835233206218185,0.6731988062548613,0.22477722011038018
258,comp_specific,3,-0.49373462201302754,-0.7998470944748414,-0.1876221495512137,-0.21168546446705006
258,comp_specific,4,-0.10445684013731156,-0.36689111528177476,0.15797743500715167,-0.1598624870678643
258,comp_specific,5,-0.3069284038454143,-0.7095142768953108,0.09565746920448215,-0.048703149061555935
258,adaptshrink,1,-0.5545671640469341,-0.9988323483985253,-0.11030197969534283,-0.5447023810860152
258,adaptshrink,2,0.23007821274434595,-0.16407657112951915,0.6242329966182111,0.22477722011038018
258,adaptshrink,3,-0.5084902573577017,-0.8530055693751899,-0.1639749453402135,-0.21168546446705006
258,adaptshrink,4,-0.08613668066091752,-0.3970116075346779,0.22473824621284288,-0.1598624870678643
258,adaptshrink,5,-0.3055987590883357,-0.715254506357319,0.10405698818064762,-0.048703149061555935
259,common_DL,1,1.0637809559329856,0.8860623192172091,1.241499592648762,1.1159303628340758
259,common_DL,2,-0.20408900756086537,-0.4252324590121199,0.01705444389038921,-0.18806614245133457
259,common_DL,3,0.06752829083177822,-0.09836549020375415,0.2334220718673106,0.07399448598953423
259,common_DL,4,-1.0821177796048709,-1.2452454381843006,-0.9189901210254413,-0.8759675396171627
259,common_DL,5,-0.8729610689770291,-1.068970463324472,-0.676951674629586,-0.8811584050784629
259,comp_specific,1,1.0566745470216874,0.8256635969315603,1.2876854971118146,1.1159303628340758
259,comp_specific,2,-0.20408900756086282,-0.4252324590121174,0.01705444389039179,-0.18806614245133457
259,comp_specific,3,0.1501437541687031,-0.13129763810373576,0.431585146441142,0.07399448598953423
259,comp_specific,4,-1.08211777960487,-1.2452454381842997,-0.9189901210254403,-0.8759675396171627
259,comp_specific,5,-0.872961068977027,-1.06897046332447,-0.6769516746295839,-0.8811584050784629
259,adaptshrink,1,1.0588901915758788,0.8507948712507187,1.266985511901039,1.1159303628340758
259,adaptshrink,2,-0.20408900756086187,-0.4252324590121164,0.01705444389039268,-0.18806614245133457
259,adaptshrink,3,0.12308381819944172,-0.10550814972268163,0.3516757861215651,0.07399448598953423
259,adaptshrink,4,-1.0821177796048698,-1.2452454381842994,-0.9189901210254401,-0.8759675396171627
259,adaptshrink,5,-0.8729610689770279,-1.068970463324471,-0.6769516746295848,-0.8811584050784629
260,common_DL,1,0.4893567386572114,0.04688491106821674,0.931828566246206,0.5053365444220418
260,common_DL,2,0.4089753985543221,0.0398231866604723,0.7781276104481718,0.18832404758972213
260,common_DL,3,0.07406820778335002,-0.4253725850760819,0.5735090006427819,0.20443069520933815
260,common_DL,4,0.09393526083743503,-0.21975873028728998,0.40762925196216004,0.06499323417316807
260,common_DL,5,0.23956254532048182,-0.08730525261235128,0.5664303432533149,0.30040842946426183
260,comp_specific,1,0.5015350251008139,0.24426706982657198,0.7588029803750559,0.5053365444220418
260,comp_specific,2,0.40708557621767827,0.12265445877439995,0.6915166936609566,0.18832404758972213
260,comp_specific,3,0.010122651118123382,-0.256663339026066,0.27690864126231274,0.20443069520933815
260,comp_specific,4,0.09260479541420602,-0.16467727833375773,0.34988686916216977,0.06499323417316807
260,comp_specific,5,0.24716916601565814,-0.21547092593652195,0.7098092579678382,0.30040842946426183
260,adaptshrink,1,0.4910693281502694,0.09802930733778736,0.8841093489627514,0.5053365444220418
260,adaptshrink,2,0.40871457669446354,0.07242392921664775,0.7450052241722793,0.18832404758972213
260,adaptshrink,3,0.06192878090468276,-0.3835439190341705,0.5074014808435361,0.20443069520933815
260,adaptshrink,4,0.09348351264594794,-0.1935929589620159,0.3805599842539118,0.06499323417316807
260,adaptshrink,5,0.24464138146082737,-0.15676188614400371,0.6460446490656584,0.30040842946426183
261,common_DL,1,0.24378008645795662,0.07194277239810765,0.4156174005178056,0.33964170756223383
261,common_DL,2,-1.121203745061526,-1.4237828447130758,-0.8186246454099761,-1.0415371758303318
261,common_DL,3,0.726410361797984,0.5216987747075723,0.9311219488883957,0.6797283968042037
261,common_DL,4,0.28036153916131695,-0.08165870619839971,0.6423817845210336,-0.13862060165378023
261,common_DL,5,-0.6266454492925135,-0.9943928269063314,-0.2588980716786957,-0.33707067678003727
261,comp_specific,1,0.24428458563537264,0.08888939218890612,0.39967977908183916,0.33964170756223383
261,comp_specific,2,-1.1198438669181403,-1.4103583669282602,-0.8293293669080204,-1.0415371758303318
261,comp_specific,3,0.7309755462880708,0.5440722916551946,0.9178788009209471,0.6797283968042037
261,comp_specific,4,0.27864345247808947,-0.0745161506451596,0.6318030556013385,-0.13862060165378023
261,comp_specific,5,-0.6469949039911135,-1.2869294767430906,-0.007060331239136408,-0.33707067678003727
261,adaptshrink,1,0.24418081992939128,0.08021517571689527,0.40814646414188727,0.33964170756223383
261,adaptshrink,2,-1.1207741996924023,-1.4194250672372508,-0.8221233321475538,-1.0415371758303318
261,adaptshrink,3,0.7279059735894755,0.5289241293379325,0.9268878178410185,0.6797283968042037
261,adaptshrink,4,0.2798059179533535,-0.07929961164446797,0.638911447551175,-0.13862060165378023
261,adaptshrink,5,-0.6417338944611128,-1.1460336135465858,-0.13743417537563984,-0.33707067678003727
262,common_DL,1,0.43846714505476714,0.2057209657974163,0.671213324312118,0.37288868882298476
262,common_DL,2,-0.12498261157676493,-0.37405457828380123,0.12408935513027136,-0.13702083390211958
262,common_DL,3,-0.05628593572604035,-0.34918644728729664,0.23661457583521595,-0.19643805604309295
262,common_DL,4,0.6971538350285181,0.40215962260454524,0.9921480474524911,0.5095732497361327
262,common_DL,5,0.04541581158079101,-0.22249784196511885,0.31332946512670085,-0.14502379392306206
262,comp_specific,1,0.4230107147926858,0.2633565868380301,0.5826648427473415,0.37288868882298476
262,comp_specific,2,-0.13968972094587087,-0.3524159701698881,0.07303652827814641,-0.13702083390211958
262,comp_specific,3,-0.1476852399228322,-0.582217582955286,0.2868471031096217,-0.19643805604309295
262,comp_specific,4,0.6296329622964674,0.19338190938924443,1.0658840152036904,0.5095732497361327
262,comp_specific,5,0.09004318006362785,-0.11069566837137673,0.29078202849863244,-0.14502379392306206
262,adaptshrink,1,0.43269950159432247,0.22648442822452,0.638914574964125,0.37288868882298476
262,adaptshrink,2,-0.12955361200290041,-0.3673255565993122,0.10821833259351141,-0.13702083390211958
262,adaptshrink,3,-0.10084607610200144,-0.45215115436457265,0.2504590021605698,-0.19643805604309295
262,adaptshrink,4,0.6542289293689172,0.2892304258908255,1.0192274328470088,0.5095732497361327
262,adaptshrink,5,0.06228119979989996,-0.17759047175202483,0.3021528713518248,-0.14502379392306206
263,common_DL,1,-0.3727300234833054,-0.8958717306856413,0.15041168371903046,-0.5296401427585087
263,common_DL,2,0.6881299715433669,0.2474558941856001,1.1288040489011335,0.9085223738162094
263,common_DL,3,0.4579439702990544,0.005088307163437167,0.9107996334346717,0.45886268810186914
263,common_DL,4,-0.690056338426545,-1.0848387047636088,-0.29527397208948114,-1.0256125714038287
263,common_DL,5,0.9153793874611352,0.5750608885852482,1.2556978863370223,0.6482082131875532
263,comp_specific,1,-0.38036892020714963,-0.8002764338038582,0.03953859338955895,-0.5296401427585087
263,comp_specific,2,0.616874083460158,-0.22586883428313276,1.4596170012034488,0.9085223738162094
263,comp_specific,3,0.44051715137938374,-0.07865833304712444,0.9596926358058919,0.45886268810186914
263,comp_specific,4,-0.6875656896354734,-1.0888121226440295,-0.2863192566269174,-1.0256125714038287
263,comp_specific,5,0.8950367409791333,0.7455466520864755,1.0445268298717911,0.6482082131875532
263,adaptshrink,1,-0.3745574343298316,-0.8661746086246256,0.11705973996496238,-0.5296401427585087
263,adaptshrink,2,0.639412331342225,0.031215140190911983,1.247609522493538,0.9085223738162094
263,adaptshrink,3,0.45109340445988266,-0.025033556532613688,0.927220365452379,0.45886268810186914
263,adaptshrink,4,-0.68897072714692,-1.0865390779904271,-0.2914023763034128,-1.0256125714038287
263,adaptshrink,5,0.9136984533877978,0.6222876304492597,1.2051092763263358,0.6482082131875532
264,common_DL,1,-0.19516280559088223,-0.6177506966001307,0.2274250854183662,-0.2093018332023329
264,common_DL,2,-0.24578092202385626,-0.693407669795223,0.20184582574751048,-0.3960368808590686
264,common_DL,3,0.22639706350789912,-0.06138391135043403,0.5141780383662322,0.1696306574141434
264,common_DL,4,-0.2731486279930436,-0.6066634039296505,0.06036614794356321,-0.20418495904800762
264,common_DL,5,-1.4253639467155608,-1.6798819861275105,-1.170845907303611,-1.0871881834230317
264,comp_specific,1,-0.19997349431751926,-0.5987173803072153,0.1987703916721768,-0.2093018332023329
264,comp_specific,2,-0.2498615147508963,-0.6740209833350321,0.1742979538332396,-0.3960368808590686
264,comp_specific,3,0.22660585806795575,-0.05640054584601395,0.5096122619819254,0.1696306574141434
264,comp_specific,4,-0.2871111178974787,-0.6477259288245067,0.07350369302954946,-0.20418495904800762
264,comp_specific,5,-1.466217940054722,-1.7757353968285456,-1.1567004832808983,-1.0871881834230317
264,adaptshrink,1,-0.19666763075713278,-0.6114769812215308,0.2181417197072652,-0.2093018332023329
264,adaptshrink,2,-0.24704237189195172,-0.6870289361197242,0.19294419233582066,-0.3960368808590686
264,adaptshrink,3,0.22649179871193675,-0.059256641489892736,0.5122402389137662,0.1696306574141434
264,adaptshrink,4,-0.2797164970234036,-0.6252184259885173,0.06578543194171005,-0.20418495904800762
264,adaptshrink,5,-1.4502383678169486,-1.7350363494460768,-1.1654403861878204,-1.0871881834230317
265,common_DL,1,0.7223298356171335,0.2876165758521157,1.1570430953821513,0.8202072448786161
265,common_DL,2,0.007065452090036506,-0.43634430339805486,0.45047520757812787,-0.09556364606783083
265,common_DL,3,-0.11598969867819142,-0.5357998527811791,0.30382045542479635,-0.08039557805926992
265,common_DL,4,0.5210755787380733,0.09705361992654454,0.945097537549602,0.23748546649886798
265,common_DL,5,0.9088656128669454,0.4876551406875951,1.3300760850462958,0.8071721592327642
265,comp_specific,1,0.7292552889689168,0.3957842594158864,1.062726318521947,0.8202072448786161
265,comp_specific,2,0.004968137935316086,-0.4505856842232095,0.46052196009384166,-0.09556364606783083
265,comp_specific,3,-0.14420477272757676,-0.7480125439911198,0.45960299853596637,-0.08039557805926992
265,comp_specific,4,0.5341036544549945,0.22648103459838742,0.8417262743116016,0.23748546649886798
265,comp_specific,5,0.9361131862058272,0.5856005905991861,1.2866257818124682,0.8071721592327642
265,adaptshrink,1,0.7248719861517647,0.3373079115653265,1.112436060738203,0.8202072448786161
265,adaptshrink,2,0.006136382205361335,-0.44252433302453975,0.4547970974352624,-0.09556364606783083
265,adaptshrink,3,-0.12910995807309605,-0.6188086757128769,0.3605887595666848,-0.08039557805926992
265,adaptshrink,4,0.523771061610538,0.13448709375282303,0.9130550294682529,0.23748546649886798
265,adaptshrink,5,0.9177187281076682,0.5245802331470362,1.3108572230683002,0.8071721592327642
266,common_DL,1,0.39210018163841254,0.042954671742061856,0.7412456915347632,0.26887508788386905
266,common_DL,2,-0.09097611701055897,-0.479245665276727,0.2972934312556091,0.06100517994040493
266,common_DL,3,0.20109499730233565,-0.17249909811676772,0.574689092721439,0.1927574472861994
266,common_DL,4,0.012402038663926973,-0.39588498955865076,0.4206890668865047,-0.15166649218530395
266,common_DL,5,0.45664482644370996,0.11686626980109766,0.7964233830863223,0.2604462278528813
266,comp_specific,1,0.3912522294557965,0.029550830813013462,0.7529536280985796,0.26887508788386905
266,comp_specific,2,-0.09255459055027634,-0.5044201975782292,0.31931101647767657,0.06100517994040493
266,comp_specific,3,0.20297856240689308,-0.3343737122290775,0.7403308370428636,0.1927574472861994
266,comp_specific,4,0.054973337831213734,-0.205656997965115,0.31560367362754244,-0.15166649218530395
266,comp_specific,5,0.4867893598215932,0.2976015870839531,0.6759771325592333,0.2604462278528813
266,adaptshrink,1,0.39179776982709125,0.038408934498815606,0.7451866051553668,0.26887508788386905
266,adaptshrink,2,-0.09168160019791607,-0.4902581202084053,0.3068949198125731,0.06100517994040493
266,adaptshrink,3,0.2034479680377481,-0.24963237282051923,0.6565283088960154,0.1927574472861994
266,adaptshrink,4,0.02240542386165703,-0.345110510107268,0.389921357830582,-0.15166649218530395
266,adaptshrink,5,0.4630939434347612,0.17092263976217809,0.7552652471073442,0.2604462278528813
267,common_DL,1,0.36141460825933563,0.12446672111557358,0.5983624954030977,0.17948587346337422
267,common_DL,2,0.33588852428200733,0.10239618907124781,0.5693808594927668,0.25469710533360257
267,common_DL,3,0.1620252250260946,-0.1345964306845394,0.45864688073672855,-0.011255317981319434
267,common_DL,4,0.8366048138471975,0.588791897284743,1.084417730409652,0.5610632181876758
267,common_DL,5,0.1325210203447544,-0.144032134618893,0.40907417530840184,0.05418183435625055
267,comp_specific,1,0.34678451904010904,0.1591900289224587,0.5343790091577594,0.17948587346337422
267,comp_specific,2,0.33606837646437143,0.012949624823521466,0.6591871281052214,0.25469710533360257
267,comp_specific,3,0.2522796181802921,-0.17414732012787715,0.6787065564884613,-0.011255317981319434
267,comp_specific,4,0.8497508295463835,0.6455722001177541,1.0539294589750128,0.5610632181876758
267,comp_specific,5,0.11205293104929417,-0.1342677802228419,0.3583736423214302,0.05418183435625055
267,adaptshrink,1,0.3575240805945209,0.13534148806137983,0.579706673127662,0.17948587346337422
267,adaptshrink,2,0.33569370207963856,0.05208474283503867,0.6193026613242385,0.25469710533360257
267,adaptshrink,3,0.20169975850302657,-0.14857932312686606,0.5519788401329192,-0.011255317981319434
267,adaptshrink,4,0.839968694146155,0.6054541378563101,1.074483250436,0.5610632181876758
267,adaptshrink,5,0.12367315818104574,-0.13869832353955175,0.3860446399016432,0.05418183435625055
268,common_DL,1,0.21766294001478415,0.07372036072129565,0.36160551930827267,0.37756439570084427
268,common_DL,2,0.15865145417522591,-0.035488869142235535,0.35279177749268736,-0.07172897448879693
268,common_DL,3,-0.40995373574403493,-0.6686954493133335,-0.15121202217473645,-0.32666284526229306
268,common_DL,4,-0.39181740109786317,-0.6673396153873136,-0.11629518680841278,-0.28727036724647564
268,common_DL,5,0.6443854105181827,0.4307550715939169,0.8580157494424484,0.5413799437009036
268,comp_specific,1,0.21766294001478403,0.07372036072129559,0.36160551930827245,0.37756439570084427
268,comp_specific,2,0.17507027811951276,-0.09149635977601178,0.4416369160150373,-0.07172897448879693
268,comp_specific,3,-0.40995373574403454,-0.668695449313333,-0.15121202217473612,-0.32666284526229306
268,comp_specific,4,-0.39181740109786334,-0.6673396153873137,-0.11629518680841294,-0.28727036724647564
268,comp_specific,5,0.6443854105181821,0.4307550715939164,0.8580157494424479,0.5413799437009036
268,adaptshrink,1,0.2176629400147842,0.07372036072129579,0.3616055193082726,0.37756439570084427
268,adaptshrink,2,0.16590615032422096,-0.05572435308803045,0.3875366537364724,-0.07172897448879693
268,adaptshrink,3,-0.4099537357440353,-0.6686954493133339,-0.15121202217473678,-0.32666284526229306
268,adaptshrink,4,-0.39181740109786395,-0.6673396153873145,-0.11629518680841344,-0.28727036724647564
268,adaptshrink,5,0.6443854105181828,0.430755071593917,0.8580157494424485,0.5413799437009036
269,common_DL,1,-0.50240351671201,-0.8064340694656136,-0.19837296395840637,-0.38843955913103845
269,common_DL,2,0.803618706972416,0.5522590548709416,1.0549783590738904,0.9357069981707311
269,common_DL,3,0.6976758378227065,0.3628274274432852,1.0325242482021277,0.6879335404574589
269,common_DL,4,-1.056711120847201,-1.2885080379742897,-0.8249142037201124,-0.8059240201606939
269,common_DL,5,-1.0383760282197327,-1.2670916331204305,-0.809660423319035,-0.8533740055507694
269,comp_specific,1,-0.5024035167120127,-0.8064340694656158,-0.19837296395840948,-0.38843955913103845
269,comp_specific,2,0.8036187069724164,0.5522590548709421,1.0549783590738908,0.9357069981707311
269,comp_specific,3,0.6976758378227055,0.36282742744328406,1.0325242482021268,0.6879335404574589
269,comp_specific,4,-1.1035852500541945,-1.4102400008543814,-0.7969304992540076,-0.8059240201606939
269,comp_specific,5,-1.0383760282197319,-1.2670916331204296,-0.8096604233190341,-0.8533740055507694
269,adaptshrink,1,-0.5024035167120103,-0.8064340694656139,-0.19837296395840676,-0.38843955913103845
269,adaptshrink,2,0.8036187069724148,0.5522590548709403,1.0549783590738893,0.9357069981707311
269,adaptshrink,3,0.6976758378227051,0.3628274274432839,1.0325242482021264,0.6879335404574589
269,adaptshrink,4,-1.0813619148210494,-1.3492443807563483,-0.8134794488857504,-0.8059240201606939
269,adaptshrink,5,-1.0383760282197319,-1.2670916331204296,-0.8096604233190341,-0.8533740055507694
270,common_DL,1,-0.19824367899075568,-0.6375482323897166,0.24106087440820528,-0.2285103543537171
270,common_DL,2,-0.2008106616630899,-0.6392963634645854,0.23767504013840565,-0.24552849298048604
270,common_DL,3,0.0008063699881326047,-0.3850895518332815,0.3867022918095467,0.05326385494966714
270,common_DL,4,0.04264526958950296,-0.4061897096285184,0.4914802488075244,0.006043325249167268
270,common_DL,5,-0.35786132393155407,-0.9423840162758694,0.22666136841276135,-0.015216644985371359
270,comp_specific,1,-0.21284365465372906,-0.6908480991844052,0.265160789876947,-0.2285103543537171
270,comp_specific,2,-0.19492375523113964,-0.663160571997794,0.2733130615355147,-0.24552849298048604
270,comp_specific,3,0.007611764675514471,-0.2777890957143002,0.2930126250653292,0.05326385494966714
270,comp_specific,4,-0.005138418552898705,-0.5762346540566385,0.5659578169508412,0.006043325249167268
270,comp_specific,5,-0.36431443669099506,-0.8555007367975446,0.12687186341555445,-0.015216644985371359
270,adaptshrink,1,-0.20346639423412838,-0.6561265927072619,0.24919380423900522,-0.2285103543537171
270,adaptshrink,2,-0.1987125100140097,-0.6473668858829091,0.2499418658548897,-0.24552849298048604
270,adaptshrink,3,0.0035278156977305436,-0.34437840347309956,0.3514340348685606,0.05326385494966714
270,adaptshrink,4,0.021406254630811847,-0.47253039527062884,0.5153429045322525,0.006043325249167268
270,adaptshrink,5,-0.35952744601365305,-0.9147270476632712,0.19567215563596507,-0.015216644985371359
271,common_DL,1,-0.4721866282315916,-0.8288812976746931,-0.11549195878849011,-0.17546820888379228
271,common_DL,2,-0.09296701500706864,-0.4409891548910583,0.25505512487692106,-0.26744530993413623
271,common_DL,3,-0.08429370366678551,-0.4905170577166597,0.3219296503830887,-0.042121558934440924
271,common_DL,4,0.4310046531388151,0.14712146841110146,0.7148878378665287,0.34465362727127863
271,common_DL,5,0.8123626653397578,0.5391318389773783,1.0855934917021373,0.7132772290560232
271,comp_specific,1,-0.4785702405983766,-0.8468434170835044,-0.1102970641132488,-0.17546820888379228
271,comp_specific,2,-0.09413910055735383,-0.34456965788612104,0.15629145677141335,-0.26744530993413623
271,comp_specific,3,-0.08900138940760424,-0.48043944415306705,0.3024366653378586,-0.042121558934440924
271,comp_specific,4,0.4586116949486253,0.11654735583487963,0.800676034062371,0.34465362727127863
271,comp_specific,5,0.8154110679675343,0.54852401253237,1.0822981234026985,0.7132772290560232
271,adaptshrink,1,-0.47502473710758525,-0.8367475578065604,-0.11330191640861015,-0.17546820888379228
271,adaptshrink,2,-0.09406086567856346,-0.41395310701497384,0.2258313756578469,-0.26744530993413623
271,adaptshrink,3,-0.08580410465372006,-0.4871718633121362,0.31556365400469605,-0.042121558934440924
271,adaptshrink,4,0.4452864918256681,0.13464969705131735,0.7559232866000188,0.34465362727127863
271,adaptshrink,5,0.8138536623833569,0.5437674928165048,1.083939831950209,0.7132772290560232
272,common_DL,1,0.12801079462467546,-0.27544314987160895,0.5314647391209599,0.37978013319841664
272,common_DL,2,0.5337133541042346,0.14705027952571348,0.9203764286827557,0.6310411074185261
272,common_DL,3,0.4872190733271441,0.21040178628984024,0.764036360364448,0.49077672271146777
272,common_DL,4,-0.1354907826272602,-0.47347971931115285,0.20249815405663243,-0.5690694152178745
272,common_DL,5,0.3319991395907056,0.04790393397515902,0.6160943452062522,0.6144604567969482
272,comp_specific,1,0.2070576844801335,-0.49914389427973394,0.913259263240001,0.37978013319841664
272,comp_specific,2,0.5312511921470005,0.25179481294998035,0.8107075713440206,0.6310411074185261
272,comp_specific,3,0.49115340612041786,0.34455600382894025,0.6377508084118955,0.49077672271146777
272,comp_specific,4,-0.141167384065987,-0.4619990321263769,0.17966426399440288,-0.5690694152178745
272,comp_specific,5,0.3365848716226544,0.0007598450839406135,0.6724098981613682,0.6144604567969482
272,adaptshrink,1,0.17379798687947562,-0.35205605516090993,0.6996520289198611,0.37978013319841664
272,adaptshrink,2,0.5333342834056668,0.17611582114276808,0.8905527456685656,0.6310411074185261
272,adaptshrink,3,0.48796925035090855,0.24557778677949058,0.7303607139223265,0.49077672271146777
272,adaptshrink,4,-0.13777631422872663,-0.4685664097491411,0.1930137812916878,-0.5690694152178745
272,adaptshrink,5,0.3342309261802455,0.02285413728550839,0.6456077150749826,0.6144604567969482
273,common_DL,1,-0.4366906882643504,-0.7750256530948965,-0.09835572343380433,-0.3034681326982361
273,common_DL,2,0.6755122264916014,0.26668938211037413,1.0843350708728285,0.5144724604804206
273,common_DL,3,-0.2090086113049325,-0.6132570053535146,0.1952397827436496,-0.10390548489513185
273,common_DL,4,1.1469150955932508,0.8432692816681823,1.4505609095183192,0.8619977318612557
273,common_DL,5,-0.18797773072626964,-0.5507657119039079,0.17481025045136864,-0.15163701385189077
273,comp_specific,1,-0.4211917859964438,-0.6469989056306507,-0.1953846663622369,-0.3034681326982361
273,comp_specific,2,0.6725861494871608,0.39181844961451917,0.9533538493598024,0.5144724604804206
273,comp_specific,3,-0.28888433470456676,-0.9989477387389342,0.42117906932980065,-0.10390548489513185
273,comp_specific,4,1.142267497272557,0.8606867182688667,1.4238482762762474,0.8619977318612557
273,comp_specific,5,-0.2033596214560767,-0.6365012989397213,0.22978205602756788,-0.15163701385189077
273,adaptshrink,1,-0.4302807417395198,-0.7211707757431145,-0.1393907077359251,-0.3034681326982361
273,adaptshrink,2,0.6749019505491675,0.3036490383771183,1.0461548627212167,0.5144724604804206
273,adaptshrink,3,-0.2586669154465965,-0.7882902862420531,0.27095645534886015,-0.10390548489513185
273,adaptshrink,4,1.144616838244036,0.8517316240263861,1.437502052461686,0.8619977318612557
273,adaptshrink,5,-0.19590057749517095,-0.5907732717109003,0.19897211672055845,-0.15163701385189077
274,common_DL,1,0.28656028999949745,0.06633374355096477,0.5067868364480301,0.2899431811001666
274,common_DL,2,-0.12408345702057103,-0.37335349526012046,0.1251865812189784,-0.09870307901767322
274,common_DL,3,0.2730697934510067,0.09973736764012031,0.44640221926189305,0.5408004706389421
274,common_DL,4,-0.07786976539443599,-0.43842759090172734,0.2826880601128553,0.21581357294380765
274,common_DL,5,-0.941451239519689,-1.1039698978506034,-0.7789325811887746,-0.7475030928650227
274,comp_specific,1,0.2586362261804449,-0.04660517505303852,0.5638776274139283,0.2899431811001666
274,comp_specific,2,-0.15053442118912302,-0.5497666998870644,0.24869785750881834,-0.09870307901767322
274,comp_specific,3,0.2752277436532073,0.1325286259729058,0.41792686133350876,0.5408004706389421
274,comp_specific,4,-0.07477941036233265,-0.4279846751964984,0.2784258544718331,0.21581357294380765
274,comp_specific,5,-0.9499760958321344,-1.0867179433674874,-0.8132342482967815,-0.7475030928650227
274,adaptshrink,1,0.272975880080389,0.01990489237455645,0.5260468677862216,0.2899431811001666
274,adaptshrink,2,-0.1438160989427092,-0.48370858688467844,0.19607638899926005,-0.09870307901767322
274,adaptshrink,3,0.2741967872239408,0.1149638380706276,0.433429736377254,0.5408004706389421
274,adaptshrink,4,-0.07686618870948692,-0.4349970730222034,0.2812646956032296,0.21581357294380765
274,adaptshrink,5,-0.9446438314933867,-1.0953657191804174,-0.7939219438063561,-0.7475030928650227
275,common_DL,1,-0.11546566096383554,-0.3541652961883827,0.12323397426071164,-0.2298137792873238
275,common_DL,2,0.6647194923714803,0.3522055232615617,0.9772334614813989,0.6114075190616903
275,common_DL,3,-0.4680871042399401,-0.7692394878371765,-0.16693472064270365,-0.3687172259571187
275,common_DL,4,0.8131289293482145,0.5143544250287384,1.1119034336676905,0.8586282662175112
275,common_DL,5,0.6873580708281697,0.3272456546047023,1.0474704870516371,0.6370580821029842
275,comp_specific,1,-0.12549602871332527,-0.2934748914456662,0.042482834019015675,-0.2298137792873238
275,comp_specific,2,0.7053633092083202,0.33388195452983654,1.0768446638868039,0.6114075190616903
275,comp_specific,3,-0.45050109409854355,-0.8202939493036336,-0.08070823889345352,-0.3687172259571187
275,comp_specific,4,0.7718250271337678,0.5808618285638704,0.9627882257036652,0.8586282662175112
275,comp_specific,5,0.6744571563280054,0.20294700038658114,1.1459673122694296,0.6370580821029842
275,adaptshrink,1,-0.11805450060554662,-0.3295450020923783,0.09343600088128506,-0.2298137792873238
275,adaptshrink,2,0.6886421296987273,0.3446977334820104,1.0325865259154443,0.6114075190616903
275,adaptshrink,3,-0.4590400296877168,-0.7919340798993326,-0.12614597947610096,-0.3687172259571187
275,adaptshrink,4,0.8029649046097509,0.533883286171687,1.0720465230478147,0.8586282662175112
275,adaptshrink,5,0.6798825835746725,0.26808014218513604,1.091685024964209,0.6370580821029842
276,common_DL,1,0.6907623726113383,0.4704018433475586,0.9111229018751181,0.7898036609783529
276,common_DL,2,-0.5006061627260434,-0.6841423291598915,-0.31706999629219534,-0.2151884462369293
276,common_DL,3,0.892177214391763,0.6811855501845905,1.1031688785989355,0.8708591211921501
276,common_DL,4,-0.4938473362980096,-0.695880562094035,-0.29181411050198414,-0.4609472420691194
276,common_DL,5,-0.6805769778630197,-0.930586182851741,-0.4305677728742984,-0.636003864111554
276,comp_specific,1,0.6907623726113417,0.47040184334756185,0.9111229018751215,0.7898036609783529
276,comp_specific,2,-0.5006061627260392,-0.684142329159887,-0.31706999629219135,-0.2151884462369293
276,comp_specific,3,0.892177214391765,0.6811855501845925,1.1031688785989375,0.8708591211921501
276,comp_specific,4,-0.4938473362980062,-0.6958805620940317,-0.2918141105019807,-0.4609472420691194
276,comp_specific,5,-0.7123332605541943,-1.0322032490678548,-0.3924632720405339,-0.636003864111554
276,adaptshrink,1,0.6907623726113388,0.470401843347559,0.9111229018751186,0.7898036609783529
276,adaptshrink,2,-0.5006061627260432,-0.6841423291598911,-0.31706999629219523,-0.2151884462369293
276,adaptshrink,3,0.892177214391762,0.6811855501845895,1.1031688785989346,0.8708591211921501
276,adaptshrink,4,-0.49384733629800937,-0.6958805620940347,-0.291814110501984,-0.4609472420691194
276,adaptshrink,5,-0.7003544590104273,-0.9882082419756766,-0.41250067604517787,-0.636003864111554
277,common_DL,1,-0.31008213849417937,-0.7278462296340604,0.10768195264570174,-0.6425931078768342
277,common_DL,2,-0.20691181976813605,-0.5300332645939523,0.11620962505768018,-0.39097872026052394
277,common_DL,3,0.47229726142109696,0.1923606181401471,0.7522339047020468,0.5315139968453613
277,common_DL,4,-0.2763403068263022,-0.5341179047229977,-0.018562708929606653,-0.23849514574890898
277,common_DL,5,-0.29895087145898547,-0.7087163867684667,0.11081464385049578,0.01263513833087178
277,comp_specific,1,-0.3292711286398272,-0.7887663130627637,0.13022405578310925,-0.6425931078768342
277,comp_specific,2,-0.20484874992685598,-0.443020255873274,0.033322756019562055,-0.39097872026052394
277,comp_specific,3,0.47236767742415886,0.26656729515199,0.6781680596963278,0.5315139968453613
277,comp_specific,4,-0.31647556989908876,-0.6793948267147214,0.046443686916543936,-0.23849514574890898
277,comp_specific,5,-0.28343357901878574,-0.5970478817224447,0.03018072368487318,0.01263513833087178
277,adaptshrink,1,-0.3172790326947902,-0.7495966779551333,0.11503861256555298,-0.6425931078768342
277,adaptshrink,2,-0.2077617148260713,-0.4986513224589193,0.08312789280677668,-0.39097872026052394
277,adaptshrink,3,0.4717067226888527,0.22545886042779142,0.717954584949914,0.5315139968453613
277,adaptshrink,4,-0.30385057929357207,-0.6193988949508363,0.011697736363692202,-0.23849514574890898
277,adaptshrink,5,-0.2950440519033243,-0.6771879688159883,0.0870998650093398,0.01263513833087178
278,common_DL,1,0.07004980616633362,-0.2741347896891161,0.4142344020217833,0.030839840314095136
278,common_DL,2,0.7453969936980549,0.5439395471867994,0.9468544402093104,0.6966923751862045
278,common_DL,3,0.17093220203765142,-0.0877719976925293,0.42963640176783213,0.03056535302976628
278,common_DL,4,-0.46278504534433335,-0.7271312604832354,-0.19843883020543124,-0.41789427984309113
278,common_DL,5,0.1685138845696768,-0.15733426578894022,0.49436203492829384,0.0032948068359882655
278,comp_specific,1,0.03634585412944741,-0.3621945852809852,0.43488629353988,0.030839840314095136
278,comp_specific,2,0.7111822816289702,0.4513004548952904,0.9710641083626501,0.6966923751862045
278,comp_specific,3,0.19077997690689963,-0.021932095343297126,0.40349204915709636,0.03056535302976628
278,comp_specific,4,-0.4769151182719592,-0.7681311399362978,-0.18569909660762057,-0.41789427984309113
278,comp_specific,5,0.1713097113825589,-0.1289060731591649,0.4715254959242827,0.0032948068359882655
278,adaptshrink,1,0.05289111588858321,-0.3164393494819961,0.4222215812591625,0.030839840314095136
278,adaptshrink,2,0.7256502748913289,0.4921480137802725,0.9591525360023854,0.6966923751862045
278,adaptshrink,3,0.1777431188633799,-0.0630190890724846,0.4185053267992444,0.03056535302976628
278,adaptshrink,4,-0.4679326948180782,-0.7417892375895307,-0.19407615204662565,-0.41789427984309113
278,adaptshrink,5,0.16959573573365447,-0.14562108732351184,0.48481255879082075,0.0032948068359882655
279,common_DL,1,-0.1944575585547169,-0.538222723230634,0.1493076061212002,-0.335761851353881
279,common_DL,2,0.20943513928611218,-0.15723367293502366,0.576103951507248,0.3400793217410228
279,common_DL,3,0.5446332783908461,0.18944860062053243,0.8998179561611597,0.2617030129139426
279,common_DL,4,0.7118521986370612,0.20574602945678755,1.2179583678173347,0.3769535296519116
279,common_DL,5,-0.06705688301768131,-0.5120877688764611,0.37797400284109856,0.13434328123329886
279,comp_specific,1,-0.14534666721163142,-0.6436838899751278,0.352990555551865,-0.335761851353881
279,comp_specific,2,0.21863042571237848,-0.12692702079623017,0.5641878722209871,0.3400793217410228
279,comp_specific,3,0.5434608686303947,0.25442459482642754,0.8324971424343618,0.2617030129139426
279,comp_specific,4,0.7103226295811569,0.21421654657600242,1.2064287125863113,0.3769535296519116
279,comp_specific,5,-0.08007634956035259,-0.45437755824665954,0.29422485912595436,0.13434328123329886
279,adaptshrink,1,-0.16904122792433168,-0.5737666185688315,0.23568416272016807,-0.335761851353881
279,adaptshrink,2,0.21312163548867802,-0.14478252211710757,0.5710257930944636,0.3400793217410228
279,adaptshrink,3,0.5443945654253094,0.2157508794633619,0.8730382513872569,0.2617030129139426
279,adaptshrink,4,0.7113558823305872,0.20855984352058643,1.214151921140588,0.3769535296519116
279,adaptshrink,5,-0.07046885555402604,-0.4934851176275111,0.35254740651945904,0.13434328123329886
280,common_DL,1,0.11410935080513185,-0.17170442390885388,0.3999231255191176,-0.018153580026174735
280,common_DL,2,0.2991685465460021,-0.03176098134740257,0.6300980744394068,0.21782522092474182
280,common_DL,3,0.6115675567368103,0.35641588728188356,0.866719226191737,0.390389892940485
280,common_DL,4,0.49689962141715704,0.21180915781251913,0.7819900850217949,0.329024156498782
280,common_DL,5,-0.2518659309730954,-0.5491640697979053,0.045432207851714534,-0.12295793217284245
280,comp_specific,1,0.11320352996349022,-0.11415851466569997,0.3405655745926804,-0.018153580026174735
280,comp_specific,2,0.2942901665035984,0.10256684669549726,0.48601348631169955,0.21782522092474182
280,comp_specific,3,0.6562282819252292,0.288106879867796,1.0243496839826625,0.390389892940485
280,comp_specific,4,0.4896753903905609,0.1864844844635722,0.7928662963175497,0.329024156498782
280,comp_specific,5,-0.2854874138631224,-0.42179423853414333,-0.14918058919210145,-0.12295793217284245
280,adaptshrink,1,0.11462027575353116,-0.1486200600362806,0.37786061154334294,-0.018153580026174735
280,adaptshrink,2,0.30035803983810944,0.005717083565191627,0.5949989961110272,0.21782522092474182
280,adaptshrink,3,0.6416450060620562,0.32396941599723666,0.9593205961268758,0.390389892940485
280,adaptshrink,4,0.4932002294887251,0.1988413998160004,0.7875590591614499,0.329024156498782
280,adaptshrink,5,-0.26019214682717323,-0.517743122901296,-0.0026411707530504813,-0.12295793217284245
281,common_DL,1,0.06068973578373682,-0.2653543320072288,0.38673380357470244,-0.24426583161655502
281,common_DL,2,0.28262968945969463,-0.049236437032446234,0.6144958159518354,-0.002358948496435962
281,common_DL,3,0.3647144915942818,0.09242446266806081,0.6370045205205028,0.3672570250934757
281,common_DL,4,-0.9063489562688468,-1.23172334389466,-0.5809745686430337,-0.714713053126155
281,common_DL,5,-0.5802252875348004,-1.0053622635841934,-0.15508831148540736,-0.5067165184281143
281,comp_specific,1,0.08089662237110407,-0.3090671308266961,0.47086037556890425,-0.24426583161655502
281,comp_specific,2,0.291039616463507,0.03686961165495767,0.5452096212720563,-0.002358948496435962
281,comp_specific,3,0.3628150881858005,0.06497455459487117,0.6606556217767299,0.3672570250934757
281,comp_specific,4,-0.8997742010326377,-1.1936231144026523,-0.6059252876626231,-0.714713053126155
281,comp_specific,5,-0.5607400625349331,-1.1134348854984166,-0.008045239571449758,-0.5067165184281143
281,adaptshrink,1,0.0707164909706402,-0.2849220930785242,0.4263550750198046,-0.24426583161655502
281,adaptshrink,2,0.28535662272908247,-0.016257231320336962,0.5869704767785019,-0.002358948496435962
281,adaptshrink,3,0.3638476303835534,0.07838334731315583,0.6493119134539509,0.3672570250934757
281,adaptshrink,4,-0.9032420371223785,-1.2133966818784996,-0.5930873923662574,-0.714713053126155
281,adaptshrink,5,-0.5715370246230471,-1.0432407285796683,-0.09983332066642597,-0.5067165184281143
282,common_DL,1,-0.007523409248125418,-0.3948474422470162,0.3798006237507654,-0.013867378459251293
282,common_DL,2,-0.31520456413485576,-0.6623543807627699,0.03194525249305835,-0.20577359759227534
282,common_DL,3,0.8027939106173152,0.4781498840178994,1.127437937216731,0.6112918962375283
282,common_DL,4,-0.5059647215132655,-0.7790575481421738,-0.2328718948843574,-0.4724111721540592
282,common_DL,5,-0.25214778815255534,-0.641747559844394,0.1374519835392834,0.12521523439195764
282,comp_specific,1,-0.0030373233568409125,-0.3792936743669937,0.37321902765331183,-0.013867378459251293
282,comp_specific,2,-0.31675862627963175,-0.6704950314083284,0.036977778849065,-0.20577359759227534
282,comp_specific,3,0.7838874190756244,0.37871814342594123,1.1890566947253076,0.6112918962375283
282,comp_specific,4,-0.5044378908493045,-0.7869991128264426,-0.22187666887216628,-0.4724111721540592
282,comp_specific,5,-0.2414865560319719,-0.5674278755120006,0.0844547634480568,0.12521523439195764
282,adaptshrink,1,-0.006073306312677565,-0.3897558406505302,0.3776092280251751,-0.013867378459251293
282,adaptshrink,2,-0.3158888461766133,-0.6658834891024901,0.03410579674926345,-0.20577359759227534
282,adaptshrink,3,0.7925074675257668,0.4302160904407874,1.1547988446107462,0.6112918962375283
282,adaptshrink,4,-0.5052893662783612,-0.7824848638986064,-0.22809386865811604,-0.4724111721540592
282,adaptshrink,5,-0.24844944809206732,-0.6123280558795038,0.11542915969536915,0.12521523439195764
283,common_DL,1,0.9465568271532439,0.6075512232358269,1.2855624310706608,0.758961768190098
283,common_DL,2,-0.5744820927189074,-0.8537801950326892,-0.29518399040512555,-0.6366260056138392
283,common_DL,3,0.07603426334053313,-0.25772390610860235,0.40979243278966865,0.3984359155920221
283,common_DL,4,-0.026251724088709072,-0.1838542826078634,0.13135083443044526,-0.09748726814372144
283,common_DL,5,0.626254053855873,0.18051021902172398,1.0719978886900219,0.20738201926961589
283,comp_specific,1,0.9465568271532431,0.6075512232358262,1.28556243107066,0.758961768190098
283,comp_specific,2,-0.5918513227265972,-1.0687100730884178,-0.11499257236477678,-0.6366260056138392
283,comp_specific,3,0.07603426334053287,-0.25772390610860263,0.40979243278966837,0.3984359155920221
283,comp_specific,4,-0.026251724088709016,-0.18385428260786335,0.13135083443044532,-0.09748726814372144
283,comp_specific,5,0.6262540538558732,0.1805102190217242,1.071997888690022,0.20738201926961589
283,adaptshrink,1,0.9465568271532427,0.607551223235826,1.2855624310706595,0.758961768190098
283,adaptshrink,2,-0.581586134981033,-0.9612742173271545,-0.2018980526349115,-0.6366260056138392
283,adaptshrink,3,0.07603426334053354,-0.2577239061086019,0.409792432789669,0.3984359155920221
283,adaptshrink,4,-0.026251724088709183,-0.18385428260786346,0.1313508344304451,-0.09748726814372144
283,adaptshrink,5,0.6262540538558734,0.18051021902172437,1.0719978886900225,0.20738201926961589
284,common_DL,1,0.8062736552595808,0.5373551034297734,1.0751922070893882,0.6777134206659874
284,common_DL,2,-0.542246173198516,-0.9351261487863651,-0.14936619761066683,-0.5412726909034311
284,common_DL,3,0.17785106701779074,-0.07582691131546576,0.43152904535104725,0.07289327568357178
284,common_DL,4,0.1617965844435209,-0.08697986679915648,0.4105730356861983,0.13292529585027202
284,common_DL,5,0.060501794563590686,-0.20702755838605985,0.3280311475132412,0.1823300954743484
284,comp_specific,1,0.8446984679857089,0.4619360707239858,1.2274608652474321,0.6777134206659874
284,comp_specific,2,-0.554829814861369,-0.8918240045129866,-0.21783562520975136,-0.5412726909034311
284,comp_specific,3,0.18702076079310354,0.02538947652863452,0.3486520450575725,0.07289327568357178
284,comp_specific,4,0.16061033073838343,-0.09790872512630955,0.4191293866030764,0.13292529585027202
284,comp_specific,5,0.06961627041294947,-0.14531817201250052,0.28455071283839944,0.1823300954743484
284,adaptshrink,1,0.8338524636861627,0.5007490556127318,1.1669558717595936,0.6777134206659874
284,adaptshrink,2,-0.5463710486463441,-0.9167704048889282,-0.17597169240375998,-0.5412726909034311
284,adaptshrink,3,0.18036071969249615,-0.03949985255317101,0.4002212919381633,0.07289327568357178
284,adaptshrink,4,0.16126124960101867,-0.09174068306220046,0.4142631822642378,0.13292529585027202
284,adaptshrink,5,0.06540843988086545,-0.17791288387928306,0.30872976364101395,0.1823300954743484
285,common_DL,1,0.14944464994325876,-0.09250039539298491,0.3913896952795024,0.25124900460041555
285,common_DL,2,-0.24594817022945564,-0.5676266599189154,0.07573031946000408,-0.19189630416859962
285,common_DL,3,0.14046693465308377,-0.14250728504687485,0.4234411543530424,0.4060145895901701
285,common_DL,4,-0.46513449871295953,-0.8566966288598709,-0.07357236856604821,-0.45752480095576914
285,common_DL,5,0.07811853296193058,-0.2944707720143189,0.45070783793818003,-0.021810069771405087
285,comp_specific,1,0.14831599720619135,-0.08163397531583191,0.3782659697282146,0.25124900460041555
285,comp_specific,2,-0.24588013222968724,-0.5671094490645069,0.0753491846051324,-0.19189630416859962
285,comp_specific,3,0.14555501150211478,-0.17413440571141878,0.4652444287156483,0.4060145895901701
285,comp_specific,4,-0.44474153379782505,-0.8861914860295641,-0.0032915815660859438,-0.45752480095576914
285,comp_specific,5,0.10193037876656866,-0.18748478771309476,0.3913455452462321,-0.021810069771405087
285,adaptshrink,1,0.14890770284119775,-0.08712429721513171,0.3849397028975272,0.25124900460041555
285,adaptshrink,2,-0.24591418518716596,-0.567368178493029,0.0755398081186971,-0.19189630416859962
285,adaptshrink,3,0.1428694436518469,-0.15644732916624765,0.44218621646994144,0.4060145895901701
285,adaptshrink,4,-0.4573726863266752,-0.866448603753746,-0.04829676889960449,-0.45752480095576914
285,adaptshrink,5,0.08361760948964699,-0.26424724245763376,0.4314824614369277,-0.021810069771405087
286,common_DL,1,0.31911927224556946,0.02411111289214074,0.6141274315989982,0.3081193919498232
286,common_DL,2,-0.2977521395952667,-0.570414505198302,-0.025089773992231446,-0.3768311014158928
286,common_DL,3,-1.0681219081462925,-1.3080998534979342,-0.8281439627946507,-1.2383730601647804
286,common_DL,4,-0.08134090773756025,-0.3453468967953181,0.1826650813201976,-0.46259164664624036
286,common_DL,5,0.2054578221004899,-0.10212471075939128,0.513040354960371,0.041549084807718434
286,comp_specific,1,0.3072564337800156,0.05827808606906523,0.556234781490966,0.3081193919498232
286,comp_specific,2,-0.3020401945207396,-0.5245770310791404,-0.07950335796233873,-0.3768311014158928
286,comp_specific,3,-1.1483890787697946,-1.5507132857769892,-0.7460648717626001,-1.2383730601647804
286,comp_specific,4,-0.07254106061223872,-0.2760009180809267,0.13091879685644925,-0.46259164664624036
286,comp_specific,5,0.22285738275755357,-0.015161477269054369,0.4608762427841615,0.041549084807718434
286,adaptshrink,1,0.31466428380684364,0.03802949349278678,0.5912990741209005,0.3081193919498232
286,adaptshrink,2,-0.29884505100665043,-0.5524721492233989,-0.04521795278990193,-0.3768311014158928
286,adaptshrink,3,-1.1261096021683572,-1.4604135918347094,-0.791805612502005,-1.2383730601647804
286,adaptshrink,4,-0.07841857611062521,-0.31644753730341335,0.15961038508216296,-0.46259164664624036
286,adaptshrink,5,0.20972273652766638,-0.0779477873359582,0.49739326039129095,0.041549084807718434
287,common_DL,1,0.05512301667636667,-0.2563640682254675,0.3666101015782008,-0.04794620869288979
287,common_DL,2,0.11140934279648111,-0.21400744826884266,0.4368261338618049,0.11807068625777545
287,common_DL,3,0.34701861021544395,-0.02766436419500462,0.7217015846258925,0.23762898207213096
287,common_DL,4,-0.5338832955434482,-0.900805482073608,-0.16696110901328837,-0.5285329903218954
287,common_DL,5,-0.12651710307905376,-0.3832705885408516,0.13023638238274407,-0.10068814490609161
287,comp_specific,1,0.05410991131958156,-0.1592787109167363,0.2674985335558994,-0.04794620869288979
287,comp_specific,2,0.12954445672413473,-0.2774391466926601,0.5365280601409296,0.11807068625777545
287,comp_specific,3,0.32437319727354663,-0.17119062209701585,0.8199370166441091,0.23762898207213096
287,comp_specific,4,-0.5487056784813943,-0.8416758749252495,-0.2557354820375391,-0.5285329903218954
287,comp_specific,5,-0.1167429019331783,-0.41690177606223455,0.183415972195878,-0.10068814490609161
287,adaptshrink,1,0.055994918238024695,-0.21982363130397384,0.33181346778002324,-0.04794620869288979
287,adaptshrink,2,0.11946070189094835,-0.24458275402154825,0.4835041578034449,0.11807068625777545
287,adaptshrink,3,0.33471815400661864,-0.09656426463035428,0.7660005726435916,0.23762898207213096
287,adaptshrink,4,-0.5383994731136341,-0.8766713616765972,-0.20012758455067103,-0.5285329903218954
287,adaptshrink,5,-0.1214181177607074,-0.40086334546518176,0.15802710994376698,-0.10068814490609161
288,common_DL,1,1.2937600531538935,1.0532704145131386,1.5342496917946484,1.0972045575918028
288,common_DL,2,0.5370495085813116,0.18462554640228973,0.8894734707603336,0.7356513817552001
288,common_DL,3,-0.7204715317393806,-0.9307413541119793,-0.5102017093667819,-0.8537102294884737
288,common_DL,4,-0.10398289195036134,-0.3516217942353637,0.14365601033464104,-0.1275996842559507
288,common_DL,5,-0.20150626883652956,-0.545114667669451,0.14210212999639193,0.06601202729360613
288,comp_specific,1,1.2595653678443868,0.9583930546145059,1.5607376810742677,1.0972045575918028
288,comp_specific,2,0.5360463156104807,0.2034544676104006,0.8686381636105607,0.7356513817552001
288,comp_specific,3,-0.7248547788554502,-0.9029287243907624,-0.546780833320138,-0.8537102294884737
288,comp_specific,4,-0.11467978833840603,-0.4331433760782622,0.20378379940145014,-0.1275996842559507
288,comp_specific,5,-0.19356596564352124,-0.5860428214665303,0.19891089017948788,0.06601202729360613
288,adaptshrink,1,1.2792034290348235,1.0157224352646264,1.5426844228050207,1.0972045575918028
288,adaptshrink,2,0.5367095072731894,0.1907365770894855,0.8826824374568933,0.7356513817552001
288,adaptshrink,3,-0.7220033540591996,-0.9194794145592422,-0.524527293559157,-0.8537102294884737
288,adaptshrink,4,-0.1088538006428312,-0.38276359554819406,0.16505599426253162,-0.1275996842559507
288,adaptshrink,5,-0.19823387988649396,-0.5593475913968546,0.16287983162386668,0.06601202729360613
289,common_DL,1,-0.0026636080909808457,-0.37253353603818395,0.3672063198562223,0.018652160202914454
289,common_DL,2,0.02448995561600875,-0.3225717247885693,0.37155163602058683,-0.22157246076240097
289,common_DL,3,1.073318784337609,0.7194129559413333,1.4272246127338848,0.8864754059443137
289,common_DL,4,-0.604228897096029,-0.899052241876149,-0.30940555231590905,-0.17805033634742928
289,common_DL,5,0.28501162434884886,-0.03192026364045114,0.6019435123381489,0.1513333731280143
289,comp_specific,1,0.003689233495292571,-0.2706875823205498,0.2780660493111349,0.018652160202914454
289,comp_specific,2,-0.12006934334747002,-0.8409093973751446,0.6007707106802046,-0.22157246076240097
289,comp_specific,3,1.0838497194206413,0.8207230368527945,1.3469764019884882,0.8864754059443137
289,comp_specific,4,-0.6053343979064568,-0.8222024937351076,-0.3884663020778061,-0.17805033634742928
289,comp_specific,5,0.3695111536200406,0.18943405376663816,0.5495882534734431,0.1513333731280143
289,adaptshrink,1,-0.001985206696395264,-0.3448901246574605,0.3409197112646699,0.018652160202914454
289,adaptshrink,2,-0.07023322812873725,-0.586608266111188,0.44614180985371354,-0.22157246076240097
289,adaptshrink,3,1.0751108037945158,0.7471838494621172,1.4030377581269144,0.8864754059443137
289,adaptshrink,4,-0.6053914928123936,-0.8705328234359362,-0.3402501621888509,-0.17805033634742928
289,adaptshrink,5,0.3096394126012241,0.03416730006498969,0.5851115251374585,0.1513333731280143
290,common_DL,1,-0.13740108432974057,-0.46902704299407655,0.1942248743345954,-0.31267526973892873
290,common_DL,2,0.27268145242713027,-0.062292886679033266,0.6076557915332939,0.4078238193909849
290,common_DL,3,-0.6560585313605785,-1.00119195510191,-0.3109251076192471,-0.5387596782919647
290,common_DL,4,-0.5755832801620038,-0.930229207795094,-0.2209373525289135,-0.35204102363744433
290,common_DL,5,-0.4402830702818964,-0.8087085849001739,-0.07185755566361884,-0.33914882961074877
290,comp_specific,1,-0.1298019925392988,-0.5074412204193922,0.2478372353407946,-0.31267526973892873
290,comp_specific,2,0.2721190654257421,-0.08775920298735651,0.6319973338388407,0.4078238193909849
290,comp_specific,3,-0.6675662739020949,-1.0412714487588457,-0.2938610990453442,-0.5387596782919647
290,comp_specific,4,-0.6250952576599256,-0.8801811673055737,-0.3700093480142775,-0.35204102363744433
290,comp_specific,5,-0.43563417635162877,-0.7905859530437052,-0.08068239965955232,-0.33914882961074877
290,adaptshrink,1,-0.13301003667054645,-0.48856721209652215,0.22254713875542925,-0.31267526973892873
290,adaptshrink,2,0.2723766042097287,-0.07351567068794268,0.6182688791074,0.4078238193909849
290,adaptshrink,3,-0.6623749026534169,-1.0222130761122863,-0.30253672919454755,-0.5387596782919647
290,adaptshrink,4,-0.5919967217969335,-0.9035396807002207,-0.2804537628936464,-0.35204102363744433
290,adaptshrink,5,-0.4383996785658745,-0.8011435959563133,-0.07565576117543565,-0.33914882961074877
291,common_DL,1,0.513817710432902,0.13415874830435132,0.8934766725614527,0.5751513880010627
291,common_DL,2,0.26966307209847884,-0.023704541556111014,0.5630306857530687,0.22218600425152044
291,common_DL,3,0.5839650392838768,0.33738907607045343,0.8305410024973001,0.492073469147263
291,common_DL,4,0.8147168563332303,0.5734310868196852,1.0560026258467754,0.9230758284330031
291,common_DL,5,0.07185111010400269,-0.1853832940854931,0.32908551429349847,0.21407968515716502
291,comp_specific,1,0.5219075962723213,0.1770023887190374,0.8668128038256052,0.5751513880010627
291,comp_specific,2,0.24438958589583326,-0.0005381914942614308,0.48931736328592795,0.22218600425152044
291,comp_specific,3,0.5799150098242938,0.34552576232371335,0.8143042573248742,0.492073469147263
291,comp_specific,4,0.7636412397434322,0.42848632402275766,1.0987961554641068,0.9230758284330031
291,comp_specific,5,0.07527457930477638,-0.13297199411771496,0.28352115272726774,0.21407968515716502
291,adaptshrink,1,0.516969141044108,0.15172903953815103,0.8822092425500649,0.5751513880010627
291,adaptshrink,2,0.26251400967263744,-0.016195353844497606,0.5412233731897724,0.22218600425152044
291,adaptshrink,3,0.5820282454271308,0.34141714230349485,0.8226393485507668,0.492073469147263
291,adaptshrink,4,0.7877316726378909,0.5008872011979715,1.0745761440778103,0.9230758284330031
291,adaptshrink,5,0.07274590647598356,-0.16931063464258606,0.31480244759455317,0.21407968515716502
292,common_DL,1,-0.8972761803630354,-1.164536530986873,-0.6300158297391978,-1.0354253249033816
292,common_DL,2,-0.5946657128932458,-0.8224897306885153,-0.36684169509797626,-0.4211492362495357
292,common_DL,3,-0.5857661938422238,-0.8733945328876764,-0.2981378547967712,-0.2895851681697693
292,common_DL,4,0.3074885927980439,-0.07341425090928666,0.6883914365053745,0.4950834550080007
292,common_DL,5,0.004880779129851631,-0.2166080897652011,0.22636964802490436,-0.43472883429829867
292,comp_specific,1,-0.8873043455266078,-1.1215561933332274,-0.6530524977199882,-1.0354253249033816
292,comp_specific,2,-0.5806348668998285,-0.7492939160439842,-0.41197581775567266,-0.4211492362495357
292,comp_specific,3,-0.5542771096959477,-1.0181040018457022,-0.09045021754619315,-0.2895851681697693
292,comp_specific,4,0.3097217126022588,-0.0760551129851636,0.6954985381896812,0.4950834550080007
292,comp_specific,5,0.02570508576256264,-0.221930542608884,0.2733407141340093,-0.43472883429829867
292,adaptshrink,1,-0.8928951279340483,-1.1445043150612766,-0.6412859408068202,-1.0354253249033816
292,adaptshrink,2,-0.5906500664995158,-0.7968225822268543,-0.38447755077217727,-0.4211492362495357
292,adaptshrink,3,-0.565426809319485,-0.9401341870967121,-0.19071943154225773,-0.2895851681697693
292,adaptshrink,4,0.30845943568793,-0.07454230468778372,0.6914611760636438,0.4950834550080007
292,adaptshrink,5,0.01590981636620603,-0.2192707021142692,0.25109033484668125,-0.43472883429829867
293,common_DL,1,-0.3383202376841805,-0.6332859263404595,-0.04335454902790142,-0.4610942975322322
293,common_DL,2,-0.17251014190404299,-0.4847496413653154,0.1397293575572294,-0.34063382400193337
293,common_DL,3,-0.1170012079411204,-0.42041246844392355,0.18641005256168275,-0.12804422640275234
293,common_DL,4,0.06070669925348823,-0.26828387539856124,0.38969727390553777,-0.13695712138219357
293,common_DL,5,0.16596858309656798,-0.08488045581269793,0.4168176220058339,0.09146670911872282
293,comp_specific,1,-0.3269417225461838,-0.6465145290624668,-0.007368916029900918,-0.4610942975322322
293,comp_specific,2,-0.1859045706939481,-0.43641355124553505,0.06460440985763882,-0.34063382400193337
293,comp_specific,3,-0.1336919075122971,-0.334274180967586,0.06689036594299178,-0.12804422640275234
293,comp_specific,4,0.0558997251021906,-0.4659109809170368,0.5777104311214181,-0.13695712138219357
293,comp_specific,5,0.16818378222678348,-0.06314393722217262,0.39951150167573957,0.09146670911872282
293,adaptshrink,1,-0.3321340602412092,-0.6397080904547664,-0.024560030027651947,-0.4610942975322322
293,adaptshrink,2,-0.17711361587674374,-0.46519525129913186,0.11096801954564439,-0.34063382400193337
293,adaptshrink,3,-0.12182209876711296,-0.3909973538148086,0.14735315628058265,-0.12804422640275234
293,adaptshrink,4,0.0566788745147655,-0.36720905933650905,0.48056680836604004,-0.13695712138219357
293,adaptshrink,5,0.16685252708041667,-0.07456226285886547,0.4082673170196988,0.09146670911872282
294,common_DL,1,-0.5502895036366671,-0.9014601679109202,-0.19911883936241398,-0.54710010550117
294,common_DL,2,0.1961825749299641,-0.04991883856751575,0.442283988427444,0.4511489026500875
294,common_DL,3,0.6307265212578181,0.24309167192389997,1.0183613705917363,0.6475858216211172
294,common_DL,4,0.16595735280036614,-0.04098186184203442,0.37289656744276667,0.10763263090098915
294,common_DL,5,-0.39954566061508084,-0.6883539602247187,-0.11073736100544296,-0.5126447266467721
294,comp_specific,1,-0.495851071007918,-0.735059610848926,-0.25664253116690994,-0.54710010550117
294,comp_specific,2,0.19726014708792206,-0.05223948573889875,0.44675977991474286,0.4511489026500875
294,comp_specific,3,0.6488374916899888,0.32184810158230714,0.9758268817976705,0.6475858216211172
294,comp_specific,4,0.1777285774467074,-0.053334036171590576,0.4087911910650054,0.10763263090098915
294,comp_specific,5,-0.4011012126979823,-0.7059918248982102,-0.09621060049775443,-0.5126447266467721
294,adaptshrink,1,-0.536303617989691,-0.8578949688640221,-0.2147122671153599,-0.54710010550117
294,adaptshrink,2,0.19665063854772963,-0.05091459680134111,0.4442158738968004,0.4511489026500875
294,adaptshrink,3,0.635445930560996,0.26645056609010837,1.0044412950318835,0.6475858216211172
294,adaptshrink,4,0.1722502250056842,-0.04714792354494521,0.39164837355631366,0.10763263090098915
294,adaptshrink,5,-0.40032502706288114,-0.6962195614369515,-0.10443049268881077,-0.5126447266467721
295,common_DL,1,0.010362621760784854,-0.2970227271527834,0.31774797067435306,0.1469365496191021
295,common_DL,2,-0.741252058613504,-1.0134368879247448,-0.46906722930226297,-0.6407549623355164
295,common_DL,3,0.23143861455473866,-0.1511328817915961,0.6140101109010734,0.018383210676325003
295,common_DL,4,-0.004757002080741091,-0.3932127652463593,0.3836987610848771,-0.27636705358392977
295,common_DL,5,0.09323699407640071,-0.2149957459763451,0.40146973412914655,0.050050704605469155
295,comp_specific,1,-0.0016730755561877378,-0.2785116821892724,0.27516553107689695,0.1469365496191021
295,comp_specific,2,-0.7217847913662978,-1.1055318453674563,-0.33803773736513926,-0.6407549623355164
295,comp_specific,3,0.23056598566759495,-0.03710511045048642,0.49823708178567633,0.018383210676325003
295,comp_specific,4,0.043440287083506446,-0.1742523080899184,0.2611328822569313,-0.27636705358392977
295,comp_specific,5,0.10545010790418347,-0.15221681620602062,0.36311703201438755,0.050050704605469155
295,adaptshrink,1,0.005735096434010836,-0.28905371939687596,0.3005239122648976,0.1469365496191021
295,adaptshrink,2,-0.7299273303713962,-1.054770290161585,-0.4050843705812074,-0.6407549623355164
295,adaptshrink,3,0.2307395917253907,-0.11978230977488635,0.5812614932256678,0.018383210676325003
295,adaptshrink,4,0.005719618465105755,-0.3421714375341572,0.3536106744643687,-0.27636705358392977
295,adaptshrink,5,0.09712201995782925,-0.19097826285359265,0.3852223027692512,0.050050704605469155
296,common_DL,1,0.30410432212037053,0.06958118557411694,0.5386274586666241,0.15350471802074406
296,common_DL,2,0.5382947335399996,0.30384251581142235,0.7727469512685767,0.41985669653610147
296,common_DL,3,0.29281755376913066,0.025493414262726055,0.5601416932755352,0.19647477013963358
296,common_DL,4,0.5889012110320966,0.2775758751326054,0.9002265469315878,0.5551179395795076
296,common_DL,5,0.14689943859134397,-0.17343131544244395,0.4672301926251319,0.3063407904982251
296,comp_specific,1,0.3046902526982982,0.07176012297476156,0.5376203824218349,0.15350471802074406
296,comp_specific,2,0.5397769266246877,0.3267852558711848,0.7527685973781906,0.41985669653610147
296,comp_specific,3,0.14115662863859518,-0.33852346597876504,0.6208367232559554,0.19647477013963358
296,comp_specific,4,0.5893228791865921,0.31385929672195556,0.8647864616512286,0.5551179395795076
296,comp_specific,5,0.139932410367831,-0.13351004393803073,0.4133748646736927,0.3063407904982251
296,adaptshrink,1,0.304353922070504,0.07051136668519523,0.5381964774558128,0.15350471802074406
296,adaptshrink,2,0.53912723101682,0.31502553423206875,0.7632289278015714,0.41985669653610147
296,adaptshrink,3,0.19241211051642876,-0.19018354102183488,0.5750077620546924,0.19647477013963358
296,adaptshrink,4,0.5891462905309766,0.2925476815350077,0.8857448995269455,0.5551179395795076
296,adaptshrink,5,0.14491084221237208,-0.1607649008685557,0.45058658529329987,0.3063407904982251
297,common_DL,1,-0.6197198915275092,-0.9000920292439011,-0.33934775381111726,-0.7382886461508611
297,common_DL,2,0.6567990558609446,0.3687786428627913,0.9448194688590978,0.5382814122160325
297,common_DL,3,0.09004600551122394,-0.28440774606987174,0.4644997570923196,-0.1084848606826467
297,common_DL,4,0.29359435246373844,-0.039759068658382635,0.6269477735858595,0.29713785325680364
297,common_DL,5,0.6329190375121247,0.3390444736121475,0.926793601412102,0.5632974087735261
297,comp_specific,1,-0.6191436271006308,-0.7839435459945434,-0.45434370820671816,-0.7382886461508611
297,comp_specific,2,0.667738677402163,0.21281922907366696,1.122658125730659,0.5382814122160325
297,comp_specific,3,0.0856837750731308,-0.2786378098368487,0.4500053599831103,-0.1084848606826467
297,comp_specific,4,0.27957825435282396,-0.01768990452710223,0.5768464132327502,0.29713785325680364
297,comp_specific,5,0.6148881643129995,0.4285675611939862,0.8012087674320129,0.5632974087735261
297,adaptshrink,1,-0.6203414364157447,-0.8587753002226217,-0.38190757260886765,-0.7382886461508611
297,adaptshrink,2,0.666305617830748,0.2841631650744636,1.0484480705870325,0.5382814122160325
297,adaptshrink,3,0.08863589064436123,-0.2824829294466473,0.4597547107353698,-0.1084848606826467
297,adaptshrink,4,0.2879573439317697,-0.030604450639677483,0.6065191385032169,0.29713785325680364
297,adaptshrink,5,0.6279049461789511,0.3795823875525136,0.8762275048053886,0.5632974087735261
298,common_DL,1,-0.06071301331633447,-0.4100277177704419,0.288601691137773,-0.19748176488508312
298,common_DL,2,-0.22977709065587792,-0.5026679018233842,0.04311372051162832,-0.43523811531069967
298,common_DL,3,0.4534119671092111,0.0502802928850169,0.8565436413334053,-0.03547025242861015
298,common_DL,4,-0.4256865583092704,-0.692101206918253,-0.15927190970028776,-0.296948611017986
298,common_DL,5,-1.3362247846906747,-1.6577806955343557,-1.0146688738469938,-1.4362012771421382
298,comp_specific,1,-0.12083173247439907,-0.3674701992112844,0.12580673426248623,-0.19748176488508312
298,comp_specific,2,-0.20403722121886514,-0.5484521040452086,0.14037766160747828,-0.43523811531069967
298,comp_specific,3,0.45511385380075103,0.09864237923206304,0.811585328369439,-0.03547025242861015
298,comp_specific,4,-0.46435295335531135,-0.6665041905597047,-0.26220171615091803,-0.296948611017986
298,comp_specific,5,-1.4436548019804554,-1.9033330030016076,-0.9839766009593032,-1.4362012771421382
298,adaptshrink,1,-0.07667639317127833,-0.39826286203991906,0.2449100756973624,-0.19748176488508312
298,adaptshrink,2,-0.21539212412634437,-0.5217146525345365,0.09093040428184776,-0.43523811531069967
298,adaptshrink,3,0.4538838920267999,0.0656308816240041,0.8421369024295957,-0.03547025242861015
298,adaptshrink,4,-0.43953216818858665,-0.6784293172330992,-0.20063501914407408,-0.296948611017986
298,adaptshrink,5,-1.4108766451663113,-1.8107972259357994,-1.0109560643968232,-1.4362012771421382
299,common_DL,1,-0.3215914469700365,-0.5692889893854884,-0.07389390455458461,-0.4460798549973771
299,common_DL,2,-0.15590912292590126,-0.3807234618424671,0.06890521599066457,-0.37881895353729866
299,common_DL,3,0.5376393105353992,0.2774220057849144,0.7978566152858839,0.566732811843185
299,common_DL,4,0.8966385324517346,0.6063647026536491,1.1869123622498203,0.8172997917567928
299,common_DL,5,-0.5074079062494244,-0.7844807952208974,-0.23033501727795153,-0.5324757995131082
299,comp_specific,1,-0.259223900228835,-0.7231035541935444,0.20465575373587447,-0.4460798549973771
299,comp_specific,2,-0.1535294885111962,-0.286786033814593,-0.020272943207799404,-0.37881895353729866
299,comp_specific,3,0.5666661181083484,0.39590100654621485,0.737431229670482,0.566732811843185
299,comp_specific,4,0.8928116720041133,0.6892389582714404,1.096384385736786,0.8172997917567928
299,comp_specific,5,-0.4649926114965508,-0.6380624788773085,-0.2919227441157931,-0.5324757995131082
299,adaptshrink,1,-0.27891514153113284,-0.652875455875493,0.09504517281322739,-0.4460798549973771
299,adaptshrink,2,-0.15721746519872604,-0.3439538143288967,0.029518883931444667,-0.37881895353729866
299,adaptshrink,3,0.5480607530568234,0.3251969300477109,0.770924576065936,0.566732811843185
299,adaptshrink,4,0.895273013394572,0.6366577647489329,1.153888262040211,0.8172997917567928
299,adaptshrink,5,-0.49448239141030215,-0.7352917482368538,-0.25367303458375046,-0.5324757995131082
