rep,method,contrast,d_hat,ci_low,ci_high,d_true
0,common_DL,1,-0.6746558257921714,-1.079263550569236,-0.2700481010151068,-0.47984419726469013
0,common_DL,2,-0.5446523813279571,-0.9019461979574059,-0.1873585646985083,-0.7385648344140212
0,common_DL,3,0.13662186888057837,-0.42529806617463395,0.6985418039357907,0.5430229466666565
0,common_DL,4,-0.24845144274953096,-0.7404291275204564,0.2435262420213945,-0.26100773826068624
0,common_DL,5,-0.644363309943745,-1.011471426275031,-0.2772551936124589,-0.5842538586727175
0,comp_specific,1,-0.6551260973447686,-0.8127206567291925,-0.49753153796034466,-0.47984419726469013
0,comp_specific,2,-0.5495803752157266,-1.1087373513487906,0.009576600917337585,-0.7385648344140212
0,comp_specific,3,0.1391497620810862,-0.21552370221288697,0.4938232263750594,0.5430229466666565
0,comp_specific,4,-0.27468481109727766,-0.5177948729978123,-0.03157474919674291,-0.26100773826068624
0,comp_specific,5,-0.6189987875719257,-0.7921989397344639,-0.4457986354093876,-0.5842538586727175
0,adaptshrink,1,-0.6698417471209549,-0.9970985988870285,-0.3425848953548813,-0.47984419726469013
0,adaptshrink,2,-0.5476557909048341,-1.0177331965263519,-0.07757838528331623,-0.7385648344140212
0,adaptshrink,3,0.13717980799647256,-0.36946228428627736,0.6438219002792225,0.5430229466666565
0,adaptshrink,4,-0.25430814326599394,-0.6831005375311787,0.1744842509991908,-0.26100773826068624
0,adaptshrink,5,-0.6346119137419468,-0.923803882749743,-0.34541994473415066,-0.5842538586727175
1,common_DL,1,0.5501916447432406,0.235270596808489,0.8651126926779922,0.5801944832908739
1,common_DL,2,-0.07411682932939817,-0.48496208987668343,0.3367284312178871,-0.6820236309017158
1,common_DL,3,-0.9782233576777603,-1.384486791605891,-0.5719599237496296,-0.8730054407555423
1,common_DL,4,-0.06557597955333794,-0.4360066840094472,0.3048547249027713,0.06937069830772365
1,common_DL,5,-0.5795145598542359,-0.932358898827695,-0.22667022088077687,-0.7411351604299211
1,comp_specific,1,0.5429962839731157,0.26829881718958876,0.8176937507566426,0.5801944832908739
1,comp_specific,2,-0.15724207137763888,-0.8228158348952315,0.5083316921399537,-0.6820236309017158
1,comp_specific,3,-0.9779279938765952,-1.386443154958927,-0.5694128327942636,-0.8730054407555423
1,comp_specific,4,-0.07485149638047245,-0.28848312572542534,0.13878013296448044,0.06937069830772365
1,comp_specific,5,-0.5886669472834739,-0.9766988087974608,-0.2006350857694869,-0.7411351604299211
1,adaptshrink,1,0.5472234917694462,0.25126018921000887,0.8431867943288835,0.5801944832908739
1,adaptshrink,2,-0.1226114143686785,-0.6389387867876526,0.3937159580502956,-0.6820236309017158
1,adaptshrink,3,-0.9780960825220849,-1.3853263334072214,-0.5708658316369485,-0.8730054407555423
1,adaptshrink,4,-0.06872941092559606,-0.39941181400556514,0.26195299215437295,0.06937069830772365
1,adaptshrink,5,-0.5838123343937012,-0.9522165752402141,-0.21540809354718826,-0.7411351604299211
2,common_DL,1,-0.32273493227274375,-0.6897832727718807,0.044313408226393125,-0.4201300159973277
2,common_DL,2,-0.046064568849046805,-0.3096585927956194,0.2175294550975258,0.1463502418983874
2,common_DL,3,-0.902256459740038,-1.1748998003924473,-0.6296131190876287,-1.0942927927080424
2,common_DL,4,0.04787963462836148,-0.27961415684210933,0.3753734260988323,0.11190861734140273
2,common_DL,5,-0.09353615272193516,-0.41423945437968224,0.2271671489358119,0.08932205811847337
2,comp_specific,1,-0.33763609150650686,-0.6534246585283959,-0.021847524484617797,-0.4201300159973277
2,comp_specific,2,-0.04507146296767889,-0.39728560195111645,0.3071426760157587,0.1463502418983874
2,comp_specific,3,-0.9087710734974881,-1.1983480609751758,-0.6191940860198005,-1.0942927927080424
2,comp_specific,4,0.04543330851029928,-0.24983559544389647,0.34070221246449506,0.11190861734140273
2,comp_specific,5,-0.09011472445219118,-0.3728595350226942,0.1926300861183118,0.08932205811847337
2,adaptshrink,1,-0.3268459643067313,-0.6779665862246044,0.02427465761114178,-0.4201300159973277
2,adaptshrink,2,-0.043150116157019,-0.3493423496367122,0.26304211732267413,0.1463502418983874
2,adaptshrink,3,-0.9046066463804984,-1.1830433166340557,-0.626169976126941,-1.0942927927080424
2,adaptshrink,4,0.04657433128737282,-0.265396015842884,0.35854467841762966,0.11190861734140273
2,adaptshrink,5,-0.09223820590026993,-0.3973089088389988,0.2128324970384589,0.08932205811847337
3,common_DL,1,0.2167508382705718,-0.0736277452881357,0.5071294218292792,0.35983085946123233
3,common_DL,2,-0.3904973901877332,-0.7009596099957203,-0.08003517037974611,-0.1429309700145114
3,common_DL,3,0.006891735251162065,-0.25741787703214253,0.2712013475344666,0.04743562128196021
3,common_DL,4,-0.3989840442524793,-0.6569218508479122,-0.14104623765704644,-0.33213724614276924
3,common_DL,5,0.5405448397665077,0.30193898993015994,0.7791506896028555,0.5060265149205233
3,comp_specific,1,0.24302305944446986,0.090273964130859,0.3957721547580807,0.35983085946123233
3,comp_specific,2,-0.44736012843110134,-1.016094854531354,0.12137459766915132,-0.1429309700145114
3,comp_specific,3,0.023256965522336318,-0.29599139699784843,0.34250532804252104,0.04743562128196021
3,comp_specific,4,-0.40364752275582966,-0.6511325272898482,-0.15616251822181113,-0.33213724614276924
3,comp_specific,5,0.5501352936450017,0.4045197546671424,0.695750832622861,0.5060265149205233
3,adaptshrink,1,0.22309122428659234,-0.03183623450843076,0.47801868308161544,0.35983085946123233
3,adaptshrink,2,-0.4341696722227163,-0.8778739675099558,0.009534623064523295,-0.1429309700145114
3,adaptshrink,3,0.015378002952614753,-0.2739794615036838,0.30473546740891333,0.04743562128196021
3,adaptshrink,4,-0.40123307752696724,-0.6540227678545305,-0.14844338719940392,-0.33213724614276924
3,adaptshrink,5,0.5441941699650885,0.34483818451033843,0.7435501554198386,0.5060265149205233
4,common_DL,1,0.5857636776530053,0.2604958070538503,0.9110315482521603,0.5443074354430172
4,common_DL,2,0.38743508028741347,0.0674286516635722,0.7074415089112547,0.6134991567750318
4,common_DL,3,0.7414262843940569,0.4537430357690588,1.029109533019055,0.9314723552257497
4,common_DL,4,-0.004744331667490109,-0.2671918283281887,0.2577031649932085,-0.4167850688379317
4,common_DL,5,0.4695478417598121,0.19372128655216242,0.7453743969674618,0.4866371039641779
4,comp_specific,1,0.5548259666497727,0.37570974261743756,0.7339421906821078,0.5443074354430172
4,comp_specific,2,0.3974937207500184,0.18515197559893115,0.6098354659011056,0.6134991567750318
4,comp_specific,3,0.7758631292188112,0.5826252265211137,0.9691010319165086,0.9314723552257497
4,comp_specific,4,-0.08044646834360608,-0.5164526642216649,0.3555597275344528,-0.4167850688379317
4,comp_specific,5,0.4565730672388534,0.2357834194833899,0.6773627149943169,0.4866371039641779
4,adaptshrink,1,0.5777886291161755,0.29087113261373015,0.8647061256186208,0.5443074354430172
4,adaptshrink,2,0.3895954675245363,0.106521239455304,0.6726696955937685,0.6134991567750318
4,adaptshrink,3,0.7535148181973679,0.5055034429554719,1.0015261934392639,0.9314723552257497
4,adaptshrink,4,-0.05986468433816766,-0.42199826235609633,0.302268893679761,-0.4167850688379317
4,adaptshrink,5,0.4646645346626674,0.21463981197584847,0.7146892573494863,0.4866371039641779
5,common_DL,1,0.07325968351649338,-0.17460562360674348,0.3211249906397302,0.17391034012864204
5,common_DL,2,0.7114798078110036,0.4288582427201696,0.9941013729018376,0.9266580898718197
5,common_DL,3,0.13810008773832297,-0.07736209261875535,0.35356226809540126,0.0313357697358537
5,common_DL,4,-0.7605271003160622,-0.9266831777259954,-0.594371022906129,-0.4446972084050579
5,common_DL,5,0.4317344327984727,0.2709781727017431,0.5924906928952023,0.39487490732424774
5,comp_specific,1,0.026631196910383764,-0.3219366676875032,0.37519906150827076,0.17391034012864204
5,comp_specific,2,0.793004665454406,0.35573709746359755,1.2302722334452143,0.9266580898718197
5,comp_specific,3,0.13810008773832225,-0.07736209261875598,0.3535622680954005,0.0313357697358537
5,comp_specific,4,-0.760527100316062,-0.9266831777259952,-0.5943710229061288,-0.4446972084050579
5,comp_specific,5,0.4317344327984731,0.2709781727017436,0.5924906928952026,0.39487490732424774
5,adaptshrink,1,0.05319118136624186,-0.23577737103758362,0.3421597337700673,0.17391034012864204
5,adaptshrink,2,0.7524555708951607,0.4048762487915534,1.100034892998768,0.9266580898718197
5,adaptshrink,3,0.1381000877383221,-0.07736209261875618,0.35356226809540037,0.0313357697358537
5,adaptshrink,4,-0.7605271003160622,-0.9266831777259954,-0.594371022906129,-0.4446972084050579
5,adaptshrink,5,0.43173443279847257,0.27097817270174307,0.5924906928952021,0.39487490732424774
6,common_DL,1,0.49232942296272686,0.16906158571878566,0.8155972602066681,0.564440361681198
6,common_DL,2,0.36186900401935995,-0.06426319817821952,0.7880012062169395,0.3004313848801251
6,common_DL,3,-0.516495770902174,-0.9098726990367865,-0.12311884276756152,-0.5473974106517984
6,common_DL,4,-0.001566305323831535,-0.3600126651363533,0.3568800544886903,-0.4211684950212706
6,common_DL,5,-0.14046830794377899,-0.5287985843897748,0.24786196850221678,0.1733708251596889
6,comp_specific,1,0.508704322877038,0.35296525153857705,0.664443394215499,0.564440361681198
6,comp_specific,2,0.3402748083137554,-0.5128445942820534,1.193394210909564,0.3004313848801251
6,comp_specific,3,-0.45583005716730346,-0.6796798659962551,-0.2319802483383518,-0.5473974106517984
6,comp_specific,4,0.03551112122459923,-0.19951649279500341,0.27053873524420186,-0.4211684950212706
6,comp_specific,5,-0.1511219290596772,-0.6231667525287132,0.32092289440935884,0.1733708251596889
6,adaptshrink,1,0.49431555620132167,0.2287921801722893,0.759838932230354,0.564440361681198
6,adaptshrink,2,0.3449307395905687,-0.32967797413236816,1.0195394533135056,0.3004313848801251
6,adaptshrink,3,-0.4994566336929232,-0.8353680684876714,-0.16354519889817504,-0.5473974106517984
6,adaptshrink,4,0.010073578442881061,-0.29439897461921594,0.314546131504978,-0.4211684950212706
6,adaptshrink,5,-0.14587054728001386,-0.5724193769542173,0.28067828239418957,0.1733708251596889
7,common_DL,1,0.24043462586259973,-0.0038550977808729514,0.4847243495060724,0.36518502637760414
7,common_DL,2,0.0636071246625462,-0.33858589291104535,0.46580014223613775,-0.10690761899032998
7,common_DL,3,-0.5631686319541409,-0.8591949323219803,-0.2671423315863015,-0.7563018041910213
7,common_DL,4,0.16609102785266933,-0.06307170637484263,0.39525376208018126,-0.08660512988709035
7,common_DL,5,0.6547682531282342,0.4313453307741253,0.878191175482343,0.6521998512854692
7,comp_specific,1,0.24043462586259995,-0.0038550977808727016,0.48472434950607257,0.36518502637760414
7,comp_specific,2,0.0636071246625461,-0.33858589291104535,0.4658001422361375,-0.10690761899032998
7,comp_specific,3,-0.6285689571039289,-1.0019001815063473,-0.25523773270151057,-0.7563018041910213
7,comp_specific,4,0.19812102837895246,-0.10916606033225301,0.5054081170901579,-0.08660512988709035
7,comp_specific,5,0.6547682531282343,0.43134533077412535,0.8781911754823433,0.6521998512854692
7,adaptshrink,1,0.2404346258625995,-0.0038550977808731457,0.4847243495060721,0.36518502637760414
7,adaptshrink,2,0.06360712466254609,-0.33858589291104535,0.4658001422361375,-0.10690761899032998
7,adaptshrink,3,-0.5980015174214599,-0.931802863601517,-0.26420017124140277,-0.7563018041910213
7,adaptshrink,4,0.17866056608641648,-0.08097077632232638,0.4382919084951593,-0.08660512988709035
7,adaptshrink,5,0.654768253128234,0.43134533077412507,0.8781911754823428,0.6521998512854692
8,common_DL,1,-0.42332974245124627,-0.6042206176942138,-0.24243886720827879,-0.3633146394749202
8,common_DL,2,-0.2548733643621998,-0.4671939449816286,-0.04255278374277105,-0.08401229943868303
8,common_DL,3,0.6691070948380455,0.4166980896404614,0.9215161000356297,0.6118077525981749
8,common_DL,4,-0.2773620691195488,-0.4661329259536596,-0.08859121228543795,-0.06051798030871396
8,common_DL,5,0.023578702321852725,-0.22601773223412816,0.2731751368778336,-0.1402721278174807
8,comp_specific,1,-0.42332974245124627,-0.6042206176942138,-0.24243886720827879,-0.3633146394749202
8,comp_specific,2,-0.2548733643621998,-0.4671939449816286,-0.04255278374277105,-0.08401229943868303
8,comp_specific,3,0.6691070948380455,0.4166980896404614,0.9215161000356297,0.6118077525981749
8,comp_specific,4,-0.2773620691195488,-0.4661329259536596,-0.08859121228543795,-0.06051798030871396
8,comp_specific,5,0.023578702321852725,-0.22601773223412816,0.2731751368778336,-0.1402721278174807
8,adaptshrink,1,-0.42332974245124627,-0.6042206176942138,-0.24243886720827879,-0.3633146394749202
8,adaptshrink,2,-0.2548733643621998,-0.4671939449816286,-0.04255278374277105,-0.08401229943868303
8,adaptshrink,3,0.6691070948380455,0.4166980896404614,0.9215161000356297,0.6118077525981749
8,adaptshrink,4,-0.2773620691195488,-0.4661329259536596,-0.08859121228543795,-0.06051798030871396
8,adaptshrink,5,0.023578702321852725,-0.22601773223412816,0.2731751368778336,-0.1402721278174807
9,common_DL,1,-0.16492751849556817,-0.5768813288191297,0.24702629182799338,-0.29474075893597723
9,common_DL,2,0.20689597647655864,-0.25026227857090144,0.6640542315240188,-0.10562453266761414
9,common_DL,3,0.26468120960203145,-0.1979780454104033,0.7273404646144662,-0.018968853343254374
9,common_DL,4,-0.2613352503247266,-0.7195334438945205,0.1968629432450672,-0.23855725193492164
9,common_DL,5,0.07127025243254809,-0.4403683607956748,0.582908865660771,-0.07247438473338479
9,comp_specific,1,-0.15242702399792782,-0.32527187940039776,0.02041783140454212,-0.29474075893597723
9,comp_specific,2,0.21147792893189213,-0.28938427962501556,0.7123401374887998,-0.10562453266761414
9,comp_specific,3,0.2628470411235433,-0.19492876291997546,0.720622845167062,-0.018968853343254374
9,comp_specific,4,-0.24621890564433715,-0.9678671430071051,0.4754293317184308,-0.23855725193492164
9,comp_specific,5,0.07225758854418848,-0.2246604041271781,0.36917558121555505,-0.07247438473338479
9,adaptshrink,1,-0.16982008479521524,-0.5034097095896434,0.16376953999921293,-0.29474075893597723
9,adaptshrink,2,0.20859894683581962,-0.2635891661461567,0.680787059817796,-0.10562453266761414
9,adaptshrink,3,0.26390533877688116,-0.19666877686940715,0.7244794544231694,-0.018968853343254374
9,adaptshrink,4,-0.25057634356432973,-0.8371334958975838,0.3359808087689244,-0.23855725193492164
9,adaptshrink,5,0.0714371548127472,-0.3805182515619673,0.5233925611874617,-0.07247438473338479
10,common_DL,1,-0.8157430049099103,-1.1331370978317832,-0.49834891198803727,-0.6049610943783909
10,common_DL,2,-1.210068568473079,-1.4817003683664443,-0.9384367685797137,-0.8873026808771347
10,common_DL,3,-0.46723843987166597,-0.7019353355872303,-0.2325415441561016,-0.35125727370108956
10,common_DL,4,-1.0979092223371116,-1.281945432609897,-0.9138730120643264,-0.892340326678168
10,common_DL,5,-0.365424166629967,-0.6544437331822521,-0.07640460007768196,-0.20828106367554508
10,comp_specific,1,-0.8063846745431945,-1.0773589520769107,-0.5354103970094783,-0.6049610943783909
10,comp_specific,2,-1.2055468323421525,-1.5208426517939506,-0.8902510128903545,-0.8873026808771347
10,comp_specific,3,-0.46383407813409167,-0.6847616177532762,-0.24290653851490715,-0.35125727370108956
10,comp_specific,4,-1.0982270059236439,-1.2801667293939922,-0.9162872824532956,-0.892340326678168
10,comp_specific,5,-0.3531347759028668,-0.6679319816800164,-0.0383375701257172,-0.20828106367554508
10,adaptshrink,1,-0.8133452523798281,-1.116526273467247,-0.5101642312924093,-0.6049610943783909
10,adaptshrink,2,-1.2078704469478252,-1.5027309634519415,-0.9130099304437089,-0.8873026808771347
10,adaptshrink,3,-0.4657420346720721,-0.693766528904545,-0.2377175404395991,-0.35125727370108956
10,adaptshrink,4,-1.0980669107302674,-1.2810587995492337,-0.9150750219113011,-0.892340326678168
10,adaptshrink,5,-0.3597618679821596,-0.660192338603192,-0.059331397361127136,-0.20828106367554508
11,common_DL,1,0.167730738829525,-0.08315678585138381,0.4186182635104338,0.05881198004323777
11,common_DL,2,-0.2597911153948258,-0.43063904944377507,-0.08894318134587653,-0.29850027977910204
11,common_DL,3,-0.7421547327414216,-0.9688985820120843,-0.5154108834707589,-0.776528922548844
11,common_DL,4,0.21061642200540198,0.007748025251787943,0.413484818759016,0.11860883709702957
11,common_DL,5,-0.16264788015262638,-0.3360512764424355,0.010755516137182702,-0.11020901429929322
11,comp_specific,1,0.18553885874345205,-0.12056836168689034,0.49164607917379444,0.05881198004323777
11,comp_specific,2,-0.31154596781726396,-0.5630901267250426,-0.06000180890948531,-0.29850027977910204
11,comp_specific,3,-0.7472982051224407,-0.9319081232568972,-0.5626882869879842,-0.776528922548844
11,comp_specific,4,0.2021560157009623,0.021394601142602526,0.3829174302593221,0.11860883709702957
11,comp_specific,5,-0.15741144433085752,-0.29950634360398953,-0.015316545057725506,-0.11020901429929322
11,adaptshrink,1,0.1786967077163373,-0.10166754579665624,0.4590609612293308,0.05881198004323777
11,adaptshrink,2,-0.2923159218015503,-0.5090792416308729,-0.07555260197222771,-0.29850027977910204
11,adaptshrink,3,-0.7437405475377211,-0.9580383557437063,-0.5294427393317359,-0.776528922548844
11,adaptshrink,4,0.20733614977241402,0.013511563997724574,0.40116073554710346,0.11860883709702957
11,adaptshrink,5,-0.16088565356940784,-0.32196199949417337,0.00019069235535768003,-0.11020901429929322
12,common_DL,1,-0.48438630524071524,-0.7393298242876702,-0.22944278619376024,-0.4677013266562775
12,common_DL,2,-0.3655862375855392,-0.7299010855500878,-0.0012713896209906594,0.025467446514330163
12,common_DL,3,0.00818385664047816,-0.23071480085044363,0.24708251413139995,0.015177928503603619
12,common_DL,4,0.01753868576805509,-0.20690272185584052,0.2419800933919507,0.2094918326508982
12,common_DL,5,-0.14040652276226384,-0.4120474829611315,0.1312344374366038,-0.204324325323238
12,comp_specific,1,-0.47110309251584503,-0.6650295710140621,-0.27717661401762794,-0.4677013266562775
12,comp_specific,2,-0.3949365235023281,-0.8694887278064487,0.07961568080179249,0.025467446514330163
12,comp_specific,3,0.002400073279230336,-0.19388830876763583,0.1986884553260965,0.015177928503603619
12,comp_specific,4,-0.020846056082816172,-0.34956421566589535,0.30787210350026295,0.2094918326508982
12,comp_specific,5,-0.15183332470924352,-0.3837117084624352,0.08004505904394812,-0.204324325323238
12,adaptshrink,1,-0.4811020462001822,-0.7182113311717164,-0.243992761228648,-0.4677013266562775
12,adaptshrink,2,-0.3831136669047146,-0.7994122700053048,0.033184936195875536,0.025467446514330163
12,adaptshrink,3,0.005212686719306886,-0.21430768522811283,0.2247330586667266,0.015177928503603619
12,adaptshrink,4,-0.010088690498417124,-0.294067011956048,0.2738896309592137,0.2094918326508982
12,adaptshrink,5,-0.14483936817368925,-0.4004388449161795,0.11076010856880097,-0.204324325323238
13,common_DL,1,0.9834966932193271,0.7161328686864189,1.2508605177522352,0.7546894886575789
13,common_DL,2,-0.7939456203313507,-1.1290810355601586,-0.45881020510254295,-0.78156599766749
13,common_DL,3,0.5829439148782645,0.26893882767268573,0.8969490020838432,0.5280321048949826
13,common_DL,4,-0.5246131586157908,-0.7758156174964888,-0.2734106997350929,0.0037787943018747503
13,common_DL,5,0.317800742361396,0.08889980690227325,0.5467016778205187,0.20638641127605584
13,comp_specific,1,1.0026078465326425,0.670738583740522,1.334477109324763,0.7546894886575789
13,comp_specific,2,-0.7889575507422886,-1.1050482889040198,-0.4728668125805573,-0.78156599766749
13,comp_specific,3,0.5901263522284759,0.24585181012749063,0.934400894329461,0.5280321048949826
13,comp_specific,4,-0.4730447887833016,-0.8101577263943538,-0.13593185117224943,0.0037787943018747503
13,comp_specific,5,0.3168109280940231,0.1219427572039466,0.5116790989840996,0.20638641127605584
13,adaptshrink,1,0.9946096656228212,0.6921796599605481,1.2970396712850942,0.7546894886575789
13,adaptshrink,2,-0.792362504015844,-1.1212972541906123,-0.46342775384107554,-0.78156599766749
13,adaptshrink,3,0.586336800962557,0.25884521934441035,0.9138283825807036,0.5280321048949826
13,adaptshrink,4,-0.5008947058536551,-0.7855164872287758,-0.21627292447853452,0.0037787943018747503
13,adaptshrink,5,0.31747131631909975,0.10172982103042097,0.5332128116077786,0.20638641127605584
14,common_DL,1,-0.5852917190530578,-0.9257985628130391,-0.24478487529307646,-0.6801096864000615
14,common_DL,2,-0.2777826443648706,-0.637496495893557,0.0819312071638158,-0.9338575200161268
14,common_DL,3,-0.029219785863349265,-0.24392666369789595,0.1854870919711974,-0.046673996732019316
14,common_DL,4,1.0146707323492519,0.7073345887311064,1.3220068759673973,0.46056030459503083
14,common_DL,5,0.6031486584912867,0.18483498397064724,1.0214623330119261,0.1415752235243085
14,comp_specific,1,-0.5854669472617375,-0.8797757101254313,-0.2911581843980438,-0.6801096864000615
14,comp_specific,2,-0.23186408916665496,-0.7416976443864329,0.27796946605312295,-0.9338575200161268
14,comp_specific,3,-0.036413215206388905,-0.18065585977134144,0.10782942935856363,-0.046673996732019316
14,comp_specific,4,0.835624777524475,0.21050810565612066,1.4607414493928292,0.46056030459503083
14,comp_specific,5,0.6074402932456402,0.2262256825743797,0.9886549039169007,0.1415752235243085
14,adaptshrink,1,-0.5853407944202881,-0.9111965660680184,-0.2594850227725578,-0.6801096864000615
14,adaptshrink,2,-0.25376776122045996,-0.6727659566059263,0.16523043416500638,-0.9338575200161268
14,adaptshrink,3,-0.030141238162681605,-0.21573127775954906,0.15544880143418585,-0.046673996732019316
14,adaptshrink,4,0.9051547735742356,0.4575171289373235,1.3527924182111477,0.46056030459503083
14,adaptshrink,5,0.6043987410959103,0.19804712150269888,1.0107503606891217,0.1415752235243085
15,common_DL,1,1.2223188295894392,0.6642012371004798,1.7804364220783984,1.0303780766770976
15,common_DL,2,-0.5244191250604993,-0.9557378251643107,-0.09310042495668786,-0.531638048759795
15,common_DL,3,0.0934395653583478,-0.37138835167647666,0.5582674823931723,0.10496741004913795
15,common_DL,4,0.2896495398650926,-0.2380222770518013,0.8173213567819866,0.13303158947645494
15,common_DL,5,0.7321451436307858,0.2677163987017762,1.1965738885597954,0.6818184405966577
15,comp_specific,1,1.248053002568429,0.9202301851700345,1.5758758199668237,1.0303780766770976
15,comp_specific,2,-0.5033283488324938,-1.1957981562869615,0.18914145862197396,-0.531638048759795
15,comp_specific,3,0.1264934587059458,-0.038763159908636546,0.29175007732052816,0.10496741004913795
15,comp_specific,4,0.35257886247470593,0.027267052965725735,0.6778906719836861,0.13303158947645494
15,comp_specific,5,0.7381470712523224,0.4818478326629059,0.9944463098417389,0.6818184405966577
15,adaptshrink,1,1.2279053418829569,0.7516329462307338,1.7041777375351799,1.0303780766770976
15,adaptshrink,2,-0.5096677002511837,-1.0868231335817162,0.06748773307934874,-0.531638048759795
15,adaptshrink,3,0.08837165992043877,-0.27756460058510374,0.4543079204259813,0.10496741004913795
15,adaptshrink,4,0.3029859642828794,-0.15276792800568095,0.7587398565714397,0.13303158947645494
15,adaptshrink,5,0.7332324024712091,0.34407966892154146,1.1223851360208768,0.6818184405966577
16,common_DL,1,0.16387624127810468,-0.17234950204452482,0.5001019846007342,0.29198122961284534
16,common_DL,2,0.003782174026970772,-0.38933454784679095,0.3968988959007325,-0.11954751466390598
16,common_DL,3,-0.19221292564105308,-0.5802435489945874,0.1958176977124812,-0.15953529305229
16,common_DL,4,-0.020689246298463956,-0.36005448935145223,0.3186759967545243,-0.03783012055642233
16,common_DL,5,-0.24274892794409658,-0.606522383215677,0.12102452732748387,-0.20541656478080744
16,comp_specific,1,0.1571314779729944,-0.04334950982951463,0.35761246577550343,0.29198122961284534
16,comp_specific,2,-0.03381193590154742,-0.28321355089530953,0.21558967909221466,-0.11954751466390598
16,comp_specific,3,-0.1912423615392212,-0.6036325336585041,0.22114781058006172,-0.15953529305229
16,comp_specific,4,-0.0801781220293116,-0.6079428682791949,0.4475866242205716,-0.03783012055642233
16,comp_specific,5,-0.17729621580495492,-0.3738995994881694,0.01930716787825959,-0.20541656478080744
16,adaptshrink,1,0.16127940401704585,-0.11727137900449877,0.43983018703859045,0.29198122961284534
16,adaptshrink,2,-0.004314366726612853,-0.3472111755681469,0.3385824421149212,-0.11954751466390598
16,adaptshrink,3,-0.1917846625336305,-0.5904556585756431,0.20688633350838212,-0.15953529305229
16,adaptshrink,4,-0.06174669565236918,-0.50681195711702,0.3833185658122817,-0.03783012055642233
16,adaptshrink,5,-0.2229415974168902,-0.5250496763256002,0.07916648149181973,-0.20541656478080744
17,common_DL,1,-0.13425510926475848,-0.5221576112659481,0.2536473927364311,-0.07692291939701591
17,common_DL,2,0.025413749314254483,-0.4463971444273586,0.4972246430558676,0.11131353138487934
17,common_DL,3,-0.22981624837532694,-0.49639008680544344,0.03675759005478957,-0.24154364349409602
17,common_DL,4,0.03179414359893582,-0.19623088214757725,0.2598191693454489,-0.1706013986762024
17,common_DL,5,0.5438170097120429,0.26061869840518787,0.827015321018898,0.4818167301393455
17,comp_specific,1,-0.20912153198886824,-0.7799193521709766,0.3616762881932401,-0.07692291939701591
17,comp_specific,2,0.026524306527907382,-0.4319384473311012,0.48498706038691597,0.11131353138487934
17,comp_specific,3,-0.23738329534221525,-0.43703750047666684,-0.03772909020776366,-0.24154364349409602
17,comp_specific,4,-0.004432277126560465,-0.31789840125972113,0.3090338470066002,-0.1706013986762024
17,comp_specific,5,0.5502800942519523,0.35333540589476886,0.7472247826091358,0.4818167301393455
17,adaptshrink,1,-0.1733475511620256,-0.6329421666480763,0.28624706432402514,-0.07692291939701591
17,adaptshrink,2,0.025766639133800832,-0.44164119295269577,0.49317447122029745,0.11131353138487934
17,adaptshrink,3,-0.23317675588801884,-0.46966027444199887,0.0033067626659611937,-0.24154364349409602
17,adaptshrink,4,0.010903051820855138,-0.2642896175197906,0.2860957211615009,-0.1706013986762024
17,adaptshrink,5,0.5459896361896243,0.2939689371420544,0.7980103352371941,0.4818167301393455
18,common_DL,1,-0.6309253649848026,-1.0600341484476972,-0.20181658152190807,-0.5785179730230433
18,common_DL,2,-0.30004959960007915,-0.6696761021430255,0.06957690294286717,-0.006247899981201868
18,common_DL,3,-0.03600554465142215,-0.4109752477029218,0.33896415840007754,-0.15881193883270803
18,common_DL,4,-0.3249127724346563,-0.7550573036372147,0.10523175876790203,-0.5554754445459174
18,common_DL,5,0.572707658852291,0.07147621908355328,1.0739390986210289,0.7400277823502867
18,comp_specific,1,-0.62343556667193,-1.1337454927215806,-0.11312564062227926,-0.5785179730230433
18,comp_specific,2,-0.3076328918853491,-0.578931453441007,-0.036334330329691134,-0.006247899981201868
18,comp_specific,3,-0.04683932097358637,-0.2724244795859689,0.17874583763879615,-0.15881193883270803
18,comp_specific,4,-0.3571445448539491,-1.1073568043601831,0.39306771465228507,-0.5554754445459174
18,comp_specific,5,0.6079383502290205,0.28333873274816773,0.9325379677098733,0.7400277823502867
18,adaptshrink,1,-0.6271825929426122,-1.0929488070678763,-0.16141637881734816,-0.5785179730230433
18,adaptshrink,2,-0.3018396103371333,-0.6336109711494218,0.029931750475155117,-0.006247899981201868
18,adaptshrink,3,-0.0363331906027331,-0.3500688269833716,0.2774024457779054,-0.15881193883270803
18,adaptshrink,4,-0.3440945820730309,-0.9019452344319067,0.21375607028584487,-0.5554754445459174
18,adaptshrink,5,0.578686267721657,0.12613812698555404,1.03123440845776,0.7400277823502867
19,common_DL,1,-0.03334072728696853,-0.4879660198862681,0.42128456531233105,0.034307774636550735
19,common_DL,2,-0.0964630103813675,-0.4432280522838644,0.2503020315211294,-0.12233769564924328
19,common_DL,3,0.4653357437538956,0.19292003367854788,0.7377514538292433,0.35413639845283984
19,common_DL,4,-0.2149141708933927,-0.6025735442037554,0.17274520241697,0.03925657520623595
19,common_DL,5,-0.6549591655565761,-0.9784048180231231,-0.33151351309002913,-0.6670427402003417
19,comp_specific,1,-0.04240002417965061,-0.5382359019005557,0.4534358535412545,0.034307774636550735
19,comp_specific,2,-0.060504204617462365,-0.6357537827743358,0.514745373539411,-0.12233769564924328
19,comp_specific,3,0.46258960515825864,0.3225977204128765,0.6025814899036408,0.35413639845283984
19,comp_specific,4,-0.21429403920797455,-0.6154349828647678,0.18684690444881877,0.03925657520623595
19,comp_specific,5,-0.6535317679004788,-0.9821109931062892,-0.3249525426946684,-0.6670427402003417
19,adaptshrink,1,-0.03671386975840163,-0.5055437031788821,0.43211596366207883,0.034307774636550735
19,adaptshrink,2,-0.07291042693441133,-0.5334590877842081,0.38763823391538543,-0.12233769564924328
19,adaptshrink,3,0.4649612670710771,0.24492583293270134,0.6849967012094529,0.35413639845283984
19,adaptshrink,4,-0.2146834311055625,-0.606909668136799,0.17754280592567398,0.03925657520623595
19,adaptshrink,5,-0.6543391119569293,-0.979995863183865,-0.3286823607299935,-0.6670427402003417
20,common_DL,1,-0.20577837332614513,-0.42101727517261694,0.009460528520326694,-0.2505975046042369
20,common_DL,2,-0.10258992829618609,-0.524994552325372,0.3198146957329998,-0.1971847252961453
20,common_DL,3,0.3044027637605359,0.08438701668685969,0.5244185108342121,0.15655629858067557
20,common_DL,4,-0.007469191630843433,-0.2935855838891095,0.27864720062742265,0.0009089082194503262
20,common_DL,5,-0.6922189741599386,-0.9608970799557057,-0.4235408683641715,-0.7034886544151367
20,comp_specific,1,-0.16737676245319258,-0.32907766876022393,-0.005675856146161201,-0.2505975046042369
20,comp_specific,2,-0.09994475092585384,-0.4977056209578672,0.29781611910615957,-0.1971847252961453
20,comp_specific,3,0.3138666214975423,0.15160347765241408,0.4761297653426705,0.15655629858067557
20,comp_specific,4,-0.040802432513374814,-0.7103188194639879,0.6287139544372383,0.0009089082194503262
20,comp_specific,5,-0.7071109883014179,-1.043169562334056,-0.3710524142687799,-0.7034886544151367
20,adaptshrink,1,-0.19098986225776554,-0.3833219208537302,0.0013421963381991253,-0.2505975046042369
20,adaptshrink,2,-0.10178128430814311,-0.5161555718612519,0.3125930032449657,-0.1971847252961453
20,adaptshrink,3,0.30790554525980735,0.10953689779646561,0.5062741927231491,0.15655629858067557
20,adaptshrink,4,-0.03580877793481656,-0.506803015684338,0.43518545981470497,0.0009089082194503262
20,adaptshrink,5,-0.7011469097168567,-1.001391829372015,-0.40090199006169824,-0.7034886544151367
21,common_DL,1,1.1112223281051983,0.8430696485020683,1.3793750077083282,0.9487943183945045
21,common_DL,2,-0.9022081119934021,-1.1884855095460805,-0.6159307144407238,-0.7656451491908117
21,common_DL,3,0.7176140488401596,0.4850547300909795,0.9501733675893396,0.8199968150902254
21,common_DL,4,-0.7282404665964585,-1.0839837538854211,-0.3724971793074957,-0.4018303623876088
21,common_DL,5,0.02469690865534617,-0.37378813986767756,0.4231819571783699,-0.16893472556754266
21,comp_specific,1,1.1105154404953996,0.8343574898103465,1.3866733911804527,0.9487943183945045
21,comp_specific,2,-0.9034353649311522,-1.1959408992955876,-0.6109298305667168,-0.7656451491908117
21,comp_specific,3,0.7297194814332901,0.5882493540684413,0.871189608798139,0.8199968150902254
21,comp_specific,4,-0.8096430283814269,-1.4742335434459566,-0.14505251331689728,-0.4018303623876088
21,comp_specific,5,0.01317696088409212,-0.3201338556625025,0.3464877774306868,-0.16893472556754266
21,adaptshrink,1,1.110878496560434,0.8386775958390074,1.3830793972818605,0.9487943183945045
21,adaptshrink,2,-0.9026298306919439,-1.1910013699243462,-0.6142582914595416,-0.7656451491908117
21,adaptshrink,3,0.7214403557689381,0.5262919855479535,0.9165887259899226,0.8199968150902254
21,adaptshrink,4,-0.7912799057965989,-1.3058789872585042,-0.27668082433469376,-0.4018303623876088
21,adaptshrink,5,0.02170015979994601,-0.3567667161639821,0.4001670357638741,-0.16893472556754266
22,common_DL,1,-0.4813956911571389,-0.9029390597984991,-0.059852322515778766,-0.49759970696476524
22,common_DL,2,0.489676410170227,0.11066863108695191,0.8686841892535021,0.47422263942938453
22,common_DL,3,-0.33586986380263506,-0.7629053022914148,0.09116557468614472,-0.5148040976913673
22,common_DL,4,-0.10996795910335175,-0.5028547217667818,0.28291880356007826,-0.04718815264907217
22,common_DL,5,-0.4962961798567066,-0.9444053885469424,-0.04818697116647075,-0.2658361362517546
22,comp_specific,1,-0.4958703184798442,-0.6678118697286399,-0.32392876723104846,-0.49759970696476524
22,comp_specific,2,0.47584835272299897,-0.14454482044743022,1.0962415258934282,0.47422263942938453
22,comp_specific,3,-0.32704684257857497,-0.595027976758427,-0.05906570839872288,-0.5148040976913673
22,comp_specific,4,-0.1079586800328267,-0.4943652103774701,0.2784478503118167,-0.04718815264907217
22,comp_specific,5,-0.4841378804203676,-0.8207364598851945,-0.14753930095554074,-0.2658361362517546
22,adaptshrink,1,-0.49359545762982443,-0.8426099915526185,-0.14458092370703035,-0.49759970696476524
22,adaptshrink,2,0.4800111636937965,-0.03479517055514869,0.9948174979427417,0.47422263942938453
22,adaptshrink,3,-0.33368928851935165,-0.7017379730847633,0.034359396046059976,-0.5148040976913673
22,adaptshrink,4,-0.10912035783774604,-0.499245328339974,0.2810046126644819,-0.04718815264907217
22,adaptshrink,5,-0.4918477071510552,-0.8883178481632021,-0.09537756613890819,-0.2658361362517546
23,common_DL,1,-0.3596300464176273,-0.8445546539144018,0.12529456107914722,-0.2617191073092074
23,common_DL,2,0.19182465679736935,-0.4061659903276046,0.7898153039223433,0.3432698615628335
23,common_DL,3,-0.6975282206958642,-1.243344427110014,-0.1517120142817142,-0.7054065516628146
23,common_DL,4,0.30049816548647823,-0.29713012860820487,0.8981264595811613,0.2984134588105116
23,common_DL,5,-0.6134804701507108,-1.165219396802721,-0.06174154349870076,-0.24389618175821107
23,comp_specific,1,-0.27667787463695065,-0.4975721742562509,-0.05578357501765041,-0.2617191073092074
23,comp_specific,2,0.23903608259065906,-0.943576081071543,1.421648246252861,0.3432698615628335
23,comp_specific,3,-0.7204336010826635,-1.1142613240645156,-0.3266058781008114,-0.7054065516628146
23,comp_specific,4,0.3972514219898649,0.18862919294919833,0.6058736510305315,0.2984134588105116
23,comp_specific,5,-0.61324522284681,-1.1167891513497756,-0.10970129434384435,-0.24389618175821107
23,adaptshrink,1,-0.3443106300818104,-0.728320271158706,0.03969901099508516,-0.2617191073092074
23,adaptshrink,2,0.22150126454393146,-0.6187585428214208,1.0617610719092838,0.3432698615628335
23,adaptshrink,3,-0.7038843400663545,-1.1913113198031484,-0.21645736032956048,-0.7054065516628146
23,adaptshrink,4,0.30761189303225833,-0.20411290605370414,0.8193366921182208,0.2984134588105116
23,adaptshrink,5,-0.6133860779769517,-1.14503084646595,-0.08174130948795344,-0.24389618175821107
24,common_DL,1,0.3313854928904839,-0.19679692174970398,0.8595679075306718,0.18093888763589716
24,common_DL,2,-0.24808592634182433,-0.6447559399070468,0.1485840872233982,-0.2018966081818033
24,common_DL,3,-0.07269192284609763,-0.4893824500029925,0.3439986043107972,-0.13633029486733336
24,common_DL,4,0.4470571082913197,0.05817826207447596,0.8359359545081635,0.1376832353510963
24,common_DL,5,0.052093683358098525,-0.32064263335403076,0.42483000007022775,-0.0026965484705932814
24,comp_specific,1,0.3417226127185823,-0.07220611451471737,0.7556513399518819,0.18093888763589716
24,comp_specific,2,-0.22713117844425335,-0.44283062511610316,-0.011431731772403558,-0.2018966081818033
24,comp_specific,3,0.003339632211972532,-0.19222615644133453,0.1989054208652796,-0.13633029486733336
24,comp_specific,4,0.4525135571061449,-0.26770342400218156,1.1727305382144713,0.1376832353510963
24,comp_specific,5,0.06209501967250509,-0.1651399812851821,0.28933002063019225,-0.0026965484705932814
24,adaptshrink,1,0.3337882453594363,-0.1596158811887402,0.8271923719076129,0.18093888763589716
24,adaptshrink,2,-0.2446949276483793,-0.593678676599513,0.10428882130275441,-0.2018966081818033
24,adaptshrink,3,-0.06045353110918339,-0.4271298948147903,0.3062228325964235,-0.13633029486733336
24,adaptshrink,4,0.4506160438781937,-0.07338814360189178,0.9746202313582792,0.1376832353510963
24,adaptshrink,5,0.05468990704649426,-0.26632460465719454,0.375704418750183,-0.0026965484705932814
25,common_DL,1,0.17663317189404945,-0.1611312443639388,0.5143975881520377,-0.09135266404305191
25,common_DL,2,0.21712262707749655,-0.10037669412509079,0.5346219482800839,0.09381295416067877
25,common_DL,3,-0.7983291057323181,-1.1494277611433819,-0.4472304503212544,-0.8379809684117253
25,common_DL,4,-0.2265528401529544,-0.5518850759023413,0.0987793955964325,0.06698423313000737
25,common_DL,5,-0.634034781868255,-0.9997485164858066,-0.26832104725070344,-0.7846230561898428
25,comp_specific,1,0.1398962714816636,-0.11008885741373112,0.3898814003770583,-0.09135266404305191
25,comp_specific,2,0.22562111738252463,-0.1918119574780668,0.6430541922431161,0.09381295416067877
25,comp_specific,3,-0.8007538248129237,-1.1373148423979542,-0.46419280722789313,-0.8379809684117253
25,comp_specific,4,-0.22793016762890625,-0.5872494198736858,0.13138908461587331,0.06698423313000737
25,comp_specific,5,-0.6346031453684243,-0.934780566531243,-0.3344257242056056,-0.7846230561898428
25,adaptshrink,1,0.16414365443589385,-0.13514684389162956,0.46343415276341726,-0.09135266404305191
25,adaptshrink,2,0.22289196642222503,-0.1487451999405791,0.5945291327850292,0.09381295416067877
25,adaptshrink,3,-0.7993534276858769,-1.1443344083854827,-0.45437244698627116,-0.8379809684117253
25,adaptshrink,4,-0.22708560682258555,-0.5641777216463002,0.11000650800112904,0.06698423313000737
25,adaptshrink,5,-0.6341707973153816,-0.9794325357737135,-0.28890905885704976,-0.7846230561898428
26,common_DL,1,0.523890949134077,0.2637449003747773,0.7840369978933766,0.5585328986397193
26,common_DL,2,0.12946198327637223,-0.2617902710607565,0.520714237613501,0.5387824417724625
26,common_DL,3,-0.19515162310044615,-0.4115960357783254,0.021292789577433052,-0.14874136540047878
26,common_DL,4,0.09253222096936586,-0.14347696476958494,0.32854140670831666,0.030791407834471658
26,common_DL,5,-0.3803907951590054,-0.6463652408056286,-0.11441634951238216,-0.31592877104748573
26,comp_specific,1,0.53472293558659,0.353399559310827,0.716046311862353,0.5585328986397193
26,comp_specific,2,0.12852040501768036,-0.21256131838035786,0.4696021284157186,0.5387824417724625
26,comp_specific,3,-0.19486484110803073,-0.42281792918436467,0.033088246968303175,-0.14874136540047878
26,comp_specific,4,0.06513641943149148,-0.3064379085971489,0.43671074746013183,0.030791407834471658
26,comp_specific,5,-0.3801357710189512,-0.5787537049005991,-0.18151783713730324,-0.31592877104748573
26,adaptshrink,1,0.5276510626141602,0.2964632539056842,0.7588388713226362,0.5585328986397193
26,adaptshrink,2,0.12920420180093237,-0.24607452888852752,0.5044829324903922,0.5387824417724625
26,adaptshrink,3,-0.19502677436228738,-0.4164876584471095,0.026434109722534738,-0.14874136540047878
26,adaptshrink,4,0.07180091242578349,-0.24079540313277145,0.3843972279843384,0.030791407834471658
26,adaptshrink,5,-0.3798110986146598,-0.6197577256723141,-0.13986447155700538,-0.31592877104748573
27,common_DL,1,-0.5491124270177938,-0.9339324613501963,-0.16429239268539148,-0.5460027620890013
27,common_DL,2,0.028872954928327643,-0.31159930708682043,0.3693452169434757,-0.1306520464007151
27,common_DL,3,-0.3313242399825428,-0.7039203143276024,0.0412718343625168,-0.1579828629679677
27,common_DL,4,-0.13159602156002526,-0.5271120306077892,0.26391998748773876,-0.26925477893539695
27,common_DL,5,-0.1875511312263296,-0.6588190028117162,0.2837167403590571,-0.2571240051920101
27,comp_specific,1,-0.5462476363008317,-0.901077121228887,-0.1914181513727765,-0.5460027620890013
27,comp_specific,2,0.017610082594142734,-0.28323948275258326,0.3184596479408688,-0.1306520464007151
27,comp_specific,3,-0.3582883757112425,-0.7734938834821699,0.056917132059684794,-0.1579828629679677
27,comp_specific,4,-0.14466067270965122,-0.5092376820558101,0.21991633663650767,-0.26925477893539695
27,comp_specific,5,-0.14918440527112076,-0.7423048467370765,0.443936036194835,-0.2571240051920101
27,adaptshrink,1,-0.547918347990616,-0.9202524740093958,-0.17558422197183615,-0.5460027620890013
27,adaptshrink,2,0.024591662372073775,-0.2996547974211046,0.3488381221652522,-0.1306520464007151
27,adaptshrink,3,-0.3439186332419349,-0.7355864700931165,0.047749203609246726,-0.1579828629679677
27,adaptshrink,4,-0.13572716626956527,-0.5212929317869708,0.24983859924784024,-0.26925477893539695
27,adaptshrink,5,-0.17052251522617415,-0.6863081794042571,0.3452631489519089,-0.2571240051920101
28,common_DL,1,0.5627080430711472,0.14007629790418707,0.9853397882381073,0.47377493580927627
28,common_DL,2,0.5816964897829155,0.3545060423079618,0.8088869372578693,0.7855065136177628
28,common_DL,3,0.7868269272255557,0.5124865227854726,1.0611673316656387,0.8052312797786673
28,common_DL,4,0.6781526288781468,0.390642113005129,0.9656631447511645,0.6236270226550826
28,common_DL,5,-0.24335323448502177,-0.5569523314366083,0.07024586246656467,-0.32300516524121475
28,comp_specific,1,0.5871188885725132,0.23117184243492028,0.943065934710106,0.47377493580927627
28,comp_specific,2,0.575170104452017,0.3746044418893919,0.7757357670146421,0.7855065136177628
28,comp_specific,3,0.7244913785831578,0.5493028248738923,0.8996799322924234,0.8052312797786673
28,comp_specific,4,0.6065838766314676,0.1914583669034608,1.0217093863594744,0.6236270226550826
28,comp_specific,5,-0.24267550461932763,-0.5603315375138996,0.07498052827524437,-0.32300516524121475
28,adaptshrink,1,0.5694094563428436,0.16685569679884926,0.9719632158868379,0.47377493580927627
28,adaptshrink,2,0.5793449595903981,0.36308776922409314,0.7956021499567031,0.7855065136177628
28,adaptshrink,3,0.7707940696362737,0.5292913783754789,1.0122967608970685,0.8052312797786673
28,adaptshrink,4,0.6282008167339346,0.26867341773573294,0.9877282157321362,0.6236270226550826
28,adaptshrink,5,-0.24306034010857275,-0.5584070311858692,0.07228635096872371,-0.32300516524121475
29,common_DL,1,-0.1520518040224759,-0.5088657897831791,0.20476218173822733,-0.04681563230397406
29,common_DL,2,0.22448387820570684,-0.10221381084461093,0.5511815672560246,0.05834119486576496
29,common_DL,3,0.3598192166376373,0.10997038995102623,0.6096680433242483,0.357832813168854
29,common_DL,4,-0.04083952035088235,-0.33627466070195206,0.2545956200001874,-0.06349195815737271
29,common_DL,5,-0.09339527945447845,-0.31270061045086095,0.12591005154190404,-0.12196407762683854
29,comp_specific,1,-0.15823735756911073,-0.575514073196874,0.2590393580586525,-0.04681563230397406
29,comp_specific,2,0.2387226433222524,-0.22547291999141583,0.7029182066359206,0.05834119486576496
29,comp_specific,3,0.34878691842476633,0.11878256986795299,0.5787912669815797,0.357832813168854
29,comp_specific,4,-0.0612435776371303,-0.33109257014964916,0.20860541487538858,-0.06349195815737271
29,comp_specific,5,-0.09009448708269466,-0.23366094927582765,0.05347197511043833,-0.12196407762683854
29,adaptshrink,1,-0.1549676325490235,-0.533441233476448,0.22350596837840106,-0.04681563230397406
29,adaptshrink,2,0.23392718782432836,-0.16821824039668604,0.6360726160453427,0.05834119486576496
29,adaptshrink,3,0.35459196544758065,0.11431303211947791,0.5948708987756834,0.357832813168854
29,adaptshrink,4,-0.04894119743497149,-0.33402365752424373,0.23614126265430074,-0.06349195815737271
29,adaptshrink,5,-0.09250021780504844,-0.2801590761885231,0.09515864057842621,-0.12196407762683854
30,common_DL,1,-0.1158483620212852,-0.2889189399063299,0.057222215863759446,-0.11820165860956089
30,common_DL,2,0.3047443210991052,0.08008000149677064,0.5294086407014398,0.3076904378060527
30,common_DL,3,0.7226436623310272,0.4157856183053888,1.0295017063566656,0.7520934873458782
30,common_DL,4,0.5285483491734532,0.24239237219204485,0.8147043261548614,0.30517274475439526
30,common_DL,5,-0.11353931183877733,-0.467830517741027,0.2407518940634724,-0.12216148320384708
30,comp_specific,1,-0.09619474058861668,-0.2258731655511917,0.03348368437395832,-0.11820165860956089
30,comp_specific,2,0.3552290265887428,0.019741372234310717,0.6907166809431748,0.3076904378060527
30,comp_specific,3,0.690565441863703,0.3011612910201966,1.0799695927072093,0.7520934873458782
30,comp_specific,4,0.5263639419412821,0.28631572147550527,0.766412162407059,0.30517274475439526
30,comp_specific,5,-0.1055861619029708,-0.4255459032880452,0.21437357948210364,-0.12216148320384708
30,adaptshrink,1,-0.10908458965223325,-0.2626962261704657,0.044527046865999176,-0.11820165860956089
30,adaptshrink,2,0.33508943717768813,0.056510233414404865,0.6136686409409714,0.3076904378060527
30,adaptshrink,3,0.7083991622265856,0.37105281082009156,1.0457455136330798,0.7520934873458782
30,adaptshrink,4,0.5277647983835582,0.2557121215934663,0.79981747517365,0.30517274475439526
30,adaptshrink,5,-0.11105079469991627,-0.4544012586992917,0.23229966929945914,-0.12216148320384708
31,common_DL,1,0.1695609947573421,-0.1846411251256243,0.5237631146403086,0.10211999454568085
31,common_DL,2,0.3403017823786634,-0.02480390572929947,0.7054074704866262,0.22642995414851724
31,common_DL,3,-0.2287255718838307,-0.5647254689710184,0.107274325203357,-0.24067561494309214
31,common_DL,4,0.9091833398511027,0.5902803283908924,1.228086351311313,0.7052141741868178
31,common_DL,5,-0.6430625288696596,-1.1206665212049471,-0.16545853653437204,-0.3930987241886425
31,comp_specific,1,0.17245700734827774,-0.06652657639486273,0.4114405910914182,0.10211999454568085
31,comp_specific,2,0.3461060692571344,0.0619507452921807,0.6302613932220881,0.22642995414851724
31,comp_specific,3,-0.228997385556379,-0.4364269536850346,-0.02156781742772343,-0.24067561494309214
31,comp_specific,4,0.8864149480696414,0.38163986458209365,1.3911900315571892,0.7052141741868178
31,comp_specific,5,-0.6495063772763634,-1.0060659721611847,-0.29294678239154215,-0.3930987241886425
31,adaptshrink,1,0.1707952097971026,-0.14004344116533524,0.48163386075954046,0.10211999454568085
31,adaptshrink,2,0.341513466199545,0.007976833483198775,0.6750500989158912,0.22642995414851724
31,adaptshrink,3,-0.22887754951798567,-0.5283757692505339,0.07062067021456253,-0.24067561494309214
31,adaptshrink,4,0.8956581287811443,0.4861472895559675,1.305168968006321,0.7052141741868178
31,adaptshrink,5,-0.6440957680465816,-1.086713752870236,-0.2014777832229272,-0.3930987241886425
32,common_DL,1,0.1546209029239137,-0.06186214629057016,0.37110395213839753,0.204533991797251
32,common_DL,2,-0.5590051431463074,-0.7824058557243438,-0.3356044305682711,-0.8678772055650223
32,common_DL,3,0.033489344640330085,-0.29440937128601014,0.36138806056667033,0.12006059723910449
32,common_DL,4,0.46482028854409707,0.22231741857976348,0.7073231585084306,0.573259310812863
32,common_DL,5,-0.16892445879856832,-0.4502550201090364,0.11240610251189975,-0.11685060830767137
32,comp_specific,1,0.15114385467947866,-0.018670728358858107,0.3209584377178154,0.204533991797251
32,comp_specific,2,-0.5690653913895156,-0.838789771927418,-0.29934101085161324,-0.8678772055650223
32,comp_specific,3,0.03041650781756665,-0.2669510088877421,0.3277840245228754,0.12006059723910449
32,comp_specific,4,0.5080047625741764,0.186839656898804,0.8291698682495487,0.573259310812863
32,comp_specific,5,-0.19786645943559758,-0.5315384637530409,0.13580554488184574,-0.11685060830767137
32,adaptshrink,1,0.1524518975881709,-0.04621785351118349,0.35112164868752527,0.204533991797251
32,adaptshrink,2,-0.5645422068665623,-0.8094983989517379,-0.31958601478138676,-0.8678772055650223
32,adaptshrink,3,0.032571690425973215,-0.2857009008704521,0.35084428172239857,0.12006059723910449
32,adaptshrink,4,0.48862127828750224,0.2083390439518864,0.7689035126231181,0.573259310812863
32,adaptshrink,5,-0.18050248698296067,-0.4810937637842615,0.12008878981834015,-0.11685060830767137
33,common_DL,1,0.6172263966506085,0.27002016646916416,0.9644326268320529,0.7994777588068614
33,common_DL,2,-1.1500085919320262,-1.4295998676991908,-0.8704173161648615,-0.987468851772764
33,common_DL,3,0.1431766502639788,-0.14154424743063448,0.4278975479585921,0.2591366598292834
33,common_DL,4,-0.3118255943930869,-0.609160640727617,-0.014490548058556763,-0.44949603142403494
33,common_DL,5,0.6723041203393904,0.38316949288573093,0.9614387477930497,0.6224634009952067
33,comp_specific,1,0.6127853544720966,0.30499499076631154,0.9205757181778816,0.7994777588068614
33,comp_specific,2,-1.1599932356690548,-1.4791382906865547,-0.8408481806515548,-0.987468851772764
33,comp_specific,3,0.17973494367579002,-0.03964520436460786,0.39911509171618786,0.2591366598292834
33,comp_specific,4,-0.357458379624427,-0.7489520084871869,0.0340352492383329,-0.44949603142403494
33,comp_specific,5,0.6752352437172938,0.47613168423461405,0.8743388031999736,0.6224634009952067
33,adaptshrink,1,0.6159711554811182,0.28129763877085473,0.9506446721913817,0.7994777588068614
33,adaptshrink,2,-1.153861499665348,-1.4472915994939635,-0.8604313998367326,-0.987468851772764
33,adaptshrink,3,0.15464828721115192,-0.1051961360187168,0.41449271044102065,0.2591366598292834
33,adaptshrink,4,-0.3407025101942607,-0.6890012301095367,0.007596209721015379,-0.44949603142403494
33,adaptshrink,5,0.6728201577137135,0.41010576937076604,0.935534546056661,0.6224634009952067
34,common_DL,1,0.17524282054471949,-0.21652550532404938,0.5670111464134884,0.31995032098574727
34,common_DL,2,1.0796460620684882,0.7526560652457207,1.4066360588912556,1.1392947024830014
34,common_DL,3,-0.13273968090107208,-0.45721460796435565,0.1917352461622115,-0.25036538080929943
34,common_DL,4,0.5996031697618192,0.21758383514586377,0.9816225043777745,0.19032011649986713
34,common_DL,5,0.29310706398645636,-0.017821143480265367,0.604035271453178,0.23157273787760985
34,comp_specific,1,0.1853682530226094,-0.12616850899454274,0.49690501503976153,0.31995032098574727
34,comp_specific,2,1.0843469521725106,0.5790950828377276,1.5895988215072938,1.1392947024830014
34,comp_specific,3,-0.13699545231368476,-0.45053581845177904,0.1765449138244095,-0.25036538080929943
34,comp_specific,4,0.5973948659964159,0.3220886603305761,0.8727010716622556,0.19032011649986713
34,comp_specific,5,0.28743504031040074,0.10389066940932035,0.4709794112114811,0.23157273787760985
34,adaptshrink,1,0.17795388117018995,-0.18314120592336236,0.5390489682637423,0.31995032098574727
34,adaptshrink,2,1.0851660894460131,0.6706426474064178,1.4996895314856085,1.1392947024830014
34,adaptshrink,3,-0.13480051029128653,-0.45386575259423706,0.184264732011664,-0.25036538080929943
34,adaptshrink,4,0.597005048244293,0.25442127053908387,0.9395888259495022,0.19032011649986713
34,adaptshrink,5,0.29181280447523616,0.026222727133998425,0.5574028818164739,0.23157273787760985
35,common_DL,1,-0.05944344856881961,-0.36236568240789185,0.24347878527025263,0.06285165935066817
35,common_DL,2,-0.3158353364495404,-0.6134271893516129,-0.018243483547467965,-0.2944609326911332
35,common_DL,3,0.09422481614142614,-0.1970140660749815,0.3854636983578338,0.24425487065263643
35,common_DL,4,-1.0801644163119113,-1.310687091808734,-0.8496417408150886,-0.45835261869410715
35,common_DL,5,0.05174945668663089,-0.22866855271767544,0.3321674660909372,-0.027247814502533385
35,comp_specific,1,-0.07135467861651473,-0.3124616888824348,0.16975233164940534,0.06285165935066817
35,comp_specific,2,-0.17042971641602814,-0.8203548376795902,0.47949540484753395,-0.2944609326911332
35,comp_specific,3,0.08079791573267078,-0.17027421470032192,0.3318700461656635,0.24425487065263643
35,comp_specific,4,-1.0741697073229735,-1.2962660290362573,-0.8520733856096896,-0.45835261869410715
35,comp_specific,5,0.041763989029240056,-0.20637564629955002,0.28990362435803013,-0.027247814502533385
35,adaptshrink,1,-0.06290142144474631,-0.3477526237154581,0.2219497808259655,0.06285165935066817
35,adaptshrink,2,-0.22605211936150343,-0.6863782012585917,0.2342739625355848,-0.2944609326911332
35,adaptshrink,3,0.08939860357468682,-0.18594675896993818,0.3647439661193118,0.24425487065263643
35,adaptshrink,4,-1.0772648746720237,-1.303638574136888,-0.8508911752071593,-0.45835261869410715
35,adaptshrink,5,0.04740377512577526,-0.21762809095610725,0.31243564120765777,-0.027247814502533385
36,common_DL,1,-0.07678198933663746,-0.4662912340340676,0.3127272553607927,-0.10704371375561861
36,common_DL,2,-0.14316022465714281,-0.5005589454037438,0.21423849608945814,-0.13316427353800592
36,common_DL,3,-0.3852424278398462,-0.7833280812681229,0.012843225588430596,-0.47990737548791895
36,common_DL,4,0.3986802250828957,-0.0058480578597819854,0.8032085080255733,0.5005555914647669
36,common_DL,5,0.7986328319723045,0.3125178931408639,1.2847477708037451,0.7992690927484128
36,comp_specific,1,-0.07772566904220249,-0.2688130162345698,0.11336167815016485,-0.10704371375561861
36,comp_specific,2,-0.17781856560577916,-0.59453483672536,0.2388977055138017,-0.13316427353800592
36,comp_specific,3,-0.4149202181926258,-0.682974243259183,-0.1468661931260687,-0.47990737548791895
36,comp_specific,4,0.4788865383574157,-0.08098931334869963,1.038762390063531,0.5005555914647669
36,comp_specific,5,0.7960072169215842,0.24598995423268877,1.3460244796104797,0.7992690927484128
36,adaptshrink,1,-0.07889085379262278,-0.41882652629337397,0.2610448187081284,-0.10704371375561861
36,adaptshrink,2,-0.16324440331052023,-0.5519476337222352,0.22545882710119472,-0.13316427353800592
36,adaptshrink,3,-0.39253725648848026,-0.7537441338443904,-0.03133037913257014,-0.47990737548791895
36,adaptshrink,4,0.44676495742005495,-0.03299673752761917,0.9265266523677291,0.5005555914647669
36,adaptshrink,5,0.7975547750377028,0.28895292213808277,1.3061566279373227,0.7992690927484128
37,common_DL,1,-0.06102555265178057,-0.409780146699305,0.2877290413957439,0.015100766447015848
37,common_DL,2,-0.8132586614550135,-1.0712753710592882,-0.5552419518507388,-0.802906866786545
37,common_DL,3,-0.203280883015949,-0.4895653430843593,0.08300357705246131,-0.07318816318653738
37,common_DL,4,0.0709915246553653,-0.21168095251732072,0.3536640018280513,-0.06429615968635397
37,common_DL,5,0.40923626938427393,0.173229825831581,0.6452427129369669,0.2955450670731816
37,comp_specific,1,-0.05359258911136926,-0.36984478148005706,0.2626596032573185,0.015100766447015848
37,comp_specific,2,-0.8470902770969396,-1.1786912378919479,-0.5154893163019314,-0.802906866786545
37,comp_specific,3,-0.1999358956482853,-0.5014842921480788,0.10161250085150819,-0.07318816318653738
37,comp_specific,4,0.04027631373179241,-0.3417767161758573,0.42232934363944213,-0.06429615968635397
37,comp_specific,5,0.418364271030666,0.2361926939180351,0.6005358481432969,0.2955450670731816
37,adaptshrink,1,-0.058200437652985215,-0.39347263760742196,0.27707176230145153,0.015100766447015848
37,adaptshrink,2,-0.8282154273613407,-1.113705377085231,-0.5427254776374504,-0.802906866786545
37,adaptshrink,3,-0.20181155466160633,-0.4947749289504637,0.09115181962725105,-0.07318816318653738
37,adaptshrink,4,0.04918287256902579,-0.28806027317366945,0.3864260183117211,-0.06429615968635397
37,adaptshrink,5,0.4121420198351855,0.19714651284662266,0.6271375268237483,0.2955450670731816
38,common_DL,1,-0.026759536000626805,-0.2534047944076731,0.1998857224064195,-0.14890600170151527
38,common_DL,2,0.8413463556767034,0.5588009988473686,1.1238917125060381,0.8809093497170317
38,common_DL,3,0.3437328051221222,0.05614208009818106,0.6313235301460633,0.24953171473409405
38,common_DL,4,0.26564056789299684,-0.01568774021919611,0.5469688760051898,0.6325126461758416
38,common_DL,5,0.16714266982049825,-0.030715120681826247,0.36500046032282274,0.22670426637941182
38,comp_specific,1,-0.035128862745750666,-0.22284689441954514,0.1525891689280438,-0.14890600170151527
38,comp_specific,2,0.8556269623438824,0.6491723898134698,1.062081534874295,0.8809093497170317
38,comp_specific,3,0.33445845294844245,0.09520998449074489,0.57370692140614,0.24953171473409405
38,comp_specific,4,0.2881706796606475,-0.21965224326546035,0.7959936025867553,0.6325126461758416
38,comp_specific,5,0.17581085005096966,0.0033319551548411097,0.3482897449470982,0.22670426637941182
38,adaptshrink,1,-0.029372805933884027,-0.24059160186015918,0.18184598999239113,-0.14890600170151527
38,adaptshrink,2,0.8454149152842612,0.5839667436727749,1.1068630868957474,0.8809093497170317
38,adaptshrink,3,0.3409173371571401,0.06819070491942969,0.6136439693948506,0.24953171473409405
38,adaptshrink,4,0.27912847935606744,-0.09373349714137508,0.6519904558535099,0.6325126461758416
38,adaptshrink,5,0.17072860122790018,-0.016766922965018388,0.3582241254208187,0.22670426637941182
39,common_DL,1,-0.46979040890919077,-1.0386621365671744,0.09908131874879278,-0.3590126211389054
39,common_DL,2,-0.9731680482796606,-1.4263065564122956,-0.5200295401470256,-0.9741506844748008
39,common_DL,3,-0.36405558404795063,-0.8663039838736117,0.13819281577771053,-0.1932417884718039
39,common_DL,4,-1.475630719359531,-2.020031281156774,-0.9312301575622878,-0.9876628582854924
39,common_DL,5,0.2742864114390897,-0.23377510871769103,0.7823479315958705,0.4005194782536863
39,comp_specific,1,-0.3785976419635407,-0.6364316810173323,-0.12076360290974908,-0.3590126211389054
39,comp_specific,2,-1.0066193182188132,-1.692803432570917,-0.32043520386670954,-0.9741506844748008
39,comp_specific,3,-0.28909801990957595,-0.5207692480865502,-0.05742679173260165,-0.1932417884718039
39,comp_specific,4,-1.4114801537444581,-1.6425498773759197,-1.1804104301129965,-0.9876628582854924
39,comp_specific,5,0.2821863461468027,-0.08853179890005569,0.6529044911936611,0.4005194782536863
39,adaptshrink,1,-0.4554379131608884,-0.947551531092673,0.03667570477089627,-0.3590126211389054
39,adaptshrink,2,-0.9970228881671752,-1.5792922388583412,-0.4147535374760092,-0.9741506844748008
39,adaptshrink,3,-0.35241555004688196,-0.7651271377355868,0.06029603764182295,-0.1932417884718039
39,adaptshrink,4,-1.4628421198805532,-1.9172098028193436,-1.0084744369417629,-0.9876628582854924
39,adaptshrink,5,0.2773006569608303,-0.16774646290707612,0.7223477768287367,0.4005194782536863
40,common_DL,1,0.7651660814396465,0.5202166384116801,1.010115524467613,0.6456913520405048
40,common_DL,2,0.8238328312851627,0.46063095545365146,1.187034707116674,0.6204977256946339
40,common_DL,3,0.17238766523878546,-0.17330117816847662,0.5180765086460475,0.10587823483413485
40,common_DL,4,-0.4439381274023395,-0.7394825897182064,-0.14839366508647267,-0.2629386206455098
40,common_DL,5,0.7714924751458326,0.4577215839954381,1.0852633662962272,0.9634597787737554
40,comp_specific,1,0.750274614155793,0.5489422586295661,0.9516069696820199,0.6456913520405048
40,comp_specific,2,0.7774453277931973,0.12837790882322153,1.426512746763173,0.6204977256946339
40,comp_specific,3,0.17701628093897573,-0.04413803386123494,0.3981705957391864,0.10587823483413485
40,comp_specific,4,-0.401102648362903,-0.8193042600613135,0.017098963335507533,-0.2629386206455098
40,comp_specific,5,0.7979281558052784,0.5679590071040043,1.0278973045065527,0.9634597787737554
40,adaptshrink,1,0.7585646185531768,0.5338719964023779,0.9832572407039757,0.6456913520405048
40,adaptshrink,2,0.7901771978567974,0.30566628936819307,1.2746881063454016,0.6204977256946339
40,adaptshrink,3,0.17314223892230543,-0.1398016794164774,0.4860861572610883,0.10587823483413485
40,adaptshrink,4,-0.4149680878442429,-0.7801134158687262,-0.04982275981975953,-0.2629386206455098
40,adaptshrink,5,0.780607758043993,0.501460697353088,1.059754818734898,0.9634597787737554
41,common_DL,1,0.2846855311277442,-0.08095159150796577,0.6503226537634541,0.22574302297048787
41,common_DL,2,0.09886085805365857,-0.38487540349986193,0.5825971196071791,0.35785781210346895
41,common_DL,3,-0.06740817796481102,-0.43186373326460326,0.2970473773349812,-0.09425002001830932
41,common_DL,4,0.22557194794670854,-0.029749195072177603,0.4808930909655947,0.10198778078565625
41,common_DL,5,0.5900777567560646,0.3188851046580603,0.8612704088540688,0.5180905320133613
41,comp_specific,1,0.28821402553952113,-0.021146951441798012,0.5975750025208403,0.22574302297048787
41,comp_specific,2,0.10970461995341207,-0.6952096703846719,0.914618910291496,0.35785781210346895
41,comp_specific,3,-0.06892787835298814,-0.4514233602804737,0.3135676035744974,-0.09425002001830932
41,comp_specific,4,0.22094548801647662,-0.052813822351660544,0.4947047983846138,0.10198778078565625
41,comp_specific,5,0.5907346544716414,0.3620307855882327,0.8194385233550501,0.5180905320133613
41,adaptshrink,1,0.28573618073998314,-0.06301027358338257,0.6344826350633488,0.22574302297048787
41,adaptshrink,2,0.10519856561284485,-0.5047311226299667,0.7151282538556565,0.35785781210346895
41,adaptshrink,3,-0.06808795716388455,-0.4403923464874539,0.3042164321596848,-0.09425002001830932
41,adaptshrink,4,0.22314401022096375,-0.04162205867615271,0.4879100791180802,0.10198778078565625
41,adaptshrink,5,0.5904312268851353,0.33628444427813825,0.8445780094921322,0.5180905320133613
42,common_DL,1,0.03479147678731662,-0.2091056009489528,0.27868855452358604,0.16946432183618532
42,common_DL,2,0.4633877976370193,0.04710817567384584,0.8796674196001928,-0.1847844544592031
42,common_DL,3,-0.34973365797373396,-0.6025674757712216,-0.09689984017624625,-0.2940172085770795
42,common_DL,4,-0.42207604850020525,-0.6440554960581297,-0.2000966009422807,-0.16735610129620299
42,common_DL,5,0.20686425839594053,-0.14596037633816583,0.5596888931300469,-0.0235618101483707
42,comp_specific,1,0.03479147678731665,-0.20910560094895275,0.27868855452358604,0.16946432183618532
42,comp_specific,2,0.463387797637019,0.04710817567384562,0.8796674196001923,-0.1847844544592031
42,comp_specific,3,-0.3497336579737335,-0.6025674757712212,-0.09689984017624587,-0.2940172085770795
42,comp_specific,4,-0.33223758923668023,-0.68847703496624,0.02400185649287956,-0.16735610129620299
42,comp_specific,5,0.20686425839594016,-0.1459603763381662,0.5596888931300465,-0.0235618101483707
42,adaptshrink,1,0.03479147678731633,-0.2091056009489531,0.27868855452358576,0.16946432183618532
42,adaptshrink,2,0.46338779763701893,0.04710817567384551,0.8796674196001923,-0.1847844544592031
42,adaptshrink,3,-0.34973365797373385,-0.6025674757712216,-0.09689984017624614,-0.2940172085770795
42,adaptshrink,4,-0.3568597684293973,-0.6569360505332698,-0.05678348632552482,-0.16735610129620299
42,adaptshrink,5,0.20686425839594036,-0.14596037633816594,0.5596888931300467,-0.0235618101483707
43,common_DL,1,0.4585220658040283,-0.031335473902556754,0.9483796055106134,0.37117411992365473
43,common_DL,2,0.24000092348312488,-0.1308789077147031,0.6108807546809528,0.44252823864674157
43,common_DL,3,0.0843295800771374,-0.290294569311232,0.4589537294655067,0.18245147458880148
43,common_DL,4,-0.8066253137997329,-1.3020356466879741,-0.31121498091149175,-0.5636149272542468
43,common_DL,5,-0.16797303040632605,-0.5398120012387966,0.20386594042614453,-0.09673035407960384
43,comp_specific,1,0.4432210417876449,0.08765554134623255,0.7987865422290572,0.37117411992365473
43,comp_specific,2,0.3184439223950815,-0.2493479303825215,0.8862357751726846,0.44252823864674157
43,comp_specific,3,0.11856201792040283,-0.0574402995825779,0.29456433542338356,0.18245147458880148
43,comp_specific,4,-0.833229060412739,-1.5192818714413059,-0.14717624938417218,-0.5636149272542468
43,comp_specific,5,-0.14327787217208313,-0.3626867910823758,0.07613104673820953,-0.09673035407960384
43,adaptshrink,1,0.4553018952331951,0.004720956921204,0.9058828335451862,0.37117411992365473
43,adaptshrink,2,0.2874981075645151,-0.18050882183676403,0.7555050369657943,0.44252823864674157
43,adaptshrink,3,0.0875728684820698,-0.2361758158296307,0.4113215527937703,0.18245147458880148
43,adaptshrink,4,-0.820385979411168,-1.3888362080572496,-0.25193575076508634,-0.5636149272542468
43,adaptshrink,5,-0.15898402715433613,-0.4768737972552903,0.15890574294661802,-0.09673035407960384
44,common_DL,1,-0.34910869856364934,-0.5426020404191908,-0.15561535670810792,-0.4481207707277262
44,common_DL,2,0.4564668598164474,0.21933562703672424,0.6935980925961706,0.08722313890237227
44,common_DL,3,-0.3812321951748193,-0.5944240620123016,-0.168040328337337,-0.17971394005371377
44,common_DL,4,-0.22176380052435268,-0.5786641772997683,0.1351365762510629,0.07950763042533059
44,common_DL,5,-0.6940974159028569,-0.971638682573791,-0.4165561492319227,-0.8407511894189267
44,comp_specific,1,-0.34270978541875485,-0.5139792672662893,-0.17144030357122042,-0.4481207707277262
44,comp_specific,2,0.4855241817002932,-0.028382824426482656,0.9994311878270691,0.08722313890237227
44,comp_specific,3,-0.3820409311194601,-0.5795982216932135,-0.18448364054570668,-0.17971394005371377
44,comp_specific,4,-0.22294297994655687,-0.5723996007387475,0.12651364084563382,0.07950763042533059
44,comp_specific,5,-0.6916289121184142,-0.9591640644217898,-0.4240937598150385,-0.8407511894189267
44,adaptshrink,1,-0.3466413108590246,-0.5311320512292947,-0.16215057048875445,-0.4481207707277262
44,adaptshrink,2,0.47705099495780257,0.12252859779239916,0.831573392123206,0.08722313890237227
44,adaptshrink,3,-0.3815649387435597,-0.5883215314189256,-0.17480834606819368,-0.17971394005371377
44,adaptshrink,4,-0.2222580868610099,-0.575994396195852,0.13147822247383217,0.07950763042533059
44,adaptshrink,5,-0.6930782742813674,-0.9663972755837871,-0.41975927297894766,-0.8407511894189267
45,common_DL,1,-0.07065031577262357,-0.36113808097496425,0.21983744942971709,-0.17687922234886805
45,common_DL,2,-0.02099887967560879,-0.2979919311179233,0.2559941717667057,0.02375913100294377
45,common_DL,3,-0.4848348201254008,-0.786614368684923,-0.18305527156587859,-0.4921132620052766
45,common_DL,4,0.6843582500042343,0.3325876553867686,1.0361288446217,0.19331137902086
45,common_DL,5,0.038764553884849395,-0.20895372201080778,0.28648282978050654,-0.025890682399755366
45,comp_specific,1,-0.09815021947439985,-0.32349677818856404,0.12719633923976437,-0.17687922234886805
45,comp_specific,2,-0.06731202353263964,-0.42816559905850865,0.29354155199322934,0.02375913100294377
45,comp_specific,3,-0.4680085443916524,-0.7370191951088896,-0.19899789367441528,-0.4921132620052766
45,comp_specific,4,0.5445618523731841,-0.06490075605956491,1.1540244608059331,0.19331137902086
45,comp_specific,5,0.029298256249165405,-0.14544235863382207,0.20403887113215288,-0.025890682399755366
45,adaptshrink,1,-0.08072515715562681,-0.3420710544107436,0.18062074009949,-0.17687922234886805
45,adaptshrink,2,-0.0500641650436858,-0.3731910854304432,0.27306275534307156,0.02375913100294377
45,adaptshrink,3,-0.4782307896234144,-0.7667223763172144,-0.18973920292961438,-0.4921132620052766
45,adaptshrink,4,0.6108034130156412,0.15106915228719914,1.0705376737440833,0.19331137902086
45,adaptshrink,5,0.03574224634461364,-0.1799742630721034,0.2514587557613307,-0.025890682399755366
46,common_DL,1,0.5993193187977406,0.2863722151470403,0.9122664224484409,0.5395759050894172
46,common_DL,2,-0.6276460004642994,-0.9708592991243394,-0.2844327018042594,-1.3352688409771685
46,common_DL,3,0.21658973025351053,-0.07581457087933563,0.5089940313863567,0.09382777023517581
46,common_DL,4,-0.5580921332794364,-0.9866959587175113,-0.12948830784136162,-0.17294350293562072
46,common_DL,5,0.02212990032440531,-0.2238615429918046,0.26812134364061524,-0.0886964874340679
46,comp_specific,1,0.6139308819486881,0.3343623738506709,0.8934993900467052,0.5395759050894172
46,comp_specific,2,-0.6217820324853021,-0.839524627905384,-0.40403943706522016,-1.3352688409771685
46,comp_specific,3,0.24423299039315746,-0.12810291848017782,0.6165688992664927,0.09382777023517581
46,comp_specific,4,-0.6991210183547657,-1.5585066460424035,0.160264609332872,-0.17294350293562072
46,comp_specific,5,-0.008856841851335062,-0.15114287937022255,0.13342919566755243,-0.0886964874340679
46,adaptshrink,1,0.6049611906478507,0.3056395655149047,0.9042828157807967,0.5395759050894172
46,adaptshrink,2,-0.6265987948259912,-0.9371789904202249,-0.31601859923175757,-1.3352688409771685
46,adaptshrink,3,0.23257807522958857,-0.10349475077699544,0.5686509012361726,0.09382777023517581
46,adaptshrink,4,-0.655130070153588,-1.270780830151959,-0.039479310155216996,-0.17294350293562072
46,adaptshrink,5,0.01710475938200362,-0.18739103419807823,0.22160055296208547,-0.0886964874340679
47,common_DL,1,0.005297394935664744,-0.47514150907528907,0.4857362989466185,0.160537732037176
47,common_DL,2,-0.15638487788420546,-0.5998383704229717,0.2870686146545608,0.13976442834443104
47,common_DL,3,0.5850488054528684,0.16574314405620355,1.0043544668495332,0.5432209430501369
47,common_DL,4,0.12784438323261627,-0.35387227639470803,0.6095610428599405,0.1939394317095079
47,common_DL,5,-0.431125374615926,-0.9772669903197555,0.11501624108790348,-0.5440234012910317
47,comp_specific,1,0.05279466132116947,-0.25289431559351605,0.35848363823585505,0.160537732037176
47,comp_specific,2,-0.19107756388882924,-0.9190898731413205,0.536934745363662,0.13976442834443104
47,comp_specific,3,0.6523900851343203,0.4775722465209217,0.8272079237477189,0.5432209430501369
47,comp_specific,4,0.1326516513496298,-0.38846500205719964,0.6537683047564593,0.1939394317095079
47,comp_specific,5,-0.395851324231358,-0.8239987911554654,0.032296142692749386,-0.5440234012910317
47,adaptshrink,1,0.016443908482129555,-0.4010095974768459,0.433897414441105,0.160537732037176
47,adaptshrink,2,-0.17807858680398442,-0.7619739121333207,0.4058167385253518,0.13976442834443104
47,adaptshrink,3,0.5915599497548171,0.2475351099015347,0.9355847896080994,0.5432209430501369
47,adaptshrink,4,0.13010334128697035,-0.36898385592487903,0.6291905384988198,0.1939394317095079
47,adaptshrink,5,-0.42237863472030784,-0.9328577553385671,0.08810048589795144,-0.5440234012910317
48,common_DL,1,-0.26962347459069086,-0.98204719224751,0.44280024306612825,0.05517364162202736
48,common_DL,2,0.19265494952589635,-0.28567187027094176,0.6709817693227345,0.05381340465959768
48,common_DL,3,-0.19229858662150356,-0.6656995241574736,0.28110235091446645,-0.15727633016103015
48,common_DL,4,-0.09262288526036641,-0.6406623948121879,0.455416624291455,-0.29682734877205685
48,common_DL,5,0.031116989340658166,-0.5241261471651615,0.5863601258464779,-0.18613893029189055
48,comp_specific,1,-0.28008162494793515,-0.72918564176998,0.16902239187410972,0.05517364162202736
48,comp_specific,2,0.19333038258784158,-0.6194020785294472,1.0060628437051304,0.05381340465959768
48,comp_specific,3,-0.15211242527009214,-0.33715159650857496,0.03292674596839065,-0.15727633016103015
48,comp_specific,4,-0.09194669812808902,-0.29968353303711615,0.1157901367809381,-0.29682734877205685
48,comp_specific,5,0.06336621919507442,-0.2993858526227239,0.4261182910128727,-0.18613893029189055
48,adaptshrink,1,-0.27137574691012695,-0.9082988252446444,0.3655473314243905,0.05517364162202736
48,adaptshrink,2,0.19327234199770266,-0.47401560449528485,0.8605602884906902,0.05381340465959768
48,adaptshrink,3,-0.18531853386042657,-0.5480296770568283,0.17739260933597517,-0.15727633016103015
48,adaptshrink,4,-0.09229927831125177,-0.5367718032109721,0.3521732465884685,-0.29682734877205685
48,adaptshrink,5,0.04167703615969431,-0.4423575863489508,0.5257116586683394,-0.18613893029189055
49,common_DL,1,-0.42158445575613046,-0.9170072087794321,0.07383829726717112,-0.29555610187384096
49,common_DL,2,0.07085960249210735,-0.44217613017427915,0.5838953351584938,0.08064478007989449
49,common_DL,3,0.5369350899863418,0.0723937587510271,1.0014764212216565,0.6353140288767767
49,common_DL,4,-0.24421871348365531,-0.6343987983086332,0.1459613713413226,-0.7204468060346005
49,common_DL,5,-0.3812136947006646,-0.9309147276934521,0.16848733829212292,-0.44941917404516674
49,comp_specific,1,-0.38665649954125747,-0.6736289024770179,-0.0996840966054971,-0.29555610187384096
49,comp_specific,2,0.12987155028255407,-0.24890406892064262,0.5086471694857507,0.08064478007989449
49,comp_specific,3,0.5371440981095698,0.07467434066394757,0.9996138555551919,0.6353140288767767
49,comp_specific,4,-0.2731813325587368,-0.778867289495577,0.23250462437810349,-0.7204468060346005
49,comp_specific,5,-0.38876973260976566,-0.8314510105007809,0.05391154528124947,-0.44941917404516674
49,adaptshrink,1,-0.4157934092076535,-0.8573917809687144,0.025804962553407418,-0.29555610187384096
49,adaptshrink,2,0.08379907916106388,-0.3907453800054733,0.5583435383276011,0.08064478007989449
49,adaptshrink,3,0.5370042582304858,0.07315218849161376,1.0008563279693579,0.6353140288767767
49,adaptshrink,4,-0.26350014700526014,-0.716423822933026,0.1894235289225057,-0.7204468060346005
49,adaptshrink,5,-0.38322689753808237,-0.8999948772383515,0.13354108216218674,-0.44941917404516674
50,common_DL,1,-0.43659328238177947,-0.8052417351637609,-0.06794482959979803,-0.5176769372824763
50,common_DL,2,-0.6503635811925559,-0.9388214796833618,-0.3619056827017499,-0.3199956299444243
50,common_DL,3,1.5114424275797878,1.1962942506046588,1.8265906045549167,1.4530519090590774
50,common_DL,4,0.3677961105819784,-0.012890055163921277,0.7484822763278781,0.31667928575478377
50,common_DL,5,-0.19735932794700783,-0.513812904778501,0.11909424888448533,-0.10473991828189015
50,comp_specific,1,-0.4345883283285656,-0.7031852012038222,-0.16599145545330896,-0.5176769372824763
50,comp_specific,2,-0.6578961619273276,-1.1546923901846107,-0.16109993367004438,-0.3199956299444243
50,comp_specific,3,1.5205704725868292,1.371852653641861,1.6692882915317975,1.4530519090590774
50,comp_specific,4,0.3828768038633726,0.11934783198134769,0.6464057757453975,0.31667928575478377
50,comp_specific,5,-0.1489915578755014,-0.35209186693660377,0.05410875118560102,-0.10473991828189015
50,adaptshrink,1,-0.436654064612213,-0.7676811469737129,-0.1056269822507131,-0.5176769372824763
50,adaptshrink,2,-0.655052956642324,-1.0620009468401037,-0.24810496644454422,-0.3199956299444243
50,adaptshrink,3,1.5132703936928888,1.2407474608225637,1.785793326563214,1.4530519090590774
50,adaptshrink,4,0.3706437539509687,0.024257358470018753,0.7170301494319187,0.31667928575478377
50,adaptshrink,5,-0.18282311882192068,-0.458467297704083,0.09282106006024163,-0.10473991828189015
51,common_DL,1,0.5016578994729414,0.15203206610304248,0.8512837328428402,0.47436531995166115
51,common_DL,2,-0.37136577461608755,-0.6798502199825642,-0.06288132924961082,-0.11818551938427327
51,common_DL,3,-0.6365290488881837,-1.0006557339287792,-0.2724023638475884,-0.7005967177889555
51,common_DL,4,-0.10931699905020503,-0.6189215626053015,0.4002875645048915,-0.07689597834128094
51,common_DL,5,0.543643165222244,0.11355713509975751,0.9737291953447305,0.655922233164571
51,comp_specific,1,0.4992454414468216,0.17330769440624283,0.8251831884874004,0.47436531995166115
51,comp_specific,2,-0.3693361115152628,-0.7187018566103595,-0.01997036642016614,-0.11818551938427327
51,comp_specific,3,-0.665289193384142,-0.9310181331135048,-0.39956025365477926,-0.7005967177889555
51,comp_specific,4,-0.0992891469752695,-0.9055873639891556,0.7070090700386167,-0.07689597834128094
51,comp_specific,5,0.5897343869651648,0.34598188002591,0.8334868939044195,0.655922233164571
51,adaptshrink,1,0.5007295489303399,0.16100542585940786,0.8404536720012721,0.47436531995166115
51,adaptshrink,2,-0.36996598990293306,-0.6997361413335836,-0.04019583847228253,-0.11818551938427327
51,adaptshrink,3,-0.6477445126774912,-0.9681677199943188,-0.3273213053606637,-0.7005967177889555
51,adaptshrink,4,-0.10279277466556169,-0.7279336065630966,0.5223480572319732,-0.07689597834128094
51,adaptshrink,5,0.5514766360046264,0.16639971872280124,0.9365535532864515,0.655922233164571
52,common_DL,1,0.39679653279359706,0.09398660037461565,0.6996064652125784,0.2959683505114325
52,common_DL,2,1.0346420023876648,0.7249490982741262,1.3443349065012034,0.5742464013624446
52,common_DL,3,-0.42562228356653553,-0.7621513934939055,-0.08909317363916558,-0.34421851273183307
52,common_DL,4,0.2517647183923154,-0.008998042330909284,0.5125274791155401,0.053744980355593025
52,common_DL,5,0.08051504326999767,-0.2781101913467954,0.4391402778867908,0.12018842827262856
52,comp_specific,1,0.3919544971639823,0.1510775517662055,0.632831442561759,0.2959683505114325
52,comp_specific,2,1.0521702236290054,0.7926278402002002,1.3117126070578107,0.5742464013624446
52,comp_specific,3,-0.40606710024673465,-0.6512859035102347,-0.16084829698323458,-0.34421851273183307
52,comp_specific,4,0.233348256074454,-0.10316890128252101,0.569865413431429,0.053744980355593025
52,comp_specific,5,0.0833553563208339,-0.28030611941657896,0.44701683205824677,0.12018842827262856
52,adaptshrink,1,0.39530150747215753,0.11126845279062803,0.679334562153687,0.2959683505114325
52,adaptshrink,2,1.039687962519855,0.7455444288460817,1.3338314961936282,0.5742464013624446
52,adaptshrink,3,-0.4207056892858782,-0.7303974612394164,-0.11101391733234006,-0.34421851273183307
52,adaptshrink,4,0.24250199361986707,-0.05392038864405124,0.5389243758837854,0.053744980355593025
52,adaptshrink,5,0.08147623810980162,-0.2788419107831587,0.44179438700276197,0.12018842827262856
53,common_DL,1,-0.18405936953560614,-0.5264330736284054,0.15831433455719313,-0.19126653658615142
53,common_DL,2,0.34481184168951784,-0.013244554726487945,0.7028682381055236,0.18425311269924674
53,common_DL,3,0.45709086814728367,0.2146115674132536,0.6995701688813137,0.5905086807725243
53,common_DL,4,0.08778676339932917,-0.2806275225662795,0.4562010493649378,0.030423786071767784
53,common_DL,5,0.5103833408729036,0.15083475101987265,0.8699319307259346,0.06867044853472977
53,comp_specific,1,-0.18405936953560614,-0.5264330736284054,0.15831433455719313,-0.19126653658615142
53,comp_specific,2,0.34481184168951784,-0.013244554726487945,0.7028682381055236,0.18425311269924674
53,comp_specific,3,0.45709086814728367,0.2146115674132536,0.6995701688813137,0.5905086807725243
53,comp_specific,4,0.08778676339932917,-0.2806275225662795,0.4562010493649378,0.030423786071767784
53,comp_specific,5,0.5103833408729036,0.15083475101987265,0.8699319307259346,0.06867044853472977
53,adaptshrink,1,-0.18405936953560614,-0.5264330736284054,0.15831433455719313,-0.19126653658615142
53,adaptshrink,2,0.34481184168951784,-0.013244554726487945,0.7028682381055236,0.18425311269924674
53,adaptshrink,3,0.45709086814728367,0.2146115674132536,0.6995701688813137,0.5905086807725243
53,adaptshrink,4,0.08778676339932917,-0.2806275225662795,0.4562010493649378,0.030423786071767784
53,adaptshrink,5,0.5103833408729036,0.15083475101987265,0.8699319307259346,0.06867044853472977
54,common_DL,1,0.23212773571061257,-0.23921278228471216,0.7034682537059374,0.4758260441857632
54,common_DL,2,0.5674739165633518,0.23670688602438844,0.8982409471023152,0.3797628737910933
54,common_DL,3,0.0472882894712181,-0.2717024230230143,0.3662790019654505,0.15366021362949503
54,common_DL,4,0.6006295263631923,0.16399672208795546,1.0372623306384292,0.6859898083810857
54,common_DL,5,0.7273513588588711,0.3196205005133198,1.1350822172044226,0.761092801326001
54,comp_specific,1,0.2783145627903388,-0.08206790479456422,0.6386970303752417,0.4758260441857632
54,comp_specific,2,0.556285946565647,0.00665975202541802,1.1059121411058759,0.3797628737910933
54,comp_specific,3,0.06581410297111218,-0.07525091641544315,0.2068791223576675,0.15366021362949503
54,comp_specific,4,0.5916519907072872,0.29017059684518653,0.893133384569388,0.6859898083810857
54,comp_specific,5,0.7162349520282152,0.517436251094068,0.9150336529623624,0.761092801326001
54,adaptshrink,1,0.24270000591298452,-0.19634841770799977,0.6817484295339689,0.4758260441857632
54,adaptshrink,2,0.559492303192356,0.10497224125588489,1.014012365128827,0.3797628737910933
54,adaptshrink,3,0.05250184311135336,-0.20022080920586316,0.3052244954285699,0.15366021362949503
54,adaptshrink,4,0.5989294277662223,0.20213854252201469,0.9957203130104298,0.6859898083810857
54,adaptshrink,5,0.7254818357600298,0.3710702817430454,1.0798933897770142,0.761092801326001
55,common_DL,1,-0.0021793297318823263,-0.31955363839577366,0.315194978932009,-0.011065955951476537
55,common_DL,2,0.7592945556433088,0.4800820799685442,1.0385070313180735,0.43840305776717237
55,common_DL,3,-0.6576802503138919,-1.0447134428148643,-0.27064705781291937,-0.6393194915534957
55,common_DL,4,0.3388329451394023,-0.027178078021079743,0.7048439682998844,0.3816394515570898
55,common_DL,5,-0.05746641208873525,-0.35250191073850873,0.2375690865610382,0.20601913343584372
55,comp_specific,1,0.022045640760730317,-0.16211750984782936,0.20620879136929,-0.011065955951476537
55,comp_specific,2,0.7101530049428161,0.2975251956114611,1.122780814274171,0.43840305776717237
55,comp_specific,3,-0.6813656471370787,-1.0229454711643209,-0.33978582310983646,-0.6393194915534957
55,comp_specific,4,0.3388218908646853,-0.02665268565270973,0.7042964673820803,0.3816394515570898
55,comp_specific,5,0.003601720341198461,-0.14879025980075453,0.15599370048315145,0.20601913343584372
55,adaptshrink,1,0.0007590264634247876,-0.28123537861538933,0.2827534315422389,-0.011065955951476537
55,adaptshrink,2,0.7300438095007316,0.37660193300203154,1.0834856859994315,0.43840305776717237
55,adaptshrink,3,-0.664579346861657,-1.0374455475708064,-0.29171314615250754,-0.6393194915534957
55,adaptshrink,4,0.3388292691555413,-0.027003028734335355,0.7046615670454179,0.3816394515570898
55,adaptshrink,5,-0.041918862823144866,-0.29139275628356914,0.20755503063727943,0.20601913343584372
56,common_DL,1,-0.16047834956413679,-0.4920473613832109,0.17109066225493738,-0.16082225569914746
56,common_DL,2,0.018832009563817476,-0.4383052741185658,0.47596929324620074,0.05459218934347123
56,common_DL,3,-0.9153544878098812,-1.25490167408924,-0.5758073015305223,-0.8870915254409276
56,common_DL,4,0.21252457034685118,-0.1624299246703561,0.5874790653640585,0.195002992886412
56,common_DL,5,-0.14467800454856333,-0.6177963052076259,0.32844029611049913,-0.04308443634759149
56,comp_specific,1,-0.16102409374204332,-0.42797623302529075,0.10592804554120408,-0.16082225569914746
56,comp_specific,2,0.2069802961708103,-1.0287828046617356,1.442743397003356,0.05459218934347123
56,comp_specific,3,-0.8743307691545074,-1.032736828868282,-0.7159247094407326,-0.8870915254409276
56,comp_specific,4,0.21297935789964081,0.02841443243812869,0.39754428336115294,0.195002992886412
56,comp_specific,5,-0.11581840731778045,-0.4240165570805001,0.19237974244493924,-0.04308443634759149
56,adaptshrink,1,-0.1606701928912202,-0.4617185167775206,0.14037813099508023,-0.16082225569914746
56,adaptshrink,2,0.16934323577912339,-0.6396472267631815,0.9783336983214282,0.05459218934347123
56,adaptshrink,3,-0.9082149715635999,-1.1873324787019066,-0.6290974644252931,-0.8870915254409276
56,adaptshrink,4,0.2113807308262263,-0.1015366398052672,0.5242981014577198,0.195002992886412
56,adaptshrink,5,-0.1385033110254169,-0.5652104816013949,0.28820385955056105,-0.04308443634759149
57,common_DL,1,1.049372532716417,0.7369124417352986,1.3618326236975353,0.932018458561052
57,common_DL,2,0.12708394969313794,-0.16468923324732646,0.41885713263360236,-0.12268359243611474
57,common_DL,3,0.27257901620439995,0.008647262491846996,0.5365107699169529,0.24192214559375444
57,common_DL,4,-0.42010320240160626,-0.7212323236119691,-0.11897408119124347,-0.6080768504908491
57,common_DL,5,-1.1642817718842466,-1.4615317985104588,-0.8670317452580345,-1.3246939604886818
57,comp_specific,1,1.0001376619937767,0.7871635385775876,1.2131117854099658,0.932018458561052
57,comp_specific,2,0.16501360801011944,-0.2150856015336839,0.5451128175539228,-0.12268359243611474
57,comp_specific,3,0.2749516224561537,-0.022008126866964295,0.5719113717792716,0.24192214559375444
57,comp_specific,4,-0.407967654988333,-0.6698779640927157,-0.14605734588395025,-0.6080768504908491
57,comp_specific,5,-1.1851821562795855,-1.37799011977549,-0.992374192783681,-1.3246939604886818
57,adaptshrink,1,1.037789987662114,0.751859322082981,1.3237206532412469,0.932018458561052
57,adaptshrink,2,0.149618624252217,-0.18992306954995836,0.48916031805439236,-0.12268359243611474
57,adaptshrink,3,0.2740352856924289,-0.004685966340390535,0.5527565377252484,0.24192214559375444
57,adaptshrink,4,-0.4147126346176467,-0.6971498969399534,-0.13227537229533987,-0.6080768504908491
57,adaptshrink,5,-1.1676862560104269,-1.4376050850386881,-0.8977674269821655,-1.3246939604886818
58,common_DL,1,-0.8518720456512348,-1.3260979790707124,-0.37764611223175726,-0.73978777885166
58,common_DL,2,1.019377147348284,0.6998142762355659,1.338940018461002,0.87056119958678
58,common_DL,3,-0.4480684506050649,-0.776493400265821,-0.11964350094430881,-0.4829163064245993
58,common_DL,4,0.41219161604531396,-0.05735401662572709,0.8817372487163551,0.4746077213778296
58,common_DL,5,1.425616891649204,0.9724456506226318,1.8787881326757763,1.3547097334567682
58,comp_specific,1,-0.89441088013878,-1.2069238641835294,-0.5818978960940306,-0.73978777885166
58,comp_specific,2,1.0211465702927327,0.7399924278307293,1.3023007127547361,0.87056119958678
58,comp_specific,3,-0.4822667596297147,-0.7013557890283321,-0.26317773023109736,-0.4829163064245993
58,comp_specific,4,0.25714915432001434,-0.7653415248112825,1.2796398334513113,0.4746077213778296
58,comp_specific,5,1.450555629602166,1.1759068092498994,1.7252044499544326,1.3547097334567682
58,adaptshrink,1,-0.8605119256973327,-1.2907911863507469,-0.4302326650439185,-0.73978777885166
58,adaptshrink,2,1.0201258145214602,0.7191032822591706,1.3211483467837497,0.87056119958678
58,adaptshrink,3,-0.4597528980559876,-0.7398024127525524,-0.17970338335942287,-0.4829163064245993
58,adaptshrink,4,0.30354510447425487,-0.40483921930319655,1.0119294282517064,0.4746077213778296
58,adaptshrink,5,1.4300568203672586,1.0231821328453592,1.836931507889158,1.3547097334567682
59,common_DL,1,-0.4069748796411896,-0.7580678024716437,-0.05588195681073549,-0.37108167637239176
59,common_DL,2,-0.7281095000943737,-1.0510354870549643,-0.4051835131337831,-0.48293967432853546
59,common_DL,3,0.39379907845352446,0.010992891376000014,0.7766052655310489,0.7205591664717181
59,common_DL,4,0.2121429904244737,-0.004706164909764915,0.42899214575871236,0.3161304699132076
59,common_DL,5,0.5878277384638191,0.23507945264313423,0.9405760242845039,0.7192149155164816
59,comp_specific,1,-0.4120800215792815,-0.7096376483313408,-0.11452239482722215,-0.37108167637239176
59,comp_specific,2,-0.6902864888691171,-0.9306328287395748,-0.44994014899865953,-0.48293967432853546
59,comp_specific,3,0.39270099422128113,0.007828304495842708,0.7775736839467196,0.7205591664717181
59,comp_specific,4,0.21327108820503562,-0.0060011615755171666,0.4325433379855884,0.3161304699132076
59,comp_specific,5,0.6315740037838462,0.10560906158909122,1.1575389459786012,0.7192149155164816
59,adaptshrink,1,-0.40823542826356035,-0.7430833425352146,-0.07338751399190618,-0.37108167637239176
59,adaptshrink,2,-0.7178004267712318,-1.017710058590988,-0.4178907949514757,-0.48293967432853546
59,adaptshrink,3,0.3934305737923201,0.009933578996860093,0.7769275685877801,0.7205591664717181
59,adaptshrink,4,0.21271425176523526,-0.005352320194430521,0.430780823724901,0.3161304699132076
59,adaptshrink,5,0.6060478416682423,0.18409784548143276,1.0279978378550518,0.7192149155164816
60,common_DL,1,-0.4071564955850201,-0.6155769708262595,-0.19873602034378074,-0.49168837093102874
60,common_DL,2,0.35382804503928716,0.04934256614677235,0.658313523931802,0.4162501423121539
60,common_DL,3,0.30287719885644465,0.08025182739845055,0.5255025703144387,0.2556389192361843
60,common_DL,4,-0.27173667035786736,-0.5237213296697909,-0.019752011045943874,-0.36808049662160114
60,common_DL,5,-0.24935373567825203,-0.6982767009354911,0.19956922957898698,-0.29672378418945794
60,comp_specific,1,-0.39264544010458863,-0.5455828783854882,-0.23970800182368904,-0.49168837093102874
60,comp_specific,2,0.3594075520542053,0.0399482357796741,0.6788668683287366,0.4162501423121539
60,comp_specific,3,0.30442592041266514,0.09441085054087106,0.5144409902844592,0.2556389192361843
60,comp_specific,4,-0.27625960446265047,-0.6510074479655688,0.09848823904026788,-0.36808049662160114
60,comp_specific,5,-0.25170962572377903,-0.6693259580324449,0.16590670658488682,-0.29672378418945794
60,adaptshrink,1,-0.4025959104403988,-0.5866524923663534,-0.2185393285144442,-0.49168837093102874
60,adaptshrink,2,0.35629335773364074,0.04527772417441539,0.667308991292866,0.4162501423121539
60,adaptshrink,3,0.3036321790857078,0.0871568469887547,0.5201075111826609,0.2556389192361843
60,adaptshrink,4,-0.2744212772719803,-0.588021910938989,0.03917935639502851,-0.36808049662160114
60,adaptshrink,5,-0.2500738145583242,-0.6888302127975545,0.18868258368090612,-0.29672378418945794
61,common_DL,1,-0.18646244573144882,-0.5582745170731318,0.18534962561023416,-0.3040295100626059
61,common_DL,2,-0.878179352726074,-1.1429867098394975,-0.6133719956126503,-0.5464447394803714
61,common_DL,3,0.22654446468197806,-0.11396794978958,0.5670568791535361,0.2094626262450231
61,common_DL,4,0.5900367483206034,0.16699126478773996,1.013082231853467,0.43282213551611165
61,common_DL,5,-0.6369481023496102,-1.0287397472653765,-0.24515645743384396,-0.49098652644970864
61,comp_specific,1,-0.21491283753416124,-0.4857574210451167,0.055931745976794234,-0.3040295100626059
61,comp_specific,2,-0.8627832981460667,-1.2542749519114322,-0.4712916443807011,-0.5464447394803714
61,comp_specific,3,0.23778867833848116,0.06369189695834626,0.41188545971861606,0.2094626262450231
61,comp_specific,4,0.6007843375493443,0.2559121660685247,0.9456565090301641,0.43282213551611165
61,comp_specific,5,-0.6584679527886225,-0.8686869294731789,-0.44824897610406605,-0.49098652644970864
61,adaptshrink,1,-0.19341490783439352,-0.5274818576299917,0.14065204196120462,-0.3040295100626059
61,adaptshrink,2,-0.8676485031965441,-1.2019636122216062,-0.533333394171482,-0.5464447394803714
61,adaptshrink,3,0.22846353951564877,-0.0708196495974098,0.5277467286287073,0.2094626262450231
61,adaptshrink,4,0.5937616741248142,0.20189752020070628,0.9856258280489221,0.43282213551611165
61,adaptshrink,5,-0.642846531625292,-0.9917021873971021,-0.293990875853482,-0.49098652644970864
62,common_DL,1,0.28816124672701116,-0.05109031705148853,0.6274128105055108,0.17262435716316865
62,common_DL,2,0.11570348345724774,-0.21464730441802693,0.4460542713325224,0.3127589167957053
62,common_DL,3,0.13487541844120543,-0.09896167021352412,0.36871250709593495,0.1793715507823401
62,common_DL,4,0.1697330830854999,-0.13446434866081303,0.4739305148318128,0.08886398065200495
62,common_DL,5,-0.44021049709065385,-0.7073637648480315,-0.17305722933327616,-0.3642736051663641
62,comp_specific,1,0.27544366709435647,0.06187760751833282,0.4890097266703801,0.17262435716316865
62,comp_specific,2,0.09748851950664378,-0.11745571861039397,0.3124327576236815,0.3127589167957053
62,comp_specific,3,0.13789496544511076,-0.011867637178034296,0.2876575680682558,0.1793715507823401
62,comp_specific,4,0.17097297140195034,-0.3960048941386699,0.7379508369425706,0.08886398065200495
62,comp_specific,5,-0.4529102945944039,-0.6641596072626607,-0.24166098192614716,-0.3642736051663641
62,adaptshrink,1,0.2839351450216236,-0.014937114768517668,0.5828074048117649,0.17262435716316865
62,adaptshrink,2,0.10980328627283915,-0.18285846658353921,0.4024650391292175,0.3127589167957053
62,adaptshrink,3,0.13664385687166686,-0.061174279934927134,0.33446199367826085,0.1793715507823401
62,adaptshrink,4,0.1677378253273354,-0.27214916011941725,0.607624810774088,0.08886398065200495
62,adaptshrink,5,-0.4450114653160266,-0.6874422206328068,-0.2025807099992464,-0.3642736051663641
63,common_DL,1,-0.2964150913230351,-0.6395763791409663,0.04674619649489614,-0.22914692937236109
63,common_DL,2,-0.11741656914957505,-0.4613269389147257,0.2264938006155756,0.1443806911906509
63,common_DL,3,-1.6590715343278135,-2.0467505879940195,-1.2713924806616075,-1.630192929004774
63,common_DL,4,-0.15738326539057867,-0.4698240537890834,0.15505752300792602,-0.06122735928205151
63,common_DL,5,-0.25567202879532624,-0.6043259836327225,0.09298192604207,-0.2152325391058128
63,comp_specific,1,-0.2808045210418658,-0.5868118105799538,0.025202768496222216,-0.22914692937236109
63,comp_specific,2,-0.11642270211063288,-0.44096769501274113,0.20812229079147537,0.1443806911906509
63,comp_specific,3,-1.6854006121424805,-2.259480123041354,-1.111321101243607,-1.630192929004774
63,comp_specific,4,-0.16514385668387555,-0.5089117512765968,0.17862403790884568,-0.06122735928205151
63,comp_specific,5,-0.22369193128343917,-0.39164160991310437,-0.055742252653773944,-0.2152325391058128
63,adaptshrink,1,-0.2904318894544233,-0.6183294304369491,0.03746565152810255,-0.22914692937236109
63,adaptshrink,2,-0.11703613785611489,-0.4528089637245433,0.21873668801231355,0.1443806911906509
63,adaptshrink,3,-1.6750696960831142,-2.1525293120515583,-1.1976100801146703,-1.630192929004774
63,adaptshrink,4,-0.1609679423346469,-0.48726597175717673,0.16533008708788294,-0.06122735928205151
63,adaptshrink,5,-0.25116511446934686,-0.5464717396066067,0.04414151066791294,-0.2152325391058128
64,common_DL,1,-0.25312527110728744,-0.7349570655119256,0.22870652329735075,-0.3840606766224794
64,common_DL,2,0.10551826386813115,-0.5485679442938227,0.759604472030085,-0.22441957137736035
64,common_DL,3,0.09182771494391043,-0.558560371449266,0.7422158013370868,-0.06119842568165288
64,common_DL,4,-0.6676996107672934,-1.175318682610036,-0.16008053892455099,-0.45472605536148797
64,common_DL,5,0.2220708413610061,-0.35112821726624055,0.7952698999882527,0.43182834034626566
64,comp_specific,1,-0.20443117617957213,-0.3818167899842544,-0.027045562374889837,-0.3840606766224794
64,comp_specific,2,0.10636575701794727,-0.6161119172066899,0.8288434312425844,-0.22441957137736035
64,comp_specific,3,0.1300035883800652,-0.16299952528869394,0.42300670204882435,-0.06119842568165288
64,comp_specific,4,-0.6886297087454931,-1.3459278641156869,-0.03133155337529936,-0.45472605536148797
64,comp_specific,5,0.24825383170350884,-0.17599934832426145,0.6725070117312791,0.43182834034626566
64,adaptshrink,1,-0.24435098810393308,-0.6185269660906934,0.12982498988282715,-0.3840606766224794
64,adaptshrink,2,0.1057777934440799,-0.5719288223091847,0.7834844091973445,-0.22441957137736035
64,adaptshrink,3,0.09530206250470859,-0.4702618579687187,0.6608659829781359,-0.06119842568165288
64,adaptshrink,4,-0.6788956754962492,-1.2557203173836258,-0.1020710336088726,-0.45472605536148797
64,adaptshrink,5,0.2294202465538665,-0.28561808342557826,0.7444585765333113,0.43182834034626566
65,common_DL,1,0.16570866671711126,-0.2598380872291559,0.5912554206633784,0.10143048664186612
65,common_DL,2,0.07524667863724903,-0.35291939440135706,0.5034127516758551,0.14940070246373469
65,common_DL,3,0.33687646437642493,-0.19075656694749588,0.8645094957003457,0.340302945842052
65,common_DL,4,0.14305119643359598,-0.21399881289017808,0.50010120575737,0.197910453210168
65,common_DL,5,-0.519652201918195,-0.9459611882114101,-0.09334321562497977,-0.429288124749676
65,comp_specific,1,0.13856486888375574,-0.12430778133198506,0.40143751909949654,0.10143048664186612
65,comp_specific,2,0.07705368170236758,-0.5299360551732655,0.6840434185780007,0.14940070246373469
65,comp_specific,3,0.3065353227425199,-0.01458073943138044,0.6276513849164203,0.340302945842052
65,comp_specific,4,0.13727647375335505,-0.30302506886380076,0.5775780163705109,0.197910453210168
65,comp_specific,5,-0.5543839073771453,-0.8183319513544067,-0.2904358633998838,-0.429288124749676
65,adaptshrink,1,0.15870153587286864,-0.20839432001851557,0.5257973917642529,0.10143048664186612
65,adaptshrink,2,0.07638650561954599,-0.43636825365259424,0.5891412648916862,0.14940070246373469
65,adaptshrink,3,0.3313337797136474,-0.1436576713321414,0.8063252307594362,0.340302945842052
65,adaptshrink,4,0.1391443489557035,-0.2619611659569244,0.5402498638683314,0.197910453210168
65,adaptshrink,5,-0.5290817073770566,-0.8931483846580579,-0.16501503009605534,-0.429288124749676
66,common_DL,1,0.28837016148778205,-0.21613166287033458,0.7928719858458987,0.3176487990864857
66,common_DL,2,-0.848277192013999,-1.381629359476399,-0.31492502455159876,-0.340692087370741
66,common_DL,3,0.38188701701050043,-0.1525430721756329,0.9163171061966338,0.4605368096684591
66,common_DL,4,-0.634554114566643,-1.1653182204281625,-0.10379000870512367,-0.37238580231192925
66,common_DL,5,-0.6378125487894046,-1.193147896693655,-0.08247720088515431,-0.31033150371528023
66,comp_specific,1,0.29424965988523655,-0.05864152262617067,0.6471408423966438,0.3176487990864857
66,comp_specific,2,-0.8504483600507662,-1.6714668193025382,-0.029429900798994213,-0.340692087370741
66,comp_specific,3,0.3960524670563452,-0.059275610422922786,0.8513805445356133,0.4605368096684591
66,comp_specific,4,-0.7228240841435957,-1.0447579856194134,-0.4008901826677781,-0.37238580231192925
66,comp_specific,5,-0.6478573746933647,-1.2775131548163898,-0.01820159457033943,-0.31033150371528023
66,adaptshrink,1,0.2901208463042395,-0.1561118562739227,0.7363535488824018,0.3176487990864857
66,adaptshrink,2,-0.8496588835733438,-1.5215854279020111,-0.17773233924467646,-0.340692087370741
66,adaptshrink,3,0.3868556732291144,-0.11529631057812328,0.8890076570363521,0.4605368096684591
66,adaptshrink,4,-0.6575583560746122,-1.1143215442449428,-0.20079516790428176,-0.37238580231192925
66,adaptshrink,5,-0.642770526043801,-1.2311666706913225,-0.05437438139627948,-0.31033150371528023
67,common_DL,1,0.3412717419897672,-0.1375092992018509,0.8200527831813853,0.41135195574760497
67,common_DL,2,0.09776202957342747,-0.3863722333369598,0.5818962924838147,0.5116316093858171
67,common_DL,3,0.22789308810521408,-0.24202883409831305,0.6978150103087413,0.16467510921336984
67,common_DL,4,0.29411044036712,-0.08736079017501625,0.6755816709092561,0.19249868947313606
67,common_DL,5,0.759411618255887,0.23050290559943154,1.2883203309123425,0.4944564015304795
67,comp_specific,1,0.38885458378971327,0.1091139519700321,0.6685952156093944,0.41135195574760497
67,comp_specific,2,0.13838500092618727,-0.5699534315896921,0.8467234334420668,0.5116316093858171
67,comp_specific,3,0.24094442686261192,-0.10311386635516617,0.58500272008039,0.16467510921336984
67,comp_specific,4,0.29024668257693725,-0.14635180090781025,0.7268451660616848,0.19249868947313606
67,comp_specific,5,0.7408929209671388,0.41751400256555016,1.0642718393687274,0.4944564015304795
67,adaptshrink,1,0.34815876113530364,-0.07687972757227668,0.773197249842884,0.41135195574760497
67,adaptshrink,2,0.12231768671537835,-0.4689133473055941,0.7135487207363508,0.5116316093858171
67,adaptshrink,3,0.23142167902383085,-0.18959285138836832,0.65243620943603,0.16467510921336984
67,adaptshrink,4,0.29193596846140546,-0.11809175547254847,0.7019636923953594,0.19249868947313606
67,adaptshrink,5,0.7566542254995354,0.28545347446611913,1.2278549765329516,0.4944564015304795
68,common_DL,1,-0.5956194616951089,-1.0884424586897599,-0.102796464700458,-0.3464819799791168
68,common_DL,2,0.9090365878205467,0.4614285022952385,1.356644673345855,0.5872174790821135
68,common_DL,3,0.49926269803327683,0.019183853297798537,0.9793415427687551,0.4868990198257456
68,common_DL,4,-0.15154838452398287,-0.5465215829588115,0.24342481391084578,-0.1984388103166463
68,common_DL,5,-0.7725899850553499,-1.2112810466006847,-0.33389892351001516,-0.8310968939438588
68,comp_specific,1,-0.5760134097572797,-1.1639816811648542,0.011954861650294912,-0.3464819799791168
68,comp_specific,2,0.9373180899627902,0.3176484997431184,1.556987680182462,0.5872174790821135
68,comp_specific,3,0.4915404285448015,0.1439652940235015,0.8391155630661016,0.4868990198257456
68,comp_specific,4,-0.15579221442568975,-0.48175376838962214,0.17016933953824265,-0.1984388103166463
68,comp_specific,5,-0.7818210239339438,-1.180397875183067,-0.3832441726848205,-0.8310968939438588
68,adaptshrink,1,-0.5877020212256608,-1.1142845620797917,-0.061119480371530144,-0.3464819799791168
68,adaptshrink,2,0.9257750884999169,0.3972480480423035,1.4543021289575302,0.5872174790821135
68,adaptshrink,3,0.49668632123456613,0.06742783578598915,0.925944806683143,0.4868990198257456
68,adaptshrink,4,-0.15316927770009936,-0.5204882694161768,0.214149714015978,-0.1984388103166463
68,adaptshrink,5,-0.7753949736126012,-1.2011943492335795,-0.34959559799162293,-0.8310968939438588
69,common_DL,1,0.3020682751317669,-0.2012337431485502,0.8053702934120839,0.2208552390958485
69,common_DL,2,-0.06590705602903474,-0.4880337901904428,0.3562196781323733,0.3124838043112407
69,common_DL,3,-0.2514506001827891,-0.768530512941156,0.26562931257557787,-0.016820660215078692
69,common_DL,4,0.07074667346485508,-0.44815992693535067,0.5896532738650608,-0.00040955954318744743
69,common_DL,5,0.02536761371175599,-0.4728194898045037,0.5235547172280157,-0.04375245252509468
69,comp_specific,1,0.29775847107686476,-0.162853095733269,0.7583700378869985,0.2208552390958485
69,comp_specific,2,-0.03632739487916197,-0.685472454119828,0.6128176643615042,0.3124838043112407
69,comp_specific,3,-0.2596650739121239,-0.5357014091115408,0.01637126128729305,-0.016820660215078692
69,comp_specific,4,0.10205055393912235,-0.09691505508221612,0.30101616296046085,-0.00040955954318744743
69,comp_specific,5,0.07302074857500838,-0.14571882528067814,0.2917603224306949,-0.04375245252509468
69,adaptshrink,1,0.30077715745352746,-0.18872446007050037,0.7902787749775553,0.2208552390958485
69,adaptshrink,2,-0.048271601908361994,-0.5808049546987342,0.4842617508820102,0.3124838043112407
69,adaptshrink,3,-0.25310357014524604,-0.70727764202085,0.20107050173035784,-0.016820660215078692
69,adaptshrink,4,0.07303156803390008,-0.3793002629659733,0.5253633990337735,-0.00040955954318744743
69,adaptshrink,5,0.0349693401975362,-0.3955399432520773,0.46547862364714976,-0.04375245252509468
70,common_DL,1,-0.8813331234410497,-1.284342471233587,-0.4783237756485125,-0.8789851410307105
70,common_DL,2,-0.6291052595842289,-0.9855632815055726,-0.27264723766288523,-0.4233171922411371
70,common_DL,3,1.316274989925846,0.934702501572261,1.6978474782794308,1.1896580605458233
70,common_DL,4,-0.13328609503485359,-0.5386559055379857,0.2720837154682785,0.029932566752080027
70,common_DL,5,0.5230880108434147,0.16567778557863472,0.8804982361081948,0.42155344444294135
70,comp_specific,1,-0.9219160282046632,-1.1617915122565785,-0.682040544152748,-0.8789851410307105
70,comp_specific,2,-0.5880653356276071,-1.164601114285957,-0.011529556969257393,-0.4233171922411371
70,comp_specific,3,1.2713015303875022,1.052547595224546,1.4900554655504583,1.1896580605458233
70,comp_specific,4,-0.13412705596025676,-0.5147090282411628,0.2464549163206493,0.029932566752080027
70,comp_specific,5,0.4355526465768305,0.23159414613888613,0.639511147014775,0.42155344444294135
70,adaptshrink,1,-0.8877840512752674,-1.2461947967316083,-0.5293733058189265,-0.8789851410307105
70,adaptshrink,2,-0.6011864245020653,-1.066484240628547,-0.13588860837558342,-0.4233171922411371
70,adaptshrink,3,1.3030039135621738,0.976589040007992,1.6294187871163557,1.1896580605458233
70,adaptshrink,4,-0.13361671508086193,-0.5285681631829136,0.2613347330211897,0.029932566752080027
70,adaptshrink,5,0.4970432201230678,0.19687449149111558,0.79721194875502,0.42155344444294135
71,common_DL,1,0.005606477608845695,-0.41987986940405936,0.43109282462175075,-0.10944500677781029
71,common_DL,2,-0.06960039745445817,-0.48849020721771846,0.3492894123088021,-0.03125028752469217
71,common_DL,3,0.003434630771890601,-0.4452884424893918,0.452157704033173,0.05194399203679933
71,common_DL,4,-0.819149050593718,-1.195321386742581,-0.4429767144448551,-1.088724143774014
71,common_DL,5,-0.650252017059108,-1.1227424618523683,-0.1777615722658477,-0.4533904580447562
71,comp_specific,1,-0.014722344804700416,-0.17938589814224615,0.14994120853284532,-0.10944500677781029
71,comp_specific,2,-0.10749910737680951,-0.6980411602897094,0.48304294553609045,-0.03125028752469217
71,comp_specific,3,0.043399031565961754,-0.16104151876471004,0.24783958189663355,0.05194399203679933
71,comp_specific,4,-0.8453807168952714,-1.3236650897206705,-0.36709634406987235,-1.088724143774014
71,comp_specific,5,-0.6846519840457697,-0.9870821150741618,-0.3822218530173775,-0.4533904580447562
71,adaptshrink,1,0.00014397152414336034,-0.3484947881867825,0.3487827312350692,-0.10944500677781029
71,adaptshrink,2,-0.09095716889862171,-0.5911936487524648,0.4092793109552214,-0.03125028752469217
71,adaptshrink,3,0.008311272010256332,-0.3679543811230854,0.38457692514359804,0.05194399203679933
71,adaptshrink,4,-0.8346997236323201,-1.2652080907416217,-0.40419135652301863,-1.088724143774014
71,adaptshrink,5,-0.6576555575834397,-1.066735724254263,-0.24857539091261643,-0.4533904580447562
72,common_DL,1,0.7657001981429074,0.3963733678094974,1.1350270284763173,0.707845910533647
72,common_DL,2,-0.5941683041021223,-0.9724291698577086,-0.21590743834653603,-0.3205940860665742
72,common_DL,3,0.4751017793885589,0.11096458122889519,0.8392389775482226,0.3430463210267794
72,common_DL,4,-1.180797324606908,-1.6182773632608958,-0.74331728595292,-0.8343931087763101
72,common_DL,5,0.059646486163271215,-0.2918115667814001,0.41110453910794253,0.08709961178734267
72,comp_specific,1,0.8316084563955021,0.6067370256461689,1.056479887144835,0.707845910533647
72,comp_specific,2,-0.6898728460085566,-1.2610223771273572,-0.11872331488975596,-0.3205940860665742
72,comp_specific,3,0.47733535943800154,0.272365159990583,0.6823055588854201,0.3430463210267794
72,comp_specific,4,-1.0905705964956165,-1.7615767348612072,-0.41956445813002563,-0.8343931087763101
72,comp_specific,5,0.10389377530337338,-0.10529534587502154,0.3130828964817683,0.08709961178734267
72,adaptshrink,1,0.7796662267712854,0.4605865247129056,1.0987459288296653,0.707845910533647
72,adaptshrink,2,-0.6530490919518517,-1.1261359404491136,-0.17996224345458972,-0.3205940860665742
72,adaptshrink,3,0.4718679534012934,0.16069246226122136,0.7830434445413654,0.3430463210267794
72,adaptshrink,4,-1.1314271080981348,-1.6613188963418375,-0.6015353198544322,-0.8343931087763101
72,adaptshrink,5,0.07569245142308821,-0.22076770936231793,0.3721526122084944,0.08709961178734267
73,common_DL,1,-0.34301159654682,-0.5732681401471222,-0.11275505294651775,-0.39156075866449835
73,common_DL,2,0.1751646786932648,-0.17186862910293577,0.5221979864894654,-0.2339761588183206
73,common_DL,3,-0.31132880866974927,-0.5605515145442823,-0.06210610279521625,-0.5248528069307086
73,common_DL,4,-0.5929175112449272,-0.7636454741163263,-0.4221895483735281,-0.276763564369634
73,common_DL,5,0.05661925381068289,-0.18802669401697794,0.3012652016383437,0.013435310236711635
73,comp_specific,1,-0.3433440326222067,-0.5723611219008062,-0.11432694334360721,-0.39156075866449835
73,comp_specific,2,0.20135109682451005,-0.2452763876082318,0.6479785812572519,-0.2339761588183206
73,comp_specific,3,-0.31543027773777316,-0.5571578486769978,-0.07370270679854851,-0.5248528069307086
73,comp_specific,4,-0.6019124590307802,-0.7528138983859204,-0.45101101967563995,-0.276763564369634
73,comp_specific,5,0.0677733724363899,-0.1490723275660737,0.2846190724388535,0.013435310236711635
73,adaptshrink,1,-0.34317718916176126,-0.5728153195341434,-0.11353905878937912,-0.39156075866449835
73,adaptshrink,2,0.18657755384643082,-0.19721998080627767,0.5703750884991393,-0.2339761588183206
73,adaptshrink,3,-0.31331935311757975,-0.5588323146013973,-0.06780639163376226,-0.5248528069307086
73,adaptshrink,4,-0.5970967985936428,-0.7584090026859072,-0.4357845945013785,-0.276763564369634
73,adaptshrink,5,0.06114462624227296,-0.17236015551702183,0.29464940800156775,0.013435310236711635
74,common_DL,1,-0.25963471224590784,-0.8535052888198623,0.33423586432804664,-0.029795361262302082
74,common_DL,2,0.29540546483974583,-0.2564946692774537,0.8473055989569453,0.1744182944801459
74,common_DL,3,0.11258995144674425,-0.5290164934403548,0.7541963963338433,0.1637285014823671
74,common_DL,4,-0.7474077365532558,-1.2541992709891434,-0.24061620211736823,-0.44056004068390026
74,common_DL,5,-0.4490695920901585,-0.9508306472939624,0.052691463113645365,-0.419084351483105
74,comp_specific,1,-0.24709046217401137,-0.5393231422424396,0.0451422178944168,-0.029795361262302082
74,comp_specific,2,0.26736058686058295,-0.14016968877698222,0.6748908624981481,0.1744182944801459
74,comp_specific,3,0.10823979192327837,-0.37291296317452943,0.5893925470210861,0.1637285014823671
74,comp_specific,4,-0.8091927985446744,-1.572160371928136,-0.04622522516121286,-0.44056004068390026
74,comp_specific,5,-0.449340649940867,-0.90139515576111,0.002713855879376059,-0.419084351483105
74,adaptshrink,1,-0.25862355401080084,-0.7805989275956475,0.26335181957404585,-0.029795361262302082
74,adaptshrink,2,0.28892782358358515,-0.2197547710832286,0.7976104182503989,0.1744182944801459
74,adaptshrink,3,0.1118240001151565,-0.4814077241037017,0.7050557243340146,0.1637285014823671
74,adaptshrink,4,-0.7862843316203443,-1.4167815734577545,-0.1557870897829341,-0.44056004068390026
74,adaptshrink,5,-0.4491322997401884,-0.9303171141801949,0.032052514699818124,-0.419084351483105
75,common_DL,1,-0.20295620580656065,-0.6757747145460137,0.2698623029328924,-0.09103301015066473
75,common_DL,2,0.1793575304358539,-0.3668385290101843,0.7255535898818921,0.31410084862875726
75,common_DL,3,0.05385654132491822,-0.4486245917265361,0.5563376743763726,0.1079780538026877
75,common_DL,4,0.06420288416940212,-0.36358021542903435,0.4919859837678386,-0.31094780230455854
75,common_DL,5,-0.2854547850476642,-0.750833423790348,0.17992385369501956,-0.35929912704843536
75,comp_specific,1,-0.19052155183391062,-0.4214010099379826,0.04035790627016134,-0.09103301015066473
75,comp_specific,2,0.17857170149219298,-0.369762101977872,0.7269055049622579,0.31410084862875726
75,comp_specific,3,0.0376468561079044,-0.2608895620498492,0.336183274265658,0.1079780538026877
75,comp_specific,4,0.03940707192132792,-0.6414818373621667,0.7202959812048224,-0.31094780230455854
75,comp_specific,5,-0.25237483071905287,-0.5990987359932859,0.09434907455518016,-0.35929912704843536
75,adaptshrink,1,-0.20183743182212138,-0.5931963381851822,0.18952147454093948,-0.09103301015066473
75,adaptshrink,2,0.1790946302513447,-0.3678150992109421,0.7260043597136314,0.31410084862875726
75,adaptshrink,3,0.049211688695003364,-0.37935934437051966,0.4777827217605264,0.1079780538026877
75,adaptshrink,4,0.04644859165682916,-0.5227376452642257,0.615634828577884,-0.31094780230455854
75,adaptshrink,5,-0.2751872703400371,-0.6948346149805206,0.14446007430044638,-0.35929912704843536
76,common_DL,1,-1.139420598956048,-1.4497535127811412,-0.8290876851309548,-0.9562435675751252
76,common_DL,2,0.5674220791446836,0.13071875332391641,1.0041254049654507,0.4058640366737274
76,common_DL,3,0.26495276377961724,0.004659025472985023,0.5252465020862495,0.18865217523328887
76,common_DL,4,-0.3017962001102875,-0.5373487503722629,-0.06624364984831205,-0.04964400829655063
76,common_DL,5,0.12736180064978153,-0.19180127379189083,0.4465248750914539,0.08789481180158935
76,comp_specific,1,-1.1359062670428945,-1.423479617500873,-0.848332916584916,-0.9562435675751252
76,comp_specific,2,0.5695180575310367,0.1595673909482349,0.9794687241138385,0.4058640366737274
76,comp_specific,3,0.20883264388291928,-0.15890770995409126,0.5765729977199299,0.18865217523328887
76,comp_specific,4,-0.2552217731242976,-0.6284749794479211,0.11803143319932585,-0.04964400829655063
76,comp_specific,5,0.13003881912979517,-0.14887908703646166,0.408956725296052,0.08789481180158935
76,adaptshrink,1,-1.1377952760024166,-1.4370082668290969,-0.8385822851757363,-0.9562435675751252
76,adaptshrink,2,0.5680950531575137,0.1400944186506879,0.9960956876643396,0.4058640366737274
76,adaptshrink,3,0.242301029338008,-0.059577844534557944,0.544179903210574,0.18865217523328887
76,adaptshrink,4,-0.2846855042716332,-0.5755145666626507,0.006143558119384274,-0.04964400829655063
76,adaptshrink,5,0.12815136034455465,-0.17832305772562046,0.43462577841472977,0.08789481180158935
77,common_DL,1,0.04558364542733481,-0.09097176295228612,0.18213905380695575,0.2790143259345227
77,common_DL,2,0.5121105645319368,0.28129869536932944,0.7429224336945441,0.42625782726416145
77,common_DL,3,-0.05374880778897123,-0.25296821187687013,0.14547059629892764,0.04500604071192843
77,common_DL,4,0.3663397142201611,0.2034836711866694,0.5291957572536528,0.0844740671663934
77,common_DL,5,0.706721270123746,0.5233607858798289,0.890081754367663,0.8164808201384502
77,comp_specific,1,0.045583645427334674,-0.0909717629522862,0.18213905380695555,0.2790143259345227
77,comp_specific,2,0.5012423057319852,0.2572964578619148,0.7451881536020557,0.42625782726416145
77,comp_specific,3,-0.05374880778897084,-0.2529682118768696,0.14547059629892792,0.04500604071192843
77,comp_specific,4,0.35553446461107163,0.16255489275998644,0.5485140364621568,0.0844740671663934
77,comp_specific,5,0.7067212701237453,0.5233607858798284,0.8900817543676622,0.8164808201384502
77,adaptshrink,1,0.04558364542733456,-0.09097176295228629,0.18213905380695541,0.2790143259345227
77,adaptshrink,2,0.5063437666674175,0.2687694109338128,0.7439181224010223,0.42625782726416145
77,adaptshrink,3,-0.05374880778897351,-0.2529682118768726,0.14547059629892556,0.04500604071192843
77,adaptshrink,4,0.3594900740094617,0.18056694249432095,0.5384132055246025,0.0844740671663934
77,adaptshrink,5,0.7067212701237467,0.5233607858798298,0.8900817543676637,0.8164808201384502
78,common_DL,1,-0.04481834976910906,-0.5750422949101178,0.48540559537189976,0.148515217528096
78,common_DL,2,0.08707021550693353,-0.37653534374060926,0.5506757747544764,-0.2206767386359875
78,common_DL,3,0.10155042774851461,-0.32563159182395285,0.528732447320982,0.003437460054922117
78,common_DL,4,-0.48677331726633893,-0.9905681493103546,0.017021514777676716,-0.4027513993010819
78,common_DL,5,-1.0954811546656162,-1.5923283585014583,-0.5986339508297742,-0.9922407393768204
78,comp_specific,1,-0.13780451709108277,-0.40843055005515194,0.1328215158729864,0.148515217528096
78,comp_specific,2,0.08516632512171873,-0.38818976672079636,0.5585224169642338,-0.2206767386359875
78,comp_specific,3,0.11998456727701706,-0.1422761366714358,0.3822452712254699,0.003437460054922117
78,comp_specific,4,-0.496935569091537,-1.3972335688493076,0.4033624306662337,-0.4027513993010819
78,comp_specific,5,-1.0389155632796805,-1.2832818327834719,-0.7945492937758891,-0.9922407393768204
78,adaptshrink,1,-0.05639059324622958,-0.5219552376994192,0.40917405120696004,0.148515217528096
78,adaptshrink,2,0.08622849127808241,-0.38158651086902207,0.5540434934251869,-0.2206767386359875
78,adaptshrink,3,0.10738107831212207,-0.24784399637622256,0.4626061530004667,0.003437460054922117
78,adaptshrink,4,-0.4929919222288931,-1.155900455404495,0.16991661094670885,-0.4027513993010819
78,adaptshrink,5,-1.0899095450763123,-1.5236721693949176,-0.6561469207577071,-0.9922407393768204
79,common_DL,1,0.18248092230951451,-0.06657432703313712,0.4315361716521662,0.11302504748690155
79,common_DL,2,0.12682975044964073,-0.15655080610629168,0.41021030700557315,0.15000531678505757
79,common_DL,3,-0.05287114889475007,-0.32479955882769584,0.21905726103819567,-0.049162978020728
79,common_DL,4,0.020218292984540788,-0.2536205020731133,0.29405708804219494,0.27186030554128404
79,common_DL,5,0.12695904186119072,-0.1639972783611412,0.41791536208352265,-0.004525896129552645
79,comp_specific,1,0.1752624765122316,0.02153056470454162,0.32899438831992156,0.11302504748690155
79,comp_specific,2,0.10043543350954989,-0.2417433893937442,0.442614256412844,0.15000531678505757
79,comp_specific,3,-0.013076870926201398,-0.4039008663352646,0.3777471244828618,-0.049162978020728
79,comp_specific,4,0.027828911631728827,-0.26097087088694576,0.31662869415040346,0.27186030554128404
79,comp_specific,5,0.13425540409526776,-0.06958910819139846,0.338099916381934,-0.004525896129552645
79,adaptshrink,1,0.18038448621646014,-0.035167941863666036,0.3959369142965863,0.11302504748690155
79,adaptshrink,2,0.11294685881817029,-0.1976605841848703,0.4235543018212109,0.15000531678505757
79,adaptshrink,3,-0.027022536827240623,-0.3644787677950281,0.3104336941405468,-0.049162978020728
79,adaptshrink,4,0.024165891907385335,-0.2573179783972446,0.30564976221201523,0.27186030554128404
79,adaptshrink,5,0.1301348874086076,-0.13043682402930887,0.39070659884652403,-0.004525896129552645
80,common_DL,1,0.6212040787337828,0.05277979526110499,1.1896283622064607,0.8034698255568485
80,common_DL,2,0.47067404674660246,-0.15087197534232094,1.092220068835526,0.5169590372240027
80,common_DL,3,0.15909580649941335,-0.31237062628140544,0.6305622392802321,0.16093883040148277
80,common_DL,4,0.5597150752373219,-0.02835230437623304,1.1477824548508768,0.31062933782632
80,common_DL,5,0.16759208331427106,-0.43802614967329595,0.773210316301838,0.05512604496785049
80,comp_specific,1,0.7769069433258566,0.5778227928086139,0.9759910938430993,0.8034698255568485
80,comp_specific,2,0.5286487376500408,-0.7329145603728708,1.7902120356729525,0.5169590372240027
80,comp_specific,3,0.1548600961517805,-0.00618914296829437,0.3159093352718554,0.16093883040148277
80,comp_specific,4,0.5522504707008672,-0.163961717581098,1.2684626589828323,0.31062933782632
80,comp_specific,5,0.08122563327156768,-0.21210849551507704,0.3745597620582124,0.05512604496785049
80,adaptshrink,1,0.6373992065220939,0.16732034530491435,1.1074780677392735,0.8034698255568485
80,adaptshrink,2,0.5090600548466055,-0.38148233192806136,1.3996024416212725,0.5169590372240027
80,adaptshrink,3,0.16097057502341916,-0.1981202725322867,0.520061422579125,0.16093883040148277
80,adaptshrink,4,0.556565580705026,-0.07712662704601492,1.190257788456067,0.31062933782632
80,adaptshrink,5,0.15431243610886972,-0.37207975275432714,0.6807046249720665,0.05512604496785049
81,common_DL,1,-0.542189552390504,-0.8131693273011111,-0.271209777479897,-0.5263416451194702
81,common_DL,2,-0.5829891732311077,-0.8602166940684632,-0.30576165239375214,-0.3075005204432454
81,common_DL,3,0.8572691506176042,0.4768187425383573,1.2377195586968512,0.7625735521009741
81,common_DL,4,-0.505618762774138,-1.0151559089725577,0.003918383424281857,-0.3223735956475628
81,common_DL,5,-0.1588892774440353,-0.42941763735075666,0.11163908246268606,-0.03275061022020697
81,comp_specific,1,-0.5182636542771579,-0.6839166407318408,-0.3526106678224751,-0.5263416451194702
81,comp_specific,2,-0.5537196750189428,-0.9969457888272494,-0.11049356121063625,-0.3075005204432454
81,comp_specific,3,0.8875763532355714,0.6347888640771127,1.14036384239403,0.7625735521009741
81,comp_specific,4,-0.5094512934045407,-1.0618427682485023,0.04294018143942102,-0.3223735956475628
81,comp_specific,5,-0.18794807107606906,-0.3457688217416544,-0.030127320410483716,-0.03275061022020697
81,adaptshrink,1,-0.536323544866347,-0.7692787536898105,-0.3033683360428836,-0.5263416451194702
81,adaptshrink,2,-0.5629990542772272,-0.9340113847722391,-0.19198672378221526,-0.3075005204432454
81,adaptshrink,3,0.8625117578968152,0.5171069577185805,1.20791655807505,0.7625735521009741
81,adaptshrink,4,-0.5070079651148062,-1.031268380735215,0.017252450505602646,-0.3223735956475628
81,adaptshrink,5,-0.1699448262108859,-0.39527232904359766,0.05538267662182586,-0.03275061022020697
82,common_DL,1,0.15836059911267747,-0.06447697071573466,0.3811981689410896,0.17441273155329015
82,common_DL,2,0.04638501873031045,-0.28776244933633377,0.3805324867969546,-0.5465904832651125
82,common_DL,3,-0.15733849219878188,-0.38821041715109783,0.07353343275353405,-0.2187302756774064
82,common_DL,4,0.16761658143731678,-0.17673954066080155,0.5119727035354351,0.23289276085829594
82,common_DL,5,0.6348352817977179,0.3995934129479072,0.8700771506475286,0.6234467778567238
82,comp_specific,1,0.1689786899611596,0.03892841599930266,0.2990289639230166,0.17441273155329015
82,comp_specific,2,0.07335799652498787,-0.4554789951636805,0.6021949882136562,-0.5465904832651125
82,comp_specific,3,-0.18164515326203795,-0.34675273676490476,-0.016537569759171145,-0.2187302756774064
82,comp_specific,4,0.07025564044251753,-0.6113566107299603,0.7518678916149953,0.23289276085829594
82,comp_specific,5,0.6307610445604132,0.4650350492966706,0.7964870398241557,0.6234467778567238
82,adaptshrink,1,0.16123589134378027,-0.02818561196469746,0.350657394652258,0.17441273155329015
82,adaptshrink,2,0.0644698112615461,-0.37886317182305934,0.5078027943461516,-0.5465904832651125
82,adaptshrink,3,-0.1683512458372583,-0.36983276606941845,0.03313027439490185,-0.2187302756774064
82,adaptshrink,4,0.11294162542731201,-0.37468727861647527,0.6005705294710992,0.23289276085829594
82,adaptshrink,5,0.6334958763232472,0.4290909983820018,0.8379007542644926,0.6234467778567238
83,common_DL,1,-0.8156099524972997,-1.254283043484564,-0.37693686151003547,-0.534020249943202
83,common_DL,2,0.7902648920290108,0.4920256497705535,1.0885041342874682,0.6387354981776733
83,common_DL,3,0.03791515657484638,-0.309267262880616,0.3850975760303088,0.06547429016288916
83,common_DL,4,-0.11564419797378006,-0.5998027423461287,0.36851434639856856,-0.1899184392702984
83,common_DL,5,0.3260553089814454,-0.05418320628684081,0.7062938242497316,0.5226011923909886
83,comp_specific,1,-0.7946516412744495,-1.1193939982942864,-0.4699092842546126,-0.534020249943202
83,comp_specific,2,0.8003522634408486,0.44064915193067145,1.1600553749510258,0.6387354981776733
83,comp_specific,3,0.031137283502175657,-0.16139804226089371,0.22367260926524501,0.06547429016288916
83,comp_specific,4,-0.1195474331985409,-0.3950705028412063,0.15597563644412454,-0.1899184392702984
83,comp_specific,5,0.32584216821320205,-0.13755508952806234,0.7892394259544664,0.5226011923909886
83,adaptshrink,1,-0.8098679829528227,-1.204209821544168,-0.4155261443614775,-0.534020249943202
83,adaptshrink,2,0.7961771654004318,0.46568594672948016,1.1266683840713836,0.6387354981776733
83,adaptshrink,3,0.035945796399796684,-0.25740679873632966,0.329298391535923,0.06547429016288916
83,adaptshrink,4,-0.1154820154251624,-0.5492653927105724,0.31830136186024766,-0.1899184392702984
83,adaptshrink,5,0.32621973758017025,-0.09813265157916395,0.7505721267395045,0.5226011923909886
84,common_DL,1,-0.8491781980401956,-1.1516270211720299,-0.5467293749083613,-0.9401907765819797
84,common_DL,2,0.053302678730138886,-0.3097640897794057,0.4163694472396835,-0.07469737615620228
84,common_DL,3,-1.0185368941025357,-1.427330982692765,-0.6097428055123063,-1.131986934763125
84,common_DL,4,-0.08201134373332644,-0.4428295036744807,0.27880681620782777,-0.04701118652867503
84,common_DL,5,0.9837585152330725,0.6205974912317785,1.3469195392343662,1.0251622728533019
84,comp_specific,1,-0.8842100138540402,-1.094716101386027,-0.6737039263220534,-0.9401907765819797
84,comp_specific,2,0.05939448130979855,-0.3192584120583355,0.43804737467793253,-0.07469737615620228
84,comp_specific,3,-1.0135048016895634,-1.46252433207015,-0.5644852713089767,-1.131986934763125
84,comp_specific,4,-0.17081572152817526,-0.7489749556946113,0.40734351263826074,-0.04701118652867503
84,comp_specific,5,1.015453907177954,0.815364851911089,1.215542962444819,1.0251622728533019
84,adaptshrink,1,-0.8613946189832691,-1.1291462797708118,-0.5936429581957263,-0.9401907765819797
84,adaptshrink,2,0.056044309439110845,-0.3138284163570765,0.4259170352352982,-0.07469737615620228
84,adaptshrink,3,-1.0166408216627225,-1.4395359552725826,-0.5937456880528624,-1.131986934763125
84,adaptshrink,4,-0.14045138391374978,-0.6104643252706102,0.32956155744311066,-0.04701118652867503
84,adaptshrink,5,0.9890911926290289,0.6682095597864859,1.309972825471572,1.0251622728533019
85,common_DL,1,-0.015306843202113701,-0.26731595486490756,0.23670226846068018,0.07443262482898237
85,common_DL,2,-0.30653264455808765,-0.6104152839938619,-0.002650005122313337,-0.1693773778712993
85,common_DL,3,-0.22894691618040305,-0.5730787813511159,0.11518494899030976,-0.16900859146473693
85,common_DL,4,0.4097952331607678,0.07816847949248829,0.7414219868290474,0.01382721315878321
85,common_DL,5,-0.9887847206016395,-1.4347989003810904,-0.5427705408221887,-1.0241478239064485
85,comp_specific,1,-0.024200443678286637,-0.22229916837527772,0.17389828101870444,0.07443262482898237
85,comp_specific,2,-0.28682198987011703,-0.6755895425136895,0.10194556277345551,-0.1693773778712993
85,comp_specific,3,-0.2258660633170627,-0.5177898714820341,0.06605774484790874,-0.16900859146473693
85,comp_specific,4,0.3874587995566231,0.10050225124568218,0.6744153478675641,0.01382721315878321
85,comp_specific,5,-1.1079507216361306,-1.9868082889908087,-0.2290931542814525,-1.0241478239064485
85,adaptshrink,1,-0.019316128071940386,-0.2465243699510805,0.20789211380719974,0.07443262482898237
85,adaptshrink,2,-0.2961406411703441,-0.6413377152554126,0.04905643291472439,-0.1693773778712993
85,adaptshrink,3,-0.22807443105615877,-0.555872148310351,0.09972328619803356,-0.16900859146473693
85,adaptshrink,4,0.4015708833112473,0.08794530725241978,0.7151964593700748,0.01382721315878321
85,adaptshrink,5,-1.0679662306033537,-1.6973878471522057,-0.43854461405450185,-1.0241478239064485
86,common_DL,1,0.43213633103903226,0.036918041746863584,0.827354620331201,0.3885348385660396
86,common_DL,2,0.8222195166753896,0.5651551666563531,1.0792838666944262,0.7424020105942907
86,common_DL,3,0.45831897153729184,0.14449968782097283,0.7721382552536109,0.3942515505050375
86,common_DL,4,-0.5766513990813786,-0.9714019600466908,-0.1819008381160665,-0.3263634385078301
86,common_DL,5,-1.020517206120359,-1.3701762728540687,-0.6708581393866491,-1.1079707720172796
86,comp_specific,1,0.43468197595528113,0.12490210452744754,0.7444618473831147,0.3885348385660396
86,comp_specific,2,0.8360689990174711,0.48704758822124977,1.1850904098136925,0.7424020105942907
86,comp_specific,3,0.41125830104951766,0.2275446854942324,0.5949719166048029,0.3942515505050375
86,comp_specific,4,-0.6001070594944093,-0.9160134743556927,-0.28420064463312594,-0.3263634385078301
86,comp_specific,5,-1.0154721169362424,-1.4070958799739093,-0.6238483538985754,-1.1079707720172796
86,adaptshrink,1,0.4329190408926688,0.07025438733287975,0.7955836944524579,0.3885348385660396
86,adaptshrink,2,0.8312900994502288,0.5244646382704026,1.138115560630055,0.7424020105942907
86,adaptshrink,3,0.4481223332000097,0.1773763470530768,0.7188683193469426,0.3942515505050375
86,adaptshrink,4,-0.5831651175196233,-0.9539836313412586,-0.21234660369798802,-0.3263634385078301
86,adaptshrink,5,-1.0181758321291776,-1.386506005256999,-0.6498456590013562,-1.1079707720172796
87,common_DL,1,-0.18472563959947835,-0.6138634416157152,0.2444121624167585,-0.19806102444337637
87,common_DL,2,-0.26564130895883503,-0.6109902391447395,0.07970762122706943,-0.32174618181153497
87,common_DL,3,-0.40427138217522707,-0.7477333430827398,-0.06080942126771438,-0.35311838097792836
87,common_DL,4,0.6956860062734652,0.3798425392752912,1.0115294732716391,0.034091747386453757
87,common_DL,5,-0.2187396061978788,-0.7096929762889845,0.27221376389322693,-0.1998394395274981
87,comp_specific,1,-0.18744010941211445,-0.5413612482740378,0.1664810294498089,-0.19806102444337637
87,comp_specific,2,-0.3007123586039131,-0.8982803656609694,0.29685564845314316,-0.32174618181153497
87,comp_specific,3,-0.43207270453678037,-0.6922841172206453,-0.17186129185291543,-0.35311838097792836
87,comp_specific,4,0.6909029866180796,0.4778410135648658,0.9039649596712933,0.034091747386453757
87,comp_specific,5,-0.23510488326004955,-0.664090217952191,0.19388045143209195,-0.1998394395274981
87,adaptshrink,1,-0.18551356820136553,-0.5917148534387154,0.22068771703598442,-0.19806102444337637
87,adaptshrink,2,-0.2864769346176492,-0.7580456528490456,0.18509178361374717,-0.32174618181153497
87,adaptshrink,3,-0.4128585414183376,-0.7252077074321801,-0.10050937540449506,-0.35311838097792836
87,adaptshrink,4,0.6949523556045081,0.4088920738711771,0.981012637337839,0.034091747386453757
87,adaptshrink,5,-0.22321092963550426,-0.6946662964688368,0.2482444371978283,-0.1998394395274981
88,common_DL,1,0.19014355445163583,-0.22345710951231013,0.6037442184155818,0.3012779233558976
88,common_DL,2,1.0431423049381656,0.6714108453502441,1.4148737645260872,0.6659175417634903
88,common_DL,3,0.1425089817057045,-0.21659636162356552,0.5016143250349745,0.09767695004276646
88,common_DL,4,-0.6044291772503503,-0.9953408617178929,-0.21351749278280768,-0.43323901099198053
88,common_DL,5,0.208901335856395,-0.14535899527704857,0.5631616669898386,0.2545319622344149
88,comp_specific,1,0.1892226179094258,-0.1302893340387637,0.5087345698576153,0.3012779233558976
88,comp_specific,2,1.0517836429350704,0.37871891673574065,1.7248483691344,0.6659175417634903
88,comp_specific,3,0.13530585732428488,-0.13185970199550004,0.4024714166440698,0.09767695004276646
88,comp_specific,4,-0.5958166205002522,-0.8376938099271217,-0.35393943107338266,-0.43323901099198053
88,comp_specific,5,0.2195774862834164,-0.06270532096658243,0.5018602935334152,0.2545319622344149
88,adaptshrink,1,0.1899202916561418,-0.195531920054847,0.5753725033671306,0.3012779233558976
88,adaptshrink,2,1.0507114320696112,0.5265709967469868,1.5748518673922356,0.6659175417634903
88,adaptshrink,3,0.14133037251489125,-0.18328746342601002,0.46594820845579255,0.09767695004276646
88,adaptshrink,4,-0.6027734010726093,-0.9563577585451142,-0.24918904360010452,-0.43323901099198053
88,adaptshrink,5,0.2127803651181264,-0.11315475363701608,0.5387154838732688,0.2545319622344149
89,common_DL,1,-0.5023934800305987,-0.9469769656900282,-0.05780999437116918,-0.7918636458774945
89,common_DL,2,0.6884099059976707,0.2110490017376681,1.1657708102576734,0.2972551203380965
89,common_DL,3,0.10035318055601078,-0.32177593402144394,0.5224822951334656,0.09976899496654654
89,common_DL,4,-0.3700280858608646,-0.8824366607644327,0.14238048904270345,-0.5274794851750344
89,common_DL,5,-0.6152771362197145,-1.0415190855313006,-0.18903518690812843,-0.5857089307174151
89,comp_specific,1,-0.5945927516984539,-0.8150834087791868,-0.37410209461772104,-0.7918636458774945
89,comp_specific,2,0.6684051266553687,-0.1637426702014647,1.5005529235122022,0.2972551203380965
89,comp_specific,3,0.08024050572878871,-0.11384309163178219,0.2743241030893596,0.09976899496654654
89,comp_specific,4,-0.29968553028444156,-1.2400628705404384,0.6406918099715553,-0.5274794851750344
89,comp_specific,5,-0.6175814279830494,-0.7963234180563674,-0.43883943790973134,-0.5857089307174151
89,adaptshrink,1,-0.516578479070919,-0.892393520109718,-0.14076343803212016,-0.7918636458774945
89,adaptshrink,2,0.6760527384100377,0.05714219473055182,1.2949632820895234,0.2972551203380965
89,adaptshrink,3,0.09373555071457257,-0.2529337049866797,0.44040480641582486,0.09976899496654654
89,adaptshrink,4,-0.32665424919020336,-1.0131922888585438,0.359883790478137,-0.5274794851750344
89,adaptshrink,5,-0.6180618516161076,-0.9678102717216192,-0.26831343151059606,-0.5857089307174151
90,common_DL,1,-0.722199647781031,-1.125649027109381,-0.31875026845268095,-0.626149884351989
90,common_DL,2,0.08179981806516809,-0.3552265408198916,0.5188261769502277,-0.16476860276221703
90,common_DL,3,0.2883095254072169,-0.11982099979659433,0.6964400506110281,0.2007608230225659
90,common_DL,4,-0.30919185687095946,-0.6616546415422049,0.04327092780028602,-0.34962494888589885
90,common_DL,5,-0.6813541724987388,-0.8823614348887601,-0.48034691010871744,-0.707191152644269
90,comp_specific,1,-0.6839886568198448,-1.2160715001342388,-0.15190581350545063,-0.626149884351989
90,comp_specific,2,0.07535909696483045,-0.4571582674402169,0.6078764613698778,-0.16476860276221703
90,comp_specific,3,0.28830952540721716,-0.119820999796594,0.6964400506110283,0.2007608230225659
90,comp_specific,4,-0.3091918568709593,-0.6616546415422049,0.043270927800286296,-0.34962494888589885
90,comp_specific,5,-0.6813541724987389,-0.8823614348887601,-0.48034691010871766,-0.707191152644269
90,adaptshrink,1,-0.7039985587757072,-1.155252898847329,-0.2527442187040855,-0.626149884351989
90,adaptshrink,2,0.07897465228324468,-0.39211933271704935,0.5500686372835387,-0.16476860276221703
90,adaptshrink,3,0.2883095254072167,-0.11982099979659439,0.6964400506110278,0.2007608230225659
90,adaptshrink,4,-0.30919185687095907,-0.6616546415422044,0.04327092780028635,-0.34962494888589885
90,adaptshrink,5,-0.6813541724987386,-0.8823614348887598,-0.48034691010871744,-0.707191152644269
91,common_DL,1,0.34561104768739026,0.13553119885848097,0.5556908965162995,0.369310910234992
91,common_DL,2,0.14740904821702472,-0.13621708608038474,0.4310351825144342,0.3408149709098369
91,common_DL,3,0.10759996599203123,-0.2150702911518527,0.4302702231359151,0.20885383863863255
91,common_DL,4,0.3556330974417209,0.04044077651404576,0.670825418369396,0.20528942040913722
91,common_DL,5,0.16980803457127508,-0.20553251040085152,0.5451485795434017,0.20716527518426583
91,comp_specific,1,0.35123321758860954,0.16337494751349002,0.539091487663729,0.369310910234992
91,comp_specific,2,0.13488038593585455,-0.2686978253684792,0.5384585972401883,0.3408149709098369
91,comp_specific,3,0.11457097402922567,-0.1860989093216322,0.41524085738008354,0.20885383863863255
91,comp_specific,4,0.3556782745944071,0.07822949229878545,0.6331270568900287,0.20528942040913722
91,comp_specific,5,0.17077622459392477,-0.19845336137904396,0.5400058105668935,0.20716527518426583
91,adaptshrink,1,0.3476521186453345,0.1466997464386769,0.5486044908519921,0.369310910234992
91,adaptshrink,2,0.13803434750769192,-0.21197210420685073,0.48804079922223453,0.3408149709098369
91,adaptshrink,3,0.11082544077373045,-0.20110162839219414,0.4227525099396551,0.20885383863863255
91,adaptshrink,4,0.355762648869752,0.052516404411203144,0.6590088933283009,0.20528942040913722
91,adaptshrink,5,0.17021368264219824,-0.20252190752940033,0.5429492728137968,0.20716527518426583
92,common_DL,1,0.6138188492384908,0.32081360946715654,0.9068240890098251,0.5554364243091462
92,common_DL,2,1.3527867055197837,1.040144737515249,1.6654286735243184,0.8139587971454504
92,common_DL,3,-0.06905451180017297,-0.22427931891497366,0.08617029531462772,-0.031420360839416024
92,common_DL,4,-0.2502897134982867,-0.5611899178742354,0.06061049087766207,0.10784279930011992
92,common_DL,5,0.7266171380146558,0.4736827606956364,0.9795515153336751,0.7791556815999462
92,comp_specific,1,0.6134327197191953,0.3391233148863981,0.8877421245519925,0.5554364243091462
92,comp_specific,2,1.3483838052091213,1.006896898183194,1.6898707122350485,0.8139587971454504
92,comp_specific,3,-0.05837453384521618,-0.18891714793605657,0.07216808024562421,-0.031420360839416024
92,comp_specific,4,-0.294906807970039,-0.7255286262129126,0.13571501027283456,0.10784279930011992
92,comp_specific,5,0.6466855854748779,0.2695671145877327,1.023804056362023,0.7791556815999462
92,adaptshrink,1,0.6137481634817828,0.326753364058245,0.9007429629053207,0.5554364243091462
92,adaptshrink,2,1.3507721918015132,1.0253583098751682,1.6761860737278582,0.8139587971454504
92,adaptshrink,3,-0.06406487434791991,-0.2078617900698832,0.07973204137404338,-0.031420360839416024
92,adaptshrink,4,-0.2727029387059849,-0.6299357652588459,0.0845298878468761,0.10784279930011992
92,adaptshrink,5,0.6810935055331271,0.3625830854893403,0.9996039255769138,0.7791556815999462
93,common_DL,1,-0.43255927300548924,-0.7471537993636872,-0.11796474664729129,-0.717322349322499
93,common_DL,2,-0.264891298773134,-0.5860049711090222,0.05622237356275417,-0.6210754038975569
93,common_DL,3,0.3190343523701706,-0.03621734431676571,0.6742860490571069,0.5068872352641085
93,common_DL,4,0.45871750515830073,0.15760020438278188,0.7598348059338196,0.10343112831048067
93,common_DL,5,0.8166030708186713,0.41285825272465765,1.220347888912685,0.8819535358215363
93,comp_specific,1,-0.42383132158955833,-0.69768905245326,-0.14997359072585675,-0.717322349322499
93,comp_specific,2,-0.263173790214503,-0.7088987815532238,0.18255120112421785,-0.6210754038975569
93,comp_specific,3,0.3042893193520929,-0.090163103637244,0.6987417423414298,0.5068872352641085
93,comp_specific,4,0.4412771488717208,0.22338660031230534,0.6591676974311362,0.10343112831048067
93,comp_specific,5,0.7767087831354655,0.480658728838896,1.0727588374320352,0.8819535358215363
93,adaptshrink,1,-0.4289801196206905,-0.7242459919119282,-0.13371424732945286,-0.717322349322499
93,adaptshrink,2,-0.26334212158015535,-0.6446177620888389,0.11793351892852827,-0.6210754038975569
93,adaptshrink,3,0.3118390003227906,-0.06083423050132708,0.6845122311469083,0.5068872352641085
93,adaptshrink,4,0.4548851299378883,0.17843426407668062,0.731335995799096,0.10343112831048067
93,adaptshrink,5,0.8071806202651526,0.43453694378906405,1.1798242967412411,0.8819535358215363
94,common_DL,1,0.09770585198351955,-0.24577512796274403,0.44118683192978314,0.2530572112937998
94,common_DL,2,-0.5152695568607966,-0.8612747832526862,-0.16926433046890688,-0.27439717059276214
94,common_DL,3,-0.4206770875982423,-0.7729425969542019,-0.06841157824228272,-0.3593014062716444
94,common_DL,4,-0.04520512871735827,-0.3840617258925565,0.29365146845783996,0.1292384662139353
94,common_DL,5,-1.0143687362750144,-1.4041469633077364,-0.6245905092422925,-0.901977211468575
94,comp_specific,1,0.12255427107301248,-0.4178083188403107,0.6629168609863356,0.2530572112937998
94,comp_specific,2,-0.5097308092080475,-0.9467721154052311,-0.0726895030108638,-0.27439717059276214
94,comp_specific,3,-0.39345199193998953,-0.6071183893780042,-0.17978559450197487,-0.3593014062716444
94,comp_specific,4,-0.06093089047464845,-0.2712194439651361,0.14935766301583922,0.1292384662139353
94,comp_specific,5,-1.0281754841386697,-1.2844236262992654,-0.7719273419780739,-0.901977211468575
94,adaptshrink,1,0.11255367249801818,-0.34150147722490276,0.5666088222209391,0.2530572112937998
94,adaptshrink,2,-0.5130035155474882,-0.8919447670153343,-0.13406226407964217,-0.27439717059276214
94,adaptshrink,3,-0.41276314527241276,-0.7171851061149683,-0.10834118442985724,-0.3593014062716444
94,adaptshrink,4,-0.04878041661259813,-0.34146602164291595,0.2439051884177197,0.1292384662139353
94,adaptshrink,5,-1.0175784464257156,-1.3695914166634262,-0.665565476188005,-0.901977211468575
95,common_DL,1,-0.5465065483327471,-0.9404474303443959,-0.15256566632109841,-0.6799699969329882
95,common_DL,2,0.26191311323830396,0.05495824428398463,0.46886798219262327,0.44726803962811756
95,common_DL,3,-0.10768515079769414,-0.3956773387734315,0.1803070371780432,0.17545404087096494
95,common_DL,4,1.3044533240617568,0.9087363268925597,1.700170321230954,0.6085232766541623
95,common_DL,5,0.8509308053137599,0.6122292944889237,1.0896323161385961,0.6866109074505593
95,comp_specific,1,-0.5450298869692397,-0.9269682632855284,-0.16309151065295102,-0.6799699969329882
95,comp_specific,2,0.2522671840906215,0.023152834920483062,0.48138153326075994,0.44726803962811756
95,comp_specific,3,-0.10940729850301023,-0.4529457632166422,0.23413116621062174,0.17545404087096494
95,comp_specific,4,1.3561933590783177,0.8050047663948405,1.907381951761795,0.6085232766541623
95,comp_specific,5,0.8431976888957513,0.6205666347384395,1.065828743053063,0.6866109074505593
95,adaptshrink,1,-0.5460345376661444,-0.936034229668207,-0.15603484566408177,-0.6799699969329882
95,adaptshrink,2,0.25634071599344954,0.037741446440654886,0.47493998554624417,0.44726803962811756
95,adaptshrink,3,-0.10880281088894733,-0.42620881052306514,0.20860318874517048,0.17545404087096494
95,adaptshrink,4,1.328444268095643,0.873953343724367,1.782935192466919,0.6085232766541623
95,adaptshrink,5,0.8473050736456329,0.61631183743043,1.0782983098608359,0.6866109074505593
96,common_DL,1,0.7839768549068445,0.5652881855746639,1.0026655242390252,0.6994693114476959
96,common_DL,2,-0.12810963461412317,-0.4183081518356959,0.16208888260744958,0.16636794619528966
96,common_DL,3,-0.5771446883028649,-0.9841076890961501,-0.17018168750957974,-0.5521246763194011
96,common_DL,4,0.2342638408370203,-0.07323044942691936,0.5417581311009599,0.012019256405090589
96,common_DL,5,0.30147341064898253,-0.03585831853741772,0.6388051398353828,0.1833304299951896
96,comp_specific,1,0.7974165689431105,0.6626460130926252,0.9321871247935959,0.6994693114476959
96,comp_specific,2,-0.03549918930219266,-0.4671593007344638,0.39616092213007853,0.16636794619528966
96,comp_specific,3,-0.5681572736368844,-0.918918863152251,-0.21739568412151777,-0.5521246763194011
96,comp_specific,4,0.17297876673189136,-0.3048362876634012,0.6507938211271839,0.012019256405090589
96,comp_specific,5,0.301177907204157,0.033972115117910706,0.5683836992904032,0.1833304299951896
96,adaptshrink,1,0.7883402415588979,0.604362527871531,0.9723179552462649,0.6994693114476959
96,adaptshrink,2,-0.07448658793291672,-0.4343720979007744,0.28539892203494094,0.16636794619528966
96,adaptshrink,3,-0.5746746692741588,-0.9639195804152523,-0.18542975813306523,-0.5521246763194011
96,adaptshrink,4,0.19753620253727489,-0.19402017054515297,0.5890925756197027,0.012019256405090589
96,adaptshrink,5,0.30152639738018777,-0.014368987617546958,0.6174217823779224,0.1833304299951896
97,common_DL,1,0.9106923815169273,0.34017483628846235,1.4812099267453922,0.6509345602507401
97,common_DL,2,0.302307333036003,-0.3487622247049672,0.9533768907769732,0.48628798862200806
97,common_DL,3,-0.1570532229993691,-0.8486397200712867,0.5345332740725486,-0.01935690256047681
97,common_DL,4,-0.47161161099246285,-1.0486861389682183,0.10546291698329269,-0.34382462537711916
97,common_DL,5,0.6654160588640151,0.08502287773241723,1.245809239995613,0.606407178052846
97,comp_specific,1,0.9304517842141287,0.680870460028733,1.1800331083995244,0.6509345602507401
97,comp_specific,2,0.2941168057477726,-0.4111514758910107,0.999385087386556,0.48628798862200806
97,comp_specific,3,-0.2206156421360741,-0.4359567546613373,-0.005274529610810846,-0.01935690256047681
97,comp_specific,4,-0.49984881809707415,-1.4332785889314386,0.43358095273729025,-0.34382462537711916
97,comp_specific,5,0.6230001746693897,0.3195943872750308,0.9264059620637486,0.606407178052846
97,adaptshrink,1,0.9131446999702664,0.4511584301766522,1.3751309697638805,0.6509345602507401
97,adaptshrink,2,0.2993126084005276,-0.3703316875856641,0.9689569043867192,0.48628798862200806
97,adaptshrink,3,-0.16250983135307862,-0.7572936920716642,0.43227402936550696,-0.01935690256047681
97,adaptshrink,4,-0.490734525171723,-1.2422105107875887,0.2607414604441428,-0.34382462537711916
97,adaptshrink,5,0.6599831959216076,0.17517062062243527,1.14479577122078,0.606407178052846
98,common_DL,1,-0.12576166547318265,-0.4800655630744577,0.2285422321280924,-0.1625709935734473
98,common_DL,2,-0.20166640497277685,-0.544827044814328,0.1414942348687743,-0.3267959325350193
98,common_DL,3,-0.18335197274446613,-0.48400855215813293,0.11730460666920067,-0.18116315304065078
98,common_DL,4,-0.5399498407276081,-1.0141394006585163,-0.06576028079669988,-0.6515598218638523
98,common_DL,5,-0.21255129103176607,-0.5211743542592955,0.0960717721957634,-0.18860629149649855
98,comp_specific,1,-0.127072936833563,-0.3118692681051578,0.057723394438031816,-0.1625709935734473
98,comp_specific,2,-0.27832592394183686,-0.7514108756337103,0.19475902775003667,-0.3267959325350193
98,comp_specific,3,-0.17989238590516454,-0.4016712729561445,0.041886501145815436,-0.18116315304065078
98,comp_specific,4,-0.5428605928109798,-1.09540658399453,0.00968539837257043,-0.6515598218638523
98,comp_specific,5,-0.2180840614053222,-0.5745235462667098,0.1383554234560654,-0.18860629149649855
98,adaptshrink,1,-0.12592368754132716,-0.43687290003247886,0.18502552494982455,-0.1625709935734473
98,adaptshrink,2,-0.24421970370636434,-0.6498170959827736,0.16137768857004495,-0.3267959325350193
98,adaptshrink,3,-0.1828108527584103,-0.44817288096515046,0.08255117544832985,-0.18116315304065078
98,adaptshrink,4,-0.541348752939179,-1.0432394671445953,-0.039458038733762746,-0.6515598218638523
98,adaptshrink,5,-0.21563350320192542,-0.5491653103020848,0.11789830389823397,-0.18860629149649855
99,common_DL,1,-0.9735165328126986,-1.380655531582189,-0.5663775340432081,-0.8951774167662545
99,common_DL,2,-0.18514288909122234,-0.5510308690143607,0.18074509083191603,0.005013874091988687
99,common_DL,3,0.49720568721249747,-0.06084701797830905,1.0552583924033039,0.2234256578290142
99,common_DL,4,0.23550346059544214,-0.195042873129884,0.6660497943207683,0.3230398519166192
99,common_DL,5,0.18161068581115025,-0.25410111155866927,0.6173224831809698,0.24678960915795148
99,comp_specific,1,-0.9283425893158808,-1.142331882006071,-0.7143532966256905,-0.8951774167662545
99,comp_specific,2,-0.18695384659577186,-0.6434091524545991,0.2695014592630554,0.005013874091988687
99,comp_specific,3,0.5300564247028199,0.17887901365802877,0.881233835747611,0.2234256578290142
99,comp_specific,4,0.23901951583950395,-0.23883952947786244,0.7168785611568703,0.3230398519166192
99,comp_specific,5,0.18296593528665453,-0.1526427621072384,0.5185746326805475,0.24678960915795148
99,adaptshrink,1,-0.9646939902210374,-1.2954159874253344,-0.6339719930167405,-0.8951774167662545
99,adaptshrink,2,-0.18637737809150492,-0.6001141298055589,0.22735937362254902,0.005013874091988687
99,adaptshrink,3,0.5033491802430885,0.0035959145074945797,1.0031024459786824,0.2234256578290142
99,adaptshrink,4,0.23744386367065876,-0.21739470709685368,0.6922824344381712,0.3230398519166192
99,adaptshrink,5,0.18100970018527632,-0.2099692403645779,0.5719886407351306,0.24678960915795148
100,common_DL,1,0.3348953304937881,-0.023200337309075225,0.6929909982966515,0.35525014368777663
100,common_DL,2,0.4025693694854198,0.10845304289845542,0.6966856960723842,-0.07981870378585716
100,common_DL,3,0.7551137620776381,0.3584592117465402,1.1517683124087361,0.4569326659709528
100,common_DL,4,-0.45738584817088956,-0.866726222408323,-0.048045473933456095,-0.2969359818566966
100,common_DL,5,0.46950811494368005,0.06878240794799545,0.8702338219393646,0.4312260532256545
100,comp_specific,1,0.32185063702172434,0.07991178406493521,0.5637894899785134,0.35525014368777663
100,comp_specific,2,0.38182470315346584,-0.0015947126052442417,0.7652441189121759,-0.07981870378585716
100,comp_specific,3,0.739748204805277,0.43198726253983466,1.0475091470707194,0.4569326659709528
100,comp_specific,4,-0.459350351534544,-0.991929504531821,0.07322880146273308,-0.2969359818566966
100,comp_specific,5,0.4251476860455597,0.1662033018772442,0.6840920702138752,0.4312260532256545
100,adaptshrink,1,0.33052853754483863,0.00529143168706403,0.6557656434026132,0.35525014368777663
100,adaptshrink,2,0.3910710445281978,0.05547600737027936,0.7266660816861162,-0.07981870378585716
100,adaptshrink,3,0.7505765608516703,0.38834078065235467,1.112812341050986,0.4569326659709528
100,adaptshrink,4,-0.4583008447344292,-0.9125546258122255,-0.004047063656632988,-0.2969359818566966
100,adaptshrink,5,0.46119029782755294,0.09802065996481635,0.8243599356902895,0.4312260532256545
101,common_DL,1,-1.1607960363714347,-1.5419839801443749,-0.7796080925984945,-1.048224100978491
101,common_DL,2,0.32213112744598604,0.023359969982148177,0.6209022849098239,0.3398584037389209
101,common_DL,3,-0.15961815379218394,-0.585739231461715,0.2665029238773471,-0.0030978204960368516
101,common_DL,4,0.334846897464241,-0.008587074185340215,0.6782808691138222,0.24572483954446497
101,common_DL,5,-0.3506734126069907,-0.7658566836275535,0.0645098584135721,-0.3721229642798836
101,comp_specific,1,-1.1617562221229671,-1.5363129023545299,-0.7871995418914044,-1.048224100978491
101,comp_specific,2,0.32523502199685694,0.04442949056790013,0.6060405534258138,0.3398584037389209
101,comp_specific,3,-0.23131107659637348,-0.9042005719592283,0.4415784187664813,-0.0030978204960368516
101,comp_specific,4,0.3352528560001595,0.004167374422443748,0.6663383375778753,0.24572483954446497
101,comp_specific,5,-0.3185026706752746,-0.5908521969891152,-0.04615314436143397,-0.3721229642798836
101,adaptshrink,1,-1.1612003277293237,-1.5395630885590532,-0.782837566899594,-1.048224100978491
101,adaptshrink,2,0.3236059258606216,0.033631789716982496,0.6135800620042606,0.3398584037389209
101,adaptshrink,3,-0.199700666502175,-0.7278567492836484,0.3284554162792984,-0.0030978204960368516
101,adaptshrink,4,0.3350188969414672,-0.003184320981763522,0.673222114864698,0.24572483954446497
101,adaptshrink,5,-0.3441618600438203,-0.7221966715466437,0.0338729514590031,-0.3721229642798836
102,common_DL,1,0.038642875919332936,-0.28206601539210074,0.35935176723076667,-0.03193067568219259
102,common_DL,2,-0.5945300808772044,-0.8527391792176483,-0.33632098253676046,-0.3085476232400043
102,common_DL,3,-0.8770181471157993,-1.1271357826027673,-0.6269005116288313,-0.8762684980229268
102,common_DL,4,0.4093665142708086,0.13708771988294838,0.6816453086586689,0.3286271194485335
102,common_DL,5,0.30646892110090185,0.012824899377333332,0.6001129428244704,0.18819885776046005
102,comp_specific,1,0.044252800252948477,-0.2490263492214546,0.33753194972735157,-0.03193067568219259
102,comp_specific,2,-0.6204719657105815,-1.0185831019499891,-0.2223608294711738,-0.3085476232400043
102,comp_specific,3,-0.882897441126202,-1.0683514159166747,-0.6974434663357294,-0.8762684980229268
102,comp_specific,4,0.4099566380026642,0.016974342921292906,0.8029389330840355,0.3286271194485335
102,comp_specific,5,0.3083711786133914,0.038732784419758415,0.5780095728070245,0.18819885776046005
102,adaptshrink,1,0.04086159412940932,-0.26844152062170307,0.3501647088805217,-0.03193067568219259
102,adaptshrink,2,-0.6029716706655099,-0.9175425327492066,-0.2884008085818132,-0.3085476232400043
102,adaptshrink,3,-0.8788532812863918,-1.1098770559444229,-0.6478295066283609,-0.8762684980229268
102,adaptshrink,4,0.4094580331094726,0.07810114399900026,0.7408149222199449,0.3286271194485335
102,adaptshrink,5,0.307405671294556,0.025467310806275734,0.5893440317828362,0.18819885776046005
103,common_DL,1,0.7520050914626805,0.4803327372563445,1.0236774456690165,0.8678073304956956
103,common_DL,2,-1.2722248210154226,-1.6044669979306643,-0.9399826441001808,-0.9253539617398665
103,common_DL,3,-0.5118951242911075,-0.8431726511212143,-0.1806175974610007,-0.3508065168974943
103,common_DL,4,-0.18351859724803055,-0.44594922692922956,0.07891203243316847,-0.11212627899316871
103,common_DL,5,0.16359063937607257,-0.12522218987987013,0.4524034686320153,-0.03792739706877385
103,comp_specific,1,0.7365993699216984,0.5293880730162365,0.9438106668271603,0.8678073304956956
103,comp_specific,2,-1.2686161875982624,-1.5315389407404882,-1.0056934344560367,-0.9253539617398665
103,comp_specific,3,-0.5332210867361666,-0.7999157606267241,-0.2665264128456092,-0.3508065168974943
103,comp_specific,4,-0.14864471133899457,-0.5076381729775205,0.21034875029953135,-0.11212627899316871
103,comp_specific,5,0.20585921414687783,-0.18040804220852544,0.5921264705022811,-0.03792739706877385
103,adaptshrink,1,0.7462050952137462,0.5037357210256365,0.988674469401856,0.8678073304956956
103,adaptshrink,2,-1.2710444141064425,-1.5762779227380184,-0.9658109054748667,-0.9253539617398665
103,adaptshrink,3,-0.5207760911540242,-0.8237440897776178,-0.2178080925304306,-0.3508065168974943
103,adaptshrink,4,-0.16095204479041872,-0.47664485910765264,0.15474076952681518,-0.11212627899316871
103,adaptshrink,5,0.19168497040926552,-0.1507991506431256,0.5341690914616566,-0.03792739706877385
104,common_DL,1,-0.7763228475650984,-1.170263330655518,-0.3823823644746789,-0.559159619590392
104,common_DL,2,0.3134674514354604,0.0383051262019829,0.5886297766689379,-0.07802121784973384
104,common_DL,3,-0.7504754622348062,-1.1033598200162098,-0.39759110445340273,-1.0492460634628096
104,common_DL,4,-0.8543470530497074,-1.142370897884792,-0.5663232082146228,-0.7032480118039289
104,common_DL,5,0.07675069370644477,-0.17730575391123293,0.3308071413241225,0.23824692791302543
104,comp_specific,1,-0.7810372762721896,-1.1447104135245814,-0.4173641390197977,-0.559159619590392
104,comp_specific,2,0.2681755967132754,-0.0817356052554078,0.6180867986819586,-0.07802121784973384
104,comp_specific,3,-0.7476669493296175,-1.0479162994358366,-0.44741759922339847,-1.0492460634628096
104,comp_specific,4,-0.7074752480930058,-1.2379435661592642,-0.1770069300267474,-0.7032480118039289
104,comp_specific,5,0.08615382077006706,-0.1141778969215409,0.286485538461675,0.23824692791302543
104,adaptshrink,1,-0.7781258998055692,-1.1594289238915014,-0.3968228757196371,-0.559159619590392
104,adaptshrink,2,0.2893804883115234,-0.02131307619745776,0.6000740528205046,-0.07802121784973384
104,adaptshrink,3,-0.7496234074968576,-1.086137589997982,-0.4131092249957332,-1.0492460634628096
104,adaptshrink,4,-0.74520920171393,-1.16601332090909,-0.32440508251877,-0.7032480118039289
104,adaptshrink,5,0.08022192818148344,-0.14975241564877795,0.3101962720117448,0.23824692791302543
105,common_DL,1,-0.5741136229829272,-1.037313533907832,-0.11091371205802242,-0.7535588417276196
105,common_DL,2,0.5153862783139709,0.14106523750887207,0.8897073191190696,0.4775035382215377
105,common_DL,3,1.2738947916020438,0.8430128556677405,1.704776727536347,1.0198387032105622
105,common_DL,4,-0.3387293451971226,-0.6988688343116402,0.02141014391739493,-0.22168327486754158
105,common_DL,5,0.3410728152656708,-0.03596422665497517,0.7181098571863167,0.24999338592039688
105,comp_specific,1,-0.6111186368808403,-0.9730089639936553,-0.24922830976802535,-0.7535588417276196
105,comp_specific,2,0.5607247126722417,0.29403617707302876,0.8274132482714546,0.4775035382215377
105,comp_specific,3,1.2340350851389283,0.9989533472612018,1.469116823016655,1.0198387032105622
105,comp_specific,4,-0.3759485255678099,-0.9306860088672813,0.17878895773166148,-0.22168327486754158
105,comp_specific,5,0.32846701384580357,0.07679700279077145,0.5801370249008357,0.24999338592039688
105,adaptshrink,1,-0.5827974977450274,-1.015789814107037,-0.14980518138301796,-0.7535588417276196
105,adaptshrink,2,0.5293147646113743,0.1956929283092,0.8629366009135486,0.4775035382215377
105,adaptshrink,3,1.266036374652878,0.8950763433246076,1.6369964059811484,1.0198387032105622
105,adaptshrink,4,-0.36585570827151775,-0.8348812111956307,0.10316979465259524,-0.22168327486754158
105,adaptshrink,5,0.3369059259310143,0.015351028136852407,0.6584608237251762,0.24999338592039688
106,common_DL,1,-0.17445836074961757,-0.4611408432736123,0.11222412177437718,-0.21700303375848115
106,common_DL,2,-1.1245036479346417,-1.3917907574072323,-0.857216538462051,-0.8535172768087234
106,common_DL,3,0.7098352030746617,0.41004555417352107,1.0096248519758024,0.6445252466410024
106,common_DL,4,-0.7179881978449636,-0.8978804779085084,-0.5380959177814187,-0.7864552221292281
106,common_DL,5,0.2540243307616353,-0.0342328701284792,0.5422815316517497,0.2242623735235921
106,comp_specific,1,-0.17744647367658414,-0.4515642709597425,0.09667132360657418,-0.21700303375848115
106,comp_specific,2,-1.065015001503459,-1.4402797577579913,-0.6897502452489266,-0.8535172768087234
106,comp_specific,3,0.7085876446218893,0.418418296200468,0.9987569930433106,0.6445252466410024
106,comp_specific,4,-0.7457017732742243,-1.0161260032561525,-0.4752775432922961,-0.7864552221292281
106,comp_specific,5,0.25513554128916127,-0.016021376649458907,0.5262924592277815,0.2242623735235921
106,adaptshrink,1,-0.17567815351045496,-0.45706000671671293,0.10570369969580301,-0.21700303375848115
106,adaptshrink,2,-1.0916750577881236,-1.4125231505588842,-0.7708269650173629,-0.8535172768087234
106,adaptshrink,3,0.7092250635409458,0.4141991244607891,1.0042510026211025,0.6445252466410024
106,adaptshrink,4,-0.7403322915015931,-0.9730075890775348,-0.5076569939256513,-0.7864552221292281
106,adaptshrink,5,0.2543681894159167,-0.028331064717124488,0.537067443548958,0.2242623735235921
107,common_DL,1,1.0041157193707302,0.6669342549806724,1.3412971837607879,0.9292453731384539
107,common_DL,2,0.21418161609454436,-0.09946609194199649,0.5278293241310852,0.03525992588358375
107,common_DL,3,-0.016662812563902674,-0.34284006716404936,0.309514442036244,-0.07112038915300668
107,common_DL,4,0.46943209914664064,0.2648918513767912,0.67397234691649,0.5243014101088248
107,common_DL,5,0.18013707399305992,-0.2142409308694074,0.5745150788555272,0.13539998967738193
107,comp_specific,1,1.0263131550258984,0.7218054026114948,1.330820907440302,0.9292453731384539
107,comp_specific,2,-0.0034791804605284193,-0.7285815221784502,0.7216231612573933,0.03525992588358375
107,comp_specific,3,-0.017285820546398822,-0.31872281704593736,0.2841511759531397,-0.07112038915300668
107,comp_specific,4,0.45037972673891935,0.2906362836501082,0.6101231698277305,0.5243014101088248
107,comp_specific,5,0.1848673524519786,-0.1800809295395775,0.5498156344435348,0.13539998967738193
107,adaptshrink,1,1.0126131097490245,0.6886315196762227,1.3365946998218263,0.9292453731384539
107,adaptshrink,2,0.05710137989165576,-0.4497460227192063,0.5639487825025178,0.03525992588358375
107,adaptshrink,3,-0.016902049539552322,-0.3327352109607795,0.29893111188167487,-0.07112038915300668
107,adaptshrink,4,0.4615855995620629,0.27709185865946473,0.6460793404646611,0.5243014101088248
107,adaptshrink,5,0.18157159719448593,-0.20332040427690554,0.5664635986658774,0.13539998967738193
108,common_DL,1,-0.05461881082230821,-0.4298541849323423,0.3206165632877259,-0.135808553630264
108,common_DL,2,0.23089936925191323,-0.13388730833503776,0.5956860468388643,0.03344573846150581
108,common_DL,3,0.7556368171088323,0.2745594654146794,1.2367141688029852,0.5609863337758904
108,common_DL,4,-0.6673110758918394,-0.9930801206927073,-0.3415420310909713,-0.6050657993921932
108,common_DL,5,0.19303447793692505,-0.32732170485535816,0.7133906607292083,0.16730278035815566
108,comp_specific,1,-0.06447925048884436,-0.3895651822195233,0.2606066812418346,-0.135808553630264
108,comp_specific,2,0.2515210956825469,-0.31028027591648055,0.8133224672815743,0.03344573846150581
108,comp_specific,3,0.7547566469661259,0.3589249173520759,1.1505883765801759,0.5609863337758904
108,comp_specific,4,-0.6592213351618126,-0.954200112785845,-0.36424255753778007,-0.6050657993921932
108,comp_specific,5,0.1982564830844783,-0.21448559266492773,0.6109985588338843,0.16730278035815566
108,adaptshrink,1,-0.058348279633307604,-0.413104390812318,0.2964078315457027,-0.135808553630264
108,adaptshrink,2,0.24381419757039974,-0.21602398529474548,0.703652380435545,0.03344573846150581
108,adaptshrink,3,0.7553396776946872,0.30879776043360035,1.2018815949557742,0.5609863337758904
108,adaptshrink,4,-0.6636453719463119,-0.9745311672168726,-0.35275957667575125,-0.6050657993921932
108,adaptshrink,5,0.1943234743104392,-0.2928785161851194,0.6815254648059978,0.16730278035815566
109,common_DL,1,0.6991799322628247,0.20449966728506985,1.1938601972405796,0.6757887481114756
109,common_DL,2,0.5242219017577294,-0.032928306789379636,1.0813721103048386,0.43319857137815587
109,common_DL,3,0.5209423812653331,-0.008118173700353837,1.05000293623102,0.3871669746454271
109,common_DL,4,-0.3046008177448911,-0.7427999527103974,0.13359831722061521,-0.3242119570090202
109,common_DL,5,0.6501477160836191,0.17085447900217315,1.129440953165065,0.6196379371443217
109,comp_specific,1,0.7540810447994207,0.4168853680401317,1.0912767215587098,0.6757887481114756
109,comp_specific,2,0.46982430464462077,0.25080887671344243,0.6888397325757991,0.43319857137815587
109,comp_specific,3,0.4407389761752564,0.2220576891517837,0.6594202631987292,0.3871669746454271
109,comp_specific,4,-0.2621386830154469,-0.8842878540374213,0.3600104880065275,-0.3242119570090202
109,comp_specific,5,0.63133047101459,0.36064623514632466,0.9020147068828552,0.6196379371443217
109,adaptshrink,1,0.7163255894470599,0.2912545729634395,1.1413966059306804,0.6757887481114756
109,adaptshrink,2,0.5150440788354003,0.03828855670008502,0.9917996009707155,0.43319857137815587
109,adaptshrink,3,0.5078544781277756,0.06582389820441448,0.9498850580511368,0.3871669746454271
109,adaptshrink,4,-0.2773953152773018,-0.8164246496285457,0.26163401907394207,-0.3242119570090202
109,adaptshrink,5,0.6425563986267504,0.2488345680149638,1.036278229238537,0.6196379371443217
110,common_DL,1,0.0456388298752953,-0.3688974093585492,0.46017506910913974,0.06905353249054516
110,common_DL,2,0.48499127247936624,0.14192830404897622,0.8280542409097562,0.4265694374205358
110,common_DL,3,-0.428386556473344,-0.8680575513182774,0.011284438371589434,-0.27400261546047333
110,common_DL,4,-0.461791469001065,-0.7967612591557152,-0.12682167884641482,-0.5116513946565013
110,common_DL,5,-0.2577537248974511,-0.7916325367644205,0.2761250869695183,-0.6220931420295027
110,comp_specific,1,0.010000412176470255,-0.24214692871720284,0.2621477530701433,0.06905353249054516
110,comp_specific,2,0.45328705461858226,-0.12178211262306243,1.028356221860227,0.4265694374205358
110,comp_specific,3,-0.4053602702286791,-0.7415922167257465,-0.06912832373161176,-0.27400261546047333
110,comp_specific,4,-0.45892480735245095,-0.6522361179565216,-0.2656134967483803,-0.5116513946565013
110,comp_specific,5,-0.2620013064062644,-0.6955132923742191,0.17151067956169025,-0.6220931420295027
110,adaptshrink,1,0.03545622818488456,-0.3361896668935608,0.40710212326332984,0.06905353249054516
110,adaptshrink,2,0.4632544644761951,0.0056695941462172605,0.920839334806173,0.4265694374205358
110,adaptshrink,3,-0.4220356027917601,-0.8221261756409902,-0.021945029942530003,-0.27400261546047333
110,adaptshrink,4,-0.4609186094669381,-0.7409339135442025,-0.1809033053896737,-0.5116513946565013
110,adaptshrink,5,-0.25880868582000915,-0.7616171969475866,0.24399982530756825,-0.6220931420295027
111,common_DL,1,-0.5697815626948884,-0.9623591562202544,-0.17720396916952252,-0.3148028702925149
111,common_DL,2,-0.15358797084766626,-0.5030473138566339,0.19587137216130143,-0.18060171942494424
111,common_DL,3,0.5867073790203524,0.3551689317298654,0.8182458263108394,0.6465400996815452
111,common_DL,4,0.5406622198369008,0.15303822363419167,0.9282862160396099,0.39727648015194295
111,common_DL,5,0.06741134268222104,-0.29489511409144586,0.42971779945588795,0.12797079394134947
111,comp_specific,1,-0.559010239334826,-1.0112627188186454,-0.10675775985100644,-0.3148028702925149
111,comp_specific,2,-0.16371631629659059,-0.552551507572008,0.2251188749788268,-0.18060171942494424
111,comp_specific,3,0.6087560257194702,0.4824822753049762,0.7350297761339641,0.6465400996815452
111,comp_specific,4,0.5350066117764893,-0.023703411482952297,1.093716635035931,0.39727648015194295
111,comp_specific,5,0.038911686788332164,-0.4254379535057726,0.503261327082437,0.12797079394134947
111,adaptshrink,1,-0.5655385170232794,-0.9791519061897141,-0.15192512785684464,-0.3148028702925149
111,adaptshrink,2,-0.1573818816291479,-0.5205016450252617,0.205737881766966,-0.18060171942494424
111,adaptshrink,3,0.5927084443983133,0.403526599247788,0.7818902895488385,0.6465400996815452
111,adaptshrink,4,0.5370469313221959,0.06760161785208163,1.0064922447923101,0.39727648015194295
111,adaptshrink,5,0.04955216993666024,-0.36761591691178125,0.4667202567851017,0.12797079394134947
112,common_DL,1,0.4891798944908943,0.1284486621195532,0.8499111268622354,0.30242178311273255
112,common_DL,2,0.11274867155922247,-0.3213516444935396,0.5468489876119845,0.1863870570792272
112,common_DL,3,0.19496296321886963,-0.23754124673495575,0.6274671731726951,0.49962561922761184
112,common_DL,4,0.3971693609016062,-0.021379042555274508,0.815717764358487,-0.01630776329502423
112,common_DL,5,0.19959499763577448,-0.1562615351773085,0.5554515304488574,0.30263364339867754
112,comp_specific,1,0.5072542729619186,0.30167958979218756,0.7128289561316496,0.30242178311273255
112,comp_specific,2,0.08229943030285047,-0.7006153987902675,0.8652142593959684,0.1863870570792272
112,comp_specific,3,0.2600981892303649,0.07468780471019648,0.44550857375053327,0.49962561922761184
112,comp_specific,4,0.39480136858217346,-0.22434359320308722,1.013946330367434,-0.01630776329502423
112,comp_specific,5,0.2759961713490806,0.09569772238536683,0.4562946203127944,0.30263364339867754
112,adaptshrink,1,0.4918266977692709,0.18461057383303892,0.7990428217055029,0.30242178311273255
112,adaptshrink,2,0.08868413612381659,-0.49035391639979126,0.6677221886474245,0.1863870570792272
112,adaptshrink,3,0.205387719287293,-0.17456727952210993,0.5853427180966959,0.49962561922761184
112,adaptshrink,4,0.3957007067241592,-0.11875267095784253,0.9101540844061609,-0.01630776329502423
112,adaptshrink,5,0.2189663911995265,-0.08199217256352759,0.5199249549625806,0.30263364339867754
113,common_DL,1,-0.5035527281910666,-0.9092474743535063,-0.09785798202862683,-0.53590612925547
113,common_DL,2,-0.0493662387788536,-0.3942108284359239,0.2954783508782167,0.5505232780474162
113,common_DL,3,-0.44763754060550365,-0.7704329223089414,-0.12484215890206585,-0.3295109786146179
113,common_DL,4,-0.17666207097371475,-0.47805010505815404,0.12472596311072451,-0.10090117057457676
113,common_DL,5,-0.032814058180304195,-0.508640806638741,0.4430126902781326,0.011348455357540964
113,comp_specific,1,-0.5208120269917078,-1.0056185556363615,-0.03600549834705419,-0.53590612925547
113,comp_specific,2,0.014166910711693514,-0.4752274542544512,0.5035612756778383,0.5505232780474162
113,comp_specific,3,-0.4895356532486877,-0.73079581091375,-0.24827549558362538,-0.3295109786146179
113,comp_specific,4,-0.1573691681399028,-0.35656583912861567,0.041827502848810094,-0.10090117057457676
113,comp_specific,5,-0.09119321544253844,-0.915098258198323,0.7327118273132461,0.011348455357540964
113,adaptshrink,1,-0.5100524136420606,-0.9443353967400316,-0.07576943054408941,-0.53590612925547
113,adaptshrink,2,-0.01873533877691666,-0.4198913617273977,0.38242068417356434,0.5505232780474162
113,adaptshrink,3,-0.46333528464232676,-0.7506029764324667,-0.17606759285218682,-0.3295109786146179
113,adaptshrink,4,-0.17086293760745594,-0.4354193183129116,0.09369344309799968,-0.10090117057457676
113,adaptshrink,5,-0.06869609918428402,-0.684774004323474,0.547381805954906,0.011348455357540964
114,common_DL,1,-0.059412328894019234,-0.2920444620839865,0.17321980429594805,-0.09521530568302651
114,common_DL,2,-0.4410139979688906,-0.8401409455099993,-0.04188705042778201,-0.1677026591682876
114,common_DL,3,0.7406386100668881,0.504962407187787,0.9763148129459893,0.7122663971387904
114,common_DL,4,0.8181620915617335,0.5422405133985547,1.0940836697249123,0.8423249885277856
114,common_DL,5,0.2669634034165835,-0.04823571363721674,0.5821625204703837,0.3090206076684843
114,comp_specific,1,-0.06404251427987212,-0.2702103364739718,0.14212530791422756,-0.09521530568302651
114,comp_specific,2,-0.453790991449232,-0.9017989608369366,-0.005783022061527421,-0.1677026591682876
114,comp_specific,3,0.7694023828215872,0.6258290550329886,0.9129757106101859,0.7122663971387904
114,comp_specific,4,0.920129056002712,0.47206971090127975,1.3681884011041443,0.8423249885277856
114,comp_specific,5,0.26298480927876855,0.036821030289276274,0.4891485882682608,0.3090206076684843
114,adaptshrink,1,-0.06153934231018654,-0.2814656612794958,0.15838697665912274,-0.09521530568302651
114,adaptshrink,2,-0.44580001234097766,-0.8619392509198336,-0.029660773762121784,-0.1677026591682876
114,adaptshrink,3,0.7492282099447558,0.5507250533673262,0.9477313665221854,0.7122663971387904
114,adaptshrink,4,0.8938363079021123,0.5181482338630188,1.2695243819412059,0.8423249885277856
114,adaptshrink,5,0.26608882672644185,-0.024216223832544237,0.556393877285428,0.3090206076684843
115,common_DL,1,-0.671910404972015,-1.0351098562716303,-0.3087109536723998,-0.3396906211622076
115,common_DL,2,0.9069460853318603,0.538137107842118,1.2757550628216026,0.9315013749335502
115,common_DL,3,-0.38775411974417284,-0.6426389935049541,-0.13286924598339156,-0.5428864687937446
115,common_DL,4,0.6802024343541682,0.4044642776472157,0.9559405910611206,0.46781236762721173
115,common_DL,5,-0.31741336684927157,-0.5273753738319739,-0.10745135986656931,-0.23994796496538853
115,comp_specific,1,-0.6664491481007249,-1.0071556775194743,-0.32574261868197546,-0.3396906211622076
115,comp_specific,2,0.9021863852000799,0.5492784153019539,1.2550943550982059,0.9315013749335502
115,comp_specific,3,-0.45135277995056045,-0.8318128675945973,-0.07089269230652362,-0.5428864687937446
115,comp_specific,4,0.6776221565313321,0.4339657086305906,0.9212786044320735,0.46781236762721173
115,comp_specific,5,-0.3157575948824667,-0.5154609841645166,-0.11605420560041677,-0.23994796496538853
115,adaptshrink,1,-0.6701959485135462,-1.0260852165298666,-0.31430668049722577,-0.3396906211622076
115,adaptshrink,2,0.9050081196273425,0.5429158880261813,1.2671003512285037,0.9315013749335502
115,adaptshrink,3,-0.4244256695293825,-0.7440422662899655,-0.10480907276879953,-0.5428864687937446
115,adaptshrink,4,0.6795631778096751,0.4139444093792802,0.9451819462400701,0.46781236762721173
115,adaptshrink,5,-0.31657779099008926,-0.5215124080032948,-0.11164317397688375,-0.23994796496538853
116,common_DL,1,0.14094971720686877,-0.3493053345953345,0.6312047690090721,-0.054151892273264106
116,common_DL,2,-0.6173617471637664,-1.206608063327687,-0.028115430999845703,-0.5481116782463201
116,common_DL,3,-0.030629676215683577,-0.5947470764360722,0.533487724004705,0.007739652994132812
116,common_DL,4,0.051909645247859154,-0.4282531740320602,0.5320724645277785,0.16646175393348334
116,common_DL,5,-0.16477675021616606,-0.7917669943532761,0.4622134939209441,-0.0790262504280546
116,comp_specific,1,0.047706290931399664,-0.2011036842396803,0.2965162661024796,-0.054151892273264106
116,comp_specific,2,-0.6048899992782556,-0.9484644446644929,-0.2613155538920183,-0.5481116782463201
116,comp_specific,3,0.007963217529046024,-0.2829061029006352,0.2988325379587272,0.007739652994132812
116,comp_specific,4,0.09787436490001636,-0.5990466863598839,0.7947954161599166,0.16646175393348334
116,comp_specific,5,-0.1547278399928116,-0.5530199396578164,0.24356425967219314,-0.0790262504280546
116,adaptshrink,1,0.11713078778365704,-0.27695575729621164,0.5112173328635257,-0.054151892273264106
116,adaptshrink,2,-0.615452129656571,-1.115311045917708,-0.1155932133954341,-0.5481116782463201
116,adaptshrink,3,-0.02256289243702629,-0.49175849100871594,0.4466327061346633,0.007739652994132812
116,adaptshrink,4,0.08229962971139207,-0.5168895141377576,0.6814887735605417,0.16646175393348334
116,adaptshrink,5,-0.16312999140682574,-0.724690101312777,0.3984301184991256,-0.0790262504280546
117,common_DL,1,0.12222968482176161,-0.08192068216232304,0.3263800518058463,0.30720460197494676
117,common_DL,2,0.09159712228459899,-0.16665427596644483,0.3498485205356428,0.25015750921969954
117,common_DL,3,0.6691005290968046,0.4361565379875164,0.9020445202060928,0.5413818711679321
117,common_DL,4,0.2213930605193884,-0.0910317083969745,0.5338178294357513,0.4158683963899877
117,common_DL,5,-0.1173589987937391,-0.3420619741218918,0.10734397653441363,-0.20401990580848672
117,comp_specific,1,0.16602234043987765,-0.1012391844650645,0.4332838653448198,0.30720460197494676
117,comp_specific,2,0.09159712228459607,-0.16665427596644752,0.34984852053563964,0.25015750921969954
117,comp_specific,3,0.6691005290968011,0.436156537987513,0.9020445202060892,0.5413818711679321
117,comp_specific,4,0.2213930605193854,-0.0910317083969776,0.5338178294357484,0.4158683963899877
117,comp_specific,5,-0.1173589987937427,-0.34206197412189554,0.10734397653441016,-0.20401990580848672
117,adaptshrink,1,0.1493804377255915,-0.0907633900298914,0.38952426548107444,0.30720460197494676
117,adaptshrink,2,0.09159712228459889,-0.16665427596644472,0.34984852053564247,0.25015750921969954
117,adaptshrink,3,0.6691005290968041,0.43615653798751586,0.9020445202060923,0.5413818711679321
117,adaptshrink,4,0.22139306051938817,-0.09103170839697472,0.5338178294357511,0.4158683963899877
117,adaptshrink,5,-0.11735899879374015,-0.342061974121893,0.10734397653441269,-0.20401990580848672
118,common_DL,1,0.5149932842960757,0.25008347422034055,0.7799030943718108,0.4466646000507877
118,common_DL,2,0.4018417599549059,0.17086372524219035,0.6328197946676215,0.6207211681096354
118,common_DL,3,-0.47445343969993753,-0.8265337799257633,-0.12237309947411174,-0.24878158026276492
118,common_DL,4,0.3750967535899225,-0.03628707766763206,0.7864805848474771,0.3702256004068986
118,common_DL,5,-0.591632782671699,-0.8606642671740203,-0.32260129816937777,-0.541234748074188
118,comp_specific,1,0.5119328833182942,0.20066136136288948,0.823204405273699,0.4466646000507877
118,comp_specific,2,0.4138261078920259,0.2065502205422446,0.6211019952418072,0.6207211681096354
118,comp_specific,3,-0.4736673545857685,-0.8945814691922401,-0.05275323997929682,-0.24878158026276492
118,comp_specific,4,0.4157976921660109,-0.09857836436553835,0.9301737486975602,0.3702256004068986
118,comp_specific,5,-0.5836819429514322,-0.7907562263685353,-0.37660765953432906,-0.541234748074188
118,adaptshrink,1,0.5127852658781621,0.2227672220362129,0.8028033097201113,0.4466646000507877
118,adaptshrink,2,0.4073305967515564,0.18774892388972103,0.6269122696133917,0.6207211681096354
118,adaptshrink,3,-0.4739585634073613,-0.8510620441351682,-0.0968550826795545,-0.24878158026276492
118,adaptshrink,4,0.3922801274728963,-0.05672932236516276,0.8412895773109554,0.3702256004068986
118,adaptshrink,5,-0.5876727500632093,-0.8301006466899818,-0.3452448534364367,-0.541234748074188
119,common_DL,1,0.46176854618454677,0.07531776984528443,0.848219322523809,0.3131604455569389
119,common_DL,2,-0.9070767482620984,-1.3086794916478284,-0.5054740048763684,-0.955577115288659
119,common_DL,3,-0.1557843965997772,-0.5720247638878854,0.26045597068833104,-0.21245791701284197
119,common_DL,4,-0.6313587920453262,-1.0983629806184352,-0.1643546034722172,-0.5149067284980088
119,common_DL,5,-0.8646485642211686,-1.3271397875009492,-0.4021573409413882,-0.8269651259892933
119,comp_specific,1,0.4647725302056696,0.14656200424025928,0.78298305617108,0.3131604455569389
119,comp_specific,2,-0.9038107059483429,-1.2891702429038847,-0.5184511689928011,-0.955577115288659
119,comp_specific,3,-0.15279957061634497,-0.4405315453445869,0.13493240411189694,-0.21245791701284197
119,comp_specific,4,-0.6367679547993237,-1.3649263407010521,0.09139043110240475,-0.5149067284980088
119,comp_specific,5,-0.8784137296201076,-1.2968138220178123,-0.46001363722240285,-0.8269651259892933
119,adaptshrink,1,0.46276473356302356,0.10379879060305752,0.8217306765229896,0.3131604455569389
119,adaptshrink,2,-0.9057737059111008,-1.3005279701356585,-0.5110194416865432,-0.955577115288659
119,adaptshrink,3,-0.15456015052678895,-0.5343030344453548,0.2251827333917769,-0.21245791701284197
119,adaptshrink,4,-0.6345315615191677,-1.2280528838540452,-0.04101023918429014,-0.5149067284980088
119,adaptshrink,5,-0.8686163893714742,-1.3169934920397575,-0.42023928670319105,-0.8269651259892933
120,common_DL,1,0.6397935987754046,0.28116189228955496,0.9984253052612544,0.5705033015280038
120,common_DL,2,-0.4687258006711753,-0.8024950415935681,-0.13495655974878246,-0.2898823788032508
120,common_DL,3,-0.6224743481734873,-0.9639825037054097,-0.28096619264156497,-0.3857764669465639
120,common_DL,4,-0.4146683625466592,-0.7797603519387044,-0.049576373154613995,-0.30523057545981397
120,common_DL,5,0.053919853261522654,-0.3279062130161281,0.4357459195391734,0.18007096640555986
120,comp_specific,1,0.6104851611764952,0.4149776745863104,0.80599264776668,0.5705033015280038
120,comp_specific,2,-0.4204720165411445,-0.9794638563156594,0.1385198232333703,-0.2898823788032508
120,comp_specific,3,-0.6036210102405674,-0.8222487048861146,-0.38499331559502015,-0.3857764669465639
120,comp_specific,4,-0.412436296965258,-0.8122098618602567,-0.01266273207025942,-0.30523057545981397
120,comp_specific,5,0.11319901933478711,-0.0550050720199443,0.2814031106895185,0.18007096640555986
120,adaptshrink,1,0.6337741654627246,0.3268048556530581,0.9407434752723911,0.5705033015280038
120,adaptshrink,2,-0.4322749934280883,-0.8946384802782084,0.030088493422031737,-0.2898823788032508
120,adaptshrink,3,-0.6168089761307165,-0.9069159733525115,-0.3267019789089215,-0.3857764669465639
120,adaptshrink,4,-0.4136642622243569,-0.7940520364259156,-0.03327648802279831,-0.30523057545981397
120,adaptshrink,5,0.06474221415080741,-0.26579092588497844,0.3952753541865932,0.18007096640555986
121,common_DL,1,0.35108497158919033,0.048837281714024405,0.6533326614643562,0.13112011954176894
121,common_DL,2,0.4807281737102749,0.15283508341166063,0.8086212640088891,0.22505158687123542
121,common_DL,3,0.1832830595576109,-0.19922178858104714,0.565787907696269,0.01992025145725448
121,common_DL,4,0.47037698598165434,0.16979001035210167,0.770963961611207,0.33377695869426416
121,common_DL,5,-0.3266789771452142,-0.6235585119106655,-0.029799442379762953,-0.3256019444758256
121,comp_specific,1,0.3300694965823958,0.12288928029171348,0.5372497128730782,0.13112011954176894
121,comp_specific,2,0.5202447890799052,0.32081020394267146,0.719679374217139,0.22505158687123542
121,comp_specific,3,0.1833203765342193,-0.2863977457464065,0.653038498814845,0.01992025145725448
121,comp_specific,4,0.44308091826041407,-0.035266321525236344,0.9214281580460645,0.33377695869426416
121,comp_specific,5,-0.28049015903655816,-0.473801469550319,-0.08717884852279731,-0.3256019444758256
121,adaptshrink,1,0.3445166185100623,0.08407053359893679,0.6049627034211879,0.13112011954176894
121,adaptshrink,2,0.4929946899695106,0.20974489717548472,0.7762444827635365,0.22505158687123542
121,adaptshrink,3,0.1834601410156994,-0.23895730901971524,0.605877591051114,0.01992025145725448
121,adaptshrink,4,0.4492201917292339,0.04831265421960923,0.8501277292388585,0.33377695869426416
121,adaptshrink,5,-0.31229489488382767,-0.5649695682928704,-0.05962022147478502,-0.3256019444758256
122,common_DL,1,-0.03508956294312457,-0.36759225612647284,0.29741313024022364,0.029835426394092212
122,common_DL,2,-0.18097524952064947,-0.5676052205103563,0.20565472146905733,-0.5200928178142892
122,common_DL,3,0.05422604470024715,-0.08507894119557592,0.19353103059607024,0.11437309388446303
122,common_DL,4,-0.328158378992865,-0.6477984944985229,-0.008518263487207023,-0.417537758447103
122,common_DL,5,0.06305676708495493,-0.2763716026136938,0.4024851367836037,0.08884913508988822
122,comp_specific,1,-0.035089562943124895,-0.36759225612647306,0.2974131302402233,0.029835426394092212
122,comp_specific,2,-0.18097524952064936,-0.5676052205103561,0.20565472146905733,-0.5200928178142892
122,comp_specific,3,0.05296966740627046,-0.09582707025852472,0.20176640507106564,0.11437309388446303
122,comp_specific,4,-0.32815837899286476,-0.6477984944985226,-0.008518263487206967,-0.417537758447103
122,comp_specific,5,0.0630567670849547,-0.276371602613694,0.4024851367836033,0.08884913508988822
122,adaptshrink,1,-0.03508956294312461,-0.3675922561264726,0.2974131302402234,0.029835426394092212
122,adaptshrink,2,-0.1809752495206493,-0.5676052205103561,0.20565472146905744,-0.5200928178142892
122,adaptshrink,3,0.05367877055996388,-0.08980852205798605,0.1971660631779138,0.11437309388446303
122,adaptshrink,4,-0.3281583789928646,-0.6477984944985224,-0.0085182634872068,-0.417537758447103
122,adaptshrink,5,0.06305676708495492,-0.27637160261369365,0.40248513678360354,0.08884913508988822
123,common_DL,1,-0.624414568356894,-0.854700709132188,-0.39412842758160005,-0.5965323597440129
123,common_DL,2,-0.24477535823814472,-0.48737428160867124,-0.0021764348676182044,-0.3808814229665521
123,common_DL,3,0.29232711388519733,-0.10848636805198492,0.6931405958223795,0.2841528084723506
123,common_DL,4,-0.38367749132811085,-0.6266148160065208,-0.1407401666497009,-0.2456775501781139
123,common_DL,5,-0.48011649267075013,-0.7253682981616989,-0.2348646871798013,-0.44426062312223463
123,comp_specific,1,-0.6129193042406385,-0.7918498322337454,-0.4339887762475315,-0.5965323597440129
123,comp_specific,2,-0.2130385463523279,-0.5187126743435602,0.09263558163890437,-0.3808814229665521
123,comp_specific,3,0.29492295743638985,-0.12461112285558285,0.7144570377283626,0.2841528084723506
123,comp_specific,4,-0.3870518058474519,-0.8046105658461159,0.030506954151212073,-0.2456775501781139
123,comp_specific,5,-0.4814807092605575,-0.6900501111031578,-0.2729113074179572,-0.44426062312223463
123,adaptshrink,1,-0.6203228356173845,-0.8308442838831448,-0.4098013873516243,-0.5965323597440129
123,adaptshrink,2,-0.22839490603543136,-0.5004517911340928,0.04366197906323002,-0.3808814229665521
123,adaptshrink,3,0.29348765349758965,-0.11546327822202634,0.7024385852172057,0.2841528084723506
123,adaptshrink,4,-0.38984760407505276,-0.7056695234273644,-0.07402568472274101,-0.2456775501781139
123,adaptshrink,5,-0.480807575875936,-0.7091867657097827,-0.2524283860420893,-0.44426062312223463
124,common_DL,1,0.23545091985311867,-0.2758857762321774,0.7467876159384148,0.5830223877302557
124,common_DL,2,0.820349750900274,0.43084745874747815,1.2098520430530697,0.8010492168460996
124,common_DL,3,1.093178267153294,0.7862098999973843,1.4001466343092035,1.0663569232223298
124,common_DL,4,-0.05820660510046227,-0.439374771898701,0.32296156169777646,-0.027736316413926848
124,common_DL,5,0.02659816188236669,-0.3315132225555014,0.3847095463202348,-0.034823621771382506
124,comp_specific,1,0.23545422252496728,-0.26233994494137686,0.7332483899913114,0.5830223877302557
124,comp_specific,2,0.7970260335870942,0.3284328843392214,1.265619182834967,0.8010492168460996
124,comp_specific,3,1.069243948401868,0.905435808178914,1.2330520886248222,1.0663569232223298
124,comp_specific,4,-0.04839306621381373,-0.6607395601856967,0.5639534277580693,-0.027736316413926848
124,comp_specific,5,0.030240898054821275,-0.30109535646976043,0.361577152579403,-0.034823621771382506
124,adaptshrink,1,0.23545340654413804,-0.27141321588955336,0.7423200289778294,0.5830223877302557
124,adaptshrink,2,0.810792920747285,0.3929371540175544,1.2286486874770157,0.8010492168460996
124,adaptshrink,3,1.0840410526892272,0.8323374376131367,1.3357446677653178,1.0663569232223298
124,adaptshrink,4,-0.052641887711736446,-0.5237067337995396,0.4184229583760667,-0.027736316413926848
124,adaptshrink,5,0.027679664283540628,-0.32176032728043297,0.3771196558475142,-0.034823621771382506
125,common_DL,1,0.08323868463875664,-0.15311318879455127,0.31959055807206455,-0.06426706044210088
125,common_DL,2,-0.9056012458489778,-1.1515082306068998,-0.6596942610910559,-0.6576450182743473
125,common_DL,3,-0.34026560301023423,-0.588638210780609,-0.09189299523985944,-0.1620599350767948
125,common_DL,4,0.20130755118322316,-0.07087460266271592,0.4734897050291622,0.4764567193861237
125,common_DL,5,-0.12055573984726081,-0.3207772376228635,0.07966575792834182,-0.15726524492789734
125,comp_specific,1,0.07718806102676795,-0.14888495624408538,0.3032610782976213,-0.06426706044210088
125,comp_specific,2,-0.895613341756132,-1.1118805225765513,-0.6793461609357128,-0.6576450182743473
125,comp_specific,3,-0.24060456811610173,-0.7269770627145851,0.24576792648238163,-0.1620599350767948
125,comp_specific,4,0.19473144532681586,-0.060971261449717706,0.4504341521033494,0.4764567193861237
125,comp_specific,5,-0.12118756232671735,-0.2908865896743568,0.04851146502092213,-0.15726524492789734
125,adaptshrink,1,0.0807443897133168,-0.1513130859626811,0.31280186538931465,-0.06426706044210088
125,adaptshrink,2,-0.9017727997354139,-1.1356924930195822,-0.6678531064512457,-0.6576450182743473
125,adaptshrink,3,-0.2830905257838803,-0.6399118996312455,0.07373084806348496,-0.1620599350767948
125,adaptshrink,4,0.19920865294003778,-0.06768186112754856,0.4660991670076241,0.4764567193861237
125,adaptshrink,5,-0.12105283186369628,-0.3070912949358553,0.06498563120846276,-0.15726524492789734
126,common_DL,1,0.1456163720912459,-0.054374869044473084,0.34560761322696487,0.2828998007981426
126,common_DL,2,0.054508642564959464,-0.3199633331766951,0.42898061830661405,0.1575661340089339
126,common_DL,3,-0.12208147378590728,-0.36277133317196997,0.11860838560015538,-0.26690763461057354
126,common_DL,4,1.1018195948376004,0.9060939255563596,1.2975452641188412,1.112223794716468
126,common_DL,5,0.09729299793046217,-0.1265111731613452,0.32109716902226954,0.039502002847829024
126,comp_specific,1,0.1456163720912464,-0.054374869044472585,0.34560761322696537,0.2828998007981426
126,comp_specific,2,-0.01393171903776072,-0.5067037839949254,0.47884034591940405,0.1575661340089339
126,comp_specific,3,-0.12208147378591153,-0.36277133317197435,0.1186083856001513,-0.26690763461057354
126,comp_specific,4,1.0796636306784773,0.8169470670930905,1.342380194263864,1.112223794716468
126,comp_specific,5,0.09729299793046524,-0.12651117316134192,0.3210971690222724,0.039502002847829024
126,adaptshrink,1,0.14561637209124548,-0.05437486904447347,0.3456076132269644,0.2828998007981426
126,adaptshrink,2,0.023391751146651346,-0.39637792412171036,0.443161426415013,0.1575661340089339
126,adaptshrink,3,-0.12208147378590725,-0.36277133317196986,0.11860838560015538,-0.26690763461057354
126,adaptshrink,4,1.0916806200860913,0.8705190454716056,1.312842194700577,1.112223794716468
126,adaptshrink,5,0.09729299793046225,-0.12651117316134508,0.3210971690222696,0.039502002847829024
127,common_DL,1,0.6748266048219277,0.349417025545481,1.0002361840983744,0.5793022869793609
127,common_DL,2,0.006740807011841932,-0.4545435040367096,0.4680251180603935,-0.22519393557335304
127,common_DL,3,0.8860459118293229,0.45878427216758194,1.313307551491064,0.707318325896353
127,common_DL,4,-0.14081683556537283,-0.4735190646816514,0.19188539355090573,-0.01770057460828408
127,common_DL,5,-0.12448931736121488,-0.47278114397792637,0.2238025092554966,-0.10370583692676759
127,comp_specific,1,0.6360907039857624,0.43283489067278313,0.8393465172987417,0.5793022869793609
127,comp_specific,2,0.027149521134192833,-0.5194793698444964,0.5737784121128819,-0.22519393557335304
127,comp_specific,3,0.8931591455755927,0.6006669863729954,1.18565130477819,0.707318325896353
127,comp_specific,4,-0.19314644515112084,-0.7438309056360601,0.3575380153338184,-0.01770057460828408
127,comp_specific,5,-0.18977756072120538,-0.36181150476295376,-0.01774361667945701,-0.10370583692676759
127,adaptshrink,1,0.6629526620135793,0.3887012955782484,0.9372040284489102,0.5793022869793609
127,adaptshrink,2,0.014945136567153211,-0.47664852405268077,0.5065387971869871,-0.22519393557335304
127,adaptshrink,3,0.8872552770311365,0.4987557916340018,1.2757547624282712,0.707318325896353
127,adaptshrink,4,-0.17790063654467328,-0.6347348758183697,0.27893360272902323,-0.01770057460828408
127,adaptshrink,5,-0.13720539037057775,-0.4327802095918738,0.15836942885071828,-0.10370583692676759
128,common_DL,1,-0.20556909281638422,-0.6187192692334286,0.2075810836006601,-0.4493478655949227
128,common_DL,2,-0.4970948201770083,-0.8654110560086846,-0.12877858434533196,-0.32447982322866104
128,common_DL,3,0.7178046579761089,0.2061681104768136,1.2294412054754043,0.5585207061936318
128,common_DL,4,0.22073514728707672,-0.2371214393897657,0.6785917339639191,-0.2803181859923386
128,common_DL,5,-0.24028343585115985,-0.6266462374467793,0.14607936574445957,-0.20113679851260005
128,comp_specific,1,-0.22889046867035354,-0.47732667456842554,0.019545737227718463,-0.4493478655949227
128,comp_specific,2,-0.47941909041718067,-1.006945097940131,0.048106917105769864,-0.32447982322866104
128,comp_specific,3,0.7407360260740778,0.4571178893647705,1.0243541627833852,0.5585207061936318
128,comp_specific,4,0.21170409584626568,-0.3680950307472849,0.7915032224398163,-0.2803181859923386
128,comp_specific,5,-0.2792717426023874,-0.43523645662306526,-0.12330702858170955,-0.20113679851260005
128,adaptshrink,1,-0.21511391999789115,-0.5648709222664996,0.13464308227071725,-0.4493478655949227
128,adaptshrink,2,-0.48501847673530557,-0.9407236566403465,-0.029313296830264568,-0.32447982322866104
128,adaptshrink,3,0.7228219450154516,0.26930043493779493,1.1763434550931082,0.5585207061936318
128,adaptshrink,4,0.21667224665248944,-0.28526851311871937,0.7186130064236982,-0.2803181859923386
128,adaptshrink,5,-0.24734119451770986,-0.56007582518533,0.06539343614991017,-0.20113679851260005
129,common_DL,1,-0.28633665366196315,-0.5021027293461179,-0.07057057797780841,-0.3073938725630488
129,common_DL,2,0.22716260113043227,-0.0365481603398192,0.4908733626006837,0.4482110763520972
129,common_DL,3,-0.10871904140027325,-0.3280866329040407,0.11064855010349423,-0.10085807138247782
129,common_DL,4,0.7258853884129787,0.4322799832856896,1.0194907935402677,0.09251848328983854
129,common_DL,5,0.4922804654968558,0.2582855702061131,0.7262753607875985,0.48786442857077794
129,comp_specific,1,-0.29260621334660675,-0.4739749214212796,-0.1112375052719339,-0.3073938725630488
129,comp_specific,2,0.24664947586356842,-0.13544810606067445,0.6287470577878113,0.4482110763520972
129,comp_specific,3,-0.1092477450251926,-0.3332884182443837,0.1147929281939985,-0.10085807138247782
129,comp_specific,4,0.7224342206068233,0.47705702021038193,0.9678114210032647,0.09251848328983854
129,comp_specific,5,0.4844241650990181,0.21301083949125432,0.7558374907067819,0.48786442857077794
129,adaptshrink,1,-0.28829751879144194,-0.4902837168735066,-0.08631132070937728,-0.3073938725630488
129,adaptshrink,2,0.23746163926886654,-0.08442125746387408,0.5593445360016072,0.4482110763520972
129,adaptshrink,3,-0.10895696804114485,-0.33034948529978875,0.11243554921749904,-0.10085807138247782
129,adaptshrink,4,0.7248905610086376,0.4456444768182518,1.0041366451990235,0.09251848328983854
129,adaptshrink,5,0.4880403784097309,0.23691088502376173,0.7391698717957,0.48786442857077794
130,common_DL,1,0.5531349202060738,0.12420206588884214,0.9820677745233055,0.5259572958030613
130,common_DL,2,0.7861466897441562,0.344845470787292,1.2274479087010204,0.4305380560219883
130,common_DL,3,-0.11711720520827024,-0.46183410564109845,0.22759969522455797,-0.18183561531335282
130,common_DL,4,0.1341102898087682,-0.21385976179410743,0.48208034141164385,0.2955318107052899
130,common_DL,5,0.16841946603599084,-0.1778976600893089,0.5147365921612905,0.0281434528204956
130,comp_specific,1,0.5510392449677721,0.05771859526944051,1.0443598946661037,0.5259572958030613
130,comp_specific,2,0.738675094268237,0.4557916006812255,1.0215585878552484,0.4305380560219883
130,comp_specific,3,-0.15884736509005493,-0.35474750927408355,0.0370527790939737,-0.18183561531335282
130,comp_specific,4,0.1620978171173646,-0.4222320529448188,0.746427687179548,0.2955318107052899
130,comp_specific,5,0.15109893429318108,-0.06829588819322283,0.37049375677958496,0.0281434528204956
130,adaptshrink,1,0.5520867861398973,0.1004147158680555,1.003758856411739,0.5259572958030613
130,adaptshrink,2,0.7781018143253642,0.37953644886866766,1.1766671797820607,0.4305380560219883
130,adaptshrink,3,-0.12716604331210857,-0.41967160738388315,0.16533952075966601,-0.18183561531335282
130,adaptshrink,4,0.1530722543131618,-0.3302403076575331,0.6363848162838567,0.2955318107052899
130,adaptshrink,5,0.16313960753020382,-0.13017705743277483,0.45645627249318244,0.0281434528204956
131,common_DL,1,0.5005583813571771,0.16932399291511713,0.8317927697992371,0.2950036554762568
131,common_DL,2,0.39510918886636537,0.2308947147180664,0.5593236630146643,0.6664138653353993
131,common_DL,3,-0.23823639728443521,-0.5143063765821491,0.03783358201327866,-0.06744732826484079
131,common_DL,4,-0.454821054042285,-0.7147553232580695,-0.19488678482650057,-0.523752024551286
131,common_DL,5,0.6851533603642422,0.5027243024909556,0.8675824182375289,0.7630126933587807
131,comp_specific,1,0.5005583813571741,0.16932399291511424,0.831792769799234,0.2950036554762568
131,comp_specific,2,0.424991526304796,0.18203523513048323,0.6679478174791087,0.6664138653353993
131,comp_specific,3,-0.2382363972844395,-0.5143063765821534,0.037833582013274386,-0.06744732826484079
131,comp_specific,4,-0.45482105404228856,-0.7147553232580729,-0.19488678482650423,-0.523752024551286
131,comp_specific,5,0.7076883185436117,0.4657160702893331,0.9496605667978903,0.7630126933587807
131,adaptshrink,1,0.5005583813571772,0.16932399291511702,0.8317927697992374,0.2950036554762568
131,adaptshrink,2,0.408594275567399,0.2040733297295088,0.6131152214052893,0.6664138653353993
131,adaptshrink,3,-0.23823639728443602,-0.5143063765821501,0.03783358201327797,-0.06744732826484079
131,adaptshrink,4,-0.45482105404228523,-0.7147553232580697,-0.19488678482650074,-0.523752024551286
131,adaptshrink,5,0.6951565786212575,0.48944255661473,0.9008706006277849,0.7630126933587807
132,common_DL,1,0.13111910229391593,-0.22128075607221404,0.4835189606600459,0.25745660221581407
132,common_DL,2,0.8889158721338738,0.6279521214599653,1.1498796228077823,0.7699677854913001
132,common_DL,3,0.18632417149967168,-0.08729154933198335,0.4599398923313267,0.1897558325267305
132,common_DL,4,0.7923017865171422,0.5303151174516592,1.0542884555826253,0.8497803080064765
132,common_DL,5,-0.37316221472420263,-0.5518943971852296,-0.19443003226317565,-0.36083552807663094
132,comp_specific,1,0.13111910229391643,-0.22128075607221365,0.4835189606600465,0.25745660221581407
132,comp_specific,2,0.7327036031305231,0.26576865670872024,1.1996385495523259,0.7699677854913001
132,comp_specific,3,0.1863241714996719,-0.08729154933198308,0.45993989233132687,0.1897558325267305
132,comp_specific,4,0.7923017865171424,0.5303151174516594,1.0542884555826255,0.8497803080064765
132,comp_specific,5,-0.37316221472420313,-0.5518943971852301,-0.19443003226317615,-0.36083552807663094
132,adaptshrink,1,0.13111910229391607,-0.2212807560722139,0.48351896066004607,0.25745660221581407
132,adaptshrink,2,0.7769808476611619,0.4041343093402362,1.1498273859820878,0.7699677854913001
132,adaptshrink,3,0.18632417149967212,-0.08729154933198285,0.4599398923313271,0.1897558325267305
132,adaptshrink,4,0.7923017865171423,0.5303151174516593,1.0542884555826255,0.8497803080064765
132,adaptshrink,5,-0.37316221472420286,-0.5518943971852299,-0.19443003226317582,-0.36083552807663094
133,common_DL,1,-0.14610352226342266,-0.7725120448418916,0.48030500031504636,-0.004154101222644407
133,common_DL,2,0.711458900867123,0.10677736354064682,1.3161404381935993,0.4458216022185131
133,common_DL,3,0.10310246316716307,-0.49097558374479133,0.6971805100791175,0.20590353743527423
133,common_DL,4,0.664699941676793,0.09699999431946515,1.232399889034121,0.6432534893242977
133,common_DL,5,0.47655448464478156,-0.2350507286731206,1.1881596979626838,0.37780896713906087
133,comp_specific,1,-0.11484304681101398,-0.347983673024159,0.11829757940213101,-0.004154101222644407
133,comp_specific,2,0.7046771587514276,-0.11435457354964473,1.5237088910524998,0.4458216022185131
133,comp_specific,3,0.09537999459476557,-0.13362279099191918,0.3243827801814503,0.20590353743527423
133,comp_specific,4,0.6454477205906124,-0.07320740835914918,1.364102849540374,0.6432534893242977
133,comp_specific,5,0.3815808320099367,0.182220362994606,0.5809413010252674,0.37780896713906087
133,adaptshrink,1,-0.1414171745961737,-0.6496330431907871,0.36679869399843973,-0.004154101222644407
133,adaptshrink,2,0.7072270193395813,0.0020501876809981834,1.4124038509981645,0.4458216022185131
133,adaptshrink,3,0.10233119974607116,-0.37196523484461375,0.5766276343367561,0.20590353743527423
133,adaptshrink,4,0.6526515100386305,0.0048732311837743625,1.3004297888934868,0.6432534893242977
133,adaptshrink,5,0.4716336898996093,-0.13588807349632903,1.0791554532955476,0.37780896713906087
134,common_DL,1,0.6093410830167052,0.24073829484610143,0.977943871187309,0.6290624683073206
134,common_DL,2,0.20627661853613705,-0.2606209849290365,0.6731742220013106,0.3178775525164212
134,common_DL,3,0.8104774989183279,0.4716545278581979,1.149300469978458,0.6256627198201536
134,common_DL,4,0.014187490665514002,-0.33754253348203345,0.36591751481306145,-0.30001002751790923
134,common_DL,5,-0.009696281507606097,-0.4563060547347591,0.4369134917195469,-0.026656389271785163
134,comp_specific,1,0.5652946163668222,0.3730641653205071,0.7575250674131373,0.6290624683073206
134,comp_specific,2,0.20991195347725627,-0.2443762893685592,0.6642001963230717,0.3178775525164212
134,comp_specific,3,0.7787890478792343,0.6405228417207437,0.9170552540377249,0.6256627198201536
134,comp_specific,4,0.021940669723009953,-0.5410833797957988,0.5849647192418186,-0.30001002751790923
134,comp_specific,5,0.017969170945596302,-0.19320721499641028,0.22914555688760288,-0.026656389271785163
134,adaptshrink,1,0.5938275834510356,0.295129334223187,0.8925258326788842,0.6290624683073206
134,adaptshrink,2,0.20777845521115573,-0.2537649263605778,0.6693218367828893,0.3178775525164212
134,adaptshrink,3,0.8067760080970843,0.5413928804925497,1.072159135701619,0.6256627198201536
134,adaptshrink,4,0.01899153275674309,-0.43561508855330644,0.4735981540667926,-0.30001002751790923
134,adaptshrink,5,-0.00946072168987483,-0.4001609445134675,0.38123950113371785,-0.026656389271785163
135,common_DL,1,-1.0207035481362015,-1.3730559464681495,-0.6683511498042535,-0.9014394638118345
135,common_DL,2,-0.378127033725091,-0.7101476262562556,-0.04610644119392632,-0.12521717264660734
135,common_DL,3,-0.10967309745053551,-0.3944414089273533,0.1750952140262823,-0.017153056075554753
135,common_DL,4,0.37805811166350733,0.022599522258163862,0.7335167010688508,0.3262281100543699
135,common_DL,5,-0.010348561434758818,-0.3195634793606588,0.2988663564911412,0.0527896865214359
135,comp_specific,1,-1.007384413815016,-1.2263501077707715,-0.7884187198592608,-0.9014394638118345
135,comp_specific,2,-0.37052427943316346,-0.5493802015009297,-0.19166835736539725,-0.12521717264660734
135,comp_specific,3,-0.1262748304728455,-0.3019148534248729,0.04936519247918189,-0.017153056075554753
135,comp_specific,4,0.4265649344940996,-0.4061680238343526,1.2592978928225518,0.3262281100543699
135,comp_specific,5,0.003171591699530435,-0.2785859111026219,0.2849290945016828,0.0527896865214359
135,adaptshrink,1,-1.0180477558117405,-1.335224495728502,-0.700871015894979,-0.9014394638118345
135,adaptshrink,2,-0.37648369906159007,-0.6694676845483181,-0.08349971357486213,-0.12521717264660734
135,adaptshrink,3,-0.11387155831142848,-0.35366023906001764,0.12591712243716066,-0.017153056075554753
135,adaptshrink,4,0.41885928628706504,-0.14706703050772296,0.984785603081853,0.3262281100543699
135,adaptshrink,5,-0.004065789200258602,-0.30009624124834056,0.2919646628478233,0.0527896865214359
136,common_DL,1,-0.24142003648162247,-0.7838639223623913,0.3010238493991464,-0.1542211522506485
136,common_DL,2,-1.466724626637575,-1.9859647417097217,-0.9474845115654285,-1.344660292528546
136,common_DL,3,0.47902544096091276,-0.005725062168656203,0.9637759440904817,0.6062588759414823
136,common_DL,4,-0.30199704343339007,-0.829373932243724,0.2253798453769439,-0.017325887882060916
136,common_DL,5,-1.168559587420469,-1.7670454264283264,-0.5700737484126116,-0.9221015718267216
136,comp_specific,1,-0.20638818266100478,-0.4046772463033051,-0.00809911901870447,-0.1542211522506485
136,comp_specific,2,-1.4642020000936702,-2.217089638595329,-0.711314361592011,-1.344660292528546
136,comp_specific,3,0.4354054283068852,0.2530062520690346,0.6178046045447358,0.6062588759414823
136,comp_specific,4,-0.30295538574641445,-0.8365504514587698,0.23063967996594092,-0.017325887882060916
136,comp_specific,5,-1.137928668231004,-1.6484364419671909,-0.627420894494817,-0.9221015718267216
136,adaptshrink,1,-0.23882542388424757,-0.698821487675118,0.22117063990662286,-0.1542211522506485
136,adaptshrink,2,-1.4654441949093786,-2.072697749331788,-0.8581906404869694,-1.344660292528546
136,adaptshrink,3,0.4703259501451243,0.0787775998455939,0.8618743004446547,0.6062588759414823
136,adaptshrink,4,-0.30241393745283796,-0.832465631087925,0.22763775618224913,-0.017325887882060916
136,adaptshrink,5,-1.1604102101923432,-1.7315826165110217,-0.5892378038736648,-0.9221015718267216
137,common_DL,1,0.17855269327551182,-0.180507838685454,0.5376132252364776,0.06511184902938798
137,common_DL,2,-0.041880929658659,-0.5048734192581382,0.4211115599408203,-0.033926975507258435
137,common_DL,3,0.2089847755516484,-0.29478555278358853,0.7127551038868853,0.13185554906135585
137,common_DL,4,0.6518459080652748,0.25262350716722526,1.0510683089633241,0.8847534923130987
137,common_DL,5,-0.23726062748303575,-0.7150774868204569,0.24055623185438543,-0.2291197827876181
137,comp_specific,1,0.1590704518694786,0.019900463435733456,0.2982404403032237,0.06511184902938798
137,comp_specific,2,-0.09549053928033531,-0.9497564766553056,0.7587753980946349,-0.033926975507258435
137,comp_specific,3,0.18969697089299858,-0.025675178215168848,0.405069120001166,0.13185554906135585
137,comp_specific,4,0.652650962722081,0.2404946603192853,1.0648072651248768,0.8847534923130987
137,comp_specific,5,-0.23685180312173792,-0.7095558322867572,0.23585222604328143,-0.2291197827876181
137,adaptshrink,1,0.17225652274587827,-0.10305683260561144,0.447569878097368,0.06511184902938798
137,adaptshrink,2,-0.0746569305467779,-0.6966528338092214,0.5473389727156656,-0.033926975507258435
137,adaptshrink,3,0.203497701241259,-0.23458090936855003,0.641576311851068,0.13185554906135585
137,adaptshrink,4,0.6522459616604682,0.2464930262301614,1.057998897090775,0.8847534923130987
137,adaptshrink,5,-0.23708687893073055,-0.7127203131283419,0.2385465552668809,-0.2291197827876181
138,common_DL,1,0.34195481872535977,-0.10487127877211133,0.7887809162228309,0.4514800380747401
138,common_DL,2,0.3210466609290826,-0.036545910880384336,0.6786392327385495,0.29509801539587255
138,common_DL,3,0.8129502911965139,0.3536022770254063,1.2722983053676213,0.9310913692049584
138,common_DL,4,-0.20598609308354743,-0.5942005698911564,0.18222838372406158,0.35367729666005043
138,common_DL,5,0.3466429306583373,-0.15492297688880985,0.8482088382054844,0.4613121431132909
138,comp_specific,1,0.3620164871334929,0.178774465743827,0.5452585085231587,0.4514800380747401
138,comp_specific,2,0.3453855003970028,-0.09658599596385598,0.7873569967578615,0.29509801539587255
138,comp_specific,3,0.8330256444207007,0.586044151863628,1.0800071369777733,0.9310913692049584
138,comp_specific,4,-0.21258193103508832,-0.688517386629553,0.26335352455937633,0.35367729666005043
138,comp_specific,5,0.34653027357447913,-0.15458724608069468,0.8476477932296529,0.4613121431132909
138,adaptshrink,1,0.34321716422981235,-0.042435413888123885,0.7288697423477486,0.4514800380747401
138,adaptshrink,2,0.33484801288418153,-0.06761736340398278,0.7373133891723458,0.29509801539587255
138,adaptshrink,3,0.8162431524150668,0.41318173034685024,1.2193045744832833,0.9310913692049584
138,adaptshrink,4,-0.2100544284711321,-0.6445555501345568,0.22444669319229266,0.35367729666005043
138,adaptshrink,5,0.3466054229712677,-0.1548110722453227,0.8480219181878581,0.4613121431132909
139,common_DL,1,0.23762836174913748,-0.09007197686559903,0.5653287003638741,0.19257053993677778
139,common_DL,2,-0.6101147374960961,-0.9915107342957756,-0.22871874069641668,-0.420735940183648
139,common_DL,3,0.08025437305488799,-0.29777986943320284,0.4582886155429788,-0.008536334274931532
139,common_DL,4,-0.36102022820252877,-0.7447915630616432,0.02275110665658564,-0.3427483388300104
139,common_DL,5,0.04847601525123084,-0.30323687577711744,0.40018890627957915,0.17500690142819075
139,comp_specific,1,0.21903612342274523,-0.037928450222391635,0.47600069706788206,0.19257053993677778
139,comp_specific,2,-0.567503442075069,-1.1102831138423788,-0.024723770307759185,-0.420735940183648
139,comp_specific,3,0.034765060228784395,-0.26596312811791023,0.335493248575479,-0.008536334274931532
139,comp_specific,4,-0.3209607266064096,-0.936242346778038,0.29432089356521873,-0.3427483388300104
139,comp_specific,5,0.0561144584394081,-0.08715823094520483,0.19938714782402103,0.17500690142819075
139,adaptshrink,1,0.2294680905193455,-0.06543126396537716,0.5243674450040682,0.19257053993677778
139,adaptshrink,2,-0.5836195834863911,-1.042212533849073,-0.12502663312370904,-0.420735940183648
139,adaptshrink,3,0.06395381561479296,-0.2839230522170595,0.4118306834466454,-0.008536334274931532
139,adaptshrink,4,-0.33464801021447543,-0.8319770664098789,0.16268104598092803,-0.3427483388300104
139,adaptshrink,5,0.0519235451747537,-0.22801662909274475,0.3318637194422521,0.17500690142819075
140,common_DL,1,0.4632472788883534,-0.007378124174508949,0.9338726819512158,0.31118835910242015
140,common_DL,2,-0.3071446699758191,-0.8101324071154818,0.19584306716384364,-0.34276788977371403
140,common_DL,3,0.24558934840191815,-0.31411727054825633,0.8052959673520926,0.3429881671007015
140,common_DL,4,0.37957607785277936,-0.16836300185281916,0.9275151575583779,0.4185981371179045
140,common_DL,5,0.8537998398690743,0.3027549290641738,1.4048447506739747,0.9257481258410354
140,comp_specific,1,0.46300203728664524,-0.004831109878601358,0.9308351844518918,0.31118835910242015
140,comp_specific,2,-0.2918074027551192,-0.8820194544352034,0.298404648924965,-0.34276788977371403
140,comp_specific,3,0.23006227823984393,-0.16568366438857307,0.6258082208682609,0.3429881671007015
140,comp_specific,4,0.3579312396713358,-0.29688630730013676,1.0127487866428084,0.4185981371179045
140,comp_specific,5,0.8928906667659811,0.5724775096639381,1.213303823868024,0.9257481258410354
140,adaptshrink,1,0.46314294202262574,-0.006288308290789746,0.9325741923360412,0.31118835910242015
140,adaptshrink,2,-0.30103950480429514,-0.8348207798495892,0.232741770240999,-0.34276788977371403
140,adaptshrink,3,0.24308804004614626,-0.2701033126810449,0.7562793927733374,0.3429881671007015
140,adaptshrink,4,0.37040395449835767,-0.21570711312575414,0.9565150221224694,0.4185981371179045
140,adaptshrink,5,0.8601103758218536,0.37221127005779336,1.3480094815859138,0.9257481258410354
141,common_DL,1,0.7426453668831716,0.31918850985918606,1.1661022239071572,0.5450042513151264
141,common_DL,2,-0.3442469958142391,-0.9331775624186737,0.24468357079019543,-0.821730104555736
141,common_DL,3,-0.35014328366326586,-0.967610449273362,0.2673238819468303,-0.47476663572530986
141,common_DL,4,0.09884700666165283,-0.3917932830565959,0.5894872963799015,-0.023687292331459657
141,common_DL,5,-1.01854967291315,-1.580587385407318,-0.456511960418982,-0.8901622678988979
141,comp_specific,1,0.7224821869371509,0.5435523528312631,0.9014120210430387,0.5450042513151264
141,comp_specific,2,-0.3274914837925761,-1.2766867305968652,0.621703763011713,-0.821730104555736
141,comp_specific,3,-0.38148196968363746,-1.2576336432379862,0.4946697038707114,-0.47476663572530986
141,comp_specific,4,0.10689873098911903,-0.45896119132634716,0.6727586533045853,-0.023687292331459657
141,comp_specific,5,-1.0175629713659078,-1.5751084981191328,-0.4600174446126827,-0.8901622678988979
141,adaptshrink,1,0.7395897202806523,0.40667423740651354,1.072505203154791,0.5450042513151264
141,adaptshrink,2,-0.33542901226227007,-1.0649614567220076,0.3941034321974676,-0.821730104555736
141,adaptshrink,3,-0.3658467616312555,-1.0803800100116314,0.3486864867491205,-0.47476663572530986
141,adaptshrink,4,0.10265706837863259,-0.42170517426661164,0.6270193110238769,-0.023687292331459657
141,adaptshrink,5,-1.0182240370289488,-1.578768926701236,-0.4576791473566616,-0.8901622678988979
142,common_DL,1,-0.6237696784289553,-1.0703828034505796,-0.17715655340733094,-0.6152023364372636
142,common_DL,2,0.4333445969132346,-0.12188026884857511,0.9885694626750443,0.3854275065667449
142,common_DL,3,0.3991211648142679,-0.0253590538417085,0.8236013834702443,0.35932154477897227
142,common_DL,4,-0.09897281123239351,-0.5826427759141299,0.38469715344934285,0.1354961946269986
142,common_DL,5,-0.5860684358239613,-1.1321233771356234,-0.040013494512299186,-0.26986958586196425
142,comp_specific,1,-0.6219640335275551,-1.0152621100867798,-0.22866595696833053,-0.6152023364372636
142,comp_specific,2,0.43646756812340204,-0.6272148856013038,1.5001500218481079,0.3854275065667449
142,comp_specific,3,0.38704773529160147,0.18436670821780748,0.5897287623653955,0.35932154477897227
142,comp_specific,4,-0.07189500590832582,-0.638897299433062,0.4951072876164104,0.1354961946269986
142,comp_specific,5,-0.5127457458613036,-0.8379329589816622,-0.18755853274094503,-0.26986958586196425
142,adaptshrink,1,-0.6232644465847604,-1.0479510293032828,-0.1985778638662382,-0.6152023364372636
142,adaptshrink,2,0.43200788133451584,-0.3335990399803046,1.1976148026493363,0.3854275065667449
142,adaptshrink,3,0.3964231109577345,0.0467739108906714,0.7460723110247977,0.35932154477897227
142,adaptshrink,4,-0.08850280193165531,-0.601675540647808,0.42466993678449744,0.1354961946269986
142,adaptshrink,5,-0.5747917230268857,-1.0628466376678976,-0.08673680838587383,-0.26986958586196425
143,common_DL,1,-0.478828960711367,-0.722407870148903,-0.23525005127383103,-0.5957955218282773
143,common_DL,2,0.20571358924680666,-0.1536882466381897,0.565115425131803,0.060217804918310414
143,common_DL,3,0.1877699782882281,-0.07842733766702359,0.4539672942434798,0.01053333143641635
143,common_DL,4,-0.6240294600180272,-0.8246135050174455,-0.4234454150186089,-0.4372989589866256
143,common_DL,5,-0.5832724782768833,-0.76959037793993,-0.3969545786138367,-0.5697046289266836
143,comp_specific,1,-0.4788289607113664,-0.7224078701489023,-0.23525005127383047,-0.5957955218282773
143,comp_specific,2,0.2057135892468068,-0.1536882466381895,0.5651154251318031,0.060217804918310414
143,comp_specific,3,0.18776997828822847,-0.07842733766702317,0.45396729424348015,0.01053333143641635
143,comp_specific,4,-0.46825053145083384,-0.8530213499638398,-0.08347971293782785,-0.4372989589866256
143,comp_specific,5,-0.5832724782768829,-0.7695903779399295,-0.3969545786138363,-0.5697046289266836
143,adaptshrink,1,-0.4788289607113665,-0.7224078701489024,-0.23525005127383058,-0.5957955218282773
143,adaptshrink,2,0.20571358924680624,-0.15368824663819,0.5651154251318025,0.060217804918310414
143,adaptshrink,3,0.18776997828822853,-0.07842733766702317,0.45396729424348026,0.01053333143641635
143,adaptshrink,4,-0.5203962029833646,-0.8234184387195342,-0.217373967247195,-0.4372989589866256
143,adaptshrink,5,-0.5832724782768831,-0.7695903779399297,-0.39695457861383654,-0.5697046289266836
144,common_DL,1,0.4837280207079104,0.026740373197499,0.9407156682183218,0.24823846663747345
144,common_DL,2,-0.08834526061826731,-0.5426774327933752,0.3659869115568406,-0.004516415475005863
144,common_DL,3,-0.34946221368068275,-0.895666436765907,0.19674200940454145,-0.373138967190144
144,common_DL,4,0.5835331791844979,0.1210408666966683,1.0460254916723275,0.42927403534497205
144,common_DL,5,0.6233279045297526,0.007233150711422165,1.239422658348083,0.49255961831673145
144,comp_specific,1,0.3990381514164908,0.2304328706157296,0.567643432217252,0.24823846663747345
144,comp_specific,2,-0.1151996416642834,-0.766319221754288,0.5359199384257212,-0.004516415475005863
144,comp_specific,3,-0.4170793373776156,-0.7136848291490061,-0.12047384560622504,-0.373138967190144
144,comp_specific,4,0.5738261817832602,0.009139846937300744,1.1385125166292196,0.42927403534497205
144,comp_specific,5,0.6613400781754832,0.36120191405037144,0.961478242300595,0.49255961831673145
144,adaptshrink,1,0.4663108064605253,0.11140881609880654,0.821212796822244,0.24823846663747345
144,adaptshrink,2,-0.10680979798873735,-0.6686198054084532,0.4550002094309785,-0.004516415475005863
144,adaptshrink,3,-0.3627705079156217,-0.8225801274689659,0.09703911163772244,-0.373138967190144
144,adaptshrink,4,0.5776827988870448,0.06136996149607277,1.0939956362780168,0.42927403534497205
144,adaptshrink,5,0.6289185828509358,0.091571683526811,1.1662654821750607,0.49255961831673145
145,common_DL,1,0.9649136873320888,0.6920806353259051,1.2377467393382724,0.969380020699344
145,common_DL,2,0.5710002636120571,0.37420947237417246,0.7677910548499418,0.3151709934200284
145,common_DL,3,-0.14831241100498713,-0.37175485414147436,0.0751300321315001,0.01495742114884309
145,common_DL,4,-0.5758686136946898,-0.8700778081947482,-0.2816594191946314,-0.4303798677860911
145,common_DL,5,0.3669100480072137,0.09646271325440076,0.6373573827600267,0.3880224806912706
145,comp_specific,1,0.9556648887208714,0.7051542264868071,1.2061755509549357,0.969380020699344
145,comp_specific,2,0.5817748436662691,0.30858927114279694,0.8549604161897413,0.3151709934200284
145,comp_specific,3,-0.13402313046309317,-0.32308180420605115,0.055035543279864846,0.01495742114884309
145,comp_specific,4,-0.5499291644877415,-0.878227131831524,-0.221631197143959,-0.4303798677860911
145,comp_specific,5,0.3685092851263153,0.09464769041892585,0.6423708798337048,0.3880224806912706
145,adaptshrink,1,0.9607053040554361,0.6985087438419374,1.2229018642689349,0.969380020699344
145,adaptshrink,2,0.5760606897665577,0.3360752466594453,0.81604613287367,0.3151709934200284
145,adaptshrink,3,-0.14316850258306024,-0.35317984453958057,0.06684283937346008,0.01495742114884309
145,adaptshrink,4,-0.5635677732568889,-0.8733182131659561,-0.25381733334782164,-0.4303798677860911
145,adaptshrink,5,0.3674490200290299,0.09585475535960986,0.63904328469845,0.3880224806912706
146,common_DL,1,-0.23926845714648748,-0.5066531415621838,0.02811622726920887,-0.2077487132720355
146,common_DL,2,0.03369817279418025,-0.31554237472894414,0.38293872031730464,0.3144438468619302
146,common_DL,3,-0.6140283628933274,-0.8879436392826721,-0.34011308650398275,-0.6614355913634961
146,common_DL,4,0.01713112384068538,-0.2509564727231329,0.28521872040450363,-0.021069534802415527
146,common_DL,5,-0.47310675384183964,-0.7985383006232412,-0.14767520706043813,-0.44649929850776077
146,comp_specific,1,-0.23533236757210907,-0.4189417323373061,-0.051723002806912055,-0.2077487132720355
146,comp_specific,2,0.040920229200239244,-0.27056468744143225,0.35240514584191074,0.3144438468619302
146,comp_specific,3,-0.6589532528037618,-0.8372087183113637,-0.48069778729616,-0.6614355913634961
146,comp_specific,4,0.044960618807684594,-0.38962806057814303,0.4795492981935122,-0.021069534802415527
146,comp_specific,5,-0.47221069075303174,-0.7954769062699548,-0.14894447523610865,-0.44649929850776077
146,adaptshrink,1,-0.23817507480389438,-0.474309727314839,-0.002040422292949734,-0.2077487132720355
146,adaptshrink,2,0.03642700492443715,-0.2972162765643076,0.37007028641318196,0.3144438468619302
146,adaptshrink,3,-0.6293828591054562,-0.8692920117756863,-0.38947370643522616,-0.6614355913634961
146,adaptshrink,4,0.04243421123719343,-0.3234339358851761,0.40830235835956297,-0.021069534802415527
146,adaptshrink,5,-0.4728101821019948,-0.7975221605773549,-0.14809820362663473,-0.44649929850776077
147,common_DL,1,-0.5023572545777665,-0.7844242517197177,-0.22029025743581526,-0.3314200879145562
147,common_DL,2,-1.3438890708772055,-1.6674955581323077,-1.0202825836221034,-1.363663701984761
147,common_DL,3,-0.07015851453239952,-0.4528015656633329,0.31248453659853387,-0.21311075130561727
147,common_DL,4,-0.20486885066324023,-0.5943457920991646,0.1846080907726842,-0.1579210142760059
147,common_DL,5,0.12895114048834583,-0.1670357013106653,0.42493798228735696,0.150594152757566
147,comp_specific,1,-0.5217264895438736,-0.7281186718728874,-0.3153343072148598,-0.3314200879145562
147,comp_specific,2,-1.401609805059599,-1.9846002319251856,-0.8186193781940124,-1.363663701984761
147,comp_specific,3,-0.06276062918256431,-0.3729695069325998,0.24744824856747116,-0.21311075130561727
147,comp_specific,4,-0.18557814113488405,-0.6283658059991771,0.2572095237294091,-0.1579210142760059
147,comp_specific,5,0.1349215565348046,-0.05037904707645621,0.3202221601460654,0.150594152757566
147,adaptshrink,1,-0.5085154213456881,-0.7580111699125913,-0.25901967277878474,-0.3314200879145562
147,adaptshrink,2,-1.3804125514418417,-1.8100338406189607,-0.9507912622647228,-1.363663701984761
147,adaptshrink,3,-0.06761244870676153,-0.42168575574758876,0.2864608583340657,-0.21311075130561727
147,adaptshrink,4,-0.1955802010120429,-0.6089491856657044,0.21778878364161866,-0.1579210142760059
147,adaptshrink,5,0.12991687268918045,-0.1267546570786694,0.3865884024570303,0.150594152757566
148,common_DL,1,0.1682276924755356,-0.09823602010819138,0.43469140505926257,0.14444365676328857
148,common_DL,2,0.23912285802764333,-0.13147823147226817,0.6097239475275549,0.07101459243042708
148,common_DL,3,-0.0835155308803963,-0.4516666027128055,0.2846355409520129,-0.1984236193212258
148,common_DL,4,0.5205622245239863,0.23284603430952516,0.8082784147384474,0.29635824085093665
148,common_DL,5,-0.6697162414930826,-0.9328843558544457,-0.40654812713171945,-0.6747643876557776
148,comp_specific,1,0.136980739332336,-0.02860263464830809,0.3025641133129801,0.14444365676328857
148,comp_specific,2,0.2429356107144247,-0.06656024178853603,0.5524314632173855,0.07101459243042708
148,comp_specific,3,0.01808747941662886,-0.6575575167633261,0.6937324755965839,-0.1984236193212258
148,comp_specific,4,0.4906860869612293,0.10415849777446129,0.8772136761479973,0.29635824085093665
148,comp_specific,5,-0.6403369249900968,-0.8409965340541439,-0.4396773159260496,-0.6747643876557776
148,adaptshrink,1,0.15852550941743673,-0.07082909712668445,0.3878801159615579,0.14444365676328857
148,adaptshrink,2,0.24093124497169194,-0.106024737615794,0.5878872275591779,0.07101459243042708
148,adaptshrink,3,-0.016848229805798004,-0.5158286917965257,0.4821322321849296,-0.1984236193212258
148,adaptshrink,4,0.5017586456061727,0.15929409784704002,0.8442231933653053,0.29635824085093665
148,adaptshrink,5,-0.6589053686768849,-0.8939330189148871,-0.42387771843888267,-0.6747643876557776
149,common_DL,1,0.6948486787943886,0.19053161049015277,1.1991657470986246,0.41080091940273955
149,common_DL,2,-0.07634143264837301,-0.6388030323369068,0.4861201670401608,-0.07081619231301453
149,common_DL,3,0.3137337516912235,-0.1503013499125192,0.7777688532949661,0.1815135595960138
149,common_DL,4,0.2000053567996056,-0.23809139680298871,0.6381021104021999,0.0105570697959319
149,common_DL,5,-0.1861277535856547,-0.6948008418655858,0.3225453346942764,-0.19681202443126353
149,comp_specific,1,0.6728215720140097,0.26723212087103904,1.0784110231569803,0.41080091940273955
149,comp_specific,2,-0.09623882360102634,-0.4222308885925199,0.22975324139046718,-0.07081619231301453
149,comp_specific,3,0.3210190391291148,0.010221711767361086,0.6318163664908685,0.1815135595960138
149,comp_specific,4,0.16414060922516427,-0.4765430623194121,0.8048242807697407,0.0105570697959319
149,comp_specific,5,-0.1840541616401918,-0.7096748030797932,0.3415664797994096,-0.19681202443126353
149,adaptshrink,1,0.6872599227589313,0.2224420477828007,1.152077797735062,0.41080091940273955
149,adaptshrink,2,-0.07867910176981116,-0.5797065788364937,0.4223483752968713,-0.07081619231301453
149,adaptshrink,3,0.3158682941028429,-0.08145721190424393,0.7131938001099297,0.1815135595960138
149,adaptshrink,4,0.17772849065071922,-0.3570155842203902,0.7124725655218287,0.0105570697959319
149,adaptshrink,5,-0.18541649098517682,-0.6998078940495669,0.3289749120792132,-0.19681202443126353
150,common_DL,1,0.7313604910202839,0.4223035972556031,1.0404173847849647,0.764912887070381
150,common_DL,2,0.7028187970346627,0.33061259131571685,1.0750250027536086,0.7901359160166699
150,common_DL,3,-0.5689706934242444,-0.8809163059528331,-0.2570250808956558,-0.46124578869071836
150,common_DL,4,-0.3622991502164037,-0.7150611671639879,-0.009537133268819387,-0.4293073273400117
150,common_DL,5,-0.29065349213360536,-0.6077280089964475,0.026421024729236797,-0.22508009667943954
150,comp_specific,1,0.7314715736388926,0.42197346116513584,1.0409696861126494,0.764912887070381
150,comp_specific,2,0.6736267402498604,-0.10134294223523366,1.4485964227349544,0.7901359160166699
150,comp_specific,3,-0.6147936023146372,-0.7747057143994648,-0.4548814902298096,-0.46124578869071836
150,comp_specific,4,-0.2994560449703647,-0.528039354109699,-0.07087273583103032,-0.4293073273400117
150,comp_specific,5,-0.32246229986341307,-0.4948903982333426,-0.15003420149348354,-0.22508009667943954
150,adaptshrink,1,0.7314161492867897,0.42213853856737993,1.0406937600061994,0.764912887070381
150,adaptshrink,2,0.672787175961078,0.08718028618548634,1.2583940657366695,0.7901359160166699
150,adaptshrink,3,-0.5790304413700917,-0.8406831269546883,-0.3173777557854952,-0.46124578869071836
150,adaptshrink,4,-0.3428132508097014,-0.6514712933395481,-0.034155208279854576,-0.4293073273400117
150,adaptshrink,5,-0.2978013568419566,-0.5656531146558094,-0.02994959902810379,-0.22508009667943954
151,common_DL,1,0.9564258393337817,0.7235418476972062,1.1893098309703571,0.8606804554604388
151,common_DL,2,-0.010124161695006212,-0.41443508970602594,0.39418676631601357,-0.1010921993215122
151,common_DL,3,-0.09030389240912626,-0.3862647674883206,0.20565698267006807,-0.27608307714215985
151,common_DL,4,-0.08408136032540792,-0.3253455464799787,0.15718282582916288,-0.2423732608027093
151,common_DL,5,-0.8371633973247037,-1.000664497216465,-0.6736622974329423,-0.7504607347842372
151,comp_specific,1,0.9635280149786797,0.7453617618633416,1.181694268094018,0.8606804554604388
151,comp_specific,2,-0.05032717211084148,-0.6745737900242779,0.5739194458025949,-0.1010921993215122
151,comp_specific,3,-0.0905657850642793,-0.37504275911801116,0.19391118898945253,-0.27608307714215985
151,comp_specific,4,-0.11868180650234178,-0.43368780559272196,0.1963241925880384,-0.2423732608027093
151,comp_specific,5,-0.837356345433725,-0.9847474064702582,-0.6899652843971917,-0.7504607347842372
151,adaptshrink,1,0.9593342937199327,0.7325583536502474,1.186110233789618,0.8606804554604388
151,adaptshrink,2,-0.03173904541020639,-0.5212860453087687,0.4578079544883559,-0.1010921993215122
151,adaptshrink,3,-0.09038198110267673,-0.38153179250040203,0.2007678302950486,-0.27608307714215985
151,adaptshrink,4,-0.10697384313225422,-0.3888555136477079,0.17490782738319943,-0.2423732608027093
151,adaptshrink,5,-0.8373043418950983,-0.9941734456456823,-0.6804352381445142,-0.7504607347842372
152,common_DL,1,0.6713631945596834,0.34193945846176316,1.0007869306576036,0.629028579839719
152,common_DL,2,-1.146493953057702,-1.6492123181030085,-0.6437755880123956,-0.4530059136230141
152,common_DL,3,0.5393163585076317,0.13825764963058534,0.940375067384678,0.5347035902204627
152,common_DL,4,-0.02054552450789303,-0.4265860853263341,0.385495036310548,0.4198071620980656
152,common_DL,5,-0.5397688823120299,-0.9106769925064976,-0.16886077211756223,-0.4504757135427129
152,comp_specific,1,0.7130994304909889,0.537575314021628,0.8886235469603498,0.629028579839719
152,comp_specific,2,-1.149785625404417,-1.5008100186901432,-0.7987612321186908,-0.4530059136230141
152,comp_specific,3,0.5918163795193797,0.40350350816848807,0.7801292508702713,0.5347035902204627
152,comp_specific,4,-0.06351426555469422,-0.9193583359233904,0.7923298048140021,0.4198071620980656
152,comp_specific,5,-0.5949700522890883,-0.8337812473433297,-0.35615885723484686,-0.4504757135427129
152,adaptshrink,1,0.6824420719931508,0.41361703030659347,0.9512671136797081,0.629028579839719
152,adaptshrink,2,-1.1471281907778115,-1.6081430513148014,-0.6861133302408216,-0.4530059136230141
152,adaptshrink,3,0.5469827677039916,0.19702354156475543,0.8969419938432277,0.5347035902204627
152,adaptshrink,4,-0.05130386968806702,-0.6476770683738577,0.5450693289977238,0.4198071620980656
152,adaptshrink,5,-0.5563132582547037,-0.873799110127402,-0.2388274063820054,-0.4504757135427129
153,common_DL,1,0.3027424318875975,-0.1942850621081293,0.7997699258833242,0.2432890793761984
153,common_DL,2,0.8083461303612304,0.2506632601982999,1.3660290005241609,0.9247615946022193
153,common_DL,3,0.0728831032464814,-0.46338529610437007,0.6091515025973329,0.2285655755762635
153,common_DL,4,-0.3357213324988253,-0.7114269565094644,0.03998429151181382,-0.4643332252745655
153,common_DL,5,0.19841594573001525,-0.26638800412745856,0.6632198955874891,0.2714321330577319
153,comp_specific,1,0.2784110899713479,0.06479908241926505,0.49202309752343076,0.2432890793761984
153,comp_specific,2,0.808163150809446,0.15611543953312657,1.4602108620857654,0.9247615946022193
153,comp_specific,3,0.0936929790133643,-0.2077834902504303,0.39516944827715894,0.2285655755762635
153,comp_specific,4,-0.33429140306326854,-0.8046652500604505,0.1360824439339134,-0.4643332252745655
153,comp_specific,5,0.19756845733047423,-0.23320131710282443,0.6283382317637729,0.2714321330577319
153,adaptshrink,1,0.2997339380742013,-0.12715389071630118,0.7266217668647037,0.2432890793761984
153,adaptshrink,2,0.8082929396998351,0.2174117641172144,1.3991741152824557,0.9247615946022193
153,adaptshrink,3,0.0755461046568997,-0.39691591769306234,0.5480081270068617,0.2285655755762635
153,adaptshrink,4,-0.3349078049347269,-0.7606638610334607,0.09084825116400697,-0.4643332252745655
153,adaptshrink,5,0.19809146580324155,-0.25247757988360736,0.6486605114900905,0.2714321330577319
154,common_DL,1,-0.008464413208319366,-0.24515937441859162,0.2282305480019529,0.032913065105990985
154,common_DL,2,0.22407510986590576,0.026448432066214222,0.4217017876655973,-0.14910249672975937
154,common_DL,3,-0.1775312042336308,-0.4397114918581826,0.08464908339092095,-0.25989453408977614
154,common_DL,4,0.6602185714549166,0.3180161664378977,1.0024209764719354,0.42965231638295504
154,common_DL,5,0.576009675146775,0.3783103539285536,0.7737089963649965,0.5449297826640932
154,comp_specific,1,-0.008464413208320337,-0.24515937441859267,0.228230548001952,0.032913065105990985
154,comp_specific,2,0.2240751098659039,0.0264484320662125,0.4217017876655953,-0.14910249672975937
154,comp_specific,3,-0.1871031975989086,-0.6080608764974352,0.23385448129961806,-0.25989453408977614
154,comp_specific,4,0.7504828723689575,0.19292777717683285,1.308037967561082,0.42965231638295504
154,comp_specific,5,0.5760096751467743,0.3783103539285527,0.7737089963649958,0.5449297826640932
154,adaptshrink,1,-0.008464413208320587,-0.24515937441859298,0.2282305480019518,0.032913065105990985
154,adaptshrink,2,0.2240751098659048,0.026448432066213307,0.4217017876655963,-0.14910249672975937
154,adaptshrink,3,-0.1846769354963722,-0.5295680267245428,0.16021415573179848,-0.25989453408977614
154,adaptshrink,4,0.7127574483709396,0.282333097992057,1.143181798749822,0.42965231638295504
154,adaptshrink,5,0.5760096751467737,0.3783103539285523,0.7737089963649951,0.5449297826640932
155,common_DL,1,-0.018295300947510446,-0.46038347232988497,0.423792870434864,-0.27813949594462156
155,common_DL,2,0.4720402807991501,0.009749370372020116,0.9343311912262802,0.5338770195867784
155,common_DL,3,0.4940558602730668,0.07600441237365096,0.9121073081724826,0.3298996142384418
155,common_DL,4,0.30573030275995755,-0.04142377834904215,0.6528843838689573,0.3402783935068352
155,common_DL,5,-0.11756416525883973,-0.5197251284509092,0.2845967979332298,0.015155937930077964
155,comp_specific,1,-0.03221155586525751,-0.30040036964294203,0.23597725791242705,-0.27813949594462156
155,comp_specific,2,0.5172922967526777,-0.19538189973896192,1.2299664932443175,0.5338770195867784
155,comp_specific,3,0.5166347186760138,0.26579804866291507,0.7674713886891127,0.3298996142384418
155,comp_specific,4,0.32315506228390967,-0.1550672202730089,0.8013773448408282,0.3402783935068352
155,comp_specific,5,-0.1702032504333801,-0.3207796213017384,-0.019626879565021793,0.015155937930077964
155,adaptshrink,1,-0.02041908410210788,-0.41421968480298155,0.37338151659876584,-0.27813949594462156
155,adaptshrink,2,0.49574640046478236,-0.06407018529374953,1.0555629862233142,0.5338770195867784
155,adaptshrink,3,0.5037271335158654,0.14234864377542128,0.8651056232563095,0.3298996142384418
155,adaptshrink,4,0.31747384573994053,-0.10149287333296364,0.7364405648128447,0.3402783935068352
155,adaptshrink,5,-0.12747166575162863,-0.4713546324212363,0.21641130091797903,0.015155937930077964
156,common_DL,1,-0.054182706817594406,-0.5671167507664804,0.45875133713129157,-0.2753524493307523
156,common_DL,2,-0.25617005212692806,-0.7231006018762625,0.21076049762240628,-0.04154999618810379
156,common_DL,3,-1.2050166110386087,-1.6728793524714676,-0.7371538696057499,-1.0967462435013928
156,common_DL,4,-0.3618536245752002,-0.8476104230035141,0.12390317385311367,-0.19485895864437747
156,common_DL,5,-0.2538636113696768,-0.6931105619932503,0.18538333925389666,-0.2590133845396347
156,comp_specific,1,-0.08842014760756794,-0.45287534755581466,0.27603505234067877,-0.2753524493307523
156,comp_specific,2,-0.2553667720184457,-0.6334600627094683,0.12272651867257689,-0.04154999618810379
156,comp_specific,3,-1.1232175544236662,-1.322239515800792,-0.9241955930465405,-1.0967462435013928
156,comp_specific,4,-0.46040897029437183,-1.4085723598700943,0.4877544192813506,-0.19485895864437747
156,comp_specific,5,-0.2590701266585353,-0.5445988538183996,0.026458600501328977,-0.2590133845396347
156,adaptshrink,1,-0.060864167643581435,-0.5303783300989413,0.40864999481177844,-0.2753524493307523
156,adaptshrink,2,-0.25597118326286045,-0.6952905933128533,0.18334822678713236,-0.04154999618810379
156,adaptshrink,3,-1.1936308813084082,-1.5816750392764796,-0.8055867233403369,-1.0967462435013928
156,adaptshrink,4,-0.43669288861146727,-1.159700169051859,0.2863143918289244,-0.19485895864437747
156,adaptshrink,5,-0.2555296909372758,-0.6260870431763321,0.1150276613017806,-0.2590133845396347
157,common_DL,1,0.313949507833739,-0.10008806492389655,0.7279870805913745,0.21664830547209915
157,common_DL,2,-0.8326660883865619,-1.2656240997418846,-0.3997080770312391,-0.5898457378172669
157,common_DL,3,1.1463874732332515,0.6859327782717559,1.6068421681947471,1.1490763688081478
157,common_DL,4,0.45683359776414456,-0.05581624509041083,0.9694834406187,0.11276550214033453
157,common_DL,5,0.45920581330802734,-0.028791747011122526,0.9472033736271772,0.5468840364328948
157,comp_specific,1,0.3144913274066784,0.060268660343428426,0.5687139944699284,0.21664830547209915
157,comp_specific,2,-0.8247906001707868,-1.2213490226751282,-0.4282321776664452,-0.5898457378172669
157,comp_specific,3,1.1566928309741435,0.787465708690753,1.525919953257534,1.1490763688081478
157,comp_specific,4,0.5979745654126103,-0.4105815632080567,1.6065306940332773,0.11276550214033453
157,comp_specific,5,0.49927525023937586,0.29009343771366325,0.7084570627650885,0.5468840364328948
157,adaptshrink,1,0.31232756273297907,-0.04433195828528169,0.6689870837512398,0.21664830547209915
157,adaptshrink,2,-0.8296907836527209,-1.2475109965289546,-0.41187057077648725,-0.5898457378172669
157,adaptshrink,3,1.1494457855706472,0.7168211617137104,1.5820704094275841,1.1490763688081478
157,adaptshrink,4,0.5470748558775627,-0.17291439486614124,1.2670641066212665,0.11276550214033453
157,adaptshrink,5,0.4650991136508008,0.03579921203925762,0.894399015262344,0.5468840364328948
158,common_DL,1,0.26615767177578575,0.017835021720438243,0.5144803218311332,0.2048123968870878
158,common_DL,2,-0.3766041530893385,-0.6050266076934214,-0.1481816984852555,-0.3745485787997311
158,common_DL,3,-0.6338749985357846,-0.8754988664828136,-0.3922511305887555,-0.32946436070005425
158,common_DL,4,0.19695785368656976,-0.06290182749824597,0.4568175348713855,0.20521196910155604
158,common_DL,5,0.17850320278717874,-0.09560510286990931,0.4526115084442668,0.16153260000089348
158,comp_specific,1,0.254019256228013,-0.11805422678118543,0.6260927392372115,0.2048123968870878
158,comp_specific,2,-0.3328611718048579,-0.637498545382399,-0.0282237982273168,-0.3745485787997311
158,comp_specific,3,-0.6355295339406202,-0.8638652106256435,-0.4071938572555969,-0.32946436070005425
158,comp_specific,4,0.19596858839962578,-0.07305884436462606,0.4649960211638776,0.20521196910155604
158,comp_specific,5,0.17355781629466968,-0.08019175410659177,0.42730738669593116,0.16153260000089348
158,adaptshrink,1,0.25762750685678043,-0.051254230600116635,0.5665092443136774,0.2048123968870878
158,adaptshrink,2,-0.3546148823584759,-0.6214247316762136,-0.08780503304073817,-0.3745485787997311
158,adaptshrink,3,-0.6345449027101138,-0.8706218531623404,-0.3984679522578871,-0.32946436070005425
158,adaptshrink,4,0.19641488597091275,-0.06809690925663839,0.4609266811984639,0.20521196910155604
158,adaptshrink,5,0.1769436592155849,-0.0906976407382741,0.44458495916944385,0.16153260000089348
159,common_DL,1,0.709716768315619,0.2501435622823579,1.1692899743488803,0.5731962702572405
159,common_DL,2,0.2241557800484907,-0.14153004706501873,0.5898416071620002,-0.1494558996460789
159,common_DL,3,0.3870923547521534,-0.10805631124561399,0.8822410207499208,0.019052599123990124
159,common_DL,4,0.13830257224616485,-0.4111288423692532,0.6877339868615828,-0.16642546487472915
159,common_DL,5,-0.9369620214219233,-1.3802573050708702,-0.4936667377729764,-0.849787184289508
159,comp_specific,1,0.711495551691592,0.4143211617845454,1.0086699415986384,0.5731962702572405
159,comp_specific,2,0.2206495078303692,-0.23120287404739945,0.6725018897081378,-0.1494558996460789
159,comp_specific,3,0.35075683812925174,-0.033640645081329246,0.7351543213398327,0.019052599123990124
159,comp_specific,4,0.0870805680392287,-0.658833535406819,0.8329946714852764,-0.16642546487472915
159,comp_specific,5,-0.9227215793332066,-1.1824628722633828,-0.6629802864030305,-0.849787184289508
159,adaptshrink,1,0.7100992897447467,0.3107876262200715,1.1094109532694219,0.5731962702572405
159,adaptshrink,2,0.22221358780515074,-0.1892149784390796,0.6336421540493811,-0.1494558996460789
159,adaptshrink,3,0.3779500692426049,-0.08385883645585407,0.8397589749410639,0.019052599123990124
159,adaptshrink,4,0.11468748342364907,-0.5077706324635288,0.737145599310827,-0.16642546487472915
159,adaptshrink,5,-0.9334336390157983,-1.3113547210503205,-0.5555125569812763,-0.849787184289508
160,common_DL,1,-0.4044256008670255,-0.838080502565802,0.029229300831751015,-0.3381730815691842
160,common_DL,2,0.9166024217684929,0.4788194014077523,1.3543854421292336,0.930683963142348
160,common_DL,3,-0.02967849591468824,-0.35002154134629354,0.29066454951691706,-0.10878696137985379
160,common_DL,4,-0.9875229137353884,-1.330387084237838,-0.6446587432329388,-0.6458970003701925
160,common_DL,5,0.2401002033414596,-0.09851727657476028,0.5787176832576795,0.06747534259848009
160,comp_specific,1,-0.4116552876585412,-0.7294821173331594,-0.09382845798392309,-0.3381730815691842
160,comp_specific,2,0.9169170046841055,0.4532649681709323,1.3805690411972789,0.930683963142348
160,comp_specific,3,-0.027386186440109817,-0.2783295130260336,0.22355714014581396,-0.10878696137985379
160,comp_specific,4,-0.8797192644677857,-1.421156070834241,-0.3382824581013303,-0.6458970003701925
160,comp_specific,5,0.23370009900105074,0.06515208999878055,0.4022481080033209,0.06747534259848009
160,adaptshrink,1,-0.4058917892163008,-0.8052574363702192,-0.00652614206238239,-0.3381730815691842
160,adaptshrink,2,0.9167455092951167,0.4676507377704911,1.3658402808197423,0.930683963142348
160,adaptshrink,3,-0.029147449794209246,-0.3173582004411262,0.25906330085270773,-0.10878696137985379
160,adaptshrink,4,-0.9220273337783802,-1.365075506068447,-0.4789791614883134,-0.6458970003701925
160,adaptshrink,5,0.23972034520324592,-0.054580802325169764,0.5340214927316616,0.06747534259848009
161,common_DL,1,0.06990849968127649,-0.36472823794862563,0.5045452373111786,-0.16967240539522782
161,common_DL,2,-0.2018782775426823,-0.6695615800247935,0.2658050249394288,-0.48628964743499187
161,common_DL,3,-0.2959611104581727,-0.7684000290960584,0.17647780817971298,-0.3760492303520867
161,common_DL,4,-0.7575666343034351,-1.1633009679313602,-0.3518323006755099,-0.4120945198751032
161,common_DL,5,-0.4253774950042582,-0.8469598753854716,-0.0037951146230448263,-0.5093858140250489
161,comp_specific,1,0.0898723042145727,-0.10086000399505604,0.2806046124242014,-0.16967240539522782
161,comp_specific,2,-0.20522295921174283,-0.8123991268685661,0.4019532084450804,-0.48628964743499187
161,comp_specific,3,-0.2949703785106256,-0.5978313560626001,0.007890599041348922,-0.3760492303520867
161,comp_specific,4,-0.7363592354708712,-1.3081170670632734,-0.16460140387846922,-0.4120945198751032
161,comp_specific,5,-0.43407476739654416,-0.8245730145328996,-0.04357652026018882,-0.5093858140250489
161,adaptshrink,1,0.07583200043055943,-0.28025183266603776,0.4319158335271566,-0.16967240539522782
161,adaptshrink,2,-0.20378830610408538,-0.7357766171125084,0.32820000490433765,-0.48628964743499187
161,adaptshrink,3,-0.2958015835325938,-0.7194118466690793,0.1278086796038917,-0.3760492303520867
161,adaptshrink,4,-0.7437963848549214,-1.2401091036292728,-0.24748366608056993,-0.4120945198751032
161,adaptshrink,5,-0.4293996483985387,-0.8358222069286589,-0.022977089868418565,-0.5093858140250489
162,common_DL,1,0.5381503208481313,0.1738780912332848,0.9024225504629778,0.7357973501537058
162,common_DL,2,-0.22238200374653083,-0.45482511091933236,0.010061103426270701,-0.2888274567316887
162,common_DL,3,0.4527216327041355,0.11519791698266096,0.79024534842561,0.5998693678669735
162,common_DL,4,-0.26254591559523416,-0.5376553606498646,0.012563529459396261,-0.23086795417415498
162,common_DL,5,0.319882177506979,0.0618697533142365,0.5778946016997215,0.33682309246698866
162,comp_specific,1,0.5401618321568289,0.19034400930253947,0.8899796550111183,0.7357973501537058
162,comp_specific,2,-0.2313509582070118,-0.4258800902159314,-0.03682182619809221,-0.2888274567316887
162,comp_specific,3,0.4386021801628381,0.02087252320864147,0.8563318371170348,0.5998693678669735
162,comp_specific,4,-0.22133537483135096,-0.5890904568770339,0.1464197072143319,-0.23086795417415498
162,comp_specific,5,0.3200355566292701,0.06064476365148708,0.5794263496070531,0.33682309246698866
162,adaptshrink,1,0.5389656195883437,0.18076181035222005,0.8971694288244673,0.7357973501537058
162,adaptshrink,2,-0.22613954938543687,-0.4438941952545772,-0.008384903516296532,-0.2888274567316887
162,adaptshrink,3,0.4477000427369373,0.08072232951923214,0.8146777559546425,0.5998693678669735
162,adaptshrink,4,-0.2400095743257998,-0.5588797078611379,0.0788605592095383,-0.23086795417415498
162,adaptshrink,5,0.31994813158801616,0.06134307796242555,0.5785531852136068,0.33682309246698866
163,common_DL,1,-0.815375125556231,-1.2367573417613236,-0.39399290935113856,-0.8628799890414137
163,common_DL,2,-0.7606610512122024,-1.2059472982503978,-0.315374804174007,-0.7472355846214629
163,common_DL,3,0.12613349807098162,-0.34486265936993155,0.5971296555118948,0.24373349006253456
163,common_DL,4,-0.11634723448970738,-0.4970748692716229,0.2643804002922081,-0.20105376429137148
163,common_DL,5,0.6553773377339718,0.25569113254302694,1.0550635429249167,0.640134879694307
163,comp_specific,1,-0.8268805720026495,-1.1227007179306636,-0.5310604260746354,-0.8628799890414137
163,comp_specific,2,-0.7330581766893368,-1.2781047057030699,-0.18801164767560374,-0.7472355846214629
163,comp_specific,3,0.14376794545812657,-0.10865712903743993,0.39619301995369305,0.24373349006253456
163,comp_specific,4,-0.11593415023273926,-0.49137359974852546,0.2595052992830469,-0.20105376429137148
163,comp_specific,5,0.6727913833472027,0.0985122251339472,1.2470705415604582,0.640134879694307
163,adaptshrink,1,-0.819395822974039,-1.183935574860008,-0.4548560710880701,-0.8628799890414137
163,adaptshrink,2,-0.7465696846694079,-1.2377247298098921,-0.2554146395289237,-0.7472355846214629
163,adaptshrink,3,0.1281889878009123,-0.2860253095351825,0.5424032851370071,0.24373349006253456
163,adaptshrink,4,-0.11614704126780337,-0.4942427652712982,0.2619486827356915,-0.20105376429137148
163,adaptshrink,5,0.6667390761361986,0.1715210457690176,1.1619571065033796,0.640134879694307
164,common_DL,1,-0.6217308632065879,-0.9306775634366177,-0.3127841629765581,-0.37042426177327126
164,common_DL,2,-0.31160410642581055,-0.6052368058002773,-0.017971407051343813,-0.18589690758703134
164,common_DL,3,-0.24349940821954666,-0.539399933052927,0.05240111661383365,-0.15206038940740566
164,common_DL,4,-0.8446102107716933,-1.2199467290683317,-0.4692736924750549,-0.7881161739611159
164,common_DL,5,0.1890161253106124,-0.032081160824631805,0.4101134114458566,0.09246859265787365
164,comp_specific,1,-0.6330870061600102,-0.878402688402383,-0.3877713239176375,-0.37042426177327126
164,comp_specific,2,-0.33045684361865596,-0.7967046940227331,0.13579100678542128,-0.18589690758703134
164,comp_specific,3,-0.2504783850335671,-0.5226581054347208,0.02170133536758656,-0.15206038940740566
164,comp_specific,4,-0.794689790398968,-1.2833510609063927,-0.3060285198915433,-0.7881161739611159
164,comp_specific,5,0.228843641716233,0.08629760869473879,0.3713896747377272,0.09246859265787365
164,adaptshrink,1,-0.6259829869023568,-0.9104685617254559,-0.34149741207925766,-0.37042426177327126
164,adaptshrink,2,-0.3201751538145965,-0.6996609628227457,0.05931065519355272,-0.18589690758703134
164,adaptshrink,3,-0.24630076619247226,-0.5323169364396427,0.0397154040546982,-0.15206038940740566
164,adaptshrink,4,-0.8162318980329126,-1.2446249480417666,-0.3878388480240586,-0.7881161739611159
164,adaptshrink,5,0.2000629074159766,0.01090413082084421,0.389221684011109,0.09246859265787365
165,common_DL,1,-0.2551390748040295,-0.4544979772139799,-0.055780172394079036,-0.3071936211350667
165,common_DL,2,0.47383210997650127,0.10915467596283357,0.838509543990169,0.3223196155127975
165,common_DL,3,0.05806239695336575,-0.24918349338146495,0.3653082872881964,0.09648873512835761
165,common_DL,4,-0.14633342405187716,-0.39091872478732637,0.09825187668357205,-0.12040545369654372
165,common_DL,5,0.41030770489003066,0.12951173485080641,0.691103674929255,0.628686832002041
165,comp_specific,1,-0.2561114804522817,-0.46289686567675786,-0.049326095227805566,-0.3071936211350667
165,comp_specific,2,0.4100930647040294,-0.05263565624836103,0.8728217856564198,0.3223196155127975
165,comp_specific,3,0.06084104560722552,-0.25451271614374704,0.3761948073581981,0.09648873512835761
165,comp_specific,4,-0.12093822968506711,-0.44029498810167167,0.19841852873153742,-0.12040545369654372
165,comp_specific,5,0.4076756412711452,0.14837648852608143,0.666974794016209,0.628686832002041
165,adaptshrink,1,-0.25567064788668825,-0.45880426625725945,-0.05253702951611705,-0.3071936211350667
165,adaptshrink,2,0.44673765708037283,0.04452196327494978,0.8489533508857958,0.3223196155127975
165,adaptshrink,3,0.059496409413646395,-0.2518469943794126,0.37083981320670534,0.09648873512835761
165,adaptshrink,4,-0.132461964998445,-0.4142009440135329,0.14927701401664287,-0.12040545369654372
165,adaptshrink,5,0.4091035530340162,0.13867666282362207,0.6795304432444103,0.628686832002041
166,common_DL,1,0.38035688305036613,-0.07281001151748895,0.8335237776182212,0.14319478577631145
166,common_DL,2,-0.053128525769730095,-0.3801158480303727,0.2738587964909125,-0.10727839849135457
166,common_DL,3,0.8121865149716063,0.4539177777198695,1.1704552522233431,0.6482455439549978
166,common_DL,4,-0.2889605257767099,-0.6105717091726361,0.03265065761921637,-0.21216249158046482
166,common_DL,5,0.6569713295497486,0.24559903414231538,1.0683436249571818,0.5766905524326984
166,comp_specific,1,0.3790775585358704,-0.08097693212543239,0.8391320491971732,0.14319478577631145
166,comp_specific,2,-0.02148049497037352,-0.4695052755590403,0.4265442856182933,-0.10727839849135457
166,comp_specific,3,0.8044905056767563,0.4824958161424397,1.1264851952110728,0.6482455439549978
166,comp_specific,4,-0.32103517756177447,-0.5412142206481623,-0.10085613447538672,-0.21216249158046482
166,comp_specific,5,0.7073696796478195,0.51150421600889,0.903235143286749,0.5766905524326984
166,adaptshrink,1,0.3799214924628995,-0.07555370785849291,0.835396692784292,0.14319478577631145
166,adaptshrink,2,-0.03359795925350717,-0.42707199694106757,0.3598760784340532,-0.10727839849135457
166,adaptshrink,3,0.8088990631108197,0.4681821560227302,1.1496159701989093,0.6482455439549978
166,adaptshrink,4,-0.30072562873372594,-0.5790268284100968,-0.022424429057355144,-0.21216249158046482
166,adaptshrink,5,0.665129899939477,0.30125851407253135,1.0290012858064226,0.5766905524326984
167,common_DL,1,-0.43539263009293333,-1.119679411751243,0.24889415156537625,-0.2795354549176197
167,common_DL,2,0.5668312409219405,-0.11456162098419687,1.2482241028280778,0.8694274046645102
167,common_DL,3,-0.2992343141977814,-0.8963032594449829,0.29783463104942015,-0.22680988902756835
167,common_DL,4,0.013807283928800818,-0.48257469002059894,0.5101892578782006,0.07173150483661767
167,common_DL,5,0.44581540146299964,-0.07844831300418492,0.9700791159301843,0.46509908394872296
167,comp_specific,1,-0.4349027880089118,-0.724802821926898,-0.1450027540909256,-0.2795354549176197
167,comp_specific,2,0.48189847780512535,0.16311163919409533,0.8006853164161554,0.8694274046645102
167,comp_specific,3,-0.3781407954455011,-0.5577902001979894,-0.19849139069301278,-0.22680988902756835
167,comp_specific,4,0.018858198697633076,-0.6757600515623344,0.7134764489576005,0.07173150483661767
167,comp_specific,5,0.4479406891725059,0.1070677579181919,0.7888136204268199,0.46509908394872296
167,adaptshrink,1,-0.4347548193460106,-1.0202804711658657,0.15077083247384443,-0.2795354549176197
167,adaptshrink,2,0.5564027200355766,-0.033046497448259826,1.145851937519413,0.8694274046645102
167,adaptshrink,3,-0.306660845704628,-0.7893800378940952,0.17605834648483926,-0.22680988902756835
167,adaptshrink,4,0.017160335180522665,-0.5865710798670278,0.6208917502280731,0.07173150483661767
167,adaptshrink,5,0.4470587906472436,0.0038088428258515883,0.8903087384686356,0.46509908394872296
168,common_DL,1,0.5413619551017783,0.19225819567534352,0.8904657145282131,0.4981703288459524
168,common_DL,2,-0.6885893428520055,-1.104611668160901,-0.2725670175431098,-0.9879121307833769
168,common_DL,3,-0.10786959144802846,-0.39254392142732086,0.17680473853126397,-0.0009642520802468005
168,common_DL,4,-0.95981223939958,-1.2657281694921212,-0.6538963093070389,-0.6927275558894364
168,common_DL,5,0.009785873346376789,-0.3174087054046292,0.3369804520973827,0.037485991053294795
168,comp_specific,1,0.5510487946688292,0.37871861711247234,0.723378972225186,0.4981703288459524
168,comp_specific,2,-0.6921121222622585,-1.2545260041313737,-0.12969824039314326,-0.9879121307833769
168,comp_specific,3,-0.10397581838974465,-0.37257519777529413,0.1646235609958048,-0.0009642520802468005
168,comp_specific,4,-0.9516588673303914,-1.2706732655741972,-0.6326444690865857,-0.6927275558894364
168,comp_specific,5,0.010041832098686337,-0.3156834661666944,0.335767130364067,0.037485991053294795
168,adaptshrink,1,0.5393422995605207,0.2319241673624754,0.846760431758566,0.4981703288459524
168,adaptshrink,2,-0.6908649270669818,-1.1753992217875697,-0.20633063234639376,-0.9879121307833769
168,adaptshrink,3,-0.10605078614377363,-0.3828495567016889,0.17074798441414168,-0.0009642520802468005
168,adaptshrink,4,-0.9556044963554335,-1.2681771476945947,-0.6430318450162724,-0.6927275558894364
168,adaptshrink,5,0.009894448414417223,-0.31667167170776206,0.3364605685365965,0.037485991053294795
169,common_DL,1,0.8859020824963459,0.6346565938763191,1.1371475711163728,1.000742024937115
169,common_DL,2,-1.0944603675695663,-1.3277161352940685,-0.8612045998450641,-0.6316804716147246
169,common_DL,3,0.11925783710708723,-0.07181404990022344,0.3103297241143979,0.18636992588727963
169,common_DL,4,0.3519830008872078,0.16152789837482986,0.5424381033995858,0.299253623242315
169,common_DL,5,0.161945249324148,-0.041155497330124136,0.36504599597842013,0.22705568312792285
169,comp_specific,1,0.8859020824963463,0.6346565938763193,1.1371475711163732,1.000742024937115
169,comp_specific,2,-1.0482479612726796,-1.3892276172874443,-0.7072683052579151,-0.6316804716147246
169,comp_specific,3,0.11925783710708696,-0.07181404990022358,0.3103297241143975,0.18636992588727963
169,comp_specific,4,0.2902926358971459,-0.0046608151036408585,0.5852460868979326,0.299253623242315
169,comp_specific,5,0.16194524932414794,-0.04115549733012411,0.36504599597842,0.22705568312792285
169,adaptshrink,1,0.8859020824963455,0.6346565938763187,1.1371475711163723,1.000742024937115
169,adaptshrink,2,-1.0680787337563453,-1.3641981054499621,-0.7719593620627285,-0.6316804716147246
169,adaptshrink,3,0.11925783710708684,-0.07181404990022378,0.31032972411439746,0.18636992588727963
169,adaptshrink,4,0.31353056378588207,0.06161368234747816,0.5654474452242859,0.299253623242315
169,adaptshrink,5,0.161945249324148,-0.04115549733012405,0.36504599597842,0.22705568312792285
170,common_DL,1,0.5065182371900528,0.28828510999781043,0.7247513643822953,0.6074360204339552
170,common_DL,2,-0.4918172673903428,-0.8214184510423066,-0.16221608373837898,0.03480055964009946
170,common_DL,3,0.023980844630454523,-0.25292708859609747,0.3008887778570065,0.05426278681842167
170,common_DL,4,0.269609866880336,0.025484956290896088,0.5137347774697759,0.1716413857368062
170,common_DL,5,-0.1563957693085785,-0.49374537247927563,0.18095383386211863,-0.22487119817296292
170,comp_specific,1,0.506518237190053,0.28828510999781043,0.7247513643822955,0.6074360204339552
170,comp_specific,2,-0.5003704391882606,-0.8782550104379503,-0.12248586793857097,0.03480055964009946
170,comp_specific,3,0.023980844630454388,-0.2529270885960976,0.3008887778570064,0.05426278681842167
170,comp_specific,4,0.2696098668803355,0.02548495629089556,0.5137347774697755,0.1716413857368062
170,comp_specific,5,-0.15639576930857793,-0.49374537247927497,0.18095383386211913,-0.22487119817296292
170,adaptshrink,1,0.5065182371900526,0.2882851099978102,0.724751364382295,0.6074360204339552
170,adaptshrink,2,-0.4950494799922361,-0.8415906216028596,-0.1485083383816126,0.03480055964009946
170,adaptshrink,3,0.023980844630454703,-0.25292708859609725,0.30088877785700663,0.05426278681842167
170,adaptshrink,4,0.26960986688033617,0.025484956290896282,0.513734777469776,0.1716413857368062
170,adaptshrink,5,-0.15639576930857804,-0.4937453724792751,0.18095383386211897,-0.22487119817296292
171,common_DL,1,-0.04572763819776024,-0.4418529118504002,0.3503976354548798,0.02635601142514496
171,common_DL,2,0.5196006883819709,0.1526339080665307,0.8865674686974112,0.5995488162124195
171,common_DL,3,-0.41559486189045436,-0.753166698469755,-0.07802302531115368,-0.3336601305271296
171,common_DL,4,0.4796865382760699,0.18188184469982205,0.7774912318523177,0.41746637147545557
171,common_DL,5,0.36943344344533213,0.02248382340359356,0.7163830634870707,0.3770877991925465
171,comp_specific,1,-0.04869664301952692,-0.511243857682053,0.41385057164299927,0.02635601142514496
171,comp_specific,2,0.4730062578309344,-0.04148332497653351,0.9874958406384023,0.5995488162124195
171,comp_specific,3,-0.41402639984485146,-0.6342346626360943,-0.19381813705360862,-0.3336601305271296
171,comp_specific,4,0.4722830048930597,0.11885086701976999,0.8257151427663494,0.41746637147545557
171,comp_specific,5,0.33027112490074606,0.16826701769227967,0.4922752321092124,0.3770877991925465
171,adaptshrink,1,-0.04719998424164984,-0.46695416013158,0.3725541916482803,0.02635601142514496
171,adaptshrink,2,0.48756163202439684,0.0397296471048979,0.9353936169438958,0.5995488162124195
171,adaptshrink,3,-0.41505775907966835,-0.7094641705363618,-0.12065134762297497,-0.3336601305271296
171,adaptshrink,4,0.47542472887385845,0.148481621321369,0.8023678364263479,0.41746637147545557
171,adaptshrink,5,0.3648074997000899,0.0630209719219848,0.666594027478195,0.3770877991925465
172,common_DL,1,0.12159611753401657,-0.3656831780723297,0.6088754131403629,0.12656631539189023
172,common_DL,2,-0.47569204134891985,-0.8493335642565829,-0.10205051844125673,-0.5886781928261777
172,common_DL,3,0.1577736090537854,-0.0733327941070383,0.3888800122146091,0.13243028399817106
172,common_DL,4,-0.31648437945559027,-0.6294132625205162,-0.003555496390664381,-0.5030312046282165
172,common_DL,5,-0.20816359909602716,-0.5494308903491252,0.13310369215707085,-0.1711366089259745
172,comp_specific,1,0.12244613866261753,-0.313636239297987,0.558528516623222,0.12656631539189023
172,comp_specific,2,-0.5011245360830507,-0.7987403596320903,-0.2035087125340111,-0.5886781928261777
172,comp_specific,3,0.16336772746304826,-0.05106933173408032,0.3778047866601768,0.13243028399817106
172,comp_specific,4,-0.22514573792620252,-0.7552375063760878,0.30494603052368274,-0.5030312046282165
172,comp_specific,5,-0.2148507274592789,-0.4907788335850851,0.06107737866652729,-0.1711366089259745
172,adaptshrink,1,0.121873284447637,-0.3491130017032336,0.5928595705985076,0.12656631539189023
172,adaptshrink,2,-0.48293298361754156,-0.8335741472688456,-0.1322918199662375,-0.5886781928261777
172,adaptshrink,3,0.16011297498473687,-0.06402990820653692,0.38425585817601066,0.13243028399817106
172,adaptshrink,4,-0.2516446911762721,-0.6749740456856816,0.17168466333313753,-0.5030312046282165
172,adaptshrink,5,-0.21047548910210545,-0.5263987261551242,0.10544774795091322,-0.1711366089259745
173,common_DL,1,-0.48303961557869224,-0.8007343866410475,-0.16534484451633708,-0.397725249713622
173,common_DL,2,-0.4126827318043378,-0.7777165994600324,-0.047648864148643166,-0.49878666090372875
173,common_DL,3,-0.04892209529018218,-0.37737700549904185,0.27953281491867743,-0.07648015221359074
173,common_DL,4,0.5524031740215342,0.20011785445433522,0.9046884935887332,0.3025743757847332
173,common_DL,5,0.31770021306199425,-0.05718528963199637,0.6925857157559849,0.17836660435656396
173,comp_specific,1,-0.5269497772436551,-0.7276125810535379,-0.32628697343377233,-0.397725249713622
173,comp_specific,2,-0.4367208904956653,-0.7286064642651259,-0.14483531672620475,-0.49878666090372875
173,comp_specific,3,-0.06223195629928147,-0.23297303835321811,0.10850912575465518,-0.07648015221359074
173,comp_specific,4,0.6080727971146469,-0.04028701151421976,1.2564326057435136,0.3025743757847332
173,comp_specific,5,0.3252828192970996,0.14543615097784257,0.5051294876163567,0.17836660435656396
173,adaptshrink,1,-0.49713383099490827,-0.7646579545910357,-0.22960970739878078,-0.397725249713622
173,adaptshrink,2,-0.41893472713292523,-0.7616881181446986,-0.07618133612115185,-0.49878666090372875
173,adaptshrink,3,-0.05512356484972658,-0.3267389392120551,0.21649180951260194,-0.07648015221359074
173,adaptshrink,4,0.5858810633646824,0.11306994000816745,1.0586921867211974,0.3025743757847332
173,adaptshrink,5,0.31627282555286895,-0.010922268360005316,0.6434679194657432,0.17836660435656396
174,common_DL,1,0.5626661841953526,0.09625247829848704,1.0290798900922182,0.48241249490283444
174,common_DL,2,0.20441968089506518,-0.26357752387563793,0.6724168856657683,0.11516469997775218
174,common_DL,3,0.7539711900818828,0.3561551018599204,1.1517872783038454,0.6944787062231643
174,common_DL,4,-0.010993053534062547,-0.5506194121809364,0.5286333051128113,0.23835964400846957
174,common_DL,5,0.3243702738710224,-0.13401580165969046,0.7827563494017353,0.2188308658767006
174,comp_specific,1,0.50995972077501,0.2232630176344232,0.7966564239155967,0.48241249490283444
174,comp_specific,2,0.1306780450162734,-0.7077521100911321,0.9691082001236788,0.11516469997775218
174,comp_specific,3,0.7504859940755282,0.5661633240562374,0.934808664094819,0.6944787062231643
174,comp_specific,4,-0.0032237598024574265,-0.3075478143727807,0.3011002947678659,0.23835964400846957
174,comp_specific,5,0.31506252444702787,-0.04372322219123431,0.67384827108529,0.2188308658767006
174,adaptshrink,1,0.5511548837655316,0.14984612255895258,0.9524636449721106,0.48241249490283444
174,adaptshrink,2,0.1543753578558866,-0.5018957703191594,0.8106464860309327,0.11516469997775218
174,adaptshrink,3,0.7529401248598846,0.43756181840466857,1.0683184313151006,0.6944787062231643
174,adaptshrink,4,-0.00991875321268304,-0.4844661094220339,0.4646286029966678,0.23835964400846957
174,adaptshrink,5,0.32159829579743765,-0.09753684885955399,0.7407334404544292,0.2188308658767006
175,common_DL,1,-0.32998798615157904,-0.6368434505478091,-0.02313252175534891,-0.38781128863805836
175,common_DL,2,0.8291891342445342,0.5464727600360363,1.1119055084530323,0.9392398931771024
175,common_DL,3,0.34565772190524585,0.01445111148333117,0.6768643323271606,0.46241985417445064
175,common_DL,4,-0.029206267814690032,-0.3721870250384037,0.3137744894090236,-0.04049065825027863
175,common_DL,5,-0.3944975458573236,-0.6872046388213255,-0.10179045289332167,-0.3012614966851476
175,comp_specific,1,-0.32511064195568873,-0.57130061380398,-0.07892067010739745,-0.38781128863805836
175,comp_specific,2,0.8622199736096883,0.4324185985455566,1.29202134867382,0.9392398931771024
175,comp_specific,3,0.36020975786889686,0.0794146126629725,0.6410049030748213,0.46241985417445064
175,comp_specific,4,-0.027781429027565696,-0.3813547584016779,0.3257919003465465,-0.04049065825027863
175,comp_specific,5,-0.3598931794306599,-0.5072669992134423,-0.21251935964787752,-0.3012614966851476
175,adaptshrink,1,-0.32840242098642436,-0.6114652063870081,-0.04533963558584064,-0.38781128863805836
175,adaptshrink,2,0.8500591640270817,0.4854496877130213,1.214668640341142,0.9392398931771024
175,adaptshrink,3,0.3514766588010878,0.04020842789535839,0.6627448897068172,0.46241985417445064
175,adaptshrink,4,-0.028715254632430687,-0.375269085025193,0.31783857576033164,-0.04049065825027863
175,adaptshrink,5,-0.3820341356457877,-0.621018351301835,-0.1430499199897404,-0.3012614966851476
176,common_DL,1,0.5758996444489631,0.2641628489887558,0.8876364399091705,0.45037575547345704
176,common_DL,2,-0.19919360665459862,-0.43473474391268074,0.036347530603483474,-0.26869011470172044
176,common_DL,3,-0.4046279044205521,-0.7400798350427646,-0.06917597379833945,-0.11401381902836452
176,common_DL,4,-0.9265298818784202,-1.2984760741784915,-0.5545836895783489,-0.8489661989784972
176,common_DL,5,0.2474229733883647,-0.03394929988201459,0.528795246658744,0.3343609472465921
176,comp_specific,1,0.5794565368877354,0.33461521548610607,0.8242978582893646,0.45037575547345704
176,comp_specific,2,-0.2407370251088212,-0.5646423100115552,0.08316825979391282,-0.26869011470172044
176,comp_specific,3,-0.37879215441800734,-0.6779011939364038,-0.07968311489961089,-0.11401381902836452
176,comp_specific,4,-0.912951059859676,-1.2394331079991314,-0.5864690117202205,-0.8489661989784972
176,comp_specific,5,0.2220357191439017,0.025340734590636266,0.41873070369716714,0.3343609472465921
176,adaptshrink,1,0.576918558153419,0.28497629402210295,0.8688608222847349,0.45037575547345704
176,adaptshrink,2,-0.22545116350249111,-0.5097209012489303,0.05881857424394804,-0.26869011470172044
176,adaptshrink,3,-0.39492854510488484,-0.7158417376443682,-0.07401535256540143,-0.11401381902836452
176,adaptshrink,4,-0.922527760501127,-1.28009735399104,-0.5649581670112138,-0.8489661989784972
176,adaptshrink,5,0.2423990986668588,-0.01567989691561214,0.5004780942493298,0.3343609472465921
177,common_DL,1,0.3165659636581992,0.08656349657621751,0.5465684307401809,0.37271175945079793
177,common_DL,2,-0.8293411470163494,-1.1754158656837794,-0.4832664283489195,-0.43963224214356444
177,common_DL,3,0.3108150700216563,-0.004583020288686512,0.6262131603319991,0.31920394501579413
177,common_DL,4,-0.33522763986690507,-0.5880237782137064,-0.0824315015201037,-0.8017745025717772
177,common_DL,5,-0.2772813766814016,-0.5866069865590104,0.032044233196207195,-0.4259910280787971
177,comp_specific,1,0.3080809280717226,0.1964728796645751,0.4196889764788701,0.37271175945079793
177,comp_specific,2,-0.8128481256478596,-1.3728493385724936,-0.2528469127232257,-0.43963224214356444
177,comp_specific,3,0.2961491747737528,0.07128118544513998,0.5210171641023656,0.31920394501579413
177,comp_specific,4,-0.320536782589796,-0.700850949533153,0.05977738435356095,-0.8017745025717772
177,comp_specific,5,-0.30062216268184805,-0.4874003420773635,-0.1138439832863326,-0.4259910280787971
177,adaptshrink,1,0.31521508941992804,0.13411059346038282,0.4963195853794733,0.37271175945079793
177,adaptshrink,2,-0.8159759062947904,-1.2822043478042278,-0.3497474647853531,-0.43963224214356444
177,adaptshrink,3,0.3072698324440773,0.031092335301266927,0.5834473295868876,0.31920394501579413
177,adaptshrink,4,-0.3252739579912147,-0.6489182573538698,-0.0016296586285596826,-0.8017745025717772
177,adaptshrink,5,-0.2831541645357182,-0.550078101765776,-0.016230227305660372,-0.4259910280787971
178,common_DL,1,-0.05029130482100205,-0.5832351827943204,0.48265257315231624,-0.1421540661697562
178,common_DL,2,0.6390125391603756,0.09125360764629109,1.18677147067446,0.8374860379041325
178,common_DL,3,-0.7799899090888079,-1.2734832506154854,-0.28649656756213043,-0.8319914662763432
178,common_DL,4,-1.711248626026461,-2.1555450733450923,-1.2669521787078295,-1.3021532838315462
178,common_DL,5,0.17818743995140052,-0.2954235900572428,0.6517984699600439,0.2305899628812069
178,comp_specific,1,-0.05271862424870388,-0.43791206549914136,0.3324748170017336,-0.1421540661697562
178,comp_specific,2,0.6206739263708861,0.14341512190920236,1.09793273083257,0.8374860379041325
178,comp_specific,3,-0.8501804980698071,-1.0502655555750282,-0.6500954405645859,-0.8319914662763432
178,comp_specific,4,-1.6753902131678413,-2.398409655231763,-0.9523707711039195,-1.3021532838315462
178,comp_specific,5,0.2819356134833768,0.08990894176102915,0.4739622852057245,0.2305899628812069
178,adaptshrink,1,-0.05106155960075093,-0.526656630674895,0.4245335114733932,-0.1421540661697562
178,adaptshrink,2,0.6339142791679473,0.10831835252619959,1.159510205809695,0.8374860379041325
178,adaptshrink,3,-0.785921143028619,-1.2122822863510907,-0.35955999970614744,-0.8319914662763432
178,adaptshrink,4,-1.6872450925291769,-2.2693000858155257,-1.105190099242828,-1.3021532838315462
178,adaptshrink,5,0.19495331077467543,-0.20310398861065737,0.5930106101600082,0.2305899628812069
179,common_DL,1,-1.0692350583651429,-1.400242450602905,-0.7382276661273808,-0.8401133202864346
179,common_DL,2,-0.5100311428804297,-0.7726538019223628,-0.24740848383849673,-0.5097021640772805
179,common_DL,3,-0.373247503112205,-0.6630307579660555,-0.08346424825835452,-0.47950239867220235
179,common_DL,4,-0.6084850967638737,-0.9857339829258989,-0.23123621060184868,-0.6656232533377405
179,common_DL,5,-0.01690432914505985,-0.48267199780012515,0.44886333951000545,-0.07623009978124755
179,comp_specific,1,-1.0643182705904,-1.3458049344482783,-0.7828316067325216,-0.8401133202864346
179,comp_specific,2,-0.5197452381343078,-0.8318219244256199,-0.20766855184299582,-0.5097021640772805
179,comp_specific,3,-0.370316744605246,-0.6099777341582473,-0.1306557550522447,-0.47950239867220235
179,comp_specific,4,-0.6139628926019287,-1.1669479649820174,-0.06097782022184017,-0.6656232533377405
179,comp_specific,5,-0.011542660631727375,-0.4308099149205712,0.40772459365711644,-0.07623009978124755
179,adaptshrink,1,-1.0674187747026076,-1.3782314781019607,-0.7566060713032546,-0.8401133202864346
179,adaptshrink,2,-0.515069351861764,-0.8000818499226209,-0.230056853800907,-0.5097021640772805
179,adaptshrink,3,-0.37200495211503926,-0.6383001791036786,-0.10570972512639987,-0.47950239867220235
179,adaptshrink,4,-0.6107850791932743,-1.0557619724333192,-0.1658081859532295,-0.6656232533377405
179,adaptshrink,5,-0.015293019260686214,-0.46615778377383443,0.435571745252462,-0.07623009978124755
180,common_DL,1,-0.28720555887839677,-0.7493948129099333,0.17498369515313977,-0.33305019592715934
180,common_DL,2,-0.8982759016425922,-1.3584331411206696,-0.43811866216451467,-0.9069474484648142
180,common_DL,3,-0.5768841898108824,-1.146868459961674,-0.006899919660090736,-0.6608269672261214
180,common_DL,4,-0.3587225261879612,-0.8243893486200915,0.10694429624416907,-0.8039415597159174
180,common_DL,5,0.6554346902877666,0.1641159286270733,1.14675345194846,0.5375447465376304
180,comp_specific,1,-0.29834196010214475,-0.4809538017038104,-0.1157301185004791,-0.33305019592715934
180,comp_specific,2,-0.902626750080936,-1.4803775587050794,-0.32487594145679255,-0.9069474484648142
180,comp_specific,3,-0.6349590809531875,-0.9297027670937965,-0.3402153948125786,-0.6608269672261214
180,comp_specific,4,-0.3128241696701299,-1.0015092935610634,0.3758609542208036,-0.8039415597159174
180,comp_specific,5,0.6515325932923779,0.1851240026347869,1.1179411839499689,0.5375447465376304
180,adaptshrink,1,-0.29285375075233777,-0.6674594524877044,0.0817519509830289,-0.33305019592715934
180,adaptshrink,2,-0.9010294505060417,-1.423401183477233,-0.3786577175348501,-0.9069474484648142
180,adaptshrink,3,-0.5856298654583865,-1.0846942587404307,-0.0865654721763422,-0.6608269672261214
180,adaptshrink,4,-0.3255985544425335,-0.9144224023550624,0.26322529346999546,-0.8039415597159174
180,adaptshrink,5,0.6538579046666946,0.17304855904849814,1.134667250284891,0.5375447465376304
181,common_DL,1,-0.614494601046782,-0.9359157254388233,-0.2930734766547407,-0.4760850532918028
181,common_DL,2,-0.36573372479550015,-0.5975955857464859,-0.1338718638445144,-0.4274991806797582
181,common_DL,3,0.49811415810219156,0.3472378222754224,0.6489904939289608,0.5501678708361658
181,common_DL,4,-0.5329183300826686,-0.7658985561171753,-0.299938104048162,0.0377383581235642
181,common_DL,5,-0.7479141689305745,-0.9148946579285947,-0.5809336799325543,-0.6633116182910951
181,comp_specific,1,-0.6144946010467819,-0.9359157254388233,-0.2930734766547405,-0.4760850532918028
181,comp_specific,2,-0.36573372479549954,-0.5975955857464853,-0.13387186384451377,-0.4274991806797582
181,comp_specific,3,0.49811415810219073,0.3472378222754216,0.6489904939289599,0.5501678708361658
181,comp_specific,4,-0.4600571858403332,-0.9363674268203644,0.01625305513969799,0.0377383581235642
181,comp_specific,5,-0.7479141689305732,-0.9148946579285933,-0.5809336799325531,-0.6633116182910951
181,adaptshrink,1,-0.614494601046782,-0.9359157254388235,-0.29307347665474054,-0.4760850532918028
181,adaptshrink,2,-0.36573372479550004,-0.5975955857464857,-0.1338718638445143,-0.4274991806797582
181,adaptshrink,3,0.49811415810219045,0.3472378222754214,0.6489904939289595,0.5501678708361658
181,adaptshrink,4,-0.48187561941733625,-0.8517128614074305,-0.11203837742724199,0.0377383581235642
181,adaptshrink,5,-0.747914168930573,-0.9148946579285933,-0.5809336799325528,-0.6633116182910951
182,common_DL,1,0.03976846028072374,-0.31098988382639375,0.3905268043878412,-0.04707208268738324
182,common_DL,2,-0.4839505944095137,-0.8470795220281464,-0.12082166679088097,-0.3346437723910358
182,common_DL,3,0.26582267542889537,-0.07122815900854962,0.6028735098663404,0.38297381262734315
182,common_DL,4,0.5507179048475385,0.15375900063042586,0.947676809064651,0.27101565658128185
182,common_DL,5,0.20365540460799134,-0.1628334495022282,0.5701442587182108,0.2691233923737743
182,comp_specific,1,-0.0066323054404046206,-0.20117356234795541,0.1879089514671462,-0.04707208268738324
182,comp_specific,2,-0.4494495287322299,-0.675559662341371,-0.22333939512308876,-0.3346437723910358
182,comp_specific,3,0.22162532215400846,0.03366362085534916,0.40958702345266773,0.38297381262734315
182,comp_specific,4,0.39531305568033304,-0.49501371145588247,1.2856398228165484,0.27101565658128185
182,comp_specific,5,0.1934739562686266,-0.04309934889578684,0.43004726143304006,0.2691233923737743
182,adaptshrink,1,0.03077744959532444,-0.2672800741258371,0.32883497331648603,-0.04707208268738324
182,adaptshrink,2,-0.47289645451930495,-0.781188701182431,-0.16460420785617896,-0.3346437723910358
182,adaptshrink,3,0.25502643569574257,-0.026486292775081854,0.536539164166567,0.38297381262734315
182,adaptshrink,4,0.42272538856386477,-0.23812541308108237,1.083576190208812,0.27101565658128185
182,adaptshrink,5,0.2012986107443471,-0.11667607247699005,0.5192732939656842,0.2691233923737743
183,common_DL,1,-0.2855646790421602,-0.8271911439534162,0.2560617858690958,-0.28609877775662634
183,common_DL,2,0.8531647005986273,0.3070059598158108,1.3993234413814437,0.6044748165810009
183,common_DL,3,0.2321002552290955,-0.5088971369533238,0.9730976474115148,0.04198995935027217
183,common_DL,4,0.9953892524543831,0.47267083645910113,1.518107668449665,0.6418010194701711
183,common_DL,5,0.19224728705943223,-0.41036125844724886,0.7948558325661133,0.31675810568028023
183,comp_specific,1,-0.2967997560603074,-0.4744066423246781,-0.11919286979593668,-0.28609877775662634
183,comp_specific,2,0.8531299757289171,0.30808404710787973,1.3981759043499546,0.6044748165810009
183,comp_specific,3,0.22936558421249137,-0.176314199455256,0.6350453678802388,0.04198995935027217
183,comp_specific,4,1.002948927412803,0.23594724229622044,1.7699506125293856,0.6418010194701711
183,comp_specific,5,0.206637389573814,-0.03205342918567344,0.44532820833330145,0.31675810568028023
183,adaptshrink,1,-0.28892882342821274,-0.7095974517333015,0.13173980487687598,-0.28609877775662634
183,adaptshrink,2,0.8531474114319195,0.3075447696020399,1.3987500532617991,0.6044748165810009
183,adaptshrink,3,0.2318517011946143,-0.4193804949294676,0.8830838973186962,0.04198995935027217
183,adaptshrink,4,1.0005530674892398,0.34369291947737335,1.6574132155011063,0.6418010194701711
183,adaptshrink,5,0.19428613736546407,-0.2971047364771469,0.685677011208075,0.31675810568028023
184,common_DL,1,-0.5864332963382153,-0.9105446491016116,-0.262321943574819,-0.38976526267981276
184,common_DL,2,0.7108464645401296,0.38286271043918774,1.0388302186410714,0.6920470789080365
184,common_DL,3,0.9145900795466833,0.5935007484648556,1.235679410628511,0.7960176290478854
184,common_DL,4,-0.14829974611952168,-0.4188192804622264,0.12221978822318302,0.0732501238740105
184,common_DL,5,0.11573118768035602,-0.15849956024519307,0.3899619356059051,0.14026183377210721
184,comp_specific,1,-0.6142626364913653,-0.8764599219571513,-0.35206535102557923,-0.38976526267981276
184,comp_specific,2,0.7123554110134367,0.39809286649092124,1.026617955535952,0.6920470789080365
184,comp_specific,3,0.8916944757496272,0.6220988703654915,1.161290081133763,0.7960176290478854
184,comp_specific,4,-0.14869561429027392,-0.3946532919282961,0.09726206334774831,0.0732501238740105
184,comp_specific,5,0.11063485081709351,-0.3309143900206418,0.5521840916548288,0.14026183377210721
184,adaptshrink,1,-0.5965480658431508,-0.8975255834462474,-0.29557054824005413,-0.38976526267981276
184,adaptshrink,2,0.7115792806933634,0.39037080300173066,1.032787758384996,0.6920470789080365
184,adaptshrink,3,0.9065365237215766,0.6052433913345017,1.2078296561086515,0.7960176290478854
184,adaptshrink,4,-0.14853226317660634,-0.4089856362978331,0.1119211099446204,0.0732501238740105
184,adaptshrink,5,0.11187857989501698,-0.2288420730287296,0.4525992328187636,0.14026183377210721
185,common_DL,1,0.4563354696377606,0.17196392183847248,0.7407070174370487,0.4461349550270579
185,common_DL,2,0.6146204832083553,0.2209633792180697,1.008277587198641,0.5140267970019871
185,common_DL,3,-0.03581739043027474,-0.36118941807451743,0.2895546372139679,0.02488743841643732
185,common_DL,4,-0.07237005223850498,-0.3772227868624344,0.23248268238542438,0.0006715146098697765
185,common_DL,5,0.16341422673953895,-0.18763146624897623,0.5144599197280542,0.14321941607181085
185,comp_specific,1,0.48020560557906006,0.33017251453752783,0.6302386966205923,0.4461349550270579
185,comp_specific,2,0.7633784696755649,-0.022174819326961304,1.548931758678091,0.5140267970019871
185,comp_specific,3,-0.05104023756239795,-0.29494552403530505,0.19286504891050915,0.02488743841643732
185,comp_specific,4,-0.09482037731576354,-0.24431505715298948,0.05467430252146241,0.0006715146098697765
185,comp_specific,5,0.12391912978604327,-0.3799940499447392,0.6278323095168257,0.14321941607181085
185,adaptshrink,1,0.4590233088313944,0.21895885504027693,0.6990877626225119,0.4461349550270579
185,adaptshrink,2,0.7030848934330886,0.14308314701046132,1.263086639855716,0.5140267970019871
185,adaptshrink,3,-0.041725929392703504,-0.33056571872999696,0.24711385994458998,0.02488743841643732
185,adaptshrink,4,-0.07549701965171726,-0.3396745873336051,0.18868054803017062,0.0006715146098697765
185,adaptshrink,5,0.14145109534383188,-0.28387067206152683,0.5667728627491906,0.14321941607181085
186,common_DL,1,-0.19283659449412993,-0.6038819492814987,0.21820876029323888,-0.15331941162267376
186,common_DL,2,0.1910055591602246,-0.21848946406357306,0.6005005823840223,0.4870477368081019
186,common_DL,3,-0.3871505142501117,-0.717299064852374,-0.05700196364784943,-0.4090368190790901
186,common_DL,4,0.38654787986278577,-0.04712587370281135,0.820221633428383,0.28250461175127367
186,common_DL,5,0.324282368661324,-0.0927916323202102,0.7413563696428582,0.33586797546570774
186,comp_specific,1,-0.18415439786623433,-0.4810683516932139,0.11275955596074522,-0.15331941162267376
186,comp_specific,2,0.19181653320014852,-0.23390369437237524,0.6175367607726723,0.4870477368081019
186,comp_specific,3,-0.41483785833818565,-0.5939624394463136,-0.23571327723005778,-0.4090368190790901
186,comp_specific,4,0.43690497005290774,-0.5294542603592687,1.4032642004650842,0.28250461175127367
186,comp_specific,5,0.32264574933933154,0.06990916080707876,0.5753823378715843,0.33586797546570774
186,adaptshrink,1,-0.19039991984807103,-0.5570756025625444,0.17627576286640234,-0.15331941162267376
186,adaptshrink,2,0.19136030359853223,-0.22517523836013226,0.6078958455571968,0.4870477368081019
186,adaptshrink,3,-0.3915858545519652,-0.6627704276762405,-0.12040128142768985,-0.4090368190790901
186,adaptshrink,4,0.42493137310514983,-0.23971263420366928,1.089575380413969,0.28250461175127367
186,adaptshrink,5,0.3241236283538773,-0.04706202107577989,0.6953092777835346,0.33586797546570774
187,common_DL,1,-0.7290412681786667,-1.2175037023743973,-0.24057883398293606,-0.5652821831535624
187,common_DL,2,-0.5522421142334384,-0.9568669040912319,-0.1476173243756449,-0.657904161846023
187,common_DL,3,0.06096208413652507,-0.3534960860024776,0.4754202542755277,-0.010902988974586908
187,common_DL,4,0.6676775303936551,0.10003024737113064,1.2353248134161796,0.9477953311503557
187,common_DL,5,-0.17768778893351647,-0.6113282901900845,0.2559527123230516,-0.18964160161057678
187,comp_specific,1,-0.7206078158492223,-1.0292851390421531,-0.41193049265629134,-0.5652821831535624
187,comp_specific,2,-0.57654637031193,-1.2211590853644025,0.06806634474054252,-0.657904161846023
187,comp_specific,3,0.01916392366464656,-0.24968158590277353,0.2880094332320666,-0.010902988974586908
187,comp_specific,4,0.6576268252769755,0.052784750778633316,1.2624688997753175,0.9477953311503557
187,comp_specific,5,-0.18377833064660332,-0.4496255509198365,0.08206888962662989,-0.18964160161057678
187,adaptshrink,1,-0.7269068626611204,-1.1482059001282665,-0.30560782519397417,-0.5652821831535624
187,adaptshrink,2,-0.5701478770056242,-1.1087888045665857,-0.0315069494446627,-0.657904161846023
187,adaptshrink,3,0.048044916797703285,-0.30246125054166173,0.3985510841370683,-0.010902988974586908
187,adaptshrink,4,0.664064978728667,0.0837121989144477,1.2444177585428862,0.9477953311503557
187,adaptshrink,5,-0.17985002873285832,-0.5407651794380361,0.18106512197231944,-0.18964160161057678
188,common_DL,1,-0.23581041067871703,-0.8528784109005908,0.3812575895431568,-0.2647976146806684
188,common_DL,2,0.153325947760552,-0.3217405346963652,0.6283924302174693,0.3689165987585885
188,common_DL,3,0.4525392650116489,-0.022487815938254996,0.9275663459615527,0.17876930698324633
188,common_DL,4,-0.5594050821787093,-1.0021381537907565,-0.11667201056666199,-0.6061560365259963
188,common_DL,5,-0.6905319393019305,-1.2196891442823705,-0.1613747343214904,-0.6433965595850967
188,comp_specific,1,-0.25199877934532633,-0.6644291844324919,0.16043162574183928,-0.2647976146806684
188,comp_specific,2,0.19143363667929425,-0.12002967100514028,0.5028969443637288,0.3689165987585885
188,comp_specific,3,0.43805777293972026,0.032849169860648675,0.8432663760187918,0.17876930698324633
188,comp_specific,4,-0.5302567302278646,-1.2262932920180691,0.16577983156234,-0.6061560365259963
188,comp_specific,5,-0.7016099917093,-0.9381678837300511,-0.465052099688549,-0.6433965595850967
188,adaptshrink,1,-0.23880576225147487,-0.796301910596006,0.3186903860930562,-0.2647976146806684
188,adaptshrink,2,0.16303624877630418,-0.25127228247823213,0.5773447800308404,0.3689165987585885
188,adaptshrink,3,0.44647130157639925,0.004715570876468178,0.8882270322763304,0.17876930698324633
188,adaptshrink,4,-0.5366129142918619,-1.1210665990453226,0.047840770461598736,-0.6061560365259963
188,adaptshrink,5,-0.692954116689627,-1.1493290232413647,-0.2365792101378894,-0.6433965595850967
189,common_DL,1,0.38176240723229393,-0.09458037894167476,0.8581051934062627,0.2433482038737873
189,common_DL,2,-0.9788397985265981,-1.364133179301588,-0.5935464177516081,-0.7300632130749862
189,common_DL,3,-0.1634253005776205,-0.5410626788826969,0.21421207772745587,-0.07342028381567511
189,common_DL,4,-0.2995146197719546,-0.694919389535495,0.0958901499915858,-0.5488706511708504
189,common_DL,5,-0.26496824397802554,-0.8197988123694012,0.28986232441335014,-0.21616641669458864
189,comp_specific,1,0.3876434931634393,0.06345649272670156,0.7118304936001771,0.2433482038737873
189,comp_specific,2,-0.976957868928015,-1.2636049929257034,-0.6903107449303264,-0.7300632130749862
189,comp_specific,3,-0.16254778778767542,-0.45025023135185316,0.1251546557765023,-0.07342028381567511
189,comp_specific,4,-0.3068961539519634,-0.8590554484440869,0.24526314054016013,-0.5488706511708504
189,comp_specific,5,-0.2807406129497082,-1.0673890573050038,0.5059078314055875,-0.21616641669458864
189,adaptshrink,1,0.38358595965548614,-0.03487705759976101,0.8020489769107333,0.2433482038737873
189,adaptshrink,2,-0.9791476770577099,-1.3199841423592886,-0.638311211756131,-0.7300632130749862
189,adaptshrink,3,-0.16357362002644796,-0.49993140995537966,0.17278416990248377,-0.07342028381567511
189,adaptshrink,4,-0.30307625275395395,-0.7839266476912876,0.17777414218337967,-0.5488706511708504
189,adaptshrink,5,-0.2731943597201981,-0.9152580558785528,0.36886933643815656,-0.21616641669458864
190,common_DL,1,-0.24608425759404867,-0.8565082472014094,0.364339732013312,-0.1586603208264286
190,common_DL,2,0.074950841579881,-0.5506251854565751,0.7005268686163371,0.2243008247593472
190,common_DL,3,0.32485219335842175,-0.4468120437713078,1.0965164304881512,0.45330357332773347
190,common_DL,4,-0.6404878823863717,-1.3146768196924523,0.033701054919708984,-0.6710221224015795
190,common_DL,5,0.17348186772307753,-0.5580080877663993,0.9049718232125543,-0.015190466792881665
190,comp_specific,1,-0.2526707371989262,-0.46117211940581904,-0.04416935499203334,-0.1586603208264286
190,comp_specific,2,0.12584127022272867,-0.2889077140141714,0.5405902544596288,0.2243008247593472
190,comp_specific,3,0.34886661717115963,-0.7062701358861478,1.404003370228467,0.45330357332773347
190,comp_specific,4,-0.6438953298092565,-1.6827988028970042,0.3950081432784913,-0.6710221224015795
190,comp_specific,5,0.1835417594730142,-0.20911392208232327,0.5761974410283517,-0.015190466792881665
190,adaptshrink,1,-0.24483620108203338,-0.7355057413994344,0.24583333923536757,-0.1586603208264286
190,adaptshrink,2,0.08866341259437213,-0.4587825277554678,0.6361093529442121,0.2243008247593472
190,adaptshrink,3,0.3364506746089828,-0.5400857962200128,1.2129871454379786,0.45330357332773347
190,adaptshrink,4,-0.6424289563608533,-1.4567777521836498,0.1719198394619431,-0.6710221224015795
190,adaptshrink,5,0.1759516635403257,-0.464817157765347,0.8167204848459984,-0.015190466792881665
191,common_DL,1,-0.4957608152884352,-0.8085965471255695,-0.18292508345130087,-0.42432543276413537
191,common_DL,2,-0.4635592417167197,-0.7650461467176498,-0.16207233671578958,-0.32437595389825075
191,common_DL,3,0.2174231283431434,0.011570765370559788,0.423275491315727,0.24243111814465756
191,common_DL,4,-0.40235557286092893,-0.7125914012103652,-0.09211974451149263,-0.3576031761634107
191,common_DL,5,0.2690005073315076,-0.006726011184519098,0.5447270258475343,0.2517669260263806
191,comp_specific,1,-0.4857304912822642,-0.7527266841962531,-0.2187342983682753,-0.42432543276413537
191,comp_specific,2,-0.46047934743709584,-0.8038202916841872,-0.11713840319000446,-0.32437595389825075
191,comp_specific,3,0.20926169989162988,0.0725156238422949,0.3460077759409649,0.24243111814465756
191,comp_specific,4,-0.46447031544286443,-1.0180748356368299,0.0891342047511009,-0.3576031761634107
191,comp_specific,5,0.2751706357232928,-0.01496435505763205,0.5653056265042177,0.2517669260263806
191,adaptshrink,1,-0.492265099692959,-0.7869481446892024,-0.19758205469671564,-0.42432543276413537
191,adaptshrink,2,-0.46269619812423257,-0.779058171810049,-0.14633422443841615,-0.32437595389825075
191,adaptshrink,3,0.214339394885729,0.038640540174592314,0.3900382495968657,0.24243111814465756
191,adaptshrink,4,-0.44569329106814864,-0.8819873876029656,-0.009399194533331712,-0.3576031761634107
191,adaptshrink,5,0.27222876277744773,-0.010820089483187356,0.5552776150380828,0.2517669260263806
192,common_DL,1,0.3482713993120014,0.07763268157927328,0.6189101170447295,0.37367586690763255
192,common_DL,2,-1.7143198374401962,-2.145204582517054,-1.2834350923633386,-1.247765113259924
192,common_DL,3,-0.412135131957259,-0.8611066726277792,0.036836408713261215,-0.2906703977370171
192,common_DL,4,1.203583221844085,0.8784720931704251,1.5286943505177448,0.8138567791606988
192,common_DL,5,0.21526799704812596,-0.143204972708344,0.573740966804596,0.03348301834553009
192,comp_specific,1,0.3594639105448054,0.1782163629526321,0.5407114581369787,0.37367586690763255
192,comp_specific,2,-1.713593950233,-2.086147780964458,-1.341040119501542,-1.247765113259924
192,comp_specific,3,-0.42642537491917826,-1.1682173336442303,0.31536658380587373,-0.2906703977370171
192,comp_specific,4,1.205767233972185,0.78639858227083,1.62513588567354,0.8138567791606988
192,comp_specific,5,0.2133883158499848,-0.06549879098954858,0.4922754226895182,0.03348301834553009
192,adaptshrink,1,0.35018697251117115,0.11189425051645291,0.5884796945058894,0.37367586690763255
192,adaptshrink,2,-1.7141387089104214,-2.1266682736805205,-1.3016091441403221,-1.247765113259924
192,adaptshrink,3,-0.4209760873041902,-0.9852285261255893,0.14327635151720886,-0.2906703977370171
192,adaptshrink,4,1.2044998300023966,0.8284049585736917,1.5805947014311015,0.8138567791606988
192,adaptshrink,5,0.2148270610622817,-0.1202424091107718,0.5498965312353352,0.03348301834553009
193,common_DL,1,-0.022822843922456107,-0.5781705185979404,0.5325248307530281,0.06604329515611936
193,common_DL,2,0.25760805136437037,-0.29922593507739315,0.8144420378061339,0.5088796112282885
193,common_DL,3,0.21760884362449925,-0.39739914048578806,0.8326168277347866,0.37449016355796666
193,common_DL,4,-0.035306648689408054,-0.5592532439331914,0.48863994655437537,0.06966152761232271
193,common_DL,5,0.13205946173117195,-0.4781973286094839,0.7423162520718278,0.24882947213463327
193,comp_specific,1,-0.051653315347525514,-0.27236822109551384,0.1690615904004628,0.06604329515611936
193,comp_specific,2,0.17656071419937167,-0.7328510963162418,1.0859725247149852,0.5088796112282885
193,comp_specific,3,0.2253087584196752,-0.1933857721227448,0.6440032889620952,0.37449016355796666
193,comp_specific,4,-0.020173074521159795,-0.4876714412387766,0.447325292196457,0.06966152761232271
193,comp_specific,5,0.16009770396886924,-0.20629829168822633,0.5264936996259648,0.24882947213463327
193,adaptshrink,1,-0.031970328914521354,-0.4829523830217524,0.41901172519270974,0.06604329515611936
193,adaptshrink,2,0.2034709422565374,-0.5267165727450747,0.9336584572581494,0.5088796112282885
193,adaptshrink,3,0.21926545129874392,-0.33868662613306993,0.7772175287305578,0.37449016355796666
193,adaptshrink,4,-0.028495238701017486,-0.5251181434735237,0.46812766607148876,0.06966152761232271
193,adaptshrink,5,0.13796083623901237,-0.38275516965943623,0.6586768421374609,0.24882947213463327
194,common_DL,1,0.11898512588553709,-0.2137169596582241,0.45168721142929824,0.12596429907869158
194,common_DL,2,-0.11528414527124763,-0.4150328822846362,0.18446459174214092,0.2735282162908543
194,common_DL,3,0.29923598403108453,-0.1295098880280383,0.7279818560902074,0.03470050775830132
194,common_DL,4,0.002573639826312625,-0.3561997604399431,0.3613470400925684,-0.09161488110234542
194,common_DL,5,-0.06725293322104116,-0.39145095915501343,0.25694509271293114,-0.08285766509226705
194,comp_specific,1,0.13094588990367406,-0.12161343564258287,0.383505215449931,0.12596429907869158
194,comp_specific,2,-0.0863331920547786,-0.49611776243131,0.32345137832175275,0.2735282162908543
194,comp_specific,3,0.31437359926474473,-0.006117556672302515,0.634864755201792,0.03470050775830132
194,comp_specific,4,0.07370729481110523,-0.4697348165007523,0.6171494061229628,-0.09161488110234542
194,comp_specific,5,-0.05350525994474939,-0.2537514024567049,0.14674088256720616,-0.08285766509226705
194,adaptshrink,1,0.1239300815228243,-0.17215170796870882,0.42001187101435744,0.12596429907869158
194,adaptshrink,2,-0.09584220807344716,-0.45542230360868097,0.2637378874617866,0.2735282162908543
194,adaptshrink,3,0.30278330969492073,-0.09431476930245059,0.6998813886922921,0.03470050775830132
194,adaptshrink,4,0.04701092896985556,-0.4019449716991647,0.4959668296388758,-0.09161488110234542
194,adaptshrink,5,-0.06306433343720129,-0.3435553951986843,0.21742672832428167,-0.08285766509226705
195,common_DL,1,0.2072068732954171,-0.05898417611813611,0.4733979227089703,0.13910949324529137
195,common_DL,2,-0.29013594838137224,-0.5079477443375471,-0.07232415242519738,-0.1570600235364963
195,common_DL,3,0.7014721106445247,0.47700396229551634,0.9259402589935332,0.641700128437161
195,common_DL,4,0.5885262837822745,0.30819876774803306,0.8688537998165158,0.7049263908303343
195,common_DL,5,-0.17283689513346007,-0.4221819163695872,0.07650812610266705,-0.19048368144696196
195,comp_specific,1,0.2072068732954167,-0.05898417611813639,0.4733979227089698,0.13910949324529137
195,comp_specific,2,-0.28512960117295727,-0.5393132619995562,-0.03094594034635828,-0.1570600235364963
195,comp_specific,3,0.7014721106445252,0.4770039622955168,0.9259402589935336,0.641700128437161
195,comp_specific,4,0.5885262837822745,0.308198767748033,0.8688537998165159,0.7049263908303343
195,comp_specific,5,-0.17812111438308928,-0.4473652420307548,0.09112301326457625,-0.19048368144696196
195,adaptshrink,1,0.20720687329541737,-0.058984176118135834,0.4733979227089706,0.13910949324529137
195,adaptshrink,2,-0.2878708910764292,-0.5224752472673913,-0.05326653488546712,-0.1570600235364963
195,adaptshrink,3,0.7014721106445245,0.47700396229551617,0.9259402589935328,0.641700128437161
195,adaptshrink,4,0.5885262837822747,0.3081987677480333,0.868853799816516,0.7049263908303343
195,adaptshrink,5,-0.17480116415380742,-0.43107776406176257,0.08147543575414773,-0.19048368144696196
196,common_DL,1,-0.23560582090217005,-0.7434971082559345,0.27228546645159435,-0.48937657508100024
196,common_DL,2,0.8810786771957553,0.44413565301822466,1.318021701373286,0.7489597709499695
196,common_DL,3,-0.0380753949058211,-0.5854964847075332,0.509345694895891,0.03896464402424201
196,common_DL,4,-0.05704103115500084,-0.4884918183631648,0.3744097560531632,-0.1559870691331295
196,common_DL,5,0.3599636885300732,-0.08460162966510087,0.8045290067252473,0.5224280306779685
196,comp_specific,1,-0.24650585894448715,-0.7202441330610995,0.2272324151721252,-0.48937657508100024
196,comp_specific,2,0.854286184587749,0.6555719445777268,1.053000424597771,0.7489597709499695
196,comp_specific,3,0.029759485266561247,-0.139879185134157,0.1993981556672795,0.03896464402424201
196,comp_specific,4,-0.06139048790446408,-0.7919572998113383,0.6691763240024101,-0.1559870691331295
196,comp_specific,5,0.4469198270347934,0.26072887471121836,0.6331107793583683,0.5224280306779685
196,adaptshrink,1,-0.23991147893487472,-0.7335033381587877,0.2536803802890383,-0.48937657508100024
196,adaptshrink,2,0.8749723699044946,0.5308638490711011,1.219080890737888,0.7489597709499695
196,adaptshrink,3,-0.026668053889240623,-0.4907444921489744,0.43740838437049323,0.03896464402424201
196,adaptshrink,4,-0.059927137213031695,-0.6607600949497952,0.5409058205237318,-0.1559870691331295
196,adaptshrink,5,0.378250405328049,0.02806587694520879,0.7284349337108892,0.5224280306779685
197,common_DL,1,-0.23311197253402344,-0.5182633604515046,0.05203941538345769,-0.1867230329231672
197,common_DL,2,-0.28001376423388014,-0.6061771982105713,0.046149669742810984,-0.5002465129200171
197,common_DL,3,0.5176552399679155,0.26227037657588687,0.7730401033599441,0.3814105844025127
197,common_DL,4,-0.3111267052707644,-0.6100580473841268,-0.01219536315740194,-0.241557939463663
197,common_DL,5,0.17335501609729753,-0.2225079227367346,0.5692179549313297,0.5017588085272575
197,comp_specific,1,-0.2065257242637664,-0.3915815208151023,-0.021469927712430503,-0.1867230329231672
197,comp_specific,2,-0.2458974704389846,-0.7645991830428401,0.272804242164871,-0.5002465129200171
197,comp_specific,3,0.521394272234885,0.25673954374101077,0.7860490007287593,0.3814105844025127
197,comp_specific,4,-0.3150530055266126,-0.6257260721586202,-0.004379938894605029,-0.241557939463663
197,comp_specific,5,0.1563448506234577,-0.1963380549478705,0.5090277561947859,0.5017588085272575
197,adaptshrink,1,-0.22475517555935248,-0.47653021428341485,0.02701986316470989,-0.1867230329231672
197,adaptshrink,2,-0.26004997106998357,-0.662043371703527,0.14194342956355988,-0.5002465129200171
197,adaptshrink,3,0.519578007724477,0.25949852389887024,0.7796574915500838,0.3814105844025127
197,adaptshrink,4,-0.31287889575497596,-0.6169127261506184,-0.008845065359333493,-0.241557939463663
197,adaptshrink,5,0.1671816088273082,-0.2110396396525731,0.5454028573071895,0.5017588085272575
198,common_DL,1,0.1840839265235779,-0.26670133870728474,0.6348691917544406,0.27055710256277765
198,common_DL,2,-0.7211751956859489,-1.0605588350166442,-0.3817915563552537,-0.8770976475691603
198,common_DL,3,0.6619517687113906,0.2826099639458421,1.041293573476939,0.5691366927625956
198,common_DL,4,0.012011546419607553,-0.3630463424622274,0.3870694353014425,0.13745325458969337
198,common_DL,5,-0.1378085585057747,-0.5548315028972294,0.2792143858856799,-0.2071063123284689
198,comp_specific,1,0.18218079771347018,-0.27463681408081064,0.638998409507751,0.27055710256277765
198,comp_specific,2,-0.716856188523459,-1.1430715796680935,-0.2906407973788246,-0.8770976475691603
198,comp_specific,3,0.642972977639124,0.4263402539808118,0.8596057012974361,0.5691366927625956
198,comp_specific,4,0.010603536141178494,-0.33609385125847246,0.35730092354082943,0.13745325458969337
198,comp_specific,5,-0.12441665708319741,-0.39188446182641845,0.14305114766002366,-0.2071063123284689
198,adaptshrink,1,0.18325280650360276,-0.2701329364015941,0.6366385494087996,0.27055710256277765
198,adaptshrink,2,-0.718484066159758,-1.1041055191134677,-0.3328626132060483,-0.8770976475691603
198,adaptshrink,3,0.6532604637012159,0.34037102437650846,0.9661499030259234,0.5691366927625956
198,adaptshrink,4,0.011318606331012867,-0.34986917167189574,0.3725063843339215,0.13745325458969337
198,adaptshrink,5,-0.13286833940037135,-0.4896422717213895,0.22390559292064682,-0.2071063123284689
199,common_DL,1,0.3420356937575129,0.06733919752454032,0.6167321899904855,0.48358440520034
199,common_DL,2,1.5176885196800511,1.0708022288123633,1.964574810547739,0.8004499446959705
199,common_DL,3,0.263822238104029,0.013409143885536046,0.5142353323225219,0.10925223202757502
199,common_DL,4,0.1283252673547825,-0.13682632018790286,0.39347685489746786,0.5721545042199968
199,common_DL,5,-0.6443348053203142,-0.8557905378225854,-0.4328790728180429,-0.7114074272928064
199,comp_specific,1,0.3771587898767965,0.18748236503824822,0.5668352147153448,0.48358440520034
199,comp_specific,2,1.536721835286402,0.9253344096341235,2.1481092609386807,0.8004499446959705
199,comp_specific,3,0.27134995738728795,0.06798673928308371,0.47471317549149217,0.10925223202757502
199,comp_specific,4,0.12970849615215943,-0.1375613278761871,0.39697832018050594,0.5721545042199968
199,comp_specific,5,-0.6659514743332624,-0.9359666343476064,-0.3959363143189184,-0.7114074272928064
199,adaptshrink,1,0.35036967957415177,0.09832048843833413,0.6024188707099694,0.48358440520034
199,adaptshrink,2,1.5264338312119388,1.017051370440106,2.0358162919837715,0.8004499446959705
199,adaptshrink,3,0.2665156811036084,0.03476326620227291,0.49826809600494393,0.10925223202757502
199,adaptshrink,4,0.12902147060860616,-0.13719263708303006,0.39523557830024236,0.5721545042199968
199,adaptshrink,5,-0.6575521433137841,-0.9004526445695438,-0.4146516420580244,-0.7114074272928064
200,common_DL,1,1.1607165634704095,0.8835890703674285,1.4378440565733905,1.259521958397999
200,common_DL,2,-0.1085905703389719,-0.4425544003654044,0.22537325968746058,-0.2966304456406144
200,common_DL,3,0.8391863988555366,0.40313351772018846,1.2752392799908847,1.1130573132252852
200,common_DL,4,-0.42241436422556633,-0.8351533132628208,-0.009675415188311887,-0.08332992723282516
200,common_DL,5,1.0279614307249374,0.6370578952023356,1.4188649662475392,0.4036661147018085
200,comp_specific,1,1.1603705686090877,0.9044383588534566,1.4163027783647189,1.259521958397999
200,comp_specific,2,-0.10235969278906037,-0.514033681689203,0.30931429611108235,-0.2966304456406144
200,comp_specific,3,0.8414944566980861,0.4212439770020371,1.261744936394135,1.1130573132252852
200,comp_specific,4,-0.433578405567338,-1.030903506018562,0.163746694883886,-0.08332992723282516
200,comp_specific,5,1.0251876734184098,0.653020715481236,1.3973546313555836,0.4036661147018085
200,adaptshrink,1,1.160697548327878,0.8937006650760997,1.4276944315796565,1.259521958397999
200,adaptshrink,2,-0.10569255774561537,-0.4753385564625976,0.26395344097136686,-0.2966304456406144
200,adaptshrink,3,0.8399258689365042,0.4090688948684513,1.2707828430045571,1.1130573132252852
200,adaptshrink,4,-0.4281443261315081,-0.9106395424653914,0.05435089020237516,-0.08332992723282516
200,adaptshrink,5,1.027087538999669,0.6423009780516937,1.4118740999476442,0.4036661147018085
201,common_DL,1,0.14789455518199576,-0.2863451902489812,0.5821343006129727,0.33859436926910064
201,common_DL,2,-0.29554783899460013,-0.8671595955698603,0.27606391758066007,-0.1466974286453582
201,common_DL,3,-0.06614097766810054,-0.514810897598199,0.38252894226199785,-0.030631027933058348
201,common_DL,4,1.0314436358655836,0.632002617233743,1.4308846544974243,0.9209911489006397
201,common_DL,5,0.025869841841241303,-0.4943282115734242,0.5460678952559068,0.06772006534908258
201,comp_specific,1,0.11842099894927366,-0.18814689871929074,0.42498889661783806,0.33859436926910064
201,comp_specific,2,-0.32521162148804184,-0.7143557182034255,0.0639324752273418,-0.1466974286453582
201,comp_specific,3,-0.06678563254773817,-0.28391644752226175,0.15034518242678543,-0.030631027933058348
201,comp_specific,4,1.1434911183760301,0.5006414574919467,1.7863407792601136,0.9209911489006397
201,comp_specific,5,0.022930441602365542,-0.30122871961467623,0.3470896028194074,0.06772006534908258
201,adaptshrink,1,0.13904555661588927,-0.24701705395202608,0.5251081671838046,0.33859436926910064
201,adaptshrink,2,-0.3013776391204195,-0.8216875887616693,0.2189323105208303,-0.1466974286453582
201,adaptshrink,3,-0.0680325111925354,-0.4466525873099718,0.310587564924901,-0.030631027933058348
201,adaptshrink,4,1.1095874545253288,0.573078643240489,1.6460962658101685,0.9209911489006397
201,adaptshrink,5,0.025718726415973087,-0.43951161440725206,0.4909490672391982,0.06772006534908258
202,common_DL,1,-0.2652844192034668,-0.6612558567512072,0.1306870183442737,-0.2881292376272043
202,common_DL,2,0.09990514680483695,-0.2802121554569609,0.4800224490666347,0.21234059761632473
202,common_DL,3,0.3522441405506147,0.043264355651772946,0.6612239254494565,0.3976234529136715
202,common_DL,4,-0.3088089402298012,-0.7345505827965468,0.11693270233694447,-0.5702662379669879
202,common_DL,5,-0.9433444074435756,-1.2987638623552353,-0.5879249525319159,-0.7647388384115696
202,comp_specific,1,-0.2622068111453267,-0.6375710775419889,0.11315745525133558,-0.2881292376272043
202,comp_specific,2,0.10405279906132447,-0.29846560676873696,0.506571204891386,0.21234059761632473
202,comp_specific,3,0.37198673810515426,0.2354538001037067,0.5085196761066018,0.3976234529136715
202,comp_specific,4,-0.271535349753097,-1.1572881908654864,0.6142174913592923,-0.5702662379669879
202,comp_specific,5,-0.9030238831113548,-1.1346863964236504,-0.6713613697990592,-0.7647388384115696
202,adaptshrink,1,-0.2640012598571554,-0.6513088193361689,0.12330629962185818,-0.2881292376272043
202,adaptshrink,2,0.1013907383816346,-0.286346141639298,0.4891276184025672,0.21234059761632473
202,adaptshrink,3,0.3616333439737118,0.11748724821029077,0.6057794397371328,0.3976234529136715
202,adaptshrink,4,-0.2828358174603115,-0.9042047592095501,0.3385331242889271,-0.5702662379669879
202,adaptshrink,5,-0.9302194821512026,-1.2320739643368872,-0.6283649999655181,-0.7647388384115696
203,common_DL,1,0.5168296379116888,0.030211437871623725,1.0034478379517537,0.511800908600889
203,common_DL,2,0.6687843435826417,0.10766214588692857,1.2299065412783547,0.19241092285494044
203,common_DL,3,0.049736134596531034,-0.5899034332941696,0.6893757024872317,-0.19080964286485733
203,common_DL,4,1.112119700203584,0.4637884714186502,1.760450928988518,0.9328518445500982
203,common_DL,5,0.018452976233171936,-0.46052756310163934,0.4974335155679832,-0.09017905300895716
203,comp_specific,1,0.5676869739495358,0.35064542209371186,0.7847285258053598,0.511800908600889
203,comp_specific,2,0.6793270836853657,-0.06140956821557819,1.4200637355863095,0.19241092285494044
203,comp_specific,3,0.04676858289637498,-0.3176999767231948,0.41123714251594473,-0.19080964286485733
203,comp_specific,4,1.1095817138262196,0.39899143581456786,1.8201719918378714,0.9328518445500982
203,comp_specific,5,0.01981854093112906,-0.4710883400237292,0.5107254218859874,-0.09017905300895716
203,adaptshrink,1,0.5259301362954449,0.1382463552766806,0.9136139173142093,0.511800908600889
203,adaptshrink,2,0.67360698988149,0.04674203224072615,1.300471947522254,0.19241092285494044
203,adaptshrink,3,0.049294419198877615,-0.5139649708396192,0.6125538092373746,-0.19080964286485733
203,adaptshrink,4,1.1111947233127006,0.4414339949416288,1.7809554516837725,0.9328518445500982
203,adaptshrink,5,0.019150349595675575,-0.4658339233756351,0.5041346225669863,-0.09017905300895716
204,common_DL,1,0.035028937488045364,-0.379895137795726,0.4499530127718167,-0.01656375396662268
204,common_DL,2,0.9128195024615391,0.5347263269344094,1.2909126779886688,0.8706824618496651
204,common_DL,3,0.7140193229547602,0.33628196346412015,1.0917566824454004,0.5542299579667744
204,common_DL,4,-0.29514381795369493,-0.6816639347051208,0.09137629879773085,-0.2217967637416788
204,common_DL,5,-1.7831638614007181,-2.167928938211434,-1.398398784590002,-1.6556110919783995
204,comp_specific,1,0.08160301962258742,-0.15628562106730634,0.3194916603124812,-0.01656375396662268
204,comp_specific,2,0.9114949738624574,0.42095517589794684,1.402034771826968,0.8706824618496651
204,comp_specific,3,0.7084888713905279,0.2993169718855406,1.117660770895515,0.5542299579667744
204,comp_specific,4,-0.309974982703739,-0.7995586562579828,0.17960869085050474,-0.2217967637416788
204,comp_specific,5,-1.8187002845141806,-2.0771864914673204,-1.560214077561041,-1.6556110919783995
204,adaptshrink,1,0.04433190475011553,-0.31439624172839087,0.4030600512286219,-0.01656375396662268
204,adaptshrink,2,0.9117868463479374,0.47348439333588255,1.3500892993599922,0.8706824618496651
204,adaptshrink,3,0.711500229527878,0.3199513284693064,1.1030491305864496,0.5542299579667744
204,adaptshrink,4,-0.30343077664764306,-0.737333713735571,0.13047216044028487,-0.2217967637416788
204,adaptshrink,5,-1.7941059090741898,-2.125021473944568,-1.4631903442038117,-1.6556110919783995
205,common_DL,1,0.1377818341262465,-0.5141793929201353,0.7897430611726282,0.25803390465499626
205,common_DL,2,-0.02680635688376516,-0.6582060950407372,0.6045933812732068,-0.04283774133275816
205,common_DL,3,-1.047884151836245,-1.580468519658897,-0.515299784013593,-0.8563337320156307
205,common_DL,4,-0.004022794642099689,-0.482814119869808,0.4747685305856086,-0.5080020248681323
205,common_DL,5,0.235520239175449,-0.33527480704607554,0.8063152853969735,0.3440583144160401
205,comp_specific,1,0.13492630823256566,-0.21620818572872827,0.4860608021938596,0.25803390465499626
205,comp_specific,2,-0.05384395524676841,-0.9692300582123823,0.8615421477188454,-0.04283774133275816
205,comp_specific,3,-1.0506916564279731,-1.3645302718294312,-0.736853041026515,-0.8563337320156307
205,comp_specific,4,-0.00836204645214006,-0.617145299968181,0.600421207063901,-0.5080020248681323
205,comp_specific,5,0.20447631965171212,-0.09671744611771746,0.5056700854211417,0.3440583144160401
205,adaptshrink,1,0.13750540295034674,-0.43231531178643057,0.7073261176871241,0.25803390465499626
205,adaptshrink,2,-0.03979624876022994,-0.778691722216058,0.6990992246955982,-0.04283774133275816
205,adaptshrink,3,-1.0492345552148397,-1.4877018798019883,-0.610767230627691,-0.8563337320156307
205,adaptshrink,4,-0.006841672520480541,-0.5546395419750539,0.5409561969340929,-0.5080020248681323
205,adaptshrink,5,0.22809528817381874,-0.24834809036786154,0.704538666715499,0.3440583144160401
206,common_DL,1,0.8114589374923833,0.37513663494641725,1.2477812400383494,0.9107788213172578
206,common_DL,2,-0.2596984198757899,-0.5598791339393865,0.04048229418780669,-0.23756119569719894
206,common_DL,3,0.20816892782469945,-0.09972733165695144,0.5160651873063503,0.1713022538527065
206,common_DL,4,0.22463793677989183,-0.1837545478103668,0.6330304213701504,0.18837590310781302
206,common_DL,5,0.30993306576262214,-0.06048051337606025,0.6803466449013045,0.38348390984748043
206,comp_specific,1,0.8192174954849849,0.34043565282192717,1.2979993381480426,0.9107788213172578
206,comp_specific,2,-0.28432258587496334,-0.6906000416708536,0.12195486992092697,-0.23756119569719894
206,comp_specific,3,0.21784913621179675,0.05340341235225293,0.38229486007134056,0.1713022538527065
206,comp_specific,4,0.21728967929516524,-0.33575269324603413,0.7703320518363646,0.18837590310781302
206,comp_specific,5,0.25660570601627,0.019385059004671634,0.4938263530278683,0.38348390984748043
206,adaptshrink,1,0.8144313310724567,0.363421300831046,1.2654413613138673,0.9107788213172578
206,adaptshrink,2,-0.27426026542987103,-0.6321026409817961,0.08358211012205408,-0.23756119569719894
206,adaptshrink,3,0.20965655858602172,-0.04819491476154247,0.4675080319335859,0.1713022538527065
206,adaptshrink,4,0.22102434775611587,-0.2407987569350771,0.6828474524473088,0.18837590310781302
206,adaptshrink,5,0.2972629342307625,-0.02785380513676078,0.6223796735982858,0.38348390984748043
207,common_DL,1,-0.8774233399138709,-1.1549816590820494,-0.5998650207456924,-0.9080035670349318
207,common_DL,2,0.3329493717635371,-0.05793490861874162,0.7238336521458159,0.035107343056388435
207,common_DL,3,-0.2363906586196931,-0.6498028361341612,0.17702151889477497,-0.28550884837530394
207,common_DL,4,0.22014770761404434,-0.1492522908239297,0.5895477060520184,0.06488441215552683
207,common_DL,5,0.010222008714628847,-0.42656824622672707,0.4470122636559848,-0.10177186442250316
207,comp_specific,1,-0.8838338306109166,-1.0231875925658755,-0.7444800686559577,-0.9080035670349318
207,comp_specific,2,0.2980803332812832,-0.2525028974190519,0.8486635639816182,0.035107343056388435
207,comp_specific,3,-0.21128536983460244,-0.5071923587626683,0.0846216190934635,-0.28550884837530394
207,comp_specific,4,0.20735732731072992,-0.29367520515230533,0.7083898597737652,0.06488441215552683
207,comp_specific,5,0.06622714626825622,-0.5296892092983793,0.6621435018348917,-0.10177186442250316
207,adaptshrink,1,-0.8839409833573639,-1.108309847392258,-0.65957211932247,-0.9080035670349318
207,adaptshrink,2,0.3122033116431688,-0.15497822423479252,0.77938484752113,0.035107343056388435
207,adaptshrink,3,-0.23098786611134384,-0.6103052286592081,0.14832949643652046,-0.28550884837530394
207,adaptshrink,4,0.21462653931587777,-0.20368136200917464,0.6329344406409302,0.06488441215552683
207,adaptshrink,5,0.03699992621657788,-0.4609235251732872,0.534923377606443,-0.10177186442250316
208,common_DL,1,0.15740676335835038,-0.10148048029617132,0.4162940070128721,0.2862947824986136
208,common_DL,2,-0.22139803617400408,-0.5324941983336743,0.08969812598566615,-0.1710886813606806
208,common_DL,3,0.14016621911737506,-0.12400742283343028,0.40433986106818043,0.32602320023142733
208,common_DL,4,-0.3912732935205451,-0.6101008605153662,-0.17244572652572396,-0.03956352855459459
208,common_DL,5,-0.4291204110712309,-0.6504717841772785,-0.20776903796518328,-0.45419600974458596
208,comp_specific,1,0.1574067633583499,-0.10148048029617174,0.41629400701287156,0.2862947824986136
208,comp_specific,2,-0.22139803617400383,-0.5324941983336742,0.08969812598566645,-0.1710886813606806
208,comp_specific,3,0.14329021737395348,-0.13106955492007283,0.4176499896679798,0.32602320023142733
208,comp_specific,4,-0.3912732935205445,-0.6101008605153656,-0.1724457265257234,-0.03956352855459459
208,comp_specific,5,-0.42912041107123106,-0.6504717841772786,-0.2077690379651835,-0.45419600974458596
208,adaptshrink,1,0.1574067633583498,-0.1014804802961718,0.4162940070128714,0.2862947824986136
208,adaptshrink,2,-0.22139803617400372,-0.532494198333674,0.08969812598566651,-0.1710886813606806
208,adaptshrink,3,0.1417831231410654,-0.12754433705770557,0.41111058333983636,0.32602320023142733
208,adaptshrink,4,-0.3912732935205446,-0.6101008605153657,-0.1724457265257235,-0.03956352855459459
208,adaptshrink,5,-0.4291204110712304,-0.6504717841772779,-0.20776903796518287,-0.45419600974458596
209,common_DL,1,-0.49146261548233106,-0.8362474927602148,-0.1466777382044473,-0.31739993613753975
209,common_DL,2,-0.4329982927140479,-0.8929877387078471,0.02699115327975138,-0.6781811801413042
209,common_DL,3,0.6211399832888062,0.24407588049217527,0.9982040860854371,0.7035770729166829
209,common_DL,4,-0.051112061659750935,-0.42142141342961414,0.3191972901101122,-0.008848240960360873
209,common_DL,5,0.5849241102203278,0.16647889258122894,1.0033693278594265,0.24540693071139663
209,comp_specific,1,-0.46320912460838093,-0.6565812086996062,-0.2698370405171556,-0.31739993613753975
209,comp_specific,2,-0.44081377458414694,-0.7785820293323821,-0.10304551983591181,-0.6781811801413042
209,comp_specific,3,0.6444660187869754,0.37918679568533653,0.9097452418886143,0.7035770729166829
209,comp_specific,4,0.07315207245328748,-0.6132506380681023,0.7595547829746773,-0.008848240960360873
209,comp_specific,5,0.5256256632812877,0.32721170466060706,0.7240396219019682,0.24540693071139663
209,adaptshrink,1,-0.4807655682102415,-0.7641597052274266,-0.19737143119305645,-0.31739993613753975
209,adaptshrink,2,-0.4346770484591503,-0.8485565446721783,-0.02079755224612223,-0.6781811801413042
209,adaptshrink,3,0.6289630864734191,0.3015990011200645,0.9563271718267738,0.7035770729166829
209,adaptshrink,4,0.044207599300192434,-0.5089841770629533,0.5973993756633382,-0.008848240960360873
209,adaptshrink,5,0.578674796438587,0.21298856299097585,0.9443610298861982,0.24540693071139663
210,common_DL,1,-0.2812080542230456,-0.7792086723788918,0.21679256393280055,-0.15981079109276078
210,common_DL,2,-0.43481703729693133,-0.9708602400093612,0.10122616541549856,-0.13049454416183554
210,common_DL,3,0.3374604117770122,-0.1644515020210912,0.8393723255751155,0.11068678607818393
210,common_DL,4,0.6030567638934733,0.02106306669596536,1.1850504610909813,0.784203520422158
210,common_DL,5,-0.290691288220512,-0.76543022108381,0.18404764464278595,-0.41227784477507334
210,comp_specific,1,-0.2782331696897381,-0.650537058276765,0.0940707188972888,-0.15981079109276078
210,comp_specific,2,-0.5043791038339713,-1.473071081174457,0.4643128735065143,-0.13049454416183554
210,comp_specific,3,0.32049255717290254,-0.03385960452528747,0.6748447188710925,0.11068678607818393
210,comp_specific,4,0.6037769641718773,0.04374579726307437,1.1638081310806803,0.784203520422158
210,comp_specific,5,-0.3010926292927694,-0.45821048371349515,-0.1439747748720437,-0.41227784477507334
210,adaptshrink,1,-0.2801168030303277,-0.7205170044207424,0.16028339836008698,-0.15981079109276078
210,adaptshrink,2,-0.4847341081582275,-1.238067029227715,0.26859881291126,-0.13049454416183554
210,adaptshrink,3,0.33202575728526784,-0.10427989167159996,0.7683314062421356,0.11068678607818393
210,adaptshrink,4,0.6033494933999718,0.030660478333747854,1.1760385084661957,0.784203520422158
210,adaptshrink,5,-0.2948229270306961,-0.6600512172767283,0.07040536321533603,-0.41227784477507334
211,common_DL,1,0.2766957970804036,-0.09571928772367189,0.6491108818844791,0.06482071956192
211,common_DL,2,-0.29418738090201996,-0.6464486892554048,0.05807392745136486,-0.3676287846742319
211,common_DL,3,0.7344351179262627,0.36723068808889814,1.1016395477636274,0.6675027882990966
211,common_DL,4,-0.5940359628661382,-0.9327807717827432,-0.25529115394953333,-0.6013393038371194
211,common_DL,5,-0.6085071045872599,-0.9410356806074875,-0.2759785285670322,-0.5421749162719376
211,comp_specific,1,0.2524490401145457,0.01879222878624845,0.486105851442843,0.06482071956192
211,comp_specific,2,-0.3005486985923268,-0.8780116979233857,0.27691430073873213,-0.3676287846742319
211,comp_specific,3,0.7082174871576751,0.5115649097307611,0.9048700645845891,0.6675027882990966
211,comp_specific,4,-0.5963212436317159,-0.9626049777218151,-0.23003750954161672,-0.6013393038371194
211,comp_specific,5,-0.5996620080451965,-0.8448613867054826,-0.35446262938491047,-0.5421749162719376
211,adaptshrink,1,0.2700767116742752,-0.05116531526681545,0.5913187386153659,0.06482071956192
211,adaptshrink,2,-0.2974325708622976,-0.760632271289994,0.1657671295653988,-0.3676287846742319
211,adaptshrink,3,0.7295599889695195,0.41794069858691063,1.0411792793521282,0.6675027882990966
211,adaptshrink,4,-0.5951343928678197,-0.945976821562176,-0.24429196417346338,-0.6013393038371194
211,adaptshrink,5,-0.6035558145422747,-0.8969800668921992,-0.3101315621923502,-0.5421749162719376
212,common_DL,1,-0.16771624234987914,-0.4235888376146771,0.0881563529149188,-0.3228226716147719
212,common_DL,2,-0.30591744206872784,-0.6436301375083349,0.03179525337087924,0.16712744326431572
212,common_DL,3,0.8278420004392192,0.5342641175987626,1.1214198832796758,0.8492657212744364
212,common_DL,4,0.5424336948125508,0.27127564949793315,0.8135917401271684,0.4603233582346055
212,common_DL,5,-0.1535214663106776,-0.4390522684826733,0.13200933586131813,-0.21448827605720397
212,comp_specific,1,-0.14302432751243793,-0.2945356322735524,0.008486977248676503,-0.3228226716147719
212,comp_specific,2,-0.3778604168959409,-0.8644278572889065,0.10870702349702466,0.16712744326431572
212,comp_specific,3,0.8319727253803932,0.6357671262015329,1.0281783245592537,0.8492657212744364
212,comp_specific,4,0.5541403875399307,0.1328171512777408,0.9754636238021206,0.4603233582346055
212,comp_specific,5,-0.13835714372167363,-0.31896502618721034,0.04225073874386309,-0.21448827605720397
212,adaptshrink,1,-0.15644671553706485,-0.3698269729099876,0.056933541835857915,-0.3228226716147719
212,adaptshrink,2,-0.3372691618587822,-0.7323854325632653,0.05784710884570088,0.16712744326431572
212,adaptshrink,3,0.8289765668703382,0.5634355634729795,1.0945175702676968,0.8492657212744364
212,adaptshrink,4,0.5508721075607019,0.19491304312731833,0.9068311719940856,0.4603233582346055
212,adaptshrink,5,-0.1493150865125712,-0.39765841907404087,0.09902824604889848,-0.21448827605720397
213,common_DL,1,-0.9772022387947839,-1.341550269498776,-0.6128542080907917,-0.9893275163178313
213,common_DL,2,-1.064153731204577,-1.4670450986473766,-0.6612623637617774,-0.8539968799770087
213,common_DL,3,-0.5405347203923893,-0.9019278602467815,-0.17914158053799695,-0.5117252136899734
213,common_DL,4,0.29689046180044826,-0.0719167558910822,0.6656976794919787,-0.21620414230217622
213,common_DL,5,-0.6110581256507208,-0.9518421968991797,-0.27027405440226193,-0.2862677831332417
213,comp_specific,1,-0.9862879093983847,-1.4728054382409477,-0.4997703805558219,-0.9893275163178313
213,comp_specific,2,-1.048631973452428,-1.5037378142837547,-0.5935261326211014,-0.8539968799770087
213,comp_specific,3,-0.5377180349264109,-0.7366455250159959,-0.3387905448368259,-0.5117252136899734
213,comp_specific,4,0.29628621238341235,-0.0691714006974416,0.6617438254642662,-0.21620414230217622
213,comp_specific,5,-0.6246877207398147,-0.9219500838650819,-0.3274253576145475,-0.2862677831332417
213,adaptshrink,1,-0.9828544246878551,-1.413531990176156,-0.5521768591995542,-0.9893275163178313
213,adaptshrink,2,-1.0583198583017934,-1.4794951261376825,-0.6371445904659044,-0.8539968799770087
213,adaptshrink,3,-0.5428010759460599,-0.8480431508988986,-0.23755900099322114,-0.5117252136899734
213,adaptshrink,4,0.29663499815309025,-0.0707412667673265,0.664011263073507,-0.21620414230217622
213,adaptshrink,5,-0.6170678505838412,-0.9372211641413192,-0.29691453702636317,-0.2862677831332417
214,common_DL,1,0.4052629884414458,0.2127273538134903,0.5977986230694013,0.34033626697069047
214,common_DL,2,0.6154611334921364,0.3430401055122881,0.8878821614719847,0.14216744923003513
214,common_DL,3,0.2547198519056938,0.04006756110669826,0.4693721427046893,0.08406360407171001
214,common_DL,4,-0.6088875774619428,-0.8687047571939457,-0.3490703977299399,-0.4441383620155702
214,common_DL,5,0.4661537687069308,0.21798853027257478,0.7143190071412868,0.517010619583363
214,comp_specific,1,0.3963256193021093,0.16629744541977734,0.6263537931844413,0.34033626697069047
214,comp_specific,2,0.6154611334921372,0.34304010551228875,0.8878821614719856,0.14216744923003513
214,comp_specific,3,0.25471985190569346,0.04006756110669782,0.4693721427046891,0.08406360407171001
214,comp_specific,4,-0.6099618304278932,-0.8724580847083935,-0.34746557614739293,-0.4441383620155702
214,comp_specific,5,0.46615376870693015,0.21798853027257417,0.7143190071412862,0.517010619583363
214,adaptshrink,1,0.4014575099258131,0.19551563687603915,0.607399382975587,0.34033626697069047
214,adaptshrink,2,0.6154611334921387,0.3430401055122901,0.8878821614719874,0.14216744923003513
214,adaptshrink,3,0.25471985190569335,0.04006756110669776,0.46937214270468897,0.08406360407171001
214,adaptshrink,4,-0.6094280560261203,-0.8705893258409428,-0.3482667862112977,-0.4441383620155702
214,adaptshrink,5,0.4661537687069266,0.21798853027257045,0.7143190071412827,0.517010619583363
215,common_DL,1,-0.009403079391005348,-0.42448471736315574,0.405678558581145,0.21807291650202787
215,common_DL,2,0.19202733712438877,-0.12390271978916476,0.5079573940379423,0.5210266709149783
215,common_DL,3,0.0971813915181873,-0.2261044567975514,0.420467239833926,-0.09493505571782121
215,common_DL,4,-0.288916165970296,-0.6030194193275783,0.025187087386986273,-0.25884029470327247
215,common_DL,5,-0.6694031334580595,-0.9481085745268552,-0.3906976923892638,-0.5466683320365878
215,comp_specific,1,-0.025556096443327125,-0.39899054039219994,0.3478783475055457,0.21807291650202787
215,comp_specific,2,0.20404695344904428,-0.18173067885772998,0.5898245857558185,0.5210266709149783
215,comp_specific,3,0.18539682150421977,-0.30524350096489744,0.676037143973337,-0.09493505571782121
215,comp_specific,4,-0.30979260629756167,-0.5574400365670916,-0.06214517602803174,-0.25884029470327247
215,comp_specific,5,-0.6815064024884625,-0.8662448706412044,-0.49676793433572064,-0.5466683320365878
215,adaptshrink,1,-0.015421048078109026,-0.41341544823174353,0.3825733520755255,0.21807291650202787
215,adaptshrink,2,0.20003678604055275,-0.15318556207662054,0.553259134157726,0.5210266709149783
215,adaptshrink,3,0.13582201155411344,-0.2535003563707076,0.5251443794789346,-0.09493505571782121
215,adaptshrink,4,-0.297018708443847,-0.5854348941401952,-0.008602522747498786,-0.25884029470327247
215,adaptshrink,5,-0.6717876077947839,-0.9243244490556933,-0.4192507665338744,-0.5466683320365878
216,common_DL,1,-0.40148889510931,-0.7887729990548447,-0.014204791163775321,-0.21092217908243502
216,common_DL,2,0.5536174803419179,0.24692298820397912,0.8603119724798567,0.6758872246182261
216,common_DL,3,0.3554331738861249,0.005863977123178321,0.7050023706490715,0.38683662291674453
216,common_DL,4,0.32789018398358305,-0.15669233766560864,0.8124727056327747,0.24911233895434337
216,common_DL,5,-0.4427887409700725,-0.8612510284548738,-0.024326453485271238,-0.31512447928093057
216,comp_specific,1,-0.41170274906073506,-0.6985411939817916,-0.12486430413967858,-0.21092217908243502
216,comp_specific,2,0.551854090325152,0.24170565521695525,0.8620025254333488,0.6758872246182261
216,comp_specific,3,0.3910542192549322,0.2021096767984148,0.5799987617114497,0.38683662291674453
216,comp_specific,4,0.14920002840126823,-0.8779419352162687,1.1763419920188052,0.24911233895434337
216,comp_specific,5,-0.4182957021382366,-0.7271973485007404,-0.1093940557757328,-0.31512447928093057
216,adaptshrink,1,-0.4053588758487984,-0.7544672669456007,-0.056250484751996066,-0.21092217908243502
216,adaptshrink,2,0.5527266095942808,0.2442981743392333,0.8611550448493283,0.6758872246182261
216,adaptshrink,3,0.3600605655824156,0.05242624512280297,0.6676948860420282,0.38683662291674453
216,adaptshrink,4,0.20238047850656377,-0.5155919181901889,0.9203528752033163,0.24911233895434337
216,adaptshrink,5,-0.4355054660759238,-0.8144259641872021,-0.056584967964645405,-0.31512447928093057
217,common_DL,1,-0.293152754034755,-0.6430861160449362,0.05678060797542611,-0.21452661283267507
217,common_DL,2,0.7136647410609114,0.4659544172163344,0.9613750649054884,0.6432693297268761
217,common_DL,3,-0.24551058535014142,-0.4674123590164554,-0.02360881168382742,-0.15691235473433124
217,common_DL,4,1.0990620158633055,0.9257529811091618,1.2723710506174493,1.0422399944448324
217,common_DL,5,0.25923089333403554,0.023081385396183512,0.49538040127188754,0.3258750850605621
217,comp_specific,1,-0.2940437331312455,-0.6292643589598397,0.0411768926973487,-0.21452661283267507
217,comp_specific,2,0.6912129880325324,0.3533590779381512,1.0290668981269135,0.6432693297268761
217,comp_specific,3,-0.2339342031127825,-0.4285745225965377,-0.039293883629027304,-0.15691235473433124
217,comp_specific,4,1.103816383220476,0.875429579018485,1.332203187422467,1.0422399944448324
217,comp_specific,5,0.25956329212272056,0.03669804513515745,0.48242853911028366,0.3258750850605621
217,adaptshrink,1,-0.293441291137817,-0.6385601325751538,0.05167755029951987,-0.21452661283267507
217,adaptshrink,2,0.7000191874280335,0.40243614804731065,0.9976022268087563,0.6432693297268761
217,adaptshrink,3,-0.24032524134103422,-0.4496709558373595,-0.03097952684470895,-0.15691235473433124
217,adaptshrink,4,1.1015393195619705,0.9023248713157448,1.3007537678081962,1.0422399944448324
217,adaptshrink,5,0.25939747832958415,0.02977089966280841,0.48902405699635987,0.3258750850605621
218,common_DL,1,-0.24234353753591387,-0.4476882275845827,-0.03699884748724505,-0.2790010627186782
218,common_DL,2,-0.6135758489896815,-0.8946211321468444,-0.3325305658325187,-0.5041139861833032
218,common_DL,3,-0.021375980564580552,-0.34286140204651594,0.3001094409173548,0.27174484430916285
218,common_DL,4,0.4213857863663781,0.08669294249969839,0.7560786302330578,0.0966728409070528
218,common_DL,5,-0.1816561217420513,-0.38239271506650774,0.019080471582405084,-0.34235968693480917
218,comp_specific,1,-0.2423435375359136,-0.4476882275845823,-0.03699884748724486,-0.2790010627186782
218,comp_specific,2,-0.5874793869563146,-0.9241733440054237,-0.25078542990720554,-0.5041139861833032
218,comp_specific,3,-0.02545984128411284,-0.3543473279635305,0.30342764539530487,0.27174484430916285
218,comp_specific,4,0.421385786366378,0.08669294249969833,0.7560786302330578,0.0966728409070528
218,comp_specific,5,-0.18165612174205126,-0.3823927150665076,0.019080471582405084,-0.34235968693480917
218,adaptshrink,1,-0.2423435375359135,-0.44768822758458227,-0.036998847487244774,-0.2790010627186782
218,adaptshrink,2,-0.6007073434428495,-0.9071608444254908,-0.2942538424602082,-0.5041139861833032
218,adaptshrink,3,-0.02317355035891941,-0.3478731467169328,0.30152604599909405,0.27174484430916285
218,adaptshrink,4,0.4213857863663776,0.086692942499698,0.7560786302330571,0.0966728409070528
218,adaptshrink,5,-0.1816561217420512,-0.3823927150665075,0.019080471582405112,-0.34235968693480917
219,common_DL,1,-0.09026110843570029,-0.48203419747538506,0.3015119806039845,-0.09108854727308285
219,common_DL,2,1.085818877019396,0.6496286715341657,1.5220090825046262,0.9512596600505809
219,common_DL,3,0.12789154621328758,-0.21033933655995435,0.4661224289865295,0.07777368111127368
219,common_DL,4,-0.6035099058667741,-1.048062781350378,-0.15895703038317016,-1.063950336333435
219,common_DL,5,0.45978042327726926,0.02354422145465901,0.8960166250998796,0.34586049569332084
219,comp_specific,1,-0.08375363298925542,-0.4933410396279678,0.325833773649457,-0.09108854727308285
219,comp_specific,2,1.061061398436523,0.22541910485364736,1.8967036920193985,0.9512596600505809
219,comp_specific,3,0.12034207057867546,-0.1214585263217147,0.36214266747906565,0.07777368111127368
219,comp_specific,4,-0.5942476675430323,-0.8455120207538845,-0.34298331433218,-1.063950336333435
219,comp_specific,5,0.38656724405863996,0.18442192777078525,0.5887125603464947,0.34586049569332084
219,adaptshrink,1,-0.08731217340085637,-0.4868404082097705,0.3122160614080577,-0.09108854727308285
219,adaptshrink,2,1.069860637478346,0.46960436443487596,1.6701169105218159,0.9512596600505809
219,adaptshrink,3,0.12453663926434838,-0.1774692018338504,0.42654248036254716,0.07777368111127368
219,adaptshrink,4,-0.6018215534869102,-0.9998005065292432,-0.2038426004445772,-1.063950336333435
219,adaptshrink,5,0.44671170268724375,0.061269093585737955,0.8321543117887495,0.34586049569332084
220,common_DL,1,-0.7848541514680591,-1.187641029094133,-0.38206727384198524,-0.7582667224516153
220,common_DL,2,0.383083269711479,0.08130706378236963,0.6848594756405884,0.07276796076823398
220,common_DL,3,-0.4128223521143869,-0.6993832171636147,-0.12626148706515905,-0.263492160877117
220,common_DL,4,-0.8612288535136504,-1.2823283800041776,-0.4401293270231233,-1.08252480742987
220,common_DL,5,-0.1569616474262959,-0.514626326612789,0.2007030317601972,-0.0545820207724817
220,comp_specific,1,-0.8130173904065964,-1.0575807172636347,-0.5684540635495581,-0.7582667224516153
220,comp_specific,2,0.33095797318434317,-0.12675063542552278,0.7886665817942091,0.07276796076823398
220,comp_specific,3,-0.4187528204493054,-0.6365210791649569,-0.20098456173365384,-0.263492160877117
220,comp_specific,4,-0.8368733798699582,-1.2000852876986734,-0.4736614720412431,-1.08252480742987
220,comp_specific,5,-0.15713344278337985,-0.3892358050677353,0.07496891950097562,-0.0545820207724817
220,adaptshrink,1,-0.7910344156152045,-1.1547261502648587,-0.42734268096555034,-0.7582667224516153
220,adaptshrink,2,0.34790476916164587,-0.04162731228923494,0.7374368506125266,0.07276796076823398
220,adaptshrink,3,-0.4145768961784363,-0.6697570499039294,-0.15939674245294316,-0.263492160877117
220,adaptshrink,4,-0.8542130985206506,-1.2577127705471938,-0.4507134264941076,-1.08252480742987
220,adaptshrink,5,-0.15609820755558246,-0.4724413953357777,0.1602449802246128,-0.0545820207724817
221,common_DL,1,0.37871362363428446,0.2125596094003154,0.5448676378682535,0.5043044719061192
221,common_DL,2,-0.17285862048925676,-0.41197706107229504,0.06625982009378154,-0.06044554887931451
221,common_DL,3,0.27655460289832645,0.08733914507909743,0.46577006071755545,0.14036509361992275
221,common_DL,4,0.4273083482925346,0.14282017674890918,0.71179651983616,-0.049477468950612224
221,common_DL,5,-0.21254635706897346,-0.4920473631598304,0.06695464902188347,-0.04202839146486413
221,comp_specific,1,0.37871362363428474,0.21255960940031568,0.5448676378682538,0.5043044719061192
221,comp_specific,2,-0.17087367528109632,-0.4176925201734577,0.0759451696112651,-0.06044554887931451
221,comp_specific,3,0.27655460289832645,0.0873391450790974,0.4657700607175555,0.14036509361992275
221,comp_specific,4,0.4273083482925345,0.14282017674890907,0.71179651983616,-0.049477468950612224
221,comp_specific,5,-0.21834583343627,-0.5406939739672805,0.10400230709474051,-0.04202839146486413
221,adaptshrink,1,0.37871362363428485,0.2125596094003157,0.544867637868254,0.5043044719061192
221,adaptshrink,2,-0.17185557739227117,-0.4148656085249853,0.07115445374044294,-0.06044554887931451
221,adaptshrink,3,0.2765546028983267,0.08733914507909757,0.4657700607175558,0.14036509361992275
221,adaptshrink,4,0.4273083482925344,0.1428201767489089,0.7117965198361599,-0.049477468950612224
221,adaptshrink,5,-0.21564271967927626,-0.5176329397158669,0.08634750035731434,-0.04202839146486413
222,common_DL,1,0.8080012763548184,0.4576506625717097,1.158351890137927,0.8656085990848867
222,common_DL,2,0.021605496162727188,-0.324077621050971,0.3672886133764253,-0.3507285541642405
222,common_DL,3,-0.06852233520346873,-0.41455675357101857,0.2775120831640811,0.05610608858259784
222,common_DL,4,-0.10873256631237543,-0.48715957988880987,0.269694447264059,-0.31872100264216596
222,common_DL,5,-0.45380381925249835,-0.8046426586213944,-0.10296497988360226,-0.3222355056114495
222,comp_specific,1,0.8155171920252254,0.5035068264056148,1.127527557644836,0.8656085990848867
222,comp_specific,2,0.04922125727412867,-0.44653007595136496,0.5449725904996223,-0.3507285541642405
222,comp_specific,3,-0.059831578310537745,-0.3713473714403601,0.2516842148192846,0.05610608858259784
222,comp_specific,4,-0.11808866997353483,-0.47679569641147534,0.24061835646440566,-0.31872100264216596
222,comp_specific,5,-0.47464362309564523,-0.659428505708885,-0.28985874048240545,-0.3222355056114495
222,adaptshrink,1,0.811393430937665,0.4794375209636926,1.1433493409116375,0.8656085990848867
222,adaptshrink,2,0.039262969594353034,-0.3901375474782633,0.4686634866669694,-0.3507285541642405
222,adaptshrink,3,-0.06453606967861228,-0.39401238404362904,0.26494024468640454,0.05610608858259784
222,adaptshrink,4,-0.11251627175440347,-0.482674311384632,0.25764176787582505,-0.31872100264216596
222,adaptshrink,5,-0.45850071011340465,-0.7523059237117875,-0.16469549651502186,-0.3222355056114495
223,common_DL,1,0.5658210153648986,0.22863547512396387,0.9030065556058333,0.42983761467011977
223,common_DL,2,0.219878559836736,-0.07314889247986928,0.5129060121533413,0.1437331262835575
223,common_DL,3,-0.012524021320999487,-0.4007359611888723,0.3756879185468733,-0.038549799843484105
223,common_DL,4,-0.3455570958097487,-0.6392372543555785,-0.05187693726391884,-0.20967477880026442
223,common_DL,5,-0.06679292359545629,-0.37909209993364595,0.24550625274273336,-0.29088022945017084
223,comp_specific,1,0.5543254145231706,0.2997304121003586,0.8089204169459827,0.42983761467011977
223,comp_specific,2,0.26364798762489905,-0.1733542978421974,0.7006502730919955,0.1437331262835575
223,comp_specific,3,-0.028491134312138067,-0.37493368794063303,0.3179514193163569,-0.038549799843484105
223,comp_specific,4,-0.3337717759632296,-0.5985027985069823,-0.06904075341947691,-0.20967477880026442
223,comp_specific,5,-0.07690127564101842,-0.29859547282580523,0.1447929215437684,-0.29088022945017084
223,adaptshrink,1,0.5617181368262193,0.25659235919626383,0.8668439144561748,0.42983761467011977
223,adaptshrink,2,0.24607529248351134,-0.11754826071489655,0.6096988456819192,0.1437331262835575
223,adaptshrink,3,-0.017105436767405946,-0.3920763519962798,0.35786547846146793,-0.038549799843484105
223,adaptshrink,4,-0.3401687033758602,-0.6199225087731961,-0.06041489797852423,-0.20967477880026442
223,adaptshrink,5,-0.06981977088274312,-0.34786191789532456,0.20822237612983835,-0.29088022945017084
224,common_DL,1,-0.5942882411816605,-1.0788372846352023,-0.10973919772811852,-0.3981308096488955
224,common_DL,2,-0.16740327608256172,-0.5567235932109821,0.22191704104585863,-0.032941301078494196
224,common_DL,3,0.05947442988040602,-0.3031478048938408,0.42209666465465284,0.1581163404678521
224,common_DL,4,-0.22809954963716061,-0.5818789630943288,0.12567986382000756,-0.05570042648501579
224,common_DL,5,-0.764582079946198,-1.1445500161473203,-0.38461414374507563,-0.8482264865565887
224,comp_specific,1,-0.5614018251551263,-0.7940932642019751,-0.32871038610827735,-0.3981308096488955
224,comp_specific,2,-0.1409769676427322,-0.7879726427111091,0.5060187074256446,-0.032941301078494196
224,comp_specific,3,0.05430567071107728,-0.18004512204869402,0.2886564634708486,0.1581163404678521
224,comp_specific,4,-0.22787702283181027,-0.582965936027054,0.12721189036343356,-0.05570042648501579
224,comp_specific,5,-0.7689048070727744,-1.1039557313515345,-0.43385388279401443,-0.8482264865565887
224,adaptshrink,1,-0.5879160945437393,-1.016708569327638,-0.15912361975984046,-0.3981308096488955
224,adaptshrink,2,-0.1502735649134362,-0.6664750651244318,0.36592793529755935,-0.032941301078494196
224,adaptshrink,3,0.058041794769392474,-0.24839609430530374,0.3644796838440887,0.1581163404678521
224,adaptshrink,4,-0.22798810881214487,-0.5824230098360603,0.12644679221177063,-0.05570042648501579
224,adaptshrink,5,-0.766102933281241,-1.1275942763957914,-0.4046115901666907,-0.8482264865565887
225,common_DL,1,0.20794839525764183,-0.15141754490226464,0.5673143354175483,0.08531581686800793
225,common_DL,2,0.04706127113782776,-0.37769039015618777,0.4718129324318433,0.2511966305251469
225,common_DL,3,-0.7348495004594028,-1.1851510039322597,-0.28454799698654587,-0.7156337863104002
225,common_DL,4,0.3121819440820376,-0.021986448855484175,0.6463503370195594,0.146810584338074
225,common_DL,5,-0.04158600805756391,-0.48700286911899177,0.40383085300386395,-0.4235574790322285
225,comp_specific,1,0.2227564224703859,-0.07491533822117519,0.5204281831619471,0.08531581686800793
225,comp_specific,2,0.050403428350332714,-0.6503519445755609,0.7511588012762264,0.2511966305251469
225,comp_specific,3,-0.6931510782163826,-0.9628365421144851,-0.42346561431827995,-0.7156337863104002
225,comp_specific,4,0.31245604897246854,-0.02884353727857858,0.6537556352235157,0.146810584338074
225,comp_specific,5,-0.03966770530340093,-0.28856240112135395,0.20922699051455207,-0.4235574790322285
225,adaptshrink,1,0.21414872267519466,-0.11605952822977464,0.544356973580164,0.08531581686800793
225,adaptshrink,2,0.0499514094008168,-0.5107958027292402,0.6106986215308737,0.2511966305251469
225,adaptshrink,3,-0.7256558532213186,-1.1269476348051441,-0.32436407163749315,-0.7156337863104002
225,adaptshrink,4,0.31232143778450305,-0.025437191152037797,0.6500800667210439,0.146810584338074
225,adaptshrink,5,-0.04260967898417525,-0.4382167136523901,0.35299735568403956,-0.4235574790322285
226,common_DL,1,0.028574558045566974,-0.2610510532396335,0.31820016933076745,0.02164056292794575
226,common_DL,2,-1.0015857333858487,-1.4324251286207081,-0.5707463381509892,-0.8482065111973024
226,common_DL,3,-0.3897133716983459,-0.6755396365668944,-0.10388710682979746,-0.2909837008126296
226,common_DL,4,0.6862726310325882,0.2904275977653388,1.0821176642998376,0.5737895201806463
226,common_DL,5,0.839858332705201,0.566876213308162,1.1128404521022401,0.8840466893424931
226,comp_specific,1,0.03101338211773249,-0.3233495939176177,0.38537635815308263,0.02164056292794575
226,comp_specific,2,-1.0020392596149428,-1.3715169083356047,-0.6325616108942809,-0.8482065111973024
226,comp_specific,3,-0.41660546909384566,-0.5819753878693259,-0.2512355503183654,-0.2909837008126296
226,comp_specific,4,0.8317013033889389,-0.03723453069601934,1.700637137473897,0.5737895201806463
226,comp_specific,5,0.820538829212043,0.6552071449337871,0.985870513490299,0.8840466893424931
226,adaptshrink,1,0.029065413415282404,-0.29075503345671233,0.34888586028727714,0.02164056292794575
226,adaptshrink,2,-1.0017067994168838,-1.4131929845656463,-0.5902206142681213,-0.8482065111973024
226,adaptshrink,3,-0.3957813811529235,-0.6417510247088836,-0.1498117375969634,-0.2909837008126296
226,adaptshrink,4,0.7875054583636909,0.18669646161258258,1.3883144551147992,0.5737895201806463
226,adaptshrink,5,0.8348881600981201,0.5989717509663534,1.0708045692298866,0.8840466893424931
227,common_DL,1,-0.13335720912642093,-0.45633085397583906,0.18961643572299722,-0.26020329227117595
227,common_DL,2,-0.12574245064024472,-0.4932357486313065,0.24175084735081706,-0.4107013070627795
227,common_DL,3,-0.17159290672576888,-0.5285276640420047,0.18534185059046698,-0.2512932807825213
227,common_DL,4,0.8190234522304016,0.4693799586711894,1.1686669457896137,0.8432412732163683
227,common_DL,5,0.12141866972399393,-0.21491414551990143,0.4577514849678893,0.31050647841760604
227,comp_specific,1,-0.12929673658172872,-0.49200977968639426,0.2334163065229368,-0.26020329227117595
227,comp_specific,2,-0.1258424745911898,-0.4957645915307036,0.24407964234832402,-0.4107013070627795
227,comp_specific,3,-0.16438871927413048,-0.39848146326982453,0.06970402472156356,-0.2512932807825213
227,comp_specific,4,0.7894555245022274,0.2798318477721454,1.2990792012323094,0.8432412732163683
227,comp_specific,5,0.19014650363446212,-0.0276192105718579,0.40791221784078213,0.31050647841760604
227,adaptshrink,1,-0.13122050568592666,-0.47484064115433977,0.21239962978248642,-0.26020329227117595
227,adaptshrink,2,-0.12578536424121695,-0.4943229601113494,0.24275223162891552,-0.4107013070627795
227,adaptshrink,3,-0.17033076482105053,-0.48275385819850464,0.14209232855640358,-0.2512932807825213
227,adaptshrink,4,0.8003976333337215,0.3627795979992116,1.2380156686682313,0.8432412732163683
227,adaptshrink,5,0.1433835592628437,-0.15069984234801456,0.43746696087370196,0.31050647841760604
228,common_DL,1,0.23473097122564618,-0.05390859234172812,0.5233705347930204,0.34673724811821965
228,common_DL,2,-1.0605931719774722,-1.3185449394769646,-0.8026414044779797,-0.724428976847702
228,common_DL,3,-0.3340529425682992,-0.6569115547519377,-0.011194330384660667,-0.10276512930318026
228,common_DL,4,0.3891885107390228,0.07423407331821119,0.7041429481598344,0.31700097339057803
228,common_DL,5,-0.7652174128053475,-1.0184710677532012,-0.5119637578574939,-0.5958383552159915
228,comp_specific,1,0.24001706731406958,-0.004668951407663741,0.4847030860358029,0.34673724811821965
228,comp_specific,2,-0.9924403656583785,-1.3830898158747686,-0.6017909154419883,-0.724428976847702
228,comp_specific,3,-0.34120064347922696,-0.6769221909843712,-0.005479095974082748,-0.10276512930318026
228,comp_specific,4,0.385780258152065,0.054702328529915856,0.7168581877742142,0.31700097339057803
228,comp_specific,5,-0.7679883305931889,-0.9855270226417954,-0.5504496385445825,-0.5958383552159915
228,adaptshrink,1,0.23614234028036413,-0.038673365329338016,0.5109580458900662,0.34673724811821965
228,adaptshrink,2,-1.0206180457425171,-1.3462301224147517,-0.6950059690702826,-0.724428976847702
228,adaptshrink,3,-0.33780369281557926,-0.667198070935187,-0.008409314695971448,-0.10276512930318026
228,adaptshrink,4,0.38763867659891144,0.06561415992880743,0.7096631932690154,0.31700097339057803
228,adaptshrink,5,-0.7661775898349497,-1.002641584450972,-0.5297135952189274,-0.5958383552159915
229,common_DL,1,-0.4695633504169628,-0.8217309325808004,-0.11739576825312509,-0.409159537781396
229,common_DL,2,0.008184853777590761,-0.33914134540919255,0.3555110529643741,0.25412971247791794
229,common_DL,3,0.08582544830894101,-0.2267261854990481,0.3983770821169301,0.010994295418238887
229,common_DL,4,-1.0505970299586167,-1.4329505250681254,-0.668243534849108,-0.9317009100061446
229,common_DL,5,-0.4792486909243946,-0.7617850174447804,-0.1967123644040088,-0.4297838057630155
229,comp_specific,1,-0.46912883067363803,-0.7298919290428016,-0.20836573230447442,-0.409159537781396
229,comp_specific,2,0.020318204891071168,-0.4340966485957352,0.47473305837787755,0.25412971247791794
229,comp_specific,3,0.07125716376069596,-0.1184093570940365,0.2609236846154284,0.010994295418238887
229,comp_specific,4,-1.0714316890931022,-1.5266408450365758,-0.6162225331496286,-0.9317009100061446
229,comp_specific,5,-0.49269617037660296,-0.7982258531708107,-0.18716648758239518,-0.4297838057630155
229,adaptshrink,1,-0.4695059303987055,-0.794218461839495,-0.14479339895791593,-0.409159537781396
229,adaptshrink,2,0.016141400872791423,-0.3886554995390599,0.42093830128464277,0.25412971247791794
229,adaptshrink,3,0.08046103033311536,-0.19048583598303237,0.3514078966492631,0.010994295418238887
229,adaptshrink,4,-1.0613343425349302,-1.4769079961987361,-0.6457606888711243,-0.9317009100061446
229,adaptshrink,5,-0.486499684521601,-0.7808759306329288,-0.19212343841027313,-0.4297838057630155
230,common_DL,1,0.6915212161894485,0.2334419565219168,1.1496004758569802,0.6904804622405452
230,common_DL,2,-0.6004649843997981,-0.8176056278986026,-0.3833243409009937,-0.5647168355164617
230,common_DL,3,0.7050495940097575,0.44437207763264747,0.9657271103868676,0.6969336180395622
230,common_DL,4,-0.09335562787944494,-0.38146421614739384,0.19475296038850393,0.2369165242685658
230,common_DL,5,-0.1217466422154569,-0.42782055382220013,0.18432726939128635,-0.08112255161413759
230,comp_specific,1,0.6900961777136924,0.26803485997426046,1.1121574954531241,0.6904804622405452
230,comp_specific,2,-0.5922541361629696,-0.8659775249333467,-0.3185307473925926,-0.5647168355164617
230,comp_specific,3,0.7080932341451646,0.5158469409136108,0.9003395273767183,0.6969336180395622
230,comp_specific,4,-0.08665586750314165,-0.38902265400045616,0.21571091899417288,0.2369165242685658
230,comp_specific,5,-0.14085148986513774,-0.41423189123638854,0.13252891150611307,-0.08112255161413759
230,adaptshrink,1,0.6911196466871337,0.2446757562858326,1.1375635370884347,0.6904804622405452
230,adaptshrink,2,-0.5962628794003687,-0.843749668687267,-0.34877609011347044,-0.5647168355164617
230,adaptshrink,3,0.7047263761772437,0.4689009297522605,0.9405518226022268,0.6969336180395622
230,adaptshrink,4,-0.09032340926628639,-0.38467910885772433,0.20403229032515152,0.2369165242685658
230,adaptshrink,5,-0.12917503794999552,-0.42201219398646656,0.16366211808647552,-0.08112255161413759
231,common_DL,1,0.37094605857918006,0.16074929866306523,0.5811428184952949,0.36864819639890545
231,common_DL,2,-0.21656685473899917,-0.4983813702058814,0.06524766072788307,-0.434990621260624
231,common_DL,3,0.08331674214555022,-0.09068274651787388,0.2573162308089743,0.06784099410924813
231,common_DL,4,0.6504899126469856,0.4741753230138525,0.8268045022801187,0.8305145087469199
231,common_DL,5,-0.10262066512499829,-0.27423879306789234,0.06899746281789579,-0.06957077521393981
231,comp_specific,1,0.37062379703224646,0.16549130894778571,0.5757562851167072,0.36864819639890545
231,comp_specific,2,-0.21703297014158018,-0.49550790479232987,0.0614419645091695,-0.434990621260624
231,comp_specific,3,0.08382924915573546,-0.08357691989323739,0.2512354182047083,0.06784099410924813
231,comp_specific,4,0.788796664819172,0.45411203521034293,1.123481294428001,0.8305145087469199
231,comp_specific,5,-0.10443206633629942,-0.2952090915826451,0.08634495891004626,-0.06957077521393981
231,adaptshrink,1,0.3707913566951033,0.16309763358069637,0.5784850798095102,0.36864819639890545
231,adaptshrink,2,-0.21676406878990365,-0.49715352478789354,0.06362538720808622,-0.434990621260624
231,adaptshrink,3,0.08353700593383488,-0.08768008133022272,0.2547540931978925,0.06784099410924813
231,adaptshrink,4,0.754661273398126,0.47727682762161755,1.0320457191746346,0.8305145087469199
231,adaptshrink,5,-0.10344166616001385,-0.2851017066478499,0.0782183743278222,-0.06957077521393981
232,common_DL,1,0.6283558446513948,0.4170304043878754,0.8396812849149142,0.5871366735281193
232,common_DL,2,-0.43664254584778445,-0.6432880114771447,-0.22999708021842424,-0.8593451561347182
232,common_DL,3,0.16991637837162166,-0.02789419452940356,0.3677269512726469,0.04751019540092991
232,common_DL,4,0.28908171595226645,0.10218451081924892,0.47597892108528395,0.09443757293784412
232,common_DL,5,0.15724284157406115,-0.021919905974986054,0.33640558912310836,0.1027708924367992
232,comp_specific,1,0.4948622610540683,0.1451870662038071,0.8445374559043295,0.5871366735281193
232,comp_specific,2,-0.5309982025364235,-0.8529972877391963,-0.20899911733365079,-0.8593451561347182
232,comp_specific,3,0.16991637837162238,-0.027894194529402838,0.3677269512726476,0.04751019540092991
232,comp_specific,4,0.289081715952267,0.10218451081924945,0.47597892108528456,0.09443757293784412
232,comp_specific,5,0.15724284157406215,-0.021919905974984805,0.33640558912310914,0.1027708924367992
232,adaptshrink,1,0.5380890050911364,0.2427388614961709,0.8334391486861019,0.5871366735281193
232,adaptshrink,2,-0.4935451713156809,-0.7620994141947877,-0.22499092843657414,-0.8593451561347182
232,adaptshrink,3,0.16991637837162246,-0.02789419452940281,0.36772695127264776,0.04751019540092991
232,adaptshrink,4,0.28908171595226695,0.10218451081924934,0.47597892108528456,0.09443757293784412
232,adaptshrink,5,0.1572428415740621,-0.02191990597498497,0.33640558912310914,0.1027708924367992
233,common_DL,1,0.22467650239366432,-0.09539107924541695,0.5447440840327455,0.2797689198978948
233,common_DL,2,0.026194369907313553,-0.3490055228621702,0.4013942626767973,0.15474624053646516
233,common_DL,3,0.6327717382169494,0.3177468367776116,0.9477966396562872,0.6306831043240458
233,common_DL,4,0.26253507730643255,-0.022474796141037312,0.5475449507539024,0.20026255240983687
233,common_DL,5,-0.011995395079632987,-0.29066521345056107,0.2666744232912951,0.09467356365115709
233,comp_specific,1,0.2068154396539394,-0.07869123682473611,0.4923221161326149,0.2797689198978948
233,comp_specific,2,0.03835088278220605,-0.38497572547113035,0.46167749103554245,0.15474624053646516
233,comp_specific,3,0.6378183818570214,0.4531082781606689,0.822528485553374,0.6306831043240458
233,comp_specific,4,0.2976818261115274,-0.1448576399915827,0.7402212922146374,0.20026255240983687
233,comp_specific,5,-0.040842041089337894,-0.208652488748362,0.12696840656968622,0.09467356365115709
233,adaptshrink,1,0.21751086653001678,-0.08848791216770668,0.5235096452277402,0.2797689198978948
233,adaptshrink,2,0.030894707432318647,-0.3611640195899531,0.4229534344545904,0.15474624053646516
233,adaptshrink,3,0.6337186607747735,0.3628732885200049,0.904564033029542,0.6306831043240458
233,adaptshrink,4,0.2872677595077141,-0.08686729659578135,0.6614028156112095,0.20026255240983687
233,adaptshrink,5,-0.01906678733723402,-0.25260072241031306,0.21446714773584505,0.09467356365115709
234,common_DL,1,0.4358255692538798,0.12935818795956489,0.7422929505481947,0.4274938665697817
234,common_DL,2,-0.3351058312815161,-0.6277902552993,-0.04242140726373217,-0.3519204261576454
234,common_DL,3,0.4603054988463664,0.15047121686984005,0.7701397808228927,0.43701528492580266
234,common_DL,4,0.4259901962309116,0.15099961181713029,0.7009807806446929,0.6170622220778791
234,common_DL,5,-0.8443939443076327,-1.078440714051119,-0.6103471745641464,-0.7257980988332788
234,comp_specific,1,0.4340245011313669,0.06648146222761475,0.8015675400351191,0.4274938665697817
234,comp_specific,2,-0.3253328898460587,-0.8624564300061158,0.21179065031399846,-0.3519204261576454
234,comp_specific,3,0.47666270984976045,0.28134038201549855,0.6719850376840224,0.43701528492580266
234,comp_specific,4,0.41641931489609507,0.1945592066632834,0.6382794231289067,0.6170622220778791
234,comp_specific,5,-0.8428329604449991,-1.0098085525754175,-0.6758573683145808,-0.7257980988332788
234,adaptshrink,1,0.4353806429891524,0.09986250314665368,0.7708987828316511,0.4274938665697817
234,adaptshrink,2,-0.3263468474419992,-0.7443992224239053,0.09170552753990696,-0.3519204261576454
234,adaptshrink,3,0.4645066032498356,0.18372350122328468,0.7452897052763865,0.43701528492580266
234,adaptshrink,4,0.4219465562304707,0.17116707539525738,0.672726037065684,0.6170622220778791
234,adaptshrink,5,-0.8439843287442178,-1.0489438741518327,-0.639024783336603,-0.7257980988332788
235,common_DL,1,0.2580486212102223,-0.12061801065187472,0.6367152530723194,0.2495167015589125
235,common_DL,2,0.11763138674012061,-0.20310591408873072,0.43836868756897196,0.1293350662413618
235,common_DL,3,-0.31474094220459803,-0.6376464940161378,0.008164609606941764,-0.19870445300694414
235,common_DL,4,0.6313041089791057,0.29929517658244326,0.9633130413757682,0.10368331091207694
235,common_DL,5,-0.03989217152731722,-0.4297918506850947,0.35000750763046024,-0.049680023371565483
235,comp_specific,1,0.2580101899170144,-0.12130257971168862,0.6373229595457175,0.2495167015589125
235,comp_specific,2,0.12189265943180772,-0.23456507758704154,0.47835039645065697,0.1293350662413618
235,comp_specific,3,-0.27580350193618786,-0.44652976214005363,-0.10507724173232208,-0.19870445300694414
235,comp_specific,4,0.6184867842216939,0.14246256678253216,1.0945110016608557,0.10368331091207694
235,comp_specific,5,-0.011676085269854058,-0.2160192043048372,0.1926670337651291,-0.049680023371565483
235,adaptshrink,1,0.25802935431722884,-0.12096049528653746,0.6370192039209952,0.2495167015589125
235,adaptshrink,2,0.11953209247705028,-0.21708979638345488,0.4561539813375554,0.1293350662413618
235,adaptshrink,3,-0.30302424507181136,-0.5771252439991936,-0.02892324614442915,-0.19870445300694414
235,adaptshrink,4,0.6249237750442057,0.22412558161137708,1.0257219684770345,0.10368331091207694
235,adaptshrink,5,-0.0332436713612137,-0.37857127536679425,0.31208393264436685,-0.049680023371565483
236,common_DL,1,0.42292203850866683,0.18504939645927193,0.6607946805580618,0.25466617212925
236,common_DL,2,0.14556160005194746,-0.08181947519390881,0.3729426752978037,0.26970380011258394
236,common_DL,3,1.1775559777239428,0.8880257302641573,1.4670862251837282,1.2157500058783235
236,common_DL,4,0.20913634663763492,0.026949099435732787,0.3913235938395371,0.28539182520557715
236,common_DL,5,-0.4814167972054872,-0.7266199188884845,-0.23621367552248984,-0.5844654214020149
236,comp_specific,1,0.4474293230989717,0.11975416696010394,0.7751044792378394,0.25466617212925
236,comp_specific,2,0.13911193875564673,-0.16390744707602103,0.4421313245873145,0.26970380011258394
236,comp_specific,3,1.1747728670975968,0.9062610252634822,1.4432847089317113,1.2157500058783235
236,comp_specific,4,0.21035247929805512,0.04358756664808022,0.37711739194803,0.28539182520557715
236,comp_specific,5,-0.4874572074700667,-0.7490219780098542,-0.22589243693027922,-0.5844654214020149
236,adaptshrink,1,0.4348072614877351,0.1632869678475276,0.7063275551279425,0.25466617212925
236,adaptshrink,2,0.14063660150570667,-0.12910052694683694,0.4103737299582503,0.26970380011258394
236,adaptshrink,3,1.176674389620547,0.8938322965373744,1.4595164827037195,1.2157500058783235
236,adaptshrink,4,0.2097524137314917,0.03500791671803821,0.3844969107449452,0.28539182520557715
236,adaptshrink,5,-0.48348884992696783,-0.7343131202695227,-0.232664579584413,-0.5844654214020149
237,common_DL,1,-0.555662348322557,-0.7878153033714853,-0.3235093932736287,-0.46320323638453004
237,common_DL,2,-0.0015216875779815453,-0.2092657284578554,0.2062223533018923,-0.10303526878488448
237,common_DL,3,0.5230480129032417,0.3712565557505666,0.6748394700559167,0.4573647786970398
237,common_DL,4,-0.004425002777400183,-0.20526824463849563,0.19641823908369527,0.229711979077111
237,common_DL,5,-1.132355115795289,-1.3136834126045303,-0.9510268189860476,-1.1188370192951407
237,comp_specific,1,-0.555662348322557,-0.7878153033714853,-0.3235093932736287,-0.46320323638453004
237,comp_specific,2,-0.0015216875779811845,-0.2092657284578551,0.20622235330189273,-0.10303526878488448
237,comp_specific,3,0.5230480129032417,0.3712565557505666,0.6748394700559167,0.4573647786970398
237,comp_specific,4,0.001501160859449513,-0.21486742506887646,0.2178697467877755,0.229711979077111
237,comp_specific,5,-1.1337761579889716,-1.3523820132479232,-0.9151703027300201,-1.1188370192951407
237,adaptshrink,1,-0.5556623483225563,-0.7878153033714845,-0.32350939327362815,-0.46320323638453004
237,adaptshrink,2,-0.0015216875779816563,-0.20926572845785552,0.2062223533018922,-0.10303526878488448
237,adaptshrink,3,0.5230480129032417,0.3712565557505666,0.6748394700559167,0.4573647786970398
237,adaptshrink,4,-0.002270166118080341,-0.20846068011903252,0.20392034788287183,0.229711979077111
237,adaptshrink,5,-1.1338604779279224,-1.3325444422543153,-0.9351765136015295,-1.1188370192951407
238,common_DL,1,-0.28946301121797413,-0.6215777283470227,0.04265170591107448,-0.32986839151130987
238,common_DL,2,-0.28016837826009316,-0.7072981170096788,0.1469613604894925,-0.21470223796941473
238,common_DL,3,0.4366417699432563,-0.008972354208681754,0.8822558940951943,0.561292209585259
238,common_DL,4,0.9301940105120268,0.46109324286043124,1.3992947781636222,0.6457166800729708
238,common_DL,5,-0.6796008865227221,-1.1844712639721298,-0.17473050907331433,-0.42570867533555856
238,comp_specific,1,-0.2890250622627575,-0.6284358421460385,0.050385717620523574,-0.32986839151130987
238,comp_specific,2,-0.2910904028489968,-0.8095686150206961,0.22738780932270253,-0.21470223796941473
238,comp_specific,3,0.473662695895987,0.14677363292327383,0.8005517588687001,0.561292209585259
238,comp_specific,4,0.9272512888828801,0.37408959270582987,1.4804129850599304,0.6457166800729708
238,comp_specific,5,-0.723288676772378,-1.0006352764659976,-0.4459420770787583,-0.42570867533555856
238,adaptshrink,1,-0.2892410372845871,-0.6250270616259089,0.04654498705673471,-0.32986839151130987
238,adaptshrink,2,-0.2847259281150567,-0.7444573047825311,0.17500544855241773,-0.21470223796941473
238,adaptshrink,3,0.4456975126223305,0.03517651691577239,0.8562185083288886,0.561292209585259
238,adaptshrink,4,0.9291401878221689,0.43023120553107486,1.428049170113263,0.6457166800729708
238,adaptshrink,5,-0.6869725831207475,-1.136873246490281,-0.2370719197512139,-0.42570867533555856
239,common_DL,1,-0.18855963766566886,-0.6129294944704176,0.23581021913907985,-0.20121525100554707
239,common_DL,2,-0.7432708539301062,-1.1837419739778874,-0.30279973388232495,-0.7023740704728693
239,common_DL,3,-0.024279572443689945,-0.35944521306445637,0.3108860681770765,-0.1351269168834666
239,common_DL,4,0.23224823778416812,-0.09620128744355236,0.5606977630118886,0.41650165975886067
239,common_DL,5,-0.6467596554292055,-0.996997310578823,-0.2965220002795881,-0.8338856695375173
239,comp_specific,1,-0.17327259728095817,-0.36714953379185944,0.02060433922994312,-0.20121525100554707
239,comp_specific,2,-0.7259972758134501,-1.4231414861063256,-0.028853065520574428,-0.7023740704728693
239,comp_specific,3,-0.02827226408516953,-0.21956163834348522,0.16301711017314616,-0.1351269168834666
239,comp_specific,4,0.23649770626638955,-0.23203541322075288,0.705030825753532,0.41650165975886067
239,comp_specific,5,-0.6475925968580436,-0.8197445292899703,-0.4754406644261169,-0.8338856695375173
239,adaptshrink,1,-0.18804369045938163,-0.5588244746770568,0.1827370937582935,-0.20121525100554707
239,adaptshrink,2,-0.734245535294397,-1.2744130819990518,-0.19407798858974212,-0.7023740704728693
239,adaptshrink,3,-0.026370194457182222,-0.3019190967665887,0.2491787078522242,-0.1351269168834666
239,adaptshrink,4,0.23364559383664266,-0.171777392944615,0.6390685806179003,0.41650165975886067
239,adaptshrink,5,-0.6441993070260278,-0.9319077878296589,-0.35649082622239675,-0.8338856695375173
240,common_DL,1,1.3487127462397557,0.9090222729673101,1.7884032195122013,1.2372088392113207
240,common_DL,2,0.011416348104268226,-0.3417555320146928,0.3645882282232292,0.02951718374772218
240,common_DL,3,-1.1090859176948107,-1.4555495404067411,-0.7626222949828804,-0.861461680599567
240,common_DL,4,0.6863511663680221,0.23032396128152632,1.1423783714545177,0.9902719647688085
240,common_DL,5,-0.328222697050876,-0.780785311967978,0.12433991786622595,-0.43551468521187076
240,comp_specific,1,1.3875672914473387,1.1014791048679637,1.6736554780267137,1.2372088392113207
240,comp_specific,2,-0.015670779636769036,-0.24932334659547933,0.2179817873219413,0.02951718374772218
240,comp_specific,3,-1.0724792498545537,-1.3640580252597871,-0.7809004744493203,-0.861461680599567
240,comp_specific,4,0.7285512782586592,-0.07654983707168206,1.5336523935890005,0.9902719647688085
240,comp_specific,5,-0.34172300277024603,-0.7543420756116859,0.0708960700711938,-0.43551468521187076
240,adaptshrink,1,1.3571376514379088,0.9594359453254617,1.7548393575503558,1.2372088392113207
240,adaptshrink,2,0.004092896978192054,-0.30501605570436324,0.3132018496607473,0.02951718374772218
240,adaptshrink,3,-1.0944720340932406,-1.4155220175796126,-0.7734220506068686,-0.861461680599567
240,adaptshrink,4,0.7168122439305812,0.08561289192241195,1.3480115959387504,0.9902719647688085
240,adaptshrink,5,-0.3323431896159081,-0.7721933342878309,0.10750695505601476,-0.43551468521187076
241,common_DL,1,-1.3236442928711505,-1.6129013238828238,-1.0343872618594772,-1.3574567165710498
241,common_DL,2,0.1222151993531019,-0.056943737871029354,0.30137413657723316,0.5967923949601078
241,common_DL,3,0.8602445114313608,0.6383605783250771,1.0821284445376445,0.7951079633104985
241,common_DL,4,0.13386745810681652,-0.007884694025448447,0.2756196102390815,0.07154939679937769
241,common_DL,5,0.25270441836091007,0.0057166566009071995,0.49969218012091293,0.023617888764951623
241,comp_specific,1,-1.3228126495394499,-1.6075792216633906,-1.0380460774155091,-1.3574567165710498
241,comp_specific,2,0.12633678525313327,-0.04622463367343216,0.2988982041796987,0.5967923949601078
241,comp_specific,3,0.858602480097917,0.6399272050000715,1.0772777551957624,0.7951079633104985
241,comp_specific,4,0.12770345685472578,-0.051254519267713905,0.30666143297716547,0.07154939679937769
241,comp_specific,5,0.23410364566982148,-0.06940173735983254,0.5376090286994755,0.023617888764951623
241,adaptshrink,1,-1.3233698213140197,-1.6111438135681742,-1.0355958290598652,-1.3574567165710498
241,adaptshrink,2,0.12422401116656148,-0.05170884260191441,0.30015686493503735,0.5967923949601078
241,adaptshrink,3,0.8594336860120405,0.639144242293896,1.079723129730185,0.7951079633104985
241,adaptshrink,4,0.1299339701176129,-0.031829857833246544,0.29169779806847235,0.07154939679937769
241,adaptshrink,5,0.24243958104392543,-0.030694705564594305,0.5155738676524452,0.023617888764951623
242,common_DL,1,0.5113824585335578,0.23243040806955256,0.7903345089975631,0.33097422158230505
242,common_DL,2,0.25032969023359797,0.018798878487052667,0.4818605019801433,0.6118851303404849
242,common_DL,3,-0.7853012083024717,-1.0423894914218157,-0.5282129251831279,-0.8277458284014364
242,common_DL,4,-0.5732257628751114,-0.8813070911803103,-0.2651444345699126,-0.5000109852372098
242,common_DL,5,-0.8648060262238619,-1.1237548482340993,-0.6058572042136245,-0.5809073977340585
242,comp_specific,1,0.5113824585335524,0.23243040806954707,0.7903345089975576,0.33097422158230505
242,comp_specific,2,0.23789225733702923,-0.14424536638735558,0.620029881061414,0.6118851303404849
242,comp_specific,3,-0.7853012083024785,-1.0423894914218226,-0.5282129251831345,-0.8277458284014364
242,comp_specific,4,-0.5732257628751185,-0.8813070911803174,-0.2651444345699196,-0.5000109852372098
242,comp_specific,5,-0.8648060262238683,-1.1237548482341058,-0.6058572042136308,-0.5809073977340585
242,adaptshrink,1,0.5113824585335542,0.23243040806954895,0.7903345089975595,0.33097422158230505
242,adaptshrink,2,0.2411019214692897,-0.0787289364838962,0.5609327794224755,0.6118851303404849
242,adaptshrink,3,-0.7853012083024761,-1.04238949142182,-0.5282129251831322,-0.8277458284014364
242,adaptshrink,4,-0.5732257628751155,-0.8813070911803143,-0.26514443456991676,-0.5000109852372098
242,adaptshrink,5,-0.8648060262238658,-1.1237548482341033,-0.6058572042136284,-0.5809073977340585
243,common_DL,1,-0.03913412255763665,-0.24687511145924293,0.16860686634396962,0.11743820348288662
243,common_DL,2,-0.005333244603712206,-0.2823245814519888,0.2716580922445644,-0.24782611342479374
243,common_DL,3,-1.087974878690299,-1.3899692987166405,-0.7859804586639574,-1.0651550080045744
243,common_DL,4,-0.7470537034453466,-1.030791909300526,-0.46331549759016727,-0.4666990368507247
243,common_DL,5,-0.6499632142426968,-0.8903941974086713,-0.40953223107672215,-0.7969939898166564
243,comp_specific,1,-0.013719916610048233,-0.1662909830711215,0.13885114985102504,0.11743820348288662
243,comp_specific,2,0.025787756427121278,-0.31309070908891284,0.3646662219431554,-0.24782611342479374
243,comp_specific,3,-1.0871501225546483,-1.3665162750050484,-0.8077839701042482,-1.0651550080045744
243,comp_specific,4,-0.7190091539668795,-1.0947095401534155,-0.3433087677803435,-0.4666990368507247
243,comp_specific,5,-0.6091632236397608,-0.9033394912553097,-0.314986956024212,-0.7969939898166564
243,adaptshrink,1,-0.0305518051830877,-0.21472866218901576,0.15362505182284036,0.11743820348288662
243,adaptshrink,2,0.01018340436266707,-0.295277678394577,0.31564448711991117,-0.24782611342479374
243,adaptshrink,3,-1.0876486478976515,-1.3786837272309864,-0.7966135685643165,-1.0651550080045744
243,adaptshrink,4,-0.7293945322574416,-1.06307613385457,-0.39571293066031304,-0.4666990368507247
243,adaptshrink,5,-0.6293168306831605,-0.8953389850568286,-0.3632946763094923,-0.7969939898166564
244,common_DL,1,0.03710545674413851,-0.544774361711996,0.6189852752002729,-0.019557666273101945
244,common_DL,2,-0.3158157569259198,-0.9172159627249304,0.28558444887309087,-0.4296093195455659
244,common_DL,3,-0.06116423837136011,-0.7263661764680032,0.604037699725283,-0.18161040762954767
244,common_DL,4,-0.2620384539014737,-0.7676316647010941,0.24355475689814682,-0.2993653399152196
244,common_DL,5,0.18968218243564844,-0.31240966310149537,0.6917740279727922,0.15543635741454132
244,comp_specific,1,0.0698988926743744,-0.3612773751862545,0.5010751605350033,-0.019557666273101945
244,comp_specific,2,-0.3898574588671509,-0.6759972536121317,-0.10371766412217004,-0.4296093195455659
244,comp_specific,3,-0.07157734277069588,-0.5119302195080733,0.36877553396668156,-0.18161040762954767
244,comp_specific,4,-0.34577148911416705,-1.2178950277498788,0.5263520495215446,-0.2993653399152196
244,comp_specific,5,0.13586512628453334,-0.04585852404981755,0.31758877661888424,0.15543635741454132
244,adaptshrink,1,0.044679337345163245,-0.4921103006820684,0.581468975372395,-0.019557666273101945
244,adaptshrink,2,-0.3237216046883561,-0.8488644101576062,0.20142120078089398,-0.4296093195455659
244,adaptshrink,3,-0.06297966141927575,-0.6630077946412547,0.5370484718027031,-0.18161040762954767
244,adaptshrink,4,-0.3202462933462521,-1.0086641318232765,0.3681715451307723,-0.2993653399152196
244,adaptshrink,5,0.17871226984500718,-0.23007284704251932,0.5874973867325337,0.15543635741454132
245,common_DL,1,0.3304768103537427,-0.15204971394859584,0.8130033346560812,0.430206384475603
245,common_DL,2,-0.40844184955201207,-0.7150725328136143,-0.10181116629040982,-0.3312035315614171
245,common_DL,3,0.3541926170068274,-0.09219878343758886,0.8005840174512437,0.31033380277008576
245,common_DL,4,0.19116514903528947,-0.1592299031825289,0.5415602012531078,0.15235469021419426
245,common_DL,5,0.1490074222670873,-0.13178584203478722,0.4298006865689618,0.2780546694355555
245,comp_specific,1,0.33528790301486794,-0.05674339332054662,0.7273191993502826,0.430206384475603
245,comp_specific,2,-0.4104377760514867,-0.7251762119076746,-0.09569934019529874,-0.3312035315614171
245,comp_specific,3,0.3130298325031716,-0.2648211560472652,0.8908808210536084,0.31033380277008576
245,comp_specific,4,0.18575897935617378,-0.19285036151345344,0.564368320225801,0.15235469021419426
245,comp_specific,5,0.14562402061331559,-0.12652956651109287,0.41777760773772404,0.2780546694355555
245,adaptshrink,1,0.33169171792840946,-0.12279626356343959,0.7861796994202586,0.430206384475603
245,adaptshrink,2,-0.40945782354119353,-0.7201772049618969,-0.09873844212049016,-0.3312035315614171
245,adaptshrink,3,0.33496569447323393,-0.16041453013416423,0.8303459190806322,0.31033380277008576
245,adaptshrink,4,0.1885472641961563,-0.17437839441639652,0.5514729228087092,0.15235469021419426
245,adaptshrink,5,0.14734921950923052,-0.12916874849384152,0.42386718751230257,0.2780546694355555
246,common_DL,1,0.32408385621781616,-0.2007629878207307,0.8489307002563631,0.2691042991984453
246,common_DL,2,-0.14690366025332013,-0.6511705605168917,0.35736324001025144,-0.4644329576028651
246,common_DL,3,-0.1238638561837637,-0.7386678147588818,0.4909401023913543,-0.19130635324685114
246,common_DL,4,-0.9717401842634839,-1.6230889685800018,-0.32039139994696586,-0.7117181249376969
246,common_DL,5,-0.4788278946408907,-0.9798302001568293,0.0221744108750479,-0.5578273839685229
246,comp_specific,1,0.3034480165392168,-0.08403882782671301,0.6909348609051467,0.2691042991984453
246,comp_specific,2,-0.20347987164811432,-1.0197841329179165,0.6128243896216878,-0.4644329576028651
246,comp_specific,3,-0.14914984585503713,-0.4210437209178507,0.12274402920777647,-0.19130635324685114
246,comp_specific,4,-0.9982837366499913,-1.4453492602511182,-0.5512182130488642,-0.7117181249376969
246,comp_specific,5,-0.4937600080184229,-0.6645571856412998,-0.32296283039554596,-0.5578273839685229
246,adaptshrink,1,0.31780025997048633,-0.15343108178439602,0.7890316017253687,0.2691042991984453
246,adaptshrink,2,-0.18443999997813432,-0.8416775260099689,0.4727975260537003,-0.4644329576028651
246,adaptshrink,3,-0.12439357256145317,-0.6612049513643479,0.4124178062414416,-0.19130635324685114
246,adaptshrink,4,-0.9766150362203577,-1.5682815085248345,-0.38494856391588084,-0.7117181249376969
246,adaptshrink,5,-0.4800374659273173,-0.8833089895237445,-0.07676594233089007,-0.5578273839685229
247,common_DL,1,-0.7464158811220616,-1.1040498300001045,-0.3887819322440187,-0.8134560069408753
247,common_DL,2,0.10053522377304996,-0.3091851031877487,0.5102555507338487,-0.21003916574336315
247,common_DL,3,0.9458821028451503,0.521599460068098,1.3701647456222026,0.8485694685595861
247,common_DL,4,1.964812800018835,1.5405300510642537,2.3890955489734162,1.5651279599224022
247,common_DL,5,0.22364966082864285,-0.17779591773213999,0.6250952393894257,-0.10024434508944406
247,comp_specific,1,-0.8005294993198325,-0.9879042092606505,-0.6131547893790146,-0.8134560069408753
247,comp_specific,2,0.12247851369997553,-0.3696847030677207,0.6146417304676718,-0.21003916574336315
247,comp_specific,3,0.8789664415852511,0.6732751390455899,1.0846577441249123,0.8485694685595861
247,comp_specific,4,2.012868189983956,1.3365656379060393,2.6891707420618722,1.5651279599224022
247,comp_specific,5,0.1920309701629081,-0.030550678183285218,0.4146126185091014,-0.10024434508944406
247,adaptshrink,1,-0.757068538019658,-1.0483226572173625,-0.46581441882195346,-0.8134560069408753
247,adaptshrink,2,0.11351118137644695,-0.3397316557664748,0.5667540185193687,-0.21003916574336315
247,adaptshrink,3,0.9326929170500076,0.5733942800089324,1.2919915540910827,0.8485694685595861
247,adaptshrink,4,1.9905470743378648,1.4680073948533043,2.5130867538224253,1.5651279599224022
247,adaptshrink,5,0.21207424393942473,-0.12556837476276642,0.5497168626416159,-0.10024434508944406
248,common_DL,1,-0.23933204191334626,-0.5979721683720713,0.11930808454537886,-0.10999686941837662
248,common_DL,2,-1.0388400402008764,-1.4400850098322335,-0.6375950705695193,-0.6490395911514565
248,common_DL,3,-0.5419052826187344,-0.9240374508755582,-0.1597731143619105,-0.5715431158868854
248,common_DL,4,0.7661089658564199,0.42998073382277247,1.1022371978900671,0.9723474429485643
248,common_DL,5,0.1773213886835487,-0.13947266598835784,0.4941154433554552,0.31713104036985496
248,comp_specific,1,-0.25021488929851127,-0.452038469833271,-0.04839130876375153,-0.10999686941837662
248,comp_specific,2,-1.0293239950988053,-1.3860033836174979,-0.6726446065801128,-0.6490395911514565
248,comp_specific,3,-0.56770016165775,-0.8440799704113235,-0.2913203529041764,-0.5715431158868854
248,comp_specific,4,0.6956397669564881,0.17712976681188597,1.2141497671010901,0.9723474429485643
248,comp_specific,5,0.1892742431083173,-0.0835221996583575,0.4620706858749921,0.31713104036985496
248,adaptshrink,1,-0.23993471505966932,-0.5469059079119661,0.06703647779262753,-0.10999686941837662
248,adaptshrink,2,-1.0361801226547898,-1.4232284270569246,-0.6491318182526549,-0.6490395911514565
248,adaptshrink,3,-0.5471274696795534,-0.8987824343880046,-0.19547250497110213,-0.5715431158868854
248,adaptshrink,4,0.7275296499173847,0.302133608895577,1.1529256909391923,0.9723474429485643
248,adaptshrink,5,0.182540900702765,-0.11330802008752947,0.4783898214930594,0.31713104036985496
249,common_DL,1,0.6628790921076463,0.23516676808080228,1.0905914161344903,0.4999172882510344
249,common_DL,2,-0.20175809666240288,-0.6726552010425207,0.26913900771771504,0.19617788180487522
249,common_DL,3,0.3582615146550584,-0.12323140538495508,0.8397544346950718,0.2025997349148102
249,common_DL,4,-0.4425921356596787,-0.9948991656964902,0.10971489437713278,-0.5813261997452932
249,common_DL,5,0.4274779968029663,-0.012610542307791739,0.8675665359137243,0.3037368416047231
249,comp_specific,1,0.5865497348351953,0.3737100011404756,0.7993894685299151,0.4999172882510344
249,comp_specific,2,-0.12526593174012046,-1.0315859461597885,0.7810540826795475,0.19617788180487522
249,comp_specific,3,0.3484591098804275,0.03525091125495533,0.6616673085058997,0.2025997349148102
249,comp_specific,4,-0.4426063354116617,-0.996168803409958,0.1109561325866345,-0.5813261997452932
249,comp_specific,5,0.3853111033361071,0.2228072918269505,0.5478149148452637,0.3037368416047231
249,adaptshrink,1,0.6446595573898143,0.29985005616681665,0.9894690586128119,0.4999172882510344
249,adaptshrink,2,-0.14803203051318273,-0.8420476694665124,0.545983608440147,0.19617788180487522
249,adaptshrink,3,0.35581338423838005,-0.06423405136749688,0.7758608198442569,0.2025997349148102
249,adaptshrink,4,-0.4425968852450404,-0.9953227135504074,0.11012894306032661,-0.5813261997452932
249,adaptshrink,5,0.42208560372682624,0.06797449880700396,0.7761967086466486,0.3037368416047231
250,common_DL,1,0.15908700479629095,-0.04857775614844487,0.36675176574102675,0.14659674196372935
250,common_DL,2,-0.5598824327584132,-0.9579893250130731,-0.16177554050375337,-0.5168174277655107
250,common_DL,3,-0.6810439396966343,-0.9776519773130865,-0.38443590208018213,-0.7807194497846408
250,common_DL,4,0.46309409940791274,0.207803163921144,0.7183850348946814,0.30916141537301983
250,common_DL,5,0.0570106937804505,-0.2753346414650211,0.3893560290259221,0.07122522818981866
250,comp_specific,1,0.15105816616793882,0.0014596168354580885,0.30065671550041956,0.14659674196372935
250,comp_specific,2,-0.5646222829282865,-0.924292542937024,-0.20495202291954906,-0.5168174277655107
250,comp_specific,3,-0.6828706048820994,-0.9276267022019655,-0.4381145075622333,-0.7807194497846408
250,comp_specific,4,0.42540591617540463,-0.01451454208851588,0.8653263744393251,0.30916141537301983
250,comp_specific,5,0.04027871981515617,-0.23858786401879373,0.3191453036491061,0.07122522818981866
250,adaptshrink,1,0.15570097300178928,-0.02604916086068168,0.3374511068642603,0.14659674196372935
250,adaptshrink,2,-0.5613148462157626,-0.9471003650122392,-0.17552932741928595,-0.5168174277655107
250,adaptshrink,3,-0.681500606682761,-0.9619302356671355,-0.40107097769838645,-0.7807194497846408
250,adaptshrink,4,0.44185383134213607,0.09244644665012608,0.7912612160341461,0.30916141537301983
250,adaptshrink,5,0.05252672150807852,-0.2634225240516571,0.36847596706781416,0.07122522818981866
251,common_DL,1,0.22259373368272187,-0.06409364160587203,0.5092811089713157,0.22415174794948473
251,common_DL,2,-0.5873641435851757,-0.8613112701252119,-0.31341701704513963,-0.3735152382549946
251,common_DL,3,-0.7746800482373254,-1.1097396978771068,-0.43962039859754404,-0.6355013031556331
251,common_DL,4,0.10021005287810972,-0.26687479990303586,0.46729490565925524,0.0918043718833048
251,common_DL,5,-0.07212521161405488,-0.33851018238090474,0.19425975915279498,-0.07035454432927295
251,comp_specific,1,0.22764433242687515,0.00810989135507778,0.4471787734986725,0.22415174794948473
251,comp_specific,2,-0.5176249870398317,-0.9231094856040334,-0.11214048847563007,-0.3735152382549946
251,comp_specific,3,-0.8159247792043356,-1.0588953549964382,-0.572954203412233,-0.6355013031556331
251,comp_specific,4,0.09339556489606837,-0.39855643804085267,0.5853475678329894,0.0918043718833048
251,comp_specific,5,-0.07745079072209252,-0.2412114199750811,0.08630983853089608,-0.07035454432927295
251,adaptshrink,1,0.22471969089018382,-0.03632431863774402,0.4857637004181117,0.22415174794948473
251,adaptshrink,2,-0.5428060629610134,-0.8824267110055308,-0.20318541491649594,-0.3735152382549946
251,adaptshrink,3,-0.7854848683579325,-1.0953153666977,-0.47565437001816496,-0.6355013031556331
251,adaptshrink,4,0.09607980133644992,-0.33814132357817783,0.5303009262510776,0.0918043718833048
251,adaptshrink,5,-0.07339539724908117,-0.3119050317372932,0.16511423723913088,-0.07035454432927295
252,common_DL,1,1.3141278691306366,1.1306244295752081,1.497631308686065,1.2613395945890666
252,common_DL,2,0.17497902576614752,0.006848203818364013,0.34310984771393105,0.20530384519003583
252,common_DL,3,-0.7430328231976271,-0.869447826532108,-0.6166178198631462,-0.6856213462567624
252,common_DL,4,0.5214397257894665,0.2716114724734606,0.7712679791054724,0.5151226294460136
252,common_DL,5,-0.3302809214068363,-0.4920763593929415,-0.16848548342073108,-0.3344635594392512
252,comp_specific,1,1.314127869130637,1.1306244295752086,1.4976313086860655,1.2613395945890666
252,comp_specific,2,0.17497902576614696,0.00684820381836343,0.3431098477139305,0.20530384519003583
252,comp_specific,3,-0.7412172520174176,-0.8958493509345752,-0.58658515310026,-0.6856213462567624
252,comp_specific,4,0.5214397257894665,0.27161147247346074,0.7712679791054723,0.5151226294460136
252,comp_specific,5,-0.3302809214068357,-0.4920763593929409,-0.16848548342073041,-0.3344635594392512
252,adaptshrink,1,1.3141278691306375,1.130624429575209,1.497631308686066,1.2613395945890666
252,adaptshrink,2,0.1749790257661471,0.006848203818363624,0.3431098477139306,0.20530384519003583
252,adaptshrink,3,-0.7418369157206494,-0.8833270921873723,-0.6003467392539265,-0.6856213462567624
252,adaptshrink,4,0.5214397257894681,0.27161147247346223,0.771267979105474,0.5151226294460136
252,adaptshrink,5,-0.3302809214068356,-0.4920763593929408,-0.16848548342073047,-0.3344635594392512
253,common_DL,1,0.08418972273027378,-0.305780829903501,0.4741602753640486,0.07576961067637104
253,common_DL,2,-0.023265272519288047,-0.36307906323409367,0.31654851819551755,-0.1080130494367953
253,common_DL,3,-0.33490306895092553,-0.6615816641163819,-0.008224473785469255,-0.21249906409652194
253,common_DL,4,0.22635655607766159,-0.2318530781005937,0.6845661902559168,0.32283171998877686
253,common_DL,5,0.26331883322993044,-0.0695794867159989,0.5962171531758598,0.16197282665488347
253,comp_specific,1,0.04425727177953345,-0.16500970675257104,0.25352425031163794,0.07576961067637104
253,comp_specific,2,-0.05841480761004722,-0.44655215012562566,0.3297225349055313,-0.1080130494367953
253,comp_specific,3,-0.325857054431131,-0.5272783284337151,-0.12443578042854683,-0.21249906409652194
253,comp_specific,4,0.3061844063591397,-0.8011871880543417,1.4135560007726211,0.32283171998877686
253,comp_specific,5,0.29559296991232437,0.11619075776593354,0.47499518205871516,0.16197282665488347
253,adaptshrink,1,0.07776352680519814,-0.2685910734791734,0.4241181270895697,0.07576961067637104
253,adaptshrink,2,-0.04323322224780461,-0.40847067899407175,0.3220042344984625,-0.1080130494367953
253,adaptshrink,3,-0.33250179079114617,-0.6133929572535174,-0.051610624328774946,-0.21249906409652194
253,adaptshrink,4,0.2823177740915275,-0.4639274414354575,1.0285629896185124,0.32283171998877686
253,adaptshrink,5,0.27312575146718343,-0.006692580907700807,0.5529440838420676,0.16197282665488347
254,common_DL,1,0.8352931353465898,0.29526499768170744,1.3753212730114721,0.6077702707755099
254,common_DL,2,-0.03577054309328864,-0.3112496005881289,0.2397085144015516,-0.2546447322064558
254,common_DL,3,-0.500628551078011,-0.7739382963857002,-0.22731880577032176,-0.6075847420293966
254,common_DL,4,-0.08592525279006488,-0.4409461437657898,0.26909563818566007,-0.5004709887254296
254,common_DL,5,0.4765662613779996,0.17619664066639906,0.7769358820896002,0.6670145294102798
254,comp_specific,1,0.8372500994190911,0.3489805105628613,1.325519688275321,0.6077702707755099
254,comp_specific,2,-0.06331944474682209,-0.42887282563336593,0.3022339361397217,-0.2546447322064558
254,comp_specific,3,-0.541304823319366,-0.7066259315025312,-0.3759837151362009,-0.6075847420293966
254,comp_specific,4,-0.1571838535779217,-0.6880326643983603,0.37366495724251686,-0.5004709887254296
254,comp_specific,5,0.486834698927113,0.25865740319013586,0.7150119946640902,0.6670145294102798
254,adaptshrink,1,0.835859070543982,0.3125110775708526,1.3592070635171114,0.6077702707755099
254,adaptshrink,2,-0.05326974175782903,-0.37739480303543593,0.2708553195197779,-0.2546447322064558
254,adaptshrink,3,-0.5130020084636294,-0.7461876559563353,-0.27981636097092355,-0.6075847420293966
254,adaptshrink,4,-0.13031710158108742,-0.5717105620888475,0.3110763589266726,-0.5004709887254296
254,adaptshrink,5,0.4812979537353391,0.21311944859502946,0.7494764588756488,0.6670145294102798
255,common_DL,1,1.008127379237151,0.7637558691127224,1.2524988893615796,1.0848936969284961
255,common_DL,2,-0.2849357252284259,-0.6255236234074952,0.05565217295064334,-0.22317709636190397
255,common_DL,3,-0.3589323068009499,-0.6730993035038069,-0.044765310098092925,-0.2793014608609816
255,common_DL,4,-0.4400034860554734,-0.8906067758633895,0.010599803752442738,-0.0998179986712202
255,common_DL,5,0.16039616620910174,-0.23137434473811835,0.5521666771563218,0.09937879551918066
255,comp_specific,1,1.007260365305114,0.8451751617106563,1.1693455688995715,1.0848936969284961
255,comp_specific,2,-0.27933201792949297,-0.7717952283048644,0.21313119244587841,-0.22317709636190397
255,comp_specific,3,-0.3442035505954549,-0.7366311097435512,0.04822400855264147,-0.2793014608609816
255,comp_specific,4,-0.4405861458389612,-0.8895771038510496,0.008404812173127219,-0.0998179986712202
255,comp_specific,5,0.15572312449523526,-0.16077270247663752,0.472218951467108,0.09937879551918066
255,adaptshrink,1,1.0066371263720189,0.7981885485193414,1.2150857042246963,1.0848936969284961
255,adaptshrink,2,-0.2809130747757017,-0.6940126778520324,0.13218652830062894,-0.22317709636190397
255,adaptshrink,3,-0.34938500985558574,-0.7054545916096151,0.00668457189844357,-0.2793014608609816
255,adaptshrink,4,-0.4401967714101187,-0.8902634313497182,0.00986988852948073,-0.0998179986712202
255,adaptshrink,5,0.1591549092318291,-0.2102161111899057,0.5285259296535639,0.09937879551918066
256,common_DL,1,-0.7399170173117829,-1.3095603994359393,-0.17027363518762673,-0.7411370526119954
256,common_DL,2,-0.4185619386465349,-0.9111616548573875,0.07403777756431767,-0.04248302288845916
256,common_DL,3,0.20191558783600239,-0.28847208694778265,0.6923032626197874,0.14499583741969738
256,common_DL,4,-0.3054274421383171,-0.8225749655894824,0.21172008131284825,0.20742347624458046
256,common_DL,5,-0.14433303634367012,-0.5688669195064134,0.2802008468190732,-0.16503925429136918
256,comp_specific,1,-0.7933476771193226,-0.9723010639537272,-0.6143942902849181,-0.7411370526119954
256,comp_specific,2,-0.42349819177512976,-1.3517177139871592,0.5047213304368998,-0.04248302288845916
256,comp_specific,3,0.19757422969788346,-0.017770094698867256,0.4129185540946342,0.14499583741969738
256,comp_specific,4,-0.2847467759873551,-1.044292522209751,0.4747989702350409,0.20742347624458046
256,comp_specific,5,-0.09763961218310926,-0.25382139727934594,0.05854217291312741,-0.16503925429136918
256,adaptshrink,1,-0.7502255343187939,-1.2385637428376135,-0.2618873257999743,-0.7411370526119954
256,adaptshrink,2,-0.42243677944378766,-1.1358407037939808,0.29096714490640563,-0.04248302288845916
256,adaptshrink,3,0.20117911331455504,-0.20147460586058194,0.603832832489692,0.14499583741969738
256,adaptshrink,4,-0.2912531835298104,-0.9247536899282014,0.3422473228685807,0.20742347624458046
256,adaptshrink,5,-0.1359186235358814,-0.4617712683716308,0.18993402129986797,-0.16503925429136918
257,common_DL,1,-0.020545135899849312,-0.45195846141540286,0.41086818961570426,-0.1555131154857063
257,common_DL,2,0.5793600912594138,0.16593663293200872,0.9927835495868189,0.19696767787063385
257,common_DL,3,0.41283542398959755,-0.004851388898977516,0.8305222368781726,0.4008623843966094
257,common_DL,4,-0.5803524998557932,-1.0349632130191009,-0.12574178669248548,-0.31701351299567954
257,common_DL,5,-0.20194781467098855,-0.6629417029463474,0.25904607360437026,-0.10039912567640463
257,comp_specific,1,-0.0342021419319975,-0.2934475528047685,0.22504326894077348,-0.1555131154857063
257,comp_specific,2,0.6233632417676016,-4.083108320240836e-05,1.2467673146184057,0.19696767787063385
257,comp_specific,3,0.36466601145286837,0.11588554409887936,0.6134464788068574,0.4008623843966094
257,comp_specific,4,-0.548964840654909,-1.1011785192758885,0.0032488379660705613,-0.31701351299567954
257,comp_specific,5,-0.22981368153025483,-0.5769034322793232,0.1172760692188135,-0.10039912567640463
257,adaptshrink,1,-0.02581083820549765,-0.41264494261208684,0.3610232662010916,-0.1555131154857063
257,adaptshrink,2,0.6028599538481464,0.10868475766132535,1.0970351500349675,0.19696767787063385
257,adaptshrink,3,0.3998360001303477,0.037196290741337346,0.7624757095193581,0.4008623843966094
257,adaptshrink,4,-0.5675508585516362,-1.0573461297858708,-0.07775558731740151,-0.31701351299567954
257,adaptshrink,5,-0.21046533044293778,-0.6273210543798463,0.20639039349397073,-0.10039912567640463
258,common_DL,1,-0.6920390277254027,-1.1643277834400563,-0.2197502720107492,-0.5447023810860152
258,common_DL,2,0.1235532819193147,-0.3556099717431609,0.6027165355817903,0.22477722011038018
258,common_DL,3,-0.4100113942403764,-0.8594551719004924,0.03943238341973959,-0.21168546446705006
258,common_DL,4,0.06625215794929495,-0.36256864055427385,0.49507295645286375,-0.1598624870678643
258,common_DL,5,-0.2324121329472407,-0.7183858877826658,0.25356162188818443,-0.048703149061555935
258,comp_specific,1,-0.679237127297422,-1.1048459137695579,-0.2536283408252861,-0.5447023810860152
258,comp_specific,2,0.1906381831802466,-0.5750981269414244,0.9563744933019176,0.22477722011038018
258,comp_specific,3,-0.3845488199387193,-0.7279978346122762,-0.04109980526516244,-0.21168546446705006
258,comp_specific,4,0.03285231173462996,-0.28312285574985696,0.34882747921911683,-0.1598624870678643
258,comp_specific,5,-0.2547654390483088,-0.5942576823948428,0.08472680429822521,-0.048703149061555935
258,adaptshrink,1,-0.6870345731021897,-1.1399669064021711,-0.23410223980220835,-0.5447023810860152
258,adaptshrink,2,0.1605268477823184,-0.4308525836187429,0.7519062791833797,0.22477722011038018
258,adaptshrink,3,-0.4024307189394377,-0.8102677451456081,0.005406307266732635,-0.21168546446705006
258,adaptshrink,4,0.056632310732099234,-0.32909937000339234,0.4423639914675908,-0.1598624870678643
258,adaptshrink,5,-0.2384345981213334,-0.6682296904987625,0.1913604942560956,-0.048703149061555935
259,common_DL,1,1.1407644111937914,0.9281194632802366,1.3534093591073462,1.1159303628340758
259,common_DL,2,-0.2462872616445148,-0.48672927863701654,-0.005845244652013082,-0.18806614245133457
259,common_DL,3,0.08791910673575037,-0.12315473006763136,0.2989929435391321,0.07399448598953423
259,common_DL,4,-1.326235558093302,-1.5428128233902607,-1.1096582927963434,-0.8759675396171627
259,common_DL,5,-0.8572151802945829,-1.0950857295009173,-0.6193446310882483,-0.8811584050784629
259,comp_specific,1,1.143672735058031,0.9525742906672875,1.3347711794487744,1.1159303628340758
259,comp_specific,2,-0.23778068218653314,-0.4589241336377878,-0.016637230735278508,-0.18806614245133457
259,comp_specific,3,0.07306790930943119,-0.09282587172610113,0.2389616903449635,0.07399448598953423
259,comp_specific,4,-1.3821268763716574,-1.8145086297670974,-0.9497451229762175,-0.8759675396171627
259,comp_specific,5,-0.8559028089290331,-1.0519122032764763,-0.6598934145815901,-0.8811584050784629
259,adaptshrink,1,1.1420621971424831,0.9395536145853229,1.3445707796996433,1.1159303628340758
259,adaptshrink,2,-0.24240688326884718,-0.473474802107394,-0.011338964430300358,-0.18806614245133457
259,adaptshrink,3,0.0830620100640524,-0.11112738034025862,0.2772514004683634,0.07399448598953423
259,adaptshrink,4,-1.3644981085907826,-1.6763633168156162,-1.052632900365949,-0.8759675396171627
259,adaptshrink,5,-0.857102467107816,-1.0821408728853148,-0.6320640613303171,-0.8811584050784629
260,common_DL,1,0.4892468006150956,0.033109170264318755,0.9453844309658725,0.5053365444220418
260,common_DL,2,0.39739975831202257,0.015191262724181698,0.7796082538998634,0.18832404758972213
260,common_DL,3,0.08529683161087893,-0.4285283073968162,0.5991219706185741,0.20443069520933815
260,common_DL,4,0.020501773555710673,-0.30478499337120446,0.34578854048262575,0.06499323417316807
260,common_DL,5,0.2575096577671781,-0.08104071712920852,0.5960600326635648,0.30040842946426183
260,comp_specific,1,0.5070908026508307,0.249822847376589,0.7643587579250725,0.5053365444220418
260,comp_specific,2,0.40130004611553827,-0.10783025669393731,0.9104303489250138,0.18832404758972213
260,comp_specific,3,0.046842089926993735,-0.2199439002171955,0.313628080071183,0.20443069520933815
260,comp_specific,4,0.01984301116669568,-0.35389212082660154,0.3935781431599929,0.06499323417316807
260,comp_specific,5,0.2574843993230978,0.006087911738777707,0.508880886907418,0.30040842946426183
260,adaptshrink,1,0.491580990824933,0.08808836456741581,0.8950736170824503,0.5053365444220418
260,adaptshrink,2,0.3998603223213075,-0.04200350802511282,0.8417241526677279,0.18832404758972213
260,adaptshrink,3,0.07829531142337806,-0.3788892366102464,0.5354798594570026,0.20443069520933815
260,adaptshrink,4,0.020181023865238235,-0.33023502246584197,0.37059707019631843,0.06499323417316807
260,adaptshrink,5,0.25730301410539314,-0.041835988062341345,0.5564420162731276,0.30040842946426183
261,common_DL,1,0.3296373843162025,0.17424219086973594,0.48503257776266906,0.33964170756223383
261,common_DL,2,-1.243980735435833,-1.5344952354459531,-0.953466235425713,-1.0415371758303318
261,common_DL,3,0.6788903677179112,0.49198711308503484,0.8657936223507876,0.6797283968042037
261,common_DL,4,0.4650480142064537,0.11188841108320463,0.8182076173297028,-0.13862060165378023
261,common_DL,5,-0.6657907910538802,-1.0279224570030712,-0.30365912510468906,-0.33707067678003727
261,comp_specific,1,0.32963738431620254,0.17424219086973597,0.4850325777626691,0.33964170756223383
261,comp_specific,2,-1.243980735435833,-1.5344952354459531,-0.9534662354257128,-1.0415371758303318
261,comp_specific,3,0.6788903677179111,0.49198711308503484,0.8657936223507874,0.6797283968042037
261,comp_specific,4,0.48550315256598486,0.09300932061521977,0.8779969845167499,-0.13862060165378023
261,comp_specific,5,-0.6713121585242992,-1.0963968601266842,-0.24622745692191406,-0.33707067678003727
261,adaptshrink,1,0.3296373843162025,0.17424219086973594,0.48503257776266906,0.33964170756223383
261,adaptshrink,2,-1.2439807354358314,-1.5344952354459513,-0.9534662354257115,-1.0415371758303318
261,adaptshrink,3,0.6788903677179103,0.49198711308503407,0.8657936223507866,0.6797283968042037
261,adaptshrink,4,0.4727910435219288,0.10578352123965323,0.8397985658042044,-0.13862060165378023
261,adaptshrink,5,-0.6687243764396039,-1.0593250130860423,-0.2781237397931655,-0.33707067678003727
262,common_DL,1,0.41560766564202406,0.13636687045003393,0.6948484608340142,0.37288868882298476
262,common_DL,2,-0.18449628379990352,-0.49006032513721454,0.1210677575374075,-0.13702083390211958
262,common_DL,3,-0.08543234966537616,-0.4332248112577777,0.26236011192702535,-0.19643805604309295
262,common_DL,4,0.8160689495579856,0.48468346620852326,1.1474544329074479,0.5095732497361327
262,common_DL,5,-0.0656084947071588,-0.3733161333587501,0.2420991439444325,-0.14502379392306206
262,comp_specific,1,0.41435360521787246,0.2546994772632166,0.5740077331725283,0.37288868882298476
262,comp_specific,2,-0.11605261415476975,-0.5340822783060418,0.3019770499965023,-0.13702083390211958
262,comp_specific,3,-0.004796781992813581,-0.20915436101631846,0.1995607970306913,-0.19643805604309295
262,comp_specific,4,0.7365760159267489,0.1873591288935813,1.2857929029599164,0.5095732497361327
262,comp_specific,5,-0.0418184418743579,-0.24255729030936252,0.1589204065606467,-0.14502379392306206
262,adaptshrink,1,0.4156248512995361,0.1766194490734075,0.6546302535256647,0.37288868882298476
262,adaptshrink,2,-0.15659987021313515,-0.5048713543743047,0.19167161394803445,-0.13702083390211958
262,adaptshrink,3,-0.06818619526620484,-0.3810218900451867,0.24464949951277704,-0.19643805604309295
262,adaptshrink,4,0.7619356463826437,0.3207647943062994,1.2031064984589879,0.5095732497361327
262,adaptshrink,5,-0.05880688571496781,-0.32540858031028264,0.20779480888034704,-0.14502379392306206
263,common_DL,1,-0.46385790290881534,-1.0714212334933362,0.1437054276757055,-0.5296401427585087
263,common_DL,2,0.6261363803765502,0.08505109743930994,1.1672216633137904,0.9085223738162094
263,common_DL,3,0.4943069091444259,-0.054399869311463234,1.043013687600315,0.45886268810186914
263,common_DL,4,-0.5837680624706667,-1.0627626850327603,-0.10477343990857313,-1.0256125714038287
263,common_DL,5,0.6452478793951306,0.1879739935255132,1.102521765264748,0.6482082131875532
263,comp_specific,1,-0.4790396229439071,-0.8989471365406156,-0.059132109347198536,-0.5296401427585087
263,comp_specific,2,0.5649832923010552,-0.7030246236619793,1.8329912082640896,0.9085223738162094
263,comp_specific,3,0.5425377633620042,0.18759013924215567,0.8974853874818527,0.45886268810186914
263,comp_specific,4,-0.6085590423924616,-0.9990356490849083,-0.21808243570001495,-1.0256125714038287
263,comp_specific,5,0.626394298659267,0.4630218992872296,0.7897666980313044,0.6482082131875532
263,adaptshrink,1,-0.46668950953765365,-1.0197893080134741,0.08641028893816671,-0.5296401427585087
263,adaptshrink,2,0.5787648702709639,-0.27846208894084845,1.4359918294827763,0.9085223738162094
263,adaptshrink,3,0.5028415601671772,0.008921059338124704,0.9967620609962297,0.45886268810186914
263,adaptshrink,4,-0.5921281396376317,-1.0357147887149993,-0.14854149056026394,-1.0256125714038287
263,adaptshrink,5,0.6442119220037112,0.25878603276062434,1.029637811246798,0.6482082131875532
264,common_DL,1,-0.09879095080554129,-0.547535401995013,0.34995350038393047,-0.2093018332023329
264,common_DL,2,-0.25145811861047074,-0.7246966274707611,0.22178039024981966,-0.3960368808590686
264,common_DL,3,0.24092239241784552,-0.07826517262581684,0.5601099574615078,0.1696306574141434
264,common_DL,4,-0.1840057339511444,-0.5441017990083075,0.17609033110601863,-0.20418495904800762
264,common_DL,5,-1.3483214741471552,-1.6387396722791705,-1.05790327601514,-1.0871881834230317
264,comp_specific,1,-0.10913830407970967,-0.5078821900694057,0.2896055819099863,-0.2093018332023329
264,comp_specific,2,-0.2602795089919234,-0.6844389775760593,0.16387995959221247,-0.3960368808590686
264,comp_specific,3,0.2394119118453626,-0.053834629975389126,0.5326584536661143,0.1696306574141434
264,comp_specific,4,-0.25655577000838026,-0.797652511936682,0.28454097191992145,-0.20418495904800762
264,comp_specific,5,-1.2921944409634187,-1.5027151575433901,-1.0816737243834473,-1.0871881834230317
264,adaptshrink,1,-0.10181287693198798,-0.5345981453689053,0.3309723915049293,-0.2093018332023329
264,adaptshrink,2,-0.2539718790234513,-0.7115964585207339,0.20365270047383127,-0.3960368808590686
264,adaptshrink,3,0.24044549781762947,-0.06798262537365135,0.5488736210089102,0.1696306574141434
264,adaptshrink,4,-0.2306736022007216,-0.6788771303163498,0.21752992591490658,-0.20418495904800762
264,adaptshrink,5,-1.3291889809509878,-1.5867217661205326,-1.071656195781443,-1.0871881834230317
265,common_DL,1,0.7458735909230854,0.3800096448209572,1.1117375370252134,0.8202072448786161
265,common_DL,2,-0.09987045256424715,-0.45213212222676835,0.25239121709827406,-0.09556364606783083
265,common_DL,3,-0.13021607134385588,-0.40744270322177917,0.1470105605340674,-0.08039557805926992
265,common_DL,4,0.671177001428803,0.37534740153926904,0.9670066013183369,0.23748546649886798
265,common_DL,5,1.0363300923721939,0.7210163230092063,1.3516438617351816,0.8071721592327642
265,comp_specific,1,0.7489104132701443,0.4154393837171139,1.0823814428231746,0.8202072448786161
265,comp_specific,2,-0.1366388967593059,-0.7148002498205397,0.44152245630192793,-0.09556364606783083
265,comp_specific,3,-0.1369782910622352,-0.4430845426356896,0.1691279605112192,-0.08039557805926992
265,comp_specific,4,0.6849223985381218,0.46453196099952726,0.9053128360767162,0.23748546649886798
265,comp_specific,5,1.068404411320208,0.8233247180864252,1.313484104553991,0.8071721592327642
265,adaptshrink,1,0.7472420603174701,0.3971754450530864,1.0973086755818537,0.8202072448786161
265,adaptshrink,2,-0.1249338737800928,-0.5897216637681504,0.3398539162079648,-0.09556364606783083
265,adaptshrink,3,-0.13256991626649628,-0.41983603932162405,0.1546962067886315,-0.08039557805926992
265,adaptshrink,4,0.6742695310387068,0.4009092425399604,0.9476298195374532,0.23748546649886798
265,adaptshrink,5,1.0467576827647982,0.7573543893951356,1.3361609761344608,0.8071721592327642
266,common_DL,1,0.19558559656112795,-0.15780235451264912,0.548973547634905,0.26887508788386905
266,common_DL,2,-0.16797651886222653,-0.5590726959276946,0.22311965820324148,0.06100517994040493
266,common_DL,3,0.23433333391320027,-0.142490565434294,0.6111572332606945,0.1927574472861994
266,common_DL,4,0.04868584641822241,-0.363491473007361,0.4608631658438059,-0.15166649218530395
266,common_DL,5,0.31898109161906374,-0.02418428841773329,0.6621464716558607,0.2604462278528813
266,comp_specific,1,0.21459145030746568,0.027524796608766527,0.40165810400616486,0.26887508788386905
266,comp_specific,2,-0.18997039393487752,-0.8606572982794378,0.48071651040968283,0.06100517994040493
266,comp_specific,3,0.23320421621265472,-0.17492936022719693,0.6413377926525063,0.1927574472861994
266,comp_specific,4,0.051662316775099304,-0.3525059080107156,0.4558305415609142,-0.15166649218530395
266,comp_specific,5,0.3192996976997498,0.13011192496210977,0.5084874704373898,0.2604462278528813
266,adaptshrink,1,0.19657893730449633,-0.1143266157234904,0.5074844903324831,0.26887508788386905
266,adaptshrink,2,-0.1820129102919358,-0.7122840153393409,0.3482581947554694,0.06100517994040493
266,adaptshrink,3,0.23386040957987364,-0.1568269635201816,0.6245477826799288,0.1927574472861994
266,adaptshrink,4,0.049662009519113155,-0.35986752847488923,0.45919154751311553,-0.15166649218530395
266,adaptshrink,5,0.31922377472224894,0.024617312661779578,0.6138302367827183,0.2604462278528813
267,common_DL,1,0.3058737730740749,-0.06242015581031596,0.6741677019584658,0.17948587346337422
267,common_DL,2,0.3385760597454709,0.014934394150840302,0.6622177253401015,0.25469710533360257
267,common_DL,3,0.2598441432069396,-0.1857683923839935,0.7054566787978727,-0.011255317981319434
267,common_DL,4,0.9773487926318298,0.6054609564254516,1.349236628838208,0.5610632181876758
267,common_DL,5,0.1173104810427481,-0.24540862411285136,0.48002958619834757,0.05418183435625055
267,comp_specific,1,0.30603115783729723,0.11843666771964695,0.4936256479549475,0.17948587346337422
267,comp_specific,2,0.35544503174153397,-0.154180438746222,0.8650705022292899,0.25469710533360257
267,comp_specific,3,0.1512976708367258,-0.07869243848801355,0.38128778016146514,-0.011255317981319434
267,comp_specific,4,0.9988655654486427,0.734835144453797,1.2628959864434883,0.5610632181876758
267,comp_specific,5,0.058301676908528166,-0.18801903436360784,0.30462238818066417,0.05418183435625055
267,adaptshrink,1,0.3043306491027579,-0.017537193803358997,0.6261984920088748,0.17948587346337422
267,adaptshrink,2,0.35017116932291414,-0.07762064879726266,0.7779629874430909,0.25469710533360257
267,adaptshrink,3,0.23800371072472992,-0.15851369057247383,0.6345211120219336,-0.011255317981319434
267,adaptshrink,4,0.9815514375250196,0.6413969097534596,1.3217059652965797,0.5610632181876758
267,adaptshrink,5,0.10073195114877362,-0.21362236491592893,0.4150862672134762,0.05418183435625055
268,common_DL,1,0.24643696004562127,0.03605282850125602,0.4568210915899865,0.37756439570084427
268,common_DL,2,0.4092716944222853,0.13792731967451788,0.6806160691700527,-0.07172897448879693
268,common_DL,3,-0.24547505645397005,-0.5568228378040088,0.06587272489606866,-0.32666284526229306
268,common_DL,4,-0.42457186946648173,-0.7488591279288155,-0.10028461100414798,-0.28727036724647564
268,common_DL,5,0.611239252687305,0.32098263368855906,0.9014958716860508,0.5413799437009036
268,comp_specific,1,0.22555918477036202,0.0816166054768735,0.36950176406385055,0.37756439570084427
268,comp_specific,2,0.43519125014425075,-0.10628549634727225,0.9766679966357737,-0.07172897448879693
268,comp_specific,3,-0.23462228241315441,-0.582752669553,0.11350810472669115,-0.32666284526229306
268,comp_specific,4,-0.42336523942553594,-0.6988874537149865,-0.14784302513608544,-0.28727036724647564
268,comp_specific,5,0.6216261377828699,0.4079957988586042,0.8352564767071355,0.5413799437009036
268,adaptshrink,1,0.23816788095081118,0.05605479756451215,0.4202809643371102,0.37756439570084427
268,adaptshrink,2,0.42534192962959005,0.036926718574867345,0.8137571406843127,-0.07172897448879693
268,adaptshrink,3,-0.24128492598847204,-0.5654354425514633,0.08286559057451923,-0.32666284526229306
268,adaptshrink,4,-0.424286889155978,-0.733333398938602,-0.11524037937335396,-0.28727036724647564
268,adaptshrink,5,0.6136675178605229,0.3446587074162201,0.8826763283048256,0.5413799437009036
269,common_DL,1,-0.4397879314952624,-0.8233385108470169,-0.05623735214350789,-0.38843955913103845
269,common_DL,2,0.9019940903147784,0.5628640741230149,1.241124106506542,0.9357069981707311
269,common_DL,3,0.7551883398777846,0.33525878427805933,1.1751178954775097,0.6879335404574589
269,common_DL,4,-1.1620204845353574,-1.4778440854553823,-0.8461968836153326,-0.8059240201606939
269,common_DL,5,-0.9778441534702208,-1.281696604635014,-0.6739917023054276,-0.8533740055507694
269,comp_specific,1,-0.4380001603757962,-0.7420307131293999,-0.1339696076221925,-0.38843955913103845
269,comp_specific,2,0.9634847554752672,0.4624495444429366,1.4645199665075979,0.9357069981707311
269,comp_specific,3,0.7587059943565695,0.4238575839771481,1.0935544047359909,0.6879335404574589
269,comp_specific,4,-1.2494238415387755,-1.7385992466107347,-0.7602484364668163,-0.8059240201606939
269,comp_specific,5,-0.9859474027507376,-1.2146630076514353,-0.7572317978500398,-0.8533740055507694
269,adaptshrink,1,-0.4393637634364607,-0.7988667378852281,-0.07986078898769339,-0.38843955913103845
269,adaptshrink,2,0.9411505712795708,0.5219623249418844,1.360338817617257,0.9357069981707311
269,adaptshrink,3,0.7561830076469919,0.361241947999465,1.1511240672945187,0.6879335404574589
269,adaptshrink,4,-1.2162305656254548,-1.6175262183137558,-0.814934912937154,-0.8059240201606939
269,adaptshrink,5,-0.9801696835276684,-1.2511458608135846,-0.7091935062417521,-0.8533740055507694
270,common_DL,1,-0.2387924628206039,-0.7847137685851571,0.3071288429439492,-0.2285103543537171
270,common_DL,2,-0.30859975281673335,-0.8493935531903363,0.23219404755686956,-0.24552849298048604
270,common_DL,3,0.060905578756617756,-0.4153926766181826,0.537203834131418,0.05326385494966714
270,common_DL,4,0.06537840555799199,-0.48710212475698433,0.6178589358729684,0.006043325249167268
270,common_DL,5,-0.3050352796541569,-0.9671101002866102,0.3570395409782964,-0.015216644985371359
270,comp_specific,1,-0.21414394544015153,-0.6682273054016636,0.23993941452136064,-0.2285103543537171
270,comp_specific,2,-0.3039895487077304,-0.8741045053047023,0.2661254078892415,-0.24552849298048604
270,comp_specific,3,0.011788349772367368,-0.17921415267619148,0.20279085222092622,0.05326385494966714
270,comp_specific,4,-0.033510351592496365,-1.0018409943419768,0.9348202911569841,0.006043325249167268
270,comp_specific,5,-0.30960577350191454,-0.8092701022898569,0.19005855528602777,-0.015216644985371359
270,adaptshrink,1,-0.23190453361110103,-0.7493912169886447,0.28558214976644275,-0.2285103543537171
270,adaptshrink,2,-0.30696964181608155,-0.8577258445314978,0.2437865608993347,-0.24552849298048604
270,adaptshrink,3,0.05416808492563549,-0.3361060098600456,0.4444421797113165,0.05326385494966714
270,adaptshrink,4,0.005172513585027655,-0.715150156310375,0.7254951834804304,0.006043325249167268
270,adaptshrink,5,-0.30599249931854877,-0.9188179729095822,0.3068329742724847,-0.015216644985371359
271,common_DL,1,-0.4962674990331196,-0.9047735117441882,-0.08776148632205111,-0.17546820888379228
271,common_DL,2,0.06924949662825688,-0.3453705145671362,0.4838695078236499,-0.26744530993413623
271,common_DL,3,0.0022499928747829745,-0.4616204102570636,0.4661203960066296,-0.042121558934440924
271,common_DL,4,0.3769001944713516,0.031090184756657258,0.7227102041860459,0.34465362727127863
271,common_DL,5,0.8098871863710527,0.4823059774077354,1.13746839533437,0.7132772290560232
271,comp_specific,1,-0.4789387426858804,-0.7626979571609085,-0.19517952821085227,-0.17546820888379228
271,comp_specific,2,0.0851768745045594,-0.16525368282420777,0.3356074318333266,-0.26744530993413623
271,comp_specific,3,-0.006705176586654371,-0.4374666192101367,0.42405626603682794,-0.042121558934440924
271,comp_specific,4,0.4507770442939821,-0.12808665330632102,1.0296407418942852,0.34465362727127863
271,comp_specific,5,0.8276950402973882,0.6194832672440742,1.0359068133507021,0.7132772290560232
271,adaptshrink,1,-0.4914754203121158,-0.8544071016417201,-0.12854373898251154,-0.17546820888379228
271,adaptshrink,2,0.07201733286657278,-0.2980727413239268,0.4421074070570723,-0.26744530993413623
271,adaptshrink,3,-0.0005055444151184918,-0.45364847664815433,0.4526373878179173,-0.042121558934440924
271,adaptshrink,4,0.4267144877660335,-0.03487865130756945,0.8883076268396364,0.34465362727127863
271,adaptshrink,5,0.8143012629655925,0.536945143324993,1.091657382606192,0.7132772290560232
272,common_DL,1,0.2981807517697036,-0.06648494530674848,0.6628464488461556,0.37978013319841664
272,common_DL,2,0.43931518614775394,0.10205957165807272,0.7765708006374352,0.6310411074185261
272,common_DL,3,0.43676667868210295,0.21796892716025026,0.6555644302039556,0.49077672271146777
272,common_DL,4,-0.02502966844591148,-0.3252722490016326,0.27521291210980964,-0.5690694152178745
272,common_DL,5,0.4299846931704814,0.18347756723165884,0.6764918191093039,0.6144604567969482
272,comp_specific,1,0.3648510952871092,-0.22636868982213726,0.9560708803963556,0.37978013319841664
272,comp_specific,2,0.4498669302449194,0.08599480643712198,0.8137390540527168,0.6310411074185261
272,comp_specific,3,0.4363655079569277,0.28976810566544997,0.5829629102484054,0.49077672271146777
272,comp_specific,4,-0.03705962291101955,-0.3115770342712547,0.2374577884492156,-0.5690694152178745
272,comp_specific,5,0.4299379647190055,0.18665945472390308,0.673216474714108,0.6144604567969482
272,adaptshrink,1,0.33383321139458066,-0.12088461270748702,0.7885510354966483,0.37978013319841664
272,adaptshrink,2,0.4431450727830725,0.09660701482316125,0.7896831307429838,0.6310411074185261
272,adaptshrink,3,0.436814703014334,0.23857996402594192,0.6350494420027261,0.49077672271146777
272,adaptshrink,4,-0.02964164942531955,-0.3192989513011618,0.2600156524505227,-0.5690694152178745
272,adaptshrink,5,0.42995954377207485,0.1850591286198645,0.6748599589242852,0.6144604567969482
273,common_DL,1,-0.4188890220450271,-0.8070830445945543,-0.030694999495499864,-0.3034681326982361
273,common_DL,2,0.8018277537534869,0.3294393590814688,1.274216148425505,0.5144724604804206
273,common_DL,3,-0.23673410835471162,-0.710145857325777,0.23667764061635368,-0.10390548489513185
273,common_DL,4,1.2701271593902361,0.9126456084412164,1.6276087103392558,0.8619977318612557
273,common_DL,5,-0.1643955963383585,-0.5853469534924051,0.2565557608156881,-0.15163701385189077
273,comp_specific,1,-0.37294045043255075,-0.5987475700667576,-0.1471333307983439,-0.3034681326982361
273,comp_specific,2,0.7998984354718451,0.3968499189834608,1.2029469519602296,0.5144724604804206
273,comp_specific,3,-0.2285536441122675,-0.671160733925609,0.214053445701074,-0.10390548489513185
273,comp_specific,4,1.288349672035875,0.8312909433753155,1.7454084006964343,0.8619977318612557
273,comp_specific,5,-0.16498724527575206,-0.5911543987663231,0.26117990821481896,-0.15163701385189077
273,adaptshrink,1,-0.4068845484903879,-0.7292166850161742,-0.08455241196460161,-0.3034681326982361
273,adaptshrink,2,0.8013050540517531,0.35082629103580415,1.251783817067702,0.5144724604804206
273,adaptshrink,3,-0.23425751800207584,-0.6976913205183506,0.22917628451419897,-0.10390548489513185
273,adaptshrink,4,1.2804117415183907,0.8697978386630854,1.691025644373696,0.8619977318612557
273,adaptshrink,5,-0.1646525627401531,-0.5878487859141639,0.2585436604338576,-0.15163701385189077
274,common_DL,1,0.27502147798663423,-0.022837655052322103,0.5728806110255906,0.2899431811001666
274,common_DL,2,-0.14617010387686347,-0.4491643937252622,0.15682418597153525,-0.09870307901767322
274,common_DL,3,0.40840374632427623,0.1662598816823718,0.6505476109661806,0.5408004706389421
274,common_DL,4,-0.1354891072917319,-0.5446538967907611,0.27367568220729743,0.21581357294380765
274,common_DL,5,-0.9295728110412292,-1.1518236686483103,-0.7073219534341482,-0.7475030928650227
274,comp_specific,1,0.2928270682709586,0.10334502643364005,0.48230911010827715,0.2899431811001666
274,comp_specific,2,-0.1513628858052185,-0.697055448996097,0.39432967738565994,-0.09870307901767322
274,comp_specific,3,0.4341604322292155,0.2914613145489141,0.5768595499095169,0.5408004706389421
274,comp_specific,4,-0.22977083963672706,-0.974596038502309,0.5150543592288549,0.21581357294380765
274,comp_specific,5,-0.9164816892542995,-1.0532235367896523,-0.7797398417189467,-0.7475030928650227
274,adaptshrink,1,0.2783648720932404,0.009871186804748633,0.5468585573817322,0.2899431811001666
274,adaptshrink,2,-0.14985059324946354,-0.5965144363848195,0.2968132498858924,-0.09870307901767322
274,adaptshrink,3,0.41982337217351956,0.21721703725322436,0.6224297070938147,0.5408004706389421
274,adaptshrink,4,-0.19386573291367276,-0.7416954590382323,0.35396399321088684,0.21581357294380765
274,adaptshrink,5,-0.924197488252519,-1.1115060908825938,-0.7368888856224444,-0.7475030928650227
275,common_DL,1,-0.1361984768188766,-0.3988794184239267,0.12648246478617353,-0.2298137792873238
275,common_DL,2,0.6931372226139295,0.36288018045762566,1.0233942647702334,0.6114075190616903
275,common_DL,3,-0.3207260472823683,-0.6440534373988316,0.0026013428340949662,-0.3687172259571187
275,common_DL,4,0.6657525947156923,0.3382208662567206,0.993284323174664,0.8586282662175112
275,common_DL,5,0.6627088122185867,0.2859646995539823,1.0394529248831912,0.6370580821029842
275,comp_specific,1,-0.1587993538664323,-0.28762581067264475,-0.029972897060219827,-0.2298137792873238
275,comp_specific,2,0.7893869928939982,0.2754678833653148,1.3033061024226815,0.6114075190616903
275,comp_specific,3,-0.3225148296179864,-0.5755769718745087,-0.06945268736146404,-0.3687172259571187
275,comp_specific,4,0.6726771960229577,0.32998311775270156,1.015371274293214,0.8586282662175112
275,comp_specific,5,0.6534662416073458,0.2151035062221628,1.0918289769925287,0.6370580821029842
275,adaptshrink,1,-0.13960203476115135,-0.35613222221721874,0.07692815269491604,-0.2298137792873238
275,adaptshrink,2,0.763091513788491,0.32867515343112924,1.197507874145853,0.6114075190616903
275,adaptshrink,3,-0.32106955463823733,-0.6171781302827545,-0.024960978993720184,-0.3687172259571187
275,adaptshrink,4,0.6681504841297179,0.3354688516719118,1.000832116587524,0.8586282662175112
275,adaptshrink,5,0.6579985517207745,0.25361655230985936,1.0623805511316897,0.6370580821029842
276,common_DL,1,0.697729312872062,0.4432897555818684,0.9521688701622555,0.7898036609783529
276,common_DL,2,-0.7003132036221044,-0.9284839568388432,-0.4721424504053655,-0.2151884462369293
276,common_DL,3,0.9393343084050831,0.6936133005330842,1.185055316277082,0.8708591211921501
276,common_DL,4,-0.6099922352637784,-0.8423425875175762,-0.3776418830099807,-0.4609472420691194
276,common_DL,5,-0.6282101345814955,-0.9011394980001843,-0.3552807711628067,-0.636003864111554
276,comp_specific,1,0.6978217083261739,0.47746117906239416,0.9181822375899535,0.7898036609783529
276,comp_specific,2,-0.7039856419070353,-0.906877749483429,-0.5010935343306415,-0.2151884462369293
276,comp_specific,3,0.9435782174192627,0.7325865532120902,1.1545698816264354,0.8708591211921501
276,comp_specific,4,-0.5568778050106391,-0.938457432300005,-0.1752981777212732,-0.4609472420691194
276,comp_specific,5,-0.628585902728086,-0.90227493662641,-0.354896868829762,-0.636003864111554
276,adaptshrink,1,0.697794073248197,0.45698993709149877,0.9385982094048952,0.7898036609783529
276,adaptshrink,2,-0.7016020296271418,-0.9194852874227208,-0.4837187718315628,-0.2151884462369293
276,adaptshrink,3,0.941018228607337,0.709230065899564,1.1728063913151099,0.8708591211921501
276,adaptshrink,4,-0.5721382417984888,-0.8906258231230413,-0.2536506604739363,-0.4609472420691194
276,adaptshrink,5,-0.6283985368699907,-0.9017081068561605,-0.3550889668838209,-0.636003864111554
277,common_DL,1,-0.4651920020983799,-1.0006017900961124,0.07021778589935251,-0.6425931078768342
277,common_DL,2,-0.11300610764487913,-0.5450611592846626,0.31904894399490435,-0.39097872026052394
277,common_DL,3,0.3935641666421666,0.015767013074842517,0.7713613202094907,0.5315139968453613
277,common_DL,4,-0.315530979702233,-0.6774856050634048,0.04642364565893886,-0.23849514574890898
277,common_DL,5,-0.22095794116929884,-0.7515436224771195,0.30962774013852173,0.01263513833087178
277,comp_specific,1,-0.3928311467081304,-0.7401193167940492,-0.045542976622211684,-0.6425931078768342
277,comp_specific,2,-0.11585162143576863,-0.5117902717089833,0.2800870288374461,-0.39097872026052394
277,comp_specific,3,0.40058916497548297,0.194788782703314,0.6063895472476519,0.5315139968453613
277,comp_specific,4,-0.3453186593856197,-0.8745309629955599,0.18389364422432053,-0.23849514574890898
277,comp_specific,5,-0.20268101904001543,-0.5162953217436743,0.1109332836636435,0.01263513833087178
277,adaptshrink,1,-0.45216894347354786,-0.9360369028947457,0.03169901594765007,-0.6425931078768342
277,adaptshrink,2,-0.11421406914645803,-0.5312301932795208,0.3028020549866048,-0.39097872026052394
277,adaptshrink,3,0.3949596929624465,0.08904403882829659,0.7008753470965964,0.5315139968453613
277,adaptshrink,4,-0.3361019293203587,-0.7897738079172529,0.11756994927653547,-0.23849514574890898
277,adaptshrink,5,-0.2176523133859401,-0.6917287862331354,0.2564241594612552,0.01263513833087178
278,common_DL,1,0.13314432851194646,-0.27572356953220895,0.5420122265561018,0.030839840314095136
278,common_DL,2,0.631641832528061,0.35023191318006336,0.9130517518760588,0.6966923751862045
278,common_DL,3,0.06481379577345195,-0.2765671985950088,0.4061947901419126,0.03056535302976628
278,common_DL,4,-0.5489596500299596,-0.9225680151833844,-0.1753512848765349,-0.41789427984309113
278,common_DL,5,0.0652315323729822,-0.3182894957681352,0.44875256051409956,0.0032948068359882655
278,comp_specific,1,0.15810079787961734,-0.1941842483220445,0.5103858440812792,0.030839840314095136
278,comp_specific,2,0.5973435180291389,0.22480206073938885,0.969884975318889,0.6966923751862045
278,comp_specific,3,0.0709106268235147,-0.2248985538696098,0.36671980751663924,0.03056535302976628
278,comp_specific,4,-0.47533430306306385,-0.6682167997897657,-0.2824518063363621,-0.41789427984309113
278,comp_specific,5,0.0724367434020776,-0.22777904113964625,0.3726525279438015,0.0032948068359882655
278,adaptshrink,1,0.141804674909356,-0.24463819924224617,0.5282475490609582,0.030839840314095136
278,adaptshrink,2,0.6107591690036913,0.2797125436515436,0.9418057943558391,0.6966923751862045
278,adaptshrink,3,0.06681380119076928,-0.2562195819747618,0.3898471843563004,0.03056535302976628
278,adaptshrink,4,-0.5365918017913419,-0.8687099294851166,-0.20447367409756717,-0.41789427984309113
278,adaptshrink,5,0.0674657925161945,-0.28342152210087623,0.41835310713326523,0.0032948068359882655
279,common_DL,1,-0.2612741565679019,-0.555508721432187,0.03296040829638319,-0.335761851353881
279,common_DL,2,0.2496321351145316,-0.08339995455219043,0.5826642247812537,0.3400793217410228
279,common_DL,3,0.4601144612374275,0.1324638692077334,0.7877650532671217,0.2617030129139426
279,common_DL,4,0.741982186323789,0.261048571708547,1.222915800939031,0.3769535296519116
279,common_DL,5,0.09924327498377448,-0.3161686123108374,0.5146551622783864,0.13434328123329886
279,comp_specific,1,-0.1820891466133766,-0.6417790159394299,0.2776007227126767,-0.335761851353881
279,comp_specific,2,0.25425226328672024,-0.0717512576831168,0.5802557842565572,0.3400793217410228
279,comp_specific,3,0.45897364265190366,0.1699373688479366,0.7480099164558707,0.2617030129139426
279,comp_specific,4,0.7470701274690472,0.21065530446729708,1.2834849504707972,0.3769535296519116
279,comp_specific,5,0.09249977688646258,-0.2818014317998443,0.4668009855727695,0.13434328123329886
279,adaptshrink,1,-0.21859114853519884,-0.5814909378427549,0.1443086407723571,-0.335761851353881
279,adaptshrink,2,0.25156694225995047,-0.07848997293014764,0.5816238574500485,0.3400793217410228
279,adaptshrink,3,0.4597304556775246,0.14796935781812004,0.7714915535369291,0.2617030129139426
279,adaptshrink,4,0.7439593584137143,0.24381303169082824,1.2441056851366004,0.3769535296519116
279,adaptshrink,5,0.09728618847644838,-0.3049916902814169,0.4995640672343137,0.13434328123329886
280,common_DL,1,0.13770284292460824,-0.17171580194001598,0.44712148778923244,-0.018153580026174735
280,common_DL,2,0.3616375583769876,0.002173716846151863,0.7211013999078233,0.21782522092474182
280,common_DL,3,0.48027030274740823,0.20451758294776573,0.7560230225470508,0.390389892940485
280,common_DL,4,0.6383868301596354,0.33228263745328784,0.9444910228659829,0.329024156498782
280,common_DL,5,-0.20540074164929822,-0.5333570979889087,0.12255561469031229,-0.12295793217284245
280,comp_specific,1,0.1375694325430839,-0.1675603372937544,0.4426992023799222,-0.018153580026174735
280,comp_specific,2,0.36027301018573266,0.05303043550326736,0.667515584868198,0.21782522092474182
280,comp_specific,3,0.47587691612487326,0.21260540625107865,0.7391484259986678,0.390389892940485
280,comp_specific,4,0.5764159704849732,0.11660435135733949,1.036227589612607,0.329024156498782
280,comp_specific,5,-0.2153353894695516,-0.3516422141405726,-0.07902856479853063,-0.12295793217284245
280,adaptshrink,1,0.13764950239677423,-0.16994093489524595,0.4452399396887944,-0.018153580026174735
280,adaptshrink,2,0.36156080021293374,0.0183339816114802,0.7047876188143873,0.21782522092474182
280,adaptshrink,3,0.47815937983235685,0.20855200401336044,0.7477667556513532,0.390389892940485
280,adaptshrink,4,0.600574417281676,0.20754797007379494,0.9936008644895571,0.329024156498782
280,adaptshrink,5,-0.20768579289215378,-0.48986290105621555,0.074491315271908,-0.12295793217284245
281,common_DL,1,0.018830499917008775,-0.19634578260812288,0.23400678244214043,-0.24426583161655502
281,common_DL,2,0.5649850855694898,0.30903253604061665,0.8209376350983629,-0.002358948496435962
281,common_DL,3,0.38215613476954097,0.2069913482328542,0.5573209213062278,0.3672570250934757
281,common_DL,4,-0.8556335777606476,-1.1171012304379673,-0.594165925083328,-0.714713053126155
281,common_DL,5,-0.5594507975556722,-0.91140217530921,-0.20749941980213438,-0.5067165184281143
281,comp_specific,1,0.04928237371262856,-0.23729793351455114,0.33586268093980826,-0.24426583161655502
281,comp_specific,2,0.5657630927956411,0.31159308798709173,0.8199330976041904,-0.002358948496435962
281,comp_specific,3,0.38136815329385143,0.2092175111260828,0.5535187954616201,0.3672570250934757
281,comp_specific,4,-0.8623821559423457,-1.1653481957718073,-0.5594161161128841,-0.714713053126155
281,comp_specific,5,-0.5495503016446512,-0.9676338800033051,-0.13146672328599734,-0.5067165184281143
281,adaptshrink,1,0.03406508206262002,-0.21699183883196335,0.28512200295720336,-0.24426583161655502
281,adaptshrink,2,0.5653160544852475,0.3101253624920149,0.8205067464784801,-0.002358948496435962
281,adaptshrink,3,0.3817730295474291,0.20810237927505507,0.5554436798198031,0.3672570250934757
281,adaptshrink,4,-0.8590363174013672,-1.1423816626001075,-0.5756909722026269,-0.714713053126155
281,adaptshrink,5,-0.5554583205870496,-0.9308836221682324,-0.1800330190058667,-0.5067165184281143
282,common_DL,1,-0.09099081606200157,-0.6256097665560553,0.4436281344320522,-0.013867378459251293
282,common_DL,2,-0.3678810974660587,-0.8393385843211434,0.10357638938902602,-0.20577359759227534
282,common_DL,3,0.7284701991996106,0.27196370411054605,1.1849766942886752,0.6112918962375283
282,common_DL,4,-0.5192512817806494,-0.9322146843094024,-0.10628787925189648,-0.4724111721540592
282,common_DL,5,-0.23165408136811444,-0.7283032794375577,0.2649951167013288,0.12521523439195764
282,comp_specific,1,-0.028544425990458075,-0.3096620463966278,0.25257319441571163,-0.013867378459251293
282,comp_specific,2,-0.3676270556561548,-0.8316379928601025,0.09638388154779293,-0.20577359759227534
282,comp_specific,3,0.738378955063447,0.3614656867843131,1.1152922233425808,0.6112918962375283
282,comp_specific,4,-0.5082787610329755,-1.0570512780694918,0.04049375600354088,-0.4724111721540592
282,comp_specific,5,-0.21516433602359825,-0.5411056555036269,0.11077698345643044,0.12521523439195764
282,adaptshrink,1,-0.07990061187813667,-0.5495508021048621,0.3897495783485887,-0.013867378459251293
282,adaptshrink,2,-0.3677752754060719,-0.836058604760725,0.10050805394858114,-0.20577359759227534
282,adaptshrink,3,0.7318478951058724,0.3071430122744444,1.1565527779373004,0.6112918962375283
282,adaptshrink,4,-0.5131206244415495,-0.9892123789980594,-0.03702886988503962,-0.4724111721540592
282,adaptshrink,5,-0.22747686394308103,-0.6599957886006074,0.20504206071444525,0.12521523439195764
283,common_DL,1,1.0966683376771305,0.6131451946125902,1.5801914807416706,0.758961768190098
283,common_DL,2,-0.5712337012384794,-0.9811218023749861,-0.16134560010197269,-0.6366260056138392
283,common_DL,3,0.026710295417437024,-0.4248053828831567,0.4782259737180308,0.3984359155920221
283,common_DL,4,-0.05954846515730794,-0.38350834063268713,0.26441141031807125,-0.09748726814372144
283,common_DL,5,0.5560262420490052,-0.003477585174111897,1.1155300692721224,0.20738201926961589
283,comp_specific,1,1.0663371556913224,0.7273315517739055,1.4053427596087391,0.758961768190098
283,comp_specific,2,-0.6057505574769698,-1.3264801941265278,0.1149790791725881,-0.6366260056138392
283,comp_specific,3,0.02006976724979362,-0.3136884021993419,0.3538279366989291,0.3984359155920221
283,comp_specific,4,-0.0512189975861764,-0.3114421892632723,0.2090041940909195,-0.09748726814372144
283,comp_specific,5,0.5759116207437989,0.13016778590965,1.0216554555779478,0.20738201926961589
283,adaptshrink,1,1.089206334502496,0.6475219265624893,1.530890742442503,0.758961768190098
283,adaptshrink,2,-0.5938426752309314,-1.159872575828245,-0.027812774633617532,-0.6366260056138392
283,adaptshrink,3,0.025667026625313227,-0.3815031867888623,0.43283724003948876,0.3984359155920221
283,adaptshrink,4,-0.05568778033536642,-0.3500505929575951,0.23867503228686227,-0.09748726814372144
283,adaptshrink,5,0.5607301723619929,0.03590634990194719,1.0855539948220385,0.20738201926961589
284,common_DL,1,0.8351508851167633,0.5376315982039226,1.132670172029604,0.6777134206659874
284,common_DL,2,-0.4177190422844799,-0.8321245479666428,-0.003313536602317091,-0.5412726909034311
284,common_DL,3,0.15379933433415038,-0.13023336236116095,0.4378320310294617,0.07289327568357178
284,common_DL,4,0.16959943514696407,-0.11008372108676046,0.4492825913806886,0.13292529585027202
284,common_DL,5,0.1180918560511809,-0.17630621166901161,0.4124899237713734,0.1823300954743484
284,comp_specific,1,0.835641665255639,0.5326940863646928,1.1385892441465852,0.6777134206659874
284,comp_specific,2,-0.4016475795709843,-0.8992568640708324,0.0959617049288638,-0.5412726909034311
284,comp_specific,3,0.16800566037188486,0.006374376107415897,0.32963694463635385,0.07289327568357178
284,comp_specific,4,0.15929278378365255,-0.261034061042545,0.5796196286098502,0.13292529585027202
284,comp_specific,5,0.1257404237818547,-0.05867016750294052,0.31015101506664994,0.1823300954743484
284,adaptshrink,1,0.8354084474264543,0.5351554213277288,1.1356614735251798,0.6777134206659874
284,adaptshrink,2,-0.4089684910361036,-0.861301996471549,0.04336501439934182,-0.5412726909034311
284,adaptshrink,3,0.15677461612621887,-0.08368006314084744,0.3972292953932852,0.07289327568357178
284,adaptshrink,4,0.16290179826316523,-0.18432355531991815,0.5101271518462486,0.13292529585027202
284,adaptshrink,5,0.12291580483985688,-0.1255203750716542,0.37135198475136794,0.1823300954743484
285,common_DL,1,0.1602644513927573,-0.1131181724291977,0.4336470752147123,0.25124900460041555
285,common_DL,2,-0.26254199498618785,-0.6089503212180508,0.08386633124567511,-0.19189630416859962
285,common_DL,3,0.15619519780743463,-0.1607813025889358,0.47317169820380506,0.4060145895901701
285,common_DL,4,-0.4879786446886345,-0.91490012075615,-0.061057168621118985,-0.45752480095576914
285,common_DL,5,-0.015353183318754432,-0.4243998213850795,0.39369345474757067,-0.021810069771405087
285,comp_specific,1,0.14736881167613558,-0.037375947025104994,0.33211357037737615,0.25124900460041555
285,comp_specific,2,-0.2870711314344002,-0.8179480467136631,0.24380578384486262,-0.19189630416859962
285,comp_specific,3,0.1410293045400895,-0.0878021379986769,0.36986074707885586,0.4060145895901701
285,comp_specific,4,-0.42166145970116586,-1.0487375041702,0.20541458476786834,-0.45752480095576914
285,comp_specific,5,-0.020584780325020938,-0.30999994680468446,0.2688303861546426,-0.021810069771405087
285,adaptshrink,1,0.15589096341658276,-0.07791459432558917,0.3896965211587547,0.25124900460041555
285,adaptshrink,2,-0.2789032882145951,-0.7277382223581391,0.16993164592894894,-0.19189630416859962
285,adaptshrink,3,0.151234567205011,-0.1317632750590506,0.4342324094690726,0.4060145895901701
285,adaptshrink,4,-0.4552547007799723,-0.9592609081913136,0.04875150663136896,-0.45752480095576914
285,adaptshrink,5,-0.016584629872662397,-0.3913195426275921,0.3581502828822673,-0.021810069771405087
286,common_DL,1,0.3177494055812164,0.02118135159670903,0.6143174595657237,0.3081193919498232
286,common_DL,2,-0.32288897091811813,-0.5975370849237821,-0.048240856912454166,-0.3768311014158928
286,common_DL,3,-1.233695996060367,-1.4753454752450244,-0.9920465168757098,-1.2383730601647804
286,common_DL,4,0.06782745670040943,-0.1979487832087152,0.33360369660953404,-0.46259164664624036
286,common_DL,5,0.21026851153322113,-0.0994585103801065,0.5199955334465487,0.041549084807718434
286,comp_specific,1,0.3052697624225544,0.056291414711603954,0.5542481101335048,0.3081193919498232
286,comp_specific,2,-0.2815611730765056,-0.6773889849357537,0.11426663878274251,-0.3768311014158928
286,comp_specific,3,-1.2656039941801807,-1.56938816043332,-0.9618198279270413,-1.2383730601647804
286,comp_specific,4,0.07453861027553124,-0.17065409751187757,0.3197313180629401,-0.46259164664624036
286,comp_specific,5,0.20427935036400635,-0.03373950966260156,0.44229821039061423,0.041549084807718434
286,adaptshrink,1,0.31307937312895273,0.035466608604840744,0.5906921376530647,0.3081193919498232
286,adaptshrink,2,-0.296838051724073,-0.631950706547638,0.03827460309949188,-0.3768311014158928
286,adaptshrink,3,-1.2523717591686192,-1.5276970750974073,-0.9770464432398311,-1.2383730601647804
286,adaptshrink,4,0.07082580729650564,-0.18510228176553475,0.326753896358546,-0.46259164664624036
286,adaptshrink,5,0.2086899343038804,-0.08058658956480202,0.4979664581725628,0.041549084807718434
287,common_DL,1,-0.007318677616494958,-0.2924610756988935,0.2778237204659036,-0.04794620869288979
287,common_DL,2,0.12489096124945895,-0.17052001940929026,0.42030194190820813,0.11807068625777545
287,common_DL,3,0.434039550512651,0.07943563375129553,0.7886434672740064,0.23762898207213096
287,common_DL,4,-0.6331901105998263,-0.9787989959432469,-0.2875812252564057,-0.5285329903218954
287,common_DL,5,-0.0738138278247525,-0.3055344790991648,0.15790682344965984,-0.10068814490609161
287,comp_specific,1,-0.012066229975482512,-0.22545485221180037,0.20132239226083534,-0.04794620869288979
287,comp_specific,2,0.1702714182882269,-0.26909459784001144,0.6096374344164652,0.11807068625777545
287,comp_specific,3,0.3839431407514369,-0.16732128724541628,0.93520756874829,0.23762898207213096
287,comp_specific,4,-0.6557567351074336,-0.948726931551289,-0.3627865386635783,-0.5285329903218954
287,comp_specific,5,-0.07537691537480729,-0.2578842228230695,0.10713039207345493,-0.10068814490609161
287,adaptshrink,1,-0.008480451772804466,-0.26663742453164946,0.2496765209860405,-0.04794620869288979
287,adaptshrink,2,0.14749936610803824,-0.2209713886361657,0.5159701208522421,0.11807068625777545
287,adaptshrink,3,0.4031260045028968,-0.047830477475407696,0.8540824864812013,0.23762898207213096
287,adaptshrink,4,-0.6409199313551144,-0.9656412308057296,-0.3161986319044992,-0.5285329903218954
287,adaptshrink,5,-0.07551898354927467,-0.284465026488526,0.13342705938997668,-0.10068814490609161
288,common_DL,1,1.2123163708045017,0.9173240723196037,1.5073086692893998,1.0972045575918028
288,common_DL,2,0.49257058486279015,0.10765777665701898,0.8774833930685613,0.7356513817552001
288,common_DL,3,-0.7735034570688908,-1.0277564618285018,-0.5192504523092798,-0.8537102294884737
288,common_DL,4,-0.14575862373613524,-0.44412945765273865,0.15261221018046817,-0.1275996842559507
288,common_DL,5,-0.12062736089371319,-0.5020806266646424,0.260825904877216,0.06601202729360613
288,comp_specific,1,1.2069484474700534,1.0103380095887666,1.40355888535134,1.0972045575918028
288,comp_specific,2,0.4984726491441729,0.07598546517613908,0.9209598331122066,0.7356513817552001
288,comp_specific,3,-0.7804174280462639,-0.958491373581576,-0.6023434825109518,-0.8537102294884737
288,comp_specific,4,-0.1927495706118571,-0.7159442840316057,0.33044514280789156,-0.1275996842559507
288,comp_specific,5,-0.12155932670970909,-0.44059314818007833,0.19747449476066015,0.06601202729360613
288,adaptshrink,1,1.2104575919660723,0.9413407672983782,1.4795744166337663,1.0972045575918028
288,adaptshrink,2,0.49468100880432103,0.09677847228834491,0.8925835453202972,0.7356513817552001
288,adaptshrink,3,-0.7747308128937925,-1.0010583778190563,-0.5484032479685288,-0.8537102294884737
288,adaptshrink,4,-0.17118085128746924,-0.5628842017721536,0.22052249919721512,-0.1275996842559507
288,adaptshrink,5,-0.12068200694149628,-0.4833077176233665,0.24194370374037394,0.06601202729360613
289,common_DL,1,-0.00690023426325935,-0.4481834971209012,0.4343830285943825,0.018652160202914454
289,common_DL,2,0.18826686922716313,-0.24302878110542547,0.6195625195597517,-0.22157246076240097
289,common_DL,3,1.0359145552460436,0.612070157569063,1.4597589529230242,0.8864754059443137
289,common_DL,4,-0.9017447511243709,-1.2582837482197533,-0.5452057540289885,-0.17805033634742928
289,common_DL,5,0.2302901495384428,-0.158311189480217,0.6188914885571026,0.1513333731280143
289,comp_specific,1,0.019852736181380823,-0.25452407963446144,0.2942295519972231,0.018652160202914454
289,comp_specific,2,0.017385509476713135,-0.9591669233774937,0.9939379423309199,-0.22157246076240097
289,comp_specific,3,1.0325605231644408,0.7694338405965939,1.2956872057322877,0.8864754059443137
289,comp_specific,4,-0.9120144569435074,-1.2095180892136745,-0.6145108246733402,-0.17805033634742928
289,comp_specific,5,0.2460904254949271,0.06601332564152465,0.4261675253483296,0.1513333731280143
289,adaptshrink,1,-0.0029061311063478673,-0.400398365512148,0.3945861032994523,0.018652160202914454
289,adaptshrink,2,0.06561414676701584,-0.6079041061192391,0.7391323996532707,-0.22157246076240097
289,adaptshrink,3,1.0347415272456864,0.6539617089268545,1.4155213455645184,0.8864754059443137
289,adaptshrink,4,-0.9055720729028041,-1.2383447840606967,-0.5727993617449114,-0.17805033634742928
289,adaptshrink,5,0.23421865999286867,-0.09745089602380441,0.5658882160095418,0.1513333731280143
290,common_DL,1,-0.20743490609746487,-0.5808069411539737,0.16593712895904392,-0.31267526973892873
290,common_DL,2,0.33359674808943485,-0.05014007619714628,0.7173335723760159,0.4078238193909849
290,common_DL,3,-0.7218568614512879,-1.1083526901753975,-0.3353610327271784,-0.5387596782919647
290,common_DL,4,-0.7493994501493373,-1.14303390845041,-0.35576499184826454,-0.35204102363744433
290,common_DL,5,-0.4166759981955934,-0.833129211331525,-0.00022278505966188966,-0.33914882961074877
290,comp_specific,1,-0.2102579212474719,-0.5476821561950196,0.1271663137000758,-0.31267526973892873
290,comp_specific,2,0.3312078411134051,-0.16184519662246544,0.8242608788492757,0.4078238193909849
290,comp_specific,3,-0.6617142792037027,-0.8958507994812315,-0.42757775892617406,-0.5387596782919647
290,comp_specific,4,-0.7284534511605167,-1.1917748921809448,-0.26513201014008864,-0.35204102363744433
290,comp_specific,5,-0.3995888562509468,-0.713908199217809,-0.08526951328408461,-0.33914882961074877
290,adaptshrink,1,-0.20862661719971876,-0.5645876086172598,0.14733437421782225,-0.31267526973892873
290,adaptshrink,2,0.33196734740860323,-0.10219000323365074,0.7661246980508571,0.4078238193909849
290,adaptshrink,3,-0.7064063842006312,-1.0327655158896571,-0.38004725251160515,-0.5387596782919647
290,adaptshrink,4,-0.736995937190993,-1.1671231851901158,-0.3068686891918702,-0.35204102363744433
290,adaptshrink,5,-0.41269491455050294,-0.7904048177785414,-0.0349850113224644,-0.33914882961074877
291,common_DL,1,0.5579478603485999,0.10916946962631136,1.0067262510708885,0.5751513880010627
291,common_DL,2,0.2264681673802022,-0.19374009129185804,0.6466764260522624,0.22218600425152044
291,common_DL,3,0.548209407091613,0.2160712628660399,0.8803475513171861,0.492073469147263
291,common_DL,4,0.574422174485077,0.22392094649443461,0.9249234024757195,0.9230758284330031
291,common_DL,5,0.2031356641130351,-0.17109947328765765,0.5773708015137279,0.21407968515716502
291,comp_specific,1,0.5790326423810735,0.23412743482778958,0.9239378499343576,0.5751513880010627
291,comp_specific,2,0.2603307984531834,-0.24850191765119145,0.7691635145575583,0.22218600425152044
291,comp_specific,3,0.5007841259632725,0.31241573166903036,0.6891525202575146,0.492073469147263
291,comp_specific,4,0.5169691216210792,-0.029522334784148563,1.063460578026307,0.9230758284330031
291,comp_specific,5,0.20634966402182697,0.022107332970378868,0.3905919950732751,0.21407968515716502
291,adaptshrink,1,0.5647595762896799,0.15681259388056545,0.9727065586987943,0.5751513880010627
291,adaptshrink,2,0.24021127514731017,-0.21205585492703843,0.6924784052216588,0.22218600425152044
291,adaptshrink,3,0.5342029965753643,0.25933223641613373,0.8090737567345949,0.492073469147263
291,adaptshrink,4,0.5398226980049032,0.09290947188869808,0.9867359241211084,0.9230758284330031
291,adaptshrink,5,0.20350082280231135,-0.12031219999826748,0.5273138456028902,0.21407968515716502
292,common_DL,1,-0.9477839217503703,-1.2196449020113116,-0.6759229414894289,-1.0354253249033816
292,common_DL,2,-0.6912511109035551,-0.9261616209582488,-0.4563406008488613,-0.4211492362495357
292,common_DL,3,-0.5020507639120024,-0.7948481379243393,-0.20925338989966563,-0.2895851681697693
292,common_DL,4,0.25783326007773494,-0.12698850674502765,0.6426550269004976,0.4950834550080007
292,common_DL,5,-0.09325633680234166,-0.32233284394777717,0.13582017034309388,-0.43472883429829867
292,comp_specific,1,-0.9374032399641811,-1.1716550877708005,-0.7031513921575616,-1.0354253249033816
292,comp_specific,2,-0.6694200636478005,-0.8380791127919562,-0.5007610145036447,-0.4211492362495357
292,comp_specific,3,-0.4839678396910161,-0.861057474912924,-0.10687820446910823,-0.2895851681697693
292,comp_specific,4,0.3254303562088553,-0.2314993581015118,0.8823600705192224,0.4950834550080007
292,comp_specific,5,-0.08952412982895236,-0.323099271675962,0.14405101201805728,-0.43472883429829867
292,adaptshrink,1,-0.943282110202918,-1.1974229873439501,-0.6891412330618858,-1.0354253249033816
292,adaptshrink,2,-0.6851320381408794,-0.8961061019373173,-0.47415797434444146,-0.4211492362495357
292,adaptshrink,3,-0.49231344590156,-0.8242709296263395,-0.1603559621767805,-0.2895851681697693
292,adaptshrink,4,0.2991374083901891,-0.16850081103453157,0.7667756278149098,0.4950834550080007
292,adaptshrink,5,-0.09137104225651246,-0.3227154612815816,0.13997337676855665,-0.43472883429829867
293,common_DL,1,-0.4782080999998238,-0.7916202469493867,-0.16479595305026085,-0.4610942975322322
293,common_DL,2,-0.22047717444397016,-0.5560173551352668,0.11506300624732654,-0.34063382400193337
293,common_DL,3,-0.044113486356884016,-0.3770907885191084,0.2888638158053404,-0.12804422640275234
293,common_DL,4,0.040745981989947805,-0.309282831338769,0.39077479531866466,-0.13695712138219357
293,common_DL,5,0.18030345784828794,-0.09424788796525813,0.454854803661834,0.09146670911872282
293,comp_specific,1,-0.47597842175847793,-0.795129285462842,-0.1568275580541139,-0.4610942975322322
293,comp_specific,2,-0.2409124037226973,-0.4914213842742844,0.009596576828889813,-0.34063382400193337
293,comp_specific,3,-0.04551663723826044,-0.2460989106935493,0.15506563621702843,-0.12804422640275234
293,comp_specific,4,0.034414168977743284,-0.5667413464883564,0.635569684443843,-0.13695712138219357
293,comp_specific,5,0.17554959538860265,-0.04741085957096344,0.3985100503481688,0.09146670911872282
293,adaptshrink,1,-0.477071831496216,-0.7933691033208705,-0.16077455967156157,-0.4610942975322322
293,adaptshrink,2,-0.22698023678436038,-0.5301451273470559,0.07618465377833514,-0.34063382400193337
293,adaptshrink,3,-0.04370772947315016,-0.33479499534360774,0.24737953639730742,-0.12804422640275234
293,adaptshrink,4,0.035527055001994046,-0.440334704527461,0.5113888145314491,-0.13695712138219357
293,adaptshrink,5,0.17778537656943755,-0.07310048352072551,0.4286712366596006,0.09146670911872282
294,common_DL,1,-0.6458386196321235,-1.1197315200959643,-0.17194571916828283,-0.54710010550117
294,common_DL,2,0.07840901563673437,-0.27001685851027735,0.42683488978374606,0.4511489026500875
294,common_DL,3,0.6239532775885084,0.14187686473027888,1.106029690446738,0.6475858216211172
294,common_DL,4,0.29242293997105334,-0.010621035771261167,0.5954669157133679,0.10763263090098915
294,common_DL,5,-0.4969492045884349,-0.8864399438326402,-0.10745846534422954,-0.5126447266467721
294,comp_specific,1,-0.5602371836296112,-0.7994457234706192,-0.3210286437886032,-0.54710010550117
294,comp_specific,2,0.0777788445613844,-0.2680321415382084,0.4235898306609772,0.4511489026500875
294,comp_specific,3,0.6564368070639154,0.3294474169562338,0.983426197171597,0.6475858216211172
294,comp_specific,4,0.3208492726372369,-0.05754663378685948,0.6992451790613332,0.10763263090098915
294,comp_specific,5,-0.48020291091819883,-0.6778564426055316,-0.2825493792308661,-0.5126447266467721
294,adaptshrink,1,-0.6309121011752555,-1.0516137069987321,-0.21021049535177905,-0.54710010550117
294,adaptshrink,2,0.07814122931913756,-0.2691666347106132,0.42544909334888825,0.4511489026500875
294,adaptshrink,3,0.6296660347409523,0.19148374614966113,1.0678483233322433,0.6475858216211172
294,adaptshrink,4,0.30912445833564306,-0.03382848038835817,0.6520773970596443,0.10763263090098915
294,adaptshrink,5,-0.49744461393782025,-0.8281641622897096,-0.16672506558593092,-0.5126447266467721
295,common_DL,1,0.09077681727724528,-0.3908354689746052,0.5723891035290958,0.1469365496191021
295,common_DL,2,-0.823150071258361,-1.2784720078354148,-0.3678281346813072,-0.6407549623355164
295,common_DL,3,0.15700800196727743,-0.42141707210719076,0.7354330760417456,0.018383210676325003
295,common_DL,4,0.16129907536871324,-0.438439136815158,0.7610372875525845,-0.27636705358392977
295,common_DL,5,0.10136946059851008,-0.38090303945074083,0.583641960647761,0.050050704605469155
295,comp_specific,1,0.02025445779469199,-0.19266348496062907,0.23317240055001304,0.1469365496191021
295,comp_specific,2,-0.8067887967965063,-1.4977002778682231,-0.11587731572478954,-0.6407549623355164
295,comp_specific,3,0.16071647463828298,-0.10695462147979856,0.4283875707563645,0.018383210676325003
295,comp_specific,4,0.23549709706053126,-0.15335606012513517,0.6243502542461977,-0.27636705358392977
295,comp_specific,5,0.11210332645540574,-0.20744289340320907,0.4316495463140205,0.050050704605469155
295,adaptshrink,1,0.07959677526522073,-0.31386095994401003,0.4730545104744515,0.1469365496191021
295,adaptshrink,2,-0.8128980820786659,-1.3813120563879553,-0.24448410776937646,-0.6407549623355164
295,adaptshrink,3,0.15588860269065297,-0.346101374859636,0.6578785802409419,0.018383210676325003
295,adaptshrink,4,0.17454141096047254,-0.36852597508322343,0.7176087970041685,-0.27636705358392977
295,adaptshrink,5,0.10343516273388835,-0.3178208234596245,0.5246911489274012,0.050050704605469155
296,common_DL,1,0.25412512186560166,0.08350711217867282,0.4247431315525305,0.15350471802074406
296,common_DL,2,0.5645012438776935,0.3738372938263022,0.7551651939290849,0.41985669653610147
296,common_DL,3,0.2015700185673025,0.0068633152330203895,0.3962767219015846,0.19647477013963358
296,common_DL,4,0.7812789408588423,0.5027101437117893,1.0598477380058953,0.5551179395795076
296,common_DL,5,0.2239578450517542,-0.05363761130013012,0.5015533014036385,0.3063407904982251
296,comp_specific,1,0.25513574512526815,0.09239397586936551,0.4178775143811708,0.15350471802074406
296,comp_specific,2,0.5365846033003491,0.22204979047940177,0.8511194161212964,0.41985669653610147
296,comp_specific,3,0.1802484377898808,-0.052513662724100824,0.4130105383038625,0.19647477013963358
296,comp_specific,4,0.7812717878382047,0.5058082053735683,1.056735370302841,0.5551179395795076
296,comp_specific,5,0.22414579493501935,-0.04929665937084249,0.4975882492408812,0.3063407904982251
296,adaptshrink,1,0.2545495783269042,0.08722706309738368,0.42187209355642474,0.15350471802074406
296,adaptshrink,2,0.5477700804701328,0.28472725340025784,0.8108129075400077,0.41985669653610147
296,adaptshrink,3,0.19159444161579145,-0.021156972854759065,0.404345856086342,0.19647477013963358
296,adaptshrink,4,0.7812769308917116,0.5040336820529172,1.058520179730506,0.5551179395795076
296,adaptshrink,5,0.22401873340850026,-0.05220116221989496,0.5002386290368954,0.3063407904982251
297,common_DL,1,-0.6715647115210202,-1.1344680740784896,-0.2086613489635507,-0.7382886461508611
297,common_DL,2,0.7793659779436144,0.33550290842641634,1.2232290474608125,0.5382814122160325
297,common_DL,3,0.11937343523235583,-0.457611215619443,0.6963580860841547,-0.1084848606826467
297,common_DL,4,0.3527505675449438,-0.15276579304547855,0.8582669281353662,0.29713785325680364
297,common_DL,5,0.6613216830015811,0.2167293853842701,1.105913980618892,0.5632974087735261
297,comp_specific,1,-0.6652203258032492,-0.8059783439922084,-0.52446230761429,-0.7382886461508611
297,comp_specific,2,0.7686772070415404,-0.0435685298174735,1.5809229439005543,0.5382814122160325
297,comp_specific,3,0.08861586993045298,-0.31974020193311337,0.49697194179401927,-0.1084848606826467
297,comp_specific,4,0.32602205205804,-0.08895215943537327,0.7409962635514533,0.29713785325680364
297,comp_specific,5,0.6271922917412664,0.4408716886222531,0.8135128948602798,0.5632974087735261
297,adaptshrink,1,-0.6715891483614701,-1.034714907980911,-0.30846338874202905,-0.7382886461508611
297,adaptshrink,2,0.7723969538951609,0.11707453237187027,1.4277193754184516,0.5382814122160325
297,adaptshrink,3,0.11318710338369806,-0.4146461195045298,0.641020326271926,-0.1084848606826467
297,adaptshrink,4,0.34306979286308226,-0.12610004022562266,0.8122396259517872,0.29713785325680364
297,adaptshrink,5,0.6557920048191389,0.31047215556972324,1.0011118540685546,0.5632974087735261
298,common_DL,1,-0.08258792380157198,-0.5720867065254314,0.40691085892228734,-0.19748176488508312
298,common_DL,2,-0.2556116593274316,-0.6383439164875699,0.12712059783270674,-0.43523811531069967
298,common_DL,3,0.27241799385038357,-0.2298864409831043,0.7747224286838714,-0.03547025242861015
298,common_DL,4,-0.4101045430493213,-0.7731110140356634,-0.04709807206297928,-0.296948611017986
298,common_DL,5,-1.5214262752600056,-1.92942756316663,-1.1134249873533812,-1.4362012771421382
298,comp_specific,1,-0.17631042589637702,-0.4229488926332623,0.07032804084050823,-0.19748176488508312
298,comp_specific,2,-0.2092476638585975,-0.8065413342505552,0.3880460065333602,-0.43523811531069967
298,comp_specific,3,0.27960539895992187,-0.07686607560876613,0.6360768735286099,-0.03547025242861015
298,comp_specific,4,-0.4590197351773517,-0.7244411013987144,-0.19359836895598892,-0.296948611017986
298,comp_specific,5,-1.4706894091592093,-1.8020914563804262,-1.1392873619379924,-1.4362012771421382
298,adaptshrink,1,-0.09896162450672058,-0.5334336627360323,0.3355104137225912,-0.19748176488508312
298,adaptshrink,2,-0.2252899884652898,-0.7125057693977861,0.26192579246720654,-0.43523811531069967
298,adaptshrink,3,0.27378547501927375,-0.18533206406814484,0.7329030141066923,-0.03547025242861015
298,adaptshrink,4,-0.42606109554032234,-0.7459205691047568,-0.10620162197588784,-0.296948611017986
298,adaptshrink,5,-1.501991253052823,-1.8750056544227873,-1.1289768516828587,-1.4362012771421382
299,common_DL,1,-0.4547790766190051,-0.6883339358523378,-0.22122421738567236,-0.4460798549973771
299,common_DL,2,-0.03795550064000375,-0.24643810374676953,0.17052710246676203,-0.37881895353729866
299,common_DL,3,0.5117298715390431,0.26701615185004157,0.7564435912280447,0.566732811843185
299,common_DL,4,1.0021818853849567,0.7276846218010057,1.2766791489689076,0.8172997917567928
299,common_DL,5,-0.4553838408370614,-0.7145799847189336,-0.19618769695518928,-0.5324757995131082
299,comp_specific,1,-0.446594974681124,-0.7187743894902997,-0.17441555987194834,-0.4460798549973771
299,comp_specific,2,-0.04946837532354677,-0.3505358812584772,0.25159913061138367,-0.37881895353729866
299,comp_specific,3,0.5205560807004972,0.34979096913836355,0.6913211922626308,0.566732811843185
299,comp_specific,4,1.010626153050824,0.8070534393181511,1.2141988667834969,0.8172997917567928
299,comp_specific,5,-0.419740288797848,-0.5928101561786058,-0.2466704214170903,-0.5324757995131082
299,adaptshrink,1,-0.45061093898888094,-0.7044227377558399,-0.19679914022192196,-0.4460798549973771
299,adaptshrink,2,-0.04563589832491752,-0.3055330052168955,0.21426120856706046,-0.37881895353729866
299,adaptshrink,3,0.5148926778661516,0.30186306942081753,0.7279222863114856,0.566732811843185
299,adaptshrink,4,1.0057859582065385,0.7577674972243382,1.2538044191887388,0.8172997917567928
299,adaptshrink,5,-0.44254394575891487,-0.6708369284663154,-0.21425096305151434,-0.5324757995131082
