rep,method,contrast,d_hat,ci_low,ci_high,d_true
0,common_DL,1,-0.43683487014854266,-0.6464174614035533,-0.22725227889353203,-0.47984419726469013
0,common_DL,2,-0.7276641599377207,-0.9000761350021773,-0.5552521848732641,-0.7385648344140212
0,common_DL,3,0.6957611923615183,0.407135552156022,0.9843868325670146,0.5430229466666565
0,common_DL,4,-0.30551367077936914,-0.6353544983023138,0.024327156743575606,-0.26100773826068624
0,common_DL,5,-0.5611894055538384,-0.7671130662175194,-0.35526574489015755,-0.5842538586727175
0,comp_specific,1,-0.432501506483013,-0.6606935529688265,-0.2043094599971995,-0.47984419726469013
0,comp_specific,2,-0.7233770645566917,-0.9341934404801899,-0.5125606886331935,-0.7385648344140212
0,comp_specific,3,0.6983963336212304,0.4058980495759171,0.9908946176665439,0.5430229466666565
0,comp_specific,4,-0.21351822973895618,-0.661488585537771,0.23445212605985866,-0.26100773826068624
0,comp_specific,5,-0.5621097528404988,-0.7711911267543806,-0.353028378926617,-0.5842538586727175
0,adaptshrink,1,-0.4340435138081652,-0.6555206686339079,-0.21256635898242246,-0.47984419726469013
0,adaptshrink,2,-0.7249823503116574,-0.9215938465596522,-0.5283708540636626,-0.7385648344140212
0,adaptshrink,3,0.6974061793412777,0.4064405913523811,0.9883717673301743,0.5430229466666565
0,adaptshrink,4,-0.2534694888885921,-0.6445667386901592,0.13762776091297496,-0.26100773826068624
0,adaptshrink,5,-0.5611240459143844,-0.7687481556868279,-0.35349993614194086,-0.5842538586727175
1,common_DL,1,0.5663521475565719,0.258122140254691,0.8745821548584529,0.5801944832908739
1,common_DL,2,-0.6593107057461287,-1.0148365807791602,-0.3037848307130973,-0.6820236309017158
1,common_DL,3,-0.9411226035166672,-1.2648789140802545,-0.6173662929530799,-0.8730054407555423
1,common_DL,4,0.4987720096114021,0.05445078686376892,0.9430932323590353,0.06937069830772365
1,common_DL,5,-0.5367259320552333,-0.9110172139193842,-0.16243465019108244,-0.7411351604299211
1,comp_specific,1,0.57909434199183,0.3082039251534914,0.8499847588301686,0.5801944832908739
1,comp_specific,2,-0.6267801823696438,-1.0682338093924135,-0.1853265553468742,-0.6820236309017158
1,comp_specific,3,-0.9499093244025076,-1.2243502892660012,-0.6754683595390141,-0.8730054407555423
1,comp_specific,4,0.5395086474934858,-0.00043654393550507375,1.0794538389224768,0.06937069830772365
1,comp_specific,5,-0.5513281785088702,-0.784831553445412,-0.3178248035723284,-0.7411351604299211
1,adaptshrink,1,0.564043114829794,0.27029314349611816,0.8577930861634697,0.5801944832908739
1,adaptshrink,2,-0.6343537357829969,-1.0379497022244868,-0.23075776934150694,-0.6820236309017158
1,adaptshrink,3,-0.9149930691309147,-1.238642132110671,-0.5913440061511583,-0.8730054407555423
1,adaptshrink,4,0.5272938769590643,0.03934586867814033,1.0152418852399883,0.06937069830772365
1,adaptshrink,5,-0.5316857373716937,-0.8520714680848285,-0.21130000665855891,-0.7411351604299211
2,common_DL,1,-0.4341102694847091,-0.6687926313659333,-0.19942790760348492,-0.4201300159973277
2,common_DL,2,0.24209651608825813,0.07478488394096394,0.4094081482355523,0.1463502418983874
2,common_DL,3,-1.1138002523238943,-1.2888553518625459,-0.9387451527852428,-1.0942927927080424
2,common_DL,4,0.057346572892715414,-0.16711018725827417,0.281803333043705,0.11190861734140273
2,common_DL,5,0.08247299483239776,-0.11751131190774655,0.28245730157254206,0.08932205811847337
2,comp_specific,1,-0.2818985790116426,-0.7135291508441945,0.14973199282090932,-0.4201300159973277
2,comp_specific,2,0.23849661026688787,0.07037161786549226,0.4066216026682835,0.1463502418983874
2,comp_specific,3,-1.1486013903201595,-1.3528412450372895,-0.9443615356030294,-1.0942927927080424
2,comp_specific,4,0.018431822252847258,-0.2908439072965653,0.32770755180225986,0.11190861734140273
2,comp_specific,5,0.07577229739641775,-0.1256568622693836,0.2772014570622191,0.08932205811847337
2,adaptshrink,1,-0.400021039364441,-0.7179866359275686,-0.08205544280131338,-0.4201300159973277
2,adaptshrink,2,0.24033721853670204,0.0726045345829037,0.40806990249050035,0.1463502418983874
2,adaptshrink,3,-1.1380974521939473,-1.3303221303924897,-0.9458727739954048,-1.0942927927080424
2,adaptshrink,4,0.03988110964268199,-0.23160581372814942,0.3113680330135134,0.11190861734140273
2,adaptshrink,5,0.07868351540738383,-0.1220759609783289,0.27944299179309656,0.08932205811847337
3,common_DL,1,0.34690254738233745,-0.09152801966835133,0.7853331144330262,0.35983085946123233
3,common_DL,2,-0.16973826935050304,-0.6239714743339622,0.28449493563295614,-0.1429309700145114
3,common_DL,3,-0.0003239087740565458,-0.3508684769788561,0.35022065943074304,0.04743562128196021
3,common_DL,4,-0.4547856550229116,-0.8574381678468759,-0.05213314219894721,-0.33213724614276924
3,common_DL,5,0.5171380440246991,0.1103240668770965,0.9239520211723017,0.5060265149205233
3,comp_specific,1,0.3243110102261494,-0.08783415338502754,0.7364561738373263,0.35983085946123233
3,comp_specific,2,-0.14519320331658142,-0.6331520609144845,0.3427656542813217,-0.1429309700145114
3,comp_specific,3,0.009715620945232234,-0.2533167400217585,0.27274798191222305,0.04743562128196021
3,comp_specific,4,-0.37999154265748425,-0.9460026886472696,0.18601960333230105,-0.33213724614276924
3,comp_specific,5,0.5348898545346936,0.1407481025263052,0.929031606543082,0.5060265149205233
3,adaptshrink,1,0.3352688230988208,-0.08964249618937564,0.7601801423870171,0.35983085946123233
3,adaptshrink,2,-0.1550735612268052,-0.6274692372162122,0.31732211476260175,-0.1429309700145114
3,adaptshrink,3,0.008250738156978951,-0.3023625639965574,0.31886404031051535,0.04743562128196021
3,adaptshrink,4,-0.393678882538519,-0.9000785823587097,0.11272081728167171,-0.33213724614276924
3,adaptshrink,5,0.5312611895172127,0.12917847016717204,0.9333439088672533,0.5060265149205233
4,common_DL,1,0.2512130348287793,-0.09282425948937145,0.5952503291469301,0.5443074354430172
4,common_DL,2,0.32676137536701755,0.0053077610367653905,0.6482149896972698,0.6134991567750318
4,common_DL,3,0.7913123049198375,0.47216303656227393,1.110461573277401,0.9314723552257497
4,common_DL,4,-0.3276022930139113,-0.6925909166370499,0.03738633060922725,-0.4167850688379317
4,common_DL,5,0.32790550808437613,-0.014016878563056834,0.669827894731809,0.4866371039641779
4,comp_specific,1,0.12692964010487268,-0.27966891070577315,0.5335281909155185,0.5443074354430172
4,comp_specific,2,0.3383125759553174,0.04340101075579489,0.6332241411548398,0.6134991567750318
4,comp_specific,3,0.7580435309360473,0.4283284697357178,1.0877585921363768,0.9314723552257497
4,comp_specific,4,-0.36184595339549996,-0.7058270056840661,-0.017864901106933784,-0.4167850688379317
4,comp_specific,5,0.2849150536485716,-0.034921324011792654,0.6047514313089359,0.4866371039641779
4,adaptshrink,1,0.18061216995905055,-0.20556029621973715,0.5667846361378382,0.5443074354430172
4,adaptshrink,2,0.3316520628146311,0.022883447939605117,0.640420677689657,0.6134991567750318
4,adaptshrink,3,0.7715588296889462,0.4453228467278833,1.097794812650009,0.9314723552257497
4,adaptshrink,4,-0.33822714655275704,-0.6999760275976372,0.02352173449212308,-0.4167850688379317
4,adaptshrink,5,0.3101934867177898,-0.024257881982063023,0.6446448554176426,0.4866371039641779
5,common_DL,1,-0.015505456156790998,-0.41594885342021065,0.38493794110662866,0.17391034012864204
5,common_DL,2,0.790938341147384,0.5385733853893694,1.0433032969053988,0.9266580898718197
5,common_DL,3,0.1367492616999801,-0.19516289290602243,0.4686614163059827,0.0313357697358537
5,common_DL,4,-0.5256748458368312,-0.8418929769499536,-0.20945671472370886,-0.4446972084050579
5,common_DL,5,0.3952244557376116,0.09214657562284195,0.6983023358523812,0.39487490732424774
5,comp_specific,1,-0.027981984307627966,-0.3484577757686904,0.29249380715343454,0.17391034012864204
5,comp_specific,2,0.79769157464296,0.5213858158164513,1.0739973334694688,0.9266580898718197
5,comp_specific,3,0.14123395373879172,-0.2365430389199913,0.5190109463975747,0.0313357697358537
5,comp_specific,4,-0.5204110482831532,-0.7879875238329115,-0.25283457273339494,-0.4446972084050579
5,comp_specific,5,0.3895772063222564,0.08919808585871641,0.6899563267857964,0.39487490732424774
5,adaptshrink,1,-0.018003324140084764,-0.3979165022572652,0.3619098539770957,0.17391034012864204
5,adaptshrink,2,0.7952346437842264,0.5290113344882093,1.0614579530802435,0.9266580898718197
5,adaptshrink,3,0.13848903229345574,-0.2094005547008397,0.48637861928775117,0.0313357697358537
5,adaptshrink,4,-0.5236402842213398,-0.8204886982961879,-0.22679187014649171,-0.4446972084050579
5,adaptshrink,5,0.3940853462249778,0.09061983023017878,0.6975508622197768,0.39487490732424774
6,common_DL,1,0.3003199269771117,0.025151440919117807,0.5754884130351056,0.564440361681198
6,common_DL,2,-0.02097198890984825,-0.3128204662556756,0.2708764884359791,0.3004313848801251
6,common_DL,3,-0.8136807106801667,-1.2358141997841168,-0.3915472215762167,-0.5473974106517984
6,common_DL,4,-0.6056928987337664,-1.0216113727736524,-0.18977442469388028,-0.4211684950212706
6,common_DL,5,0.07928206057936582,-0.2494740804115418,0.40803820157027343,0.1733708251596889
6,comp_specific,1,0.28857470141736413,0.06483866523155976,0.5123107376031685,0.564440361681198
6,comp_specific,2,0.04876535230365914,-0.2932827474277596,0.3908134520350779,0.3004313848801251
6,comp_specific,3,-0.7928233217505862,-1.1569744711660799,-0.4286721723350925,-0.5473974106517984
6,comp_specific,4,-0.7342106862723767,-1.6984719328710307,0.23005056032627713,-0.4211684950212706
6,comp_specific,5,0.10554984584840549,-0.20387260921458045,0.4149723009113914,0.1733708251596889
6,adaptshrink,1,0.2963226908036942,0.047393171425159863,0.5452522101822286,0.564440361681198
6,adaptshrink,2,0.016596739008342687,-0.30367882754326564,0.336872305559951,0.3004313848801251
6,adaptshrink,3,-0.8061185900470063,-1.206879901236482,-0.40535727885753053,-0.5473974106517984
6,adaptshrink,4,-0.6999841515080827,-1.3644719872763673,-0.03549631573979817,-0.4211684950212706
6,adaptshrink,5,0.08447656008693977,-0.23051725482326751,0.39947037499714705,0.1733708251596889
7,common_DL,1,0.1567544959355296,-0.3131267866047598,0.626635778475819,0.36518502637760414
7,common_DL,2,-0.06626976510423815,-0.356994853059547,0.22445532285107067,-0.10690761899032998
7,common_DL,3,-0.5980727449632199,-1.0972861520004829,-0.09885933792595702,-0.7563018041910213
7,common_DL,4,0.17512415477151144,-0.14388138526804894,0.49412969481107183,-0.08660512988709035
7,common_DL,5,0.7768060217413832,0.2921974189633894,1.2614146245193771,0.6521998512854692
7,comp_specific,1,0.19899474522946167,-0.16369388743572363,0.561683377894647,0.36518502637760414
7,comp_specific,2,-0.006689836305493149,-0.156356653529229,0.14297698091824274,-0.10690761899032998
7,comp_specific,3,-0.611624288851504,-0.9161680477528432,-0.30708052995016477,-0.7563018041910213
7,comp_specific,4,0.1270772057399453,-0.2948372816922563,0.5489916931721469,-0.08660512988709035
7,comp_specific,5,0.7520974543565913,0.2683051033480704,1.2358898053651122,0.6521998512854692
7,adaptshrink,1,0.17687887939084743,-0.25148970619111344,0.6052474649728083,0.36518502637760414
7,adaptshrink,2,-0.03473713316077344,-0.2668123002058009,0.19733803388425403,-0.10690761899032998
7,adaptshrink,3,-0.598947117789213,-1.0474970031510906,-0.15039723242733527,-0.7563018041910213
7,adaptshrink,4,0.13774133950586998,-0.24813321438427516,0.5236158933960151,-0.08660512988709035
7,adaptshrink,5,0.7590813923135625,0.25731679255479534,1.2608459920723298,0.6521998512854692
8,common_DL,1,-0.20676966208583544,-0.5318342085789367,0.11829488440726585,-0.3633146394749202
8,common_DL,2,0.10096955115565966,-0.24353448345183287,0.44547358576315216,-0.08401229943868303
8,common_DL,3,0.7183667075140053,0.3926884445720902,1.0440449704559205,0.6118077525981749
8,common_DL,4,0.24329496012031646,-0.12920380194222228,0.6157937221828552,-0.06051798030871396
8,common_DL,5,-0.26093061069859713,-0.6391679106367892,0.11730668923959497,-0.1402721278174807
8,comp_specific,1,-0.14695544602504537,-0.5523263101855476,0.2584154181354569,-0.3633146394749202
8,comp_specific,2,0.17748303321918957,-0.2909759506130718,0.6459420170514509,-0.08401229943868303
8,comp_specific,3,0.7324568214528713,0.5306856107825179,0.9342280321232247,0.6118077525981749
8,comp_specific,4,0.3350012639916266,-0.0960841175417228,0.766086645524976,-0.06051798030871396
8,comp_specific,5,-0.15518114111245043,-0.34818983236009327,0.03782755013519237,-0.1402721278174807
8,adaptshrink,1,-0.17854394858333603,-0.5285805845341063,0.17149268736743425,-0.3633146394749202
8,adaptshrink,2,0.16322028482612244,-0.24078064696213125,0.5672212166143762,-0.08401229943868303
8,adaptshrink,3,0.7352132986635247,0.4359065606904414,1.034520036636608,0.6118077525981749
8,adaptshrink,4,0.2932791115067673,-0.11537475367146038,0.7019329766849949,-0.06051798030871396
8,adaptshrink,5,-0.21472201421000534,-0.5368257902997652,0.10738176187975454,-0.1402721278174807
9,common_DL,1,-0.2949647257030779,-0.6328924293115081,0.04296297790535225,-0.29474075893597723
9,common_DL,2,-0.09196228784806505,-0.4504769967109945,0.2665524210148644,-0.10562453266761414
9,common_DL,3,-0.059750061776726225,-0.45160116775432674,0.33210104420087433,-0.018968853343254374
9,common_DL,4,-0.2234106272902877,-0.6807775319352418,0.2339562773546664,-0.23855725193492164
9,common_DL,5,-0.0020538126032088183,-0.4622933569920276,0.45818573178561,-0.07247438473338479
9,comp_specific,1,-0.3094399260634822,-0.5645341338811645,-0.05434571824579992,-0.29474075893597723
9,comp_specific,2,-0.20194230093923113,-0.6664637278622508,0.26257912598378863,-0.10562453266761414
9,comp_specific,3,-0.06425051398519306,-0.35154585533333915,0.22304482736295306,-0.018968853343254374
9,comp_specific,4,-0.2316648597001097,-0.5806792575182493,0.11734953811802995,-0.23855725193492164
9,comp_specific,5,-0.06843031800339185,-0.3673093622875485,0.23044872628076485,-0.07247438473338479
9,adaptshrink,1,-0.30464340039319404,-0.610451250002983,0.001164449216594865,-0.29474075893597723
9,adaptshrink,2,-0.17596952388679585,-0.6138644522568298,0.2619254044832382,-0.10562453266761414
9,adaptshrink,3,-0.06040504330567249,-0.4069016238152881,0.28609153720394315,-0.018968853343254374
9,adaptshrink,4,-0.2288106405290593,-0.6414872311833109,0.1838659501251923,-0.23855725193492164
9,adaptshrink,5,-0.017954678946727864,-0.4244509836667461,0.3885416257732904,-0.07247438473338479
10,common_DL,1,-0.6161186198128996,-1.014976754672856,-0.2172604849529431,-0.6049610943783909
10,common_DL,2,-0.9880299420914022,-1.323583669592384,-0.6524762145904204,-0.8873026808771347
10,common_DL,3,-0.48872796079585135,-0.8228841937009566,-0.15457172789074608,-0.35125727370108956
10,common_DL,4,-1.0068432281774347,-1.2985040395179126,-0.7151824168369567,-0.892340326678168
10,common_DL,5,-0.12058673173603801,-0.5010304962172256,0.2598570327451496,-0.20828106367554508
10,comp_specific,1,-0.6020634424912895,-0.9976603146804066,-0.20646657030217241,-0.6049610943783909
10,comp_specific,2,-0.8816272179527453,-1.398073275919789,-0.36518115998570166,-0.8873026808771347
10,comp_specific,3,-0.5051662884458312,-0.7379231105780819,-0.27240946631358054,-0.35125727370108956
10,comp_specific,4,-1.0337995746189999,-1.390649127648878,-0.6769500215891219,-0.892340326678168
10,comp_specific,5,-0.12391709618338853,-0.40696041289564305,0.159126220528866,-0.20828106367554508
10,adaptshrink,1,-0.6108080296331564,-1.0174155899836708,-0.20420046928264207,-0.6049610943783909
10,adaptshrink,2,-0.9329504519504724,-1.3438898700675541,-0.5220110338333908,-0.8873026808771347
10,adaptshrink,3,-0.49537658149896435,-0.8009101555314719,-0.18984300746645671,-0.35125727370108956
10,adaptshrink,4,-1.0251205375882577,-1.3579223923457406,-0.6923186828307747,-0.892340326678168
10,adaptshrink,5,-0.12140478736531668,-0.4748008510282781,0.23199127629764477,-0.20828106367554508
11,common_DL,1,0.18813984375653314,0.007382619464732509,0.3688970680483338,0.05881198004323777
11,common_DL,2,-0.31077336946217315,-0.5042272464721533,-0.11731949245219303,-0.29850027977910204
11,common_DL,3,-0.8528089000562377,-1.0316264049027684,-0.673991395209707,-0.776528922548844
11,common_DL,4,0.18681705853006375,-0.051520845353118266,0.4251549624132458,0.11860883709702957
11,common_DL,5,0.1699871762226442,-0.21713443363060597,0.5571087860758943,-0.11020901429929322
11,comp_specific,1,0.18145026031063194,-0.0010788362285267528,0.36397935684979066,0.05881198004323777
11,comp_specific,2,-0.33193086213370926,-0.5572329127091409,-0.10662881155827764,-0.29850027977910204
11,comp_specific,3,-0.8571694109807242,-1.0395512743938298,-0.6747875475676187,-0.776528922548844
11,comp_specific,4,0.13408290400828288,-0.14783512871794607,0.41600093673451183,0.11860883709702957
11,comp_specific,5,0.16592572854786625,-0.22206070110439957,0.5539121582001321,-0.11020901429929322
11,adaptshrink,1,0.18431123069622707,0.002617265493981391,0.36600519589847275,0.05881198004323777
11,adaptshrink,2,-0.32543872487563213,-0.5396874013566638,-0.11119004839460048,-0.29850027977910204
11,adaptshrink,3,-0.8557909958657324,-1.0368148701869246,-0.67476712154454,-0.776528922548844
11,adaptshrink,4,0.15691247681612797,-0.1052123895954214,0.41903734322767733,0.11860883709702957
11,adaptshrink,5,0.16763944954760984,-0.21991344455603257,0.5551923436512523,-0.11020901429929322
12,common_DL,1,-0.5091253274694583,-0.7934775378876475,-0.22477311705126907,-0.4677013266562775
12,common_DL,2,-0.026434053424018736,-0.33319277585538515,0.2803246690073477,0.025467446514330163
12,common_DL,3,-0.028519525176718907,-0.27024214771205324,0.21320309735861545,0.015177928503603619
12,common_DL,4,0.007639799929689439,-0.29746029274139624,0.3127398926007751,0.2094918326508982
12,common_DL,5,-0.17094815679410694,-0.4054661662563959,0.06356985266818205,-0.204324325323238
12,comp_specific,1,-0.516243888357162,-0.8383318468239174,-0.19415592989040653,-0.4677013266562775
12,comp_specific,2,0.01343113403686974,-0.22146135117491555,0.24832361924865504,0.025467446514330163
12,comp_specific,3,0.014874575467583792,-0.19268448122331194,0.22243363215847956,0.015177928503603619
12,comp_specific,4,0.015885611346651923,-0.23342439706988288,0.26519561976318673,0.2094918326508982
12,comp_specific,5,-0.16666958286494835,-0.4377667579551817,0.10442759222528505,-0.204324325323238
12,adaptshrink,1,-0.5121256104407866,-0.8160210649888537,-0.2082301558927196,-0.4677013266562775
12,adaptshrink,2,-0.007518214164891429,-0.28583675615483684,0.27080032782505403,0.025467446514330163
12,adaptshrink,3,-0.005262892868397401,-0.22964182188525106,0.21911603614845626,0.015177928503603619
12,adaptshrink,4,0.008921479556528222,-0.2783856299889575,0.29622858910201394,0.2094918326508982
12,adaptshrink,5,-0.17030876703698972,-0.42896804436050084,0.08835051028652141,-0.204324325323238
13,common_DL,1,0.7503093804383618,0.5139693131188114,0.9866494477579122,0.7546894886575789
13,common_DL,2,-1.1662005644856448,-1.3470247593196012,-0.9853763696516883,-0.78156599766749
13,common_DL,3,0.5324776340211963,0.3247608281062103,0.7401944399361823,0.5280321048949826
13,common_DL,4,-0.11170021778927028,-0.29799540600512364,0.07459497042658311,0.0037787943018747503
13,common_DL,5,0.22711805618655395,0.07110967799300788,0.3831264343801,0.20638641127605584
13,comp_specific,1,0.7566161734747178,0.5411214969178051,0.9721108500316304,0.7546894886575789
13,comp_specific,2,-1.10865049452194,-1.340988698628031,-0.8763122904158488,-0.78156599766749
13,comp_specific,3,0.5014774052132894,0.24531299197372192,0.7576418184528569,0.5280321048949826
13,comp_specific,4,-0.075187526546178,-0.3460742143869193,0.19569916129456333,0.0037787943018747503
13,comp_specific,5,0.20076652789199748,0.04386202574209097,0.357671030041904,0.20638641127605584
13,adaptshrink,1,0.7549287575466506,0.5277973178350086,0.9820601972582925,0.7546894886575789
13,adaptshrink,2,-1.1295216829944241,-1.3422425922432146,-0.9168007737456336,-0.78156599766749
13,adaptshrink,3,0.5249669292962093,0.30580647214533047,0.7441273864470881,0.5280321048949826
13,adaptshrink,4,-0.08932351675740098,-0.3266766379546511,0.14802960443984908,0.0037787943018747503
13,adaptshrink,5,0.21556244378667871,0.062494352366587846,0.3686305352067696,0.20638641127605584
14,common_DL,1,-0.6931906612849423,-1.0402276981868304,-0.34615362438305425,-0.6801096864000615
14,common_DL,2,-0.824678657875169,-1.0481354446938416,-0.6012218710564965,-0.9338575200161268
14,common_DL,3,-0.2399172099700107,-0.5782838566219115,0.09844943668189016,-0.046673996732019316
14,common_DL,4,0.11692889293637171,-0.20007164454975884,0.43392943042250226,0.46056030459503083
14,common_DL,5,-0.11595180287284845,-0.4599138258384405,0.22801022009274358,0.1415752235243085
14,comp_specific,1,-0.7314882463511359,-1.1111326788627307,-0.351843813839541,-0.6801096864000615
14,comp_specific,2,-0.8208404508822829,-1.034816770788962,-0.6068641309756038,-0.9338575200161268
14,comp_specific,3,-0.20840188303471097,-0.4797561198455667,0.06295235377614478,-0.046673996732019316
14,comp_specific,4,0.09764203757114409,-0.24096424388489834,0.4362483190271865,0.46056030459503083
14,comp_specific,5,-0.09078346002707977,-0.383250983041257,0.20168406298709746,0.1415752235243085
14,adaptshrink,1,-0.7095550226072529,-1.0741086593573863,-0.34500138585711954,-0.6801096864000615
14,adaptshrink,2,-0.8217667952562646,-1.0411438746070292,-0.6023897159055001,-0.9338575200161268
14,adaptshrink,3,-0.23199339686299805,-0.5504448697081692,0.08645807598217312,-0.046673996732019316
14,adaptshrink,4,0.10512247916155776,-0.22442728998458178,0.4346722483076973,0.46056030459503083
14,adaptshrink,5,-0.10808251338087621,-0.43561462814932583,0.2194496013875734,0.1415752235243085
15,common_DL,1,1.0275175272451025,0.7940203352370929,1.261014719253112,1.0303780766770976
15,common_DL,2,-0.5649296512772218,-0.7965531781529185,-0.3333061244015252,-0.531638048759795
15,common_DL,3,0.17028502826157083,-0.08316611306503552,0.42373616958817717,0.10496741004913795
15,common_DL,4,0.11546393175029424,-0.10984084778941322,0.3407687112900017,0.13303158947645494
15,common_DL,5,0.8722326065196658,0.6187101963304433,1.1257550167088883,0.6818184405966577
15,comp_specific,1,1.0879035259053043,0.9275658931142001,1.2482411586964084,1.0303780766770976
15,comp_specific,2,-0.499092315132498,-0.7806913073808199,-0.2174933228841761,-0.531638048759795
15,comp_specific,3,0.1994025496009733,-0.005302265386085914,0.40410736458803254,0.10496741004913795
15,comp_specific,4,0.12261945966331142,-0.06650694602509427,0.3117458653517171,0.13303158947645494
15,comp_specific,5,0.8868195277359563,0.6694229741179726,1.10421608135394,0.6818184405966577
15,adaptshrink,1,1.0530225795185175,0.8534869934377177,1.2525581655993174,1.0303780766770976
15,adaptshrink,2,-0.5235399109513467,-0.7885029714085494,-0.25857685049414386,-0.531638048759795
15,adaptshrink,3,0.1883576966558711,-0.04357867880858071,0.4202940721203229,0.10496741004913795
15,adaptshrink,4,0.12229822278288457,-0.08718454918843674,0.33178099475420586,0.13303158947645494
15,adaptshrink,5,0.8841338675576762,0.646464457824069,1.1218032772912834,0.6818184405966577
16,common_DL,1,0.4627391459527407,0.10654634319663248,0.8189319487088489,0.29198122961284534
16,common_DL,2,0.013697525689482973,-0.3913471083285031,0.41874215970746903,-0.11954751466390598
16,common_DL,3,0.06206034016865927,-0.2874124147107513,0.4115330950480699,-0.15953529305229
16,common_DL,4,0.3694368283545961,-0.1022485282699494,0.8411221849791417,-0.03783012055642233
16,common_DL,5,-0.10512225319429766,-0.5930306038731115,0.3827860974845161,-0.20541656478080744
16,comp_specific,1,0.4205166830100649,0.12986228212916967,0.7111710838909602,0.29198122961284534
16,comp_specific,2,0.03546164819097124,-0.34271514705598827,0.41363844343793077,-0.11954751466390598
16,comp_specific,3,0.08208119077369994,-0.26977411352656544,0.43393649507396537,-0.15953529305229
16,comp_specific,4,0.27622169977248767,-0.2582841569665367,0.8107275565115121,-0.03783012055642233
16,comp_specific,5,-0.10679879678513148,-0.2965339996441797,0.08293640607391674,-0.20541656478080744
16,adaptshrink,1,0.4429436618899014,0.11969547569583644,0.7661918480839665,0.29198122961284534
16,adaptshrink,2,0.02271063028273479,-0.3710755109038911,0.4164967714693607,-0.11954751466390598
16,adaptshrink,3,0.0756162363096403,-0.2791996243848558,0.4304320970041364,-0.15953529305229
16,adaptshrink,4,0.3149832150958708,-0.18928747600337203,0.8192539061951136,-0.03783012055642233
16,adaptshrink,5,-0.10488535141512631,-0.5281889013133634,0.3184181984831108,-0.20541656478080744
17,common_DL,1,0.1546064491788477,-0.24882980409652505,0.5580427024542205,-0.07692291939701591
17,common_DL,2,0.36965110913090843,0.10283250838574787,0.636469709876069,0.11131353138487934
17,common_DL,3,-0.16717546409784795,-0.5777068776060466,0.2433559494103506,-0.24154364349409602
17,common_DL,4,-0.27373331639433207,-0.8292684513701529,0.2818018185814888,-0.1706013986762024
17,common_DL,5,0.5156693713724343,0.21352119032537586,0.8178175524194927,0.4818167301393455
17,comp_specific,1,0.13712712990581233,-0.15567545106448738,0.42992971087611204,-0.07692291939701591
17,comp_specific,2,0.3684964689457285,0.07529458837055414,0.6616983495209029,0.11131353138487934
17,comp_specific,3,-0.22093625568360922,-0.5309993944194573,0.0891268830522389,-0.24154364349409602
17,comp_specific,4,-0.293999045316937,-1.007864043393458,0.41986595275958405,-0.1706013986762024
17,comp_specific,5,0.4609507864758131,0.1613927511187122,0.760508821832914,0.4818167301393455
17,adaptshrink,1,0.14119130808987285,-0.2288618549403093,0.511244471120055,-0.07692291939701591
17,adaptshrink,2,0.3586620905138053,0.07873469069350741,0.6385894903341032,0.11131353138487934
17,adaptshrink,3,-0.18300052978333364,-0.5699122886878667,0.2039112291211994,-0.24154364349409602
17,adaptshrink,4,-0.2946037217174209,-0.9116454926835214,0.3224380492486796,-0.1706013986762024
17,adaptshrink,5,0.49264023960812475,0.19500688795243093,0.7902735912638186,0.4818167301393455
18,common_DL,1,-0.9284577523135884,-1.406419697313277,-0.45049580731389993,-0.5785179730230433
18,common_DL,2,0.5915938704686889,0.04386602519936411,1.1393217157380138,-0.006247899981201868
18,common_DL,3,-0.4175008265965705,-0.8812365480449725,0.04623489485183152,-0.15881193883270803
18,common_DL,4,-0.5367491131106636,-1.0016452169200174,-0.07185300930130983,-0.5554754445459174
18,common_DL,5,0.40969189476281465,-0.22188365357720374,1.041267443102833,0.7400277823502867
18,comp_specific,1,-0.9553819072989562,-1.3448660904205023,-0.5658977241774101,-0.5785179730230433
18,comp_specific,2,0.6262916385392273,0.17450655902319429,1.0780767180552604,-0.006247899981201868
18,comp_specific,3,-0.29682438299957714,-0.6135491222994742,0.019900356300319944,-0.15881193883270803
18,comp_specific,4,-0.34098724223762933,-0.9266753839490579,0.24470089947379925,-0.5554754445459174
18,comp_specific,5,0.42204902316790316,0.06679079301319873,0.7773072533226075,0.7400277823502867
18,adaptshrink,1,-0.9207156352961028,-1.3629755985486747,-0.4784556720435309,-0.5785179730230433
18,adaptshrink,2,0.6283600976190726,0.10383485124202463,1.1528853439961206,-0.006247899981201868
18,adaptshrink,3,-0.358240590539834,-0.7494008899838893,0.032919708904221356,-0.15881193883270803
18,adaptshrink,4,-0.41141687150441786,-0.9528843251968101,0.13005058218797438,-0.5554754445459174
18,adaptshrink,5,0.4187269376756475,-0.1191363243147957,0.9565901996660907,0.7400277823502867
19,common_DL,1,-0.10095269799680684,-0.3921259340811858,0.1902205380875721,0.034307774636550735
19,common_DL,2,-0.35647995298605906,-0.6191355640215088,-0.09382434195060935,-0.12233769564924328
19,common_DL,3,0.46463514816222684,0.21704398245375903,0.7122263138706947,0.35413639845283984
19,common_DL,4,-0.0022813905275837626,-0.3118149380310187,0.3072521569758512,0.03925657520623595
19,common_DL,5,-0.630198595384487,-0.92585399695796,-0.3345431938110139,-0.6670427402003417
19,comp_specific,1,-0.09366955631380244,-0.4426245523794544,0.2552854397518495,0.034307774636550735
19,comp_specific,2,-0.324038217962019,-0.6268239377255371,-0.02125249819850089,-0.12233769564924328
19,comp_specific,3,0.5489914862817031,0.2213413813618304,0.8766415912015759,0.35413639845283984
19,comp_specific,4,-7.991537615124888e-05,-0.3280054347143632,0.3278456039620607,0.03925657520623595
19,comp_specific,5,-0.5555309619938149,-0.8010898020205651,-0.3099721219670647,-0.6670427402003417
19,adaptshrink,1,-0.09603630955030293,-0.4196366438406899,0.227564024740084,0.034307774636550735
19,adaptshrink,2,-0.3488824729916732,-0.6305660676588241,-0.06719887832452232,-0.12233769564924328
19,adaptshrink,3,0.49994802559861856,0.21995320674148355,0.7799428444557536,0.35413639845283984
19,adaptshrink,4,-9.328139016551162e-06,-0.32055877243854525,0.32054011616051215,0.03925657520623595
19,adaptshrink,5,-0.6139554887808392,-0.9115347751611163,-0.316376202400562,-0.6670427402003417
20,common_DL,1,-0.2716326764819624,-0.4978394318968675,-0.0454259210670572,-0.2505975046042369
20,common_DL,2,-0.36045516280960455,-0.5984100904721705,-0.1225002351470385,-0.1971847252961453
20,common_DL,3,0.1400392614046103,-0.231086530449803,0.5111650532590236,0.15655629858067557
20,common_DL,4,-0.2275738305788886,-0.5255106722006255,0.07036301104284834,0.0009089082194503262
20,common_DL,5,-0.5774104677916382,-0.8798307421097586,-0.2749901934735178,-0.7034886544151367
20,comp_specific,1,-0.2526649526550688,-0.4779595142852594,-0.02737039102487815,-0.2505975046042369
20,comp_specific,2,-0.3102189721689094,-0.6166521456159733,-0.00378579872184559,-0.1971847252961453
20,comp_specific,3,0.14904331418308583,-0.19929892335681684,0.4973855517229885,0.15655629858067557
20,comp_specific,4,-0.17629670392193225,-0.5048001791853809,0.15220677134151644,0.0009089082194503262
20,comp_specific,5,-0.5606823807316438,-0.8954556567165448,-0.22590910474674275,-0.7034886544151367
20,adaptshrink,1,-0.2657016237981367,-0.49665146486018125,-0.034751782736092196,-0.2505975046042369
20,adaptshrink,2,-0.35110088991423904,-0.6301817882950582,-0.07201999153341981,-0.1971847252961453
20,adaptshrink,3,0.1440363507617846,-0.21752828840049096,0.5056009899240601,0.15655629858067557
20,adaptshrink,4,-0.20486981323374093,-0.518447662269534,0.10870803580205207,0.0009089082194503262
20,adaptshrink,5,-0.5692870881008332,-0.8863468101727128,-0.2522273660289535,-0.7034886544151367
21,common_DL,1,1.025985648871071,0.7920677999007959,1.2599034978413461,0.9487943183945045
21,common_DL,2,-0.772065539013048,-1.0646565367965437,-0.47947454122955224,-0.7656451491908117
21,common_DL,3,0.8093246808985493,0.46494225565673775,1.1537071061403608,0.8199968150902254
21,common_DL,4,-0.8222450864633754,-1.08784629328001,-0.5566438796467408,-0.4018303623876088
21,common_DL,5,-0.05853006881132476,-0.29993754761363106,0.1828774099909815,-0.16893472556754266
21,comp_specific,1,0.9477487802971384,0.6105136076630785,1.2849839529311984,0.9487943183945045
21,comp_specific,2,-0.8123368131183943,-1.1601834757282585,-0.4644901505085302,-0.7656451491908117
21,comp_specific,3,0.7551924265910402,0.4605786316764776,1.049806221505603,0.8199968150902254
21,comp_specific,4,-0.9392404111992324,-1.175513713317232,-0.7029671090812328,-0.4018303623876088
21,comp_specific,5,-0.09136744605264938,-0.28150398485024364,0.09876909274494486,-0.16893472556754266
21,adaptshrink,1,0.9951132553670436,0.7147716113571038,1.2754548993769834,0.9487943183945045
21,adaptshrink,2,-0.7936824231001476,-1.1163675217181954,-0.4709973244820997,-0.7656451491908117
21,adaptshrink,3,0.7857535999970009,0.4595155537012072,1.1119916462927946,0.8199968150902254
21,adaptshrink,4,-0.8985576444244441,-1.16097658334465,-0.6361387055042382,-0.4018303623876088
21,adaptshrink,5,-0.06752932155455794,-0.29243918635299265,0.1573805432438768,-0.16893472556754266
22,common_DL,1,-0.6434903580452465,-0.9776879691084892,-0.30929274698200365,-0.49759970696476524
22,common_DL,2,0.6869590687417277,0.3716375215723792,1.0022806159110762,0.47422263942938453
22,common_DL,3,-0.5940846590871406,-0.8635639973235572,-0.32460532085072397,-0.5148040976913673
22,common_DL,4,-0.1032493711610646,-0.4374652582084813,0.23096651588635214,-0.04718815264907217
22,common_DL,5,-0.3984186177918022,-0.6808188586645613,-0.11601837691904315,-0.2658361362517546
22,comp_specific,1,-0.6246329951891365,-0.9463090313796075,-0.3029569589986655,-0.49759970696476524
22,comp_specific,2,0.6337732479370892,-0.0031355867307834018,1.2706820826049618,0.47422263942938453
22,comp_specific,3,-0.5891598431511568,-0.7605152612565493,-0.41780442504576415,-0.5148040976913673
22,comp_specific,4,-0.09422987667336863,-0.34476145944026343,0.15630170609352617,-0.04718815264907217
22,comp_specific,5,-0.3737765244205411,-0.6073798347971042,-0.140173214043978,-0.2658361362517546
22,adaptshrink,1,-0.6348464004120686,-0.9531448008679114,-0.31654799995622585,-0.49759970696476524
22,adaptshrink,2,0.6445966476023453,0.16056373234235954,1.128629562862331,0.47422263942938453
22,adaptshrink,3,-0.590615032864713,-0.8189161691843341,-0.36231389654509183,-0.5148040976913673
22,adaptshrink,4,-0.10203447658471577,-0.40554051534561747,0.20147156217618595,-0.04718815264907217
22,adaptshrink,5,-0.3890070980640465,-0.6425745241552756,-0.13543967197281742,-0.2658361362517546
23,common_DL,1,-0.24328815518162633,-0.4901067286979141,0.003530418334661445,-0.2617191073092074
23,common_DL,2,0.4373481786878457,0.21231993714632874,0.6623764202293627,0.3432698615628335
23,common_DL,3,-0.9739235823604006,-1.2682185660306438,-0.6796285986901573,-0.7054065516628146
23,common_DL,4,0.13569859620501057,-0.04752300054277775,0.3189201929527989,0.2984134588105116
23,common_DL,5,-0.38867905849335016,-0.6175542914236989,-0.15980382556300143,-0.24389618175821107
23,comp_specific,1,-0.22123464270146342,-0.4958921372010786,0.05342285179815176,-0.2617191073092074
23,comp_specific,2,0.46775691295102845,0.21130641215795865,0.7242074137440982,0.3432698615628335
23,comp_specific,3,-0.9659981479533863,-1.2674805957039919,-0.6645157002027808,-0.7054065516628146
23,comp_specific,4,0.11330875915974814,-0.20333184317012276,0.42994936148961904,0.2984134588105116
23,comp_specific,5,-0.3834444346694244,-0.5983985499409852,-0.16849031939786369,-0.24389618175821107
23,adaptshrink,1,-0.2370447954703101,-0.48906818815891145,0.014978597218291256,-0.2617191073092074
23,adaptshrink,2,0.4422906739450809,0.20877553317878716,0.6758058147113747,0.3432698615628335
23,adaptshrink,3,-0.9706352279459641,-1.2679593315282172,-0.673311124363711,-0.7054065516628146
23,adaptshrink,4,0.12046136942561592,-0.14641927670965454,0.3873420155608864,0.2984134588105116
23,adaptshrink,5,-0.38624197850200814,-0.6076908245821289,-0.16479313242188748,-0.24389618175821107
24,common_DL,1,-0.1429505424103421,-0.5758440612139111,0.2899429763932269,0.18093888763589716
24,common_DL,2,-0.6715588554049632,-1.1375720557319016,-0.20554565507802486,-0.2018966081818033
24,common_DL,3,-0.06089854203065484,-0.5304870146362384,0.40868993057492864,-0.13633029486733336
24,common_DL,4,0.1835058031591573,-0.1759663732358757,0.5429779795541902,0.1376832353510963
24,common_DL,5,-0.16895866405858606,-0.5437712606138758,0.2058539324967037,-0.0026965484705932814
24,comp_specific,1,0.024335332598627996,-0.2711925326732504,0.3198631978705063,0.18093888763589716
24,comp_specific,2,-0.5699992788650746,-0.941852310680324,-0.19814624704982525,-0.2018966081818033
24,comp_specific,3,-0.0057612731246996784,-0.18529176582769274,0.1737692195782934,-0.13633029486733336
24,comp_specific,4,0.36613729754090657,-0.058978937467321746,0.7912535325491349,0.1376832353510963
24,comp_specific,5,-0.25702415972648157,-0.4253812868386582,-0.08866703261430492,-0.0026965484705932814
24,adaptshrink,1,-0.07277896364806838,-0.46058563516429507,0.31502770786815826,0.18093888763589716
24,adaptshrink,2,-0.6265173109460478,-1.0602150089066404,-0.1928196129854552,-0.2018966081818033
24,adaptshrink,3,-0.054974564756457366,-0.43791224415562113,0.32796311464270644,-0.13633029486733336
24,adaptshrink,4,0.30200545508717963,-0.10280954508167722,0.7068204552560364,0.1376832353510963
24,adaptshrink,5,-0.18077052084317186,-0.4832804690805568,0.12173942739421306,-0.0026965484705932814
25,common_DL,1,-0.19358429146390976,-0.5122627721803563,0.1250941892525368,-0.09135266404305191
25,common_DL,2,0.6038524735515809,0.3212817116821332,0.8864232354210286,0.09381295416067877
25,common_DL,3,-0.49064875215065895,-0.7653676186779015,-0.21592988562341636,-0.8379809684117253
25,common_DL,4,-0.3054977935919021,-0.5829637907433081,-0.028031796440496137,0.06698423313000737
25,common_DL,5,-0.8185144026649737,-1.1336334304750297,-0.5033953748549176,-0.7846230561898428
25,comp_specific,1,-0.18771231525035523,-0.43298035963930215,0.05755572913859172,-0.09135266404305191
25,comp_specific,2,0.7142625764409213,0.5097047648557438,0.9188203880260988,0.09381295416067877
25,comp_specific,3,-0.3512551818234474,-0.727317012237241,0.024806648590346203,-0.8379809684117253
25,comp_specific,4,-0.2906045431972507,-0.49802542994636584,-0.08318365644813558,0.06698423313000737
25,comp_specific,5,-0.7943256780267692,-1.0691004319342996,-0.5195509241192389,-0.7846230561898428
25,adaptshrink,1,-0.19206961642264428,-0.4769828138967439,0.09284358105145532,-0.09135266404305191
25,adaptshrink,2,0.6506919483432522,0.39521694990551726,0.9061669467809871,0.09381295416067877
25,adaptshrink,3,-0.41205501586379056,-0.7451116165728512,-0.07899841515472994,-0.8379809684117253
25,adaptshrink,4,-0.3002862084945276,-0.5438830303834497,-0.05668938660560552,0.06698423313000737
25,adaptshrink,5,-0.8077852837015723,-1.1037047804935578,-0.511865786909587,-0.7846230561898428
26,common_DL,1,0.4737703889483791,0.06952641533975729,0.8780143625570009,0.5585328986397193
26,common_DL,2,0.6609405432580698,0.319886879419207,1.0019942070969328,0.5387824417724625
26,common_DL,3,-0.2103265899334943,-0.5037098689725688,0.08305668910558023,-0.14874136540047878
26,common_DL,4,0.16150680682741383,-0.1372862302028365,0.4602998438576642,0.030791407834471658
26,common_DL,5,-0.2591609343520008,-0.6455656719850715,0.12724380328106982,-0.31592877104748573
26,comp_specific,1,0.4867139601665049,0.21365258540867255,0.7597753349243372,0.5585328986397193
26,comp_specific,2,0.5823468176485098,0.3687175759060685,0.7959760593909511,0.5387824417724625
26,comp_specific,3,-0.10425462933574045,-0.3052334027513694,0.0967241440798885,-0.14874136540047878
26,comp_specific,4,0.2511789268908125,-0.09703224774475339,0.5993901015263784,0.030791407834471658
26,comp_specific,5,-0.21245996044428814,-0.5824542443132881,0.15753432342471183,-0.31592877104748573
26,adaptshrink,1,0.475378080640641,0.12320744796802258,0.8275487133132595,0.5585328986397193
26,adaptshrink,2,0.634064409033133,0.347159078027804,0.920969740038462,0.5387824417724625
26,adaptshrink,3,-0.13986012596446826,-0.3935557102387789,0.1138354583098424,-0.14874136540047878
26,adaptshrink,4,0.2379271371585715,-0.09364172424799955,0.5694959985651425,0.030791407834471658
26,adaptshrink,5,-0.2398614405080988,-0.6157521556730232,0.1360292746568256,-0.31592877104748573
27,common_DL,1,-0.5920813380807974,-0.8985711463682258,-0.2855915297933691,-0.5460027620890013
27,common_DL,2,-0.08014551529997233,-0.4068274517615905,0.24653642116164587,-0.1306520464007151
27,common_DL,3,-0.03671760185872627,-0.3350526228391928,0.2616174191217403,-0.1579828629679677
27,common_DL,4,-0.10539573448567781,-0.42339301536968604,0.21260154639833045,-0.26925477893539695
27,common_DL,5,-0.3462483539856791,-0.7215190219365462,0.029022313965187896,-0.2571240051920101
27,comp_specific,1,-0.5777337599682586,-0.831779708490139,-0.3236878114463782,-0.5460027620890013
27,comp_specific,2,-0.015888184223741275,-0.5293823794445968,0.4976060109971142,-0.1306520464007151
27,comp_specific,3,-0.007589161290337876,-0.3129933739328112,0.29781505135213543,-0.1579828629679677
27,comp_specific,4,-0.08328731764539733,-0.2747723593700341,0.1081977240792394,-0.26925477893539695
27,comp_specific,5,-0.35510778116526165,-0.6327755236309599,-0.0774400386995634,-0.2571240051920101
27,adaptshrink,1,-0.5851064493852622,-0.8683612283262223,-0.3018516704443021,-0.5460027620890013
27,adaptshrink,2,-0.043180805440193815,-0.46230664562000173,0.3759450347396141,-0.1306520464007151
27,adaptshrink,3,-0.028420268230236134,-0.32333492756835336,0.2664943911078811,-0.1579828629679677
27,adaptshrink,4,-0.10568482992480711,-0.37344020027563085,0.16207054042601665,-0.26925477893539695
27,adaptshrink,5,-0.3490710304390651,-0.6811348724405188,-0.017007188437611342,-0.2571240051920101
28,common_DL,1,0.5196145913353628,-0.010603939908419013,1.0498331225791446,0.47377493580927627
28,common_DL,2,1.0526931845078926,0.6447356146913934,1.4606507543243918,0.7855065136177628
28,common_DL,3,0.9028524722590174,0.49419355497685374,1.3115113895411812,0.8052312797786673
28,common_DL,4,0.6821011103294337,0.27352425865659613,1.090677962002271,0.6236270226550826
28,common_DL,5,-0.2181266315328152,-0.6532353054574815,0.2169820423918511,-0.32300516524121475
28,comp_specific,1,0.4546908084897093,0.05103004748336759,0.858351569496051,0.47377493580927627
28,comp_specific,2,1.0788393125201918,0.7247460524944328,1.4329325725459507,0.7855065136177628
28,comp_specific,3,0.8662520439171028,0.6352294062271017,1.0972746816071037,0.8052312797786673
28,comp_specific,4,0.7362161256739519,0.10710901100784354,1.3653232403400604,0.6236270226550826
28,comp_specific,5,-0.22217598594030358,-0.6257230641257554,0.1813710922451482,-0.32300516524121475
28,adaptshrink,1,0.5051347218675329,0.010282050203572035,0.9999873935314938,0.47377493580927627
28,adaptshrink,2,1.0651881375531813,0.6819240576533727,1.44845221745299,0.7855065136177628
28,adaptshrink,3,0.8940918046654951,0.5531806061341377,1.2350030031968524,0.8052312797786673
28,adaptshrink,4,0.7170699407568275,0.20114403145725945,1.2329958500563956,0.6236270226550826
28,adaptshrink,5,-0.21976194909074753,-0.6415434145954608,0.2020195164139657,-0.32300516524121475
29,common_DL,1,-0.24605223775889368,-0.7148206294993383,0.22271615398155098,-0.04681563230397406
29,common_DL,2,0.34188895031910194,-0.09417208100448021,0.777949981642684,0.05834119486576496
29,common_DL,3,0.3688351522102793,-0.057328051463633733,0.7949983558841923,0.357832813168854
29,common_DL,4,0.06572325381055408,-0.38470419946255396,0.5161507070836621,-0.06349195815737271
29,common_DL,5,-0.01914533258757875,-0.35739951803226233,0.3191088528571048,-0.12196407762683854
29,comp_specific,1,-0.2533650023786965,-0.6209992974420755,0.1142692926846825,-0.04681563230397406
29,comp_specific,2,0.285606735237202,-0.24920691635696407,0.820420386831368,0.05834119486576496
29,comp_specific,3,0.3796582921190847,0.1991120606958847,0.5602045235422847,0.357832813168854
29,comp_specific,4,-0.0880451265810882,-0.6552316145973783,0.4791413614352019,-0.06349195815737271
29,comp_specific,5,-0.0632624833326165,-0.27102800771006497,0.14450304104483194,-0.12196407762683854
29,adaptshrink,1,-0.24841099049165236,-0.675271485295935,0.17844950431263026,-0.04681563230397406
29,adaptshrink,2,0.3131835910020515,-0.17680413590118305,0.8031713179052861,0.05834119486576496
29,adaptshrink,3,0.35599251075707683,-0.0025638419805226187,0.7145488634946763,0.357832813168854
29,adaptshrink,4,-0.04560847113321774,-0.5781300258366424,0.4869130835702069,-0.06349195815737271
29,adaptshrink,5,-0.03221253941462625,-0.30771019288748874,0.24328511405823622,-0.12196407762683854
30,common_DL,1,-0.09153420842777574,-0.3842523295511143,0.20118391269556282,-0.11820165860956089
30,common_DL,2,0.13244755058839675,-0.17272760532881748,0.43762270650561097,0.3076904378060527
30,common_DL,3,0.8230473556506139,0.4770880387639584,1.1690066725372694,0.7520934873458782
30,common_DL,4,0.25671939261458565,-0.0999032764816824,0.6133420617108537,0.30517274475439526
30,common_DL,5,-0.09169359706847904,-0.4119551926895745,0.22856799855261636,-0.12216148320384708
30,comp_specific,1,-0.125286397540952,-0.26188210489294883,0.01130930981104486,-0.11820165860956089
30,comp_specific,2,0.14670655110368172,-0.35024447020688565,0.643657572414249,0.3076904378060527
30,comp_specific,3,0.8034296663716776,0.4921770402829739,1.1146822924603812,0.7520934873458782
30,comp_specific,4,0.2769625491191453,-0.22592672826167315,0.7798518264999638,0.30517274475439526
30,comp_specific,5,-0.06041695703773242,-0.254765146537113,0.13393123246164818,-0.12216148320384708
30,adaptshrink,1,-0.10376411197372692,-0.33786037980084127,0.1303321558533874,-0.11820165860956089
30,adaptshrink,2,0.13470512497301554,-0.28345157381037966,0.5528618237564108,0.3076904378060527
30,adaptshrink,3,0.8117446028394978,0.4828881045605204,1.1406011011184751,0.7520934873458782
30,adaptshrink,4,0.271397906848409,-0.15895549718506874,0.7017513108818867,0.30517274475439526
30,adaptshrink,5,-0.07873002522179323,-0.35076676539966795,0.19330671495608148,-0.12216148320384708
31,common_DL,1,-0.04536292411287157,-0.43354411032370116,0.342818262097958,0.10211999454568085
31,common_DL,2,0.031199172252160873,-0.334922786457732,0.3973211309620538,0.22642995414851724
31,common_DL,3,-0.3360660089169353,-0.7041233574748665,0.031991339640995986,-0.24067561494309214
31,common_DL,4,0.6004617985592445,0.301892450852268,0.899031146266221,0.7052141741868178
31,common_DL,5,-0.5003690549278716,-0.7780868329818987,-0.22265127687384456,-0.3930987241886425
31,comp_specific,1,-0.00960569811796387,-0.22649742493401104,0.20728602869808327,0.10211999454568085
31,comp_specific,2,0.1696319166008971,-0.3146528255807415,0.6539166587825357,0.22642995414851724
31,comp_specific,3,-0.34124057766910326,-0.6136127989646942,-0.0688683563735123,-0.24067561494309214
31,comp_specific,4,0.6708468844491238,0.48047470019451255,0.861219068703735,0.7052141741868178
31,comp_specific,5,-0.41045115478756794,-0.6313172049450426,-0.18958510463009332,-0.3930987241886425
31,adaptshrink,1,-0.035716997708371154,-0.37485186733172166,0.3034178719149793,0.10211999454568085
31,adaptshrink,2,0.12208377943687236,-0.3044122657639309,0.5485798246376756,0.22642995414851724
31,adaptshrink,3,-0.3351466818717369,-0.6617571004882066,-0.00853626325526724,-0.24067561494309214
31,adaptshrink,4,0.6361115650709972,0.38895224382169324,0.8832708863203012,0.7052141741868178
31,adaptshrink,5,-0.4476796671551946,-0.6959396344671372,-0.19941969984325195,-0.3930987241886425
32,common_DL,1,0.129931922867796,-0.07314188345132205,0.33300572918691407,0.204533991797251
32,common_DL,2,-0.8988200365056983,-1.1723438190944373,-0.6252962539169593,-0.8678772055650223
32,common_DL,3,0.28950388917175524,-0.0674897225659502,0.6464975009094607,0.12006059723910449
32,common_DL,4,0.5074812413084694,0.2860383773153454,0.7289241053015934,0.573259310812863
32,common_DL,5,-0.11889512072998049,-0.3356806538287974,0.09789041236883644,-0.11685060830767137
32,comp_specific,1,0.18272388366373404,-0.061131428084396006,0.42657919541186406,0.204533991797251
32,comp_specific,2,-1.039925109485237,-1.4367187750823336,-0.6431314438881406,-0.8678772055650223
32,comp_specific,3,0.30142419942210724,-0.06897670781318299,0.6718251066573975,0.12006059723910449
32,comp_specific,4,0.5270623516725527,0.2612395907666883,0.7928851125784171,0.573259310812863
32,comp_specific,5,-0.14974946888514568,-0.35627328052578267,0.05677434275549134,-0.11685060830767137
32,adaptshrink,1,0.14426910574722246,-0.07172182179574163,0.3602600332901865,0.204533991797251
32,adaptshrink,2,-0.9903318802812535,-1.3284611335030485,-0.6522026270594586,-0.8678772055650223
32,adaptshrink,3,0.2922600095833913,-0.07002609272075155,0.6545461118875342,0.12006059723910449
32,adaptshrink,4,0.51378489728903,0.2797194449965542,0.7478503495815058,0.573259310812863
32,adaptshrink,5,-0.1372102264337376,-0.34877157662435865,0.07435112375688349,-0.11685060830767137
33,common_DL,1,0.6280133869014342,0.36501633027468444,0.8910104435281838,0.7994777588068614
33,common_DL,2,-0.8077108777671884,-1.078786956887111,-0.5366347986472659,-0.987468851772764
33,common_DL,3,0.2678794894837892,-0.014888434410951445,0.5506474133785298,0.2591366598292834
33,common_DL,4,-0.4117635932334898,-0.7530848317519394,-0.07044235471504018,-0.44949603142403494
33,common_DL,5,0.6807475195149167,0.29643897404671166,1.0650560649831218,0.6224634009952067
33,comp_specific,1,0.6524170023914773,0.4293942611856913,0.8754397435972632,0.7994777588068614
33,comp_specific,2,-0.8101411266711104,-1.1092069754900988,-0.511075277852122,-0.987468851772764
33,comp_specific,3,0.2772312965337409,0.02901310131605056,0.5254494917514312,0.2591366598292834
33,comp_specific,4,-0.4474693643650268,-0.8679526436769841,-0.026986085053069542,-0.44949603142403494
33,comp_specific,5,0.6517480563281484,0.20922798446427937,1.0942681281920175,0.6224634009952067
33,adaptshrink,1,0.6409663460221685,0.39602292947571416,0.8859097625686229,0.7994777588068614
33,adaptshrink,2,-0.8108360883446982,-1.099607356710416,-0.5220648199789804,-0.987468851772764
33,adaptshrink,3,0.271749476284295,0.0043932719578353985,0.5391056806107546,0.2591366598292834
33,adaptshrink,4,-0.4377835592290713,-0.8301347348802899,-0.045432383577852786,-0.44949603142403494
33,adaptshrink,5,0.6666807729229562,0.25549048633493454,1.077871059510978,0.6224634009952067
34,common_DL,1,0.4949417024170325,0.17607547365941567,0.8138079311746493,0.31995032098574727
34,common_DL,2,0.778198150904272,0.4450430614112924,1.1113532403972517,1.1392947024830014
34,common_DL,3,-0.2515701706154275,-0.5095323201365649,0.006391978905709805,-0.25036538080929943
34,common_DL,4,-0.06133967029361584,-0.3559815328349579,0.23330219224772628,0.19032011649986713
34,common_DL,5,0.25089642425022407,-0.07653648009873143,0.5783293285991795,0.23157273787760985
34,comp_specific,1,0.5054757837728694,0.12802611108099993,0.8829254564647389,0.31995032098574727
34,comp_specific,2,0.8387691809949164,0.296095348033767,1.3814430139560656,1.1392947024830014
34,comp_specific,3,-0.25753637765323734,-0.3861854686326729,-0.1288872866738018,-0.25036538080929943
34,comp_specific,4,-0.09825009581679639,-0.4305208812448173,0.23402068961122452,0.19032011649986713
34,comp_specific,5,0.21718952900651725,-0.02871589920802889,0.4630949572210634,0.23157273787760985
34,adaptshrink,1,0.47351248900223464,0.13822292997814933,0.8088020480263199,0.31995032098574727
34,adaptshrink,2,0.8303022588269793,0.3646928020495911,1.2959117156043676,1.1392947024830014
34,adaptshrink,3,-0.25469297779632377,-0.4651194346067753,-0.04426652098587225,-0.25036538080929943
34,adaptshrink,4,-0.08632245324782412,-0.40446015561100296,0.23181524911535473,0.19032011649986713
34,adaptshrink,5,0.2385087969641245,-0.053563841647463833,0.5305814355757128,0.23157273787760985
35,common_DL,1,0.027136158655417644,-0.4664523115625761,0.5207246288734114,0.06285165935066817
35,common_DL,2,-0.40798045150581275,-0.794072696996002,-0.021888206015623468,-0.2944609326911332
35,common_DL,3,0.4246211459123589,-0.11734545740645252,0.9665877492311703,0.24425487065263643
35,common_DL,4,-0.9018189332388381,-1.41432324965233,-0.3893146168253464,-0.45835261869410715
35,common_DL,5,0.22274401355869627,-0.3458259889422924,0.791314016059685,-0.027247814502533385
35,comp_specific,1,0.026689154672756177,-0.5271534779668723,0.5805317873123845,0.06285165935066817
35,comp_specific,2,-0.4148269883993566,-0.815977300498538,-0.013676676300175272,-0.2944609326911332
35,comp_specific,3,0.4068198670209382,0.03081238248700402,0.7828273515548724,0.24425487065263643
35,comp_specific,4,-0.9452807814907163,-1.5144432912013794,-0.37611827178005297,-0.45835261869410715
35,comp_specific,5,0.17387092463961998,-0.34606651395145127,0.6938083632306912,-0.027247814502533385
35,adaptshrink,1,0.03425808624379785,-0.49832755598497197,0.5668437284725677,0.06285165935066817
35,adaptshrink,2,-0.4075022883712321,-0.8047074647477211,-0.010297111994743036,-0.2944609326911332
35,adaptshrink,3,0.4197559422410063,-0.05942304566842033,0.898934930150433,0.24425487065263643
35,adaptshrink,4,-0.9206277144767364,-1.4586793518542511,-0.3825760770992216,-0.45835261869410715
35,adaptshrink,5,0.21067829075699673,-0.3484529520696691,0.7698095335836626,-0.027247814502533385
36,common_DL,1,-0.2640884011226756,-0.7019303095440226,0.17375350729867128,-0.10704371375561861
36,common_DL,2,-0.29179735664303197,-0.653526569288891,0.06993185600282698,-0.13316427353800592
36,common_DL,3,-0.44671338944425665,-0.7737269308080281,-0.11969984808048512,-0.47990737548791895
36,common_DL,4,0.1451057584222796,-0.16748344001254875,0.4576949568571079,0.5005555914647669
36,common_DL,5,0.7488586232727029,0.4190357778898204,1.0786814686555855,0.7992690927484128
36,comp_specific,1,-0.3037651738029836,-0.8190451343642573,0.21151478675829005,-0.10704371375561861
36,comp_specific,2,-0.3348685979621758,-0.8123318518674296,0.14259465594307813,-0.13316427353800592
36,comp_specific,3,-0.4655162646077197,-0.928226545332107,-0.0028059838833323636,-0.47990737548791895
36,comp_specific,4,0.1901687375413567,-0.09711636962963671,0.47745384471235014,0.5005555914647669
36,comp_specific,5,0.7391321771571612,0.5400226452292824,0.9382417090850399,0.7992690927484128
36,adaptshrink,1,-0.27977690195381677,-0.7460001475946325,0.18644634368699897,-0.10704371375561861
36,adaptshrink,2,-0.3152759324764062,-0.7400179883070201,0.10946612335420786,-0.13316427353800592
36,adaptshrink,3,-0.4345456678226466,-0.827908762809228,-0.04118257283606519,-0.47990737548791895
36,adaptshrink,4,0.1660807053178244,-0.1329953758562553,0.46515678649190406,0.5005555914647669
36,adaptshrink,5,0.7458720819498349,0.46978443611607534,1.0219597277835946,0.7992690927484128
37,common_DL,1,-0.07336554789305998,-0.4902779708533427,0.3435468750672227,0.015100766447015848
37,common_DL,2,-0.8256000614576485,-1.10394052454671,-0.5472595983685871,-0.802906866786545
37,common_DL,3,-0.2352699392967586,-0.5003388127731025,0.0297989341795854,-0.07318816318653738
37,common_DL,4,-0.4146517331746533,-0.7518620874425438,-0.07744137890676284,-0.06429615968635397
37,common_DL,5,0.629143403205299,0.30919991488800636,0.9490868915225917,0.2955450670731816
37,comp_specific,1,-0.056362371285402585,-0.3799118783040364,0.2671871357332313,0.015100766447015848
37,comp_specific,2,-0.826199486512454,-1.1225435829148627,-0.5298553901100453,-0.802906866786545
37,comp_specific,3,-0.19199801366382385,-0.4017792888240136,0.01778326149636586,-0.07318816318653738
37,comp_specific,4,-0.467255161393472,-0.8206490171733074,-0.11386130561363661,-0.06429615968635397
37,comp_specific,5,0.6458921557415742,0.25213787999211246,1.039646431491036,0.2955450670731816
37,adaptshrink,1,-0.06776506811491462,-0.4476254120466376,0.31209527581680835,0.015100766447015848
37,adaptshrink,2,-0.8227064776780251,-1.1061430582931844,-0.5392698970628658,-0.802906866786545
37,adaptshrink,3,-0.21763820586796992,-0.4514436978176627,0.016167286081722826,-0.07318816318653738
37,adaptshrink,4,-0.4425628377808737,-0.7945370331675378,-0.0905886423942096,-0.06429615968635397
37,adaptshrink,5,0.643489935855363,0.27640431239917207,1.0105755593115537,0.2955450670731816
38,common_DL,1,-0.07672134174961964,-0.3314641670473236,0.17802148354808434,-0.14890600170151527
38,common_DL,2,0.5558859994146934,0.2766595510414128,0.835112447787974,0.8809093497170317
38,common_DL,3,0.3058633884203791,0.03754525467319064,0.5741815221675675,0.24953171473409405
38,common_DL,4,0.6542311848892939,0.3104515960722141,0.9980107737063737,0.6325126461758416
38,common_DL,5,0.44730623468543357,0.23234802790419826,0.6622644414666689,0.22670426637941182
38,comp_specific,1,-0.15991258430093602,-0.5425498863316225,0.22272471772975044,-0.14890600170151527
38,comp_specific,2,0.4766206989851277,0.08886310347937004,0.8643782944908853,0.8809093497170317
38,comp_specific,3,0.3022247516546022,0.0922863511571661,0.5121631521520383,0.24953171473409405
38,comp_specific,4,0.6637206018564796,0.3361583126156078,0.9912828910973515,0.6325126461758416
38,comp_specific,5,0.45704419260633933,0.2331906404619464,0.6808977447507323,0.22670426637941182
38,adaptshrink,1,-0.14652452229069768,-0.475005984349964,0.18195693976856864,-0.14890600170151527
38,adaptshrink,2,0.5004663583198632,0.16029251939966316,0.8406401972400632,0.8809093497170317
38,adaptshrink,3,0.3040316871620766,0.0606371822592337,0.5474261920649195,0.24953171473409405
38,adaptshrink,4,0.6572634162856782,0.3183928677937838,0.9961339647775727,0.6325126461758416
38,adaptshrink,5,0.44811149595642713,0.2262430825723891,0.6699799093404651,0.22670426637941182
39,common_DL,1,-0.47380888830895374,-0.8344610615656156,-0.1131567150522918,-0.3590126211389054
39,common_DL,2,-1.2272022819852777,-1.6228875441893589,-0.8315170197811965,-0.9741506844748008
39,common_DL,3,-0.16459154090033873,-0.668031739106884,0.33884865730620656,-0.1932417884718039
39,common_DL,4,-1.092275419868473,-1.4083875619001205,-0.7761632778368255,-0.9876628582854924
39,common_DL,5,0.3743532729848135,0.020941389167893953,0.7277651568017331,0.4005194782536863
39,comp_specific,1,-0.4639930444161481,-0.9495958665200692,0.021609777687773057,-0.3590126211389054
39,comp_specific,2,-1.3056336230063863,-1.518583241513328,-1.0926840044994446,-0.9741506844748008
39,comp_specific,3,-0.16835516402433665,-0.4437933807908104,0.10708305274213709,-0.1932417884718039
39,comp_specific,4,-1.0780255815361106,-1.460789100521712,-0.6952620625505093,-0.9876628582854924
39,comp_specific,5,0.3496066888328154,0.031038272970072722,0.6681751046955582,0.4005194782536863
39,adaptshrink,1,-0.47893028120669623,-0.8973790915293043,-0.06048147088408817,-0.3590126211389054
39,adaptshrink,2,-1.248787967977567,-1.6103545461448523,-0.8872213898102819,-0.9741506844748008
39,adaptshrink,3,-0.16500468728061557,-0.6082674981692645,0.27825812360803337,-0.1932417884718039
39,adaptshrink,4,-1.0654839205109823,-1.4376264583198077,-0.6933413827021568,-0.9876628582854924
39,adaptshrink,5,0.3681200925727977,0.011538324101046604,0.7247018610445488,0.4005194782536863
40,common_DL,1,0.7785964142115305,0.3881067828703414,1.1690860455527194,0.6456913520405048
40,common_DL,2,0.599845139332044,0.24514003970520548,0.9545502389588825,0.6204977256946339
40,common_DL,3,0.1417970294903143,-0.291147621003683,0.5747416799843117,0.10587823483413485
40,common_DL,4,-0.2638391003657146,-0.6592571458729966,0.13157894514156737,-0.2629386206455098
40,common_DL,5,1.0854150134560827,0.7571050318392791,1.4137249950728863,0.9634597787737554
40,comp_specific,1,0.7746333285737245,0.46877197691574707,1.080494680231702,0.6456913520405048
40,comp_specific,2,0.5541507875029048,0.09683110463423944,1.0114704703715702,0.6204977256946339
40,comp_specific,3,0.10792279287002679,-0.06419752455259145,0.28004311029264506,0.10587823483413485
40,comp_specific,4,-0.3027889664138872,-0.6810004292157601,0.07542249638798565,-0.2629386206455098
40,comp_specific,5,0.9735901103612171,0.7191838204380873,1.227996400284347,0.9634597787737554
40,adaptshrink,1,0.775960689310774,0.4291499451776517,1.1227714334438963,0.6456913520405048
40,adaptshrink,2,0.575321313225351,0.17348176341771304,0.9771608630329889,0.6204977256946339
40,adaptshrink,3,0.13736252375338145,-0.23599845033308584,0.5107234978398487,0.10587823483413485
40,adaptshrink,4,-0.2845281189336992,-0.6720951359875849,0.1030388981201864,-0.2629386206455098
40,adaptshrink,5,1.0352121813893724,0.7277923419739765,1.3426320208047684,0.9634597787737554
41,common_DL,1,0.10500073388542547,-0.36430850957306027,0.5743099773439112,0.22574302297048787
41,common_DL,2,0.30114350573931736,-0.03110511306915692,0.6333921245477916,0.35785781210346895
41,common_DL,3,0.1575849473767052,-0.2652641672816711,0.5804340620350815,-0.09425002001830932
41,common_DL,4,0.05989204165486352,-0.34447657542317006,0.46426065873289707,0.10198778078565625
41,common_DL,5,0.4113209132721616,-0.03143634685763996,0.8540781734019631,0.5180905320133613
41,comp_specific,1,0.1621215725398017,-0.20825642742174189,0.5324995725013453,0.22574302297048787
41,comp_specific,2,0.28410361450641486,-0.1122729997463659,0.6804802287591956,0.35785781210346895
41,comp_specific,3,0.17306795301820949,-0.3316067394135244,0.6777426454499433,-0.09425002001830932
41,comp_specific,4,0.0244693738752792,-0.3697692621758656,0.418708009926424,0.10198778078565625
41,comp_specific,5,0.38161513122254004,0.19229754262438253,0.5709327198206975,0.5180905320133613
41,adaptshrink,1,0.12504946881186876,-0.30663047947141586,0.5567294170951534,0.22574302297048787
41,adaptshrink,2,0.2920353178453606,-0.07299076340610622,0.6570613990968274,0.35785781210346895
41,adaptshrink,3,0.16958230939829277,-0.2878375466974484,0.6270021654940339,-0.09425002001830932
41,adaptshrink,4,0.04361626183446779,-0.3600320721741258,0.44726459584306144,0.10198778078565625
41,adaptshrink,5,0.40794341913249654,0.019308887081304904,0.7965779511836881,0.5180905320133613
42,common_DL,1,-0.00010027417266941091,-0.28609590040317734,0.28589535205783856,0.16946432183618532
42,common_DL,2,-0.14666352154819143,-0.405358422541233,0.11203137944485012,-0.1847844544592031
42,common_DL,3,-0.3650387545810847,-0.6099728451940083,-0.12010466396816111,-0.2940172085770795
42,common_DL,4,0.39903216168593786,0.15665592811680037,0.6414083952550753,-0.16735610129620299
42,common_DL,5,-0.18582697285611885,-0.4199402843628237,0.048286338650586014,-0.0235618101483707
42,comp_specific,1,-0.0017649589304802316,-0.28481913595677666,0.2812892180958162,0.16946432183618532
42,comp_specific,2,-0.15532657217313056,-0.3848169953316774,0.07416385098541628,-0.1847844544592031
42,comp_specific,3,-0.39155506754874925,-0.6194697269003431,-0.16364040819715536,-0.2940172085770795
42,comp_specific,4,0.18283670523801085,-0.19992224931713268,0.5655956597931544,-0.16735610129620299
42,comp_specific,5,-0.16613008922636358,-0.3715183059299826,0.03925812747725543,-0.0235618101483707
42,adaptshrink,1,-0.0012409068912965227,-0.285621757355665,0.28313994357307193,0.16946432183618532
42,adaptshrink,2,-0.1536424351913374,-0.39879205482302577,0.09150718444035094,-0.1847844544592031
42,adaptshrink,3,-0.3822794828757176,-0.6184008661117072,-0.146158099639728,-0.2940172085770795
42,adaptshrink,4,0.24270821681108484,-0.09290338855584651,0.5783198221780161,-0.16735610129620299
42,adaptshrink,5,-0.17704825719589715,-0.3976016920882818,0.04350517769648746,-0.0235618101483707
43,common_DL,1,0.3284350644169489,0.04999139472006098,0.6068787341138369,0.37117411992365473
43,common_DL,2,-0.015899981753094677,-0.33684786273057543,0.305047899224386,0.44252823864674157
43,common_DL,3,0.2388163048800035,-0.1763309121546653,0.6539635219146722,0.18245147458880148
43,common_DL,4,-0.20092227702363727,-0.5334534364103458,0.1316088823630713,-0.5636149272542468
43,common_DL,5,-0.1841173059032503,-0.40449168890706644,0.03625707710056589,-0.09673035407960384
43,comp_specific,1,0.3208180426750275,0.1302049268056553,0.5114311585443997,0.37117411992365473
43,comp_specific,2,0.045266354407432444,-0.3961360358891815,0.48666874470404636,0.44252823864674157
43,comp_specific,3,0.24403345221195288,-0.10821028919873621,0.596277193622642,0.18245147458880148
43,comp_specific,4,-0.08226185736632925,-0.32732110056370883,0.1627973858310503,-0.5636149272542468
43,comp_specific,5,-0.18003565796894133,-0.3847694182380843,0.024698102300201613,-0.09673035407960384
43,adaptshrink,1,0.3296801386351847,0.08767859172390607,0.5716816855464633,0.37117411992365473
43,adaptshrink,2,0.029909369684537,-0.3693274229009375,0.4291461622700115,0.44252823864674157
43,adaptshrink,3,0.24050381041019114,-0.15384776693815316,0.6348553877585354,0.18245147458880148
43,adaptshrink,4,-0.13990729130261925,-0.4486520303478306,0.16883744774259207,-0.5636149272542468
43,adaptshrink,5,-0.18059389392106917,-0.39209676464458915,0.030908976802450805,-0.09673035407960384
44,common_DL,1,-0.49098018582811986,-0.7281343616354342,-0.2538260100208055,-0.4481207707277262
44,common_DL,2,-0.41592914326571134,-0.7087708738917864,-0.12308741263963624,0.08722313890237227
44,common_DL,3,-0.07317701650146946,-0.351968452026976,0.2056144190240371,-0.17971394005371377
44,common_DL,4,-0.011974334419420363,-0.24619638759458196,0.22224771875574123,0.07950763042533059
44,common_DL,5,-0.7839589052754661,-0.9794837161259681,-0.5884340944249641,-0.8407511894189267
44,comp_specific,1,-0.4735904413761225,-0.7188762783191822,-0.22830460443306277,-0.4481207707277262
44,comp_specific,2,-0.4258516132940584,-0.8422978771943388,-0.009405349393777962,0.08722313890237227
44,comp_specific,3,-0.0775685761215818,-0.3223383033893872,0.1672011511462236,-0.17971394005371377
44,comp_specific,4,-0.03916666103798888,-0.2524432291676122,0.17410990709163446,0.07950763042533059
44,comp_specific,5,-0.7742241507180706,-0.9251828801626641,-0.6232654212734771,-0.8407511894189267
44,adaptshrink,1,-0.48255964452998734,-0.7238699549100511,-0.24124933414992353,-0.4481207707277262
44,adaptshrink,2,-0.4296311167446868,-0.784418882939391,-0.07484335054998253,0.08722313890237227
44,adaptshrink,3,-0.07641160402226338,-0.3374457692403127,0.18462256119578596,-0.17971394005371377
44,adaptshrink,4,-0.02741641716379961,-0.25778392719045,0.2029510928628508,0.07950763042533059
44,adaptshrink,5,-0.7797852019301983,-0.9550306407384285,-0.6045397631219681,-0.8407511894189267
45,common_DL,1,-0.08799021387084555,-0.3811547805720307,0.20517435283033963,-0.17687922234886805
45,common_DL,2,-0.8296489195344265,-1.1872670300170045,-0.47203080905184863,0.02375913100294377
45,common_DL,3,-0.43418076463637234,-0.8679148245207782,-0.00044670475196650905,-0.4921132620052766
45,common_DL,4,0.004873192051537023,-0.37015681356306795,0.379903197666142,0.19331137902086
45,common_DL,5,-0.15858443092599317,-0.5151569796968989,0.1979881178449125,-0.025890682399755366
45,comp_specific,1,-0.09398386626241739,-0.2459320258282802,0.05796429330344541,-0.17687922234886805
45,comp_specific,2,-0.8953027339738433,-1.3883117201000341,-0.40229374784765237,0.02375913100294377
45,comp_specific,3,-0.448582118760385,-0.7122527916272098,-0.18491144589356023,-0.4921132620052766
45,comp_specific,4,0.041328009298652546,-0.6024131254806853,0.6850691440779904,0.19331137902086
45,comp_specific,5,-0.20161472221410678,-0.43678131343247445,0.03355186900426088,-0.025890682399755366
45,adaptshrink,1,-0.10513864162952996,-0.34067014323499734,0.13039285997593741,-0.17687922234886805
45,adaptshrink,2,-0.8776699823946696,-1.3118941067922059,-0.4434458579971334,0.02375913100294377
45,adaptshrink,3,-0.43983851634592575,-0.8249775186339972,-0.05469951405785434,-0.4921132620052766
45,adaptshrink,4,0.01620470921217182,-0.5021062888541479,0.5345157072784914,0.19331137902086
45,adaptshrink,5,-0.17667707032556373,-0.48459756774754886,0.1312434270964214,-0.025890682399755366
46,common_DL,1,0.633552217680146,0.123449486397606,1.143654948962686,0.5395759050894172
46,common_DL,2,-0.9848994680063511,-1.3311967131674582,-0.6386022228452439,-1.3352688409771685
46,common_DL,3,0.31080720963883735,-0.17219667826771073,0.7938110975453854,0.09382777023517581
46,common_DL,4,-0.13619803223518218,-0.5774826604768295,0.3050865960064651,-0.17294350293562072
46,common_DL,5,-0.1577460575948807,-0.6816740157215264,0.366181900531765,-0.0886964874340679
46,comp_specific,1,0.6377385465335221,0.3790469676205938,0.8964301254464504,0.5395759050894172
46,comp_specific,2,-1.14609705757469,-1.5821058624057387,-0.7100882527436414,-1.3352688409771685
46,comp_specific,3,0.17565686826979665,-0.5215205143298293,0.8728342508694226,0.09382777023517581
46,comp_specific,4,-0.16997798663858277,-0.5535545331314223,0.2135985598542568,-0.17294350293562072
46,comp_specific,5,-0.26855558614158725,-0.5843524156004583,0.04724124331728369,-0.0886964874340679
46,adaptshrink,1,0.6298399279746147,0.19088521015477294,1.0687946457944566,0.5395759050894172
46,adaptshrink,2,-1.0501808099115806,-1.4538576284810756,-0.6465039913420856,-1.3352688409771685
46,adaptshrink,3,0.25824896172775297,-0.309069775395361,0.8255676988508669,0.09382777023517581
46,adaptshrink,4,-0.15151015014239672,-0.5671447073352417,0.26412440705044826,-0.17294350293562072
46,adaptshrink,5,-0.18438420387218857,-0.676616736058983,0.3078483283146058,-0.0886964874340679
47,common_DL,1,0.21424643244412991,-0.26995520310316,0.6984480679914199,0.160537732037176
47,common_DL,2,0.09315933658611683,-0.39005196501623784,0.5763706381884715,0.13976442834443104
47,common_DL,3,0.3672151635138978,-0.023064788594332974,0.7574951156221286,0.5432209430501369
47,common_DL,4,0.11069463986886655,-0.3593136383423481,0.5807029180800812,0.1939394317095079
47,common_DL,5,-0.45317163030078816,-0.8437081474560137,-0.06263511314556264,-0.5440234012910317
47,comp_specific,1,0.20108095468918777,-0.14731131374602932,0.5494732231244048,0.160537732037176
47,comp_specific,2,0.06240995274792441,-0.5496219386631906,0.6744418441590394,0.13976442834443104
47,comp_specific,3,0.39803555500325016,0.030645117953085887,0.7654259920534144,0.5432209430501369
47,comp_specific,4,0.1851800601038223,-0.3951099230698787,0.7654700432775232,0.1939394317095079
47,comp_specific,5,-0.43144285232501944,-0.6417245465609701,-0.2211611580890688,-0.5440234012910317
47,adaptshrink,1,0.20806933980382192,-0.22762046304940303,0.6437591426570468,0.160537732037176
47,adaptshrink,2,0.07588014078380155,-0.4690517372989286,0.6208120188665317,0.13976442834443104
47,adaptshrink,3,0.38365392801117293,0.009725237503059814,0.757582618519286,0.5432209430501369
47,adaptshrink,4,0.15300992509568834,-0.3677926110387798,0.6738124612301565,0.1939394317095079
47,adaptshrink,5,-0.43753824696244753,-0.7441924377259881,-0.13088405619890703,-0.5440234012910317
48,common_DL,1,0.07547222858655946,-0.3428838390113831,0.49382829618450197,0.05517364162202736
48,common_DL,2,0.2700281218571929,-0.10498827382210163,0.6450445175364874,0.05381340465959768
48,common_DL,3,-0.16336307174402753,-0.631723700052623,0.3049975565645679,-0.15727633016103015
48,common_DL,4,-0.20788376854696944,-0.5642546628301603,0.14848712573622141,-0.29682734877205685
48,common_DL,5,-0.005518773966742982,-0.5242537426558856,0.5132161947223998,-0.18613893029189055
48,comp_specific,1,0.11741049795077191,-0.2677530044381774,0.5025740003397212,0.05517364162202736
48,comp_specific,2,0.2839847924111926,-0.018596748208515534,0.5865663330309008,0.05381340465959768
48,comp_specific,3,-0.15669296338807304,-0.4681737780760227,0.1547878512998766,-0.15727633016103015
48,comp_specific,4,-0.21670567387649445,-0.69210347325496,0.25869212550197107,-0.29682734877205685
48,comp_specific,5,-0.10559034724424676,-0.351902232044199,0.14072153755570546,-0.18613893029189055
48,adaptshrink,1,0.09836126336055587,-0.30917885606976314,0.5059013827908748,0.05517364162202736
48,adaptshrink,2,0.27543126033375637,-0.06561489361464873,0.6164774142821614,0.05381340465959768
48,adaptshrink,3,-0.15814648944830223,-0.5742784431755001,0.2579854642788957,-0.15727633016103015
48,adaptshrink,4,-0.21417535053618236,-0.6555636907303237,0.22721298965795894,-0.29682734877205685
48,adaptshrink,5,-0.04273972465516394,-0.5151467263091213,0.4296672769987934,-0.18613893029189055
49,common_DL,1,-0.372066777063478,-0.8690342193138717,0.12490066518691567,-0.29555610187384096
49,common_DL,2,-0.20458794215328774,-0.5492048211425783,0.14002893683600282,0.08064478007989449
49,common_DL,3,0.7523328709632725,0.3414235020258203,1.1632422399007247,0.6353140288767767
49,common_DL,4,-0.34969125630658415,-0.7801839989727732,0.08080148635960493,-0.7204468060346005
49,common_DL,5,-0.282421325789049,-0.7251887253194411,0.16034607374134308,-0.44941917404516674
49,comp_specific,1,-0.5168587841443925,-1.0920575225720395,0.05833995428325467,-0.29555610187384096
49,comp_specific,2,-0.21506903352330464,-0.5633128490333756,0.13317478198676636,0.08064478007989449
49,comp_specific,3,0.7272430418745968,0.5276010617939921,0.9268850219552014,0.6353140288767767
49,comp_specific,4,-0.4895878881034844,-1.166972668985507,0.18779689277853795,-0.7204468060346005
49,comp_specific,5,-0.3080264588940122,-0.4610103170717822,-0.15504260071624218,-0.44941917404516674
49,adaptshrink,1,-0.45450772972814074,-0.9908235953272884,0.08180813587100683,-0.29555610187384096
49,adaptshrink,2,-0.21044734709335133,-0.5569013137709238,0.13600661958422106,0.08064478007989449
49,adaptshrink,3,0.7454639579554986,0.40469259479028785,1.0862353211207094,0.6353140288767767
49,adaptshrink,4,-0.43932225230428706,-0.9933358982210143,0.11469139361244013,-0.7204468060346005
49,adaptshrink,5,-0.2850364863871253,-0.6625413023731845,0.09246832959893392,-0.44941917404516674
50,common_DL,1,-0.5462128641002251,-0.9100746032503808,-0.1823511249500694,-0.5176769372824763
50,common_DL,2,-0.5705443983594591,-0.9592987999492785,-0.1817899967696398,-0.3199956299444243
50,common_DL,3,1.6277187776514368,1.1428577903692694,2.112579764933604,1.4530519090590774
50,common_DL,4,0.6065948882526989,0.0714587316311972,1.1417310448742006,0.31667928575478377
50,common_DL,5,-0.1911493597552369,-0.5278583447607028,0.14555962525022903,-0.10473991828189015
50,comp_specific,1,-0.4999634955456862,-0.7218426764353204,-0.278084314656052,-0.5176769372824763
50,comp_specific,2,-0.5921598192967332,-1.1613014340278445,-0.02301820456562198,-0.3199956299444243
50,comp_specific,3,1.5573593463476398,1.354256764325675,1.7604619283696046,1.4530519090590774
50,comp_specific,4,0.5842882974618628,-0.05059840447614905,1.2191749993998746,0.31667928575478377
50,comp_specific,5,-0.12622025287111865,-0.38132588013578655,0.12888537439354925,-0.10473991828189015
50,adaptshrink,1,-0.5280488488282272,-0.8378786646336596,-0.21821903302279488,-0.5176769372824763
50,adaptshrink,2,-0.5967549331928451,-1.0780953865118366,-0.11541447987385378,-0.3199956299444243
50,adaptshrink,3,1.6130204219685993,1.1929511270822337,2.033089716854965,1.4530519090590774
50,adaptshrink,4,0.5973597301328136,0.02681678024639833,1.167902680019229,0.31667928575478377
50,adaptshrink,5,-0.15540700811642183,-0.47029559447669167,0.159481578243848,-0.10473991828189015
51,common_DL,1,0.30118773968171214,-0.05603718569000693,0.6584126650534312,0.47436531995166115
51,common_DL,2,-0.2105251646637426,-0.5889272565559025,0.1678769272284173,-0.11818551938427327
51,common_DL,3,-0.758111067421504,-1.1443676128087565,-0.3718545220342515,-0.7005967177889555
51,common_DL,4,-0.10857063229676955,-0.4754227271715457,0.2582814625780066,-0.07689597834128094
51,common_DL,5,0.6853425507940397,0.26380798419053797,1.1068771173975414,0.655922233164571
51,comp_specific,1,0.3177259059006018,-0.0502805500611847,0.6857323618623883,0.47436531995166115
51,comp_specific,2,-0.21591655915347766,-0.5435376039247359,0.1117044856177806,-0.11818551938427327
51,comp_specific,3,-0.7940807862340105,-1.2009232442763866,-0.3872383281916343,-0.7005967177889555
51,comp_specific,4,-0.14441039033878014,-0.6767414849809267,0.38792070430336645,-0.07689597834128094
51,comp_specific,5,0.6516027275245887,0.4230740899893238,0.8801313650598537,0.655922233164571
51,adaptshrink,1,0.31034632499718484,-0.05245362987439578,0.6731462798687655,0.47436531995166115
51,adaptshrink,2,-0.21282396545045132,-0.5670736400633416,0.14142570916243893,-0.11818551938427327
51,adaptshrink,3,-0.778999818357166,-1.1785535274928591,-0.37944610922147304,-0.7005967177889555
51,adaptshrink,4,-0.12490633988330252,-0.5882360561272584,0.33842337636065334,-0.07689597834128094
51,adaptshrink,5,0.6758828750353779,0.3196698717271435,1.0320958783436123,0.655922233164571
52,common_DL,1,0.3678855479176347,0.058940000754354016,0.6768310950809154,0.2959683505114325
52,common_DL,2,0.8202127073878218,0.5650892724362857,1.075336142339358,0.5742464013624446
52,common_DL,3,-0.21311339408600777,-0.47674240884489893,0.0505156206728834,-0.34421851273183307
52,common_DL,4,-0.04693505699493866,-0.2896129119697291,0.19574279797985178,0.053744980355593025
52,common_DL,5,0.24728535274313068,-0.11563408420314614,0.6102047896894075,0.12018842827262856
52,comp_specific,1,0.37163183847911746,0.05405771777237334,0.6892059591858616,0.2959683505114325
52,comp_specific,2,0.7810382582007738,0.47814298792691506,1.0839335284746325,0.5742464013624446
52,comp_specific,3,-0.21962264071316107,-0.45631478639798784,0.017069504971665678,-0.34421851273183307
52,comp_specific,4,-0.04549956173840411,-0.3047527320716139,0.21375360859480572,0.053744980355593025
52,comp_specific,5,0.2563178074994559,-0.23824658149524064,0.7508821964941523,0.12018842827262856
52,adaptshrink,1,0.3691797648018853,0.05732063276527882,0.6810388968384917,0.2959683505114325
52,adaptshrink,2,0.8043804167146918,0.5326363175128324,1.0761245159165513,0.5742464013624446
52,adaptshrink,3,-0.21654164330916428,-0.46900856789546785,0.035925281277139315,-0.34421851273183307
52,adaptshrink,4,-0.04619087899087926,-0.29614702062727893,0.20376526264552042,0.053744980355593025
52,adaptshrink,5,0.25669494044377295,-0.1594688629669862,0.6728587438545321,0.12018842827262856
53,common_DL,1,-0.3519651937006635,-0.7037464869937962,-0.000183900407530746,-0.19126653658615142
53,common_DL,2,-0.020998422364216812,-0.4340515305490025,0.3920546858205688,0.18425311269924674
53,common_DL,3,0.7607015532911549,0.38474842552727917,1.1366546810550306,0.5905086807725243
53,common_DL,4,0.27708117589915227,0.018980116601288954,0.5351822351970156,0.030423786071767784
53,common_DL,5,0.14741779238572894,-0.27751277841257826,0.5723483631840361,0.06867044853472977
53,comp_specific,1,-0.35150243979737417,-0.6372784558874671,-0.06572642370728116,-0.19126653658615142
53,comp_specific,2,-0.01947224438945863,-0.4387969387759284,0.3998524499970112,0.18425311269924674
53,comp_specific,3,0.7591136359948633,0.46900605989123334,1.0492212120984932,0.5905086807725243
53,comp_specific,4,0.22941342284801652,-0.09670920982044007,0.5555360555164731,0.030423786071767784
53,comp_specific,5,0.13384868369896424,-0.35060284479728643,0.6183002121952149,0.06867044853472977
53,adaptshrink,1,-0.3519087523476242,-0.6780472090984958,-0.02577029559675259,-0.19126653658615142
53,adaptshrink,2,-0.02047997545027283,-0.4356358482826139,0.3946758973820682,0.18425311269924674
53,adaptshrink,3,0.7601323257153297,0.410564774638191,1.1096998767924684,0.5905086807725243
53,adaptshrink,4,0.24617091366874463,-0.05216521203921112,0.5445070393767004,0.030423786071767784
53,adaptshrink,5,0.14210690625122305,-0.30566472026255587,0.589878532765002,0.06867044853472977
54,common_DL,1,0.3826154630477876,-0.0025806092899058886,0.7678115353854811,0.4758260441857632
54,common_DL,2,0.3183307530180034,0.007144971328697014,0.6295165347073097,0.3797628737910933
54,common_DL,3,0.19921549381082437,-0.211278665652819,0.6097096532744677,0.15366021362949503
54,common_DL,4,0.6341759670016098,0.2650411216516796,1.0033108123515402,0.6859898083810857
54,common_DL,5,0.8035176491204314,0.44571302307640226,1.1613222751644607,0.761092801326001
54,comp_specific,1,0.3607768951915278,0.06228580714533666,0.6592679832377188,0.4758260441857632
54,comp_specific,2,0.23900404618201407,0.01054893148162786,0.46745916088240025,0.3797628737910933
54,comp_specific,3,0.2045251974190483,-0.13848406001695807,0.5475344548550547,0.15366021362949503
54,comp_specific,4,0.6631144446317931,0.20417860864524046,1.1220502806183459,0.6859898083810857
54,comp_specific,5,0.7295645002656836,0.30310622122890535,1.156022779302462,0.761092801326001
54,adaptshrink,1,0.3743734141365106,0.016028036278618818,0.7327187919944024,0.4758260441857632
54,adaptshrink,2,0.28877498505289956,0.005054817759259034,0.57249515234654,0.3797628737910933
54,adaptshrink,3,0.20462074559622506,-0.18374140454366178,0.5929828957361118,0.15366021362949503
54,adaptshrink,4,0.6520693923081642,0.23951033830577456,1.0646284463105538,0.6859898083810857
54,adaptshrink,5,0.7603752474917511,0.3638077653366048,1.1569427296468975,0.761092801326001
55,common_DL,1,-0.06736571972370543,-0.5756681203214825,0.4409366808740717,-0.011065955951476537
55,common_DL,2,0.5705565584969011,0.19114958956180517,0.9499635274319971,0.43840305776717237
55,common_DL,3,-0.49421614333658115,-0.9377115132862812,-0.05072077338688108,-0.6393194915534957
55,common_DL,4,-0.012456928944104363,-0.43750261981174715,0.4125887619235384,0.3816394515570898
55,common_DL,5,0.01966775342760026,-0.3953008683282767,0.4346363751834772,0.20601913343584372
55,comp_specific,1,-0.22938583115506647,-0.853421944210987,0.39465028190085405,-0.011065955951476537
55,comp_specific,2,0.5808384992063051,0.33269128054567787,0.8289857178669324,0.43840305776717237
55,comp_specific,3,-0.5445246544674373,-0.9529063016884693,-0.13614300724640516,-0.6393194915534957
55,comp_specific,4,-0.18570789787953712,-0.5474717874475573,0.17605599168848307,0.3816394515570898
55,comp_specific,5,-0.0894382103261859,-0.5986672402165442,0.4197908195641723,0.20601913343584372
55,adaptshrink,1,-0.13498690304160027,-0.6881216246004156,0.4181478185172151,-0.011065955951476537
55,adaptshrink,2,0.5741661842541339,0.25232751421948685,0.896004854288781,0.43840305776717237
55,adaptshrink,3,-0.5188763608963554,-0.9491283462734683,-0.08862437551924235,-0.6393194915534957
55,adaptshrink,4,-0.07926204024627248,-0.4913131195712501,0.33278903907870516,0.3816394515570898
55,adaptshrink,5,-0.033191391137584125,-0.5030141066974795,0.43663132442231123,0.20601913343584372
56,common_DL,1,-0.2245115573189408,-0.48456102502712123,0.035537910389239646,-0.16082225569914746
56,common_DL,2,0.3027212337845946,-0.06536066893510728,0.6708031365042965,0.05459218934347123
56,common_DL,3,-1.1776341941868989,-1.4812870662557067,-0.873981322118091,-0.8870915254409276
56,common_DL,4,0.42368616188605324,0.09080977845080368,0.7565625453213027,0.195002992886412
56,common_DL,5,0.007458631082894213,-0.30861157993392907,0.32352884209971755,-0.04308443634759149
56,comp_specific,1,-0.2245601759905777,-0.44813292506089875,-0.0009874269202566899,-0.16082225569914746
56,comp_specific,2,0.2067417544668526,-0.048285177834435145,0.46176868676814037,0.05459218934347123
56,comp_specific,3,-1.2795041985156972,-1.6113689580663568,-0.9476394389650376,-0.8870915254409276
56,comp_specific,4,0.45485241693085193,0.007509101068442936,0.9021957327932609,0.195002992886412
56,comp_specific,5,-0.01609618468946314,-0.35996225230417556,0.3277698829252492,-0.04308443634759149
56,adaptshrink,1,-0.22301378061838345,-0.4652517836530119,0.019224222416244996,-0.16082225569914746
56,adaptshrink,2,0.2717897801592706,-0.0656730777551714,0.6092526380737125,0.05459218934347123
56,adaptshrink,3,-1.2213756117573327,-1.5490200726225498,-0.8937311508921154,-0.8870915254409276
56,adaptshrink,4,0.4440301314259759,0.0494543494519632,0.8386059133999886,0.195002992886412
56,adaptshrink,5,-0.005343586064019343,-0.3376064542388582,0.3269192821108195,-0.04308443634759149
57,common_DL,1,1.3607741516716811,1.0891045755917403,1.632443727751622,0.932018458561052
57,common_DL,2,-0.12564026191071243,-0.41875563597838444,0.1674751121569596,-0.12268359243611474
57,common_DL,3,0.34916400104244133,0.08246828816216917,0.6158597139227135,0.24192214559375444
57,common_DL,4,-0.11574334170252815,-0.34174775913833544,0.11026107573327912,-0.6080768504908491
57,common_DL,5,-1.2977221755923714,-1.480068264441266,-1.1153760867434768,-1.3246939604886818
57,comp_specific,1,1.4303234146061756,1.1024677987689668,1.7581790304433844,0.932018458561052
57,comp_specific,2,-0.08638617049942088,-0.3841753751980168,0.21140303419917506,-0.12268359243611474
57,comp_specific,3,0.35720000811437974,0.03898543471541138,0.6754145815133481,0.24192214559375444
57,comp_specific,4,-0.09304833555766873,-0.3536309391699275,0.16753426805459004,-0.6080768504908491
57,comp_specific,5,-1.3131127864196377,-1.4491598125187037,-1.1770657603205716,-1.3246939604886818
57,adaptshrink,1,1.4038855125500949,1.1011134368839528,1.706657588216237,0.932018458561052
57,adaptshrink,2,-0.10349451756777744,-0.3998357962663501,0.19284676113079519,-0.12268359243611474
57,adaptshrink,3,0.35245385534813883,0.060389957690201945,0.6445177530060757,0.24192214559375444
57,adaptshrink,4,-0.10389780426522147,-0.3503619324935987,0.14256632396315577,-0.6080768504908491
57,adaptshrink,5,-1.3045275283217148,-1.4636851346745514,-1.1453699219688782,-1.3246939604886818
58,common_DL,1,-0.7580594974947379,-1.059755746828683,-0.45636324816079293,-0.73978777885166
58,common_DL,2,0.9542261540359591,0.6302143466074146,1.2782379614645036,0.87056119958678
58,common_DL,3,-0.4281853033680194,-0.7411696954725204,-0.11520091126351834,-0.4829163064245993
58,common_DL,4,0.7557194289355237,0.4712259180866321,1.0402129397844153,0.4746077213778296
58,common_DL,5,1.2576987314875352,0.9593914154728513,1.556006047502219,1.3547097334567682
58,comp_specific,1,-0.7852226595251584,-1.1271214596238752,-0.44332385942644154,-0.73978777885166
58,comp_specific,2,0.9079578403327824,0.5558657296635203,1.2600499510020444,0.87056119958678
58,comp_specific,3,-0.2863739406682909,-0.7597090217902185,0.18696114045363665,-0.4829163064245993
58,comp_specific,4,0.7170404909707043,0.3747501453615521,1.0593308365798566,0.4746077213778296
58,comp_specific,5,1.2626453371436877,1.0042025653729594,1.521088108914416,1.3547097334567682
58,adaptshrink,1,-0.770050658773654,-1.0904006931821446,-0.4497006243651633,-0.73978777885166
58,adaptshrink,2,0.9317374656887496,0.5880354225829014,1.2754395087945978,0.87056119958678
58,adaptshrink,3,-0.37897696772587347,-0.760236980518453,0.002283045066706013,-0.4829163064245993
58,adaptshrink,4,0.7341738138195564,0.418155747475156,1.0501918801639567,0.4746077213778296
58,adaptshrink,5,1.2588172633294887,0.9789194733655446,1.5387150532934328,1.3547097334567682
59,common_DL,1,-0.42179368375748805,-0.8040004334226767,-0.03958693409229935,-0.37108167637239176
59,common_DL,2,-0.45472535222890187,-0.7353780171699142,-0.17407268728788944,-0.48293967432853546
59,common_DL,3,0.5893574925603353,0.1770189452648393,1.0016960398558314,0.7205591664717181
59,common_DL,4,0.3432492380393938,0.0541040288541248,0.6323944472246628,0.3161304699132076
59,common_DL,5,0.7356069486776549,0.4339712047187307,1.037242692636579,0.7192149155164816
59,comp_specific,1,-0.4748460708340283,-0.7929089882009284,-0.15678315346712823,-0.37108167637239176
59,comp_specific,2,-0.5468072109066489,-0.9442803602749592,-0.14933406153833845,-0.48293967432853546
59,comp_specific,3,0.5679202251542973,0.26819109391455404,0.8676493563940406,0.7205591664717181
59,comp_specific,4,0.35060766618330974,0.1125024656021664,0.5887128667644531,0.3161304699132076
59,comp_specific,5,0.7470810266436995,0.5581973263744172,0.9359647269129817,0.7192149155164816
59,adaptshrink,1,-0.4556445825715504,-0.8250172352863712,-0.08627192985672955,-0.37108167637239176
59,adaptshrink,2,-0.520463231916864,-0.8837387140643667,-0.1571877497693614,-0.48293967432853546
59,adaptshrink,3,0.5753443595734015,0.19504278737482755,0.9556459317719754,0.7205591664717181
59,adaptshrink,4,0.3402947234035339,0.07652721137074359,0.6040622354363242,0.3161304699132076
59,adaptshrink,5,0.7353024265638644,0.472840658734397,0.9977641943933317,0.7192149155164816
60,common_DL,1,-0.534822732994116,-0.8500464759442211,-0.21959899004401084,-0.49168837093102874
60,common_DL,2,0.10673793863786879,-0.2068440078566402,0.4203198851323778,0.4162501423121539
60,common_DL,3,0.046699349603379015,-0.24456485039965026,0.3379635496064083,0.2556389192361843
60,common_DL,4,-0.5031620349214979,-0.7167324273065986,-0.28959164253639724,-0.36808049662160114
60,common_DL,5,-0.48727811355955725,-0.7744098387817808,-0.20014638833733372,-0.29672378418945794
60,comp_specific,1,-0.5483161604996633,-0.7895178511600885,-0.30711446983923796,-0.49168837093102874
60,comp_specific,2,0.2734452211022276,-0.21491473316111165,0.7618051753655668,0.4162501423121539
60,comp_specific,3,0.06559058803684936,-0.14091343091869338,0.2720946069923921,0.2556389192361843
60,comp_specific,4,-0.4272868443975335,-0.5844080404698798,-0.2701656483251872,-0.36808049662160114
60,comp_specific,5,-0.4167656062441319,-0.6895264049735116,-0.1440048075147522,-0.29672378418945794
60,adaptshrink,1,-0.5389826882008723,-0.8208109870085235,-0.257154389393221,-0.49168837093102874
60,adaptshrink,2,0.21973397566244812,-0.18486658510624482,0.624334536431141,0.4162501423121539
60,adaptshrink,3,0.054695092698172076,-0.20218806654299998,0.31157825193934413,0.2556389192361843
60,adaptshrink,4,-0.46751440079328893,-0.6566714736095823,-0.27835732797699553,-0.36808049662160114
60,adaptshrink,5,-0.45355374236876195,-0.7358430825530476,-0.17126440218447625,-0.29672378418945794
61,common_DL,1,-0.23935749450037702,-0.7237404559833922,0.24502546698263816,-0.3040295100626059
61,common_DL,2,-0.49968416268658883,-0.9943532789948516,-0.00501504637832606,-0.5464447394803714
61,common_DL,3,0.30362601115555626,-0.18796613378032567,0.7952181560914382,0.2094626262450231
61,common_DL,4,0.6497571578233816,0.21076339667642285,1.0887509189703404,0.43282213551611165
61,common_DL,5,-0.628254880021621,-1.1157753996822848,-0.1407343603609572,-0.49098652644970864
61,comp_specific,1,-0.2916548281025807,-0.7221633172131063,0.13885366100794488,-0.3040295100626059
61,comp_specific,2,-0.5226642608727465,-1.0843505975815455,0.03902207583605244,-0.5464447394803714
61,comp_specific,3,0.3800913060938575,-0.22782127893208964,0.9880038911198046,0.2094626262450231
61,comp_specific,4,0.6879447054640158,0.2615623439713186,1.114327066956713,0.43282213551611165
61,comp_specific,5,-0.6184197399039184,-1.0254241048329928,-0.21141537497484403,-0.49098652644970864
61,adaptshrink,1,-0.26492337526108817,-0.7239228810058472,0.1940761304836709,-0.3040295100626059
61,adaptshrink,2,-0.506611900780628,-1.024883463063623,0.01165966150236708,-0.5464447394803714
61,adaptshrink,3,0.3495608041645212,-0.20582078187926078,0.9049423902083031,0.2094626262450231
61,adaptshrink,4,0.670523617763784,0.2379585022798899,1.1030887332476782,0.43282213551611165
61,adaptshrink,5,-0.6223042677207115,-1.07777928766093,-0.1668292477804929,-0.49098652644970864
62,common_DL,1,0.0635457539625556,-0.158901012282499,0.28599252020761023,0.17262435716316865
62,common_DL,2,-0.1316759650130344,-0.6690852380208914,0.4057333079948226,0.3127589167957053
62,common_DL,3,0.232834502732626,0.020247992532641423,0.44542101293261055,0.1793715507823401
62,common_DL,4,0.2911399957910373,-0.09171105797843893,0.6739910495605135,0.08886398065200495
62,common_DL,5,-0.5127316720325129,-0.8396233829410742,-0.18583996112395162,-0.3642736051663641
62,comp_specific,1,0.06505538262028605,-0.17315396569511643,0.3032647309356885,0.17262435716316865
62,comp_specific,2,-0.004803404025588591,-0.653491832533078,0.6438850244819009,0.3127589167957053
62,comp_specific,3,0.2663644265821613,0.03452804024739242,0.4982008129169302,0.1793715507823401
62,comp_specific,4,0.31170915158859813,-0.0625688810694095,0.6859871842466058,0.08886398065200495
62,comp_specific,5,-0.46155674414138115,-0.8070172494336486,-0.11609623884911369,-0.3642736051663641
62,adaptshrink,1,0.06269979064621742,-0.16887011511447553,0.29426969640691036,0.17262435716316865
62,adaptshrink,2,-0.07822530113811323,-0.6591454798564219,0.5026948775801955,0.3127589167957053
62,adaptshrink,3,0.24401542377329646,0.02315489870764406,0.4648759488389489,0.1793715507823401
62,adaptshrink,4,0.30081256008327506,-0.07766842840627142,0.6792935485728215,0.08886398065200495
62,adaptshrink,5,-0.5032817568348527,-0.8298143615304319,-0.17674915213927345,-0.3642736051663641
63,common_DL,1,-0.32882649718056484,-0.7922136481243827,0.13456065376325305,-0.22914692937236109
63,common_DL,2,0.04164106381578403,-0.3519562124464184,0.43523834007798645,0.1443806911906509
63,common_DL,3,-1.8528362475593818,-2.2163815231608828,-1.4892909719578806,-1.630192929004774
63,common_DL,4,-0.28360559943057134,-0.661022079197817,0.09381088033667423,-0.06122735928205151
63,common_DL,5,-0.04110943333427519,-0.4479419782791877,0.3657231116106373,-0.2152325391058128
63,comp_specific,1,-0.2957124636437065,-0.5639516208632478,-0.02747330642416529,-0.22914692937236109
63,comp_specific,2,0.09361104187797264,-0.43511331165887845,0.6223353954148237,0.1443806911906509
63,comp_specific,3,-1.8113063830162024,-2.0854052732584183,-1.5372074927739865,-1.630192929004774
63,comp_specific,4,-0.24791872882086452,-0.4633520306411704,-0.03248542700055862,-0.06122735928205151
63,comp_specific,5,-0.02683839851568215,-0.34014392079520844,0.28646712376384414,-0.2152325391058128
63,adaptshrink,1,-0.32561523515930646,-0.7237236873381533,0.07249321701954037,-0.22914692937236109
63,adaptshrink,2,0.07392661690950492,-0.4102679961761893,0.5581212299951992,0.1443806911906509
63,adaptshrink,3,-1.8327040193256374,-2.1550392387109456,-1.5103687999403292,-1.630192929004774
63,adaptshrink,4,-0.2724601605448992,-0.5870267330821968,0.04210641199239845,-0.06122735928205151
63,adaptshrink,5,-0.03562064146231131,-0.39965247752560373,0.3284111946009811,-0.2152325391058128
64,common_DL,1,-0.5013082916973757,-0.7567237235336184,-0.24589285986113302,-0.3840606766224794
64,common_DL,2,-0.52373439582302,-0.8456016207277557,-0.20186717091828416,-0.22441957137736035
64,common_DL,3,-0.06404600831284776,-0.3207126181863077,0.19262060156061214,-0.06119842568165288
64,common_DL,4,-0.8740127176285895,-1.1275063377057617,-0.6205190975514172,-0.45472605536148797
64,common_DL,5,0.1348200818911922,-0.2514757812873449,0.5211159450697294,0.43182834034626566
64,comp_specific,1,-0.4610824290452036,-0.6617825170792684,-0.2603823410111388,-0.3840606766224794
64,comp_specific,2,-0.47143443210479463,-0.8699645546739312,-0.07290430953565802,-0.22441957137736035
64,comp_specific,3,0.0059607593017373395,-0.22695728025323625,0.23887879885671093,-0.06119842568165288
64,comp_specific,4,-0.8503800889313868,-1.1702339612081527,-0.530526216654621,-0.45472605536148797
64,comp_specific,5,0.16433488641301974,-0.19800376998103386,0.5266735428070733,0.43182834034626566
64,adaptshrink,1,-0.48096886788385323,-0.708969714517612,-0.25296802125009443,-0.3840606766224794
64,adaptshrink,2,-0.5140348537603631,-0.862397912212925,-0.16567179530780102,-0.22441957137736035
64,adaptshrink,3,-0.033048724850510636,-0.27797643834791874,0.2118789886468975,-0.06119842568165288
64,adaptshrink,4,-0.8636805185195707,-1.1601497377012633,-0.5672112993378782,-0.45472605536148797
64,adaptshrink,5,0.14922426109076226,-0.23458734823277516,0.5330358704142997,0.43182834034626566
65,common_DL,1,0.12329855166237248,-0.2620782523514767,0.5086753556762217,0.10143048664186612
65,common_DL,2,0.1896741892217902,-0.14779920956802745,0.5271475880116079,0.14940070246373469
65,common_DL,3,0.4091186228326157,0.002257672123777976,0.8159795735414535,0.340302945842052
65,common_DL,4,0.052638320391960355,-0.2984695898706839,0.40374623065460463,0.197910453210168
65,common_DL,5,-0.6048794275877223,-0.9797778199230184,-0.2299810352524262,-0.429288124749676
65,comp_specific,1,0.050162466137474576,-0.10568323648164749,0.20600816875659664,0.10143048664186612
65,comp_specific,2,0.1878599241759249,-0.1486997257887216,0.5244195741405714,0.14940070246373469
65,comp_specific,3,0.3778309341248046,0.11379285596931382,0.6418690122802955,0.340302945842052
65,comp_specific,4,-0.062123697252008434,-0.637464488521985,0.5132170940179682,0.197910453210168
65,comp_specific,5,-0.48478311473226926,-0.7679361750769303,-0.20163005438760817,-0.429288124749676
65,adaptshrink,1,0.10717969633323834,-0.21062342157979244,0.42498281424626916,0.10143048664186612
65,adaptshrink,2,0.18581657557316852,-0.15662725548768627,0.5282604066340233,0.14940070246373469
65,adaptshrink,3,0.4005121551627985,0.02698155024885729,0.7740427600767397,0.340302945842052
65,adaptshrink,4,0.07941412366981199,-0.3782927021245292,0.5371209494641531,0.197910453210168
65,adaptshrink,5,-0.563589357905574,-0.9145727803948704,-0.21260593541627754,-0.429288124749676
66,common_DL,1,0.23270879246241843,-0.11073726573701387,0.5761548506618508,0.3176487990864857
66,common_DL,2,-0.3491698153438333,-0.6800201673323816,-0.01831946335528506,-0.340692087370741
66,common_DL,3,0.7597173960968008,0.3420633816213548,1.1773714105722468,0.4605368096684591
66,common_DL,4,-0.3282608178702314,-0.6485306952036498,-0.007990940536812985,-0.37238580231192925
66,common_DL,5,-0.24955243657982798,-0.6095549552256302,0.11045008206597426,-0.31033150371528023
66,comp_specific,1,0.26740417176698295,0.07218388695634559,0.4626244565776203,0.3176487990864857
66,comp_specific,2,-0.2188911068133183,-0.6529201623666113,0.21513794873997472,-0.340692087370741
66,comp_specific,3,0.6103054807975135,0.384940613855708,0.8356703477393189,0.4605368096684591
66,comp_specific,4,-0.26148124006211443,-0.6552094333775225,0.13224695325329355,-0.37238580231192925
66,comp_specific,5,-0.20122232951346627,-0.5014285050140271,0.09898384598709456,-0.31033150371528023
66,adaptshrink,1,0.23836550375799337,-0.07411233669443945,0.5508433442104261,0.3176487990864857
66,adaptshrink,2,-0.3118201276788924,-0.6945552988627158,0.07091504350493105,-0.340692087370741
66,adaptshrink,3,0.6932929742108584,0.3315930419188657,1.0549929065028512,0.4605368096684591
66,adaptshrink,4,-0.3200672827340258,-0.6685529585838752,0.028418393115823615,-0.37238580231192925
66,adaptshrink,5,-0.22732177430857795,-0.5613081797033834,0.10666463108622751,-0.31033150371528023
67,common_DL,1,0.26379091079484923,-0.07117086906502584,0.5987526906547243,0.41135195574760497
67,common_DL,2,0.46361459005903666,0.1432294137987391,0.7839997663193342,0.5116316093858171
67,common_DL,3,0.1253258515770977,-0.1702925968846738,0.4209443000388692,0.16467510921336984
67,common_DL,4,-0.050934030803744645,-0.30750973754950894,0.20564167594201965,0.19249868947313606
67,common_DL,5,0.6246216198157349,0.3104729690044367,0.9387702706270331,0.4944564015304795
67,comp_specific,1,0.26742989987217125,-0.033742361183951075,0.5686021609282936,0.41135195574760497
67,comp_specific,2,0.4325992795777915,0.09013580953768274,0.7750627496179002,0.5116316093858171
67,comp_specific,3,0.12713978458460012,-0.11143199399256598,0.36571156316176623,0.16467510921336984
67,comp_specific,4,-0.009296791472229116,-0.3059583365450146,0.28736475360055636,0.19249868947313606
67,comp_specific,5,0.5650530446601916,0.2705483311533851,0.859557758166998,0.4944564015304795
67,adaptshrink,1,0.26487705717052035,-0.059248355611974,0.5890024699530148,0.41135195574760497
67,adaptshrink,2,0.4445988127455318,0.11491808648967133,0.7742795390013923,0.5116316093858171
67,adaptshrink,3,0.12650181962420987,-0.14450205438564534,0.39750569363406507,0.16467510921336984
67,adaptshrink,4,-0.021592900983367053,-0.30463044095099534,0.2614446389842613,0.19249868947313606
67,adaptshrink,5,0.5997509753151535,0.2947353768764939,0.9047665737538131,0.4944564015304795
68,common_DL,1,-0.6120101272255859,-0.9381888054117007,-0.2858314490394711,-0.3464819799791168
68,common_DL,2,0.4395771983902952,0.2202416134191631,0.6589127833614272,0.5872174790821135
68,common_DL,3,0.6051286384647654,0.3533716722046689,0.8568856047248619,0.4868990198257456
68,common_DL,4,-0.1926978292027156,-0.4113294657873141,0.02593380738188289,-0.1984388103166463
68,common_DL,5,-1.1161460945930128,-1.4168959995210921,-0.8153961896649335,-0.8310968939438588
68,comp_specific,1,-0.6113929100008648,-0.9376778858719989,-0.2851079341297308,-0.3464819799791168
68,comp_specific,2,0.43957719839029513,0.22024161341916293,0.6589127833614273,0.5872174790821135
68,comp_specific,3,0.6053731243454294,0.3535945467555932,0.8571517019352657,0.4868990198257456
68,comp_specific,4,-0.15589273719823651,-0.4326133872229434,0.1208279128264704,-0.1984388103166463
68,comp_specific,5,-1.1090866056163244,-1.4245600569455088,-0.7936131542871401,-0.8310968939438588
68,adaptshrink,1,-0.6116034518323428,-0.937838170960893,-0.2853687327037926,-0.3464819799791168
68,adaptshrink,2,0.4395771983902946,0.2202416134191625,0.6589127833614267,0.5872174790821135
68,adaptshrink,3,0.6052897266322357,0.35352136736227374,0.8570580859021977,0.4868990198257456
68,adaptshrink,4,-0.17013979793035489,-0.42020562042158,0.07992602456087022,-0.1984388103166463
68,adaptshrink,5,-1.1114947006579428,-1.4200939349506783,-0.8028954663652074,-0.8310968939438588
69,common_DL,1,0.2175115522290778,-0.08432394444881114,0.5193470489069667,0.2208552390958485
69,common_DL,2,0.2903092625271081,-0.025246664284550357,0.6058651893387665,0.3124838043112407
69,common_DL,3,-0.09466995996680475,-0.43472165620495173,0.24538173627134222,-0.016820660215078692
69,common_DL,4,-0.6782986943768838,-1.0024116604243456,-0.3541857283294221,-0.00040955954318744743
69,common_DL,5,-0.08146454111303313,-0.3690739927687147,0.20614491054264844,-0.04375245252509468
69,comp_specific,1,0.22045821609056707,0.037042651901214446,0.4038737802799197,0.2208552390958485
69,comp_specific,2,0.2582559044925572,0.011137376230321627,0.5053744327547928,0.3124838043112407
69,comp_specific,3,-0.1137184992050646,-0.36692415442829135,0.13948715601816214,-0.016820660215078692
69,comp_specific,4,-1.0235031351724715,-1.5496812990224331,-0.49732497132250997,-0.00040955954318744743
69,comp_specific,5,-0.15944583654068062,-0.39707961486703414,0.07818794178567293,-0.04375245252509468
69,adaptshrink,1,0.21826325280112335,-0.03765024234984127,0.474176747952088,0.2208552390958485
69,adaptshrink,2,0.2735529220080217,-0.01881739220228451,0.565923236218328,0.3124838043112407
69,adaptshrink,3,-0.10175078684848182,-0.4118575526587441,0.20835597896178043,-0.016820660215078692
69,adaptshrink,4,-0.9010513203780802,-1.3396255884192807,-0.46247705233687975,-0.00040955954318744743
69,adaptshrink,5,-0.1269616767709786,-0.39185703218645973,0.13793367864450254,-0.04375245252509468
70,common_DL,1,-0.9200504454340356,-1.1491860659432174,-0.6909148249248537,-0.8789851410307105
70,common_DL,2,0.007695851274215307,-0.2900200969707051,0.30541179951913566,-0.4233171922411371
70,common_DL,3,0.8321055996273398,0.5028658709194944,1.1613453283351851,1.1896580605458233
70,common_DL,4,-0.2365629796224132,-0.5412065179016741,0.06808055865684762,0.029932566752080027
70,common_DL,5,0.5707333924648617,0.36476798407680333,0.77669880085292,0.42155344444294135
70,comp_specific,1,-0.9303488598377698,-1.1610918040004423,-0.6996059156750972,-0.8789851410307105
70,comp_specific,2,0.009568330787825666,-0.27679983110743256,0.29593649268308386,-0.4233171922411371
70,comp_specific,3,0.91780375477124,0.4586027093156816,1.3770048002267985,1.1896580605458233
70,comp_specific,4,-0.23736670169781812,-0.5377010469372855,0.06296764354164927,0.029932566752080027
70,comp_specific,5,0.5985417986052659,0.32787086795977327,0.8692127292507585,0.42155344444294135
70,adaptshrink,1,-0.9248542789275356,-1.1539043695623865,-0.6958041882926846,-0.8789851410307105
70,adaptshrink,2,0.008219426402025824,-0.28579492105758203,0.3022337738616337,-0.4233171922411371
70,adaptshrink,3,0.8572359138321035,0.4792411951803335,1.2352306324838735,1.1896580605458233
70,adaptshrink,4,-0.2369271021151175,-0.5397278912784674,0.06587368704823246,0.029932566752080027
70,adaptshrink,5,0.5828680370658832,0.3516986117454757,0.8140374623862907,0.42155344444294135
71,common_DL,1,-0.13615862922906422,-0.5676983857812562,0.2953811273231277,-0.10944500677781029
71,common_DL,2,-0.023348405094586994,-0.346165783539387,0.29946897335021294,-0.03125028752469217
71,common_DL,3,-0.09006190432448696,-0.4814373178439453,0.30131350919497135,0.05194399203679933
71,common_DL,4,-0.28520403279335527,-0.6912478547267806,0.1208397891400701,-1.088724143774014
71,common_DL,5,-0.4060446584064627,-0.7549941267588332,-0.05709519005409219,-0.4533904580447562
71,comp_specific,1,-0.14927111773753146,-0.5071913623648148,0.20864912688975182,-0.10944500677781029
71,comp_specific,2,-0.02603734007701934,-0.32498131058112434,0.27290663042708563,-0.03125028752469217
71,comp_specific,3,-0.07659191838586422,-0.42872554736391666,0.27554171059218824,0.05194399203679933
71,comp_specific,4,-0.25510514227105585,-0.8242849156516311,0.3140746311095194,-1.088724143774014
71,comp_specific,5,-0.38370424052130747,-0.627889582554694,-0.13951889848792096,-0.4533904580447562
71,adaptshrink,1,-0.13872711121009765,-0.5405143890820124,0.2630601666618171,-0.10944500677781029
71,adaptshrink,2,-0.023452473856470535,-0.333526477792316,0.2866215300793749,-0.03125028752469217
71,adaptshrink,3,-0.08525435816481923,-0.4578506844283159,0.2873419680986774,0.05194399203679933
71,adaptshrink,4,-0.2678126597696675,-0.756327678685677,0.22070235914634195,-1.088724143774014
71,adaptshrink,5,-0.39827472133202063,-0.6979677566741855,-0.09858168598985578,-0.4533904580447562
72,common_DL,1,0.9411108958093254,0.6789586529605885,1.2032631386580621,0.707845910533647
72,common_DL,2,-0.36254049836511165,-0.5986702997702,-0.12641069696002324,-0.3205940860665742
72,common_DL,3,0.20321504745247243,0.0005072944420980163,0.40592280046284684,0.3430463210267794
72,common_DL,4,-0.532181270542467,-0.8145112652013058,-0.24985127588362827,-0.8343931087763101
72,common_DL,5,0.23839547085988372,0.020910869659417297,0.45588007206035014,0.08709961178734267
72,comp_specific,1,0.9191973014760451,0.6845790425166267,1.1538155604354634,0.707845910533647
72,comp_specific,2,-0.30756220978140936,-0.5914813295114645,-0.023643090051354287,-0.3205940860665742
72,comp_specific,3,0.2464397836253375,0.05793435982857437,0.43494520742210063,0.3430463210267794
72,comp_specific,4,-0.4633575091341401,-0.8501585810304193,-0.07655643723786093,-0.8343931087763101
72,comp_specific,5,0.2471097617249279,0.08778530333264584,0.40643422011721,0.08709961178734267
72,adaptshrink,1,0.929279342884541,0.6718071680250604,1.1867515177440215,0.707845910533647
72,adaptshrink,2,-0.3306442407880179,-0.5945027830704646,-0.06678569850557126,-0.3205940860665742
72,adaptshrink,3,0.22879149077989797,0.03327688970761658,0.4243060918521794,0.3430463210267794
72,adaptshrink,4,-0.5077043023029923,-0.8385056120769111,-0.1769029925290736,-0.8343931087763101
72,adaptshrink,5,0.2405291105765233,0.04435469403359693,0.43670352711944965,0.08709961178734267
73,common_DL,1,-0.3637101081991593,-0.6290743247773913,-0.09834589162092727,-0.39156075866449835
73,common_DL,2,-0.0418431221027766,-0.38485503798679965,0.3011687937812464,-0.2339761588183206
73,common_DL,3,-0.6216558407207126,-0.9171421943365602,-0.32616948710486493,-0.5248528069307086
73,common_DL,4,0.13873695947491696,-0.15702600467697989,0.4344999236268138,-0.276763564369634
73,common_DL,5,-0.18678552618327884,-0.5622387347040195,0.1886676823374618,0.013435310236711635
73,comp_specific,1,-0.3672165007085239,-0.568086074011173,-0.16634692740587487,-0.39156075866449835
73,comp_specific,2,-0.11297964971459978,-0.5493519930907083,0.3233926936615087,-0.2339761588183206
73,comp_specific,3,-0.6014202284854726,-0.7864061986388429,-0.41643425833210235,-0.5248528069307086
73,comp_specific,4,0.16531506061036513,-0.17385431255808628,0.5044844337788166,-0.276763564369634
73,comp_specific,5,-0.26465899626613476,-0.7543034373598505,0.22498544482758093,0.013435310236711635
73,adaptshrink,1,-0.36366436689625514,-0.5970846656931355,-0.1302440680993749,-0.39156075866449835
73,adaptshrink,2,-0.08686913293453029,-0.48203797774608104,0.30829971187702043,-0.2339761588183206
73,adaptshrink,3,-0.6077242404415334,-0.8690534434432093,-0.34639503743985744,-0.5248528069307086
73,adaptshrink,4,0.15185756338428041,-0.16888199747488014,0.47259712424344097,-0.276763564369634
73,adaptshrink,5,-0.22686818756930804,-0.6576561682515243,0.2039197931129082,0.013435310236711635
74,common_DL,1,-0.13165455920897678,-0.5163886919493943,0.2530795735314407,-0.029795361262302082
74,common_DL,2,0.17855558536003335,-0.3208662514540187,0.6779774221740854,0.1744182944801459
74,common_DL,3,0.0813370473433104,-0.29134600285148615,0.4540200975381069,0.1637285014823671
74,common_DL,4,0.07331603225578268,-0.34340840399163364,0.49004046850319893,-0.44056004068390026
74,common_DL,5,-0.3584606683128129,-0.7927814158810171,0.07586007925539129,-0.419084351483105
74,comp_specific,1,-0.12629430060167382,-0.4906010925044275,0.2380124913010799,-0.029795361262302082
74,comp_specific,2,0.1624535876734608,-0.41648431449115025,0.7413914898380718,0.1744182944801459
74,comp_specific,3,0.08353011838141731,-0.28503352355943096,0.4520937603222656,0.1637285014823671
74,comp_specific,4,0.1118000132302779,-0.3378709200887701,0.5614709465493259,-0.44056004068390026
74,comp_specific,5,-0.35690109152390265,-0.7965426277368679,0.08274044468906266,-0.419084351483105
74,adaptshrink,1,-0.12832712811590555,-0.5038841820653372,0.24722992583352613,-0.029795361262302082
74,adaptshrink,2,0.17297841349636744,-0.3647129990472444,0.7106698260399793,0.1744182944801459
74,adaptshrink,3,0.08286122648760381,-0.287394598082496,0.4531170510577036,0.1637285014823671
74,adaptshrink,4,0.09479462445734527,-0.3394352268738686,0.5290244757885592,-0.44056004068390026
74,adaptshrink,5,-0.3576418214113856,-0.7943718332853347,0.07908819046256349,-0.419084351483105
75,common_DL,1,-0.16336599320560913,-0.6101173301279786,0.2833853437167604,-0.09103301015066473
75,common_DL,2,0.20169830176479714,-0.18043921860929168,0.583835822138886,0.31410084862875726
75,common_DL,3,0.5450652217798398,0.15543777936517156,0.9346926641945081,0.1079780538026877
75,common_DL,4,-0.2063375939915118,-0.5454942161253662,0.13281902814234264,-0.31094780230455854
75,common_DL,5,-0.24358671258008352,-0.6184238269856392,0.13125040182547215,-0.35929912704843536
75,comp_specific,1,-0.15068441335266702,-0.5030930035979757,0.2017241768926416,-0.09103301015066473
75,comp_specific,2,0.2359438963525129,-0.21892369153283148,0.6908114842378572,0.31410084862875726
75,comp_specific,3,0.4694456807643859,0.030512691417628246,0.9083786701111436,0.1079780538026877
75,comp_specific,4,-0.2388443056058329,-0.5412299375016216,0.06354132628995587,-0.31094780230455854
75,comp_specific,5,-0.2817840190059539,-0.6223771200352513,0.058809082023343395,-0.35929912704843536
75,adaptshrink,1,-0.16152607860083923,-0.5775845340621182,0.2545323768604397,-0.09103301015066473
75,adaptshrink,2,0.21658583010076538,-0.20781778883183183,0.6409894490333625,0.31410084862875726
75,adaptshrink,3,0.5128026309370646,0.08884210701333928,0.9367631548607899,0.1079780538026877
75,adaptshrink,4,-0.22259119015651396,-0.5445048873733926,0.09932250706036472,-0.31094780230455854
75,adaptshrink,5,-0.26493766161360466,-0.625692636127569,0.09581731290035961,-0.35929912704843536
76,common_DL,1,-1.1998724995917058,-1.513059573094527,-0.8866854260888846,-0.9562435675751252
76,common_DL,2,0.15711785858757057,-0.15004477868778257,0.46428049586292375,0.4058640366737274
76,common_DL,3,0.13653822160099646,-0.1311721362656695,0.40424857946766246,0.18865217523328887
76,common_DL,4,-0.07448216176461958,-0.3906406021409523,0.24167627861171315,-0.04964400829655063
76,common_DL,5,0.08003469709646194,-0.18048942719310046,0.34055882138602434,0.08789481180158935
76,comp_specific,1,-1.1826865223960494,-1.4764775670588797,-0.8888954777332192,-0.9562435675751252
76,comp_specific,2,0.2089117602813021,-0.056302746573310525,0.4741262671359147,0.4058640366737274
76,comp_specific,3,0.15621215076706396,-0.14686270837560017,0.4592870099097281,0.18865217523328887
76,comp_specific,4,-0.05824318916816716,-0.3653349481569177,0.24884856982058334,-0.04964400829655063
76,comp_specific,5,0.09469949773007752,-0.18237224671568875,0.3717712421758438,0.08789481180158935
76,adaptshrink,1,-1.1910053794401856,-1.4949829492617153,-0.8870278096186559,-0.9562435675751252
76,adaptshrink,2,0.17996219485565204,-0.1087699401526668,0.46869432986397086,0.4058640366737274
76,adaptshrink,3,0.14802216673209448,-0.1426350392503671,0.43867937271455604,0.18865217523328887
76,adaptshrink,4,-0.0649893404529581,-0.3783228426625357,0.24834416175661952,-0.04964400829655063
76,adaptshrink,5,0.08768576860010191,-0.18464401662615026,0.3600155538263541,0.08789481180158935
77,common_DL,1,0.385915767888787,0.13669316649196386,0.6351383692856102,0.2790143259345227
77,common_DL,2,0.45701972757266507,0.10479550092707252,0.8092439542182577,0.42625782726416145
77,common_DL,3,0.1292772704799881,-0.3796117699406621,0.6381663109006384,0.04500604071192843
77,common_DL,4,0.2752873361956973,-0.2223884768556612,0.7729631492470558,0.0844740671663934
77,common_DL,5,1.0255436032299352,0.8090170070288946,1.2420701994309757,0.8164808201384502
77,comp_specific,1,0.38453952575352596,0.09027238488182615,0.6788066666252257,0.2790143259345227
77,comp_specific,2,0.4668772099492542,0.137164894478065,0.7965895254204434,0.42625782726416145
77,comp_specific,3,0.12873109681664385,-0.3789346614790773,0.636396855112365,0.04500604071192843
77,comp_specific,4,0.2555519673937131,-0.3375300117901112,0.8486339465775374,0.0844740671663934
77,comp_specific,5,0.9756330229825844,0.8200228215118106,1.1312432244533581,0.8164808201384502
77,adaptshrink,1,0.3975804207953672,0.12471208874887746,0.670448752841857,0.2790143259345227
77,adaptshrink,2,0.4609211604776229,0.11808905925444163,0.8037532617008041,0.42625782726416145
77,adaptshrink,3,0.1268517250116511,-0.38145916043349803,0.6351626104568002,0.04500604071192843
77,adaptshrink,4,0.27031161434562373,-0.2489351069730132,0.7895583356642606,0.0844740671663934
77,adaptshrink,5,0.998932023683839,0.8130936295781482,1.1847704177895297,0.8164808201384502
78,common_DL,1,-0.016088829815979255,-0.3784196619568689,0.34624200232491037,0.148515217528096
78,common_DL,2,-0.1868459381227927,-0.5972474706521257,0.22355559440654027,-0.2206767386359875
78,common_DL,3,-0.2195328791641361,-0.5962677799851541,0.15720202165688196,0.003437460054922117
78,common_DL,4,-0.5840885946913261,-1.012199318097367,-0.15597787128528523,-0.4027513993010819
78,common_DL,5,-0.9713067030344347,-1.3526632078335745,-0.5899501982352948,-0.9922407393768204
78,comp_specific,1,0.03443974485033702,-0.15911224594337575,0.2279917356440498,0.148515217528096
78,comp_specific,2,-0.19151623711033555,-0.8099293414129161,0.4268968671922449,-0.2206767386359875
78,comp_specific,3,-0.10329184672487687,-0.29205299225363485,0.0854692988038811,0.003437460054922117
78,comp_specific,4,-0.3938457199117483,-0.886699024949542,0.09900758512604535,-0.4027513993010819
78,comp_specific,5,-0.9656251348267457,-1.2102109197846869,-0.7210393498688046,-0.9922407393768204
78,adaptshrink,1,0.015312579854876107,-0.29370395508472974,0.32432911479448195,0.148515217528096
78,adaptshrink,2,-0.1879047705809046,-0.7200008910147364,0.3441913498529272,-0.2206767386359875
78,adaptshrink,3,-0.18288355159824943,-0.489801683152529,0.12403457995603012,0.003437460054922117
78,adaptshrink,4,-0.4627302405799669,-0.9346588828658928,0.00919840170595898,-0.4027513993010819
78,adaptshrink,5,-0.9700182195923011,-1.3030970541299292,-0.636939385054673,-0.9922407393768204
79,common_DL,1,-0.05901243357330209,-0.36381884224868877,0.24579397510208456,0.11302504748690155
79,common_DL,2,-0.23254534365719315,-0.5708893530647462,0.1057986657503599,0.15000531678505757
79,common_DL,3,-0.060353173277473984,-0.4205592967187611,0.29985295016381314,-0.049162978020728
79,common_DL,4,0.38855819371009787,0.025073037571519574,0.7520433498486762,0.27186030554128404
79,common_DL,5,-0.10549066275188422,-0.49880473675052006,0.2878234112467516,-0.004525896129552645
79,comp_specific,1,-0.0767576517519399,-0.46424182712602496,0.3107265236221452,0.11302504748690155
79,comp_specific,2,-0.22027307784830713,-0.5796233595160073,0.13907720381939304,0.15000531678505757
79,comp_specific,3,-0.07121775029643473,-0.2998948507458199,0.15745935015295043,-0.049162978020728
79,comp_specific,4,0.31126914634943875,-0.02031987454753864,0.6428581672464162,0.27186030554128404
79,comp_specific,5,-0.09192097638485376,-0.5056220117930081,0.3217800590233006,-0.004525896129552645
79,adaptshrink,1,-0.09057210835905033,-0.43998399328333593,0.25883977656523527,0.11302504748690155
79,adaptshrink,2,-0.22663872045018374,-0.5766522431968142,0.1233748022964467,0.15000531678505757
79,adaptshrink,3,-0.06888635010940947,-0.3821934203815008,0.24442072016268185,-0.049162978020728
79,adaptshrink,4,0.34874866607020666,-0.0044553309988139,0.7019526631392272,0.27186030554128404
79,adaptshrink,5,-0.09995243172265175,-0.502567408594456,0.3026625451491526,-0.004525896129552645
80,common_DL,1,0.9575003651979133,0.5346089725071037,1.3803917578887228,0.8034698255568485
80,common_DL,2,0.37649093874950057,0.0720402123248019,0.6809416651741993,0.5169590372240027
80,common_DL,3,0.026055003302932478,-0.3326577577693372,0.38476776437520216,0.16093883040148277
80,common_DL,4,0.7856973296578257,0.41540566322777017,1.1559889960878813,0.31062933782632
80,common_DL,5,0.07245884196775199,-0.26763927381571406,0.41255695775121803,0.05512604496785049
80,comp_specific,1,0.8697811456783836,0.41688602269778924,1.322676268658978,0.8034698255568485
80,comp_specific,2,0.3949492672609503,0.12091722325034876,0.6689813112715519,0.5169590372240027
80,comp_specific,3,0.04956637782927287,-0.21586938493753605,0.3150021405960818,0.16093883040148277
80,comp_specific,4,0.9209718729497545,0.40506859126902295,1.4368751546304859,0.31062933782632
80,comp_specific,5,0.17252567481031297,-0.04962463444949752,0.3946759840701235,0.05512604496785049
80,adaptshrink,1,0.934827311082965,0.48958845838312903,1.380066163782801,0.8034698255568485
80,adaptshrink,2,0.38288768392586614,0.09364884187421507,0.6721265259775172,0.5169590372240027
80,adaptshrink,3,0.019029465934725653,-0.31891754309001635,0.35697647495946766,0.16093883040148277
80,adaptshrink,4,0.857956119583541,0.40415162772732505,1.311760611439757,0.31062933782632
80,adaptshrink,5,0.13330279726429595,-0.15504846543659917,0.42165405996519106,0.05512604496785049
81,common_DL,1,-0.5773378726378298,-0.7955899033789202,-0.3590858418967393,-0.5263416451194702
81,common_DL,2,0.014150504750899524,-0.30328158950246487,0.3315825990042639,-0.3075005204432454
81,common_DL,3,0.5949968155003773,0.3161410908869435,0.8738525401138111,0.7625735521009741
81,common_DL,4,-0.4861429853523029,-0.7291409130113071,-0.2431450576932987,-0.3223735956475628
81,common_DL,5,0.12685378280355222,-0.12742306361677694,0.3811306292238814,-0.03275061022020697
81,comp_specific,1,-0.5449293677146536,-0.6907175644768673,-0.39914117095244,-0.5263416451194702
81,comp_specific,2,0.12627343887001014,-0.3478116360392635,0.6003585137792837,-0.3075005204432454
81,comp_specific,3,0.5984205270798606,0.22046746525197425,0.976373588907747,0.7625735521009741
81,comp_specific,4,-0.4782670945671801,-0.7084141087599578,-0.2481200803744023,-0.3223735956475628
81,comp_specific,5,0.1488773738474606,-0.04438714169220814,0.34214188938712936,-0.03275061022020697
81,adaptshrink,1,-0.5600354947900781,-0.7530180485734834,-0.3670529410066727,-0.5263416451194702
81,adaptshrink,2,0.082709824848607,-0.29505747901327084,0.46047712871048485,-0.3075005204432454
81,adaptshrink,3,0.5934858033730634,0.25616134917115974,0.9308102575749672,0.7625735521009741
81,adaptshrink,4,-0.48249118680086484,-0.7190054421201476,-0.24597693148158203,-0.3223735956475628
81,adaptshrink,5,0.13580592583489356,-0.08903984950664781,0.36065170117643497,-0.03275061022020697
82,common_DL,1,0.31661496631522096,-0.043818886731848306,0.6770488193622902,0.17441273155329015
82,common_DL,2,-0.17903673435261108,-0.6020506780789963,0.2439772093737741,-0.5465904832651125
82,common_DL,3,0.03048078936997528,-0.37883821312441335,0.4397997918643639,-0.2187302756774064
82,common_DL,4,-0.022443010763055715,-0.5009481266385339,0.4560621051124225,0.23289276085829594
82,common_DL,5,0.5846982627456754,0.12906809882274245,1.0403284266686084,0.6234467778567238
82,comp_specific,1,0.2756647615730381,-0.13177365607290803,0.6831031792189842,0.17441273155329015
82,comp_specific,2,-0.19000959459154576,-0.7256571952263782,0.34563800604328665,-0.5465904832651125
82,comp_specific,3,-0.13305569282903673,-0.38249904274487584,0.11638765708680238,-0.2187302756774064
82,comp_specific,4,-0.031056890868925116,-0.7441402298578564,0.6820264481200061,0.23289276085829594
82,comp_specific,5,0.5539024472439186,0.24179262021290143,0.8660122742749357,0.6234467778567238
82,adaptshrink,1,0.2919232358032659,-0.08855935713145424,0.672405828737986,0.17441273155329015
82,adaptshrink,2,-0.2014123826293981,-0.6770145644237959,0.2741897991649997,-0.5465904832651125
82,adaptshrink,3,-0.04868220249089618,-0.38673796821884066,0.2893735632370483,-0.2187302756774064
82,adaptshrink,4,-0.03785083149850639,-0.613329914778534,0.5376282517815212,0.23289276085829594
82,adaptshrink,5,0.5703888737016557,0.1693797551890433,0.9713979922142681,0.6234467778567238
83,common_DL,1,-0.4998061123372023,-0.9192065246148714,-0.08040570005953318,-0.534020249943202
83,common_DL,2,0.8546419210424511,0.4447502072819434,1.2645336348029588,0.6387354981776733
83,common_DL,3,0.14333762035118724,-0.2675590596296108,0.5542343003319853,0.06547429016288916
83,common_DL,4,-0.019128833509383963,-0.40436602994509174,0.36610836292632387,-0.1899184392702984
83,common_DL,5,0.3065996264710722,-0.1114344531056426,0.724633706047787,0.5226011923909886
83,comp_specific,1,-0.4990594149936096,-0.8364768506676616,-0.16164197931955765,-0.534020249943202
83,comp_specific,2,0.6108598312434286,0.036710018861426996,1.1850096436254303,0.6387354981776733
83,comp_specific,3,0.11850985067087942,-0.19076572141558906,0.42778542275734793,0.06547429016288916
83,comp_specific,4,0.022443169549613007,-0.563495565017231,0.608381904116457,-0.1899184392702984
83,comp_specific,5,0.46142254513334596,0.27626043173039866,0.6465846585362933,0.5226011923909886
83,adaptshrink,1,-0.4997080816437923,-0.8864603579212748,-0.11295580536630989,-0.534020249943202
83,adaptshrink,2,0.7494011571757937,0.2675813619812615,1.231220952370326,0.6387354981776733
83,adaptshrink,3,0.13375006070595383,-0.23867807700933083,0.5061781984212385,0.06547429016288916
83,adaptshrink,4,-0.006783513997481741,-0.4805199481041057,0.46695292010914224,-0.1899184392702984
83,adaptshrink,5,0.3500472418892648,-0.0014114400038025,0.701505923782332,0.5226011923909886
84,common_DL,1,-0.6822792730532291,-1.0655658668608532,-0.29899267924560496,-0.9401907765819797
84,common_DL,2,0.06696055757305872,-0.25505532333211955,0.38897643847823693,-0.07469737615620228
84,common_DL,3,-1.0266216731882596,-1.3103031463975539,-0.7429401999789654,-1.131986934763125
84,common_DL,4,0.18857345286787822,-0.16480034918668687,0.5419472549224433,-0.04701118652867503
84,common_DL,5,1.1317786214513474,0.7506593836666979,1.512897859235997,1.0251622728533019
84,comp_specific,1,-0.6913619482973371,-0.9909057155689798,-0.3918181810256945,-0.9401907765819797
84,comp_specific,2,0.20452063124697625,-0.04543377388506578,0.4544750363790183,-0.07469737615620228
84,comp_specific,3,-0.9965258650867933,-1.2273161057054784,-0.7657356244681082,-1.131986934763125
84,comp_specific,4,0.35609393809887735,-0.05364826616050283,0.7658361423582576,-0.04701118652867503
84,comp_specific,5,1.152781535267961,0.8704415849180951,1.4351214856178267,1.0251622728533019
84,adaptshrink,1,-0.6686749387561899,-1.0226220040516765,-0.3147278734607034,-0.9401907765819797
84,adaptshrink,2,0.12889292103200484,-0.16632164501411556,0.42410748707812523,-0.07469737615620228
84,adaptshrink,3,-1.00623077775753,-1.2681825052399862,-0.7442790502750736,-1.131986934763125
84,adaptshrink,4,0.3033075085190018,-0.09708340640877794,0.7036984234467816,-0.04701118652867503
84,adaptshrink,5,1.143205005811472,0.8037621481602772,1.4826478634626667,1.0251622728533019
85,common_DL,1,0.11973742511565877,-0.24515056600741486,0.4846254162387324,0.07443262482898237
85,common_DL,2,0.020884393354235475,-0.5060027719382694,0.5477715586467404,-0.1693773778712993
85,common_DL,3,-0.15571956107897358,-0.6264825295687615,0.31504340741081427,-0.16900859146473693
85,common_DL,4,0.3545729290343852,-0.06495344340840381,0.7740993014771742,0.01382721315878321
85,common_DL,5,-1.2223088185071824,-1.7384616175322085,-0.7061560194821564,-1.0241478239064485
85,comp_specific,1,0.14521173305531915,-0.15259442521911254,0.44301789132975083,0.07443262482898237
85,comp_specific,2,-0.028340237628537712,-0.7540122173672192,0.6973317421101437,-0.1693773778712993
85,comp_specific,3,-0.19574780458450458,-0.36647992911205535,-0.025015680056953815,-0.16900859146473693
85,comp_specific,4,0.264735377720667,-0.2731922330729598,0.8026629885142939,0.01382721315878321
85,comp_specific,5,-1.2295610586211678,-1.5058890920017038,-0.9532330252406319,-1.0241478239064485
85,adaptshrink,1,0.1331331180770483,-0.1981853523095063,0.4644515884636029,0.07443262482898237
85,adaptshrink,2,-0.005911898538501603,-0.636286153771432,0.6244623566944288,-0.1693773778712993
85,adaptshrink,3,-0.15898131421790404,-0.5477271738490894,0.2297645454132813,-0.16900859146473693
85,adaptshrink,4,0.29949467327654283,-0.1855110040325415,0.7845003505856272,0.01382721315878321
85,adaptshrink,5,-1.223576161148534,-1.656032936391441,-0.7911193859056271,-1.0241478239064485
86,common_DL,1,0.3218344394956776,-0.041071586749475086,0.6847404657408303,0.3885348385660396
86,common_DL,2,0.9128846498148134,0.5593576242489049,1.266411675380722,0.7424020105942907
86,common_DL,3,0.43364244238672284,0.005655994995776903,0.8616288897776687,0.3942515505050375
86,common_DL,4,-0.5149759606683585,-0.8611786162166721,-0.1687733051200448,-0.3263634385078301
86,common_DL,5,-0.7977748339154492,-1.2697691458464269,-0.3257805219844716,-1.1079707720172796
86,comp_specific,1,0.3195997221062902,0.05859462054654663,0.5806048236660337,0.3885348385660396
86,comp_specific,2,0.9450415446845966,0.7655637673847417,1.1245193219844514,0.7424020105942907
86,comp_specific,3,0.40763342097728283,0.05624916598749541,0.7590176759670703,0.3942515505050375
86,comp_specific,4,-0.610188414267671,-1.1100805139943222,-0.11029631454101985,-0.3263634385078301
86,comp_specific,5,-0.780169204502598,-1.107730411182249,-0.4526079978229469,-1.1079707720172796
86,adaptshrink,1,0.3202651035221486,-0.006299458939758584,0.6468296659840558,0.3885348385660396
86,adaptshrink,2,0.9276537845203638,0.6309469212338141,1.2243606478069136,0.7424020105942907
86,adaptshrink,3,0.42704258191480626,0.025070984981990785,0.8290141788476217,0.3942515505050375
86,adaptshrink,4,-0.5915982509280305,-1.0471299085805685,-0.1360665932754926,-0.3263634385078301
86,adaptshrink,5,-0.7943070445613326,-1.2240898795635182,-0.364524209559147,-1.1079707720172796
87,common_DL,1,-0.06769378460738848,-0.5652669882566427,0.42987941904186566,-0.19806102444337637
87,common_DL,2,-0.04443499178701345,-0.40749922064891636,0.3186292370748895,-0.32174618181153497
87,common_DL,3,-0.302047097732961,-0.7055423309293075,0.10144813546338549,-0.35311838097792836
87,common_DL,4,-0.261214635648503,-0.6233911124026085,0.10096184110560247,0.034091747386453757
87,common_DL,5,0.058485642159081,-0.34101944865312395,0.457990732971286,-0.1998394395274981
87,comp_specific,1,-0.06429987016044081,-0.40940184611085856,0.28080210578997694,-0.19806102444337637
87,comp_specific,2,-0.026281983621430194,-0.4615825965382249,0.40901862929536453,-0.32174618181153497
87,comp_specific,3,-0.2949618814005853,-0.6993333864839206,0.10940962368275003,-0.35311838097792836
87,comp_specific,4,-0.2527588665551713,-0.6894372664340078,0.18391953332366517,0.034091747386453757
87,comp_specific,5,0.0768764983466311,-0.17332993805152355,0.3270829347447858,-0.1998394395274981
87,adaptshrink,1,-0.06495025635378252,-0.5249027846395555,0.39500227193199045,-0.19806102444337637
87,adaptshrink,2,-0.033679657161188634,-0.43532571626545197,0.3679664019430747,-0.32174618181153497
87,adaptshrink,3,-0.29835403714808933,-0.7023331012085732,0.10562502691239456,-0.35311838097792836
87,adaptshrink,4,-0.25645321800970056,-0.6641375680254087,0.15123113200600752,0.034091747386453757
87,adaptshrink,5,0.064111885352796,-0.28291528099996816,0.41113905170556014,-0.1998394395274981
88,common_DL,1,0.3924192516192198,0.02069438409193103,0.7641441191465086,0.3012779233558976
88,common_DL,2,0.9484799439276554,0.5801347411035703,1.3168251467517407,0.6659175417634903
88,common_DL,3,0.1298297099159574,-0.07446455002921681,0.33412396986113163,0.09767695004276646
88,common_DL,4,0.15555540201651882,-0.07590148744752942,0.38701229148056704,-0.43323901099198053
88,common_DL,5,0.06962487302384515,-0.11745869098549147,0.2567084370331818,0.2545319622344149
88,comp_specific,1,0.40480251990915056,-0.07545813331517481,0.8850631731334759,0.3012779233558976
88,comp_specific,2,0.9265715481432522,0.543183083206989,1.3099600130795153,0.6659175417634903
88,comp_specific,3,0.12637007385656315,-0.08284411643280057,0.3355842641459269,0.09767695004276646
88,comp_specific,4,0.15933787141157585,-0.06499170264303397,0.3836674454661857,-0.43323901099198053
88,comp_specific,5,0.07279519988378272,-0.10471752196211598,0.2503079217296814,0.2545319622344149
88,adaptshrink,1,0.3961623300224447,-0.03559252945828473,0.8279171895031742,0.3012779233558976
88,adaptshrink,2,0.9392805183884734,0.5647864858805771,1.3137745508963696,0.6659175417634903
88,adaptshrink,3,0.12845304625365386,-0.0779539297392555,0.3348600222465632,0.09767695004276646
88,adaptshrink,4,0.1573906938089647,-0.07068521387276958,0.385466601490699,-0.43323901099198053
88,adaptshrink,5,0.07132903500735377,-0.11109690015756557,0.2537549701722731,0.2545319622344149
89,common_DL,1,-0.617697465553547,-0.8565445202776453,-0.3788504108294487,-0.7918636458774945
89,common_DL,2,0.6705144593300928,0.4406182863812528,0.9004106322789328,0.2972551203380965
89,common_DL,3,0.10977052885891615,-0.06827527592573183,0.2878163336435641,0.09976899496654654
89,common_DL,4,-0.39968425311704076,-0.5585105681621483,-0.24085793807193323,-0.5274794851750344
89,common_DL,5,-0.4298398954347698,-0.6222380225719006,-0.23744176829763902,-0.5857089307174151
89,comp_specific,1,-0.6156048325096055,-0.8548031296476358,-0.3764065353715752,-0.7918636458774945
89,comp_specific,2,0.6706505872531088,0.4407528689746275,0.90054830553159,0.2972551203380965
89,comp_specific,3,0.10977308461029538,-0.06827272087769269,0.28781889009828343,0.09976899496654654
89,comp_specific,4,-0.3792558841338606,-0.5604680482821911,-0.19804371998553008,-0.5274794851750344
89,comp_specific,5,-0.4476801011512175,-0.6683800737488181,-0.22698012855361677,-0.5857089307174151
89,adaptshrink,1,-0.616849151734614,-0.8558571147477693,-0.37784118872145867,-0.7918636458774945
89,adaptshrink,2,0.6705696430129492,0.44067276241096465,0.9004665236149337,0.2972551203380965
89,adaptshrink,3,0.10977156491214063,-0.06827424019458744,0.2878173700188687,0.09976899496654654
89,adaptshrink,4,-0.39200267567663466,-0.5594345063412862,-0.22457084501198313,-0.5274794851750344
89,adaptshrink,5,-0.4339294859610539,-0.63550821179215,-0.2323507601299578,-0.5857089307174151
90,common_DL,1,-0.49294488921504376,-0.8672343206416966,-0.11865545778839087,-0.626149884351989
90,common_DL,2,-0.17610777030879282,-0.5123511088287651,0.1601355682111794,-0.16476860276221703
90,common_DL,3,-0.024565050447755032,-0.43583577783478517,0.3867056769392751,0.2007608230225659
90,common_DL,4,-0.5149163548225392,-0.9075318468991525,-0.12230086274592594,-0.34962494888589885
90,common_DL,5,-0.7139379710118032,-1.1010602415263944,-0.3268157004972121,-0.707191152644269
90,comp_specific,1,-0.43680121778583936,-0.8751393666388017,0.001536931067122882,-0.626149884351989
90,comp_specific,2,-0.1543720762049661,-0.6185783212794927,0.3098341688695605,-0.16476860276221703
90,comp_specific,3,-0.032073370096787235,-0.41155726202402115,0.3474105218304467,0.2007608230225659
90,comp_specific,4,-0.5075763426550266,-0.9476405406727508,-0.06751214463730243,-0.34962494888589885
90,comp_specific,5,-0.661189826196927,-0.9085920093812062,-0.4137876430126478,-0.707191152644269
90,adaptshrink,1,-0.47370451555759785,-0.8790540346979216,-0.06835499641727405,-0.626149884351989
90,adaptshrink,2,-0.1809849322728944,-0.5863273836250505,0.22435751907926174,-0.16476860276221703
90,adaptshrink,3,-0.02886148077433459,-0.4250668978000545,0.36734393625138534,0.2007608230225659
90,adaptshrink,4,-0.5117221677767103,-0.9261746973826306,-0.0972696381707901,-0.34962494888589885
90,adaptshrink,5,-0.6962665198790622,-1.0319618945511433,-0.3605711452069812,-0.707191152644269
91,common_DL,1,0.17541505746430217,-0.09008615444597642,0.4409162693745807,0.369310910234992
91,common_DL,2,0.49251054730955346,0.209024137496662,0.775996957122445,0.3408149709098369
91,common_DL,3,0.41334756598858324,0.18302783337256387,0.6436672986046026,0.20885383863863255
91,common_DL,4,-0.11191746765555063,-0.3964250294766215,0.17259009416552026,0.20528942040913722
91,common_DL,5,0.21322597963831835,-0.03013488584693305,0.45658684512356973,0.20716527518426583
91,comp_specific,1,0.04169471178180373,-0.33166579540537855,0.415055218968986,0.369310910234992
91,comp_specific,2,0.5027701231575861,0.2540626667677108,0.7514775795474613,0.3408149709098369
91,comp_specific,3,0.457533097533511,0.31632789185001353,0.5987383032170085,0.20885383863863255
91,comp_specific,4,-0.14847404717771404,-0.4565350122448404,0.1595869178894123,0.20528942040913722
91,comp_specific,5,0.20429892598500032,-0.015529231499900181,0.4241270834699008,0.20716527518426583
91,adaptshrink,1,0.08611930604377747,-0.2423041820609544,0.41454279414850936,0.369310910234992
91,adaptshrink,2,0.49646743061665943,0.2312395738967049,0.761695287336614,0.3408149709098369
91,adaptshrink,3,0.4299061004152722,0.23484757542305904,0.6249646254074854,0.20885383863863255
91,adaptshrink,4,-0.1419505384518953,-0.4304113997362271,0.1465103228324365,0.20528942040913722
91,adaptshrink,5,0.2095400802001436,-0.017453466747839652,0.4365336271481269,0.20716527518426583
92,common_DL,1,0.24141153936938842,-0.17378579530979704,0.6566088740485738,0.5554364243091462
92,common_DL,2,0.8069650753437458,0.4617680573452882,1.1521620933422034,0.8139587971454504
92,common_DL,3,-0.21955525802916892,-0.5735423125087378,0.1344317964504,-0.031420360839416024
92,common_DL,4,0.15886049137039332,-0.24633600077435802,0.5640569835151447,0.10784279930011992
92,common_DL,5,0.7271534850968568,0.3136365427807079,1.1406704274130057,0.7791556815999462
92,comp_specific,1,0.08211279459436094,-0.5633327396401253,0.7275583288288472,0.5554364243091462
92,comp_specific,2,0.8775039238301001,0.4713604506134978,1.2836473970467024,0.8139587971454504
92,comp_specific,3,-0.16951957719735894,-0.5005180775622637,0.1614789231675458,-0.031420360839416024
92,comp_specific,4,0.16536488919322423,-0.3571663521268793,0.6878961305133278,0.10784279930011992
92,comp_specific,5,0.7792300386584436,0.5888147276700357,0.9696453496468516,0.7791556815999462
92,adaptshrink,1,0.14102129665400087,-0.4150117933791111,0.6970543866871128,0.5554364243091462
92,adaptshrink,2,0.8409251927684214,0.4681902747163422,1.2136601108205005,0.8139587971454504
92,adaptshrink,3,-0.20480097626317928,-0.5613120270876928,0.15171007456133423,-0.031420360839416024
92,adaptshrink,4,0.15937420050457043,-0.31417917262655026,0.6329275736356912,0.10784279930011992
92,adaptshrink,5,0.7366146215074155,0.39341981276969096,1.07980943024514,0.7791556815999462
93,common_DL,1,-0.7716028481895751,-1.0756499340564392,-0.467555762322711,-0.717322349322499
93,common_DL,2,-0.6293083654607337,-0.9445090452947206,-0.31410768562674674,-0.6210754038975569
93,common_DL,3,0.6076249345805093,0.25125964679573815,0.9639902223652803,0.5068872352641085
93,common_DL,4,-0.15053930412980074,-0.6128743273255209,0.3117957190659194,0.10343112831048067
93,common_DL,5,0.7451736216931298,0.3915794322074955,1.0987678111787642,0.8819535358215363
93,comp_specific,1,-0.7719066056250489,-1.0817646094159907,-0.462048601834107,-0.717322349322499
93,comp_specific,2,-0.6414674923687174,-0.9875460970363403,-0.29538888770109445,-0.6210754038975569
93,comp_specific,3,0.6090083753360439,0.413688468448682,0.8043282822234058,0.5068872352641085
93,comp_specific,4,-0.15692676930259897,-0.5591914226313823,0.2453378840261844,0.10343112831048067
93,comp_specific,5,0.6730126811455248,0.2653571775380033,1.0806681847530464,0.8819535358215363
93,adaptshrink,1,-0.7717541298317433,-1.0787283490145176,-0.46477991064896906,-0.717322349322499
93,adaptshrink,2,-0.6373197399703276,-0.9695672781632682,-0.30507220177738714,-0.6210754038975569
93,adaptshrink,3,0.6016796734255849,0.2829211625965741,0.9204381842545957,0.5068872352641085
93,adaptshrink,4,-0.15484126611159468,-0.5935980937149696,0.2839155614917803,0.10343112831048067
93,adaptshrink,5,0.7007598863930884,0.31478842011683716,1.0867313526693396,0.8819535358215363
94,common_DL,1,0.23690094861684846,-0.08427346051251405,0.558075357746211,0.2530572112937998
94,common_DL,2,-0.1453553867329471,-0.5051856413133943,0.21447486784750006,-0.27439717059276214
94,common_DL,3,-0.6323746011948921,-1.0155101173537748,-0.2492390850360094,-0.3593014062716444
94,common_DL,4,0.3669103182888222,-0.016854067720943666,0.7506747042985881,0.1292384662139353
94,common_DL,5,-1.0759657775388238,-1.567601304974709,-0.5843302501029386,-0.901977211468575
94,comp_specific,1,0.16489523034274806,-0.05126402643809114,0.38105448712358725,0.2530572112937998
94,comp_specific,2,-0.18134659304072007,-0.43765159144927324,0.07495840536783308,-0.27439717059276214
94,comp_specific,3,-0.5689901755835378,-1.0241070038390958,-0.11387334732797988,-0.3593014062716444
94,comp_specific,4,0.36743943521404426,-0.3030718735052494,1.037950743933338,0.1292384662139353
94,comp_specific,5,-1.1074655120264236,-1.3986950354547094,-0.8162359885981378,-0.901977211468575
94,adaptshrink,1,0.20745153631614677,-0.06712898706255255,0.4820320596948461,0.2530572112937998
94,adaptshrink,2,-0.16409944837526047,-0.4749641498138087,0.14676525306328775,-0.27439717059276214
94,adaptshrink,3,-0.5874613238652804,-1.0076681181941545,-0.16725452953640635,-0.3593014062716444
94,adaptshrink,4,0.42378680952481196,-0.10753208499059586,0.9551057040402198,0.1292384662139353
94,adaptshrink,5,-1.0874540164524387,-1.519518874651048,-0.6553891582538294,-0.901977211468575
95,common_DL,1,-0.6954301508949262,-1.0604904852733765,-0.33036981651647584,-0.6799699969329882
95,common_DL,2,0.34715161820240437,0.027968599013308504,0.6663346373915002,0.44726803962811756
95,common_DL,3,0.4019429140360681,0.03925417698686989,0.7646316510852662,0.17545404087096494
95,common_DL,4,0.0028489028501729463,-0.46785194770276617,0.4735497534031121,0.6085232766541623
95,common_DL,5,0.6770777764407122,0.3473784885708324,1.006777064310592,0.6866109074505593
95,comp_specific,1,-0.7427455893843432,-0.8984831787576405,-0.5870080000110459,-0.6799699969329882
95,comp_specific,2,0.30919505391785895,-0.13863328165154154,0.7570233894872594,0.44726803962811756
95,comp_specific,3,0.3623346372520664,0.1438712649577879,0.5807980095463449,0.17545404087096494
95,comp_specific,4,0.13934315900701785,-0.6196917046535236,0.8983780226675594,0.6085232766541623
95,comp_specific,5,0.6707824895007503,0.3497476450415524,0.9918173339599481,0.6866109074505593
95,adaptshrink,1,-0.7087002834179297,-1.0123957105529455,-0.4050048562829139,-0.6799699969329882
95,adaptshrink,2,0.3149727507505439,-0.09158466941987548,0.7215301709209632,0.44726803962811756
95,adaptshrink,3,0.39096874348832067,0.08154634885447859,0.7003911381221628,0.17545404087096494
95,adaptshrink,4,0.08342996293939756,-0.5173290115048974,0.6841889373836925,0.6085232766541623
95,adaptshrink,5,0.6790954352120585,0.3526279837445069,1.00556288667961,0.6866109074505593
96,common_DL,1,0.5067889066739544,0.18435106426146963,0.8292267490864391,0.6994693114476959
96,common_DL,2,0.8465459780189252,0.4553920455734549,1.2376999104643955,0.16636794619528966
96,common_DL,3,-0.7833228254783272,-1.1302573926571355,-0.4363882582995189,-0.5521246763194011
96,common_DL,4,0.12741382230002782,-0.12530335896943492,0.3801310035694906,0.012019256405090589
96,common_DL,5,0.14159325115275626,-0.12925345195220037,0.41243995425771285,0.1833304299951896
96,comp_specific,1,0.5167750908484257,0.20652868165082805,0.8270215000460233,0.6994693114476959
96,comp_specific,2,0.9622077694111448,0.22209395887792094,1.7023215799443687,0.16636794619528966
96,comp_specific,3,-0.8068501466139529,-1.1874512508059925,-0.42624904242191347,-0.5521246763194011
96,comp_specific,4,0.15268822368299095,-0.06942418397896435,0.37480063134494623,0.012019256405090589
96,comp_specific,5,0.10501925874364942,-0.03840621805838115,0.24844473554568,0.1833304299951896
96,adaptshrink,1,0.5152398224642578,0.20451664019295512,0.8259630047355605,0.6994693114476959
96,adaptshrink,2,0.9301325363220926,0.3968387330214095,1.4634263396227758,0.16636794619528966
96,adaptshrink,3,-0.7960797483899156,-1.1611680425060809,-0.4309914542737503,-0.5521246763194011
96,adaptshrink,4,0.14377504724703877,-0.09673551251325913,0.38428560700733666,0.012019256405090589
96,adaptshrink,5,0.13009363734857676,-0.09886430355062875,0.3590515782477823,0.1833304299951896
97,common_DL,1,0.6960670948008442,0.36255652934920385,1.0295776602524844,0.6509345602507401
97,common_DL,2,0.08555182422974486,-0.21496713496449557,0.38607078342398526,0.48628798862200806
97,common_DL,3,-0.21330026511221456,-0.5438062164149586,0.11720568619052957,-0.01935690256047681
97,common_DL,4,-0.5674536424340407,-0.8117353078900513,-0.32317197697803013,-0.34382462537711916
97,common_DL,5,0.35899974982968036,0.007531394896491128,0.7104681047628696,0.606407178052846
97,comp_specific,1,0.7123788250310549,0.4628255722219551,0.9619320778401547,0.6509345602507401
97,comp_specific,2,0.1582360999226415,-0.19001753975543803,0.5064897396007211,0.48628798862200806
97,comp_specific,3,-0.17142621932330004,-0.4885739076583764,0.1457214690117763,-0.01935690256047681
97,comp_specific,4,-0.5006955617310992,-0.7753148345992192,-0.22607628886297915,-0.34382462537711916
97,comp_specific,5,0.3506980783744831,0.10979505074369816,0.5916011060052679,0.606407178052846
97,adaptshrink,1,0.7032074993376922,0.4054488510617132,1.0009661476136713,0.6509345602507401
97,adaptshrink,2,0.1176275671532457,-0.20871096018231367,0.44396609448880503,0.48628798862200806
97,adaptshrink,3,-0.18906768295409548,-0.51476199075977,0.13662662485157911,-0.01935690256047681
97,adaptshrink,4,-0.5254260786688154,-0.7902532085434282,-0.2605989487942027,-0.34382462537711916
97,adaptshrink,5,0.3583107546620187,0.042764372002560724,0.6738571373214768,0.606407178052846
98,common_DL,1,-0.07687871904590046,-0.6092285464670109,0.4554711083752099,-0.1625709935734473
98,common_DL,2,-0.15237087823651704,-0.5450907331304878,0.24034897665745378,-0.3267959325350193
98,common_DL,3,-0.2016520366468626,-0.6249516199008305,0.22164754660710528,-0.18116315304065078
98,common_DL,4,-0.500838001259568,-0.9450102217933637,-0.05666578072577233,-0.6515598218638523
98,common_DL,5,-0.05436731291294469,-0.5874153369658027,0.4786807111399133,-0.18860629149649855
98,comp_specific,1,-0.09114720361983902,-0.4147582379821222,0.23246383074244414,-0.1625709935734473
98,comp_specific,2,-0.21877122896180345,-0.644699680941021,0.20715722301741418,-0.3267959325350193
98,comp_specific,3,-0.1770923486046692,-0.5314374375274543,0.17725274031811597,-0.18116315304065078
98,comp_specific,4,-0.4983930314494583,-0.9168909974422321,-0.0798950654566844,-0.6515598218638523
98,comp_specific,5,-0.0765804811768008,-0.4667300788137021,0.31356911646010044,-0.18860629149649855
98,adaptshrink,1,-0.078893433307608,-0.5527215354319762,0.39493466881676026,-0.1625709935734473
98,adaptshrink,2,-0.17815371825391435,-0.6005187510135579,0.24421131450572925,-0.3267959325350193
98,adaptshrink,3,-0.19619882535634178,-0.6101195634541878,0.21772191274150424,-0.18116315304065078
98,adaptshrink,4,-0.4987799826772501,-0.9387486743845269,-0.058811290969973284,-0.6515598218638523
98,adaptshrink,5,-0.062110531031535715,-0.5441547984052232,0.4199337363421517,-0.18860629149649855
99,common_DL,1,-0.8357266186796358,-1.1607109012072705,-0.5107423361520012,-0.8951774167662545
99,common_DL,2,0.15761977532955454,-0.125314533534401,0.44055408419351005,0.005013874091988687
99,common_DL,3,0.26938460981156287,0.016467389496300444,0.5223018301268253,0.2234256578290142
99,common_DL,4,0.7089486934595618,0.3933813815251996,1.024516005393924,0.3230398519166192
99,common_DL,5,0.3597045568669246,0.11219108158772806,0.6072180321461211,0.24678960915795148
99,comp_specific,1,-0.8467898336884213,-1.1206498613532627,-0.5729298060235799,-0.8951774167662545
99,comp_specific,2,0.14217325442173925,-0.21872819527571977,0.5030747041191983,0.005013874091988687
99,comp_specific,3,0.30696714838357436,0.1268592867220581,0.48707501004509063,0.2234256578290142
99,comp_specific,4,0.7541690421757735,0.3265590962863867,1.1817789880651604,0.3230398519166192
99,comp_specific,5,0.3648390673169061,0.11899421313409797,0.6106839214997142,0.24678960915795148
99,adaptshrink,1,-0.8401410870706655,-1.1414270400318254,-0.5388551341095056,-0.8951774167662545
99,adaptshrink,2,0.14675953366766253,-0.17412136582438387,0.46764043315970893,0.005013874091988687
99,adaptshrink,3,0.2888544208073586,0.07347765151588842,0.5042311900988288,0.2234256578290142
99,adaptshrink,4,0.7336856253490558,0.354497610831165,1.1128736398669465,0.3230398519166192
99,adaptshrink,5,0.36187466728140305,0.11583114183341991,0.6079181927293862,0.24678960915795148
100,common_DL,1,0.44456411059372347,0.07964224668874403,0.8094859744987029,0.35525014368777663
100,common_DL,2,0.3723750560120212,0.017162789403322387,0.72758732262072,-0.07981870378585716
100,common_DL,3,0.44802666402373054,0.15790202713076068,0.7381513009167004,0.4569326659709528
100,common_DL,4,0.02553811337648254,-0.366459523809711,0.41753575056267606,-0.2969359818566966
100,common_DL,5,0.6640381005395118,0.36932030977430225,0.9587558913047214,0.4312260532256545
100,comp_specific,1,0.43845867930496607,0.26149495686383517,0.615422401746097,0.35525014368777663
100,comp_specific,2,0.4485238765917194,0.15919680291656518,0.7378509502668735,-0.07981870378585716
100,comp_specific,3,0.39318165303945707,0.15751241200266408,0.62885089407625,0.4569326659709528
100,comp_specific,4,0.05627887336532389,-0.5005089528406426,0.6130666995712903,-0.2969359818566966
100,comp_specific,5,0.5945771414450916,0.24211995435853373,0.9470343285316494,0.4312260532256545
100,adaptshrink,1,0.4441116873504848,0.13605776520408386,0.7521656094968857,0.35525014368777663
100,adaptshrink,2,0.40988608224281187,0.08116461737231595,0.7386075471133078,-0.07981870378585716
100,adaptshrink,3,0.40937940274032125,0.1460256801335325,0.67273312534711,0.4569326659709528
100,adaptshrink,4,0.051118703696030054,-0.4350979210014332,0.5373353283934933,-0.2969359818566966
100,adaptshrink,5,0.6281770823151926,0.2889305089377767,0.9674236556926086,0.4312260532256545
101,common_DL,1,-1.0385127323382717,-1.4723350959958155,-0.6046903686807278,-1.048224100978491
101,common_DL,2,0.4752488389841665,-0.03187268500775042,0.9823703629760834,0.3398584037389209
101,common_DL,3,-0.041948738810752714,-0.41495460950898383,0.3310571318874784,-0.0030978204960368516
101,common_DL,4,0.19720915294806332,-0.42551093535517603,0.8199292412513026,0.24572483954446497
101,common_DL,5,-0.42567712840283867,-0.7719871796225437,-0.07936707718313363,-0.3721229642798836
101,comp_specific,1,-0.984642519943943,-1.1841565743735811,-0.7851284655143049,-1.048224100978491
101,comp_specific,2,0.6114152040782272,-0.37441735761165806,1.5972477657681126,0.3398584037389209
101,comp_specific,3,0.0018292708056854845,-0.24674788086404953,0.2504064224754205,-0.0030978204960368516
101,comp_specific,4,0.1828277144057862,-0.244443636275328,0.6100990650869005,0.24572483954446497
101,comp_specific,5,-0.4664314096236233,-0.6966966821172665,-0.23616613712998002,-0.3721229642798836
101,adaptshrink,1,-1.0306426691182762,-1.4032042340775788,-0.6580811041589736,-1.048224100978491
101,adaptshrink,2,0.5957108054433997,-0.131534638475035,1.3229562493618343,0.3398584037389209
101,adaptshrink,3,-0.007531124339717532,-0.32479518799013857,0.3097329393107035,-0.0030978204960368516
101,adaptshrink,4,0.19281454146335375,-0.36773965980887,0.7533687427355775,0.24572483954446497
101,adaptshrink,5,-0.445511259821463,-0.7316792838031386,-0.15934323583978738,-0.3721229642798836
102,common_DL,1,0.11431317924173193,-0.17798226668116282,0.4066086251646267,-0.03193067568219259
102,common_DL,2,-0.4635877340730533,-0.8119528128524206,-0.11522265529368603,-0.3085476232400043
102,common_DL,3,-0.775921342552834,-1.0752084342671324,-0.4766342508385356,-0.8762684980229268
102,common_DL,4,0.621091453912727,0.2816598507920151,0.9605230570334389,0.3286271194485335
102,common_DL,5,0.03863576617412004,-0.3681938566157482,0.44546538896398824,0.18819885776046005
102,comp_specific,1,0.017893994422045305,-0.3483173669401598,0.3841053557842504,-0.03193067568219259
102,comp_specific,2,-0.32869828945068785,-0.7714402204176387,0.114043641516263,-0.3085476232400043
102,comp_specific,3,-0.797639188832579,-1.0253458298917548,-0.5699325477734032,-0.8762684980229268
102,comp_specific,4,0.6920605441876189,0.33987906303919924,1.0442420253360385,0.3286271194485335
102,comp_specific,5,0.057247270985392736,-0.23193104654807967,0.3464255885188651,0.18819885776046005
102,adaptshrink,1,0.06721957274011048,-0.2578167487814908,0.39225589426171176,-0.03193067568219259
102,adaptshrink,2,-0.40883248910312664,-0.8000055142552874,-0.017659463950965848,-0.3085476232400043
102,adaptshrink,3,-0.7868424686127613,-1.0603385511776322,-0.5133463860478905,-0.8762684980229268
102,adaptshrink,4,0.6602421800861764,0.3138617414914106,1.0066226186809422,0.3286271194485335
102,adaptshrink,5,0.04657268040753479,-0.31346035567419295,0.4066057164892626,0.18819885776046005
103,common_DL,1,1.0037180933243595,0.7548129499386157,1.2526232367101031,0.8678073304956956
103,common_DL,2,-1.2759360515679807,-1.5013245228743126,-1.0505475802616489,-0.9253539617398665
103,common_DL,3,-0.40559887295045394,-0.7184628617001657,-0.09273488420074216,-0.3508065168974943
103,common_DL,4,0.016436038027376754,-0.2667771328177178,0.2996492088724713,-0.11212627899316871
103,common_DL,5,0.03287228893463906,-0.18907985148255776,0.2548244293518359,-0.03792739706877385
103,comp_specific,1,1.0423932204801354,0.7295100590074309,1.35527638195284,0.8678073304956956
103,comp_specific,2,-1.237823483082354,-1.5468607727653627,-0.9287861933993453,-0.9253539617398665
103,comp_specific,3,-0.4319576502953346,-0.7116118841084348,-0.15230341648223444,-0.3508065168974943
103,comp_specific,4,0.024683273636931874,-0.2617227068271605,0.3110892541010243,-0.11212627899316871
103,comp_specific,5,-0.04637315597986315,-0.30928408753519976,0.2165377755754735,-0.03792739706877385
103,adaptshrink,1,1.0219624066669772,0.738570249419908,1.3053545639140465,0.8678073304956956
103,adaptshrink,2,-1.2611225624171782,-1.5531450046026023,-0.9691001202317542,-0.9253539617398665
103,adaptshrink,3,-0.419794539817442,-0.7173017455174041,-0.12228733411747994,-0.3508065168974943
103,adaptshrink,4,0.019529915554857905,-0.26610141580328306,0.30516124691299884,-0.11212627899316871
103,adaptshrink,5,-0.02804541163648136,-0.29722157725904497,0.24113075398608227,-0.03792739706877385
104,common_DL,1,-0.502715437128958,-1.01480432059406,0.009373446336144009,-0.559159619590392
104,common_DL,2,0.29066954064125167,-0.2571790434687579,0.8385181247512612,-0.07802121784973384
104,common_DL,3,-0.9039075436735506,-1.2246985882223673,-0.5831164991247338,-1.0492460634628096
104,common_DL,4,-0.9487792762977403,-1.2696958558718947,-0.6278626967235857,-0.7032480118039289
104,common_DL,5,0.26835741833983945,-0.10673982783254499,0.6434546645122239,0.23824692791302543
104,comp_specific,1,-0.4707733048329516,-0.858696931866582,-0.08284967779932123,-0.559159619590392
104,comp_specific,2,0.30341000529756945,-0.6537645059683787,1.2605845165635174,-0.07802121784973384
104,comp_specific,3,-0.8870282382695798,-1.1926045263027198,-0.5814519502364396,-1.0492460634628096
104,comp_specific,4,-0.9347296034451487,-1.2357665067244594,-0.6336927001658379,-0.7032480118039289
104,comp_specific,5,0.2794515147102189,-0.04323215265918834,0.6021351820796261,0.23824692791302543
104,adaptshrink,1,-0.4936730096050333,-0.9592102556279678,-0.02813576358209885,-0.559159619590392
104,adaptshrink,2,0.2934455948329011,-0.44200704816335246,1.0288982378291547,-0.07802121784973384
104,adaptshrink,3,-0.8996218269876066,-1.2137016703041879,-0.5855419836710254,-1.0492460634628096
104,adaptshrink,4,-0.9428132852212303,-1.2539162839940659,-0.6317102864483949,-0.7032480118039289
104,adaptshrink,5,0.271455142183777,-0.07812678160895997,0.6210370659765139,0.23824692791302543
105,common_DL,1,-0.7650223893653472,-1.364727659995193,-0.16531711873550148,-0.7535588417276196
105,common_DL,2,0.4706080319011107,-0.019699089587279783,0.9609151533895013,0.4775035382215377
105,common_DL,3,1.0355510516072886,0.6322335455734341,1.4388685576411429,1.0198387032105622
105,common_DL,4,0.12122152325217846,-0.33211816082426704,0.5745612073286239,-0.22168327486754158
105,common_DL,5,0.12614014260772158,-0.31050413642031094,0.5627844216357542,0.24999338592039688
105,comp_specific,1,-0.7199657352142989,-1.0476426183575254,-0.3922888520710722,-0.7535588417276196
105,comp_specific,2,0.49843389213363803,0.028725027205322717,0.9681427570619534,0.4775035382215377
105,comp_specific,3,1.0729881007014712,0.771631638469443,1.3743445629334994,1.0198387032105622
105,comp_specific,4,0.14680147578761618,-0.32590042182034273,0.619503373395575,-0.22168327486754158
105,comp_specific,5,0.10237993835594375,-0.4149756184971004,0.6197354952089879,0.24999338592039688
105,adaptshrink,1,-0.752290334579691,-1.2834036021748356,-0.22117706698454642,-0.7535588417276196
105,adaptshrink,2,0.4807906652259667,-0.004307133645283123,0.9658884640972165,0.4775035382215377
105,adaptshrink,3,1.0594880090731071,0.7041243835179619,1.4148516346282523,1.0198387032105622
105,adaptshrink,4,0.13417575928763292,-0.33030487368003114,0.598656392255297,-0.22168327486754158
105,adaptshrink,5,0.12218690147468544,-0.34986453913077953,0.5942383420801504,0.24999338592039688
106,common_DL,1,-0.4112092694628923,-0.8284810862034344,0.006062547277649766,-0.21700303375848115
106,common_DL,2,-0.9993114266064917,-1.4249360842591559,-0.5736867689538276,-0.8535172768087234
106,common_DL,3,0.663679957138656,0.4133118069763751,0.914048107300937,0.6445252466410024
106,common_DL,4,-0.7188433026339749,-1.0175547542572054,-0.4201318510107443,-0.7864552221292281
106,common_DL,5,0.2509268879104684,-0.09677715570059803,0.5986309315215348,0.2242623735235921
106,comp_specific,1,-0.4014497619670945,-0.7538634233303231,-0.04903610060386587,-0.21700303375848115
106,comp_specific,2,-1.010481740762093,-1.3979392811340776,-0.6230242003901083,-0.8535172768087234
106,comp_specific,3,0.7005459054809788,0.49204867110347367,0.909043139858484,0.6445252466410024
106,comp_specific,4,-0.6698136923989827,-1.082176949283932,-0.25745043551403346,-0.7864552221292281
106,comp_specific,5,0.2710509190552334,-0.14789697670040514,0.6899988148108719,0.2242623735235921
106,adaptshrink,1,-0.40865361792247556,-0.7988419960878825,-0.018465239757068652,-0.21700303375848115
106,adaptshrink,2,-1.0035805670715046,-1.413349801007494,-0.593811333135515,-0.8535172768087234
106,adaptshrink,3,0.6760323267560225,0.4500795549804819,0.9019850985315632,0.6445252466410024
106,adaptshrink,4,-0.6942072870050919,-1.0563604533718058,-0.332054120638378,-0.7864552221292281
106,adaptshrink,5,0.2572740761377844,-0.09180996482284526,0.606358117098414,0.2242623735235921
107,common_DL,1,0.9032619731333049,0.6393930123315623,1.1671309339350475,0.9292453731384539
107,common_DL,2,-0.22628731537723268,-0.5007004058254539,0.048125775070988586,0.03525992588358375
107,common_DL,3,0.05635257146524886,-0.25674800267044406,0.3694531456009418,-0.07112038915300668
107,common_DL,4,0.5028045430214393,0.24812970909665621,0.7574793769462224,0.5243014101088248
107,common_DL,5,0.1789819659475319,-0.1008415208988005,0.4588054527938643,0.13539998967738193
107,comp_specific,1,0.9091434836978666,0.6797080451745342,1.1385789222211988,0.9292453731384539
107,comp_specific,2,-0.22101839361701972,-0.47442236107137736,0.032385573837337894,0.03525992588358375
107,comp_specific,3,0.08132939986202437,-0.2695632246027127,0.43222202432676143,-0.07112038915300668
107,comp_specific,4,0.46462194606611273,0.1342187645569905,0.7950251275752349,0.5243014101088248
107,comp_specific,5,0.1904226742123244,-0.044443394987451534,0.4252887434121003,0.13539998967738193
107,adaptshrink,1,0.9084839200228749,0.6602440391566224,1.1567238008891274,0.9292453731384539
107,adaptshrink,2,-0.22445615840946692,-0.4897220246811096,0.04080970786217575,0.03525992588358375
107,adaptshrink,3,0.07066846346617561,-0.26637053530294247,0.4077074622352937,-0.07112038915300668
107,adaptshrink,4,0.479496939843355,0.17784583105013962,0.7811480486365704,0.5243014101088248
107,adaptshrink,5,0.1840055511053564,-0.07526762750468116,0.44327872971539395,0.13539998967738193
108,common_DL,1,0.05823696507707303,-0.18744841647106664,0.30392234662521267,-0.135808553630264
108,common_DL,2,0.41048263199040746,0.021646451297267055,0.7993188126835479,0.03344573846150581
108,common_DL,3,0.6600523874176976,0.24676615712522348,1.0733386177101716,0.5609863337758904
108,common_DL,4,-0.6889178486335882,-1.0549933360344084,-0.32284236123276805,-0.6050657993921932
108,common_DL,5,0.2330876292474727,0.029937765757403784,0.43623749273754164,0.16730278035815566
108,comp_specific,1,0.05958014862882191,-0.15139021403983285,0.27055051129747665,-0.135808553630264
108,comp_specific,2,0.39634819657055936,-0.026581767073450058,0.8192781602145688,0.03344573846150581
108,comp_specific,3,0.6599141900058421,0.22685283126284322,1.0929755487488408,0.5609863337758904
108,comp_specific,4,-0.7247565660092926,-1.2575274854204421,-0.1919856465981432,-0.6050657993921932
108,comp_specific,5,0.174502850194179,-0.11810160397028985,0.46710730435864783,0.16730278035815566
108,adaptshrink,1,0.057513112278184064,-0.17152130278788977,0.2865475273442579,-0.135808553630264
108,adaptshrink,2,0.40329018019318874,-0.0006768628909102348,0.8072572232772877,0.03344573846150581
108,adaptshrink,3,0.6501106304160417,0.23403894355786425,1.066182317274219,0.5609863337758904
108,adaptshrink,4,-0.7460653488885352,-1.182460750852749,-0.3096699469243214,-0.6050657993921932
108,adaptshrink,5,0.22766051805010423,-0.02047556717006424,0.47579660327027273,0.16730278035815566
109,common_DL,1,0.6490148241338247,0.4388573745348975,0.859172273732752,0.6757887481114756
109,common_DL,2,0.5227827091681141,0.3510518639321839,0.6945135544040443,0.43319857137815587
109,common_DL,3,0.2862379627186612,0.057543207387528134,0.5149327180497942,0.3871669746454271
109,common_DL,4,-0.6196282993638781,-0.8400925700351408,-0.39916402869261536,-0.3242119570090202
109,common_DL,5,0.6463907529467318,0.4154069979100773,0.8773745079833862,0.6196379371443217
109,comp_specific,1,0.6455182800411037,0.41651387149097807,0.8745226885912293,0.6757887481114756
109,comp_specific,2,0.5221669427566947,0.3455392329029574,0.698794652610432,0.43319857137815587
109,comp_specific,3,0.2862109280602427,0.057508983847463085,0.5149128722730223,0.3871669746454271
109,comp_specific,4,-0.6196509129491377,-0.8401204013081066,-0.3991814245901687,-0.3242119570090202
109,comp_specific,5,0.646361483195534,0.4153693849835113,0.8773535814075567,0.6196379371443217
109,adaptshrink,1,0.6469345822883681,0.4274710636184724,0.8663981009582638,0.6757887481114756
109,adaptshrink,2,0.5224044597743202,0.3481855980819747,0.6966233214666656,0.43319857137815587
109,adaptshrink,3,0.2862213560266291,0.057522973371465114,0.5149197386817932,0.3871669746454271
109,adaptshrink,4,-0.6196421903049193,-0.8401090936815899,-0.39917528692824866,-0.3242119570090202
109,adaptshrink,5,0.6463727732949653,0.4153848085025907,0.87736073808734,0.6196379371443217
110,common_DL,1,0.01614147889692466,-0.3473202528430096,0.37960321063685887,0.06905353249054516
110,common_DL,2,0.38395854003600427,0.040199984928050214,0.7277170951439583,0.4265694374205358
110,common_DL,3,-0.15735844771184604,-0.5018675104194597,0.18715061499576757,-0.27400261546047333
110,common_DL,4,-0.4054103173842547,-0.7114639948117447,-0.09935663995676475,-0.5116513946565013
110,common_DL,5,-0.5319598598995706,-0.8393820405998216,-0.22453767919931972,-0.6220931420295027
110,comp_specific,1,-0.03031771344808029,-0.4949307888756006,0.43429536197943996,0.06905353249054516
110,comp_specific,2,0.37444837692353494,0.08701014603667728,0.6618866078103927,0.4265694374205358
110,comp_specific,3,-0.19249399086112765,-0.5400008184691638,0.1550128367469085,-0.27400261546047333
110,comp_specific,4,-0.39810836013161477,-0.7039745000248022,-0.09224222023842732,-0.5116513946565013
110,comp_specific,5,-0.5377421011670662,-0.8367227063303242,-0.2387614960038083,-0.6220931420295027
110,adaptshrink,1,0.016592304758489065,-0.39061210414190173,0.42379671365887983,0.06905353249054516
110,adaptshrink,2,0.37970924659951805,0.05866905128191946,0.7007494419171166,0.4265694374205358
110,adaptshrink,3,-0.17453586145250227,-0.517549558142381,0.16847783523737642,-0.27400261546047333
110,adaptshrink,4,-0.40066268299134783,-0.7066693469481786,-0.09465601903451704,-0.5116513946565013
110,adaptshrink,5,-0.5335657059320602,-0.8336723305996094,-0.23345908126451093,-0.6220931420295027
111,common_DL,1,-0.47739125015004913,-0.8584827989234209,-0.09629970137667726,-0.3148028702925149
111,common_DL,2,-0.14567552279279564,-0.49248215183307975,0.20113110624748845,-0.18060171942494424
111,common_DL,3,0.7183733281451863,0.37938180312181563,1.0573648531685569,0.6465400996815452
111,common_DL,4,0.3560245626692411,0.02649098516896009,0.6855581401695221,0.39727648015194295
111,common_DL,5,-0.17732352240975607,-0.5329262349787186,0.17827919015920646,0.12797079394134947
111,comp_specific,1,-0.33297030327748667,-0.7264830840640315,0.06054247750905817,-0.3148028702925149
111,comp_specific,2,-0.13520919457791736,-0.5283757456645325,0.2579573565086978,-0.18060171942494424
111,comp_specific,3,0.7354310892883893,0.590014431737497,0.8808477468392816,0.6465400996815452
111,comp_specific,4,0.27674186343420926,-0.2661159315578969,0.8195996584263154,0.39727648015194295
111,comp_specific,5,-0.18242995469124715,-0.5639903019483224,0.19913039256582818,0.12797079394134947
111,adaptshrink,1,-0.4066042096257617,-0.8274170423649649,0.01420862311344151,-0.3148028702925149
111,adaptshrink,2,-0.1438465819133523,-0.5156558753786445,0.22796271155193992,-0.18060171942494424
111,adaptshrink,3,0.7244872789327492,0.44847992052951374,1.0004946373359846,0.6465400996815452
111,adaptshrink,4,0.3379704905598763,-0.09497335854302902,0.7709143396627817,0.39727648015194295
111,adaptshrink,5,-0.17995040598219825,-0.5480381221619609,0.1881373101975644,0.12797079394134947
112,common_DL,1,0.12311776631053103,-0.2149355943935403,0.4611711270146024,0.30242178311273255
112,common_DL,2,0.34712194094879956,0.027512609673993826,0.6667312722236053,0.1863870570792272
112,common_DL,3,0.2540715947263178,-0.16434368490019646,0.672486874352832,0.49962561922761184
112,common_DL,4,0.026172104733760942,-0.21579169442033747,0.26813590388785935,-0.01630776329502423
112,common_DL,5,0.1878223920185487,-0.08245146261561473,0.4580962466527121,0.30263364339867754
112,comp_specific,1,0.13320318376193752,-0.1832023570435692,0.4496087245674442,0.30242178311273255
112,comp_specific,2,0.36038854365229833,0.0376490933900378,0.6831279939145589,0.1863870570792272
112,comp_specific,3,0.25204147467004534,-0.14517065050316896,0.6492535998432596,0.49962561922761184
112,comp_specific,4,0.07068783671214549,-0.1881553086162672,0.3295309820405582,-0.01630776329502423
112,comp_specific,5,0.202535889742274,-0.056749732060026314,0.4618215115445743,0.30263364339867754
112,adaptshrink,1,0.13004758344418355,-0.1989631598677421,0.4590583267561092,0.30242178311273255
112,adaptshrink,2,0.35857681708392886,0.03619999563716453,0.6809536385306931,0.1863870570792272
112,adaptshrink,3,0.256168106291489,-0.15930259515769807,0.6716388077406761,0.49962561922761184
112,adaptshrink,4,0.05482004133473757,-0.20198227267151342,0.31162235534098853,-0.01630776329502423
112,adaptshrink,5,0.20277038018936647,-0.06475721401575632,0.4702979743944893,0.30263364339867754
113,common_DL,1,-0.5783445898848757,-0.9008446542473463,-0.25584452552240516,-0.53590612925547
113,common_DL,2,0.2716859376864939,-0.1509200949950099,0.6942919703679977,0.5505232780474162
113,common_DL,3,-0.23701849800763286,-0.526465521923489,0.05242852590822339,-0.3295109786146179
113,common_DL,4,0.04789484850830256,-0.31811628419400556,0.4139059812106107,-0.10090117057457676
113,common_DL,5,-0.25408783490478204,-0.5715757011189145,0.06340003130935046,0.011348455357540964
113,comp_specific,1,-0.5994496677941087,-0.8686491492687409,-0.3302501863194765,-0.53590612925547
113,comp_specific,2,0.36560589850573993,-0.28177932930712674,1.0129911263186067,0.5505232780474162
113,comp_specific,3,-0.25307788280188004,-0.492451800108087,-0.013703965495673126,-0.3295109786146179
113,comp_specific,4,0.025898472244776066,-0.4561011760837068,0.507898120573259,-0.10090117057457676
113,comp_specific,5,-0.32897823650994085,-0.7864706527228832,0.1285141797030015,0.011348455357540964
113,adaptshrink,1,-0.57835884220383,-0.8738655069552083,-0.28285217745245184,-0.53590612925547
113,adaptshrink,2,0.3208770805687994,-0.19185842800422603,0.8336125891418248,0.5505232780474162
113,adaptshrink,3,-0.24276011600851158,-0.5065555006124377,0.021035268595414575,-0.3295109786146179
113,adaptshrink,4,0.028643166266293874,-0.39493428374368583,0.4522206162762736,-0.10090117057457676
113,adaptshrink,5,-0.3133420631089152,-0.7090983130206201,0.08241418680278967,0.011348455357540964
114,common_DL,1,-0.022255224866909673,-0.2097579546004677,0.16524750486664835,-0.09521530568302651
114,common_DL,2,0.08098048103709773,-0.07675334547019524,0.2387143075443907,-0.1677026591682876
114,common_DL,3,0.7415783911343536,0.5070840769341713,0.9760727053345359,0.7122663971387904
114,common_DL,4,0.6008078069983189,0.3902853698093411,0.8113302441872967,0.8423249885277856
114,common_DL,5,0.27146394084218484,0.08493804559201701,0.45798983609235266,0.3090206076684843
114,comp_specific,1,-0.04161526564519796,-0.25238687087837863,0.16915633958798268,-0.09521530568302651
114,comp_specific,2,0.02181294481594842,-0.20094983148698822,0.24457572111888506,-0.1677026591682876
114,comp_specific,3,0.7420638550311309,0.5061608326489249,0.977966877413337,0.7122663971387904
114,comp_specific,4,0.586415300409823,0.36642407940215366,0.8064065214174925,0.8423249885277856
114,comp_specific,5,0.2670958661248077,0.07869963631652552,0.4554920959330898,0.3090206076684843
114,adaptshrink,1,-0.03480849483280979,-0.23690428603616878,0.1672872963705492,-0.09521530568302651
114,adaptshrink,2,0.040511841419773986,-0.15740965276705013,0.2384333356065981,-0.1677026591682876
114,adaptshrink,3,0.741429277902967,0.5068727339072167,0.9759858218987173,0.7122663971387904
114,adaptshrink,4,0.5909167000910595,0.3751470874013691,0.8066863127807498,0.8423249885277856
114,adaptshrink,5,0.2688617975055909,0.08159434666707899,0.45612924834410284,0.3090206076684843
115,common_DL,1,-0.5485402818288707,-0.9652079457229101,-0.13187261793483135,-0.3396906211622076
115,common_DL,2,1.1196354005310143,0.8315042073107213,1.4077665937513073,0.9315013749335502
115,common_DL,3,-0.37708633574115835,-0.6648286786575395,-0.08934399282477723,-0.5428864687937446
115,common_DL,4,0.7828411014919587,0.4898999391169148,1.0757822638670027,0.46781236762721173
115,common_DL,5,-0.12275968092482914,-0.4011281324616226,0.15560877061196432,-0.23994796496538853
115,comp_specific,1,-0.525055942683087,-0.8798706357015977,-0.17024124966457616,-0.3396906211622076
115,comp_specific,2,1.129775941262261,0.84796369939211,1.411588183132412,0.9315013749335502
115,comp_specific,3,-0.37609600224159795,-0.6520583674945948,-0.10013363698860106,-0.5428864687937446
115,comp_specific,4,0.7851197050619783,0.5293359267176351,1.0409034834063213,0.46781236762721173
115,comp_specific,5,-0.1431539998402412,-0.46699021975324856,0.1806822200727662,-0.23994796496538853
115,adaptshrink,1,-0.5397432287630568,-0.9323803566478388,-0.14710610087827486,-0.3396906211622076
115,adaptshrink,2,1.124282640755465,0.8386951584265752,1.4098701230843547,0.9315013749335502
115,adaptshrink,3,-0.37744273300800085,-0.659201014821251,-0.09568445119475072,-0.5428864687937446
115,adaptshrink,4,0.783531288089089,0.5072781443267589,1.0597844318514191,0.46781236762721173
115,adaptshrink,5,-0.13588955905264138,-0.4392744483326323,0.16749533022734953,-0.23994796496538853
116,common_DL,1,0.024039269778949962,-0.27834496816204957,0.32642350771994944,-0.054151892273264106
116,common_DL,2,-0.4806511850870459,-1.0096784392519096,0.04837606907781783,-0.5481116782463201
116,common_DL,3,0.16882939950804804,-0.20493598518952288,0.5425947842056189,0.007739652994132812
116,common_DL,4,0.46217834592435825,0.08933105037162403,0.8350256414770925,0.16646175393348334
116,common_DL,5,0.03652784037293559,-0.34833187038223984,0.42138755112811105,-0.0790262504280546
116,comp_specific,1,-0.006998025670519312,-0.24818096872435613,0.23418491738331754,-0.054151892273264106
116,comp_specific,2,-0.47213862288303543,-1.3534229268767,0.4091456811106291,-0.5481116782463201
116,comp_specific,3,0.16358481839596622,-0.20354778643396598,0.5307174232258984,0.007739652994132812
116,comp_specific,4,0.4161014776310962,0.024591866381589667,0.8076110888806027,0.16646175393348334
116,comp_specific,5,0.07617799267975131,-0.21367119855870972,0.3660271839182123,-0.0790262504280546
116,adaptshrink,1,0.008778331141427124,-0.25902738293186894,0.2765840452147232,-0.054151892273264106
116,adaptshrink,2,-0.4749538994917387,-1.1770168885778918,0.22710908959441434,-0.5481116782463201
116,adaptshrink,3,0.16371071616548588,-0.20645994818114288,0.5338813805121146,0.007739652994132812
116,adaptshrink,4,0.4351998550355399,0.051758041443438374,0.8186416686276414,0.16646175393348334
116,adaptshrink,5,0.04374537489893221,-0.2957104212069247,0.3832011710047891,-0.0790262504280546
117,common_DL,1,0.37413511533109006,0.20502726862514614,0.543242962037034,0.30720460197494676
117,common_DL,2,0.64200949673153,0.3910652003084017,0.8929537931546583,0.25015750921969954
117,common_DL,3,0.4666657673844812,0.21530285444152858,0.7180286803274338,0.5413818711679321
117,common_DL,4,0.2998230058793978,-0.03223955937159101,0.6318855711303866,0.4158683963899877
117,common_DL,5,-0.1858824821139899,-0.36804989484916406,-0.0037150693788156885,-0.20401990580848672
117,comp_specific,1,0.3622760960514767,0.22809666943970255,0.4964555226632509,0.30720460197494676
117,comp_specific,2,0.5967850302657224,0.2368369084137799,0.9567331521176649,0.25015750921969954
117,comp_specific,3,0.4265716591096564,0.18453344737438715,0.6686098708449256,0.5413818711679321
117,comp_specific,4,0.28333130763027586,-0.1021596563006873,0.6688222715612391,0.4158683963899877
117,comp_specific,5,-0.17887892668171873,-0.4118493237808223,0.05409147041738485,-0.20401990580848672
117,adaptshrink,1,0.3686251943324832,0.21692485049104088,0.5203255381739256,0.30720460197494676
117,adaptshrink,2,0.6176750177583982,0.3129424746560529,0.9224075608607434,0.25015750921969954
117,adaptshrink,3,0.4508540959053093,0.20278776484898822,0.6989204269616304,0.5413818711679321
117,adaptshrink,4,0.29408242411038954,-0.05628893697699494,0.6444537851977741,0.4158683963899877
117,adaptshrink,5,-0.1832302706327643,-0.3958217547414152,0.02936121347588655,-0.20401990580848672
118,common_DL,1,0.5072557206289917,0.22329558588921466,0.7912158553687687,0.4466646000507877
118,common_DL,2,0.7856642582940994,0.4567414324062943,1.1145870841819043,0.6207211681096354
118,common_DL,3,-0.15833002632090373,-0.42671407335100353,0.1100540207091961,-0.24878158026276492
118,common_DL,4,0.5106929740222663,0.19884923949227956,0.822536708552253,0.3702256004068986
118,common_DL,5,-0.5910954691583896,-0.9720836879199356,-0.21010725039684364,-0.541234748074188
118,comp_specific,1,0.5321044736933369,0.34035366579965703,0.7238552815870167,0.4466646000507877
118,comp_specific,2,0.8491586910222102,0.4268868206097391,1.2714305614346813,0.6207211681096354
118,comp_specific,3,-0.1619177173353889,-0.35861273215542705,0.03477729748464925,-0.24878158026276492
118,comp_specific,4,0.3809091496053923,-0.060730540863508875,0.8225488400742935,0.3702256004068986
118,comp_specific,5,-0.6035219968042487,-0.9004675326506262,-0.3065764609578712,-0.541234748074188
118,adaptshrink,1,0.5122357539862252,0.27182190597252487,0.7526496019999256,0.4466646000507877
118,adaptshrink,2,0.8279742297540942,0.44303255179078105,1.2129159077174072,0.6207211681096354
118,adaptshrink,3,-0.16558056178241304,-0.40424901052237866,0.07308788695755258,-0.24878158026276492
118,adaptshrink,4,0.42271930551187825,0.026548016035827182,0.8188905949879293,0.3702256004068986
118,adaptshrink,5,-0.5931933526913279,-0.9488897158705705,-0.23749698951208525,-0.541234748074188
119,common_DL,1,0.31488688153007505,0.020311232265634138,0.609462530794516,0.3131604455569389
119,common_DL,2,-1.0860385708876983,-1.4516741380120282,-0.7204030037633684,-0.955577115288659
119,common_DL,3,-0.22636400140223442,-0.5359336519557099,0.08320564915124104,-0.21245791701284197
119,common_DL,4,-0.5291069367223653,-0.7474319796156796,-0.31078189382905097,-0.5149067284980088
119,common_DL,5,-0.834623821950444,-1.0474137402926724,-0.6218339036082157,-0.8269651259892933
119,comp_specific,1,0.3242375242969555,0.05366540900416272,0.5948096395897483,0.3131604455569389
119,comp_specific,2,-1.1354568291453586,-1.6317617709283345,-0.6391518873623828,-0.955577115288659
119,comp_specific,3,-0.2226410972989569,-0.49132161682152475,0.04603942222361099,-0.21245791701284197
119,comp_specific,4,-0.5357490852246354,-0.7320426102514738,-0.339455560197797,-0.5149067284980088
119,comp_specific,5,-0.8319762908813622,-1.030430011100988,-0.6335225706617362,-0.8269651259892933
119,adaptshrink,1,0.3183796296989184,0.03365003311758519,0.6031092262802517,0.3131604455569389
119,adaptshrink,2,-1.1149756930727817,-1.5467342614367792,-0.6832171247087842,-0.955577115288659
119,adaptshrink,3,-0.22589535431970792,-0.5215028782509276,0.06971216961151172,-0.21245791701284197
119,adaptshrink,4,-0.5330054185441737,-0.7397784183163891,-0.3262324187719583,-0.5149067284980088
119,adaptshrink,5,-0.837323268234049,-1.0429161615359543,-0.6317303749321437,-0.8269651259892933
120,common_DL,1,0.4862860772204774,0.09476476754733715,0.8778073868936176,0.5705033015280038
120,common_DL,2,-0.5782418551087978,-0.9173981619470666,-0.2390855482705289,-0.2898823788032508
120,common_DL,3,-0.27691625494808314,-0.6288687770156225,0.07503626711945621,-0.3857764669465639
120,common_DL,4,-0.4717418197626193,-0.7936722556910478,-0.14981138383419074,-0.30523057545981397
120,common_DL,5,0.24232729564204775,-0.14624082107478026,0.6308954123588757,0.18007096640555986
120,comp_specific,1,0.423502511707691,0.03720293564925636,0.8098020877661256,0.5705033015280038
120,comp_specific,2,-0.5614538019175122,-0.8034690071915639,-0.3194385966434604,-0.2898823788032508
120,comp_specific,3,-0.310518240646843,-0.607068536240804,-0.013967945052882014,-0.3857764669465639
120,comp_specific,4,-0.5705419141702829,-0.9381330873831157,-0.20295074095744997,-0.30523057545981397
120,comp_specific,5,0.23410385525969551,-0.1192533574577127,0.5874610679771037,0.18007096640555986
120,adaptshrink,1,0.45207373224435854,0.05948809586864112,0.844659368620076,0.5705033015280038
120,adaptshrink,2,-0.5720129050899129,-0.8679131567654852,-0.2761126534143405,-0.2898823788032508
120,adaptshrink,3,-0.2951338363659901,-0.623066409531608,0.03279873679962775,-0.3857764669465639
120,adaptshrink,4,-0.5257990860766764,-0.8789052862431405,-0.17269288591021226,-0.30523057545981397
120,adaptshrink,5,0.23790805059850004,-0.13612116993310105,0.6119372711301011,0.18007096640555986
121,common_DL,1,0.24952242718168796,0.030414087187734973,0.46863076717564095,0.13112011954176894
121,common_DL,2,-0.15048228934020663,-0.5746281222165552,0.27366354353614203,0.22505158687123542
121,common_DL,3,0.10041018205627943,-0.17424673789203327,0.37506710200459215,0.01992025145725448
121,common_DL,4,0.2651645737504853,-0.023759858321070138,0.5540890058220407,0.33377695869426416
121,common_DL,5,-0.26334585498261376,-0.39983015805399436,-0.12686155191123313,-0.3256019444758256
121,comp_specific,1,0.24473720306928043,0.03564339807838149,0.4538310080601794,0.13112011954176894
121,comp_specific,2,-0.06784508683616836,-0.6798855206005703,0.5441953469282337,0.22505158687123542
121,comp_specific,3,0.10002644275770871,-0.1700383543991119,0.37009123991452936,0.01992025145725448
121,comp_specific,4,0.26343376231513765,-0.021105899221252222,0.5479734238515275,0.33377695869426416
121,comp_specific,5,-0.2406819415854839,-0.43056507255602394,-0.050798810614943846,-0.3256019444758256
121,adaptshrink,1,0.247148270857727,0.03281172317420722,0.4614848185412468,0.13112011954176894
121,adaptshrink,2,-0.10481976342008711,-0.6076073600157661,0.3979678331755918,0.22505158687123542
121,adaptshrink,3,0.10018500160849529,-0.17222196725997357,0.3725919704769642,0.01992025145725448
121,adaptshrink,4,0.2642692495369652,-0.022787234060057615,0.551325733133988,0.33377695869426416
121,adaptshrink,5,-0.24950273454892025,-0.418319868826441,-0.08068560027139948,-0.3256019444758256
122,common_DL,1,0.09297888508760103,-0.24469086724448452,0.4306486374196866,0.029835426394092212
122,common_DL,2,-0.48738258397276935,-0.8806153689544892,-0.09414979899104947,-0.5200928178142892
122,common_DL,3,0.4828953409014703,0.17179986576623757,0.7939908160367031,0.11437309388446303
122,common_DL,4,-0.3198309761968137,-0.7419428104749954,0.10228085808136805,-0.417537758447103
122,common_DL,5,0.10949016294062254,-0.24715484346414823,0.4661351693453933,0.08884913508988822
122,comp_specific,1,0.11470421483551539,-0.07431729772500593,0.3037257273960367,0.029835426394092212
122,comp_specific,2,-0.4805709661238055,-0.9595754357972669,-0.0015664964503441237,-0.5200928178142892
122,comp_specific,3,0.4497384035413066,0.08833105220421006,0.8111457548784031,0.11437309388446303
122,comp_specific,4,-0.29903183911170184,-0.6162808845368657,0.018217206313461964,-0.417537758447103
122,comp_specific,5,0.049694766504728025,-0.12458265413159399,0.22397218714105005,0.08884913508988822
122,adaptshrink,1,0.1080606439356337,-0.18972221100891368,0.40584349888018106,0.029835426394092212
122,adaptshrink,2,-0.49222920714432733,-0.9246611693596052,-0.05979724492904953,-0.5200928178142892
122,adaptshrink,3,0.47587368989201506,0.1388910059150863,0.8128563738689438,0.11437309388446303
122,adaptshrink,4,-0.31522107296472185,-0.7068174736436255,0.07637532771418176,-0.417537758447103
122,adaptshrink,5,0.09927110367773412,-0.21571302342267373,0.41425523077814197,0.08884913508988822
123,common_DL,1,-0.6227696755600945,-0.9511997566096361,-0.294339594510553,-0.5965323597440129
123,common_DL,2,-0.2924343035602727,-0.5224834734094213,-0.06238513371112414,-0.3808814229665521
123,common_DL,3,0.25346409045134144,0.03087594936011198,0.4760522315425709,0.2841528084723506
123,common_DL,4,-0.04017219744715726,-0.32305925880906117,0.24271486391474661,-0.2456775501781139
123,common_DL,5,-0.24571255391559663,-0.5102815525566976,0.01885644472550438,-0.44426062312223463
123,comp_specific,1,-0.5756035116462714,-0.7944655490023202,-0.3567414742902226,-0.5965323597440129
123,comp_specific,2,-0.31007584359589413,-0.49147481004720284,-0.12867687714458542,-0.3808814229665521
123,comp_specific,3,0.2635226692461882,0.09562912278674776,0.4314162157056287,0.2841528084723506
123,comp_specific,4,-0.07423318048948513,-0.42966761642903567,0.2812012554500654,-0.2456775501781139
123,comp_specific,5,-0.22058328180982806,-0.5213052751928926,0.08013871157323654,-0.44426062312223463
123,adaptshrink,1,-0.6078468026442397,-0.8999250454635629,-0.3157685598249166,-0.5965323597440129
123,adaptshrink,2,-0.29812514479108443,-0.5031788065429057,-0.0930714830392631,-0.3808814229665521
123,adaptshrink,3,0.2593508746170591,0.06449982208710878,0.45420192714700935,0.2841528084723506
123,adaptshrink,4,-0.05319845253107311,-0.3717712938912566,0.26537438882911035,-0.2456775501781139
123,adaptshrink,5,-0.22586292351737963,-0.5063324279598912,0.05460658092513193,-0.44426062312223463
124,common_DL,1,0.24536594993073607,0.0057829195683630485,0.48494898029310907,0.5830223877302557
124,common_DL,2,1.0659457836229036,0.8229786369071499,1.3089129303386573,0.8010492168460996
124,common_DL,3,1.1878253061277622,1.0272873789714803,1.348363233284044,1.0663569232223298
124,common_DL,4,0.030851786468946374,-0.2241174489433025,0.28582102188119524,-0.027736316413926848
124,common_DL,5,-0.13460211749290413,-0.4114491974054646,0.14224496241965634,-0.034823621771382506
124,comp_specific,1,0.2732458598571746,0.013975896487305295,0.5325158232270439,0.5830223877302557
124,comp_specific,2,1.0508229563330516,0.7272436401899933,1.3744022724761098,0.8010492168460996
124,comp_specific,3,1.1836928655380652,1.013395209525208,1.3539905215509225,1.0663569232223298
124,comp_specific,4,0.03630883152739456,-0.20453881880940944,0.27715648186419856,-0.027736316413926848
124,comp_specific,5,-0.1358721847804859,-0.3902439874525713,0.11849961789159946,-0.034823621771382506
124,adaptshrink,1,0.257577008345715,0.006217223354350543,0.5089367933370794,0.5830223877302557
124,adaptshrink,2,1.0550266503739485,0.7692563284566867,1.3407969722912103,0.8010492168460996
124,adaptshrink,3,1.1856704450813877,1.0201576926731195,1.351183197489656,1.0663569232223298
124,adaptshrink,4,0.03330847217695343,-0.21506854006525575,0.28168548441916264,-0.027736316413926848
124,adaptshrink,5,-0.13497902290815322,-0.4045855322176536,0.13462748640134714,-0.034823621771382506
125,common_DL,1,0.06110766487127824,-0.34692741262047183,0.4691427423630283,-0.06426706044210088
125,common_DL,2,-0.6294708078198448,-0.9973044315327972,-0.26163718410689235,-0.6576450182743473
125,common_DL,3,-0.2835760218671003,-0.6192284248919964,0.05207638115779584,-0.1620599350767948
125,common_DL,4,0.6481894138338423,0.16336144166287841,1.1330173860048063,0.4764567193861237
125,common_DL,5,-0.06932048397600413,-0.4971739312135348,0.3585329632615266,-0.15726524492789734
125,comp_specific,1,1.2134518418277507e-05,-0.3848172714536757,0.38484154049051233,-0.06426706044210088
125,comp_specific,2,-0.6637156645155338,-1.1834616594665874,-0.1439696695644802,-0.6576450182743473
125,comp_specific,3,-0.3282033613194896,-0.5453992692805156,-0.11100745335846351,-0.1620599350767948
125,comp_specific,4,0.531320122325495,-0.11944930120870256,1.1820895458596925,0.4764567193861237
125,comp_specific,5,-0.15544881638859764,-0.358948904477876,0.048051271700680714,-0.15726524492789734
125,adaptshrink,1,0.023118075248103262,-0.3755923207430357,0.4218284712392423,-0.06426706044210088
125,adaptshrink,2,-0.6560710982982874,-1.1176374284198491,-0.19450476817672546,-0.6576450182743473
125,adaptshrink,3,-0.31455467184080116,-0.5894865888790115,-0.039622754802590754,-0.1620599350767948
125,adaptshrink,4,0.5799139308703019,0.009766645815745045,1.1500612159248587,0.4764567193861237
125,adaptshrink,5,-0.09738911270986515,-0.44580351254557715,0.2510252871258468,-0.15726524492789734
126,common_DL,1,0.17187847180599916,-0.2279778286982068,0.5717347723102051,0.2828998007981426
126,common_DL,2,0.052798803288632734,-0.27432647231325746,0.37992407889052293,0.1575661340089339
126,common_DL,3,-0.3113730522803987,-0.6214923861691244,-0.001253718391672931,-0.26690763461057354
126,common_DL,4,0.7545453286974559,0.41471517207800235,1.0943754853169096,1.112223794716468
126,common_DL,5,0.048285540933344,-0.25273486656714605,0.349305948433834,0.039502002847829024
126,comp_specific,1,0.183670801551242,-0.15000021884332299,0.517341821945807,0.2828998007981426
126,comp_specific,2,0.022992582241933568,-0.21384555334574057,0.2598307178296077,0.1575661340089339
126,comp_specific,3,-0.2669062200543324,-0.5558755104165496,0.022063070307884736,-0.26690763461057354
126,comp_specific,4,0.8496002611687613,0.486234109234976,1.2129664131025466,1.112223794716468
126,comp_specific,5,0.029156708945730053,-0.30691076628736214,0.3652241841788222,0.039502002847829024
126,adaptshrink,1,0.17373494935646716,-0.20326703208569968,0.5507369307986341,0.2828998007981426
126,adaptshrink,2,0.03996029411619238,-0.2489810697455544,0.3289016579779392,0.1575661340089339
126,adaptshrink,3,-0.29074976550350584,-0.5949977005299991,0.013498169522987435,-0.26690763461057354
126,adaptshrink,4,0.7915256741616572,0.4314870366556462,1.1515643116676682,1.112223794716468
126,adaptshrink,5,0.03369226553423482,-0.29264130143065464,0.3600258324991243,0.039502002847829024
127,common_DL,1,0.5080765883019301,0.13223430699994815,0.8839188696039122,0.5793022869793609
127,common_DL,2,-0.4708881632649452,-0.9434841730863235,0.0017078465564331347,-0.22519393557335304
127,common_DL,3,0.7956973446393149,0.39486694898208285,1.1965277402965468,0.707318325896353
127,common_DL,4,0.22373078233368926,-0.27624150615574083,0.7237030708231194,-0.01770057460828408
127,common_DL,5,-0.030016073654701658,-0.36752637651071113,0.3074942292013078,-0.10370583692676759
127,comp_specific,1,0.5086785921735046,0.16203734336803488,0.8553198409789744,0.5793022869793609
127,comp_specific,2,-0.4731091385347467,-0.9507672056398058,0.0045489285703124716,-0.22519393557335304
127,comp_specific,3,0.7030569776163267,0.25179069310144947,1.1543232621312038,0.707318325896353
127,comp_specific,4,0.07738987529031896,-0.3093690582941647,0.4641488088748026,-0.01770057460828408
127,comp_specific,5,-0.02158759985023742,-0.29598330498691605,0.25280810528644115,-0.10370583692676759
127,adaptshrink,1,0.5084889615839536,0.14678809979226032,0.8701898233756469,0.5793022869793609
127,adaptshrink,2,-0.4718565694320267,-0.9466812307783836,0.0029680919143302287,-0.22519393557335304
127,adaptshrink,3,0.7528812683980881,0.3226783833806762,1.1830841534154999,0.707318325896353
127,adaptshrink,4,0.1775945930207824,-0.29331960910558647,0.6485087951471513,-0.01770057460828408
127,adaptshrink,5,-0.026386030951616207,-0.3357350957659553,0.2829630338627228,-0.10370583692676759
128,common_DL,1,-0.2625732173379481,-0.555288191177474,0.0301417565015778,-0.4493478655949227
128,common_DL,2,0.5582718902225026,0.13600289130172888,0.9805408891432763,-0.32447982322866104
128,common_DL,3,0.43741003000361933,0.10738682122094911,0.7674332387862896,0.5585207061936318
128,common_DL,4,-0.32881326058977844,-0.7123382731865009,0.05471175200694395,-0.2803181859923386
128,common_DL,5,0.08013160666123043,-0.31439925834643256,0.4746624716688934,-0.20113679851260005
128,comp_specific,1,-0.2629919766362305,-0.5415555736777606,0.015571620405299691,-0.4493478655949227
128,comp_specific,2,0.6331343235939983,0.07430602966217692,1.1919626175258198,-0.32447982322866104
128,comp_specific,3,0.492207354252586,0.27572814146095403,0.708686567044218,0.5585207061936318
128,comp_specific,4,-0.3037960317998645,-0.7426098585682163,0.13501779496848731,-0.2803181859923386
128,comp_specific,5,0.0044852990005732896,-0.40564873493506126,0.4146193329362079,-0.20113679851260005
128,adaptshrink,1,-0.2610020886707032,-0.5448645798395639,0.022860402498157517,-0.4493478655949227
128,adaptshrink,2,0.6074632936856715,0.11801044281310802,1.096916144558235,-0.32447982322866104
128,adaptshrink,3,0.45589994772821585,0.17452759528414497,0.7372723001722867,0.5585207061936318
128,adaptshrink,4,-0.3080702330221854,-0.72068748402958,0.10454701798520932,-0.2803181859923386
128,adaptshrink,5,0.04802300660768167,-0.3593374963474174,0.45538350956278073,-0.20113679851260005
129,common_DL,1,-0.3871132513614006,-0.6235233093042587,-0.1507031934185425,-0.3073938725630488
129,common_DL,2,0.7272290646713842,0.31594054240663016,1.1385175869361381,0.4482110763520972
129,common_DL,3,0.03813494230940302,-0.2760834147979402,0.3523532994167462,-0.10085807138247782
129,common_DL,4,0.005478673238451887,-0.24361811816746082,0.2545754646443646,0.09251848328983854
129,common_DL,5,0.3547974389399371,0.033043949819661966,0.6765509280602122,0.48786442857077794
129,comp_specific,1,-0.31322242547657875,-0.6004706624886826,-0.025974188464474857,-0.3073938725630488
129,comp_specific,2,0.721849609292195,0.3479348613172597,1.0957643572671303,0.4482110763520972
129,comp_specific,3,0.0778142431931586,-0.23790631488376063,0.39353480127007784,-0.10085807138247782
129,comp_specific,4,-3.510862810682247e-05,-0.17621091722203602,0.17614069996582238,0.09251848328983854
129,comp_specific,5,0.3825666175176319,0.046211615209360124,0.7189216198259036,0.48786442857077794
129,adaptshrink,1,-0.34585388569188596,-0.611088174960068,-0.08061959642370398,-0.3073938725630488
129,adaptshrink,2,0.7256270895053587,0.32638381063236105,1.1248703683783563,0.4482110763520972
129,adaptshrink,3,0.05858736590958985,-0.2576081715712583,0.374782903390438,-0.10085807138247782
129,adaptshrink,4,0.003930634822329193,-0.21541670468996146,0.22327797433461985,0.09251848328983854
129,adaptshrink,5,0.3690564997006964,0.039302166200055055,0.6988108332013379,0.48786442857077794
130,common_DL,1,0.4836692098197414,0.17751960386709315,0.7898188157723895,0.5259572958030613
130,common_DL,2,0.46986126983849,0.17197412054382105,0.7677484191331589,0.4305380560219883
130,common_DL,3,-0.08727236637398844,-0.47811538509890833,0.30357065235093145,-0.18183561531335282
130,common_DL,4,0.3980470898390086,0.045755307613712604,0.7503388720643046,0.2955318107052899
130,common_DL,5,0.18649320263677543,-0.062362190133351675,0.4353485954069025,0.0281434528204956
130,comp_specific,1,0.49339220450338034,0.12027858897504062,0.86650582003172,0.5259572958030613
130,comp_specific,2,0.4546040650235088,0.042952360531893496,0.8662557695151241,0.4305380560219883
130,comp_specific,3,-0.1280719100829667,-0.4657847592109094,0.209640939044976,-0.18183561531335282
130,comp_specific,4,0.34486871904056193,-0.13947422889717503,0.829211666978299,0.2955318107052899
130,comp_specific,5,0.12440731809524341,-0.02899773626049046,0.2778123724509773,0.0281434528204956
130,adaptshrink,1,0.48774204155612844,0.1576882980746357,0.8177957850376212,0.5259572958030613
130,adaptshrink,2,0.46059505713881305,0.09523282416044176,0.8259572901171843,0.4305380560219883
130,adaptshrink,3,-0.10446966559037221,-0.4767128372352921,0.26777350605454764,-0.18183561531335282
130,adaptshrink,4,0.3654279844954733,-0.05947984072828505,0.7903358097192317,0.2955318107052899
130,adaptshrink,5,0.16159893807876227,-0.045403834570664936,0.3686017107281895,0.0281434528204956
131,common_DL,1,0.33142509869468767,-0.15168542443782823,0.8145356218272035,0.2950036554762568
131,common_DL,2,0.4066646693309348,-0.028285581395678716,0.8416149200575483,0.6664138653353993
131,common_DL,3,0.29930748732360035,-0.21341998099396475,0.8120349556411655,-0.06744732826484079
131,common_DL,4,-0.4199901704167502,-0.8573773184649449,0.0173969776314446,-0.523752024551286
131,common_DL,5,0.8372361425564201,0.37031319061960444,1.3041590944932357,0.7630126933587807
131,comp_specific,1,0.39201718028148436,0.11029774477034765,0.673736615792621,0.2950036554762568
131,comp_specific,2,0.3664556391715743,0.10556786034732157,0.627343417995827,0.6664138653353993
131,comp_specific,3,0.3513090294392419,-0.16447868005492916,0.867096738933413,-0.06744732826484079
131,comp_specific,4,-0.2610351437301036,-0.833019341273288,0.3109490538130808,-0.523752024551286
131,comp_specific,5,0.76556198617601,0.5797413564428906,0.9513826159091294,0.7630126933587807
131,adaptshrink,1,0.36648577410609323,-0.037035929238711296,0.7700074774508978,0.2950036554762568
131,adaptshrink,2,0.40808821340097107,0.028123138272256598,0.7880532885296856,0.6664138653353993
131,adaptshrink,3,0.33109906373868997,-0.18675359214066106,0.848951719618041,-0.06744732826484079
131,adaptshrink,4,-0.3077249917825738,-0.8271103517292153,0.2116603681640678,-0.523752024551286
131,adaptshrink,5,0.8250258187994606,0.4548487845374785,1.1952028530614427,0.7630126933587807
132,common_DL,1,0.37082243112058805,-0.007049986137749431,0.7486948483789255,0.25745660221581407
132,common_DL,2,0.8648349700067699,0.562029833175823,1.167640106837717,0.7699677854913001
132,common_DL,3,0.18735144328312003,-0.19400901499428147,0.5687119015605215,0.1897558325267305
132,common_DL,4,1.0367733102667613,0.7247846685502346,1.348761951983288,0.8497803080064765
132,common_DL,5,-0.15704604804229855,-0.5197525037905437,0.20566040770594668,-0.36083552807663094
132,comp_specific,1,0.45726042466200295,0.01404209211123747,0.9004787572127684,0.25745660221581407
132,comp_specific,2,0.870935839535343,0.6555936305823409,1.0862780484883452,0.7699677854913001
132,comp_specific,3,0.12527604018190752,-0.1759037699374672,0.42645585030128225,0.1897558325267305
132,comp_specific,4,1.0637966027417387,0.7473492638231087,1.3802439416603687,0.8497803080064765
132,comp_specific,5,-0.16857154420453546,-0.6323155565650443,0.2951724681559734,-0.36083552807663094
132,adaptshrink,1,0.42452666991827726,0.003423406189109024,0.8456299336474455,0.25745660221581407
132,adaptshrink,2,0.8669965195722289,0.606565743452959,1.1274272956914988,0.7699677854913001
132,adaptshrink,3,0.16956438408060745,-0.1856670456546511,0.524795813815866,0.1897558325267305
132,adaptshrink,4,1.053352195646448,0.7375549289500082,1.3691494623428877,0.8497803080064765
132,adaptshrink,5,-0.16564204159309953,-0.5908848146748049,0.2596007314886058,-0.36083552807663094
133,common_DL,1,0.12063050137694581,-0.2153592552482561,0.4566202580021477,-0.004154101222644407
133,common_DL,2,0.4765364411259858,0.15659175979894252,0.796481122453029,0.4458216022185131
133,common_DL,3,0.11672970619626818,-0.2328286464434117,0.46628805883594804,0.20590353743527423
133,common_DL,4,0.8908581393422699,0.5605431497219698,1.2211731289625698,0.6432534893242977
133,common_DL,5,0.41389656624019927,0.15777855673790137,0.6700145757424971,0.37780896713906087
133,comp_specific,1,0.14771838299235374,-0.16238015015827428,0.45781691614298176,-0.004154101222644407
133,comp_specific,2,0.5277576457219754,0.10760404441468929,0.9479112470292614,0.4458216022185131
133,comp_specific,3,0.055050810886178914,-0.2611564093050462,0.371258031077404,0.20590353743527423
133,comp_specific,4,0.947697257912414,0.7733704767583334,1.1220240390664946,0.6432534893242977
133,comp_specific,5,0.41951553475583236,0.1846501561180416,0.6543809133936231,0.37780896713906087
133,adaptshrink,1,0.13756276566056924,-0.19504978002277368,0.47017531134391216,-0.004154101222644407
133,adaptshrink,2,0.5253367147861399,0.13892653617926137,0.9117468933930184,0.4458216022185131
133,adaptshrink,3,0.08900850825522943,-0.2537729988403992,0.4317900153508581,0.20590353743527423
133,adaptshrink,4,0.9049577703586544,0.6206460085096661,1.1892695322076428,0.6432534893242977
133,adaptshrink,5,0.4203859720374318,0.17279363125680905,0.6679783128180545,0.37780896713906087
134,common_DL,1,0.7982788420103019,0.4980459506519832,1.0985117333686205,0.6290624683073206
134,common_DL,2,0.03240987927239117,-0.38211040048576916,0.44693015903055144,0.3178775525164212
134,common_DL,3,0.7668097975638539,0.41372529004045855,1.1198943050872492,0.6256627198201536
134,common_DL,4,-0.5234773803663523,-0.8639822908579862,-0.18297246987471832,-0.30001002751790923
134,common_DL,5,-0.20411515616899456,-0.4849760095848333,0.07674569724684416,-0.026656389271785163
134,comp_specific,1,0.814171063218837,0.5297345936955766,1.0986075327420974,0.6290624683073206
134,comp_specific,2,-0.12028272703899451,-0.758181961661496,0.5176165075835071,0.3178775525164212
134,comp_specific,3,0.7675308735296729,0.4423972004204456,1.0926645466389,0.6256627198201536
134,comp_specific,4,-0.5180926240182469,-0.9828413062573569,-0.05334394177913687,-0.30001002751790923
134,comp_specific,5,-0.10828404254285179,-0.2838523619742622,0.06728427688855862,-0.026656389271785163
134,adaptshrink,1,0.8043251646479781,0.5126683790027524,1.0959819502932038,0.6290624683073206
134,adaptshrink,2,-0.09184052129009143,-0.6336800106597077,0.4499989680795248,0.3178775525164212
134,adaptshrink,3,0.7634864154787618,0.4239373002544233,1.1030355307031003,0.6256627198201536
134,adaptshrink,4,-0.5297761573787122,-0.9503880719829072,-0.10916424277451714,-0.30001002751790923
134,adaptshrink,5,-0.1534253943185304,-0.3877293372537085,0.0808785486166477,-0.026656389271785163
135,common_DL,1,-0.7416513574324295,-1.0427147000847583,-0.4405880147801008,-0.9014394638118345
135,common_DL,2,0.26321259881841713,-0.10455589369707724,0.6309810913339116,-0.12521717264660734
135,common_DL,3,0.09138318071584471,-0.27593168148616826,0.4586980429178577,-0.017153056075554753
135,common_DL,4,0.23094965991177235,-0.19323676982728683,0.6551360896508316,0.3262281100543699
135,common_DL,5,-0.3645290357163787,-0.8171445144503501,0.08808644301759272,0.0527896865214359
135,comp_specific,1,-0.7119967543182208,-1.1322774610083315,-0.2917160476281102,-0.9014394638118345
135,comp_specific,2,0.2618763572877269,-0.13643851624285075,0.6601912308183046,-0.12521717264660734
135,comp_specific,3,0.17023462192801198,-0.22318859606050762,0.5636578399165315,-0.017153056075554753
135,comp_specific,4,0.19831848803508717,-0.3296812601823736,0.726318236252548,0.3262281100543699
135,comp_specific,5,-0.35543789363735356,-0.764852522534969,0.05397673526026192,0.0527896865214359
135,adaptshrink,1,-0.7331407893477342,-1.090873329916387,-0.37540824877908124,-0.9014394638118345
135,adaptshrink,2,0.2607495496647693,-0.12239255921383241,0.643891658543371,-0.12521717264660734
135,adaptshrink,3,0.14280026489399572,-0.2615620780539116,0.547162607841903,-0.017153056075554753
135,adaptshrink,4,0.21679141602190077,-0.2572155358402411,0.6907983678840426,0.3262281100543699
135,adaptshrink,5,-0.3616817562218982,-0.7980650964229561,0.07470158397915971,0.0527896865214359
136,common_DL,1,-0.35034327233073614,-0.8285368513775031,0.12785030671603076,-0.1542211522506485
136,common_DL,2,-1.312943350804641,-1.8205351733661619,-0.8053515282431202,-1.344660292528546
136,common_DL,3,0.49391479940744887,0.05623977999412133,0.9315898188207764,0.6062588759414823
136,common_DL,4,0.1328381605802451,-0.22813699216355804,0.49381331332404826,-0.017325887882060916
136,common_DL,5,-0.9406622360977975,-1.3889695211288897,-0.49235495106670535,-0.9221015718267216
136,comp_specific,1,-0.4176468055144311,-0.9027303154626218,0.06743670443375954,-0.1542211522506485
136,comp_specific,2,-1.2190539781035716,-1.9084110013683881,-0.5296969548387551,-1.344660292528546
136,comp_specific,3,0.47934810166488634,0.1779646235421974,0.7807315797875753,0.6062588759414823
136,comp_specific,4,0.08328764379553472,-0.3157431333994449,0.4823184209905143,-0.017325887882060916
136,comp_specific,5,-0.934831798866868,-1.3516285479397858,-0.5180350497939501,-0.9221015718267216
136,adaptshrink,1,-0.37188105611800826,-0.8461053947926473,0.10234328255663078,-0.1542211522506485
136,adaptshrink,2,-1.2556580272699063,-1.8542644178467973,-0.6570516366930151,-1.344660292528546
136,adaptshrink,3,0.48526367151801886,0.10519223374325537,0.8653351092927823,0.6062588759414823
136,adaptshrink,4,0.12234388649253258,-0.2519383282672526,0.49662610125231776,-0.017325887882060916
136,adaptshrink,5,-0.9383451730727631,-1.373475781658957,-0.5032145644865693,-0.9221015718267216
137,common_DL,1,0.02113117870022435,-0.42645266295862794,0.46871502035907664,0.06511184902938798
137,common_DL,2,0.15988784174972026,-0.32404233433742996,0.6438180178368704,-0.033926975507258435
137,common_DL,3,0.16403942527705295,-0.2682679761124254,0.5963468266665313,0.13185554906135585
137,common_DL,4,0.9726046976944758,0.6007374266892673,1.3444719686996842,0.8847534923130987
137,common_DL,5,-0.006377065820853234,-0.5257788736300184,0.513024741988312,-0.2291197827876181
137,comp_specific,1,0.09655394301554754,-0.24082043461843677,0.43392832064953185,0.06511184902938798
137,comp_specific,2,0.18025137695800747,-0.5966824597472138,0.9571852136632286,-0.033926975507258435
137,comp_specific,3,0.1603516895586554,-0.2622070119493576,0.5829103910666683,0.13185554906135585
137,comp_specific,4,0.9563970915514861,0.7080279462823993,1.204766236820573,0.8847534923130987
137,comp_specific,5,-0.05245804089784872,-0.5628596882079888,0.4579436064122913,-0.2291197827876181
137,adaptshrink,1,0.06090836823993884,-0.34058014508835827,0.46239688156823594,0.06511184902938798
137,adaptshrink,2,0.1485538408337288,-0.4919821533927746,0.7890898350602322,-0.033926975507258435
137,adaptshrink,3,0.16223945575614412,-0.2652289711179403,0.5897078826302286,0.13185554906135585
137,adaptshrink,4,0.9645425443876434,0.6514005686616668,1.27768452011362,0.8847534923130987
137,adaptshrink,5,-0.030591525302234635,-0.5395454790291004,0.47836242842463117,-0.2291197827876181
138,common_DL,1,0.46021370021726116,-0.06074531869810973,0.981172719132632,0.4514800380747401
138,common_DL,2,-0.12879221870543636,-0.5768993993941303,0.3193149619832575,0.29509801539587255
138,common_DL,3,0.7833020612460285,0.21390439665848981,1.3526997258335673,0.9310913692049584
138,common_DL,4,0.17586191225225944,-0.26941480820350955,0.6211386327080284,0.35367729666005043
138,common_DL,5,0.13717232669069537,-0.34184164143350637,0.6161862948148972,0.4613121431132909
138,comp_specific,1,0.482554673734902,0.0597289933173587,0.9053803541524453,0.4514800380747401
138,comp_specific,2,-0.1640593268913354,-0.6633318625421019,0.33521320875943106,0.29509801539587255
138,comp_specific,3,0.7709988527350728,0.4445648308811933,1.0974328745889523,0.9310913692049584
138,comp_specific,4,0.21818603704916728,-0.2828869413893822,0.7192590154877168,0.35367729666005043
138,comp_specific,5,0.20341409445325176,-0.18538530941785797,0.5922134983243614,0.4613121431132909
138,adaptshrink,1,0.4672824381206322,-0.02335391414591015,0.9579187903871745,0.4514800380747401
138,adaptshrink,2,-0.15099083124895182,-0.6330140769570823,0.33103241445917875,0.29509801539587255
138,adaptshrink,3,0.7812438079557255,0.29913565096804184,1.263351964943409,0.9310913692049584
138,adaptshrink,4,0.19611476139151426,-0.2798685071705167,0.6720980299535453,0.35367729666005043
138,adaptshrink,5,0.15867733186608624,-0.28594448613595697,0.6032991498681295,0.4613121431132909
139,common_DL,1,0.2899370059545405,-0.013786473743339522,0.5936604856524206,0.19257053993677778
139,common_DL,2,-0.9467488292390238,-1.2826480082151008,-0.6108496502629468,-0.420735940183648
139,common_DL,3,-0.36050517565220147,-0.723509344971944,0.0024989936675410274,-0.008536334274931532
139,common_DL,4,-0.021363011307304614,-0.36576952481302455,0.3230435021984153,-0.3427483388300104
139,common_DL,5,0.12555840873708862,-0.16384289412509984,0.4149597115992771,0.17500690142819075
139,comp_specific,1,0.25396883911845763,0.042647449934234916,0.46529022830268035,0.19257053993677778
139,comp_specific,2,-0.7193014753647372,-1.0551070621012775,-0.38349588862819695,-0.420735940183648
139,comp_specific,3,-0.19922206928824415,-0.5029577238102904,0.10451358523380205,-0.008536334274931532
139,comp_specific,4,-0.26472149171745546,-0.7853973366843703,0.2559543532494594,-0.3427483388300104
139,comp_specific,5,0.1472322317958592,-0.22713126278795076,0.5215957263796691,0.17500690142819075
139,adaptshrink,1,0.2771561531231803,0.012557391407285401,0.5417549148390752,0.19257053993677778
139,adaptshrink,2,-0.8317851855736615,-1.202319957763853,-0.46125041338347006,-0.420735940183648
139,adaptshrink,3,-0.3023662429446661,-0.6396386778852023,0.03490619199587025,-0.008536334274931532
139,adaptshrink,4,-0.12046082359912058,-0.5634228125673,0.3225011653690589,-0.3427483388300104
139,adaptshrink,5,0.1373747625414304,-0.19154407356917522,0.466293598652036,0.17500690142819075
140,common_DL,1,0.4008029091284641,0.06624174109569075,0.7353640771612375,0.31118835910242015
140,common_DL,2,-0.2110426059991355,-0.6512703019447138,0.22918508994644282,-0.34276788977371403
140,common_DL,3,0.3880204050204564,0.09052721411767495,0.6855135959232379,0.3429881671007015
140,common_DL,4,0.6684062368775847,0.3143576411831891,1.0224548325719804,0.4185981371179045
140,common_DL,5,0.8277653634483113,0.5282421350701451,1.1272885918264777,0.9257481258410354
140,comp_specific,1,0.38192664076219945,0.046670882825764315,0.7171823986986345,0.31118835910242015
140,comp_specific,2,-0.18804505490908663,-0.7786612046003285,0.40257109478215525,-0.34276788977371403
140,comp_specific,3,0.38529487340987545,0.17382212731172222,0.5967676195080287,0.3429881671007015
140,comp_specific,4,0.8208226558417675,0.2649164638225838,1.3767288478609512,0.4185981371179045
140,comp_specific,5,0.7802412408856565,0.570849886352798,0.989632595418515,0.9257481258410354
140,adaptshrink,1,0.39340026602048134,0.057555974061216875,0.7292445579797457,0.31118835910242015
140,adaptshrink,2,-0.19189060558478893,-0.696149274255687,0.31236806308610915,-0.34276788977371403
140,adaptshrink,3,0.3902221176406868,0.13007672883158167,0.650367506449792,0.3429881671007015
140,adaptshrink,4,0.7881553550501319,0.32790795506321935,1.2484027550370445,0.4185981371179045
140,adaptshrink,5,0.8213559013489411,0.553158413104854,1.089553389593028,0.9257481258410354
141,common_DL,1,0.6787912629655162,0.2642641552577978,1.0933183706732346,0.5450042513151264
141,common_DL,2,-0.7719891829500879,-1.2513860976565208,-0.2925922682436551,-0.821730104555736
141,common_DL,3,-0.25117589946365926,-0.6396543396397457,0.1373025407124272,-0.47476663572530986
141,common_DL,4,0.2400859157566265,-0.09975471028082453,0.5799265417940775,-0.023687292331459657
141,common_DL,5,-0.8624772587150668,-1.3073671185936455,-0.41758739883648804,-0.8901622678988979
141,comp_specific,1,0.6604023353421921,0.34648689094867563,0.9743177797357085,0.5450042513151264
141,comp_specific,2,-0.8027569067876098,-1.533830759294612,-0.0716830542806074,-0.821730104555736
141,comp_specific,3,-0.32936064144939453,-0.5463395086382943,-0.11238177426049475,-0.47476663572530986
141,comp_specific,4,0.24627618969325754,-0.13150848217645073,0.6240608615629658,-0.023687292331459657
141,comp_specific,5,-0.8569633075241871,-1.2393460809657226,-0.4745805340826517,-0.8901622678988979
141,adaptshrink,1,0.6759379077091702,0.30437124978039426,1.047504565637946,0.5450042513151264
141,adaptshrink,2,-0.7882526467963871,-1.4018636515317318,-0.17464164206104227,-0.821730104555736
141,adaptshrink,3,-0.284101748548959,-0.6037888261561309,0.03558532905821299,-0.47476663572530986
141,adaptshrink,4,0.24319895076655698,-0.12007492065305367,0.6064728221861676,-0.023687292331459657
141,adaptshrink,5,-0.8570505933626595,-1.2727456766914687,-0.4413555100338505,-0.8901622678988979
142,common_DL,1,-0.3682574708348368,-0.6574231604457674,-0.07909178122390609,-0.6152023364372636
142,common_DL,2,0.165190652333363,-0.2570219201876211,0.587403224854347,0.3854275065667449
142,common_DL,3,0.6814582624459202,0.3745590538875596,0.9883574710042808,0.35932154477897227
142,common_DL,4,0.22002115443688935,-0.06722744860613761,0.5072697574799163,0.1354961946269986
142,common_DL,5,-0.2126576118789868,-0.4694126996595388,0.04409747590156521,-0.26986958586196425
142,comp_specific,1,-0.26007387462904086,-0.5390975816131773,0.018949832355095675,-0.6152023364372636
142,comp_specific,2,0.12775537604619178,-0.2732650311469381,0.5287757832393216,0.3854275065667449
142,comp_specific,3,0.7250601673756806,0.23020762724899085,1.2199127075023704,0.35932154477897227
142,comp_specific,4,0.1725433228387283,-0.1540981933523326,0.4991848390297892,0.1354961946269986
142,comp_specific,5,-0.2692639812381289,-0.4258065178632491,-0.11272144461300873,-0.26986958586196425
142,adaptshrink,1,-0.3015556358126332,-0.6041844794800557,0.0010732078547892043,-0.6152023364372636
142,adaptshrink,2,0.15059662803656568,-0.26880387684791407,0.5699971329210455,0.3854275065667449
142,adaptshrink,3,0.7297453660792933,0.3190063863241436,1.1404843458344431,0.35932154477897227
142,adaptshrink,4,0.19321809474029494,-0.1188133048149676,0.5052494942955574,0.1354961946269986
142,adaptshrink,5,-0.2387043216652729,-0.46160445256800126,-0.015804190762544523,-0.26986958586196425
143,common_DL,1,-0.5137132933193451,-0.8885143648644748,-0.13891222177421547,-0.5957955218282773
143,common_DL,2,0.4171595006004768,0.028722380847986118,0.8055966203529674,0.060217804918310414
143,common_DL,3,0.07582827557975906,-0.255541678137854,0.40719822929737215,0.01053333143641635
143,common_DL,4,-0.25730143991661086,-0.6468964921179454,0.13229361228472375,-0.4372989589866256
143,common_DL,5,-0.31929109082403573,-0.7602957413815188,0.12171355973344727,-0.5697046289266836
143,comp_specific,1,-0.49020745620836514,-0.7533830670588586,-0.22703184535787163,-0.5957955218282773
143,comp_specific,2,0.3284999566597899,-0.13261493272426494,0.7896148460438448,0.060217804918310414
143,comp_specific,3,-0.053591065432650575,-0.3043054486018548,0.19712331773655367,0.01053333143641635
143,comp_specific,4,-0.21254439774943207,-0.7824901206113428,0.35740132511247863,-0.4372989589866256
143,comp_specific,5,-0.36361350646906665,-0.9679814825713553,0.240754469633222,-0.5697046289266836
143,adaptshrink,1,-0.5191215241167635,-0.8594569981425677,-0.17878605009095933,-0.5957955218282773
143,adaptshrink,2,0.3756404880781527,-0.053997549163173064,0.8052785253194785,0.060217804918310414
143,adaptshrink,3,0.03791975708900901,-0.284108282996388,0.35994779717440606,0.01053333143641635
143,adaptshrink,4,-0.21637923418644223,-0.7066295224004798,0.2738710540275954,-0.4372989589866256
143,adaptshrink,5,-0.3350520654513189,-0.8586524556760937,0.188548324773456,-0.5697046289266836
144,common_DL,1,0.17234391743422295,-0.061228801946840744,0.40591663681528667,0.24823846663747345
144,common_DL,2,-0.10396933627489892,-0.42176050396048415,0.21382183141068634,-0.004516415475005863
144,common_DL,3,-0.31758186766215235,-0.6438585994482526,0.008694864123947932,-0.373138967190144
144,common_DL,4,0.3371159858253435,-0.009355877136194513,0.6835878487868816,0.42927403534497205
144,common_DL,5,0.6372767938291322,0.3617729185008635,0.9127806691574007,0.49255961831673145
144,comp_specific,1,0.21575702379251066,-0.05330829338478649,0.4848223409698078,0.24823846663747345
144,comp_specific,2,0.07463763595855955,-0.4429888858806281,0.5922641577977472,-0.004516415475005863
144,comp_specific,3,-0.3063782766605353,-0.597424801755196,-0.01533175156587463,-0.373138967190144
144,comp_specific,4,0.2979050546748381,0.051780527543221794,0.5440295818064543,0.42927403534497205
144,comp_specific,5,0.6355150706243798,0.42339669478244224,0.8476334464663174,0.49255961831673145
144,adaptshrink,1,0.1768581761019371,-0.06891672505487703,0.4226330772587512,0.24823846663747345
144,adaptshrink,2,0.013280078842521914,-0.4145376721773514,0.4410978298623952,-0.004516415475005863
144,adaptshrink,3,-0.3136021178408326,-0.6256073207621495,-0.0015969149195155796,-0.373138967190144
144,adaptshrink,4,0.32902441474254895,0.013293535280450963,0.644755294204647,0.42927403534497205
144,adaptshrink,5,0.6354494618026605,0.3806895968593784,0.8902093267459426,0.49255961831673145
145,common_DL,1,0.8440116747255273,0.5868797710932318,1.101143578357823,0.969380020699344
145,common_DL,2,-0.5097912325931682,-0.89114210147087,-0.1284403637154663,0.3151709934200284
145,common_DL,3,0.22677969314037658,-0.06895222105836765,0.5225116073391208,0.01495742114884309
145,common_DL,4,-0.26892765929258616,-0.49887584534574614,-0.03897947323942616,-0.4303798677860911
145,common_DL,5,0.5291665571989612,0.2746788273774137,0.7836542870205088,0.3880224806912706
145,comp_specific,1,0.7903911250121148,0.4878163905656754,1.0929658594585543,0.969380020699344
145,comp_specific,2,-0.512517406507187,-1.010512101672393,-0.014522711341981132,0.3151709934200284
145,comp_specific,3,0.15437950283484575,-0.1722787249271136,0.4810377305968051,0.01495742114884309
145,comp_specific,4,-0.26468717001139375,-0.43568187276072834,-0.09369246726205918,-0.4303798677860911
145,comp_specific,5,0.5057908938954805,0.34888733128966287,0.6626944565012981,0.3880224806912706
145,adaptshrink,1,0.812454191736541,0.5261199407612067,1.0987884427118753,0.969380020699344
145,adaptshrink,2,-0.5029624254763009,-0.9591774168390754,-0.04674743411352639,0.3151709934200284
145,adaptshrink,3,0.21478284094137973,-0.08789397973198043,0.5174596616147399,0.01495742114884309
145,adaptshrink,4,-0.2524208529887362,-0.46223567332930987,-0.042606032648162484,-0.4303798677860911
145,adaptshrink,5,0.5247980128716073,0.30705770969766655,0.7425383160455481,0.3880224806912706
146,common_DL,1,-0.4242823979447494,-0.7107706085214649,-0.13779418736803395,-0.2077487132720355
146,common_DL,2,0.13613346543982097,-0.08904615434734037,0.3613130852269823,0.3144438468619302
146,common_DL,3,-0.7652353527842342,-0.9112748603310566,-0.6191958452374117,-0.6614355913634961
146,common_DL,4,0.12303882185390963,-0.04389372486360604,0.2899713685714253,-0.021069534802415527
146,common_DL,5,-0.6052178182907431,-0.928212977838929,-0.2822226587425571,-0.44649929850776077
146,comp_specific,1,-0.37960850056047657,-0.7335973152503981,-0.025619685870555076,-0.2077487132720355
146,comp_specific,2,0.15028336423926986,-0.09656147212962252,0.39712820060816223,0.3144438468619302
146,comp_specific,3,-0.7620618753188622,-0.9086553341331338,-0.6154684165045905,-0.6614355913634961
146,comp_specific,4,0.19721073592983374,-0.13030234002059493,0.5247238118802624,-0.021069534802415527
146,comp_specific,5,-0.5851277206789551,-0.9207168553048241,-0.2495385860530862,-0.44649929850776077
146,adaptshrink,1,-0.4223383260312339,-0.7296606992692414,-0.11501595279322646,-0.2077487132720355
146,adaptshrink,2,0.14310565730164918,-0.08884043700854324,0.37505175161184157,0.3144438468619302
146,adaptshrink,3,-0.7641064212960554,-0.9104108740827267,-0.6178019685093842,-0.6614355913634961
146,adaptshrink,4,0.19747179771216297,-0.07674282435402466,0.4716864197783506,-0.021069534802415527
146,adaptshrink,5,-0.5905341076596972,-0.9205891576024533,-0.260479057716941,-0.44649929850776077
147,common_DL,1,-0.21705632447469478,-0.450656693090425,0.016544044141035413,-0.3314200879145562
147,common_DL,2,-1.01150564877884,-1.3101959348911718,-0.7128153626665082,-1.363663701984761
147,common_DL,3,-0.17787227752926615,-0.4574767732640887,0.10173221820555639,-0.21311075130561727
147,common_DL,4,0.09490212283027677,-0.18196710089560458,0.3717713465561581,-0.1579210142760059
147,common_DL,5,0.09679163636500815,-0.15243137531961,0.34601464804962634,0.150594152757566
147,comp_specific,1,-0.24998625851508383,-0.4061991907602258,-0.09377332626994184,-0.3314200879145562
147,comp_specific,2,-0.9878449717903688,-1.2034251357691517,-0.7722648078115859,-1.363663701984761
147,comp_specific,3,-0.19190241614246545,-0.37085270795549086,-0.012952124329440012,-0.21311075130561727
147,comp_specific,4,0.04836602086994793,-0.5093978656046292,0.606129907344525,-0.1579210142760059
147,comp_specific,5,0.11099713606313552,-0.06321775040904973,0.28521202253532074,0.150594152757566
147,adaptshrink,1,-0.23067021270567806,-0.4316884834330908,-0.029651941978265317,-0.3314200879145562
147,adaptshrink,2,-1.0042305967642022,-1.2692266643481378,-0.7392345291802667,-1.363663701984761
147,adaptshrink,3,-0.18331884780020935,-0.4284573678197565,0.06181967221933779,-0.21311075130561727
147,adaptshrink,4,0.058971386995503194,-0.36312613880509165,0.48106891279609804,-0.1579210142760059
147,adaptshrink,5,0.10190049535636136,-0.11465432073655077,0.3184553114492735,0.150594152757566
148,common_DL,1,0.38667520009882883,0.04275338106173804,0.7305970191359197,0.14444365676328857
148,common_DL,2,0.41788944652020876,0.08081571505709867,0.7549631779833188,0.07101459243042708
148,common_DL,3,-0.17419553270967517,-0.4809920487675121,0.1326009833481618,-0.1984236193212258
148,common_DL,4,0.36218632991069877,0.02191501797932327,0.7024576418420743,0.29635824085093665
148,common_DL,5,-0.3895748436233606,-0.8928464709785275,0.11369678373180636,-0.6747643876557776
148,comp_specific,1,0.38820976307881133,0.07085887080735714,0.7055606553502656,0.14444365676328857
148,comp_specific,2,0.38663023260210594,-0.043412001279802714,0.8166724664840146,0.07101459243042708
148,comp_specific,3,-0.22692270981,-0.43324604403300093,-0.020599375586999064,-0.1984236193212258
148,comp_specific,4,0.3253501499824648,-0.09801574388294881,0.7487160438478784,0.29635824085093665
148,comp_specific,5,-0.384540808658603,-0.7786357102090844,0.009554092891878307,-0.6747643876557776
148,adaptshrink,1,0.3837732649031055,0.04969756592697322,0.7178489638792378,0.14444365676328857
148,adaptshrink,2,0.4004606817881886,0.018651141764942814,0.7822702218114344,0.07101459243042708
148,adaptshrink,3,-0.19934487243427418,-0.46179392223664845,0.06310417736810009,-0.1984236193212258
148,adaptshrink,4,0.3434819254842177,-0.0370297702730365,0.7239936212414719,0.29635824085093665
148,adaptshrink,5,-0.3883354488599093,-0.8592667063731656,0.08259580865334698,-0.6747643876557776
149,common_DL,1,0.30422700233570826,-0.10154326811232839,0.7099972727837449,0.41080091940273955
149,common_DL,2,0.062057826117137206,-0.27718328654328306,0.4012989387775575,-0.07081619231301453
149,common_DL,3,0.235986083731065,-0.1780577529830325,0.6500299204451625,0.1815135595960138
149,common_DL,4,-0.04628119571441455,-0.44964667892765575,0.3570842874988267,0.0105570697959319
149,common_DL,5,-0.21792551556668724,-0.721362928992509,0.28551189785913444,-0.19681202443126353
149,comp_specific,1,0.32857198317911984,-0.018251087853323023,0.6753950542115628,0.41080091940273955
149,comp_specific,2,0.07135132170255085,-0.22470096926142832,0.36740361266653,-0.07081619231301453
149,comp_specific,3,0.1120041234945118,-0.056689033768886565,0.2806972807579102,0.1815135595960138
149,comp_specific,4,-0.10578424062493832,-0.7101871208964754,0.4986186396465988,0.0105570697959319
149,comp_specific,5,-0.16156871214274224,-0.49563801548837705,0.17250059120289254,-0.19681202443126353
149,adaptshrink,1,0.3134072609257853,-0.06525460690601365,0.6920691287575842,0.41080091940273955
149,adaptshrink,2,0.06643811331006119,-0.24996856785306323,0.38284479447318565,-0.07081619231301453
149,adaptshrink,3,0.18930391513095624,-0.16130576370520328,0.5399135939671158,0.1815135595960138
149,adaptshrink,4,-0.07942256598604054,-0.6032487764960885,0.44440364452400744,0.0105570697959319
149,adaptshrink,5,-0.20295895997776914,-0.6620067870989207,0.2560888671433824,-0.19681202443126353
150,common_DL,1,0.900220923300798,0.5203138646461387,1.2801279819554572,0.764912887070381
150,common_DL,2,0.8392624728657867,0.45961447015551643,1.218910475576057,0.7901359160166699
150,common_DL,3,-0.5974930512677695,-0.9649330366909524,-0.23005306584458662,-0.46124578869071836
150,common_DL,4,-0.526950146104489,-0.9274945886498742,-0.12640570355910374,-0.4293073273400117
150,common_DL,5,0.020817026387481646,-0.39131539035110297,0.4329494431260662,-0.22508009667943954
150,comp_specific,1,0.8642909686237792,0.56869552250307,1.1598864147444883,0.764912887070381
150,comp_specific,2,0.8796652159787042,0.27410792640316695,1.4852225055542414,0.7901359160166699
150,comp_specific,3,-0.6064101934205595,-0.8975770849130955,-0.31524330192802336,-0.46124578869071836
150,comp_specific,4,-0.49598517720208707,-0.7339617241826387,-0.2580086302215354,-0.4293073273400117
150,comp_specific,5,-0.11605189549812306,-0.3389595317776568,0.10685574078141072,-0.22508009667943954
150,adaptshrink,1,0.8883126741053331,0.5470738970553107,1.2295514511553556,0.764912887070381
150,adaptshrink,2,0.8971125250578458,0.36578147143534256,1.428443578680349,0.7901359160166699
150,adaptshrink,3,-0.5849749161826512,-0.9217702442626172,-0.2481795881026851,-0.46124578869071836
150,adaptshrink,4,-0.5313522655132151,-0.9270809448210342,-0.1356235862053961,-0.4293073273400117
150,adaptshrink,5,-0.0022003981521328403,-0.35787147145390213,0.3534706751496364,-0.22508009667943954
151,common_DL,1,0.8872848782700804,0.5327801589521364,1.2417895975880244,0.8606804554604388
151,common_DL,2,0.020790507074892717,-0.41236053665579364,0.4539415508055791,-0.1010921993215122
151,common_DL,3,-0.17445841725952205,-0.5536115148242795,0.20469468030523547,-0.27608307714215985
151,common_DL,4,-0.4770159523946155,-0.843338234460201,-0.11069367032903005,-0.2423732608027093
151,common_DL,5,-0.7030744304141362,-1.140188433922634,-0.26596042690563826,-0.7504607347842372
151,comp_specific,1,0.952492870128718,0.7146302686643314,1.1903554715931044,0.8606804554604388
151,comp_specific,2,-0.09030088012740946,-0.8079992856129307,0.6273975253581118,-0.1010921993215122
151,comp_specific,3,-0.22656198269488526,-0.5552431437335614,0.10211917834379086,-0.27608307714215985
151,comp_specific,4,-0.3896868199788696,-0.8048921797608107,0.025518539803071505,-0.2423732608027093
151,comp_specific,5,-0.6861423094844881,-0.9643743228758295,-0.4079102960931467,-0.7504607347842372
151,adaptshrink,1,0.9043588698883545,0.5865891219475712,1.2221286178291377,0.8606804554604388
151,adaptshrink,2,-0.042544809455569516,-0.627419549181695,0.542329930270556,-0.1010921993215122
151,adaptshrink,3,-0.20109236952569215,-0.5648930222789619,0.16270828322757752,-0.27608307714215985
151,adaptshrink,4,-0.4319329922060028,-0.8253154749808029,-0.038550509431202695,-0.2423732608027093
151,adaptshrink,5,-0.704527062110027,-1.094903663507803,-0.314150460712251,-0.7504607347842372
152,common_DL,1,0.6981456408788471,0.4372235280941536,0.9590677536635406,0.629028579839719
152,common_DL,2,-0.10058818117064255,-0.4853987153658296,0.2842223530245445,-0.4530059136230141
152,common_DL,3,0.6954297826737252,0.3707351046718396,1.0201244606756108,0.5347035902204627
152,common_DL,4,0.14996110150799588,-0.30477604661288715,0.6046982496288789,0.4198071620980656
152,common_DL,5,-0.45623842226489136,-0.8898194783674261,-0.022657366162356585,-0.4504757135427129
152,comp_specific,1,0.6328382881868113,0.39885021156021255,0.86682636481341,0.629028579839719
152,comp_specific,2,0.0020568469130566036,-0.5739091142845542,0.5780228081106674,-0.4530059136230141
152,comp_specific,3,0.5827514432893691,0.3948557883724608,0.7706470982062774,0.5347035902204627
152,comp_specific,4,0.19664541417501094,-0.37910958798685335,0.7724004163368752,0.4198071620980656
152,comp_specific,5,-0.47088565470773747,-0.6999736790583478,-0.24179763035712712,-0.4504757135427129
152,adaptshrink,1,0.6677001177774087,0.4192343573371331,0.9161658782176842,0.629028579839719
152,adaptshrink,2,-0.041997825199793865,-0.523484809107009,0.43948915870742133,-0.4530059136230141
152,adaptshrink,3,0.6593025176021783,0.38536680536286716,0.9332382298414894,0.5347035902204627
152,adaptshrink,4,0.1866548380557301,-0.3302523112949427,0.703561987406403,0.4198071620980656
152,adaptshrink,5,-0.4668328450053599,-0.8469509183817366,-0.08671477162898311,-0.4504757135427129
153,common_DL,1,0.21892124986138162,-0.11050260365670078,0.548345103379464,0.2432890793761984
153,common_DL,2,0.7536720878135971,0.41126830398610364,1.0960758716410905,0.9247615946022193
153,common_DL,3,0.10118777984914923,-0.21235132785766986,0.4147268875559683,0.2285655755762635
153,common_DL,4,-0.5737443678117992,-0.9436270400059928,-0.20386169561760548,-0.4643332252745655
153,common_DL,5,0.40152963065222413,0.020628410319253,0.7824308509851953,0.2714321330577319
153,comp_specific,1,0.25506244380291626,-0.03720328243565124,0.5473281700414838,0.2432890793761984
153,comp_specific,2,0.7941480309268849,0.512679282824223,1.0756167790295468,0.9247615946022193
153,comp_specific,3,0.11430369192824599,-0.20069337145071384,0.4293007553072058,0.2285655755762635
153,comp_specific,4,-0.6058900326155741,-1.1712913537639427,-0.04048871146720534,-0.4643332252745655
153,comp_specific,5,0.4526543885907827,0.10916592023632482,0.7961428569452407,0.2714321330577319
153,adaptshrink,1,0.2311557570406595,-0.0744733832231041,0.5367848973044231,0.2432890793761984
153,adaptshrink,2,0.7707193078289613,0.46073025286975233,1.0807083627881702,0.9247615946022193
153,adaptshrink,3,0.09844846726198347,-0.21258279007964248,0.40947972460360943,0.2285655755762635
153,adaptshrink,4,-0.5964969094646551,-1.0746119711888316,-0.1183818477404785,-0.4643332252745655
153,adaptshrink,5,0.4255505986141104,0.06456780178183608,0.7865333954463847,0.2714321330577319
154,common_DL,1,0.10408193149016673,-0.19224965385739726,0.40041351683773074,0.032913065105990985
154,common_DL,2,-0.10179947462792618,-0.36794499860004237,0.16434604934418998,-0.14910249672975937
154,common_DL,3,-0.1935405107279948,-0.5460647818581937,0.15898376040220416,-0.25989453408977614
154,common_DL,4,0.6580190329905656,0.3243397539779735,0.9916983120031577,0.42965231638295504
154,common_DL,5,0.5890904650406196,0.2440015684419667,0.9341793616392724,0.5449297826640932
154,comp_specific,1,0.10140613953152194,-0.1521593443039082,0.3549716233669521,0.032913065105990985
154,comp_specific,2,-0.04790095224636487,-0.26688069359370137,0.17107878910097163,-0.14910249672975937
154,comp_specific,3,-0.09939974013438119,-0.5650145616960908,0.3662150814273284,-0.25989453408977614
154,comp_specific,4,0.667316152029287,0.2789115980548581,1.055720706003716,0.42965231638295504
154,comp_specific,5,0.6250648756950252,0.23823742298465694,1.0118923284053936,0.5449297826640932
154,adaptshrink,1,0.10283620161506968,-0.17323872277576774,0.3789111260059071,0.032913065105990985
154,adaptshrink,2,-0.07580849629356276,-0.3219434464225708,0.17032645383544523,-0.14910249672975937
154,adaptshrink,3,-0.13963870372747442,-0.5470364685660501,0.26775906111110126,-0.25989453408977614
154,adaptshrink,4,0.6603817185655507,0.31173635923255477,1.0090270778985466,0.42965231638295504
154,adaptshrink,5,0.6061528531432189,0.24202166153141547,0.9702840447550223,0.5449297826640932
155,common_DL,1,-0.19580384914407323,-0.5061196918656282,0.11451199357748176,-0.27813949594462156
155,common_DL,2,0.32185820827265527,-0.10541137418270785,0.7491277907280184,0.5338770195867784
155,common_DL,3,0.2698795303450963,-0.08143676462732496,0.6211958253175176,0.3298996142384418
155,common_DL,4,0.057132546612955595,-0.27582595914562424,0.3900910523715354,0.3402783935068352
155,common_DL,5,0.08856555509977451,-0.2612466447390621,0.4383777549386111,0.015155937930077964
155,comp_specific,1,-0.24789410094045217,-0.5787243897482872,0.08293618786738288,-0.27813949594462156
155,comp_specific,2,0.5832743816737248,-0.06708619151794204,1.2336349548653915,0.5338770195867784
155,comp_specific,3,0.2733928090914156,-0.04343540596262202,0.5902210241454533,0.3298996142384418
155,comp_specific,4,0.0054748183111041765,-0.23292681431099987,0.2438764509332082,0.3402783935068352
155,comp_specific,5,0.0829555866889012,-0.14886267649432539,0.3147738498721278,0.015155937930077964
155,adaptshrink,1,-0.21974921402270992,-0.546739061017238,0.10724063297181818,-0.27813949594462156
155,adaptshrink,2,0.4465242322315659,-0.08066825586332638,0.9737167203264582,0.5338770195867784
155,adaptshrink,3,0.26951538507100314,-0.07093340608727888,0.6099641762292851,0.3298996142384418
155,adaptshrink,4,0.03782579329755506,-0.26088830994212675,0.3365398965372368,0.3402783935068352
155,adaptshrink,5,0.08498493165288214,-0.2184027387856009,0.38837260209136515,0.015155937930077964
156,common_DL,1,-0.3959376333567649,-0.8485234947748164,0.056648228061286554,-0.2753524493307523
156,common_DL,2,0.5168485711236472,0.0815953780992067,0.9521017641480878,-0.04154999618810379
156,common_DL,3,-0.9385331588433037,-1.325302281946729,-0.5517640357398783,-1.0967462435013928
156,common_DL,4,0.12976255360087302,-0.2329250883137053,0.4924501955154513,-0.19485895864437747
156,common_DL,5,-0.2818437916863933,-0.6108329570124886,0.047145373639702115,-0.2590133845396347
156,comp_specific,1,-0.4627056163169961,-0.7043855588664387,-0.22102567376755342,-0.2753524493307523
156,comp_specific,2,0.5121609307406073,0.07075805530242191,0.9535638061787928,-0.04154999618810379
156,comp_specific,3,-1.0052922833556093,-1.2719219743111343,-0.7386625924000843,-1.0967462435013928
156,comp_specific,4,0.09271435768548048,-0.3610043455037123,0.5464330608746732,-0.19485895864437747
156,comp_specific,5,-0.29040807291418913,-0.4748342649073859,-0.10598188092099237,-0.2590133845396347
156,adaptshrink,1,-0.40664733558676747,-0.8094963714425905,-0.003798299730944532,-0.2753524493307523
156,adaptshrink,2,0.5096226779670985,0.03186354930046237,0.9873818066337345,-0.04154999618810379
156,adaptshrink,3,-0.9927952922161731,-1.3423168294171868,-0.6432737550151595,-1.0967462435013928
156,adaptshrink,4,0.09389620637230273,-0.33804560051945937,0.5258380132640648,-0.19485895864437747
156,adaptshrink,5,-0.28490075525879377,-0.5547590336310135,-0.015042476886573952,-0.2590133845396347
157,common_DL,1,0.3761272374323827,0.07455621810485052,0.6776982567599148,0.21664830547209915
157,common_DL,2,-0.5036667380559527,-0.8533816229217973,-0.15395185319010818,-0.5898457378172669
157,common_DL,3,1.132693474176016,0.7144813917785209,1.550905556573511,1.1490763688081478
157,common_DL,4,-0.23341038019966986,-0.5398630184181679,0.07304225801882819,0.11276550214033453
157,common_DL,5,0.6903918882560339,0.3688813724622311,1.0119024040498368,0.5468840364328948
157,comp_specific,1,0.34893210461539925,0.07531785545389874,0.6225463537768998,0.21664830547209915
157,comp_specific,2,-0.5038084116620146,-0.857603229985979,-0.15001359333805014,-0.5898457378172669
157,comp_specific,3,1.1450164992262026,0.7556087715566975,1.5344242268957078,1.1490763688081478
157,comp_specific,4,-0.2712272187115794,-0.48955402636784284,-0.052900411055315955,0.11276550214033453
157,comp_specific,5,0.6810658091273757,0.3795347056165888,0.9825969126381626,0.5468840364328948
157,adaptshrink,1,0.36264237545170974,0.0758093894258115,0.649475361477608,0.21664830547209915
157,adaptshrink,2,-0.5066143766681979,-0.8589036117402513,-0.15432514159614436,-0.5898457378172669
157,adaptshrink,3,1.13648870670479,0.7302059110528833,1.5427715023566966,1.1490763688081478
157,adaptshrink,4,-0.2541923525509036,-0.5200617176315111,0.011677012529703878,0.11276550214033453
157,adaptshrink,5,0.6857293492148987,0.3735776063909948,0.9978810920388026,0.5468840364328948
158,common_DL,1,0.11201243023781608,-0.24343372683808862,0.4674585873137208,0.2048123968870878
158,common_DL,2,-0.5456398093663364,-0.9392162049781068,-0.15206341375456606,-0.3745485787997311
158,common_DL,3,-0.22948627733551158,-0.6500446832515955,0.19107212858057232,-0.32946436070005425
158,common_DL,4,0.08254202768259554,-0.30457141693277046,0.46965547229796156,0.20521196910155604
158,common_DL,5,0.09612535826627493,-0.26464979736398586,0.45690051389653574,0.16153260000089348
158,comp_specific,1,0.0844803799743084,-0.09190310667699372,0.26086386662561056,0.2048123968870878
158,comp_specific,2,-0.4743495687301424,-0.6767672781049938,-0.27193185935529096,-0.3745485787997311
158,comp_specific,3,-0.20190172388811675,-0.5317036583876286,0.1279002106113951,-0.32946436070005425
158,comp_specific,4,0.228122620020516,-0.2978210522556799,0.7540662922967118,0.20521196910155604
158,comp_specific,5,0.16366315354672625,-0.11234115064708808,0.4396674577405406,0.16153260000089348
158,adaptshrink,1,0.09575125286165671,-0.19330150410433272,0.3848040098276461,0.2048123968870878
158,adaptshrink,2,-0.5107415324204081,-0.8490595471780407,-0.17242351766277558,-0.3745485787997311
158,adaptshrink,3,-0.21346355197607242,-0.5923410750454061,0.16541397109326123,-0.32946436070005425
158,adaptshrink,4,0.19484231149560294,-0.266005260230544,0.6556898832217499,0.20521196910155604
158,adaptshrink,5,0.1406641693201392,-0.19155802575075925,0.47288636439103765,0.16153260000089348
159,common_DL,1,0.7775375769962305,0.3624501797126549,1.192624974279806,0.5731962702572405
159,common_DL,2,-0.21339514280322058,-0.6434030008153271,0.21661271520888586,-0.1494558996460789
159,common_DL,3,0.008727448082804679,-0.41830012437417574,0.4357550205397851,0.019052599123990124
159,common_DL,4,-0.4975499055741959,-1.0259992704380876,0.030899459289695785,-0.16642546487472915
159,common_DL,5,-0.9286321782063459,-1.3429445453400894,-0.5143198110726024,-0.849787184289508
159,comp_specific,1,0.7262122671884191,0.4933046798167216,0.9591198545601167,0.5731962702572405
159,comp_specific,2,-0.3055478698160693,-0.8961126718333144,0.28501693220117585,-0.1494558996460789
159,comp_specific,3,-0.008259552548528254,-0.41917146442352815,0.4026523593264717,0.019052599123990124
159,comp_specific,4,-0.5051249707563108,-0.9711390092297895,-0.039110932282832134,-0.16642546487472915
159,comp_specific,5,-0.9984062534676755,-1.3157706500642994,-0.6810418568710517,-0.849787184289508
159,adaptshrink,1,0.7445003209032256,0.36096799689156267,1.1280326449148885,0.5731962702572405
159,adaptshrink,2,-0.29157433217758616,-0.8309575387325361,0.24780887437736382,-0.1494558996460789
159,adaptshrink,3,-0.007447254080210269,-0.4383156621914386,0.423421154031018,0.019052599123990124
159,adaptshrink,4,-0.5034040398272488,-1.0116404800445018,0.004832400390004321,-0.16642546487472915
159,adaptshrink,5,-0.9714920650532249,-1.3562739477245866,-0.5867101823818633,-0.849787184289508
160,common_DL,1,-0.6985057142596953,-1.244143394007998,-0.15286803451139275,-0.3381730815691842
160,common_DL,2,1.2087174110294283,0.900649577837792,1.5167852442210648,0.930683963142348
160,common_DL,3,0.04847483157320416,-0.31186207500313984,0.40881173814954813,-0.10878696137985379
160,common_DL,4,-0.6335607335342917,-0.9156793369565553,-0.35144213011202796,-0.6458970003701925
160,common_DL,5,0.016722159127404754,-0.32276549172735297,0.3562098099821625,0.06747534259848009
160,comp_specific,1,-0.7002505713343482,-1.1423537159435975,-0.258147426725099,-0.3381730815691842
160,comp_specific,2,1.1350791673486356,0.5549127111538518,1.7152456235434195,0.930683963142348
160,comp_specific,3,0.03160974239772525,-0.17029665908874725,0.23351614388419778,-0.10878696137985379
160,comp_specific,4,-0.6420902578717306,-1.0035637050756459,-0.2806168106678153,-0.6458970003701925
160,comp_specific,5,0.02145470826142895,-0.1561705891487214,0.1990800056715793,0.06747534259848009
160,adaptshrink,1,-0.6982700448522681,-1.2085964860632277,-0.18794360364130847,-0.3381730815691842
160,adaptshrink,2,1.1748143768321253,0.685529829091436,1.6640989245728146,0.930683963142348
160,adaptshrink,3,0.04552544152846845,-0.2748675163665261,0.365918399423463,-0.10878696137985379
160,adaptshrink,4,-0.6562981574524187,-1.0093388400316037,-0.3032574748732337,-0.6458970003701925
160,adaptshrink,5,0.01853574789216079,-0.26016667473825994,0.2972381705225815,0.06747534259848009
161,common_DL,1,-0.2439050854263872,-0.6483232175266264,0.16051304667385194,-0.16967240539522782
161,common_DL,2,-0.06592333808150841,-0.4559224981173144,0.32407582195429757,-0.48628964743499187
161,common_DL,3,-0.19579811105478467,-0.5304665752247214,0.13887035311515206,-0.3760492303520867
161,common_DL,4,-0.828675058449185,-1.2728158728607801,-0.3845342440375899,-0.4120945198751032
161,common_DL,5,-0.49105762229896577,-0.929412041211061,-0.05270320338687051,-0.5093858140250489
161,comp_specific,1,-0.34139353682993856,-0.6952455680993694,0.012458494439492374,-0.16967240539522782
161,comp_specific,2,-0.14254457413479318,-0.5959507727173134,0.310861624447727,-0.48628964743499187
161,comp_specific,3,-0.1658634899294181,-0.5492060080930995,0.21747902823426327,-0.3760492303520867
161,comp_specific,4,-0.8075333188721343,-1.1187926498258554,-0.4962739879184132,-0.4120945198751032
161,comp_specific,5,-0.5100730380147336,-0.8380683813132113,-0.18207769471625584,-0.5093858140250489
161,adaptshrink,1,-0.28827350804794827,-0.6715918472623649,0.09504483116646834,-0.16967240539522782
161,adaptshrink,2,-0.12623988797676192,-0.5484699649774573,0.29599018902393337,-0.48628964743499187
161,adaptshrink,3,-0.18592520195523946,-0.5569120935807631,0.18506168967028422,-0.3760492303520867
161,adaptshrink,4,-0.8316597680003383,-1.2398995185973984,-0.4234200174032781,-0.4120945198751032
161,adaptshrink,5,-0.5030756053615698,-0.900228402578284,-0.10592280814485566,-0.5093858140250489
162,common_DL,1,0.6160440745097122,0.25360252592002225,0.9784856230994021,0.7357973501537058
162,common_DL,2,-0.03232045669761849,-0.40848284394605716,0.34384193055082024,-0.2888274567316887
162,common_DL,3,0.41507294580395393,0.05798326923346042,0.7721626223744474,0.5998693678669735
162,common_DL,4,-0.6805200995905336,-0.9383282434307125,-0.42271195575035464,-0.23086795417415498
162,common_DL,5,0.342049981755545,-0.12903444236030864,0.8131344058713987,0.33682309246698866
162,comp_specific,1,0.6893521588082441,0.40470952602840365,0.9739947915880844,0.7357973501537058
162,comp_specific,2,0.05631316457406614,-0.3517398214621414,0.4643661506102737,-0.2888274567316887
162,comp_specific,3,0.5121419037639257,0.32815463878638274,0.6961291687414686,0.5998693678669735
162,comp_specific,4,-0.6628539001828809,-0.9393217383415209,-0.3863860620242409,-0.23086795417415498
162,comp_specific,5,0.39327614346264156,-0.11919579060174085,0.9057480775270239,0.33682309246698866
162,adaptshrink,1,0.6471921037517562,0.3225950376698292,0.9717891698336831,0.7357973501537058
162,adaptshrink,2,0.005732804359385862,-0.38357447766841857,0.39504008638719035,-0.2888274567316887
162,adaptshrink,3,0.44132238872054025,0.12339732520576935,0.7592474522353112,0.5998693678669735
162,adaptshrink,4,-0.6707326423530451,-0.9389199948558127,-0.40254528985027743,-0.23086795417415498
162,adaptshrink,5,0.36004378394339737,-0.12396395710763408,0.8440515249944288,0.33682309246698866
163,common_DL,1,-0.8797495725603924,-1.1595039345149663,-0.5999952106058186,-0.8628799890414137
163,common_DL,2,-0.5572463491674089,-0.8800521394174567,-0.23444055891736104,-0.7472355846214629
163,common_DL,3,0.0758317915513344,-0.24316293053109295,0.39482651363376176,0.24373349006253456
163,common_DL,4,-0.0649111148140499,-0.3426334490254257,0.21281121939732592,-0.20105376429137148
163,common_DL,5,0.718186385379249,0.4166045275873835,1.0197682431711144,0.640134879694307
163,comp_specific,1,-0.8649569230945153,-1.1750972701254823,-0.5548165760635484,-0.8628799890414137
163,comp_specific,2,-0.5526917614403022,-0.9085446275737106,-0.19683889530689375,-0.7472355846214629
163,comp_specific,3,0.09483594195869526,-0.13917880365525115,0.32885068757264163,0.24373349006253456
163,comp_specific,4,-0.07807105418917949,-0.4272646827894509,0.27112257441109194,-0.20105376429137148
163,comp_specific,5,0.7790143493504528,0.5249870381460007,1.0330416605549049,0.640134879694307
163,adaptshrink,1,-0.8743625730177398,-1.1748063403765256,-0.5739188056589539,-0.8628799890414137
163,adaptshrink,2,-0.5524355770949497,-0.8840955402083879,-0.22077561398151158,-0.7472355846214629
163,adaptshrink,3,0.08196441402809682,-0.20363471665289565,0.36756354470908925,0.24373349006253456
163,adaptshrink,4,-0.07440508905580201,-0.39464737130632743,0.2458371931947234,-0.20105376429137148
163,adaptshrink,5,0.739665398703232,0.4564783486478344,1.0228524487586297,0.640134879694307
164,common_DL,1,-0.4861873469309028,-0.8435421609110021,-0.1288325329508035,-0.37042426177327126
164,common_DL,2,-0.43730885895676075,-0.7751625235336577,-0.09945519437986378,-0.18589690758703134
164,common_DL,3,-0.30299590217995576,-0.5863925984040379,-0.019599205955873666,-0.15206038940740566
164,common_DL,4,-0.7370187288215699,-0.9503006245509246,-0.5237368330922153,-0.7881161739611159
164,common_DL,5,0.13695564954299205,-0.08588748891787945,0.35979878800386356,0.09246859265787365
164,comp_specific,1,-0.49054742834194703,-0.8355700109353712,-0.14552484574852292,-0.37042426177327126
164,comp_specific,2,-0.6611324745102923,-1.2510677224011855,-0.07119722661939931,-0.18589690758703134
164,comp_specific,3,-0.31099445110840057,-0.5713661717045342,-0.050622730512266956,-0.15206038940740566
164,comp_specific,4,-0.7506494637075805,-0.9490718837881884,-0.5522270436269725,-0.7881161739611159
164,comp_specific,5,0.12974430541673493,-0.042183097832439176,0.30167170866590903,0.09246859265787365
164,adaptshrink,1,-0.4888834213605754,-0.8407902970880272,-0.13697654563312361,-0.37042426177327126
164,adaptshrink,2,-0.5880967765223502,-1.037801549912516,-0.1383920031321843,-0.18589690758703134
164,adaptshrink,3,-0.30616607436864823,-0.5800855571202854,-0.032246591617011044,-0.15206038940740566
164,adaptshrink,4,-0.7488046757284138,-0.9548922709802478,-0.5427170804765798,-0.7881161739611159
164,adaptshrink,5,0.13396272566639256,-0.07395216649139494,0.34187761782418,0.09246859265787365
165,common_DL,1,-0.11857741349253662,-0.523860757276439,0.2867059302913658,-0.3071936211350667
165,common_DL,2,0.197844076981533,-0.3353810918814601,0.731069245844526,0.3223196155127975
165,common_DL,3,-0.09437267155638526,-0.6545064726301432,0.4657611295173726,0.09648873512835761
165,common_DL,4,-0.2337833152149,-0.7645903246052205,0.2970236941754204,-0.12040545369654372
165,common_DL,5,0.6549763173559439,0.2510066832839648,1.058945951427923,0.628686832002041
165,comp_specific,1,-0.2140996494275677,-0.5931156638648901,0.1649163650097547,-0.3071936211350667
165,comp_specific,2,0.11077980389274783,-0.5404952075207163,0.7620548153062119,0.3223196155127975
165,comp_specific,3,0.027542760109269815,-0.4904017150385749,0.5454872352571145,0.09648873512835761
165,comp_specific,4,-0.38425871791076505,-1.0301804281950329,0.26166299237350277,-0.12040545369654372
165,comp_specific,5,0.546040219107211,0.24936200510198192,0.8427184331124401,0.628686832002041
165,adaptshrink,1,-0.1716192576978617,-0.5641410236472446,0.22090250825152116,-0.3071936211350667
165,adaptshrink,2,0.1426487325697039,-0.4649991561271132,0.750296621266521,0.3223196155127975
165,adaptshrink,3,-0.031768070132155685,-0.5785585053890346,0.5150223651247233,0.09648873512835761
165,adaptshrink,4,-0.32541445097386323,-0.9063553717481228,0.2555264698003963,-0.12040545369654372
165,adaptshrink,5,0.5976872935653281,0.24869341228623293,0.9466811748444233,0.628686832002041
166,common_DL,1,0.18720832131979886,-0.20248475420559425,0.5769013968451919,0.14319478577631145
166,common_DL,2,0.06264777921575614,-0.32189817143635613,0.44719372986786843,-0.10727839849135457
166,common_DL,3,0.7196231979641337,0.3357096010013265,1.1035367949269408,0.6482455439549978
166,common_DL,4,-0.6454795531996405,-1.0547309293512055,-0.23622817704807536,-0.21216249158046482
166,common_DL,5,0.40596890380688266,0.02358858715789064,0.7883492204558746,0.5766905524326984
166,comp_specific,1,0.29771402976559325,-0.1367356707965301,0.7321637303277166,0.14319478577631145
166,comp_specific,2,-0.013316672540055086,-0.4690948318969853,0.44246148681687514,-0.10727839849135457
166,comp_specific,3,0.7459556109919969,0.5778689257154026,0.9140422962685912,0.6482455439549978
166,comp_specific,4,-0.6093314273854922,-1.1863775435242205,-0.032285311246763926,-0.21216249158046482
166,comp_specific,5,0.6177532257470761,0.43550940654436376,0.7999970449497885,0.5766905524326984
166,adaptshrink,1,0.24226032281807755,-0.17293899529360482,0.65745964092976,0.14319478577631145
166,adaptshrink,2,0.01460822996781666,-0.41382906628530836,0.44304552622094173,-0.10727839849135457
166,adaptshrink,3,0.7136978012529456,0.40022686636355587,1.0271687361423352,0.6482455439549978
166,adaptshrink,4,-0.642603586766645,-1.1517211486287882,-0.13348602490450168,-0.21216249158046482
166,adaptshrink,5,0.49607941194071137,0.1808071911614763,0.8113516327199464,0.5766905524326984
167,common_DL,1,-0.5207440225530986,-0.9698461067435169,-0.07164193836268024,-0.2795354549176197
167,common_DL,2,1.0349261913346093,0.6777699491117686,1.39208243355745,0.8694274046645102
167,common_DL,3,-0.2142157917724084,-0.5243736902987952,0.0959421067539784,-0.22680988902756835
167,common_DL,4,-0.08825263390975674,-0.46310041692245235,0.2865951491029389,0.07173150483661767
167,common_DL,5,0.7753614223066267,0.41195485440860696,1.1387679902046466,0.46509908394872296
167,comp_specific,1,-0.46252807531806717,-0.7791502059932569,-0.14590594464287743,-0.2795354549176197
167,comp_specific,2,1.0840871250860795,0.8963453307386731,1.271828919433486,0.8694274046645102
167,comp_specific,3,-0.25796080360528106,-0.4354110873823464,-0.08051051982821572,-0.22680988902756835
167,comp_specific,4,-0.05049167151998554,-0.6200425320395975,0.5190591889996263,0.07173150483661767
167,comp_specific,5,0.693872966605199,0.41245232704246726,0.9752936061679308,0.46509908394872296
167,adaptshrink,1,-0.5078329905183896,-0.9198476893185681,-0.09581829171821116,-0.2795354549176197
167,adaptshrink,2,1.0687633912901162,0.7385347832635859,1.3989919993166464,0.8694274046645102
167,adaptshrink,3,-0.22917810141513045,-0.4886745237324002,0.030318320902139317,-0.22680988902756835
167,adaptshrink,4,-0.056804343327551465,-0.5287482866822536,0.41513960002715067,0.07173150483661767
167,adaptshrink,5,0.7358181279986973,0.3870145959493889,1.0846216600480056,0.46509908394872296
168,common_DL,1,0.738924934721381,0.37557581806568946,1.1022740513770726,0.4981703288459524
168,common_DL,2,-0.9952433941306421,-1.2017655211351066,-0.7887212671261777,-0.9879121307833769
168,common_DL,3,-0.22167770866819295,-0.4107741549812455,-0.03258126235514042,-0.0009642520802468005
168,common_DL,4,-1.142771988389549,-1.3836272873650004,-0.9019166894140979,-0.6927275558894364
168,common_DL,5,-0.0034512784129504537,-0.24083920462574118,0.23393664779984027,0.037485991053294795
168,comp_specific,1,0.7108932428408061,0.3427206964284293,1.079065789253183,0.4981703288459524
168,comp_specific,2,-1.0542099858047018,-1.2762628185295002,-0.8321571530799036,-0.9879121307833769
168,comp_specific,3,-0.28182077641187686,-0.538223553845256,-0.025417998978497724,-0.0009642520802468005
168,comp_specific,4,-1.086981422792753,-1.368041046881155,-0.805921798704351,-0.6927275558894364
168,comp_specific,5,-0.015564292025959381,-0.24103297963636755,0.2099043955844488,0.037485991053294795
168,adaptshrink,1,0.722096067490331,0.35377199381075103,1.0904201411699108,0.4981703288459524
168,adaptshrink,2,-1.0093428771972808,-1.2173165205885719,-0.8013692338059897,-0.9879121307833769
168,adaptshrink,3,-0.2615821108508904,-0.4936444252851939,-0.029519796416586863,-0.0009642520802468005
168,adaptshrink,4,-1.1368411665651663,-1.3850504106474466,-0.888631922482886,-0.6927275558894364
168,adaptshrink,5,-0.0073624773374235675,-0.2387925935146543,0.22406763883980715,0.037485991053294795
169,common_DL,1,1.1621284921491943,0.7848105441123667,1.539446440186022,1.000742024937115
169,common_DL,2,-0.8969647623591244,-1.2164969390806535,-0.5774325856375953,-0.6316804716147246
169,common_DL,3,0.06951206509539079,-0.21782994978308304,0.35685407997386465,0.18636992588727963
169,common_DL,4,-0.1044907358091584,-0.3955792684357655,0.1865977968174487,0.299253623242315
169,common_DL,5,0.17134393567923523,-0.19212289060931315,0.5348107619677835,0.22705568312792285
169,comp_specific,1,1.155248555705537,0.8240022565408047,1.4864948548702692,1.000742024937115
169,comp_specific,2,-0.8681060808355123,-1.161939156855628,-0.5742730048153966,-0.6316804716147246
169,comp_specific,3,0.1643089913295449,-0.0292861965869807,0.35790417924607054,0.18636992588727963
169,comp_specific,4,-0.0826259116964376,-0.48587855035321437,0.3206267269603392,0.299253623242315
169,comp_specific,5,0.21796978973221523,-0.06820930567403502,0.5041488851384655,0.22705568312792285
169,adaptshrink,1,1.1586768925594781,0.8009647702348863,1.51638901488407,1.000742024937115
169,adaptshrink,2,-0.8820578916434707,-1.1885234114519272,-0.5755923718350141,-0.6316804716147246
169,adaptshrink,3,0.1206128874407638,-0.13342512077779822,0.37465089565932586,0.18636992588727963
169,adaptshrink,4,-0.08473978266585018,-0.4498559581881754,0.28037639285647503,0.299253623242315
169,adaptshrink,5,0.18949965658755363,-0.13959115210994066,0.5185904652850479,0.22705568312792285
170,common_DL,1,0.46680905560349695,0.04246650994968154,0.8911516012573124,0.6074360204339552
170,common_DL,2,0.054540592694511295,-0.33687104862665895,0.4459522340156815,0.03480055964009946
170,common_DL,3,0.271461266795216,-0.1723272220128405,0.7152497556032724,0.05426278681842167
170,common_DL,4,0.25219682448670255,-0.24626889458555662,0.7506625435589618,0.1716413857368062
170,common_DL,5,-0.1606240430338596,-0.7440720954976049,0.42282400942988574,-0.22487119817296292
170,comp_specific,1,0.39075923059050227,0.21818763000754526,0.5633308311734593,0.6074360204339552
170,comp_specific,2,-0.10794215153332896,-0.63104879301081,0.415164489944152,0.03480055964009946
170,comp_specific,3,0.18343387447361717,-0.1085534150331017,0.47542116398033607,0.05426278681842167
170,comp_specific,4,0.24695153583141172,-0.20257248354300322,0.6964755552058266,0.1716413857368062
170,comp_specific,5,-0.24120668791579947,-0.7634811797378531,0.2810678039062542,-0.22487119817296292
170,adaptshrink,1,0.4391088641369531,0.0963609221966722,0.781856806077234,0.6074360204339552
170,adaptshrink,2,-0.04753992114385597,-0.524192010685889,0.42911216839817706,0.03480055964009946
170,adaptshrink,3,0.23401583197790365,-0.14669158160482199,0.6147232455606293,0.05426278681842167
170,adaptshrink,4,0.24963626928223762,-0.2282956837662379,0.7275682223307132,0.1716413857368062
170,adaptshrink,5,-0.20176751610122884,-0.7732739500949266,0.3697389178924689,-0.22487119817296292
171,common_DL,1,-0.03688892808262485,-0.4240400147519909,0.3502621585867412,0.02635601142514496
171,common_DL,2,0.4040887281158709,-0.03023226527490902,0.8384097215066508,0.5995488162124195
171,common_DL,3,-0.33270947026126235,-0.7525424340132529,0.08712349349072823,-0.3336601305271296
171,common_DL,4,0.39125550533634773,-0.032149061654189515,0.814660072326885,0.41746637147545557
171,common_DL,5,0.09210378244919559,-0.29002848668928255,0.47423605158767373,0.3770877991925465
171,comp_specific,1,-0.04690298693157158,-0.24304858131503368,0.14924260745189052,0.02635601142514496
171,comp_specific,2,0.4374491005329909,0.18524594055854815,0.6896522605074337,0.5995488162124195
171,comp_specific,3,-0.33148680968577704,-0.7079986212916247,0.045025001920070695,-0.3336601305271296
171,comp_specific,4,0.38430073750062665,-0.025347728388664614,0.7939492033899179,0.41746637147545557
171,comp_specific,5,0.05330131241247342,-0.4649296274537961,0.5715322522787429,0.3770877991925465
171,adaptshrink,1,-0.04281429856474349,-0.3774477184466098,0.2918191213171228,0.02635601142514496
171,adaptshrink,2,0.4182716893479578,0.057451817959253915,0.7790915607366616,0.5995488162124195
171,adaptshrink,3,-0.33208970768757606,-0.7291555576569881,0.06497614228183601,-0.3336601305271296
171,adaptshrink,4,0.3804292292570821,-0.043373732209254556,0.8042321907234188,0.41746637147545557
171,adaptshrink,5,0.06098501315406796,-0.4012373804253895,0.5232074067335254,0.3770877991925465
172,common_DL,1,0.18946060394285197,-0.3340695368419046,0.7129907447276085,0.12656631539189023
172,common_DL,2,-0.35609783363117026,-0.705527443981977,-0.006668223280363483,-0.5886781928261777
172,common_DL,3,0.33647611531783933,-0.12542007065723326,0.7983723012929119,0.13243028399817106
172,common_DL,4,-0.39476766392624757,-0.7533426218060766,-0.036192706046418555,-0.5030312046282165
172,common_DL,5,-0.24187014695316084,-0.6966150450375361,0.21287475113121446,-0.1711366089259745
172,comp_specific,1,0.18490572061770122,-0.1718536943269165,0.541665135562319,0.12656631539189023
172,comp_specific,2,-0.3617555811035695,-0.7016348211699661,-0.02187634103717284,-0.5886781928261777
172,comp_specific,3,0.4375628997524597,-0.19417270477113696,1.0692985042760563,0.13243028399817106
172,comp_specific,4,-0.4128978340946913,-0.82261926296972,-0.003176405219662559,-0.5030312046282165
172,comp_specific,5,-0.20344637611646332,-0.4178069624430989,0.01091421021017222,-0.1711366089259745
172,adaptshrink,1,0.19068488857187155,-0.2890011520890996,0.6703709292328427,0.12656631539189023
172,adaptshrink,2,-0.358629333129308,-0.7079659983514957,-0.0092926679071203,-0.5886781928261777
172,adaptshrink,3,0.3943038741968466,-0.15028390096372918,0.9388916493574224,0.13243028399817106
172,adaptshrink,4,-0.40443670633428935,-0.795276016901742,-0.013597395766836717,-0.5030312046282165
172,adaptshrink,5,-0.23818562073583405,-0.6282740076293587,0.15190276615769055,-0.1711366089259745
173,common_DL,1,-0.3576766220777622,-0.7657202998041246,0.05036705564860028,-0.397725249713622
173,common_DL,2,-0.6824834563944306,-1.127881906449315,-0.23708500633954627,-0.49878666090372875
173,common_DL,3,-0.28786633605327505,-0.6830675507036654,0.10733487859711538,-0.07648015221359074
173,common_DL,4,0.3968683018799707,-0.0286898895884114,0.8224264933483527,0.3025743757847332
173,common_DL,5,0.2705873391988501,-0.19906857392975835,0.7402432523274585,0.17836660435656396
173,comp_specific,1,-0.3679380600820717,-0.6051693803587439,-0.13070673980539946,-0.397725249713622
173,comp_specific,2,-0.7186094718841487,-1.2509759168448562,-0.1862430269234412,-0.49878666090372875
173,comp_specific,3,-0.3476900755445132,-1.0291187567959563,0.33373860570693,-0.07648015221359074
173,comp_specific,4,0.36522871551787467,0.10211297622865056,0.6283444548070988,0.3025743757847332
173,comp_specific,5,0.21998539216200214,0.020464097628402872,0.4195066866956014,0.17836660435656396
173,adaptshrink,1,-0.3670897877489954,-0.7086036675819313,-0.02557590791605957,-0.397725249713622
173,adaptshrink,2,-0.6997315096508211,-1.1853247967181386,-0.2141382225835035,-0.49878666090372875
173,adaptshrink,3,-0.29880073729345746,-0.8541355300150989,0.25653405542818397,-0.07648015221359074
173,adaptshrink,4,0.385063057077493,0.02585382710391171,0.7442722870510743,0.3025743757847332
173,adaptshrink,5,0.26581842218369944,-0.13725859877135183,0.6688954431387507,0.17836660435656396
174,common_DL,1,0.4935145722698577,0.17170759420322723,0.8153215503364881,0.48241249490283444
174,common_DL,2,0.03068013662292235,-0.19570586338203624,0.2570661366278809,0.11516469997775218
174,common_DL,3,0.6318635639848855,0.37697008961993494,0.8867570383498361,0.6944787062231643
174,common_DL,4,0.24234552148071817,0.010631429958088023,0.4740596130033483,0.23835964400846957
174,common_DL,5,0.06795217681722976,-0.17136794185096976,0.3072722954854293,0.2188308658767006
174,comp_specific,1,0.4893124075510993,0.21641590486554607,0.7622089102366525,0.48241249490283444
174,comp_specific,2,0.0329565360916364,-0.20599977173298548,0.27191284391625825,0.11516469997775218
174,comp_specific,3,0.6241743155404202,0.24682770948534555,1.001520921595495,0.6944787062231643
174,comp_specific,4,0.2845959611893632,0.12947254494898977,0.43971937742973666,0.23835964400846957
174,comp_specific,5,0.04971694043262995,-0.2121224177396698,0.3115562986049297,0.2188308658767006
174,adaptshrink,1,0.49073113279443803,0.19110516728990412,0.7903570982989719,0.48241249490283444
174,adaptshrink,2,0.025354931831311822,-0.20800161703762451,0.2587114807002482,0.11516469997775218
174,adaptshrink,3,0.6027551143584975,0.2820093644786802,0.9235008642383148,0.6944787062231643
174,adaptshrink,4,0.25556499082564665,0.057032371902810464,0.45409760974848284,0.23835964400846957
174,adaptshrink,5,0.057657781954950416,-0.19341035325240896,0.3087259171623098,0.2188308658767006
175,common_DL,1,-0.01777374766375328,-0.49845209835299353,0.46290460302548697,-0.38781128863805836
175,common_DL,2,0.8464117215988003,0.3081562888602395,1.384667154337361,0.9392398931771024
175,common_DL,3,0.5303511740979368,-0.08117495740688108,1.1418773056027547,0.46241985417445064
175,common_DL,4,0.29184649427590337,-0.17296531381943353,0.7566583023712403,-0.04049065825027863
175,common_DL,5,-0.3457778140858036,-0.7926154216976118,0.10105979352600464,-0.3012614966851476
175,comp_specific,1,-0.021597820906692544,-0.4826459227401689,0.4394502809267838,-0.38781128863805836
175,comp_specific,2,0.849688423538433,0.39453340208900733,1.3048434449878585,0.9392398931771024
175,comp_specific,3,0.5621834162662502,0.20247754473548574,0.9218892877970147,0.46241985417445064
175,comp_specific,4,0.3531246563626161,-0.22414192413391892,0.9303912368591511,-0.04049065825027863
175,comp_specific,5,-0.2268829638767208,-0.5001385248819326,0.046372597128490955,-0.3012614966851476
175,adaptshrink,1,-0.018565451077778128,-0.49133950211071015,0.4542085999551539,-0.38781128863805836
175,adaptshrink,2,0.8472014751142756,0.34239402038559064,1.3520089298429605,0.9392398931771024
175,adaptshrink,3,0.5358834765603417,-0.005741189392477919,1.0775081425131614,0.46241985417445064
175,adaptshrink,4,0.3277821014327342,-0.1934172857691851,0.8489814886346534,-0.04049065825027863
175,adaptshrink,5,-0.3003421423914421,-0.6900254527221455,0.08934116793926139,-0.3012614966851476
176,common_DL,1,0.5102468867707671,-0.0974532581439429,1.1179470316854772,0.45037575547345704
176,common_DL,2,-0.29457882974095384,-0.7285087871404152,0.1393511276585075,-0.26869011470172044
176,common_DL,3,0.05796999405658486,-0.45252440430183194,0.5684643924150017,-0.11401381902836452
176,common_DL,4,-0.8883751053691591,-1.3326473290022587,-0.4441028817360595,-0.8489661989784972
176,common_DL,5,0.3514364644412711,-0.03752922905394257,0.7404021579364848,0.3343609472465921
176,comp_specific,1,0.5350765211871285,0.18810636979845435,0.8820466725758025,0.45037575547345704
176,comp_specific,2,-0.17724282980041223,-0.7947328681451813,0.4402472085443569,-0.26869011470172044
176,comp_specific,3,0.11547457792340642,-0.20241614655226903,0.4333653023990819,-0.11401381902836452
176,comp_specific,4,-0.8689051223874571,-1.321092139687692,-0.4167181050872222,-0.8489661989784972
176,comp_specific,5,0.42529357574116455,0.2598900954119814,0.5906970560703477,0.3343609472465921
176,adaptshrink,1,0.5163618843837698,-0.02004033977429409,1.0527641085418338,0.45037575547345704
176,adaptshrink,2,-0.2304904094939021,-0.7737173036307138,0.3127364846429096,-0.26869011470172044
176,adaptshrink,3,0.07968800417799211,-0.3873840821802224,0.5467600905362067,-0.11401381902836452
176,adaptshrink,4,-0.8824518896181093,-1.333791125199472,-0.4311126540367465,-0.8489661989784972
176,adaptshrink,5,0.37914410892831063,0.0828127005737721,0.6754755172828492,0.3343609472465921
177,common_DL,1,0.41733430311605446,0.05334959361026953,0.7813190126218394,0.37271175945079793
177,common_DL,2,-0.41516550609844094,-0.7191493073109335,-0.11118170488594836,-0.43963224214356444
177,common_DL,3,0.33779057205589036,-0.031023237608529874,0.7066043817203106,0.31920394501579413
177,common_DL,4,-0.8480554651182615,-1.3166883885908014,-0.37942254164572153,-0.8017745025717772
177,common_DL,5,-0.16238435357244843,-0.4872924704177525,0.16252376327285564,-0.4259910280787971
177,comp_specific,1,0.39189282911912054,0.16919038092502078,0.6145952773132203,0.37271175945079793
177,comp_specific,2,-0.40910770777594824,-0.776292678725653,-0.04192273682624342,-0.43963224214356444
177,comp_specific,3,0.3375075503183657,0.15334284205901605,0.5216722585777154,0.31920394501579413
177,comp_specific,4,-0.8785554374186544,-1.297491202345408,-0.4596196724919009,-0.8017745025717772
177,comp_specific,5,-0.24372609704834414,-0.5560197364159548,0.06856754231926654,-0.4259910280787971
177,adaptshrink,1,0.41214212569943437,0.10348655203118129,0.7207976993676874,0.37271175945079793
177,adaptshrink,2,-0.4024758022881549,-0.7498366997913339,-0.05511490478497583,-0.43963224214356444
177,adaptshrink,3,0.33915679544076116,0.03291591020251844,0.6453976806790038,0.31920394501579413
177,adaptshrink,4,-0.8634509397760152,-1.3022210150880806,-0.42468086446394976,-0.8017745025717772
177,adaptshrink,5,-0.1919021031955881,-0.5071315698971359,0.12332736350595974,-0.4259910280787971
178,common_DL,1,-0.16904057905695036,-0.45345386530783827,0.11537270719393755,-0.1421540661697562
178,common_DL,2,0.3487542168257598,0.02626325010998204,0.6712451835415376,0.8374860379041325
178,common_DL,3,-0.9528879413703618,-1.2365835677679102,-0.6691923149728134,-0.8319914662763432
178,common_DL,4,-1.3078077305321798,-1.6048471640458302,-1.0107682970185294,-1.3021532838315462
178,common_DL,5,0.22561943158403097,-0.07794159034471548,0.5291804535127774,0.2305899628812069
178,comp_specific,1,-0.15478287090392806,-0.3658775833551668,0.05631184154731067,-0.1421540661697562
178,comp_specific,2,0.45921611210239144,0.0601478891423497,0.8582843350624332,0.8374860379041325
178,comp_specific,3,-0.8245860238998644,-1.0193893510101624,-0.6297826967895662,-0.8319914662763432
178,comp_specific,4,-1.291471471854549,-1.5905022541917073,-0.9924406895173907,-1.3021532838315462
178,comp_specific,5,0.20271286168929337,-0.057508029942405836,0.46293375332099257,0.2305899628812069
178,adaptshrink,1,-0.16098368350970127,-0.40985077834295586,0.08788341132355332,-0.1421540661697562
178,adaptshrink,2,0.4183104329034816,0.04962661155876935,0.7869942542481938,0.8374860379041325
178,adaptshrink,3,-0.8964486860254992,-1.150816838171299,-0.6420805338796993,-0.8319914662763432
178,adaptshrink,4,-1.3024781422930811,-1.601684642072642,-1.0032716425135202,-1.3021532838315462
178,adaptshrink,5,0.2130544164755116,-0.06894380841327341,0.4950526413642966,0.2305899628812069
179,common_DL,1,-1.0837529736229967,-1.4374752471721992,-0.7300307000737942,-0.8401133202864346
179,common_DL,2,-0.4317498200208975,-0.7820857102076093,-0.08141392983418577,-0.5097021640772805
179,common_DL,3,-0.4904073512123672,-0.7324388940386654,-0.24837580838606907,-0.47950239867220235
179,common_DL,4,-0.7260733369068878,-0.9930630823085611,-0.4590835915052145,-0.6656232533377405
179,common_DL,5,0.3568224963607664,0.06872150929285786,0.644923483428675,-0.07623009978124755
179,comp_specific,1,-1.089576615530044,-1.412602202585926,-0.7665510284741619,-0.8401133202864346
179,comp_specific,2,-0.42156500718176043,-0.9803991977503508,0.13726918338682997,-0.5097021640772805
179,comp_specific,3,-0.5061008283689487,-0.6544677203009195,-0.3577339364369778,-0.47950239867220235
179,comp_specific,4,-0.7815280164688403,-1.085443489937342,-0.4776125430003385,-0.6656232533377405
179,comp_specific,5,0.3409114684544122,-0.026076913636863985,0.7078998505456884,-0.07623009978124755
179,adaptshrink,1,-1.0888718806638589,-1.4336915292463395,-0.7440522320813783,-0.8401133202864346
179,adaptshrink,2,-0.42198004479393625,-0.8563521024964373,0.012392012908564898,-0.5097021640772805
179,adaptshrink,3,-0.49470738008333204,-0.7029698487911236,-0.2864449113755405,-0.47950239867220235
179,adaptshrink,4,-0.7576137306978211,-1.0484630497081637,-0.4667644116874784,-0.6656232533377405
179,adaptshrink,5,0.34767191713440626,0.017415918717711087,0.6779279155511014,-0.07623009978124755
180,common_DL,1,-0.6062438875497188,-0.9061933410874525,-0.30629443401198514,-0.33305019592715934
180,common_DL,2,-0.630138330093468,-0.8639683626222596,-0.3963082975646764,-0.9069474484648142
180,common_DL,3,-0.6594522482017499,-0.9065952591793133,-0.41230923722418644,-0.6608269672261214
180,common_DL,4,-0.9138049376432436,-1.199205729333109,-0.6284041459533781,-0.8039415597159174
180,common_DL,5,0.390534426843198,0.10555049017801982,0.6755183635083761,0.5375447465376304
180,comp_specific,1,-0.5917445142730223,-0.8497185247298907,-0.3337705038161539,-0.33305019592715934
180,comp_specific,2,-0.6129228355385341,-0.915512547737123,-0.3103331233399452,-0.9069474484648142
180,comp_specific,3,-0.6635370202027886,-0.8250823189813254,-0.5019917214242517,-0.6608269672261214
180,comp_specific,4,-0.9051486688424961,-1.271043180165046,-0.5392541575199463,-0.8039415597159174
180,comp_specific,5,0.39753092315862165,0.16152471030975146,0.6335371360074918,0.5375447465376304
180,adaptshrink,1,-0.598664087859728,-0.8833806444890218,-0.31394753123043434,-0.33305019592715934
180,adaptshrink,2,-0.622719372687407,-0.8983945550649198,-0.3470441903098941,-0.9069474484648142
180,adaptshrink,3,-0.6603199755734073,-0.8667490773881319,-0.45389087375868264,-0.6608269672261214
180,adaptshrink,4,-0.909470824104931,-1.2401505734929543,-0.5787910747169077,-0.8039415597159174
180,adaptshrink,5,0.3950074751567745,0.13271934802397173,0.6572956022895773,0.5375447465376304
181,common_DL,1,-0.562853574495254,-0.8166327021812063,-0.3090744468093016,-0.4760850532918028
181,common_DL,2,-0.8618263057577246,-1.1598365780792401,-0.563816033436209,-0.4274991806797582
181,common_DL,3,0.7712001024886171,0.4426039538462059,1.0997962511310284,0.5501678708361658
181,common_DL,4,-0.3160116096766107,-0.603651151557927,-0.028372067795294276,0.0377383581235642
181,common_DL,5,-0.7789257116466315,-1.0627774798503353,-0.4950739434429277,-0.6633116182910951
181,comp_specific,1,-0.6157832891911901,-0.8834468315214234,-0.34811974686095665,-0.4760850532918028
181,comp_specific,2,-0.8120527780802118,-1.151511484399811,-0.4725940717606125,-0.4274991806797582
181,comp_specific,3,0.7504743208970228,0.3736647551560574,1.1272838866379882,0.5501678708361658
181,comp_specific,4,-0.3055729665786024,-0.6551222624410524,0.04397632928384765,0.0377383581235642
181,comp_specific,5,-0.7502467442221208,-0.9823366360444103,-0.5181568523998312,-0.6633116182910951
181,adaptshrink,1,-0.572858241405263,-0.8262443747676417,-0.3194721080428843,-0.4760850532918028
181,adaptshrink,2,-0.8153850573376693,-1.1424201557500517,-0.4883499589252868,-0.4274991806797582
181,adaptshrink,3,0.7683727676197203,0.42706456569637713,1.1096809695430634,0.5501678708361658
181,adaptshrink,4,-0.3073789413575958,-0.6229828863145397,0.00822500359934808,0.0377383581235642
181,adaptshrink,5,-0.7617735404152615,-1.0172152759764597,-0.5063318048540633,-0.6633116182910951
182,common_DL,1,-0.010146901670193727,-0.343674136493104,0.3233803331527166,-0.04707208268738324
182,common_DL,2,-0.5348582408045903,-0.8867640161445235,-0.18295246546465715,-0.3346437723910358
182,common_DL,3,0.09032179001182092,-0.2932614910206509,0.4739050710442927,0.38297381262734315
182,common_DL,4,0.40964698603006094,0.015160033618375146,0.8041339384417467,0.27101565658128185
182,common_DL,5,0.1812146658168936,-0.13586868847471284,0.49829802010850005,0.2691233923737743
182,comp_specific,1,0.1312955758162183,-0.09598264345962829,0.3585737950920649,-0.04707208268738324
182,comp_specific,2,-0.5419935470445602,-0.8889401225142066,-0.19504697157491369,-0.3346437723910358
182,comp_specific,3,0.11750710221880678,-0.21507295171279595,0.4500871561504095,0.38297381262734315
182,comp_specific,4,0.3642811916132632,-0.04526302200403265,0.7738254052305591,0.27101565658128185
182,comp_specific,5,0.14958208686407146,-0.22988893396817475,0.5290531076963176,0.2691233923737743
182,adaptshrink,1,0.042949407991167414,-0.2538872729306012,0.33978608891293605,-0.04707208268738324
182,adaptshrink,2,-0.5375953727265487,-0.886932865151419,-0.18825788030167828,-0.3346437723910358
182,adaptshrink,3,0.10203850030004108,-0.2581081230118531,0.46218512361193526,0.38297381262734315
182,adaptshrink,4,0.39433354295056294,-0.013253745013865836,0.8019208309149917,0.27101565658128185
182,adaptshrink,5,0.18802761312500496,-0.15248399984956465,0.5285392260995746,0.2691233923737743
183,common_DL,1,-0.04011900383294836,-0.3159233913500808,0.23568538368418407,-0.28609877775662634
183,common_DL,2,0.5585814254026928,0.30252277995933585,0.8146400708460498,0.6044748165810009
183,common_DL,3,0.09143854699470072,-0.21789819475764483,0.40077528874704627,0.04198995935027217
183,common_DL,4,0.5110399595011407,0.22835442094912306,0.7937254980531583,0.6418010194701711
183,common_DL,5,0.47551354136725943,0.24641767283712102,0.7046094098973978,0.31675810568028023
183,comp_specific,1,-0.10475250047597662,-0.27760072997939333,0.06809572902744007,-0.28609877775662634
183,comp_specific,2,0.5056433657928772,0.11058703891593857,0.9006996926698158,0.6044748165810009
183,comp_specific,3,0.06040780006027846,-0.18158330612216564,0.3023989062427226,0.04198995935027217
183,comp_specific,4,0.5142210591478997,0.35270959263364876,0.6757325256621507,0.6418010194701711
183,comp_specific,5,0.41768030853446614,0.2322551217770665,0.6031054952918657,0.31675810568028023
183,adaptshrink,1,-0.06189757747657537,-0.2989045232787768,0.17510936832562604,-0.28609877775662634
183,adaptshrink,2,0.5294320595871916,0.1842440035213318,0.8746201156530515,0.6044748165810009
183,adaptshrink,3,0.08161551167221703,-0.19814506066882132,0.3613760840132554,0.04198995935027217
183,adaptshrink,4,0.507294076357212,0.26927761837616676,0.7453105343382573,0.6418010194701711
183,adaptshrink,5,0.4432281225162119,0.2328357811818856,0.6536204638505382,0.31675810568028023
184,common_DL,1,-0.42634879191613617,-0.7619055159514545,-0.0907920678808179,-0.38976526267981276
184,common_DL,2,0.7128030394247848,0.35076119682817913,1.0748448820213905,0.6920470789080365
184,common_DL,3,0.6574631778469956,0.29421137987531126,1.02071497581868,0.7960176290478854
184,common_DL,4,-0.21855998111649633,-0.5886140035998064,0.15149404136681377,0.0732501238740105
184,common_DL,5,-0.18682633275615684,-0.5080055267147134,0.1343528612023998,0.14026183377210721
184,comp_specific,1,-0.5526680620324533,-0.7176006131898814,-0.3877355108750252,-0.38976526267981276
184,comp_specific,2,0.6891216999001915,0.07987178337268652,1.2983716164276964,0.6920470789080365
184,comp_specific,3,0.6789418551483271,0.3968797497480898,0.9610039605485643,0.7960176290478854
184,comp_specific,4,-0.19788314705146381,-0.5206680191166471,0.12490172501371938,0.0732501238740105
184,comp_specific,5,-0.11063304306655214,-0.31932702597920926,0.09806093984610495,0.14026183377210721
184,adaptshrink,1,-0.47931042101147614,-0.74899794608787,-0.20962289593508238,-0.38976526267981276
184,adaptshrink,2,0.6951052341252709,0.19340349260444223,1.1968069756460995,0.6920470789080365
184,adaptshrink,3,0.6659582180882114,0.338449717502836,0.9934667186735868,0.7960176290478854
184,adaptshrink,4,-0.20959966662121227,-0.5571882212064805,0.1379888879640559,0.0732501238740105
184,adaptshrink,5,-0.15688565352607817,-0.42979707841123926,0.1160257713590829,0.14026183377210721
185,common_DL,1,0.3312028042784271,0.052107530730449436,0.6102980778264047,0.4461349550270579
185,common_DL,2,0.6610351504283372,0.4075872465753175,0.9144830542813569,0.5140267970019871
185,common_DL,3,0.10347839036045772,-0.18567351967605902,0.39263030039697444,0.02488743841643732
185,common_DL,4,0.13762496924034145,-0.16525777370855332,0.44050771218923623,0.0006715146098697765
185,common_DL,5,0.15156470041267972,-0.13846453629347905,0.4415939371188385,0.14321941607181085
185,comp_specific,1,0.30868642172388366,0.0787456539164085,0.5386271895313588,0.4461349550270579
185,comp_specific,2,0.6197996661072231,0.31753673874286753,0.9220625934715787,0.5140267970019871
185,comp_specific,3,0.09342970610905152,-0.11190293538123405,0.29876234759933706,0.02488743841643732
185,comp_specific,4,0.10232476221082357,-0.28962504028497715,0.49427456470662423,0.0006715146098697765
185,comp_specific,5,0.16667353472575028,-0.0005735242412650554,0.3339205936927656,0.14321941607181085
185,adaptshrink,1,0.31857876031716836,0.05995849420948929,0.5771990264248474,0.4461349550270579
185,adaptshrink,2,0.6342116567004923,0.3521149247126434,0.9163083886883412,0.5140267970019871
185,adaptshrink,3,0.10185837025854214,-0.1640374117886154,0.36775415230569963,0.02488743841643732
185,adaptshrink,4,0.1164074452670322,-0.23544288274208078,0.46825777327614515,0.0006715146098697765
185,adaptshrink,5,0.15434721177880523,-0.09762704138370454,0.406321464941315,0.14321941607181085
186,common_DL,1,-0.24736704062474718,-0.664013756647049,0.16927967539755467,-0.15331941162267376
186,common_DL,2,0.39113197065695315,0.03771854384703227,0.7445453974668741,0.4870477368081019
186,common_DL,3,-0.4643872737090191,-0.802778571049449,-0.12599597636858922,-0.4090368190790901
186,common_DL,4,0.27313831559743373,-0.06436788648120673,0.6106445176760742,0.28250461175127367
186,common_DL,5,0.5968202623449256,0.23133762408168573,0.9623029006081654,0.33586797546570774
186,comp_specific,1,-0.23585220586785716,-0.4486188087280607,-0.023085603007653638,-0.15331941162267376
186,comp_specific,2,0.31028652015028413,-0.25629749432125604,0.8768705346218243,0.4870477368081019
186,comp_specific,3,-0.35941403969875163,-0.6900479560587024,-0.028780123338800867,-0.4090368190790901
186,comp_specific,4,0.30753130318242117,0.0243340345358542,0.5907285718289881,0.28250461175127367
186,comp_specific,5,0.6222392899631503,0.3616891916599936,0.8827893882663069,0.33586797546570774
186,adaptshrink,1,-0.24309208555079445,-0.5922684121539069,0.10608424105231803,-0.15331941162267376
186,adaptshrink,2,0.34678220315814146,-0.11136994242566928,0.8049343487419522,0.4870477368081019
186,adaptshrink,3,-0.4208917950985849,-0.7607623422245982,-0.08102124797257154,-0.4090368190790901
186,adaptshrink,4,0.29430363971820717,-0.024747020737736547,0.6133543001741508,0.28250461175127367
186,adaptshrink,5,0.602165696954529,0.2800180175704389,0.9243133763386191,0.33586797546570774
187,common_DL,1,-0.638780127658138,-0.9131382304668691,-0.36442202484940683,-0.5652821831535624
187,common_DL,2,-0.8264260560295702,-1.027996209409818,-0.6248559026493223,-0.657904161846023
187,common_DL,3,0.03191627536284186,-0.1678156155033892,0.23164816622907292,-0.010902988974586908
187,common_DL,4,0.8710230784647599,0.6401201691742195,1.1019259877553003,0.9477953311503557
187,common_DL,5,-0.0575992190869376,-0.2588165584984049,0.14361812032452972,-0.18964160161057678
187,comp_specific,1,-0.6415016446983999,-0.9187987410756641,-0.3642045483211357,-0.5652821831535624
187,comp_specific,2,-0.8285963633781949,-1.0382627433123712,-0.6189299834440185,-0.657904161846023
187,comp_specific,3,0.008992450557515339,-0.20359025990690105,0.2215751610219317,-0.010902988974586908
187,comp_specific,4,0.8454852154065975,0.5839812907868307,1.1069891400263643,0.9477953311503557
187,comp_specific,5,-0.06342694527208963,-0.26647165321727434,0.13961776267309506,-0.18964160161057678
187,adaptshrink,1,-0.638196168482343,-0.9141616292552668,-0.3622307077094192,-0.5652821831535624
187,adaptshrink,2,-0.827254557190118,-1.0323328463329289,-0.6221762680473072,-0.657904161846023
187,adaptshrink,3,0.02701901342507826,-0.1770488106957065,0.231086837545863,-0.010902988974586908
187,adaptshrink,4,0.8706614218921083,0.627759708101571,1.1135631356826456,0.9477953311503557
187,adaptshrink,5,-0.05925598742920091,-0.2613946300814683,0.14288265522306648,-0.18964160161057678
188,common_DL,1,0.05170475297332691,-0.45815423813184886,0.5615637440785026,-0.2647976146806684
188,common_DL,2,0.415125041287019,0.007052675386814311,0.8231974071872237,0.3689165987585885
188,common_DL,3,-0.08808471271018628,-0.5840453264872273,0.4078759010668547,0.17876930698324633
188,common_DL,4,-0.39808482709772486,-0.8244630918040767,0.028293437608627015,-0.6061560365259963
188,common_DL,5,-0.8877733008318401,-1.2443511020514846,-0.5311954996121957,-0.6433965595850967
188,comp_specific,1,0.03956827514946523,-0.4300408301749806,0.509177380473911,-0.2647976146806684
188,comp_specific,2,0.6305059847437716,0.001311400385685224,1.2597005691018581,0.3689165987585885
188,comp_specific,3,-0.11696086367488986,-0.6436301253751663,0.4097083980253865,0.17876930698324633
188,comp_specific,4,-0.45994568335210717,-0.7533373236068145,-0.16655404309739985,-0.6061560365259963
188,comp_specific,5,-0.901625707968528,-1.1880899080330294,-0.6151615079040266,-0.6433965595850967
188,adaptshrink,1,0.048049413869598184,-0.4489619402985726,0.5450607680377689,-0.2647976146806684
188,adaptshrink,2,0.517421003235587,-0.0038403937299852364,1.0386824002011594,0.3689165987585885
188,adaptshrink,3,-0.09776850676193177,-0.603498979076579,0.4079619655527155,0.17876930698324633
188,adaptshrink,4,-0.41971306083724563,-0.7890355626245369,-0.050390559049954375,-0.6061560365259963
188,adaptshrink,5,-0.9001894859048871,-1.2594015765565363,-0.5409773952532378,-0.6433965595850967
189,common_DL,1,0.3237748301737365,-0.0071504731433096325,0.6547001334907826,0.2433482038737873
189,common_DL,2,-0.5060846126041959,-0.8146097154108094,-0.19755950979758247,-0.7300632130749862
189,common_DL,3,-0.0069087458113619715,-0.24874609256389096,0.23492860094116702,-0.07342028381567511
189,common_DL,4,-0.46146557906950686,-0.7894130709441376,-0.13351808719487618,-0.5488706511708504
189,common_DL,5,-0.04865381815918701,-0.27287713324278673,0.17556949692441268,-0.21616641669458864
189,comp_specific,1,0.37251027266847464,0.0033940185351338803,0.7416265268018154,0.2433482038737873
189,comp_specific,2,-0.5641278629657032,-0.9287180812885532,-0.19953764464285317,-0.7300632130749862
189,comp_specific,3,0.019649311728348703,-0.1471570981895895,0.18645572164628693,-0.07342028381567511
189,comp_specific,4,-0.4555306920641763,-0.7791627676041728,-0.13189861652417983,-0.5488706511708504
189,comp_specific,5,-0.02557650703739822,-0.24951597988850355,0.1983629658137071,-0.21616641669458864
189,adaptshrink,1,0.3395764104561856,-0.0003440195407417024,0.6794968404531129,0.2433482038737873
189,adaptshrink,2,-0.5417325499463641,-0.8841586752381693,-0.19930642465455894,-0.7300632130749862
189,adaptshrink,3,0.002413926203604727,-0.20672881601775844,0.2115566684249679,-0.07342028381567511
189,adaptshrink,4,-0.46496248713378263,-0.7856224298842963,-0.14430254438326895,-0.5488706511708504
189,adaptshrink,5,-0.03915315301472304,-0.2667778282292941,0.18847152219984797,-0.21616641669458864
190,common_DL,1,-0.22537071445916862,-0.5322360160815282,0.08149458716319091,-0.1586603208264286
190,common_DL,2,0.48486094953473385,0.15060123812555942,0.8191206609439083,0.2243008247593472
190,common_DL,3,0.5600552193770523,0.24951493672695618,0.8705955020271483,0.45330357332773347
190,common_DL,4,-0.5759887070153531,-0.9980252344013507,-0.15395217962935548,-0.6710221224015795
190,common_DL,5,-0.027920609886386297,-0.4075562268120622,0.35171500703928965,-0.015190466792881665
190,comp_specific,1,-0.27196419877895267,-0.4295791658937782,-0.11434923166412714,-0.1586603208264286
190,comp_specific,2,0.4664170185633324,-0.013996864483486193,0.946830901610151,0.2243008247593472
190,comp_specific,3,0.5581838207602203,0.2803618676128558,0.8360057739075848,0.45330357332773347
190,comp_specific,4,-0.6011372882178239,-1.0582458302903095,-0.14402874614533828,-0.6710221224015795
190,comp_specific,5,-0.0015876461730713054,-0.30696947689971676,0.3037941845535742,-0.015190466792881665
190,adaptshrink,1,-0.24497854695085636,-0.4906590163396698,0.0007019224379571087,-0.1586603208264286
190,adaptshrink,2,0.464975124540516,0.044873568909162276,0.8850766801718697,0.2243008247593472
190,adaptshrink,3,0.5642856019819875,0.26862909127358764,0.8599421126903875,0.45330357332773347
190,adaptshrink,4,-0.5929067763394821,-1.0373611702310934,-0.14845238244787073,-0.6710221224015795
190,adaptshrink,5,-0.014297666235416145,-0.3620657176832007,0.3334703852123684,-0.015190466792881665
191,common_DL,1,-0.11351292080921131,-0.6810874552572116,0.454061613638789,-0.42432543276413537
191,common_DL,2,-0.21376190240394172,-0.6608571926917672,0.23333338788388386,-0.32437595389825075
191,common_DL,3,0.4824733519749197,0.02392236422361682,0.9410243397262226,0.24243111814465756
191,common_DL,4,-0.2762484445831397,-0.9029319487951266,0.35043505962884725,-0.3576031761634107
191,common_DL,5,0.25180072733916664,-0.1973054065904996,0.700906861268833,0.2517669260263806
191,comp_specific,1,-0.0415004660371114,-0.3830488164650531,0.30004788439083036,-0.42432543276413537
191,comp_specific,2,-0.21960984031130637,-0.7090615102015334,0.2698418295789206,-0.32437595389825075
191,comp_specific,3,0.5423149857855609,-0.09383038690459977,1.1784603584757216,0.24243111814465756
191,comp_specific,4,-0.2792846314997721,-0.9251915929662141,0.3666223299666699,-0.3576031761634107
191,comp_specific,5,0.25557257145822515,-0.0031894312302973016,0.5143345741467475,0.2517669260263806
191,adaptshrink,1,-0.09209268711377444,-0.5828125771739061,0.39862720294635723,-0.42432543276413537
191,adaptshrink,2,-0.21748373377017782,-0.6875066774717111,0.2525392099313554,-0.32437595389825075
191,adaptshrink,3,0.5253946760535355,-0.023451645603588922,1.07424099771066,0.24243111814465756
191,adaptshrink,4,-0.2773018422401371,-0.9104777441965003,0.3558740597162261,-0.3576031761634107
191,adaptshrink,5,0.25832965966669014,-0.12391103880558174,0.640570358138962,0.2517669260263806
192,common_DL,1,0.3925501707734675,0.05128039040468607,0.733819951142249,0.37367586690763255
192,common_DL,2,-1.4584722858521852,-1.8979689224735414,-1.018975649230829,-1.247765113259924
192,common_DL,3,0.047613098870446215,-0.3073599889498596,0.4025861866907521,-0.2906703977370171
192,common_DL,4,0.5984392187360539,0.27161907261098756,0.9252593648611203,0.8138567791606988
192,common_DL,5,0.08111331535846272,-0.3046553387550587,0.4668819694719841,0.03348301834553009
192,comp_specific,1,0.4328969103594489,0.20732776541453968,0.6584660553043581,0.37367586690763255
192,comp_specific,2,-1.3474178656379245,-1.9539506624555742,-0.7408850688202748,-1.247765113259924
192,comp_specific,3,0.03773068510696788,-0.2785941923494947,0.3540555625634304,-0.2906703977370171
192,comp_specific,4,0.5388615564972017,0.3400194404104594,0.737703672583944,0.8138567791606988
192,comp_specific,5,0.0680567370328819,-0.2920118961268387,0.4281253701926025,0.03348301834553009
192,adaptshrink,1,0.40720549829118957,0.11002600720320554,0.7043849893791736,0.37367586690763255
192,adaptshrink,2,-1.3737291486301602,-1.8992137926833754,-0.848244504576945,-1.247765113259924
192,adaptshrink,3,0.043520563052331575,-0.29288746888006595,0.37992859498472914,-0.2906703977370171
192,adaptshrink,4,0.5996882284406058,0.3155293586398872,0.8838470982413243,0.8138567791606988
192,adaptshrink,5,0.07848645563238982,-0.29482776129526655,0.4518006725600462,0.03348301834553009
193,common_DL,1,0.038848093708355735,-0.2251282991623783,0.3028244865790898,0.06604329515611936
193,common_DL,2,-0.04593849773714223,-0.4296102709038475,0.337733275429563,0.5088796112282885
193,common_DL,3,0.7534110410933312,0.4911892317944015,1.015632850392261,0.37449016355796666
193,common_DL,4,0.1452868197123748,-0.107557489593437,0.3981311290181866,0.06966152761232271
193,common_DL,5,0.35825750666326606,0.10783273772409985,0.6086822756024323,0.24882947213463327
193,comp_specific,1,0.038846046904577075,-0.22513036616298457,0.30282245997213875,0.06604329515611936
193,comp_specific,2,-0.04698391366900642,-0.4342637733106546,0.3402959459726417,0.5088796112282885
193,comp_specific,3,0.7534109685751657,0.4911891592507136,1.0156327778996177,0.37449016355796666
193,comp_specific,4,0.19711916270236624,-0.23806414174955803,0.6323024671542905,0.06966152761232271
193,comp_specific,5,0.3582044511468042,0.10776537788642854,0.60864352440718,0.24882947213463327
193,adaptshrink,1,0.03885009072552148,-0.22512631299829072,0.3028264944493337,0.06604329515611936
193,adaptshrink,2,-0.04491851058330926,-0.43053334131837084,0.34069632015175233,0.5088796112282885
193,adaptshrink,3,0.7534111118475588,0.49118930253491433,1.0156329211602033,0.37449016355796666
193,adaptshrink,4,0.1951358982638233,-0.16884012907444454,0.5591119256020911,0.06966152761232271
193,adaptshrink,5,0.3583092716532393,0.10787681596402232,0.6087417273424562,0.24882947213463327
194,common_DL,1,0.11130134821105586,-0.22537468893777574,0.44797738535988746,0.12596429907869158
194,common_DL,2,0.2650495898192975,-0.06599043491083112,0.5960896145494261,0.2735282162908543
194,common_DL,3,-0.07512444176325381,-0.3437753121383662,0.19352642861185862,0.03470050775830132
194,common_DL,4,-0.490729793577356,-0.7912366545052165,-0.19022293264949558,-0.09161488110234542
194,common_DL,5,-0.2249105445754613,-0.5829562884377449,0.1331351992868223,-0.08285766509226705
194,comp_specific,1,0.10239957367976844,-0.15798854616539976,0.3627876935249366,0.12596429907869158
194,comp_specific,2,0.24926835222723276,-0.19253025400229506,0.6910669584567606,0.2735282162908543
194,comp_specific,3,-0.059982238525804886,-0.2967742520588032,0.17680977500719344,0.03470050775830132
194,comp_specific,4,-0.4738213648044774,-0.8403786999060454,-0.10726402970290938,-0.09161488110234542
194,comp_specific,5,-0.2261526037431847,-0.47795900871074615,0.02565380122437677,-0.08285766509226705
194,adaptshrink,1,0.10962904152071576,-0.19290627098297383,0.4121643540244053,0.12596429907869158
194,adaptshrink,2,0.2545258320389601,-0.14649944456878483,0.6555511086467051,0.2735282162908543
194,adaptshrink,3,-0.06811535144397951,-0.3260368200424364,0.18980611715447737,0.03470050775830132
194,adaptshrink,4,-0.4819479953352925,-0.8208817587687907,-0.14301423190179435,-0.09161488110234542
194,adaptshrink,5,-0.22565536749250964,-0.5328098353883307,0.08149910040331143,-0.08285766509226705
195,common_DL,1,0.06277639162650342,-0.16230183386753883,0.28785461712054566,0.13910949324529137
195,common_DL,2,-0.4907241911503343,-0.7899521211907732,-0.19149626110989543,-0.1570600235364963
195,common_DL,3,0.697374238398684,0.39948281708861044,0.9952656597087575,0.641700128437161
195,common_DL,4,0.7666175398323405,0.540129988183716,0.9931050914809649,0.7049263908303343
195,common_DL,5,-0.1497824621748567,-0.34575846031470925,0.0461935359649959,-0.19048368144696196
195,comp_specific,1,0.0756723853481242,-0.1300251109136732,0.2813698816099216,0.13910949324529137
195,comp_specific,2,-0.41896884915144217,-0.7921348152042111,-0.0458028830986732,-0.1570600235364963
195,comp_specific,3,0.6790520456957566,0.42825358163519434,0.9298505097563189,0.641700128437161
195,comp_specific,4,0.7906363638446595,0.49715716740605725,1.0841155602832617,0.7049263908303343
195,comp_specific,5,-0.1382884233889272,-0.30701639591059626,0.030439549132741855,-0.19048368144696196
195,adaptshrink,1,0.07006508334647182,-0.14380947837539426,0.2839396450683379,0.13910949324529137
195,adaptshrink,2,-0.45026573674586784,-0.7868375402881587,-0.11369393320357701,-0.1570600235364963
195,adaptshrink,3,0.6890935544282271,0.4130017151792873,0.9651853936771668,0.641700128437161
195,adaptshrink,4,0.7803263956195365,0.5171729049492992,1.0434798862897738,0.7049263908303343
195,adaptshrink,5,-0.14378793428218067,-0.3253657541979712,0.03778988563360983,-0.19048368144696196
196,common_DL,1,-0.3399643257421405,-0.6970091435897982,0.017080492105517098,-0.48937657508100024
196,common_DL,2,0.636223155306936,0.2041191874181651,1.0683271231957068,0.7489597709499695
196,common_DL,3,0.21590050766484603,-0.2300272660229457,0.6618282813526377,0.03896464402424201
196,common_DL,4,-0.06253449646254858,-0.48105738381695806,0.35598839089186085,-0.1559870691331295
196,common_DL,5,0.49193484474600646,0.0904204738863219,0.893449215605691,0.5224280306779685
196,comp_specific,1,-0.32319271634144475,-0.6874557344037877,0.041070301720898206,-0.48937657508100024
196,comp_specific,2,0.7037237218245826,0.21458466932812603,1.1928627743210392,0.7489597709499695
196,comp_specific,3,0.1771333105676025,-0.23761246294948607,0.591879084084691,0.03896464402424201
196,comp_specific,4,-0.18815714382372564,-0.7020250904448386,0.3257108027973874,-0.1559870691331295
196,comp_specific,5,0.5070701423565556,0.2590327078340825,0.7551075768790286,0.5224280306779685
196,adaptshrink,1,-0.33512435902549476,-0.6871914754726822,0.016942757421692656,-0.48937657508100024
196,adaptshrink,2,0.6595920728668517,0.20693210211045576,1.1122520436232477,0.7489597709499695
196,adaptshrink,3,0.1973383844770519,-0.22670036580773148,0.6213771347618353,0.03896464402424201
196,adaptshrink,4,-0.14189356665124692,-0.6158851428318569,0.3320980095293631,-0.1559870691331295
196,adaptshrink,5,0.48870047766457947,0.1475474045481192,0.8298535507810397,0.5224280306779685
197,common_DL,1,-0.2317363289096744,-0.6574986755155805,0.19402601769623165,-0.1867230329231672
197,common_DL,2,-0.5428126640401646,-0.9430567276738115,-0.1425686004065176,-0.5002465129200171
197,common_DL,3,0.3474144561187483,-0.028160575485618733,0.7229894877231153,0.3814105844025127
197,common_DL,4,-0.41023013535484965,-0.763866151072353,-0.05659411963734623,-0.241557939463663
197,common_DL,5,0.3574877734935922,-0.030688694078006784,0.7456642410651911,0.5017588085272575
197,comp_specific,1,-0.2637950686581632,-0.645742319941245,0.11815218262491856,-0.1867230329231672
197,comp_specific,2,-0.5603880058596941,-1.1643810256707665,0.04360501395137828,-0.5002465129200171
197,comp_specific,3,0.38871053581491516,0.16741010436144682,0.6100109672683836,0.3814105844025127
197,comp_specific,4,-0.5049992723622994,-0.7552511019579724,-0.2547474427666263,-0.241557939463663
197,comp_specific,5,0.3615085734020069,0.06789577430448174,0.6551213724995322,0.5017588085272575
197,adaptshrink,1,-0.24579253455815364,-0.6627584206284504,0.17117335151214308,-0.1867230329231672
197,adaptshrink,2,-0.5514583171909468,-1.0565465609202125,-0.046370073461681094,-0.5002465129200171
197,adaptshrink,3,0.36042605226917246,0.03461351274328561,0.6862385917950593,0.3814105844025127
197,adaptshrink,4,-0.44419275112307516,-0.7519939225937795,-0.1363915796523708,-0.241557939463663
197,adaptshrink,5,0.3618386422772711,0.016274698680231015,0.7074025858743112,0.5017588085272575
198,common_DL,1,0.37151001456314237,-0.09793967987493574,0.8409597090012204,0.27055710256277765
198,common_DL,2,-1.4514975706443198,-1.8672389877953983,-1.0357561534932413,-0.8770976475691603
198,common_DL,3,0.7113006091712814,0.2583296484699235,1.1642715698726391,0.5691366927625956
198,common_DL,4,0.32487137289896106,-0.12706438936624836,0.7768071351641705,0.13745325458969337
198,common_DL,5,-0.3519757002329953,-0.7978265280857002,0.09387512761970968,-0.2071063123284689
198,comp_specific,1,0.5351413361902944,0.25727039812736635,0.8130122742532224,0.27055710256277765
198,comp_specific,2,-1.3263659929689482,-1.8347946347836743,-0.8179373511542221,-0.8770976475691603
198,comp_specific,3,0.6392650829091284,0.41143043002225793,0.8670997357959989,0.5691366927625956
198,comp_specific,4,0.34536205557417654,-0.09444635327099715,0.7851704644193502,0.13745325458969337
198,comp_specific,5,-0.27025592034108864,-0.5187697185688733,-0.021742122113303897,-0.2071063123284689
198,adaptshrink,1,0.4320255144423423,0.011349895828821954,0.8527011330558626,0.27055710256277765
198,adaptshrink,2,-1.3779966864366258,-1.8575378541377359,-0.8984555187355158,-0.8770976475691603
198,adaptshrink,3,0.6803854563183774,0.3093894483720325,1.0513814642647223,0.5691366927625956
198,adaptshrink,4,0.3369646344278739,-0.10863808777874678,0.7825673566344946,0.13745325458969337
198,adaptshrink,5,-0.32124985632670283,-0.6900101249958692,0.047510412342463615,-0.2071063123284689
199,common_DL,1,0.35807243930831717,-0.08026286719255465,0.7964077458091889,0.48358440520034
199,common_DL,2,0.9400173238423633,0.42577785810246005,1.4542567895822665,0.8004499446959705
199,common_DL,3,0.18936915741607402,-0.3184423672402636,0.6971806820724116,0.10925223202757502
199,common_DL,4,0.5807231870827274,0.15770892324779534,1.0037374509176595,0.5721545042199968
199,common_DL,5,-0.9968921217691622,-1.352666573004149,-0.6411176705341755,-0.7114074272928064
199,comp_specific,1,0.3429971653603421,-0.027176179094830222,0.7131705098155143,0.48358440520034
199,comp_specific,2,1.1576666394276294,0.5104738851583264,1.8048593936969324,0.8004499446959705
199,comp_specific,3,0.18476634688887658,-0.06801906921339171,0.43755176299114484,0.10925223202757502
199,comp_specific,4,0.5307202749628471,0.03314871993359353,1.0282918299921007,0.5721545042199968
199,comp_specific,5,-0.9481825105970486,-1.3125079026736044,-0.5838571185204928,-0.7114074272928064
199,adaptshrink,1,0.3530651337034397,-0.055118573315537156,0.7612488407224166,0.48358440520034
199,adaptshrink,2,0.978047237191632,0.42747645966152104,1.528618014721743,0.8004499446959705
199,adaptshrink,3,0.1798910591569732,-0.2583808614646077,0.6181629797785542,0.10925223202757502
199,adaptshrink,4,0.5848457695177102,0.13683686857819222,1.0328546704572281,0.5721545042199968
199,adaptshrink,5,-0.9783201705456877,-1.329568221479,-0.6270721196123754,-0.7114074272928064
200,common_DL,1,1.4592906314915277,0.9524136550577248,1.9661676079253305,1.259521958397999
200,common_DL,2,-0.47077942969033715,-0.9188268292019208,-0.022732030178753415,-0.2966304456406144
200,common_DL,3,1.318475856564902,0.8034867614837313,1.8334649516460726,1.1130573132252852
200,common_DL,4,0.08939969049014246,-0.42904343587967936,0.6078428168599643,-0.08332992723282516
200,common_DL,5,0.2794497505934843,-0.27087679177102864,0.8297762929579973,0.4036661147018085
200,comp_specific,1,1.4040828262490677,1.0458677054124905,1.7622979470856448,1.259521958397999
200,comp_specific,2,-0.5124147989784986,-1.0467690335463686,0.021939435589371392,-0.2966304456406144
200,comp_specific,3,1.2878915865016665,0.9711417147754496,1.6046414582278832,1.1130573132252852
200,comp_specific,4,0.08645297198283969,-0.42055143831818326,0.5934573822838627,-0.08332992723282516
200,comp_specific,5,0.18108414574504025,-0.11265053335006439,0.4748188248401449,0.4036661147018085
200,adaptshrink,1,1.4355538202056297,0.9922072270726843,1.8789004133385752,1.259521958397999
200,adaptshrink,2,-0.4890170615181205,-0.9865737421111134,0.008539619074872329,-0.2966304456406144
200,adaptshrink,3,1.310956249569206,0.8688260483322279,1.753086450806184,1.1130573132252852
200,adaptshrink,4,0.08840200421151961,-0.424839167836162,0.6016431762592012,-0.08332992723282516
200,adaptshrink,5,0.24061844258941653,-0.2361307022465108,0.7173675874253439,0.4036661147018085
201,common_DL,1,0.3889597750488236,-0.07432011702948604,0.8522396671271333,0.33859436926910064
201,common_DL,2,-0.16129295653992587,-0.5273021785543024,0.20471626547445065,-0.1466974286453582
201,common_DL,3,0.11389067981008931,-0.2929364020262547,0.5207177616464334,-0.030631027933058348
201,common_DL,4,1.066851735294096,0.5932494304164599,1.5404540401717322,0.9209911489006397
201,common_DL,5,-0.20711061634787264,-0.6614774878048879,0.24725625510914262,0.06772006534908258
201,comp_specific,1,0.4052680142315497,-0.14248105182345772,0.9530170802865571,0.33859436926910064
201,comp_specific,2,-0.12507494689376095,-0.5999457175306935,0.34979582374317153,-0.1466974286453582
201,comp_specific,3,0.002386169833030166,-0.22878735039624454,0.23355969006230487,-0.030631027933058348
201,comp_specific,4,1.0797287507962618,0.6748050185198714,1.4846524830726522,0.9209911489006397
201,comp_specific,5,-0.051876488694852146,-0.34584253954524136,0.24208956215553704,0.06772006534908258
201,adaptshrink,1,0.4038175886995724,-0.10051043866474119,0.908145616063886,0.33859436926910064
201,adaptshrink,2,-0.1361587710744237,-0.5657737198914286,0.29345617774258115,-0.1466974286453582
201,adaptshrink,3,0.06711976589297117,-0.2780458710028345,0.4122854027887769,-0.030631027933058348
201,adaptshrink,4,1.0717497990592433,0.6258967528896451,1.5176028452288415,0.9209911489006397
201,adaptshrink,5,-0.1654456972006612,-0.5700210917886552,0.23912969738733275,0.06772006534908258
202,common_DL,1,-0.3159887769285883,-0.6368543354921559,0.004876781634979288,-0.2881292376272043
202,common_DL,2,0.1432683553818363,-0.13010983215127703,0.4166465429149496,0.21234059761632473
202,common_DL,3,0.4372086383320819,-0.006631694445670244,0.881048971109834,0.3976234529136715
202,common_DL,4,-0.7159510051389247,-1.0987611034314493,-0.3331409068464001,-0.5702662379669879
202,common_DL,5,-0.7848384959299761,-1.200799162089199,-0.36887782977075323,-0.7647388384115696
202,comp_specific,1,-0.3547994324237132,-0.7726129832736237,0.06301411842619736,-0.2881292376272043
202,comp_specific,2,0.10665044541987218,-0.20416690910579938,0.4174677999455437,0.21234059761632473
202,comp_specific,3,0.4057167923145874,0.10442730996105215,0.7070062746681227,0.3976234529136715
202,comp_specific,4,-0.7357193429174844,-1.1451379942897144,-0.3263006915452544,-0.5702662379669879
202,comp_specific,5,-0.8232974480901416,-1.1587217730693047,-0.4878731231109785,-0.7647388384115696
202,adaptshrink,1,-0.32960579787160904,-0.7043769122654665,0.04516531652224842,-0.2881292376272043
202,adaptshrink,2,0.1259296783193467,-0.16859962433474984,0.42045898097344325,0.21234059761632473
202,adaptshrink,3,0.4307059347662116,0.027188935197424213,0.834222934334999,0.3976234529136715
202,adaptshrink,4,-0.7231240589199914,-1.1187423082589205,-0.3275058095810624,-0.5702662379669879
202,adaptshrink,5,-0.8002149117386117,-1.1892957840135248,-0.41113403946369853,-0.7647388384115696
203,common_DL,1,0.41632061344228255,0.11517640635474413,0.717464820529821,0.511800908600889
203,common_DL,2,0.10547820230051588,-0.25991407175464754,0.47087047635567925,0.19241092285494044
203,common_DL,3,0.02010384483563271,-0.2694826592872193,0.30969034895848474,-0.19080964286485733
203,common_DL,4,0.7039259640506988,0.3442850359191206,1.0635668921822772,0.9328518445500982
203,common_DL,5,0.2534682132643115,-0.09022620270937509,0.5971626292379981,-0.09017905300895716
203,comp_specific,1,0.49815405921141864,0.32804571184270814,0.6682624065801291,0.511800908600889
203,comp_specific,2,0.10061714908281782,-0.35339877258451075,0.5546330707501463,0.19241092285494044
203,comp_specific,3,0.09048769660599532,-0.3233304146927428,0.5043058079047334,-0.19080964286485733
203,comp_specific,4,0.7208003388654713,0.22760768793767172,1.213992989793271,0.9328518445500982
203,comp_specific,5,0.3011487224159225,0.010249590575143186,0.5920478542567018,-0.09017905300895716
203,adaptshrink,1,0.4464731810795355,0.1944039200335157,0.6985424421255553,0.511800908600889
203,adaptshrink,2,0.10553677100722558,-0.30362474966621794,0.514698291680669,0.19241092285494044
203,adaptshrink,3,0.06921083022810384,-0.29790650006914166,0.4363281605253494,-0.19080964286485733
203,adaptshrink,4,0.7097250577760037,0.27912299993395057,1.1403271156180568,0.9328518445500982
203,adaptshrink,5,0.27426556702020294,-0.045881135773435056,0.594412269813841,-0.09017905300895716
204,common_DL,1,0.038747930028739906,-0.3023225052125346,0.3798183652700144,-0.01656375396662268
204,common_DL,2,0.6249921634253605,0.24186177414629234,1.0081225527044286,0.8706824618496651
204,common_DL,3,0.5644500609831782,0.19707843103023537,0.931821690936121,0.5542299579667744
204,common_DL,4,-0.04289564806296115,-0.39474286429770616,0.3089515681717839,-0.2217967637416788
204,common_DL,5,-1.4602013049257483,-1.8254920714483474,-1.0949105384031492,-1.6556110919783995
204,comp_specific,1,0.007446797559990302,-0.2613404034238647,0.2762339985438453,-0.01656375396662268
204,comp_specific,2,0.5503898011161795,-0.020352198701846347,1.1211318009342053,0.8706824618496651
204,comp_specific,3,0.5390606735550587,0.35233773444317507,0.7257836126669424,0.5542299579667744
204,comp_specific,4,0.03687698830268873,-0.4943312949947234,0.5680852716001008,-0.2217967637416788
204,comp_specific,5,-1.4286785630578147,-1.8168815789656754,-1.040475547149954,-1.6556110919783995
204,adaptshrink,1,0.017192928526111997,-0.29600242675307953,0.3303882838053035,-0.01656375396662268
204,adaptshrink,2,0.5620598583429294,0.06923040258167268,1.054889314104186,0.8706824618496651
204,adaptshrink,3,0.5594605412297046,0.2481773099572182,0.8707437725021909,0.5542299579667744
204,adaptshrink,4,-0.004950706878208713,-0.4412666825712791,0.4313652688148617,-0.2217967637416788
204,adaptshrink,5,-1.433480240849543,-1.831216306650485,-1.0357441750486012,-1.6556110919783995
205,common_DL,1,0.22993906243731335,0.02092692314506714,0.4389512017295596,0.25803390465499626
205,common_DL,2,-0.39385301941344,-0.7787099979317631,-0.008996040895116908,-0.04283774133275816
205,common_DL,3,-0.8846013818145564,-1.1192218738593647,-0.6499808897697481,-0.8563337320156307
205,common_DL,4,-0.409277375499905,-0.6957654882848989,-0.12278926271491103,-0.5080020248681323
205,common_DL,5,0.49633681258413087,0.2742957240991242,0.7183779010691376,0.3440583144160401
205,comp_specific,1,0.24427817579076297,0.0006710668127488939,0.487885284768777,0.25803390465499626
205,comp_specific,2,-0.3917236356540148,-0.7981020967506509,0.014654825442621255,-0.04283774133275816
205,comp_specific,3,-0.9046690780368106,-1.1794833046916138,-0.6298548513820075,-0.8563337320156307
205,comp_specific,4,-0.4124971836238309,-0.700534879925228,-0.12445948732243384,-0.5080020248681323
205,comp_specific,5,0.49631542225200875,0.26226338689167406,0.7303674576123435,0.3440583144160401
205,adaptshrink,1,0.2410469761169086,0.011978254623915358,0.4701156976099018,0.25803390465499626
205,adaptshrink,2,-0.3928615471027385,-0.7870901138504125,0.0013670196449355188,-0.04283774133275816
205,adaptshrink,3,-0.8932745862226308,-1.146577091682773,-0.6399720807624885,-0.8563337320156307
205,adaptshrink,4,-0.4105214919285829,-0.6977890165167039,-0.1232539673404619,-0.5080020248681323
205,adaptshrink,5,0.49708204328410577,0.2680897135526786,0.726074373015533,0.3440583144160401
206,common_DL,1,0.7697614676019808,0.3680982683391241,1.1714246668648376,0.9107788213172578
206,common_DL,2,-0.1252103015423972,-0.46211294290361044,0.21169233981881602,-0.23756119569719894
206,common_DL,3,0.34862853300975394,0.05446427725896391,0.642792788760544,0.1713022538527065
206,common_DL,4,0.280195114012549,-0.11729764428302025,0.6776878723081182,0.18837590310781302
206,common_DL,5,0.537332359296507,0.2567106986188227,0.8179540199741914,0.38348390984748043
206,comp_specific,1,0.7003357640360077,0.2878215616680674,1.1128499664039482,0.9107788213172578
206,comp_specific,2,-0.13594201028923542,-0.5830731702599039,0.3111891496814331,-0.23756119569719894
206,comp_specific,3,0.3050652233390987,0.11297560473856536,0.497154841939632,0.1713022538527065
206,comp_specific,4,0.2944512101165247,-0.3168690778093886,0.9057714980424381,0.18837590310781302
206,comp_specific,5,0.5202458120857549,0.25845605730247534,0.7820355668690345,0.38348390984748043
206,adaptshrink,1,0.7379114693491207,0.33508269111011013,1.1407402475881312,0.9107788213172578
206,adaptshrink,2,-0.12580600687735893,-0.5166091294352959,0.264997115680578,-0.23756119569719894
206,adaptshrink,3,0.33326016263816044,0.07685891887622137,0.5896614064000996,0.1713022538527065
206,adaptshrink,4,0.23647938726675263,-0.23710246305351004,0.7100612375870153,0.18837590310781302
206,adaptshrink,5,0.5307706510629977,0.2586208120261939,0.8029204900998015,0.38348390984748043
207,common_DL,1,-0.8356898058288023,-1.0883429049316915,-0.583036706725913,-0.9080035670349318
207,common_DL,2,0.23569213741019324,0.027432489531122983,0.4439517852892635,0.035107343056388435
207,common_DL,3,-0.13262189963731696,-0.39458672984988225,0.12934293057524832,-0.28550884837530394
207,common_DL,4,-0.056843235635740036,-0.3281283108170072,0.21444183954552712,0.06488441215552683
207,common_DL,5,-0.4169566711060451,-0.7968927598558382,-0.03702058235625211,-0.10177186442250316
207,comp_specific,1,-0.8760279632979742,-1.1849080257835463,-0.5671479008124021,-0.9080035670349318
207,comp_specific,2,0.2096436173066154,0.04571633222082122,0.3735709023924096,0.035107343056388435
207,comp_specific,3,-0.13111127308093085,-0.4191560535655163,0.15693350740365458,-0.28550884837530394
207,comp_specific,4,-0.05940338697300779,-0.32080475068031866,0.2019979767343031,0.06488441215552683
207,comp_specific,5,-0.4187476404402607,-0.8096405892008608,-0.027854691679660593,-0.10177186442250316
207,adaptshrink,1,-0.8675383780980341,-1.1544012403282595,-0.5806755158678089,-0.9080035670349318
207,adaptshrink,2,0.22662520964276275,0.03533535454569603,0.4179150647398295,0.035107343056388435
207,adaptshrink,3,-0.1405467583211926,-0.4151578107288616,0.13406429408647644,-0.28550884837530394
207,adaptshrink,4,-0.059342283872018536,-0.326191577349204,0.2075070096051669,0.06488441215552683
207,adaptshrink,5,-0.4202058572476822,-0.8066219867491007,-0.03378972774626371,-0.10177186442250316
208,common_DL,1,0.4455810473778865,0.06351938671055851,0.8276427080452144,0.2862947824986136
208,common_DL,2,-0.30946373215471934,-0.7126781514309437,0.09375068712150503,-0.1710886813606806
208,common_DL,3,0.27764358380617615,0.024810376215107066,0.5304767913972452,0.32602320023142733
208,common_DL,4,-0.13231533363265383,-0.47269368165220726,0.20806301438689964,-0.03956352855459459
208,common_DL,5,-0.40303180973033376,-0.6705430201825535,-0.13552059927811394,-0.45419600974458596
208,comp_specific,1,0.44095543754145894,0.11225729398046869,0.7696535811024492,0.2862947824986136
208,comp_specific,2,-0.3126595967270493,-0.7311280144213222,0.10580882096722366,-0.1710886813606806
208,comp_specific,3,0.23974103218856047,-0.05319640211101423,0.5326784664881352,0.32602320023142733
208,comp_specific,4,-0.15719504820087216,-0.4989226686681159,0.1845325722663716,-0.03956352855459459
208,comp_specific,5,-0.4585978061857133,-0.7777790612118918,-0.13941655115953483,-0.45419600974458596
208,adaptshrink,1,0.4444197051901112,0.07907078584977173,0.8097686245304507,0.2862947824986136
208,adaptshrink,2,-0.31235367515116397,-0.7245795332118463,0.09987218290951838,-0.1710886813606806
208,adaptshrink,3,0.25797248130490846,-0.022770570400335532,0.5387155330101525,0.32602320023142733
208,adaptshrink,4,-0.14697498858062447,-0.4916386866526211,0.19768870949137218,-0.03956352855459459
208,adaptshrink,5,-0.44160460917361544,-0.7428992618835475,-0.14030995646368338,-0.45419600974458596
209,common_DL,1,-0.41852242963959263,-0.6712556258506671,-0.16578923342851815,-0.31739993613753975
209,common_DL,2,-0.3527065271353317,-0.647535164296589,-0.05787788997407439,-0.6781811801413042
209,common_DL,3,0.6147073246133511,0.4221461476229083,0.8072685016037939,0.7035770729166829
209,common_DL,4,0.3144522700834555,0.08877117025925735,0.5401333699076536,-0.008848240960360873
209,common_DL,5,0.2791680456214499,0.0374932277105155,0.5208428635323843,0.24540693071139663
209,comp_specific,1,-0.2564931003012492,-0.5496735602863523,0.03668735968385384,-0.31739993613753975
209,comp_specific,2,-0.3560080352719353,-0.6137917711659195,-0.09822429937795113,-0.6781811801413042
209,comp_specific,3,0.5207790125971491,0.28438070081341726,0.7571773243808809,0.7035770729166829
209,comp_specific,4,0.2838852938975842,0.10522509953341846,0.46254548826174996,-0.008848240960360873
209,comp_specific,5,0.2455178999263028,-0.026539844851874272,0.5175756447044799,0.24540693071139663
209,adaptshrink,1,-0.32198481607120544,-0.6037067065279855,-0.04026292561442529,-0.31739993613753975
209,adaptshrink,2,-0.3534153644823692,-0.6321246778777392,-0.07470605108699918,-0.6781811801413042
209,adaptshrink,3,0.5697895907677877,0.3477137936769109,0.7918653878586644,0.7035770729166829
209,adaptshrink,4,0.2995095822484918,0.09640255443465914,0.5026166100623244,-0.008848240960360873
209,adaptshrink,5,0.2670404239307477,0.004136347099252979,0.5299445007622423,0.24540693071139663
210,common_DL,1,-0.09597778725347143,-0.34094808830470247,0.14899251379775963,-0.15981079109276078
210,common_DL,2,-0.17812106716692014,-0.49028439609182595,0.1340422617579857,-0.13049454416183554
210,common_DL,3,0.09571776259955117,-0.21236916985610121,0.40380469505520356,0.11068678607818393
210,common_DL,4,0.508399094212701,0.2298374415363647,0.7869607468890374,0.784203520422158
210,common_DL,5,-0.4389373287757594,-0.6823935750161139,-0.19548108253540494,-0.41227784477507334
210,comp_specific,1,-0.1135443868503618,-0.3588874165701909,0.1317986428694673,-0.15981079109276078
210,comp_specific,2,-0.19346573982487233,-0.3797599091050796,-0.0071715705446650235,-0.13049454416183554
210,comp_specific,3,0.11014173211333576,-0.226537652294731,0.44682111652140255,0.11068678607818393
210,comp_specific,4,0.5830590078129175,0.13426138691638206,1.031856628709453,0.784203520422158
210,comp_specific,5,-0.4056031725126239,-0.6432706188755178,-0.16793572614972996,-0.41227784477507334
210,adaptshrink,1,-0.10587791909082067,-0.35220489689946743,0.14044905871782606,-0.15981079109276078
210,adaptshrink,2,-0.18138102457562852,-0.4494970479027135,0.08673499875145643,-0.13049454416183554
210,adaptshrink,3,0.11044425836133823,-0.2110006618900184,0.4318891786126948,0.11068678607818393
210,adaptshrink,4,0.6064784740313881,0.23040767054349504,0.9825492775192812,0.784203520422158
210,adaptshrink,5,-0.4114404089457292,-0.657026676132201,-0.16585414175925742,-0.41227784477507334
211,common_DL,1,0.10100206453314203,-0.15399834316277194,0.356002472229056,0.06482071956192
211,common_DL,2,-0.38922117386592076,-0.7213640202345956,-0.05707832749724595,-0.3676287846742319
211,common_DL,3,0.7626600289291441,0.47386991283260205,1.0514501450256861,0.6675027882990966
211,common_DL,4,-0.5535432580838126,-0.8491056886434687,-0.25798082752415646,-0.6013393038371194
211,common_DL,5,-0.7409163024066303,-1.0675618180227873,-0.4142707867904734,-0.5421749162719376
211,comp_specific,1,0.07433273747442676,-0.2203988558251989,0.36906433077405243,0.06482071956192
211,comp_specific,2,-0.3769291631488517,-0.766422804211029,0.012564477913325656,-0.3676287846742319
211,comp_specific,3,0.7291375775788346,0.47272376214405165,0.9855513930136175,0.6675027882990966
211,comp_specific,4,-0.5555610098558292,-0.9520898583341195,-0.1590321613775389,-0.6013393038371194
211,comp_specific,5,-0.7117272009335714,-0.885007432476727,-0.5384469693904159,-0.5421749162719376
211,adaptshrink,1,0.10405610944231103,-0.17110991701685313,0.3792221359014752,0.06482071956192
211,adaptshrink,2,-0.3759728956746364,-0.7383028066643754,-0.01364298468489733,-0.3676287846742319
211,adaptshrink,3,0.7519460090689283,0.47328081312843884,1.0306112050094178,0.6675027882990966
211,adaptshrink,4,-0.5310880631327409,-0.8693029367948024,-0.1928731894706795,-0.6013393038371194
211,adaptshrink,5,-0.7242355431297506,-0.9999614424643919,-0.44850964379510927,-0.5421749162719376
212,common_DL,1,-0.2752762009766183,-0.5137074933509664,-0.03684490860227024,-0.3228226716147719
212,common_DL,2,0.2828192744576893,0.0784912205305886,0.48714732838478997,0.16712744326431572
212,common_DL,3,0.9539074291152269,0.6874623165324572,1.2203525416979966,0.8492657212744364
212,common_DL,4,0.4291628653388916,0.1804050634122626,0.6779206672655206,0.4603233582346055
212,common_DL,5,-0.1297879597216848,-0.3679278936741056,0.10835197423073603,-0.21448827605720397
212,comp_specific,1,-0.2596890697225389,-0.5427974993899158,0.02341935994483796,-0.3228226716147719
212,comp_specific,2,0.2996703505349108,0.11957203937796951,0.4797686616918521,0.16712744326431572
212,comp_specific,3,0.9566805467054205,0.6445503803064718,1.268810713104369,0.8492657212744364
212,comp_specific,4,0.42273234995239617,0.1512353014146151,0.6942293984901773,0.4603233582346055
212,comp_specific,5,-0.16122973655279565,-0.35120468724675835,0.028745214141167014,-0.21448827605720397
212,adaptshrink,1,-0.266332228363599,-0.529220794918815,-0.003443661808383014,-0.3228226716147719
212,adaptshrink,2,0.29098204497849184,0.09875459224210245,0.4832094977148812,0.16712744326431572
212,adaptshrink,3,0.9557166091339933,0.6650713467581383,1.2463618715098481,0.8492657212744364
212,adaptshrink,4,0.4248399676018576,0.16321023750764735,0.6864696976960678,0.4603233582346055
212,adaptshrink,5,-0.14195529329514606,-0.36051566524045203,0.07660507865015992,-0.21448827605720397
213,common_DL,1,-0.9624687124575619,-1.2087999650138461,-0.7161374599012778,-0.9893275163178313
213,common_DL,2,-0.7009350261667996,-1.0219536492552082,-0.3799164030783911,-0.8539968799770087
213,common_DL,3,-0.34844383106477056,-0.6591320197383643,-0.03775564239117679,-0.5117252136899734
213,common_DL,4,-0.3511463976646328,-0.6423686576320554,-0.05992413769721017,-0.21620414230217622
213,common_DL,5,-0.4181590886013081,-0.7759149778590493,-0.06040319934356697,-0.2862677831332417
213,comp_specific,1,-0.9944450489137481,-1.1307196487754971,-0.858170449051999,-0.9893275163178313
213,comp_specific,2,-0.7238717262716016,-1.242033122271974,-0.20571033027122898,-0.8539968799770087
213,comp_specific,3,-0.3222817678781351,-0.5682714120574297,-0.07629212369884047,-0.5117252136899734
213,comp_specific,4,-0.4385708844159809,-0.6806149712401255,-0.19652679759183633,-0.21620414230217622
213,comp_specific,5,-0.42016074657272984,-0.7635850125641597,-0.07673648058130006,-0.2862677831332417
213,adaptshrink,1,-0.9743090713098952,-1.1709624365173994,-0.777655706102391,-0.9893275163178313
213,adaptshrink,2,-0.7267133185750722,-1.1359660733318209,-0.31746056381832355,-0.8539968799770087
213,adaptshrink,3,-0.3238455455559748,-0.6141774935646807,-0.03351359754726896,-0.5117252136899734
213,adaptshrink,4,-0.38459073816489575,-0.6586394628209451,-0.11054201350884646,-0.21620414230217622
213,adaptshrink,5,-0.41911228125251887,-0.7697954210965652,-0.06842914140847256,-0.2862677831332417
214,common_DL,1,0.5550760096128124,0.1767733785636496,0.9333786406619753,0.34033626697069047
214,common_DL,2,0.4146014062328086,0.0755197633183608,0.7536830491472564,0.14216744923003513
214,common_DL,3,-0.08747080644172506,-0.36830386803996135,0.19336225515651123,0.08406360407171001
214,common_DL,4,-0.35114587839634165,-0.5963491014104836,-0.10594265538219969,-0.4441383620155702
214,common_DL,5,0.7132806751515042,0.4234323344955204,1.003129015807488,0.517010619583363
214,comp_specific,1,0.5570491100549602,0.22661963678130415,0.8874785833286162,0.34033626697069047
214,comp_specific,2,0.4187547650688681,0.09945723689043534,0.7380522932473008,0.14216744923003513
214,comp_specific,3,-0.08847027170098773,-0.4008297854927051,0.22388924209072966,0.08406360407171001
214,comp_specific,4,-0.3880132343314884,-0.6781710614140335,-0.09785540724894332,-0.4441383620155702
214,comp_specific,5,0.7288912573297118,0.40828209876560395,1.0495004158938197,0.517010619583363
214,adaptshrink,1,0.5557392979158267,0.1964417916680728,0.9150368041635806,0.34033626697069047
214,adaptshrink,2,0.41587949467931007,0.08576970838480041,0.7459892809738198,0.14216744923003513
214,adaptshrink,3,-0.0892846080194768,-0.38839059618591626,0.20982138014696267,0.08406360407171001
214,adaptshrink,4,-0.37491669053816484,-0.6472509489744249,-0.10258243210190476,-0.4441383620155702
214,adaptshrink,5,0.7216334610747794,0.4156386208363598,1.027628301313199,0.517010619583363
215,common_DL,1,0.18452096349444383,-0.21293702960832853,0.5819789565972162,0.21807291650202787
215,common_DL,2,0.22551668753054202,-0.3667226311046956,0.8177560061657796,0.5210266709149783
215,common_DL,3,-0.0950377967027411,-0.5735484117857237,0.3834728183802415,-0.09493505571782121
215,common_DL,4,-0.520664563915837,-0.9118173767369031,-0.12951175109477103,-0.25884029470327247
215,common_DL,5,-0.6158366847658517,-1.1068103338900175,-0.12486303564168605,-0.5466683320365878
215,comp_specific,1,0.28484463800839144,0.028599691607585964,0.541089584409197,0.21807291650202787
215,comp_specific,2,0.26288327442629417,-0.5545124374975658,1.080278986350154,0.5210266709149783
215,comp_specific,3,-0.14600153361093973,-0.3439862257537739,0.05198315853189442,-0.09493505571782121
215,comp_specific,4,-0.5549181035353139,-1.1001936327244939,-0.009642574346133914,-0.25884029470327247
215,comp_specific,5,-0.6799020876401676,-0.9731861657526544,-0.3866180095276808,-0.5466683320365878
215,adaptshrink,1,0.21625878277823482,-0.11447622208449357,0.5469937876409632,0.21807291650202787
215,adaptshrink,2,0.24433995353170015,-0.44817997907929186,0.9368598861426921,0.5210266709149783
215,adaptshrink,3,-0.11687577442431626,-0.5088443206426276,0.27509277179399516,-0.09493505571782121
215,adaptshrink,4,-0.5627020098984182,-1.0584457251916648,-0.06695829460517155,-0.25884029470327247
215,adaptshrink,5,-0.6173156827082892,-1.0651405918956631,-0.16949077352091513,-0.5466683320365878
216,common_DL,1,-0.19510497582899625,-0.4781812351085698,0.08797128345057728,-0.21092217908243502
216,common_DL,2,0.3896201657795169,-0.07604418354676945,0.8552845151058033,0.6758872246182261
216,common_DL,3,0.32136500166636717,-0.023434845973049567,0.6661648493057839,0.38683662291674453
216,common_DL,4,0.15254112791836574,-0.22403394437108762,0.5291162002078191,0.24911233895434337
216,common_DL,5,-0.30723916174237054,-0.5782574659372566,-0.03622085754748444,-0.31512447928093057
216,comp_specific,1,-0.19819698299598693,-0.5244308624090379,0.12803689641706406,-0.21092217908243502
216,comp_specific,2,0.4816231846069947,-0.1608449744503777,1.1240913436643671,0.6758872246182261
216,comp_specific,3,0.2948368748136657,0.007837290103681782,0.5818364595236496,0.38683662291674453
216,comp_specific,4,0.13807296621453047,-0.20380167352225276,0.4799476059513137,0.24911233895434337
216,comp_specific,5,-0.32934946595373027,-0.5818441386248852,-0.07685479328257538,-0.31512447928093057
216,adaptshrink,1,-0.1916126389034159,-0.501155970295335,0.11793069248850319,-0.21092217908243502
216,adaptshrink,2,0.42554049125425414,-0.11147739006397889,0.9625583725724871,0.6758872246182261
216,adaptshrink,3,0.30687727900040374,-0.009366885445054096,0.6231214434458616,0.38683662291674453
216,adaptshrink,4,0.14493431756208508,-0.21341311053926898,0.5032817456634391,0.24911233895434337
216,adaptshrink,5,-0.3181313269157984,-0.5790394404489004,-0.057223213382696314,-0.31512447928093057
217,common_DL,1,-0.3761024362509112,-0.804762820746034,0.052557948244211616,-0.21452661283267507
217,common_DL,2,0.5732997669331585,0.12941626593430505,1.017183267932012,0.6432693297268761
217,common_DL,3,-0.14272202791667615,-0.4951720973651467,0.20972804153179442,-0.15691235473433124
217,common_DL,4,1.0118532677245295,0.6173798735840288,1.4063266618650303,1.0422399944448324
217,common_DL,5,0.4830429295160806,0.05815335113241493,0.9079325078997462,0.3258750850605621
217,comp_specific,1,-0.3708060860558524,-0.7489952639071331,0.007383091795428232,-0.21452661283267507
217,comp_specific,2,0.5941625580881778,0.19819031708229934,0.9901347990940561,0.6432693297268761
217,comp_specific,3,-0.10170989452657897,-0.48141600002645313,0.2779962109732952,-0.15691235473433124
217,comp_specific,4,1.0682934896162264,0.5924606374264535,1.5441263418059994,1.0422399944448324
217,comp_specific,5,0.5515857001610586,0.17216080336683248,0.9310105969552847,0.3258750850605621
217,adaptshrink,1,-0.3665292026499038,-0.7736233263229494,0.0405649210231418,-0.21452661283267507
217,adaptshrink,2,0.5867001346649281,0.1601387685179141,1.013261500811942,0.6432693297268761
217,adaptshrink,3,-0.12032384552703862,-0.4914258737795443,0.25077818272546704,-0.15691235473433124
217,adaptshrink,4,1.0445222835659411,0.6030730133639148,1.4859715537679674,1.0422399944448324
217,adaptshrink,5,0.516985486745018,0.1073057647050959,0.9266652087849401,0.3258750850605621
218,common_DL,1,-0.3274768525982523,-0.6392797468537585,-0.01567395834274604,-0.2790010627186782
218,common_DL,2,-1.0640767261101722,-1.4800196469743887,-0.6481338052459558,-0.5041139861833032
218,common_DL,3,0.5092683694160578,0.17446200831180414,0.8440747305203115,0.27174484430916285
218,common_DL,4,-0.09251967129597921,-0.5068595911839664,0.3218202485920079,0.0966728409070528
218,common_DL,5,-0.4728728065680125,-0.8730666671591636,-0.07267894597686142,-0.34235968693480917
218,comp_specific,1,-0.3436236802348335,-0.5879738968409299,-0.09927346362873704,-0.2790010627186782
218,comp_specific,2,-0.9777889500237823,-1.6487813434269973,-0.30679655662056726,-0.5041139861833032
218,comp_specific,3,0.45918889471270663,0.23412113107906807,0.6842566583463452,0.27174484430916285
218,comp_specific,4,-0.11457776983558673,-0.48772923058978845,0.25857369091861504,0.0966728409070528
218,comp_specific,5,-0.4544635742941239,-0.9474865670841479,0.03855941849590011,-0.34235968693480917
218,adaptshrink,1,-0.3351585734281635,-0.6139985782592705,-0.05631856859705653,-0.2790010627186782
218,adaptshrink,2,-1.0048992279323163,-1.5762842330945226,-0.4335142227701102,-0.5041139861833032
218,adaptshrink,3,0.4949381739631131,0.20433645728203453,0.7855398906441917,0.27174484430916285
218,adaptshrink,4,-0.1055934429578865,-0.5024240195912975,0.2912371336755244,0.0966728409070528
218,adaptshrink,5,-0.45655622796231876,-0.9034892664903236,-0.009623189434313895,-0.34235968693480917
219,common_DL,1,0.24536661815613606,-0.017398505864371222,0.5081317421766434,-0.09108854727308285
219,common_DL,2,1.2297991700866973,1.0187260117167543,1.4408723284566403,0.9512596600505809
219,common_DL,3,0.19901602338268307,-0.015048296376758113,0.4130803431421243,0.07777368111127368
219,common_DL,4,-1.4202697652740985,-1.7805027830083437,-1.0600367475398533,-1.063950336333435
219,common_DL,5,0.2979820317884719,0.04008871765335481,0.555875345923589,0.34586049569332084
219,comp_specific,1,0.2710100309441968,-0.044151184745032934,0.5861712466334266,-0.09108854727308285
219,comp_specific,2,1.2703556651242882,1.1158213332864972,1.4248899969620792,0.9512596600505809
219,comp_specific,3,0.17592985958533472,0.010261660712181625,0.3415980584584878,0.07777368111127368
219,comp_specific,4,-1.4638878159338444,-1.9630695343758666,-0.9647060974918222,-1.063950336333435
219,comp_specific,5,0.3114210896989215,0.06234603282429188,0.5604961465735512,0.34586049569332084
219,adaptshrink,1,0.2597557905470785,-0.031537208594847044,0.551048789689004,-0.09108854727308285
219,adaptshrink,2,1.2475467875579254,1.0623135853150931,1.4327799898007576,0.9512596600505809
219,adaptshrink,3,0.1867883039269384,-0.0024482204469723212,0.37602482830084916,0.07777368111127368
219,adaptshrink,4,-1.449346890327873,-1.8793556797575597,-1.0193381008981863,-1.063950336333435
219,adaptshrink,5,0.30055137141198784,0.05131271313695823,0.5497900296870175,0.34586049569332084
220,common_DL,1,-1.0989836809263744,-1.5242405433467678,-0.6737268185059812,-0.7582667224516153
220,common_DL,2,-0.04391335838273397,-0.42291314275358244,0.3350864259881145,0.07276796076823398
220,common_DL,3,0.0019322432624457875,-0.4034544959300345,0.4073189824549261,-0.263492160877117
220,common_DL,4,-0.976525566546713,-1.317524685104549,-0.6355264479888769,-1.08252480742987
220,common_DL,5,0.05796297470436701,-0.25335004644835624,0.36927599585709026,-0.0545820207724817
220,comp_specific,1,-1.0701865473572194,-1.729673537033555,-0.41069955768088373,-0.7582667224516153
220,comp_specific,2,-0.03534229058709104,-0.4040662506904853,0.3333816695163032,0.07276796076823398
220,comp_specific,3,0.052492696117673654,-0.2485793756524955,0.3535647678878428,-0.263492160877117
220,comp_specific,4,-0.8759733834949799,-1.2553588158194853,-0.49658795117047455,-1.08252480742987
220,comp_specific,5,0.0698877166329393,-0.20057068544195777,0.3403461187078364,-0.0545820207724817
220,adaptshrink,1,-1.089130934260734,-1.6327953443137435,-0.5454665242077245,-0.7582667224516153
220,adaptshrink,2,-0.03895025695023274,-0.4124627985720054,0.3345622846715399,0.07276796076823398
220,adaptshrink,3,0.020519447816935876,-0.3470639365834208,0.3881028322172925,-0.263492160877117
220,adaptshrink,4,-0.9264336165399095,-1.290995306423091,-0.561871926656728,-1.08252480742987
220,adaptshrink,5,0.06463943003596939,-0.22679807073933833,0.3560769308112771,-0.0545820207724817
221,common_DL,1,0.7781206619834697,0.2987769389014203,1.2574643850655192,0.5043044719061192
221,common_DL,2,0.07066828570439448,-0.285722315736609,0.42705888714539797,-0.06044554887931451
221,common_DL,3,0.36988278317779866,-0.1377686563319105,0.8775342226875078,0.14036509361992275
221,common_DL,4,0.03857200649614598,-0.39147579092186136,0.46861980391415325,-0.049477468950612224
221,common_DL,5,-0.04090062864044605,-0.45938459563665446,0.3775833383557623,-0.04202839146486413
221,comp_specific,1,0.7439526380787962,0.39122327534229806,1.0966820008152944,0.5043044719061192
221,comp_specific,2,0.11975794837793075,-0.18198776561631158,0.42150366237217307,-0.06044554887931451
221,comp_specific,3,0.3506129373054222,0.034288638802754956,0.6669372358080894,0.14036509361992275
221,comp_specific,4,0.06682988549215044,-0.475111363072941,0.6087711340572418,-0.049477468950612224
221,comp_specific,5,0.02090031386254937,-0.41076277000257805,0.4525633977276768,-0.04202839146486413
221,adaptshrink,1,0.7666604781197839,0.3438936696445604,1.1894272865950073,0.5043044719061192
221,adaptshrink,2,0.0958996503737638,-0.23245431561888164,0.42425361636640924,-0.06044554887931451
221,adaptshrink,3,0.365212970255287,-0.0822337426188191,0.8126596831293931,0.14036509361992275
221,adaptshrink,4,0.051894094412996444,-0.4310376334745696,0.5348258223005625,-0.049477468950612224
221,adaptshrink,5,-0.010639667465633745,-0.43538796905903365,0.4141086341277662,-0.04202839146486413
222,common_DL,1,0.6434291746540364,0.28074634469351717,1.0061120046145555,0.8656085990848867
222,common_DL,2,-0.2170878262114542,-0.634389363678977,0.2002137112560686,-0.3507285541642405
222,common_DL,3,-0.04140604851867756,-0.42188227662268296,0.3390701795853278,0.05610608858259784
222,common_DL,4,-0.6726510034361093,-1.011003310642044,-0.3342986962301746,-0.31872100264216596
222,common_DL,5,-0.330889001711575,-0.6798427871454114,0.01806478372226139,-0.3222355056114495
222,comp_specific,1,0.7576615981539705,0.4894111269868073,1.0259120693211337,0.8656085990848867
222,comp_specific,2,-0.2554571584796336,-0.7596933910665494,0.24877907410728228,-0.3507285541642405
222,comp_specific,3,-0.02444396563781632,-0.281266906226535,0.23237897495090237,0.05610608858259784
222,comp_specific,4,-0.6423716549263601,-1.0876936956689174,-0.19704961418380273,-0.31872100264216596
222,comp_specific,5,-0.29658917307671545,-0.4984871222680201,-0.09469122388541079,-0.3222355056114495
222,adaptshrink,1,0.6995156279047018,0.37447534602840493,1.0245559097809986,0.8656085990848867
222,adaptshrink,2,-0.25390776900092915,-0.722678278059925,0.21486274005806666,-0.3507285541642405
222,adaptshrink,3,-0.045140195235428594,-0.3728545889309525,0.2825741984600953,0.05610608858259784
222,adaptshrink,4,-0.660349474009148,-1.074105243591966,-0.24659370442633005,-0.31872100264216596
222,adaptshrink,5,-0.3200496749002522,-0.5988477565315922,-0.04125159326891226,-0.3222355056114495
223,common_DL,1,0.4573697655066914,0.12368405105267388,0.7910554799607089,0.42983761467011977
223,common_DL,2,0.13235071422497796,-0.1457434220006224,0.4104448504505783,0.1437331262835575
223,common_DL,3,0.07878201147681314,-0.2093385644515769,0.36690258740520315,-0.038549799843484105
223,common_DL,4,-0.28563728059122095,-0.5653609226247575,-0.005913638557684453,-0.20967477880026442
223,common_DL,5,-0.3907819186742004,-0.7630656861956957,-0.0184981511527052,-0.29088022945017084
223,comp_specific,1,0.49863835366935494,0.18091527370701682,0.8163614336316931,0.42983761467011977
223,comp_specific,2,0.08832479480204936,-0.11874098287813611,0.2953905724822348,0.1437331262835575
223,comp_specific,3,0.07034122221960684,-0.18910748763826588,0.32978993207747953,-0.038549799843484105
223,comp_specific,4,-0.3247724627450649,-0.6417299645876438,-0.007814960902486068,-0.20967477880026442
223,comp_specific,5,-0.42182474463563224,-0.828851876562166,-0.014797612709098518,-0.29088022945017084
223,adaptshrink,1,0.46675211703363517,0.1453145617398391,0.7881896723274313,0.42983761467011977
223,adaptshrink,2,0.11503386735075702,-0.14014141780258324,0.37020915250409725,0.1437331262835575
223,adaptshrink,3,0.07571801973869324,-0.19382233299033402,0.3452583724677205,-0.038549799843484105
223,adaptshrink,4,-0.30414761672768736,-0.6082578483810508,-3.7385074323936784e-05,-0.20967477880026442
223,adaptshrink,5,-0.41060842321099517,-0.8016656783406381,-0.019551168081352266,-0.29088022945017084
224,common_DL,1,-0.09744909364434498,-0.5156446620340491,0.3207464747453591,-0.3981308096488955
224,common_DL,2,-0.610520963293176,-1.038707397922045,-0.18233452866430705,-0.032941301078494196
224,common_DL,3,0.34182415442233816,-0.1284953283045258,0.8121436371492021,0.1581163404678521
224,common_DL,4,0.23764596179475553,-0.13612674567625146,0.6114186692657625,-0.05570042648501579
224,common_DL,5,-0.9195149956992589,-1.3748983216474933,-0.4641316697510245,-0.8482264865565887
224,comp_specific,1,0.013277247964110866,-0.4983495831705048,0.5249040790987266,-0.3981308096488955
224,comp_specific,2,-0.6715017579222924,-1.2047541829650925,-0.13824933287949226,-0.032941301078494196
224,comp_specific,3,0.3293773116324996,-0.042733066302994005,0.7014876895679932,0.1581163404678521
224,comp_specific,4,0.2344254845629859,-0.07250896279934971,0.5413599319253215,-0.05570042648501579
224,comp_specific,5,-0.9278266270533644,-1.1876569367068783,-0.6679963173998505,-0.8482264865565887
224,adaptshrink,1,-0.027473603188015394,-0.5031521775373708,0.44820497116134006,-0.3981308096488955
224,adaptshrink,2,-0.651986530900235,-1.1422734478950223,-0.16169961390544768,-0.032941301078494196
224,adaptshrink,3,0.3450156166501095,-0.11551903967960159,0.8055502729798205,0.1581163404678521
224,adaptshrink,4,0.23625845890326944,-0.1110818939901502,0.583598811796689,-0.05570042648501579
224,adaptshrink,5,-0.9228623244110371,-1.3144480777827563,-0.5312765710393179,-0.8482264865565887
225,common_DL,1,0.0743750040554807,-0.3515194572688366,0.500269465379798,0.08531581686800793
225,common_DL,2,0.4386409038732003,0.046078302296561735,0.8312035054498389,0.2511966305251469
225,common_DL,3,-0.3880212418049771,-0.7657643498172779,-0.010278133792676336,-0.7156337863104002
225,common_DL,4,0.2804318075185657,-0.1379867854852282,0.6988504005223597,0.146810584338074
225,common_DL,5,-0.10762360669337337,-0.7472337074473736,0.5319864940606269,-0.4235574790322285
225,comp_specific,1,0.06524071962487407,-0.2784401574670461,0.4089215967167942,0.08531581686800793
225,comp_specific,2,0.4400685360655604,-0.04252173556796007,0.9226588076990809,0.2511966305251469
225,comp_specific,3,-0.44102894075151944,-0.7263462822265878,-0.15571159927645106,-0.7156337863104002
225,comp_specific,4,0.28238300375688713,-0.20386474486212913,0.7686307523759034,0.146810584338074
225,comp_specific,5,-0.13094412180357018,-0.6702869475491301,0.40839870394198974,-0.4235574790322285
225,adaptshrink,1,0.07244408471991337,-0.31346190822553555,0.4583500776653623,0.08531581686800793
225,adaptshrink,2,0.4392448292108229,-0.008140593923457229,0.8866302523451031,0.2511966305251469
225,adaptshrink,3,-0.40973982052526714,-0.7415921918528983,-0.07788744919763602,-0.7156337863104002
225,adaptshrink,4,0.28289508462796664,-0.1667332835370977,0.732523452793031,0.146810584338074
225,adaptshrink,5,-0.10809546832416007,-0.720021849877602,0.5038309132292819,-0.4235574790322285
226,common_DL,1,-0.2873987291224669,-0.6982763477641525,0.12347888951921865,0.02164056292794575
226,common_DL,2,-0.9309454042227624,-1.3372064243302306,-0.5246843841152941,-0.8482065111973024
226,common_DL,3,-0.17607416198783835,-0.6799035228899749,0.3277551989142983,-0.2909837008126296
226,common_DL,4,0.6310686330835081,0.22906386422141461,1.0330734019456016,0.5737895201806463
226,common_DL,5,0.9391590070245374,0.5762760976075723,1.3020419164415025,0.8840466893424931
226,comp_specific,1,-0.2742689835141991,-0.5488019768902894,0.00026400986189129005,0.02164056292794575
226,comp_specific,2,-0.8422086671769109,-1.0912275000291105,-0.5931898343247113,-0.8482065111973024
226,comp_specific,3,-0.18675797514073791,-0.7454179389334613,0.37190198865198554,-0.2909837008126296
226,comp_specific,4,0.6808906036918132,0.1482135926560978,1.2135676147275287,0.5737895201806463
226,comp_specific,5,0.8670259784940115,0.39776985225000067,1.3362821047380224,0.8840466893424931
226,adaptshrink,1,-0.28407324781988486,-0.647532598302323,0.07938610266255336,0.02164056292794575
226,adaptshrink,2,-0.9077495767331423,-1.26546579919306,-0.5500333542732246,-0.8482065111973024
226,adaptshrink,3,-0.18322927854258958,-0.7072339863455168,0.3407754292603376,-0.2909837008126296
226,adaptshrink,4,0.6373926244718748,0.1856765077014909,1.0891087412422586,0.5737895201806463
226,adaptshrink,5,0.9353096764487697,0.5256991251456612,1.3449202277518784,0.8840466893424931
227,common_DL,1,-0.22861222784402602,-0.5557424136754094,0.09851795798735735,-0.26020329227117595
227,common_DL,2,-0.5195030206486688,-0.9672051761366909,-0.07180086516064682,-0.4107013070627795
227,common_DL,3,-0.33778553889919355,-0.8219411571426085,0.14637007934422142,-0.2512932807825213
227,common_DL,4,0.6246678570147566,0.27687203037968994,0.9724636836498233,0.8432412732163683
227,common_DL,5,0.43373735507232974,-0.04905968039069325,0.9165343905353527,0.31050647841760604
227,comp_specific,1,-0.17844716709224565,-0.3305412923070087,-0.02635304187748258,-0.26020329227117595
227,comp_specific,2,-0.46652235518800583,-1.038060643557576,0.10501593318156449,-0.4107013070627795
227,comp_specific,3,-0.3250147983492386,-0.7362508249995492,0.08622122830107204,-0.2512932807825213
227,comp_specific,4,0.6607182209216095,0.24773007187603918,1.0737063699671798,0.8432412732163683
227,comp_specific,5,0.36553809057206993,0.04992722179748643,0.6811489593466534,0.31050647841760604
227,adaptshrink,1,-0.1999681041390562,-0.46335696735538906,0.06342075907727668,-0.26020329227117595
227,adaptshrink,2,-0.4906714967047835,-0.9973908363975839,0.01604784298801687,-0.4107013070627795
227,adaptshrink,3,-0.33436727135685645,-0.7956357635054123,0.12690122079169935,-0.2512932807825213
227,adaptshrink,4,0.6454804147599585,0.25498750549433347,1.0359733240255835,0.8432412732163683
227,adaptshrink,5,0.41506325633787566,-0.016272051570260904,0.8463985642460122,0.31050647841760604
228,common_DL,1,0.3986184338771493,0.15048955430168795,0.6467473134526106,0.34673724811821965
228,common_DL,2,-1.1058813697321221,-1.3449065990001023,-0.866856140464142,-0.724428976847702
228,common_DL,3,-0.32435462834380147,-0.6054078455309623,-0.04330141115664066,-0.10276512930318026
228,common_DL,4,0.024673349025161273,-0.18216250141698326,0.2315091994673058,0.31700097339057803
228,common_DL,5,-0.6258699761993551,-0.8673802702354565,-0.3843596821632537,-0.5958383552159915
228,comp_specific,1,0.3146859017558972,0.08830874437710651,0.5410630591346879,0.34673724811821965
228,comp_specific,2,-1.0903294195320803,-1.3057138889371471,-0.8749449501270135,-0.724428976847702
228,comp_specific,3,-0.3230132393107894,-0.6000678244740703,-0.04595865414750855,-0.10276512930318026
228,comp_specific,4,0.05381006755432355,-0.20972858184252724,0.31734871695117434,0.31700097339057803
228,comp_specific,5,-0.6087561365864458,-0.8269922405653346,-0.39052003260755697,-0.5958383552159915
228,adaptshrink,1,0.3739505220629375,0.13572912456043876,0.6121719195654363,0.34673724811821965
228,adaptshrink,2,-1.0975521836294377,-1.3242631133260243,-0.8708412539328512,-0.724428976847702
228,adaptshrink,3,-0.3237927552533779,-0.6031430240887672,-0.04444248641798865,-0.10276512930318026
228,adaptshrink,4,0.022806371238713707,-0.21316946523280042,0.25878220771022786,0.31700097339057803
228,adaptshrink,5,-0.6198561930641543,-0.8547002162608779,-0.3850121698674307,-0.5958383552159915
229,common_DL,1,-0.10648725172277801,-0.6549718372803102,0.4419973338347542,-0.409159537781396
229,common_DL,2,-0.006780245619735004,-0.3541222451661752,0.3405617539267052,0.25412971247791794
229,common_DL,3,-0.1596968869000388,-0.6196346693961098,0.3002408955960322,0.010994295418238887
229,common_DL,4,-1.3774312777609383,-1.8002623326008922,-0.9546002229209843,-0.9317009100061446
229,common_DL,5,-0.8312118522962908,-1.2558952754746604,-0.40652842911792125,-0.4297838057630155
229,comp_specific,1,-0.09613714292403219,-0.5453859236427425,0.3531116377946781,-0.409159537781396
229,comp_specific,2,0.15522311300531133,-0.3129257933352471,0.6233720193458698,0.25412971247791794
229,comp_specific,3,-0.16587163518724626,-0.44567876108085547,0.11393549070636297,0.010994295418238887
229,comp_specific,4,-1.421164578259746,-2.0894025006987884,-0.7529266558207034,-0.9317009100061446
229,comp_specific,5,-0.8009639787934534,-1.0929655676077685,-0.5089623899791382,-0.4297838057630155
229,adaptshrink,1,-0.10040610057504695,-0.6224964200753377,0.42168421892524377,-0.409159537781396
229,adaptshrink,2,0.05757231293794246,-0.3520887819785914,0.4672334078544763,0.25412971247791794
229,adaptshrink,3,-0.15735602036136898,-0.5599211527846459,0.24520911206190799,0.010994295418238887
229,adaptshrink,4,-1.396086792556235,-1.9327185586720175,-0.8594550264404526,-0.9317009100061446
229,adaptshrink,5,-0.8206445594434695,-1.1983115852169939,-0.44297753366994513,-0.4297838057630155
230,common_DL,1,0.610229203567609,0.27823682967728275,0.9422215774579352,0.6904804622405452
230,common_DL,2,-0.6658370951999626,-0.9808855583447571,-0.3507886320551681,-0.5647168355164617
230,common_DL,3,0.6024863814920793,0.3461085258030441,0.8588642371811146,0.6969336180395622
230,common_DL,4,0.4194990939389447,-0.0442785077161143,0.8832766955940037,0.2369165242685658
230,common_DL,5,-0.022366826452483973,-0.4758486946541032,0.4311150417491353,-0.08112255161413759
230,comp_specific,1,0.6709802686608541,0.4549666660698002,0.8869938712519081,0.6904804622405452
230,comp_specific,2,-0.6488332483228287,-0.9253105104865569,-0.37235598615910054,-0.5647168355164617
230,comp_specific,3,0.5752522379949826,0.30104784010989166,0.8494566358800735,0.6969336180395622
230,comp_specific,4,0.27917297975750255,-0.4729346369116626,1.0312805964266678,0.2369165242685658
230,comp_specific,5,-0.019758913528902772,-0.44132119757822685,0.40180337052042137,-0.08112255161413759
230,adaptshrink,1,0.6287164636541274,0.33529054063400165,0.9221423866742531,0.6904804622405452
230,adaptshrink,2,-0.662479749090135,-0.9671773498606723,-0.35778214831959765,-0.5647168355164617
230,adaptshrink,3,0.5908784821963502,0.32243131052566204,0.8593256538670384,0.6969336180395622
230,adaptshrink,4,0.33678226285388113,-0.24945007596246704,0.9230146016702293,0.2369165242685658
230,adaptshrink,5,-0.018586063404514325,-0.45571509207165706,0.41854296526262846,-0.08112255161413759
231,common_DL,1,0.12225322036570213,-0.23926400796702213,0.4837704486984264,0.36864819639890545
231,common_DL,2,-0.3410920700693929,-0.6674826345208487,-0.014701505617937094,-0.434990621260624
231,common_DL,3,-0.20040350508142749,-0.5980475436113175,0.19724053344846257,0.06784099410924813
231,common_DL,4,1.0497825393240936,0.6242973417584015,1.4752677368897857,0.8305145087469199
231,common_DL,5,-0.2420692487721032,-0.6273585807818315,0.1432200832376251,-0.06957077521393981
231,comp_specific,1,0.1419956508427472,-0.16042600778688623,0.4444173094723807,0.36864819639890545
231,comp_specific,2,-0.31430529918178796,-0.6702943308102693,0.04168373244669338,-0.434990621260624
231,comp_specific,3,-0.27541479224873844,-0.8652493943051434,0.3144198098076665,0.06784099410924813
231,comp_specific,4,1.0404701272200336,0.5467325613252669,1.5342076931148003,0.8305145087469199
231,comp_specific,5,-0.1790974581590175,-0.37767395364615375,0.01947903732811876,-0.06957077521393981
231,adaptshrink,1,0.1307126212215109,-0.19798848750092163,0.4594137299439434,0.36864819639890545
231,adaptshrink,2,-0.33324272420419054,-0.6782617406225252,0.011776292214144113,-0.434990621260624
231,adaptshrink,3,-0.24764928705333347,-0.7407452761437283,0.2454467020370614,0.06784099410924813
231,adaptshrink,4,1.0430942545114716,0.5853743163268885,1.5008141926960548,0.8305145087469199
231,adaptshrink,5,-0.22938833606046774,-0.5721247741041814,0.11334810198324594,-0.06957077521393981
232,common_DL,1,0.6105688945794939,0.3672696517566167,0.8538681374023711,0.5871366735281193
232,common_DL,2,-0.8146718032543868,-1.2461116598759723,-0.3832319466328013,-0.8593451561347182
232,common_DL,3,-0.016736667589964185,-0.26411737507233307,0.23064403989240467,0.04751019540092991
232,common_DL,4,0.21101655678013742,-0.08387101997080648,0.5059041335310813,0.09443757293784412
232,common_DL,5,0.15442411228887382,-0.22529732964606458,0.5341455542238123,0.1027708924367992
232,comp_specific,1,0.6027988560075758,0.34219117098823115,0.8634065410269204,0.5871366735281193
232,comp_specific,2,-0.9182210255410651,-1.4866438902773806,-0.3497981608047497,-0.8593451561347182
232,comp_specific,3,0.0015778061640733965,-0.20755945819524968,0.2107150705233965,0.04751019540092991
232,comp_specific,4,0.1381187171375218,-0.2607927539566425,0.537030188231686,0.09443757293784412
232,comp_specific,5,0.08269903243458257,-0.18514611348711266,0.3505441783562778,0.1027708924367992
232,adaptshrink,1,0.6080721570071097,0.35345367490844615,0.8626906391057733,0.5871366735281193
232,adaptshrink,2,-0.8597731714322756,-1.3467477835983976,-0.37279855926615363,-0.8593451561347182
232,adaptshrink,3,-0.007049783631665814,-0.23748816446783363,0.22338859720450202,0.04751019540092991
232,adaptshrink,4,0.16974715847603558,-0.18322651549742788,0.5227208324494991,0.09443757293784412
232,adaptshrink,5,0.13000273571218843,-0.21384120086575767,0.47384667229013455,0.1027708924367992
233,common_DL,1,0.32361723813948806,0.04269713218372451,0.6045373440952516,0.2797689198978948
233,common_DL,2,0.03589958374767169,-0.23507012054453816,0.30686928803988156,0.15474624053646516
233,common_DL,3,0.6602106375799291,0.3970458504665893,0.923375424693269,0.6306831043240458
233,common_DL,4,0.682987870773762,0.34109796613720883,1.024877775410315,0.20026255240983687
233,common_DL,5,0.007468397654323944,-0.302640761295619,0.3175775566042669,0.09467356365115709
233,comp_specific,1,0.3325394839150825,0.11601351207771152,0.5490654557524535,0.2797689198978948
233,comp_specific,2,0.12394012602235485,-0.15768913941689575,0.4055693914616054,0.15474624053646516
233,comp_specific,3,0.6637046875945734,0.49050927211470363,0.8369001030744431,0.6306831043240458
233,comp_specific,4,0.7397592846608317,0.24186423775976806,1.2376543315618953,0.20026255240983687
233,comp_specific,5,-0.009020353070385678,-0.1793185838096395,0.16127787766886814,0.09467356365115709
233,adaptshrink,1,0.32779442568247474,0.07364903359195107,0.5819398177729984,0.2797689198978948
233,adaptshrink,2,0.08483797662210263,-0.19433910295680268,0.36401505620100794,0.15474624053646516
233,adaptshrink,3,0.6670254762693679,0.44156935044370665,0.8924816020950292,0.6306831043240458
233,adaptshrink,4,0.7128692660586207,0.29450818890782393,1.1312303432094173,0.20026255240983687
233,adaptshrink,5,0.011509104183190733,-0.25745973713698916,0.28047794550337063,0.09467356365115709
234,common_DL,1,0.4442031001646133,0.09115098425883716,0.7972552160703894,0.4274938665697817
234,common_DL,2,-0.37268400225887716,-0.7153278725088918,-0.030040132008862463,-0.3519204261576454
234,common_DL,3,0.3697866550504852,-0.1439613684719518,0.8835346785729221,0.43701528492580266
234,common_DL,4,0.8370164190886827,0.47350216201872275,1.2005306761586427,0.6170622220778791
234,common_DL,5,-0.7855377713420588,-1.15340282758695,-0.41767271509716786,-0.7257980988332788
234,comp_specific,1,0.40471150158447144,0.24709310424801692,0.562329898920926,0.4274938665697817
234,comp_specific,2,-0.3867526474094647,-0.8801479089944209,0.10664261417549148,-0.3519204261576454
234,comp_specific,3,0.3841751995994587,0.12687523084597635,0.6414751683529412,0.43701528492580266
234,comp_specific,4,0.807196303544574,0.361026685386524,1.2533659217026238,0.6170622220778791
234,comp_specific,5,-0.7992116930331985,-1.0145707177677894,-0.5838526682986076,-0.7257980988332788
234,adaptshrink,1,0.43110414087795,0.1502634123557292,0.7119448694001709,0.4274938665697817
234,adaptshrink,2,-0.38010257629248745,-0.8060943141511662,0.04588916156619127,-0.3519204261576454
234,adaptshrink,3,0.3702176237490533,-0.08851825842670263,0.8289535059248092,0.43701528492580266
234,adaptshrink,4,0.819159883191637,0.4099237627431112,1.2283960036401629,0.6170622220778791
234,adaptshrink,5,-0.7982859365064985,-1.106970404748497,-0.48960146826450013,-0.7257980988332788
235,common_DL,1,0.365213989371817,0.056379428008915766,0.6740485507347183,0.2495167015589125
235,common_DL,2,0.012409942718209823,-0.23492810141598314,0.2597479868524028,0.1293350662413618
235,common_DL,3,-0.4416712848983387,-0.6816576709724951,-0.20168489882418222,-0.19870445300694414
235,common_DL,4,0.13585317231143,-0.10639495653923295,0.37810130116209295,0.10368331091207694
235,common_DL,5,-0.0645046915026979,-0.3469673971461437,0.21795801414074795,-0.049680023371565483
235,comp_specific,1,0.34964298248484377,-0.0018156565147228743,0.7011016214844104,0.2495167015589125
235,comp_specific,2,0.04123894875628544,-0.18090655977229833,0.2633844572848692,0.1293350662413618
235,comp_specific,3,-0.4480475313293359,-0.6823613321281037,-0.21373373053056816,-0.19870445300694414
235,comp_specific,4,0.12867713949520126,-0.09694823275106354,0.3543025117414661,0.10368331091207694
235,comp_specific,5,-0.0621781518300534,-0.34043845184647836,0.21608214818637153,-0.049680023371565483
235,adaptshrink,1,0.35362604721165675,0.0158288021477066,0.691423292275607,0.2495167015589125
235,adaptshrink,2,0.02798662834085744,-0.2054925220108565,0.26146577869257137,0.1293350662413618
235,adaptshrink,3,-0.4466045862325346,-0.6836399859611859,-0.2095691865038832,-0.19870445300694414
235,adaptshrink,4,0.13116744600717928,-0.1025101418697062,0.36484503388406475,0.10368331091207694
235,adaptshrink,5,-0.06354611684030234,-0.3434920798822926,0.21639984620168792,-0.049680023371565483
236,common_DL,1,0.3746876513904834,0.017759300446508308,0.7316160023344584,0.25466617212925
236,common_DL,2,-0.00815072322392052,-0.4318578104176045,0.4155563639697635,0.26970380011258394
236,common_DL,3,1.2917518729396071,1.0235157587485668,1.5599879871306475,1.2157500058783235
236,common_DL,4,0.35354918854707834,0.11712984020914408,0.5899685368850126,0.28539182520557715
236,common_DL,5,-0.5049001077825428,-0.7697176904763796,-0.24008252508870598,-0.5844654214020149
236,comp_specific,1,0.3761781446568482,0.04340417550851006,0.7089521138051863,0.25466617212925
236,comp_specific,2,-0.07289486877317009,-0.5580633616033586,0.41227362405701845,0.26970380011258394
236,comp_specific,3,1.3881474597495382,1.075355943059479,1.7009389764395975,1.2157500058783235
236,comp_specific,4,0.352974561514636,-0.014945362657329875,0.720894485686602,0.28539182520557715
236,comp_specific,5,-0.48363944409555537,-0.7516748357825277,-0.21560405240858305,-0.5844654214020149
236,adaptshrink,1,0.3757939766828685,0.029596791403351475,0.7219911619623856,0.25466617212925
236,adaptshrink,2,-0.01728278323343979,-0.4488181828921253,0.4142526164252457,0.26970380011258394
236,adaptshrink,3,1.3213809100728087,1.0413790916931998,1.6013827284524176,1.2157500058783235
236,adaptshrink,4,0.36738134516310406,0.059820233827064695,0.6749424564991434,0.28539182520557715
236,adaptshrink,5,-0.4978160716950065,-0.7575037346685296,-0.23812840872148344,-0.5844654214020149
237,common_DL,1,-0.5317499894478366,-0.8373998907999629,-0.22610008809571025,-0.46320323638453004
237,common_DL,2,-0.0015604381961147606,-0.262355575176616,0.25923469878438654,-0.10303526878488448
237,common_DL,3,0.5119996911656857,0.15628074524848817,0.8677186370828831,0.4573647786970398
237,common_DL,4,0.47508231948885504,0.2009846093323861,0.7491800296453239,0.229711979077111
237,common_DL,5,-1.3804125423390228,-1.777107442277816,-0.9837176424002296,-1.1188370192951407
237,comp_specific,1,-0.5095602227845584,-0.652839844649791,-0.36628060091932585,-0.46320323638453004
237,comp_specific,2,-0.007327013087249812,-0.2929136957654812,0.2782596695909816,-0.10303526878488448
237,comp_specific,3,0.5128704926641345,0.16585481597572488,0.8598861693525441,0.4573647786970398
237,comp_specific,4,0.5522663891810706,0.24050834634560042,0.8640244320165409,0.229711979077111
237,comp_specific,5,-1.3827015573500412,-1.7806316151510115,-0.9847714995490708,-1.1188370192951407
237,adaptshrink,1,-0.5253278800256519,-0.7690808681029355,-0.28157489194836827,-0.46320323638453004
237,adaptshrink,2,-0.004757732359908895,-0.2826025134280972,0.27308704870827943,-0.10303526878488448
237,adaptshrink,3,0.514133470338356,0.15178734747526512,0.8764795932014469,0.4573647786970398
237,adaptshrink,4,0.5218232222918051,0.21592770149983231,0.8277187430837779,0.229711979077111
237,adaptshrink,5,-1.3773642329693851,-1.7778869118479088,-0.9768415540908615,-1.1188370192951407
238,common_DL,1,-0.4716001480380968,-0.8112459242649772,-0.13195437181121644,-0.32986839151130987
238,common_DL,2,-0.0740506654474902,-0.4292057150434272,0.28110438414844685,-0.21470223796941473
238,common_DL,3,0.649377823007707,0.30445264605559613,0.9943029999598179,0.561292209585259
238,common_DL,4,0.6193488784863891,0.28091285538093386,0.9577849015918443,0.6457166800729708
238,common_DL,5,-0.3167678216041008,-0.6221385417783549,-0.011397101429846679,-0.42570867533555856
238,comp_specific,1,-0.4235612675637753,-0.751360359141837,-0.09576217598571374,-0.32986839151130987
238,comp_specific,2,-0.18390794019009743,-0.6514830011056614,0.2836671207254665,-0.21470223796941473
238,comp_specific,3,0.7303168011670297,0.4958937914999729,0.9647398108340864,0.561292209585259
238,comp_specific,4,0.5895330014895144,0.30652985743219624,0.8725361455468326,0.6457166800729708
238,comp_specific,5,-0.3487376171922032,-0.5851094174723187,-0.11236581691208769,-0.42570867533555856
238,adaptshrink,1,-0.45015505482875956,-0.7848628772767767,-0.11544723238074234,-0.32986839151130987
238,adaptshrink,2,-0.15117927796912634,-0.5759771021882458,0.2736185462499932,-0.21470223796941473
238,adaptshrink,3,0.6731486727522483,0.3672131087023491,0.9790842368021475,0.561292209585259
238,adaptshrink,4,0.6001422653297985,0.2877774869281223,0.9125070437314748,0.6457166800729708
238,adaptshrink,5,-0.33137509743128807,-0.6047807080357652,-0.05796948682681091,-0.42570867533555856
239,common_DL,1,-0.043033649555037023,-0.3818424389755464,0.2957751398654724,-0.20121525100554707
239,common_DL,2,-0.8416505723717602,-1.1799501354361477,-0.5033510093073728,-0.7023740704728693
239,common_DL,3,-0.18296124897559374,-0.5038299907030861,0.13790749275189867,-0.1351269168834666
239,common_DL,4,0.0686981533307966,-0.2557927837592259,0.39318909042081907,0.41650165975886067
239,common_DL,5,-0.715677974924249,-0.9897430353338142,-0.44161291451468376,-0.8338856695375173
239,comp_specific,1,-0.06188874161002961,-0.4612068175770282,0.337429334356969,-0.20121525100554707
239,comp_specific,2,-0.8198322678932068,-1.1720327608494407,-0.467631774936973,-0.7023740704728693
239,comp_specific,3,-0.16913896577477844,-0.44295866415538965,0.10468073260583277,-0.1351269168834666
239,comp_specific,4,0.12008102639689144,-0.2634721304107361,0.503634183204519,0.41650165975886067
239,comp_specific,5,-0.6971541637571688,-0.9504753099760381,-0.4438330175382994,-0.8338856695375173
239,adaptshrink,1,-0.04265814479497515,-0.4162815841899609,0.3309652946000106,-0.20121525100554707
239,adaptshrink,2,-0.828454122299066,-1.176777384549489,-0.48013086004864286,-0.7023740704728693
239,adaptshrink,3,-0.1771836356199419,-0.4774409917889807,0.1230737205490969,-0.1351269168834666
239,adaptshrink,4,0.09883970777472856,-0.2558224839884527,0.4535018995379098,0.41650165975886067
239,adaptshrink,5,-0.7086891231942931,-0.9752267361484166,-0.44215151024016963,-0.8338856695375173
240,common_DL,1,1.1494289042536534,0.8871717599296096,1.4116860485776972,1.2372088392113207
240,common_DL,2,0.20477970284286098,-0.1670062390943757,0.5765656447800976,0.02951718374772218
240,common_DL,3,-1.1269763870226566,-1.4077273711780034,-0.8462254028673097,-0.861461680599567
240,common_DL,4,1.4867737020103922,1.121154178564102,1.8523932254566824,0.9902719647688085
240,common_DL,5,-0.18031404950710256,-0.6191258381337923,0.2584977391195872,-0.43551468521187076
240,comp_specific,1,1.1290165143069824,0.925048149424281,1.3329848791896837,1.2372088392113207
240,comp_specific,2,0.2082797940611175,-0.1297305853335227,0.5462901734557577,0.02951718374772218
240,comp_specific,3,-1.1174001241600555,-1.337079618084561,-0.89772063023555,-0.861461680599567
240,comp_specific,4,1.3267581739939822,0.8124030160839952,1.8411133319039692,0.9902719647688085
240,comp_specific,5,-0.21210999391667007,-0.7304564157188824,0.3062364278855423,-0.43551468521187076
240,adaptshrink,1,1.138994524082542,0.9020689784733799,1.3759200696917042,1.2372088392113207
240,adaptshrink,2,0.20455634848161625,-0.1539999335613858,0.5631126305246184,0.02951718374772218
240,adaptshrink,3,-1.1232297709049068,-1.3806790406671463,-0.8657805011426675,-0.861461680599567
240,adaptshrink,4,1.4180877823512745,0.9900176648260481,1.846157899876501,0.9902719647688085
240,adaptshrink,5,-0.19493678767793587,-0.6716582105992632,0.2817846352433914,-0.43551468521187076
241,common_DL,1,-1.4539443774536893,-1.9920293731450829,-0.9158593817622958,-1.3574567165710498
241,common_DL,2,0.41072223328152024,0.015469730077492083,0.8059747364855484,0.5967923949601078
241,common_DL,3,0.6410031637541569,0.28991927182607663,0.9920870556822372,0.7951079633104985
241,common_DL,4,0.6405937273797779,0.16691136991234368,1.1142760848472122,0.07154939679937769
241,common_DL,5,0.1213670037524201,-0.23147741845067532,0.4742114259555155,0.023617888764951623
241,comp_specific,1,-1.4514665284312211,-1.7284281159415267,-1.1745049409209156,-1.3574567165710498
241,comp_specific,2,0.30212664819594287,-0.31673536883544545,0.9209886652273311,0.5967923949601078
241,comp_specific,3,0.6464878265622871,0.1783488781877754,1.1146267749367988,0.7951079633104985
241,comp_specific,4,0.6759735046111897,0.47778709708670475,0.8741599121356746,0.07154939679937769
241,comp_specific,5,0.08966019822022198,-0.11512645281562983,0.2944468492560738,0.023617888764951623
241,adaptshrink,1,-1.4528834441250895,-1.9268881010985872,-0.9788787871515918,-1.3574567165710498
241,adaptshrink,2,0.33792892509937933,-0.18507100267523635,0.860928852873995,0.5967923949601078
241,adaptshrink,3,0.6413175482313896,0.22317073229877904,1.0594643641640002,0.7951079633104985
241,adaptshrink,4,0.641397913905957,0.23073606057843343,1.0520597672334806,0.07154939679937769
241,adaptshrink,5,0.10501439271213472,-0.18198597115602447,0.39201475658029394,0.023617888764951623
242,common_DL,1,0.2154388641820853,-0.21968637251888923,0.6505641008830598,0.33097422158230505
242,common_DL,2,0.5125026351343087,0.2163533034750652,0.8086519667935522,0.6118851303404849
242,common_DL,3,-0.8103798242577989,-1.1835689082379042,-0.4371907402776936,-0.8277458284014364
242,common_DL,4,-0.8606241945108155,-1.2126373894963978,-0.5086109995252333,-0.5000109852372098
242,common_DL,5,-0.6902695917579305,-1.0036760442844457,-0.3768631392314153,-0.5809073977340585
242,comp_specific,1,0.17144045814902648,-0.20121073735879458,0.5440916536568475,0.33097422158230505
242,comp_specific,2,0.45918443723325414,0.20374653083004712,0.7146223436364612,0.6118851303404849
242,comp_specific,3,-0.8175365016485301,-1.1371194968006253,-0.49795350649643494,-0.8277458284014364
242,comp_specific,4,-0.8614003655386155,-1.3137193330520351,-0.409081398025196,-0.5000109852372098
242,comp_specific,5,-0.7633831162338733,-1.1036911169633556,-0.4230751155043911,-0.5809073977340585
242,adaptshrink,1,0.19599728103665587,-0.21596762460071384,0.6079621866740256,0.33097422158230505
242,adaptshrink,2,0.4859931095797813,0.21091886744107924,0.7610673517184834,0.6118851303404849
242,adaptshrink,3,-0.8118652647916416,-1.1642509032029968,-0.4594796263802862,-0.8277458284014364
242,adaptshrink,4,-0.8562863113844144,-1.2658265800552986,-0.4467460427135301,-0.5000109852372098
242,adaptshrink,5,-0.7293125307119684,-1.0635419049967247,-0.3950831564272122,-0.5809073977340585
243,common_DL,1,0.43916966599889995,0.09890181087502148,0.7794375211227784,0.11743820348288662
243,common_DL,2,-0.4911381532990707,-0.8036701587118746,-0.17860614788626672,-0.24782611342479374
243,common_DL,3,-0.9654977725471876,-1.3167127159974468,-0.6142828290969284,-1.0651550080045744
243,common_DL,4,-0.5350752948031354,-0.8181678121077826,-0.2519827774984883,-0.4666990368507247
243,common_DL,5,-0.861098725043668,-1.2042419911903108,-0.5179554588970252,-0.7969939898166564
243,comp_specific,1,0.2942054519371906,-0.04572612977191537,0.6341370336462966,0.11743820348288662
243,comp_specific,2,-0.4512712203115545,-0.7378121017885373,-0.16473033883457167,-0.24782611342479374
243,comp_specific,3,-1.0135883503899463,-1.2762878782633178,-0.7508888225165748,-1.0651550080045744
243,comp_specific,4,-0.4221805138336116,-0.7788590700603656,-0.06550195760685762,-0.4666990368507247
243,comp_specific,5,-0.7788610032161397,-0.9867322547382196,-0.5709897516940599,-0.7969939898166564
243,adaptshrink,1,0.35297982882096307,0.0027759210282528035,0.7031837366136733,0.11743820348288662
243,adaptshrink,2,-0.4664725946705089,-0.7664809419276722,-0.16646424741334553,-0.24782611342479374
243,adaptshrink,3,-0.9831636473209959,-1.296398542870648,-0.6699287517713439,-1.0651550080045744
243,adaptshrink,4,-0.4737655350717772,-0.799345957350515,-0.14818511279303948,-0.4666990368507247
243,adaptshrink,5,-0.8327916874256174,-1.122131193233539,-0.5434521816176958,-0.7969939898166564
244,common_DL,1,-0.037275325334997195,-0.44504848118612705,0.3704978305161327,-0.019557666273101945
244,common_DL,2,-0.4679211134153407,-0.8927609030671313,-0.04308132376355012,-0.4296093195455659
244,common_DL,3,-0.11294741898105118,-0.4629233121964268,0.23702847423432447,-0.18161040762954767
244,common_DL,4,-0.14038226681755112,-0.6809898890131965,0.4002253553780943,-0.2993653399152196
244,common_DL,5,0.5156102717692831,0.13921415022787675,0.8920063933106894,0.15543635741454132
244,comp_specific,1,-0.08726390440919533,-0.29212161227892924,0.11759380346053856,-0.019557666273101945
244,comp_specific,2,-0.46057342744988816,-0.8571250714396565,-0.06402178346011983,-0.4296093195455659
244,comp_specific,3,-0.0855610229839593,-0.2971498045109382,0.12602775854301962,-0.18161040762954767
244,comp_specific,4,-0.10705611598542679,-1.0380371824791021,0.8239249505082485,-0.2993653399152196
244,comp_specific,5,0.43556318636057423,0.14834553519929644,0.7227808375218521,0.15543635741454132
244,adaptshrink,1,-0.04357178064602095,-0.38989806351339706,0.30275450222135514,-0.019557666273101945
244,adaptshrink,2,-0.46135719668040875,-0.874275360424642,-0.04843903293617552,-0.4296093195455659
244,adaptshrink,3,-0.09001092821594078,-0.3795421390417475,0.19952028260986596,-0.18161040762954767
244,adaptshrink,4,-0.13265054480445188,-0.8384588919160516,0.5731578023071477,-0.2993653399152196
244,adaptshrink,5,0.4721975620119073,0.13816711837473106,0.8062280056490836,0.15543635741454132
245,common_DL,1,0.5610477586173553,0.19839063816788183,0.9237048790668289,0.430206384475603
245,common_DL,2,-0.3523419174362271,-0.6765089197238656,-0.02817491514858861,-0.3312035315614171
245,common_DL,3,0.16539484096537038,-0.07198086773202583,0.4027705496627666,0.31033380277008576
245,common_DL,4,0.49834755312427054,0.19657466991556166,0.8001204363329795,0.15235469021419426
245,common_DL,5,0.20833315977900832,-0.06676345512025791,0.4834297746782745,0.2780546694355555
245,comp_specific,1,0.5574957595356373,0.2544166203429142,0.8605748987283606,0.430206384475603
245,comp_specific,2,-0.39965239732709845,-0.8328413162747956,0.033536521620598725,-0.3312035315614171
245,comp_specific,3,0.15138085031493925,-0.015578034322103779,0.3183397349519823,0.31033380277008576
245,comp_specific,4,0.4801039816165277,0.09442727983551807,0.8657806833975372,0.15235469021419426
245,comp_specific,5,0.22753889671309818,-0.00619218408902017,0.46126997751521653,0.2780546694355555
245,adaptshrink,1,0.5613733880983096,0.224715030011075,0.8980317461855443,0.430206384475603
245,adaptshrink,2,-0.39026566631275894,-0.7799780907615559,-0.0005532418639620507,-0.3312035315614171
245,adaptshrink,3,0.1640672554630187,-0.043039645246822356,0.37117415617285976,0.31033380277008576
245,adaptshrink,4,0.48475666194278355,0.12507352098582059,0.8444398028997465,0.15235469021419426
245,adaptshrink,5,0.2203567140066003,-0.03825130415290276,0.47896473216610336,0.2780546694355555
246,common_DL,1,0.15063385879377084,-0.2945821854654946,0.5958499030530362,0.2691042991984453
246,common_DL,2,-0.542224750792729,-0.8984308275509982,-0.18601867403445987,-0.4644329576028651
246,common_DL,3,-0.2007299315669932,-0.5432440039266166,0.14178414079263024,-0.19130635324685114
246,common_DL,4,-0.6549413107517013,-0.9920587000673766,-0.3178239214360259,-0.7117181249376969
246,common_DL,5,-0.6653743935347936,-1.0053135789803282,-0.32543520808925885,-0.5578273839685229
246,comp_specific,1,0.16670887996945366,-0.15915067462415616,0.4925684345630635,0.2691042991984453
246,comp_specific,2,-0.5730402120884222,-0.9636138237291564,-0.18246660044768792,-0.4644329576028651
246,comp_specific,3,-0.22222483838815357,-0.38971895267162815,-0.054730724104679024,-0.19130635324685114
246,comp_specific,4,-0.85137952145025,-1.2980809171295045,-0.40467812577099543,-0.7117181249376969
246,comp_specific,5,-0.7068982844150059,-0.9606707151446755,-0.4531258536853363,-0.5578273839685229
246,adaptshrink,1,0.1536231962861081,-0.2539875356601193,0.5612339282323355,0.2691042991984453
246,adaptshrink,2,-0.5649981096289299,-0.9445441630641573,-0.18545205619370259,-0.4644329576028651
246,adaptshrink,3,-0.21562845331116204,-0.4861424447543128,0.05488553813198871,-0.19130635324685114
246,adaptshrink,4,-0.806162600306349,-1.2268692757764152,-0.3854559248362829,-0.7117181249376969
246,adaptshrink,5,-0.6911884322942079,-1.0027024607307775,-0.3796744038576383,-0.5578273839685229
247,common_DL,1,-0.5890575297081047,-0.922880947560208,-0.25523411185600137,-0.8134560069408753
247,common_DL,2,-0.09563402650973213,-0.5488434314990717,0.3575753784796074,-0.21003916574336315
247,common_DL,3,0.920515959169989,0.5189407695812773,1.3220911487587006,0.8485694685595861
247,common_DL,4,1.4296282359323857,1.116932142769146,1.7423243290956254,1.5651279599224022
247,common_DL,5,-0.01151948887588733,-0.37122674646924814,0.3481877687174735,-0.10024434508944406
247,comp_specific,1,-0.6110596581073997,-0.9206682377576885,-0.30145107845711094,-0.8134560069408753
247,comp_specific,2,-0.09996670215827208,-0.6170346131424521,0.41710120882590795,-0.21003916574336315
247,comp_specific,3,0.9066455638162023,0.487768396178175,1.3255227314542295,0.8485694685595861
247,comp_specific,4,1.3943242511779783,1.0334065839688418,1.7552419183871149,1.5651279599224022
247,comp_specific,5,0.008362229493580065,-0.25679715486609367,0.2735216138532538,-0.10024434508944406
247,adaptshrink,1,-0.6011883466393562,-0.9221494700876224,-0.28022722319108995,-0.8134560069408753
247,adaptshrink,2,-0.10076172696991814,-0.5874721609217601,0.38594870698192385,-0.21003916574336315
247,adaptshrink,3,0.9145448139735795,0.5031987605105,1.3258908674366587,0.8485694685595861
247,adaptshrink,4,1.4027799190866297,1.0504962356954086,1.7550636024778508,1.5651279599224022
247,adaptshrink,5,0.0008937538795980027,-0.33205869974904273,0.33384620750823873,-0.10024434508944406
248,common_DL,1,0.04297950654441132,-0.3604009345196586,0.4463599476084813,-0.10999686941837662
248,common_DL,2,-0.7360514648624515,-1.123737455677716,-0.34836547404718704,-0.6490395911514565
248,common_DL,3,-0.5653857642044312,-0.9937164094416825,-0.13705511896717992,-0.5715431158868854
248,common_DL,4,1.3335083893613366,0.8196031361511058,1.8474136425715675,0.9723474429485643
248,common_DL,5,0.5341920231245586,0.15631067645663227,0.912073369792485,0.31713104036985496
248,comp_specific,1,0.026136180723863645,-0.2911857704586507,0.343458131906378,-0.10999686941837662
248,comp_specific,2,-0.822328737150003,-1.2708034660156287,-0.37385400828437737,-0.6490395911514565
248,comp_specific,3,-0.5171129054952817,-0.8434786817340969,-0.19074712925646642,-0.5715431158868854
248,comp_specific,4,1.2275330701446134,0.5988998170774383,1.8561663232117884,0.9723474429485643
248,comp_specific,5,0.4798033829496967,0.18637358684240674,0.7732331790569866,0.31713104036985496
248,adaptshrink,1,0.029097553173331542,-0.3399646590569462,0.3981597654036092,-0.10999686941837662
248,adaptshrink,2,-0.7867000849436203,-1.2092381338567508,-0.3641620360304898,-0.6490395911514565
248,adaptshrink,3,-0.5490245283505315,-0.9378288829182387,-0.16022017378282427,-0.5715431158868854
248,adaptshrink,4,1.2804923059962707,0.7238637613537995,1.837120850638742,0.9723474429485643
248,adaptshrink,5,0.503285004186011,0.15767944494094854,0.8488905634310734,0.31713104036985496
249,common_DL,1,0.3925872056552363,0.0015884102909060616,0.7835860010195665,0.4999172882510344
249,common_DL,2,0.4464219791941634,0.05348596291801827,0.8393579954703085,0.19617788180487522
249,common_DL,3,0.02714755049661452,-0.4955658233942628,0.5498609243874919,0.2025997349148102
249,common_DL,4,-0.5150832004187049,-0.8763222592062221,-0.15384414163118776,-0.5813261997452932
249,common_DL,5,0.2557014324645185,-0.1531037564261179,0.6645066213551549,0.3037368416047231
249,comp_specific,1,0.41520496249094635,0.13983587518382207,0.6905740497980706,0.4999172882510344
249,comp_specific,2,0.5779912317038466,0.025242457748877123,1.130740005658816,0.19617788180487522
249,comp_specific,3,-0.006176273035593927,-0.37450464109969206,0.3621520950285042,0.2025997349148102
249,comp_specific,4,-0.5564717361764792,-0.8865126146104235,-0.2264308577425348,-0.5813261997452932
249,comp_specific,5,0.276391403978609,-0.025998336107849185,0.5787811440650672,0.3037368416047231
249,adaptshrink,1,0.4039232979276392,0.07123810502515054,0.7366084908301278,0.4999172882510344
249,adaptshrink,2,0.5420732085166171,0.05495959820606866,1.0291868188271656,0.19617788180487522
249,adaptshrink,3,0.019503545340289072,-0.4477530804812416,0.4867601711618198,0.2025997349148102
249,adaptshrink,4,-0.5183114265074429,-0.8651626092725784,-0.1714602437423074,-0.5813261997452932
249,adaptshrink,5,0.2852502909743088,-0.08458523120367034,0.655085813152288,0.3037368416047231
250,common_DL,1,0.1050666450992993,-0.2683283493007193,0.4784616394993179,0.14659674196372935
250,common_DL,2,-0.40225422959719576,-0.7725136901837483,-0.03199476901064324,-0.5168174277655107
250,common_DL,3,-0.922604704104042,-1.3265097619278463,-0.5186996462802378,-0.7807194497846408
250,common_DL,4,0.5117004353557495,0.08828026708486669,0.9351206036266323,0.30916141537301983
250,common_DL,5,0.1468478807513634,-0.23133535136317757,0.5250311128659044,0.07122522818981866
250,comp_specific,1,0.10191120441406896,-0.05740919225219031,0.2612316010803282,0.14659674196372935
250,comp_specific,2,-0.5033941061289555,-0.8973534426355159,-0.10943476962239512,-0.5168174277655107
250,comp_specific,3,-0.8762008474885213,-1.0365089179215772,-0.7158927770554656,-0.7807194497846408
250,comp_specific,4,0.48245780474885896,-0.29017894563968233,1.2550945551374002,0.30916141537301983
250,comp_specific,5,0.10670992322334365,-0.17653113314590663,0.38995097959259395,0.07122522818981866
250,adaptshrink,1,0.09543375693352432,-0.20386965497323886,0.39473716884028753,0.14659674196372935
250,adaptshrink,2,-0.4484827645167535,-0.832949897492113,-0.06401563154139406,-0.5168174277655107
250,adaptshrink,3,-0.9185703954289343,-1.2496603209894566,-0.587480469868412,-0.7807194497846408
250,adaptshrink,4,0.4983500319572478,-0.09793048640479851,1.0946305503192941,0.30916141537301983
250,adaptshrink,5,0.13282932331597203,-0.2049082502222096,0.47056689685415365,0.07122522818981866
251,common_DL,1,0.08874379415455741,-0.2843164422725535,0.4618040305816683,0.22415174794948473
251,common_DL,2,-0.06687671302575757,-0.5448880489494983,0.4111346228979832,-0.3735152382549946
251,common_DL,3,-0.6806454449281918,-1.1135227207746705,-0.24776816908171312,-0.6355013031556331
251,common_DL,4,-0.08278644814383795,-0.4183290611768934,0.2527561648892175,0.0918043718833048
251,common_DL,5,-0.20201012794626877,-0.6041163271249259,0.20009607123238837,-0.07035454432927295
251,comp_specific,1,0.129637407548438,-0.15312810620079498,0.412402921297671,0.22415174794948473
251,comp_specific,2,0.025318377833089822,-0.6161104019915671,0.6667471576577466,-0.3735152382549946
251,comp_specific,3,-0.6600881722330264,-1.0338270373963623,-0.2863493070696905,-0.6355013031556331
251,comp_specific,4,-0.023960299910470814,-0.38059548417750655,0.3326748843565649,0.0918043718833048
251,comp_specific,5,-0.2002108593274782,-0.3715567038791492,-0.028865014775807246,-0.07035454432927295
251,adaptshrink,1,0.10734265599762496,-0.23286384859218093,0.4475491605874309,0.22415174794948473
251,adaptshrink,2,-0.012793639750519364,-0.5729157938556956,0.5473285143546568,-0.3735152382549946
251,adaptshrink,3,-0.669557680990118,-1.0722684168159566,-0.26684694516427954,-0.6355013031556331
251,adaptshrink,4,-0.051971012691026344,-0.41198736857844814,0.3080453431963955,0.0918043718833048
251,adaptshrink,5,-0.18136506049689421,-0.5170410136305923,0.15431089263680392,-0.07035454432927295
252,common_DL,1,1.2233952072239815,1.0296197650275323,1.4171706494204308,1.2613395945890666
252,common_DL,2,-0.21214186007631275,-0.4219935596380715,-0.0022901605145539683,0.20530384519003583
252,common_DL,3,-0.7011081915669349,-0.9411061990601187,-0.46111018407375115,-0.6856213462567624
252,common_DL,4,0.6439910971460506,0.407613269094948,0.8803689251971533,0.5151226294460136
252,common_DL,5,-0.5977296641846429,-1.0288140824648635,-0.16664524590442226,-0.3344635594392512
252,comp_specific,1,1.226356290448066,1.0690906316823836,1.3836219492137485,1.2613395945890666
252,comp_specific,2,-0.21893156623182009,-0.5153467662931162,0.07748363382947598,0.20530384519003583
252,comp_specific,3,-0.7238905008489114,-1.023433921040535,-0.4243470806572877,-0.6856213462567624
252,comp_specific,4,0.693141002362127,0.40087682237644756,0.9854051823478063,0.5151226294460136
252,comp_specific,5,-0.5036748644495234,-1.0526651435074919,0.045315414608445015,-0.3344635594392512
252,adaptshrink,1,1.2234684905266207,1.0487231968801847,1.3982137841730566,1.2613395945890666
252,adaptshrink,2,-0.21336065150276545,-0.4729512639483653,0.04622996094283438,0.20530384519003583
252,adaptshrink,3,-0.7342770088688444,-1.0335814847957394,-0.4349725329419494,-0.6856213462567624
252,adaptshrink,4,0.6922564559088148,0.40101037209940643,0.9835025397182231,0.5151226294460136
252,adaptshrink,5,-0.5524994785161477,-1.0297803855601693,-0.07521857147212602,-0.3344635594392512
253,common_DL,1,-0.13442843449359843,-0.6169066518790431,0.34804978289184624,0.07576961067637104
253,common_DL,2,-0.20230547701949128,-0.5975842497865603,0.1929732957475778,-0.1080130494367953
253,common_DL,3,0.05548055527491432,-0.4797942280775828,0.5907553386274115,-0.21249906409652194
253,common_DL,4,0.24256674941476924,-0.30039802575410063,0.7855315245836392,0.32283171998877686
253,common_DL,5,0.097368688317679,-0.22391179109349477,0.41864916772885274,0.16197282665488347
253,comp_specific,1,-0.12113808850045331,-0.6879636396314618,0.4456874626305552,0.07576961067637104
253,comp_specific,2,-0.04515258620612163,-0.2630310508643148,0.17272587845207155,-0.1080130494367953
253,comp_specific,3,0.015309896024360246,-0.3554443919858765,0.38606418403459697,-0.21249906409652194
253,comp_specific,4,0.25812197141059445,-0.3222446332431339,0.8384885760643228,0.32283171998877686
253,comp_specific,5,0.1853088816529228,-0.14316833784562943,0.513786101151475,0.16197282665488347
253,adaptshrink,1,-0.14807818292567881,-0.6628099123023503,0.36665354645099263,0.07576961067637104
253,adaptshrink,2,-0.16336447655252972,-0.519927060495241,0.1931981073901815,-0.1080130494367953
253,adaptshrink,3,0.047242422624467977,-0.44052470681354766,0.5350095520624836,-0.21249906409652194
253,adaptshrink,4,0.2433323206364036,-0.3093312290754921,0.7959958703482992,0.32283171998877686
253,adaptshrink,5,0.12372285608313799,-0.20617760337699897,0.45362331554327495,0.16197282665488347
254,common_DL,1,0.7363180877403657,0.3572076351586048,1.1154285403221265,0.6077702707755099
254,common_DL,2,-0.1935911932182773,-0.4620038856721058,0.07482149923555118,-0.2546447322064558
254,common_DL,3,-0.6290330801934024,-1.0043317711184303,-0.25373438926837455,-0.6075847420293966
254,common_DL,4,-0.5551975117142479,-0.8892483751774118,-0.22114664825108393,-0.5004709887254296
254,common_DL,5,0.5135534396470453,0.15607075183693753,0.871036127457153,0.6670145294102798
254,comp_specific,1,0.7328788005512195,0.38105059458927004,1.084707006513169,0.6077702707755099
254,comp_specific,2,-0.2066543163341436,-0.5276872592984204,0.1143786266301332,-0.2546447322064558
254,comp_specific,3,-0.6952228696359591,-0.9379844013497524,-0.4524613379221659,-0.6075847420293966
254,comp_specific,4,-0.5581796808254563,-0.9112403702334924,-0.20511899141742024,-0.5004709887254296
254,comp_specific,5,0.4806919265768627,0.1050999755890854,0.85628387756464,0.6670145294102798
254,adaptshrink,1,0.7351091358155888,0.367448022410972,1.1027702492202056,0.6077702707755099
254,adaptshrink,2,-0.1982188047323294,-0.4908957429953913,0.09445813353073251,-0.2546447322064558
254,adaptshrink,3,-0.6443239564678629,-0.9732719732582913,-0.31537593967743455,-0.6075847420293966
254,adaptshrink,4,-0.5568439291930605,-0.9005942334151948,-0.21309362497092615,-0.5004709887254296
254,adaptshrink,5,0.5022303473324748,0.13893012857339165,0.865530566091558,0.6670145294102798
255,common_DL,1,1.1037865215542992,0.7868808770208379,1.4206921660877607,1.0848936969284961
255,common_DL,2,0.2409363933734014,-0.1253290110967165,0.6072017978435194,-0.22317709636190397
255,common_DL,3,-0.11985442266386859,-0.553809194636047,0.3141003493083099,-0.2793014608609816
255,common_DL,4,0.1356197837017511,-0.21691062255048676,0.48815018995398896,-0.0998179986712202
255,common_DL,5,0.1229401516250746,-0.2721459156440303,0.5180262188941795,0.09937879551918066
255,comp_specific,1,1.0873368891597934,0.7991840121525602,1.3754897661670267,1.0848936969284961
255,comp_specific,2,0.22361853776957005,-0.09626474463891518,0.5435018201780553,-0.22317709636190397
255,comp_specific,3,-0.13607918835798297,-0.4778350127247545,0.20567663600878852,-0.2793014608609816
255,comp_specific,4,0.13929440741361515,-0.36070934284530926,0.6392981576725396,-0.0998179986712202
255,comp_specific,5,0.1152647263273978,-0.19068731757081225,0.4212167702256079,0.09937879551918066
255,adaptshrink,1,1.092580816383143,0.7879933515310901,1.3971682812351958,1.0848936969284961
255,adaptshrink,2,0.23332608222252849,-0.1095456578215886,0.5761978222666455,-0.22317709636190397
255,adaptshrink,3,-0.12607801015534376,-0.5168354935393364,0.2646794732286489,-0.2793014608609816
255,adaptshrink,4,0.14148236514157633,-0.29828666213255406,0.5812513924157067,-0.0998179986712202
255,adaptshrink,5,0.1195865263494551,-0.24174121981334334,0.48091427251225355,0.09937879551918066
256,common_DL,1,-0.906242276700899,-1.1622332620364897,-0.6502512913653082,-0.7411370526119954
256,common_DL,2,-0.08354110475886688,-0.28932609443276885,0.12224388491503511,-0.04248302288845916
256,common_DL,3,-0.07104720144968915,-0.32074784030844855,0.17865343740907025,0.14499583741969738
256,common_DL,4,0.17315520726620315,-0.004029607727487838,0.35034002225989413,0.20742347624458046
256,common_DL,5,-0.2804329146116512,-0.5432894854232286,-0.017576343800073724,-0.16503925429136918
256,comp_specific,1,-0.8717977399270017,-1.2269540633720872,-0.5166414164819162,-0.7411370526119954
256,comp_specific,2,-0.11932954627674686,-0.34785202677484256,0.10919293422134885,-0.04248302288845916
256,comp_specific,3,-0.08194883055055038,-0.328478298236716,0.16458063713561522,0.14499583741969738
256,comp_specific,4,0.1948016967205974,0.022903361634828867,0.36670003180636596,0.20742347624458046
256,comp_specific,5,-0.27753044599411036,-0.4685478536432741,-0.08651303834494661,-0.16503925429136918
256,adaptshrink,1,-0.8865136110729913,-1.1782582676718656,-0.5947689544741172,-0.7411370526119954
256,adaptshrink,2,-0.10679312704589196,-0.32906554558830936,0.11547929149652546,-0.04248302288845916
256,adaptshrink,3,-0.08035068579938752,-0.3315532158540505,0.17085184425527544,0.14499583741969738
256,adaptshrink,4,0.18458265232451948,0.009933343717614118,0.35923196093142484,0.20742347624458046
256,adaptshrink,5,-0.2786402581169045,-0.5208161088059926,-0.03646440742781645,-0.16503925429136918
257,common_DL,1,-0.032859027566134666,-0.33305308898281905,0.2673350338505497,-0.1555131154857063
257,common_DL,2,0.06064421245571902,-0.2843542313839227,0.40564265629536067,0.19696767787063385
257,common_DL,3,0.48038861396136384,0.18643549526649733,0.7743417326562303,0.4008623843966094
257,common_DL,4,-0.25285435423467306,-0.6253670491126844,0.11965834064333819,-0.31701351299567954
257,common_DL,5,0.1460905024330794,-0.14503371865847306,0.43721472352463187,-0.10039912567640463
257,comp_specific,1,-0.05734726182377255,-0.32025530556697596,0.2055607819194309,-0.1555131154857063
257,comp_specific,2,0.05283698051763611,-0.2570119488107467,0.36268590984601895,0.19696767787063385
257,comp_specific,3,0.49757355630161093,0.21245165092791446,0.7826954616753075,0.4008623843966094
257,comp_specific,4,-0.2517815043964096,-0.7044199209591759,0.20085691216635676,-0.31701351299567954
257,comp_specific,5,0.15388432771547994,-0.15003474837815367,0.45780340380911355,-0.10039912567640463
257,adaptshrink,1,-0.043070948394639874,-0.32943187996599593,0.24328998317671618,-0.1555131154857063
257,adaptshrink,2,0.05670065430460332,-0.27138873945086633,0.38479004806007294,0.19696767787063385
257,adaptshrink,3,0.48813379095030446,0.1990832290037306,0.7771843528968783,0.4008623843966094
257,adaptshrink,4,-0.2544595874023045,-0.6574333096162518,0.14851413481164277,-0.31701351299567954
257,adaptshrink,5,0.15138085592291728,-0.14701883879290112,0.4497805506387357,-0.10039912567640463
258,common_DL,1,-0.8231859920155278,-1.2758326961332536,-0.3705392878978021,-0.5447023810860152
258,common_DL,2,0.10273312287031505,-0.34666813365858995,0.55213437939922,0.22477722011038018
258,common_DL,3,-0.0948591185801275,-0.45432716859900335,0.2646089314387484,-0.21168546446705006
258,common_DL,4,0.23824163113153063,-0.22204359997917394,0.6985268622422351,-0.1598624870678643
258,common_DL,5,-0.09395543404142381,-0.6371114653869231,0.44920059730407547,-0.048703149061555935
258,comp_specific,1,-0.8034510517132245,-1.212036743360214,-0.394865360066235,-0.5447023810860152
258,comp_specific,2,0.14244372547199344,-0.3635344860476314,0.6484219369916183,0.22477722011038018
258,comp_specific,3,-0.13116992070829522,-0.4672664766011436,0.2049266351845532,-0.21168546446705006
258,comp_specific,4,0.37468639836926054,-0.29950034738623277,1.0488731441247539,-0.1598624870678643
258,comp_specific,5,-0.09716979141930773,-0.44177790839028774,0.2474383255516723,-0.048703149061555935
258,adaptshrink,1,-0.8181149572473543,-1.257058640303714,-0.3791712741909945,-0.5447023810860152
258,adaptshrink,2,0.12620465607797612,-0.35439451542209466,0.6068038275780469,0.22477722011038018
258,adaptshrink,3,-0.12434812395438383,-0.47779569145489625,0.2290994435461286,-0.21168546446705006
258,adaptshrink,4,0.34254467555757706,-0.24305779254318605,0.9281471436583402,-0.1598624870678643
258,adaptshrink,5,-0.0970250006920679,-0.5761632611418385,0.3821132597577027,-0.048703149061555935
259,common_DL,1,1.2499431061225488,0.923411938491732,1.5764742737533655,1.1159303628340758
259,common_DL,2,0.12214042881860598,-0.1681660827264546,0.4124469403636666,-0.18806614245133457
259,common_DL,3,0.020719883175382092,-0.40484461972865526,0.44628438607941945,0.07399448598953423
259,common_DL,4,-1.2661956064514495,-1.6588797940455462,-0.8735114188573527,-0.8759675396171627
259,common_DL,5,-1.0494702339078277,-1.4051552626873471,-0.6937852051283081,-0.8811584050784629
259,comp_specific,1,1.283206692070102,1.0150695277374782,1.5513438564027258,1.1159303628340758
259,comp_specific,2,0.05154417506790962,-0.12233055910569424,0.22541890924151348,-0.18806614245133457
259,comp_specific,3,0.03450166306673874,-0.27543620850791234,0.3444395346413898,0.07399448598953423
259,comp_specific,4,-1.3014250451723626,-1.9516196147087432,-0.6512304756359819,-0.8759675396171627
259,comp_specific,5,-0.8088651017014733,-1.3689775211883548,-0.2487526822145918,-0.8811584050784629
259,adaptshrink,1,1.2669565638652989,0.9667122623280726,1.5672008654025251,1.1159303628340758
259,adaptshrink,2,0.1093877918402752,-0.15026854073138174,0.36904412441193213,-0.18806614245133457
259,adaptshrink,3,0.023978657541435633,-0.3687808704564265,0.41673818553929776,0.07399448598953423
259,adaptshrink,4,-1.285830595182315,-1.7799883187774554,-0.7916728715871747,-0.8759675396171627
259,adaptshrink,5,-0.9292061558580376,-1.3885249857870332,-0.46988732592904187,-0.8811584050784629
260,common_DL,1,0.680525884188317,0.5114226226190182,0.849629145757616,0.5053365444220418
260,common_DL,2,0.3906229113596873,0.11671454254457636,0.6645312801747982,0.18832404758972213
260,common_DL,3,0.12393909847522246,-0.20897362900592475,0.45685182595636964,0.20443069520933815
260,common_DL,4,-0.05446632573898508,-0.25917834493050235,0.1502456934525322,0.06499323417316807
260,common_DL,5,0.23419424908726544,-0.02399537953798081,0.4923838777125117,0.30040842946426183
260,comp_specific,1,0.7003129281474498,0.4642033497809661,0.9364225065139336,0.5053365444220418
260,comp_specific,2,0.32789016246418434,-0.016225522791003255,0.672005847719372,0.18832404758972213
260,comp_specific,3,0.12838758480124163,-0.21091740898252948,0.46769257858501273,0.20443069520933815
260,comp_specific,4,-0.05556034615370087,-0.25671114088198016,0.14559044857457842,0.06499323417316807
260,comp_specific,5,0.21997825716113392,-0.04033824732250765,0.48029476164477547,0.30040842946426183
260,adaptshrink,1,0.6933231680225153,0.4849289309926702,0.9017174050523603,0.5053365444220418
260,adaptshrink,2,0.35039539794456076,0.03821189838744765,0.6625788975016739,0.18832404758972213
260,adaptshrink,3,0.12689839703142014,-0.20979045058363766,0.46358724464647794,0.20443069520933815
260,adaptshrink,4,-0.0550060861357321,-0.25794930488923706,0.14793713261777283,0.06499323417316807
260,adaptshrink,5,0.22608231953497268,-0.033239781087348125,0.48540442015729346,0.30040842946426183
261,common_DL,1,0.36976777806438205,0.07754981736018624,0.6619857387685779,0.33964170756223383
261,common_DL,2,-0.7238097754727993,-1.0276830775031327,-0.41993647344246593,-1.0415371758303318
261,common_DL,3,0.7801945976567376,0.45397693214457163,1.1064122631689035,0.6797283968042037
261,common_DL,4,-0.20481195967195892,-0.5833097166558943,0.17368579731197636,-0.13862060165378023
261,common_DL,5,-0.35050962706185695,-0.6790920846710091,-0.02192716945270473,-0.33707067678003727
261,comp_specific,1,0.4055190075596942,0.26281387060947725,0.5482241445099112,0.33964170756223383
261,comp_specific,2,-0.7187945930755381,-1.0908696165492482,-0.34671956960182804,-1.0415371758303318
261,comp_specific,3,0.7944456130179943,0.5396079129412932,1.0492833130946955,0.6797283968042037
261,comp_specific,4,-0.2345116593188613,-0.9648900447511568,0.4958667261134342,-0.13862060165378023
261,comp_specific,5,-0.4069247383355651,-0.6213917187143754,-0.19245775795675477,-0.33707067678003727
261,adaptshrink,1,0.38069190899689626,0.14386997240518015,0.6175138455886123,0.33964170756223383
261,adaptshrink,2,-0.7163352155026237,-1.0558847521483965,-0.3767856788568509,-1.0415371758303318
261,adaptshrink,3,0.7866717411160924,0.49241887510425814,1.0809246071279266,0.6797283968042037
261,adaptshrink,4,-0.1557499932893756,-0.6755467180351911,0.3640467314564399,-0.13862060165378023
261,adaptshrink,5,-0.3680858720992664,-0.6564908761985796,-0.07968086799995322,-0.33707067678003727
262,common_DL,1,0.3389145465916836,-0.01128484789151546,0.6891139410748826,0.37288868882298476
262,common_DL,2,-0.046305180288257634,-0.34619448375288236,0.2535841231763671,-0.13702083390211958
262,common_DL,3,-0.21737502102177234,-0.47258016337526443,0.03783012133171973,-0.19643805604309295
262,common_DL,4,0.3427549480441383,-0.03210248068027277,0.7176123767685494,0.5095732497361327
262,common_DL,5,-0.26858973522357965,-0.5825808280442759,0.04540135759711661,-0.14502379392306206
262,comp_specific,1,0.3441767933485335,0.07723905792960778,0.6111145287674593,0.37288868882298476
262,comp_specific,2,-0.16382684695366906,-0.538595204148915,0.21094151024157692,-0.13702083390211958
262,comp_specific,3,-0.2788345927967639,-0.4536543681033207,-0.1040148174902071,-0.19643805604309295
262,comp_specific,4,0.4446745823527024,-0.10645054255790853,0.9957997072633133,0.5095732497361327
262,comp_specific,5,-0.3312225761787172,-0.5702964782090685,-0.09214867414836597,-0.14502379392306206
262,adaptshrink,1,0.3366449811203672,0.019553996160082243,0.6537359660806522,0.37288868882298476
262,adaptshrink,2,-0.1237582594570138,-0.46975959583086907,0.22224307691684148,-0.13702083390211958
262,adaptshrink,3,-0.2549635812746503,-0.4707587813042853,-0.039168381245015316,-0.19643805604309295
262,adaptshrink,4,0.41164707049646876,-0.0660738775378169,0.8893680185307544,0.5095732497361327
262,adaptshrink,5,-0.2968465143459689,-0.5773443483531058,-0.016348680338832022,-0.14502379392306206
263,common_DL,1,-0.7798246423148768,-1.2420384864402036,-0.3176107981895499,-0.5296401427585087
263,common_DL,2,1.206176826093528,0.8539429869226576,1.5584106652643983,0.9085223738162094
263,common_DL,3,0.5644584117018848,0.061539304329645605,1.0673775190741241,0.45886268810186914
263,common_DL,4,-1.194387472287463,-1.6946073244749877,-0.6941676200999384,-1.0256125714038287
263,common_DL,5,0.6213043472362837,0.10816205125733702,1.1344466432152305,0.6482082131875532
263,comp_specific,1,-0.8324305019578232,-1.2901628126629276,-0.3746981912527187,-0.5296401427585087
263,comp_specific,2,1.1587268514917533,0.762177039240131,1.5552766637433755,0.9085223738162094
263,comp_specific,3,0.5207016111189307,0.19370721055329432,0.847696011684567,0.45886268810186914
263,comp_specific,4,-1.2059319549424454,-1.6875396272567151,-0.7243242826281757,-1.0256125714038287
263,comp_specific,5,0.6250909785405713,0.295751876521323,0.9544300805598196,0.6482082131875532
263,adaptshrink,1,-0.8028260149547196,-1.2688900045746738,-0.33676202533476535,-0.5296401427585087
263,adaptshrink,2,1.17919611460524,0.7946440436027574,1.5637481856077229,0.9085223738162094
263,adaptshrink,3,0.5380088294815106,0.08999699265306732,0.986020666309954,0.45886268810186914
263,adaptshrink,4,-1.2015223068063052,-1.6955950338894805,-0.7074495797231299,-1.0256125714038287
263,adaptshrink,5,0.6155218774391152,0.14017397774168888,1.0908697771365417,0.6482082131875532
264,common_DL,1,-0.1705759834395124,-0.5557153699035975,0.21456340302457272,-0.2093018332023329
264,common_DL,2,-0.7000810818490975,-0.9777616009552217,-0.42240056274297316,-0.3960368808590686
264,common_DL,3,0.21018921387544875,0.058652350325892055,0.36172607742500545,0.1696306574141434
264,common_DL,4,-0.5569621695093135,-0.7631538445064229,-0.3507704945122042,-0.20418495904800762
264,common_DL,5,-1.208631793130319,-1.456915787599856,-0.9603477986607821,-1.0871881834230317
264,comp_specific,1,-0.18043986968004294,-0.5672300283895172,0.2063502890294313,-0.2093018332023329
264,comp_specific,2,-0.7000810818490979,-0.9777616009552221,-0.4224005627429736,-0.3960368808590686
264,comp_specific,3,0.13789763856691512,-0.0651995288442882,0.34099480597811843,0.1696306574141434
264,comp_specific,4,-0.5735495317437213,-0.7933442355924307,-0.3537548278950117,-0.20418495904800762
264,comp_specific,5,-1.2086317931303192,-1.4569157875998562,-0.9603477986607822,-1.0871881834230317
264,adaptshrink,1,-0.177337372788832,-0.5634124335141064,0.20873768793644248,-0.2093018332023329
264,adaptshrink,2,-0.7000810818490986,-0.977761600955223,-0.4224005627429741,-0.3960368808590686
264,adaptshrink,3,0.1589845062830344,-0.026370772073390003,0.3443397846394588,0.1696306574141434
264,adaptshrink,4,-0.569392564552416,-0.7837691181742866,-0.35501601093054547,-0.20418495904800762
264,adaptshrink,5,-1.2086317931303197,-1.4569157875998566,-0.9603477986607827,-1.0871881834230317
265,common_DL,1,0.7087216321293189,0.27995627628832903,1.137486987970309,0.8202072448786161
265,common_DL,2,0.08092501104651179,-0.373531516558347,0.5353815386513705,-0.09556364606783083
265,common_DL,3,-0.08000329829230923,-0.47527178780165485,0.3152651912170364,-0.08039557805926992
265,common_DL,4,0.211730858757918,-0.15143814601383046,0.5748998635296665,0.23748546649886798
265,common_DL,5,1.029719270141051,0.5894866777239818,1.46995186255812,0.8071721592327642
265,comp_specific,1,0.7220624948024352,0.5447479761959126,0.8993770134089578,0.8202072448786161
265,comp_specific,2,0.050583128947246314,-0.7754273375064122,0.876593595400905,-0.09556364606783083
265,comp_specific,3,-0.024003671253398695,-0.3441970768090219,0.2961897343022245,-0.08039557805926992
265,comp_specific,4,0.3340939791278794,-0.09509031244528376,0.7632782707010426,0.23748546649886798
265,comp_specific,5,1.003749057649747,0.5744362523385806,1.4330618629609133,0.8071721592327642
265,adaptshrink,1,0.7086896988590599,0.3648537462574029,1.0525256514607169,0.8202072448786161
265,adaptshrink,2,0.057829142676237566,-0.5836735236308259,0.6993318089833012,-0.09556364606783083
265,adaptshrink,3,-0.05514114697788819,-0.41877589337858573,0.30849359942280935,-0.08039557805926992
265,adaptshrink,4,0.25389836775885755,-0.12708214330554585,0.6348788788232609,0.23748546649886798
265,adaptshrink,5,1.022326522932657,0.5805426150668314,1.4641104307984827,0.8071721592327642
266,common_DL,1,0.4787765738135162,0.2728935093594176,0.6846596382676148,0.26887508788386905
266,common_DL,2,0.15663336913080753,-0.038080062890505445,0.35134680115212047,0.06100517994040493
266,common_DL,3,0.29433775980105864,0.07637794192580666,0.5122975776763106,0.1927574472861994
266,common_DL,4,-0.018567934754732368,-0.23483220050668802,0.19769633099722328,-0.15166649218530395
266,common_DL,5,0.2168841111551831,0.04142675905493659,0.3923414632554296,0.2604462278528813
266,comp_specific,1,0.4907481539622354,0.23316617735933975,0.7483301305651311,0.26887508788386905
266,comp_specific,2,0.14066320651225075,-0.02714159551270315,0.3084680085372047,0.06100517994040493
266,comp_specific,3,0.2515866200210748,0.04610713516697454,0.45706610487517507,0.1927574472861994
266,comp_specific,4,-0.02889868569225229,-0.28366905896787387,0.22587168758336928,-0.15166649218530395
266,comp_specific,5,0.2106352371428285,0.05444507211057964,0.36682540217507736,0.2604462278528813
266,adaptshrink,1,0.47685122918002476,0.24223572878145208,0.7114667295785975,0.26887508788386905
266,adaptshrink,2,0.1485886690573247,-0.03386728095024011,0.3310446190648895,0.06100517994040493
266,adaptshrink,3,0.2796867993875111,0.06881796205462778,0.4905556367203945,0.1927574472861994
266,adaptshrink,4,-0.030126871406588346,-0.25934886889001507,0.19909512607683838,-0.15166649218530395
266,adaptshrink,5,0.21317166258083597,0.04646903555902718,0.3798742896026448,0.2604462278528813
267,common_DL,1,0.38100824794170546,0.18198338450810297,0.5800331113753079,0.17948587346337422
267,common_DL,2,0.20952010856593573,-0.03895600120562015,0.4579962183374916,0.25469710533360257
267,common_DL,3,0.19407883304449544,-0.024023259068236436,0.4121809251572273,-0.011255317981319434
267,common_DL,4,0.7404554764623578,0.4946736560425441,0.9862372968821714,0.5610632181876758
267,common_DL,5,0.021727665851727307,-0.1457732495900088,0.18922858129346343,0.05418183435625055
267,comp_specific,1,0.3810146703013175,0.18198956035238675,0.5800397802502483,0.17948587346337422
267,comp_specific,2,0.20343938580221144,-0.19500588725207846,0.6018846588565013,0.25469710533360257
267,comp_specific,3,0.19408492917199077,-0.024017365620482956,0.4121872239644645,-0.011255317981319434
267,comp_specific,4,0.7404554764623581,0.49467365604254443,0.9862372968821718,0.5610632181876758
267,comp_specific,5,0.021936242768066105,-0.14587333074246137,0.18974581627859358,0.05418183435625055
267,adaptshrink,1,0.3810100441129878,0.18198504877411528,0.5800350394518603,0.17948587346337422
267,adaptshrink,2,0.20292185989776515,-0.1344105133520577,0.540254233147588,0.25469710533360257
267,adaptshrink,3,0.19408053797691913,-0.02402166258555638,0.41218273853939463,-0.011255317981319434
267,adaptshrink,4,0.740455476462358,0.4946736560425442,0.9862372968821718,0.5610632181876758
267,adaptshrink,5,0.021785999531224592,-0.1458801431090845,0.1894521421715337,0.05418183435625055
268,common_DL,1,0.24968767564275307,-0.03246089215485487,0.531836243440361,0.37756439570084427
268,common_DL,2,-0.14937055012075875,-0.49523986480666016,0.19649876456514268,-0.07172897448879693
268,common_DL,3,-0.48664758254316814,-0.7783009877077438,-0.19499417737859248,-0.32666284526229306
268,common_DL,4,-0.4476453658884967,-0.8091136516385868,-0.08617708013840658,-0.28727036724647564
268,common_DL,5,0.5878471405532013,0.2924762862993909,0.8832179948070118,0.5413799437009036
268,comp_specific,1,0.2312084457970037,0.029696451488253978,0.4327204401057534,0.37756439570084427
268,comp_specific,2,-0.15738685018321544,-0.4747912099935354,0.1600175096271045,-0.07172897448879693
268,comp_specific,3,-0.4750560684188253,-0.7707226854863563,-0.1793894513512943,-0.32666284526229306
268,comp_specific,4,-0.32560448387925245,-0.8069685703785834,0.15575960262007843,-0.28727036724647564
268,comp_specific,5,0.6307316858974502,0.4616386001161369,0.7998247716787635,0.5413799437009036
268,adaptshrink,1,0.24430771143324828,-0.006132450138197326,0.4947478730046939,0.37756439570084427
268,adaptshrink,2,-0.15243010994206752,-0.48544672957172497,0.18058650968758994,-0.07172897448879693
268,adaptshrink,3,-0.4849344512564357,-0.7798831363637588,-0.1899857661491125,-0.32666284526229306
268,adaptshrink,4,-0.39850399406672876,-0.807862986810146,0.010854998676688488,-0.28727036724647564
268,adaptshrink,5,0.5921843643560146,0.3343455105278659,0.8500232181841634,0.5413799437009036
269,common_DL,1,-0.08876286672321196,-0.5918825178096252,0.4143567843632012,-0.38843955913103845
269,common_DL,2,0.7322815495379652,0.4289616565848674,1.0356014424910631,0.9357069981707311
269,common_DL,3,0.6662450299942029,0.33916163623873724,0.9933284237496685,0.6879335404574589
269,common_DL,4,-1.3160430171421797,-1.7387924340654783,-0.893293600218881,-0.8059240201606939
269,common_DL,5,-0.7336272205728597,-1.1922514558525383,-0.275002985293181,-0.8533740055507694
269,comp_specific,1,-0.1667713758772477,-0.5242273154303524,0.19068456367585704,-0.38843955913103845
269,comp_specific,2,0.792443669394287,0.5879852414870671,0.9969020973015069,0.9357069981707311
269,comp_specific,3,0.5823357379317158,0.3362860099262162,0.8283854659372154,0.6879335404574589
269,comp_specific,4,-1.0673917416577043,-1.8203456429695581,-0.31443784034585043,-0.8059240201606939
269,comp_specific,5,-0.7157302096174181,-1.217444182123188,-0.2140162371116482,-0.8533740055507694
269,adaptshrink,1,-0.10876665104028782,-0.5718539429167813,0.35432064083620557,-0.38843955913103845
269,adaptshrink,2,0.7577516543690592,0.5010950872888016,1.0144082214493169,0.9357069981707311
269,adaptshrink,3,0.6246939807166443,0.3368542152593194,0.9125337461739691,0.6879335404574589
269,adaptshrink,4,-1.1880926272481722,-1.7900182959047286,-0.5861669585916157,-0.8059240201606939
269,adaptshrink,5,-0.7230685640440828,-1.2040892900154858,-0.24204783807267982,-0.8533740055507694
270,common_DL,1,-0.4199517889454617,-0.8650316870619682,0.0251281091710448,-0.2285103543537171
270,common_DL,2,-0.4116796490236915,-0.7891120275054284,-0.03424727054195453,-0.24552849298048604
270,common_DL,3,0.031014835710135552,-0.33081086169424834,0.3928405331145195,0.05326385494966714
270,common_DL,4,0.18569989260766048,-0.19499789543714705,0.566397680652468,0.006043325249167268
270,common_DL,5,0.125137808876222,-0.3842614463555795,0.6345370641080235,-0.015216644985371359
270,comp_specific,1,-0.40065228516133833,-0.7880874702364697,-0.013217100086206857,-0.2285103543537171
270,comp_specific,2,-0.49964785813992424,-0.9902717542748886,-0.009023962004959918,-0.24552849298048604
270,comp_specific,3,0.0673411533745603,-0.18400889139867294,0.31869119814779356,0.05326385494966714
270,comp_specific,4,0.12995500304802654,-0.2822186632772428,0.5421286693732958,0.006043325249167268
270,comp_specific,5,0.13586387157539026,-0.2905332977771913,0.5622610409279718,-0.015216644985371359
270,adaptshrink,1,-0.42088164517098103,-0.8649723821901749,0.02320909184821285,-0.2285103543537171
270,adaptshrink,2,-0.41780579765420234,-0.8401638985481017,0.004552303239696964,-0.24552849298048604
270,adaptshrink,3,0.03882342069751567,-0.275542357889625,0.3531891992846563,0.05326385494966714
270,adaptshrink,4,0.1535704268967993,-0.2471513739981566,0.5542922277917552,0.006043325249167268
270,adaptshrink,5,0.13408302676154635,-0.3495562086463877,0.6177222621694803,-0.015216644985371359
271,common_DL,1,-0.25369268155675984,-0.4855137837384754,-0.02187157937504422,-0.17546820888379228
271,common_DL,2,-0.1552922009005122,-0.4136513034412436,0.1030669016402192,-0.26744530993413623
271,common_DL,3,-0.09455564399671035,-0.40325903534575785,0.21414774735233716,-0.042121558934440924
271,common_DL,4,0.6197454680947405,0.2215909496132979,1.017899986576183,0.34465362727127863
271,common_DL,5,0.8361820529072076,0.5390692856967007,1.1332948201177144,0.7132772290560232
271,comp_specific,1,-0.25317972897920865,-0.4905573012977359,-0.01580215666068141,-0.17546820888379228
271,comp_specific,2,-0.17214807322703873,-0.4247659174746302,0.08046977102055275,-0.26744530993413623
271,comp_specific,3,-0.09019531284557658,-0.3453892093615468,0.16499858367039366,-0.042121558934440924
271,comp_specific,4,0.5906682302911215,0.23132079644485953,0.9500156641373834,0.34465362727127863
271,comp_specific,5,0.8176073563961661,0.5677903892942465,1.0674243234980856,0.7132772290560232
271,adaptshrink,1,-0.24894148742799094,-0.4871382321982417,-0.010744742657740197,-0.17546820888379228
271,adaptshrink,2,-0.16455085576744022,-0.42675153416746603,0.09764982263258559,-0.26744530993413623
271,adaptshrink,3,-0.09262740395292837,-0.3810773459761143,0.1958225380702576,-0.042121558934440924
271,adaptshrink,4,0.6037960515459837,0.2207221023321137,0.9868700007598536,0.34465362727127863
271,adaptshrink,5,0.8288466352363819,0.5520553904222325,1.1056378800505313,0.7132772290560232
272,common_DL,1,0.5567592750442396,0.02321610323460399,1.0903024468538751,0.37978013319841664
272,common_DL,2,0.6013090873970626,0.37010500374785493,0.8325131710462702,0.6310411074185261
272,common_DL,3,0.4986747618076728,0.19964280501444037,0.7977067186009053,0.49077672271146777
272,common_DL,4,-0.5435324100968046,-0.8184006411878648,-0.2686641790057444,-0.5690694152178745
272,common_DL,5,0.6193944999878758,0.3691186870453641,0.8696703129303874,0.6144604567969482
272,comp_specific,1,0.5132480275980935,-0.0034248770008560303,1.029920932197043,0.37978013319841664
272,comp_specific,2,0.6344197160071732,0.3038222129042976,0.9650172191100488,0.6310411074185261
272,comp_specific,3,0.4929953869056638,0.29149142130774186,0.6944993525035857,0.49077672271146777
272,comp_specific,4,-0.5721818704778832,-1.003955083511645,-0.14040865744412112,-0.5690694152178745
272,comp_specific,5,0.6584391623205994,0.4732072907079117,0.8436710339332871,0.6144604567969482
272,adaptshrink,1,0.5335272810688856,-0.003643437664983651,1.0706979998027548,0.37978013319841664
272,adaptshrink,2,0.6058665375720258,0.3108186647109054,0.9009144104331461,0.6310411074185261
272,adaptshrink,3,0.4982513531932613,0.23342112331703574,0.7630815830694868,0.49077672271146777
272,adaptshrink,4,-0.5624212733396228,-0.9216648393816189,-0.20317770729762663,-0.5690694152178745
272,adaptshrink,5,0.6324016935866068,0.40038730059582717,0.8644160865773864,0.6144604567969482
273,common_DL,1,-0.30208865420029535,-0.5478042542533295,-0.05637305414726121,-0.3034681326982361
273,common_DL,2,0.4413697678609663,0.144508561995831,0.7382309737261017,0.5144724604804206
273,common_DL,3,-0.25924260004507377,-0.5200576533891971,0.0015724532990495366,-0.10390548489513185
273,common_DL,4,0.7409371315202267,0.3924757083373237,1.0893985547031297,0.8619977318612557
273,common_DL,5,-0.3344498032813925,-0.6147165116506752,-0.054183094912109875,-0.15163701385189077
273,comp_specific,1,-0.3129976428887885,-0.4726230686826651,-0.15337221709491192,-0.3034681326982361
273,comp_specific,2,0.44868640669750937,0.09397412095069979,0.8033986924443189,0.5144724604804206
273,comp_specific,3,-0.17429206936136016,-0.4940912974367006,0.1455071587139803,-0.10390548489513185
273,comp_specific,4,0.7425835959415494,0.23754200362140587,1.247625188261693,0.8619977318612557
273,comp_specific,5,-0.306985383971202,-0.533016627728297,-0.08095414021410702,-0.15163701385189077
273,adaptshrink,1,-0.3065485821312852,-0.5193268328864798,-0.09377033137609062,-0.3034681326982361
273,adaptshrink,2,0.4488078800784203,0.11873624156644597,0.7788795185903947,0.5144724604804206
273,adaptshrink,3,-0.2189928561458514,-0.5100771057544098,0.07209139346270699,-0.10390548489513185
273,adaptshrink,4,0.7416760311321794,0.31873196769886836,1.1646200945654903,0.8619977318612557
273,adaptshrink,5,-0.3243429590285648,-0.5787013200703676,-0.06998459798676204,-0.15163701385189077
274,common_DL,1,0.2394056901511077,-0.17423069094138527,0.6530420712436007,0.2899431811001666
274,common_DL,2,0.052559523669504594,-0.3158904297407408,0.42100947707975,-0.09870307901767322
274,common_DL,3,0.47788046250340194,0.15652553759259658,0.7992353874142073,0.5408004706389421
274,common_DL,4,0.3942283392092656,-0.001107335365625739,0.7895640137841569,0.21581357294380765
274,common_DL,5,-0.5447022111302962,-0.9321209440463185,-0.1572834782142738,-0.7475030928650227
274,comp_specific,1,0.2053534380602194,-0.09780890144318008,0.5085157775636189,0.2899431811001666
274,comp_specific,2,0.13392817715361266,-0.05497252207188161,0.32282887637910695,-0.09870307901767322
274,comp_specific,3,0.4245173493293324,0.282276886490459,0.5667578121682058,0.5408004706389421
274,comp_specific,4,0.23410033835326413,-0.4274858312442412,0.8956865079507695,0.21581357294380765
274,comp_specific,5,-0.6231318381539587,-0.8534403600270569,-0.3928233162808604,-0.7475030928650227
274,adaptshrink,1,0.21669605552072038,-0.15138971670294407,0.5847818277443848,0.2899431811001666
274,adaptshrink,2,0.062113094769054786,-0.23862694285608305,0.36285313239419265,-0.09870307901767322
274,adaptshrink,3,0.44933563269379484,0.19360334872862855,0.7050679166589611,0.5408004706389421
274,adaptshrink,4,0.2804494605557145,-0.2798446753255509,0.8407435964369799,0.21581357294380765
274,adaptshrink,5,-0.5713914998769131,-0.9004118483249233,-0.24237115142890286,-0.7475030928650227
275,common_DL,1,-0.03685725565700426,-0.34624785046521095,0.2725333391512024,-0.2298137792873238
275,common_DL,2,0.33891273470127964,0.07756616753897644,0.6002593018635829,0.6114075190616903
275,common_DL,3,-0.3446821331559155,-0.595623950045052,-0.09374031626677898,-0.3687172259571187
275,common_DL,4,1.0785804340232001,0.7323109634850173,1.424849904561383,0.8586282662175112
275,common_DL,5,0.658070816439973,0.43137966518082116,0.8847619676991249,0.6370580821029842
275,comp_specific,1,-0.09265083936569224,-0.2837578966053397,0.0984562178739552,-0.2298137792873238
275,comp_specific,2,0.4258338355705356,0.11645403172997432,0.7352136394110969,0.6114075190616903
275,comp_specific,3,-0.4377237439556775,-0.8190580837313362,-0.056389404180018754,-0.3687172259571187
275,comp_specific,4,1.1056051381679497,0.6927248707564193,1.51848540557948,0.8586282662175112
275,comp_specific,5,0.6061983113165104,0.3992462412951976,0.8131503813378231,0.6370580821029842
275,adaptshrink,1,-0.05391840752680804,-0.3200360743551488,0.21219925930153272,-0.2298137792873238
275,adaptshrink,2,0.37531408939896455,0.09273307211689152,0.6578951066810376,0.6114075190616903
275,adaptshrink,3,-0.3764372793873571,-0.6815961615239157,-0.0712783972507986,-0.3687172259571187
275,adaptshrink,4,1.0992938391980587,0.7106617598226216,1.4879259185734957,0.8586282662175112
275,adaptshrink,5,0.6212969288732666,0.3934996353398062,0.849094222406727,0.6370580821029842
276,common_DL,1,0.7700655264246203,0.4204931746021146,1.1196378782471261,0.7898036609783529
276,common_DL,2,-0.7896244073000904,-1.210410022210883,-0.368838792389298,-0.2151884462369293
276,common_DL,3,0.8228511964688305,0.517172488035013,1.128529904902648,0.8708591211921501
276,common_DL,4,-0.14073831865727598,-0.49557497167778686,0.2140983343632349,-0.4609472420691194
276,common_DL,5,-0.7899319508340991,-1.1468435700910133,-0.4330203315771847,-0.636003864111554
276,comp_specific,1,0.7026372219511682,0.33499523667147285,1.0702792072308636,0.7898036609783529
276,comp_specific,2,-0.8056760326732042,-1.1379380000217454,-0.47341406532466307,-0.2151884462369293
276,comp_specific,3,0.8137235737056647,0.5740022817601568,1.0534448656511726,0.8708591211921501
276,comp_specific,4,-0.18308413907096815,-0.6668103105288834,0.3006420323869471,-0.4609472420691194
276,comp_specific,5,-0.7813473948173568,-1.1737434469460368,-0.3889513426886768,-0.636003864111554
276,adaptshrink,1,0.7466384233482408,0.3909016040815686,1.102375242614913,0.7898036609783529
276,adaptshrink,2,-0.7930565757809586,-1.1757457399971158,-0.4103674115648012,-0.2151884462369293
276,adaptshrink,3,0.820730047317899,0.5467854664199303,1.0946746282158677,0.8708591211921501
276,adaptshrink,4,-0.13467194550166445,-0.5540310798885928,0.28468718888526384,-0.4609472420691194
276,adaptshrink,5,-0.7826538120290942,-1.1614273385609004,-0.40388028549728794,-0.636003864111554
277,common_DL,1,-0.6061446113734665,-1.0785179250830517,-0.13377129766388152,-0.6425931078768342
277,common_DL,2,-0.5287843490262047,-0.8557006554967443,-0.2018680425556652,-0.39097872026052394
277,common_DL,3,0.4324628270047642,-0.00393492638695514,0.8688605803964835,0.5315139968453613
277,common_DL,4,-0.5821289650520833,-1.0428781115337162,-0.12137981857045044,-0.23849514574890898
277,common_DL,5,0.0847554821758123,-0.2247486812205472,0.3942596455721718,0.01263513833087178
277,comp_specific,1,-0.6203536155796334,-1.1493290472798419,-0.09137818387942498,-0.6425931078768342
277,comp_specific,2,-0.4564191894382383,-0.853833384155504,-0.05900499472097254,-0.39097872026052394
277,comp_specific,3,0.4205975628685254,0.007665759167907238,0.8335293665691436,0.5315139968453613
277,comp_specific,4,-0.6152954660914693,-0.8785356751178748,-0.35205525706506396,-0.23849514574890898
277,comp_specific,5,0.09283262120109859,-0.1851099566234059,0.3707751990256031,0.01263513833087178
277,adaptshrink,1,-0.611556506910963,-1.1036083567911315,-0.11950465703079455,-0.6425931078768342
277,adaptshrink,2,-0.4802934062846321,-0.8505812078447217,-0.1100056047245424,-0.39097872026052394
277,adaptshrink,3,0.4281828733278816,0.0025540780198082813,0.8538116686359549,0.5315139968453613
277,adaptshrink,4,-0.5897142794483208,-0.9979187041910993,-0.1815098547055422,-0.23849514574890898
277,adaptshrink,5,0.09116761404223556,-0.2051072428203108,0.3874424709047819,0.01263513833087178
278,common_DL,1,0.11367431611197204,-0.22879209081711194,0.456140723041056,0.030839840314095136
278,common_DL,2,0.5445603039376066,0.2580029250516133,0.8311176828235998,0.6966923751862045
278,common_DL,3,0.09506023022394473,-0.1705550843793704,0.36067554482725983,0.03056535302976628
278,common_DL,4,-0.33840149823627996,-0.7034185378160066,0.02661554134344668,-0.41789427984309113
278,common_DL,5,0.1382212997234918,-0.17924291826291888,0.45568551770990245,0.0032948068359882655
278,comp_specific,1,-0.01335229973776074,-0.34260170627267367,0.31589710679715216,0.030839840314095136
278,comp_specific,2,0.5339511222401818,0.22883428374958797,0.8390679607307756,0.6966923751862045
278,comp_specific,3,0.06233665012670386,-0.11700082786750846,0.24167412812091618,0.03056535302976628
278,comp_specific,4,-0.5190082605793972,-1.0208987750548166,-0.01711774610397787,-0.41789427984309113
278,comp_specific,5,0.13889773017469897,-0.08370514852034791,0.3615006088697459,0.0032948068359882655
278,adaptshrink,1,0.06101555734193962,-0.27119207803595,0.3932231927198293,0.030839840314095136
278,adaptshrink,2,0.540180786195795,0.24300677754478972,0.8373547948468003,0.6966923751862045
278,adaptshrink,3,0.08523216463375217,-0.139857720855195,0.31032205012269937,0.03056535302976628
278,adaptshrink,4,-0.4658612042058927,-0.8943883560060684,-0.03733405240571713,-0.41789427984309113
278,adaptshrink,5,0.13294450835581434,-0.15285264917803776,0.41874166588966644,0.0032948068359882655
279,common_DL,1,-0.22775287341564138,-0.6395896376520299,0.18408389082074716,-0.335761851353881
279,common_DL,2,0.17920183429375852,-0.16521032911567252,0.5236139977031895,0.3400793217410228
279,common_DL,3,0.15859597148351137,-0.24996644572331053,0.5671583886903333,0.2617030129139426
279,common_DL,4,0.3899765619731339,-0.001894230125245977,0.7818473540715138,0.3769535296519116
279,common_DL,5,0.31581976275084567,-0.22190878084769394,0.8535483063493853,0.13434328123329886
279,comp_specific,1,-0.14327014034444727,-0.5688201194528861,0.28227983876399165,-0.335761851353881
279,comp_specific,2,0.12855179944557676,-0.2734259696884579,0.5305295685796114,0.3400793217410228
279,comp_specific,3,0.16214405205006266,-0.10747709113335246,0.4317651952334778,0.2617030129139426
279,comp_specific,4,0.24508420146355558,-0.08486476217624589,0.5750331651033571,0.3769535296519116
279,comp_specific,5,0.35129198231050984,-0.08648701308621576,0.7890709777072354,0.13434328123329886
279,adaptshrink,1,-0.2096507465368213,-0.6266480674639564,0.2073465743903138,-0.335761851353881
279,adaptshrink,2,0.13124068446083575,-0.2623149772016914,0.5247963461233629,0.3400793217410228
279,adaptshrink,3,0.15962001797144254,-0.1895546893540342,0.5087947252969193,0.2617030129139426
279,adaptshrink,4,0.3322588024039818,-0.038745465044874416,0.703263069852838,0.3769535296519116
279,adaptshrink,5,0.31719116800909797,-0.19766082722071376,0.8320431632389097,0.13434328123329886
280,common_DL,1,0.22116133471528682,-0.10764777359943778,0.5499704430300114,-0.018153580026174735
280,common_DL,2,0.7867679275249765,0.39567412243806777,1.1778617326118852,0.21782522092474182
280,common_DL,3,0.45214398232085085,0.02208708365111217,0.8822008809905895,0.390389892940485
280,common_DL,4,0.16015751615466683,-0.24105412969067025,0.5613691620000039,0.329024156498782
280,common_DL,5,0.14601771854711304,-0.3735426063247966,0.6655780434190226,-0.12295793217284245
280,comp_specific,1,0.13841543655919972,-0.11764317081061745,0.39447404392901686,-0.018153580026174735
280,comp_specific,2,0.7370794101140019,0.2425863324940158,1.231572487733988,0.21782522092474182
280,comp_specific,3,0.44699723977967093,0.05077775281747926,0.8432167267418627,0.390389892940485
280,comp_specific,4,0.1321690304729644,-0.23061509067580271,0.49495315162173154,0.329024156498782
280,comp_specific,5,0.18168011852258836,-0.45951871463486726,0.822878951680044,-0.12295793217284245
280,adaptshrink,1,0.18504312769038572,-0.11560406513255816,0.4856903205133296,-0.018153580026174735
280,adaptshrink,2,0.7564814749110891,0.308053894226352,1.2049090555958262,0.21782522092474182
280,adaptshrink,3,0.45203859791184386,0.03536831007553737,0.8687088857481504,0.390389892940485
280,adaptshrink,4,0.14856326640207956,-0.2364826825585728,0.5336092153627319,0.329024156498782
280,adaptshrink,5,0.1531398918756363,-0.4131506842238594,0.719430467975132,-0.12295793217284245
281,common_DL,1,-0.18638909193131017,-0.5517354235345867,0.1789572396719664,-0.24426583161655502
281,common_DL,2,0.08644050353872554,-0.33936716141373524,0.5122481684911863,-0.002358948496435962
281,common_DL,3,0.3295951742988986,-0.04794925912163012,0.7071396077194274,0.3672570250934757
281,common_DL,4,-0.4225790360349415,-0.8265497830530784,-0.01860828901680467,-0.714713053126155
281,common_DL,5,-0.529741245690738,-0.9517727819001368,-0.10770970948133918,-0.5067165184281143
281,comp_specific,1,-0.18044396616036068,-0.4136923961638763,0.05280446384315496,-0.24426583161655502
281,comp_specific,2,0.13188815673183013,-0.3067249194112339,0.5705012328748942,-0.002358948496435962
281,comp_specific,3,0.3617633754432312,0.09485807989964651,0.6286686709868159,0.3672570250934757
281,comp_specific,4,-0.27069712467735163,-0.8337780865680813,0.292383837213378,-0.714713053126155
281,comp_specific,5,-0.4882059215132624,-0.7685324888641922,-0.2078793541623326,-0.5067165184281143
281,adaptshrink,1,-0.17496265128327285,-0.4844530288255833,0.13452772625903756,-0.24426583161655502
281,adaptshrink,2,0.11090150787911544,-0.32013603177138344,0.5419390475296143,-0.002358948496435962
281,adaptshrink,3,0.3611437916001862,0.030951260074283005,0.6913363231260894,0.3672570250934757
281,adaptshrink,4,-0.3081699690641336,-0.8088863411945497,0.1925464030662825,-0.714713053126155
281,adaptshrink,5,-0.503872657369455,-0.8874561327043802,-0.1202891820345297,-0.5067165184281143
282,common_DL,1,-0.15730543132038188,-0.5953945683572663,0.2807837057165025,-0.013867378459251293
282,common_DL,2,-0.37974148809421326,-0.8478940662777551,0.08841109008932857,-0.20577359759227534
282,common_DL,3,0.4923823180576258,0.041662818798976875,0.9431018173162746,0.6112918962375283
282,common_DL,4,-0.7268064336859305,-1.0691070616315494,-0.38450580574031135,-0.4724111721540592
282,common_DL,5,0.12107483350999557,-0.3083156918185873,0.5504653588385784,0.12521523439195764
282,comp_specific,1,0.020899053883052035,-0.21835382351483312,0.26015193128093717,-0.013867378459251293
282,comp_specific,2,-0.45566226991267683,-0.9256897345244502,0.014365194699096584,-0.20577359759227534
282,comp_specific,3,0.6001808890350792,0.2623936136390001,0.9379681644311582,0.6112918962375283
282,comp_specific,4,-0.6637003574827927,-1.0866783515058227,-0.2407223634597625,-0.4724111721540592
282,comp_specific,5,0.18891451409336746,-0.004250154571087406,0.3820791827578223,0.12521523439195764
282,adaptshrink,1,-0.1055372312423221,-0.47786069961090494,0.2667862371262607,-0.013867378459251293
282,adaptshrink,2,-0.3865400057518539,-0.846941679636606,0.07386166813289835,-0.20577359759227534
282,adaptshrink,3,0.5375657408404187,0.13373909265847128,0.9413923890223662,0.6112918962375283
282,adaptshrink,4,-0.6944623225508809,-1.0926744760850564,-0.29625016901670553,-0.4724111721540592
282,adaptshrink,5,0.14705876976086057,-0.24062631333408357,0.5347438528558047,0.12521523439195764
283,common_DL,1,0.5553698517903084,0.31776077919834056,0.7929789243822762,0.758961768190098
283,common_DL,2,-0.9240080034371343,-1.203026141312047,-0.6449898655622215,-0.6366260056138392
283,common_DL,3,0.4957405899690843,0.2726097342078666,0.718871445730302,0.3984359155920221
283,common_DL,4,0.24680031138470165,-0.028218336669661392,0.5218189594390648,-0.09748726814372144
283,common_DL,5,0.17068010392033658,-0.07510196726117094,0.41646217510184413,0.20738201926961589
283,comp_specific,1,0.5553698517903084,0.31776077919834056,0.7929789243822762,0.758961768190098
283,comp_specific,2,-0.9240080034371343,-1.203026141312047,-0.6449898655622215,-0.6366260056138392
283,comp_specific,3,0.4957405899690843,0.2726097342078666,0.718871445730302,0.3984359155920221
283,comp_specific,4,0.24680031138470165,-0.028218336669661392,0.5218189594390648,-0.09748726814372144
283,comp_specific,5,0.17068010392033658,-0.07510196726117094,0.41646217510184413,0.20738201926961589
283,adaptshrink,1,0.5553698517903084,0.31776077919834056,0.7929789243822762,0.758961768190098
283,adaptshrink,2,-0.9240080034371343,-1.203026141312047,-0.6449898655622215,-0.6366260056138392
283,adaptshrink,3,0.4957405899690843,0.2726097342078666,0.718871445730302,0.3984359155920221
283,adaptshrink,4,0.24680031138470165,-0.028218336669661392,0.5218189594390648,-0.09748726814372144
283,adaptshrink,5,0.17068010392033658,-0.07510196726117094,0.41646217510184413,0.20738201926961589
284,common_DL,1,0.6074620488487117,0.38988268833426865,0.8250414093631547,0.6777134206659874
284,common_DL,2,-0.6717418284048945,-0.8804507152264126,-0.4630329415833764,-0.5412726909034311
284,common_DL,3,-0.16674342589247715,-0.3958007048656187,0.06231385308066442,0.07289327568357178
284,common_DL,4,-0.14663666573560397,-0.5478620514507133,0.25458871997950533,0.13292529585027202
284,common_DL,5,0.11390851757820901,-0.09847137879094463,0.32628841394736263,0.1823300954743484
284,comp_specific,1,0.6669582729559833,0.32186484713326236,1.0120516987787043,0.6777134206659874
284,comp_specific,2,-0.5010736913964309,-0.9120743672598949,-0.09007301553296687,-0.5412726909034311
284,comp_specific,3,-0.14112472382833247,-0.4787799160778691,0.1965304684212042,0.07289327568357178
284,comp_specific,4,-0.14663666573560377,-0.5478620514507131,0.2545887199795055,0.13292529585027202
284,comp_specific,5,0.1641120689189805,-0.138553327752723,0.466777465590684,0.1823300954743484
284,adaptshrink,1,0.6523708017889605,0.377555312830721,0.9271862907471999,0.6777134206659874
284,adaptshrink,2,-0.5500164116914895,-0.8496186804684596,-0.2504141429145194,-0.5412726909034311
284,adaptshrink,3,-0.16431982597249703,-0.4478817337056471,0.11924208176065307,0.07289327568357178
284,adaptshrink,4,-0.14663666573560394,-0.5478620514507133,0.2545887199795055,0.13292529585027202
284,adaptshrink,5,0.14983843055403223,-0.10279817207928399,0.40247503318734845,0.1823300954743484
285,common_DL,1,0.04711263468665111,-0.3044870644872711,0.3987123338605733,0.25124900460041555
285,common_DL,2,-0.3330226455858354,-0.7030604339469602,0.03701514277528939,-0.19189630416859962
285,common_DL,3,0.3066408559171888,-0.08712130307290894,0.7004030149072866,0.4060145895901701
285,common_DL,4,-0.6584322947884977,-1.0556895204445969,-0.26117506913239874,-0.45752480095576914
285,common_DL,5,-0.13628026917032596,-0.49676643511195084,0.22420589677129896,-0.021810069771405087
285,comp_specific,1,-0.03949506843344866,-0.266696130134795,0.1877059932678977,0.25124900460041555
285,comp_specific,2,-0.385626804221747,-0.8775336571756722,0.10628004873217828,-0.19189630416859962
285,comp_specific,3,0.3216193777558826,0.04448271380627561,0.5987560417054896,0.4060145895901701
285,comp_specific,4,-0.683385421854943,-1.2159168792456927,-0.1508539644641932,-0.45752480095576914
285,comp_specific,5,-0.08283880567469884,-0.2527014388209773,0.08702382747157958,-0.021810069771405087
285,adaptshrink,1,0.018049139963850325,-0.2794170585624437,0.31551533849014435,0.25124900460041555
285,adaptshrink,2,-0.36558060864340886,-0.8190699383931044,0.08790872110628672,-0.19189630416859962
285,adaptshrink,3,0.28695307773775225,-0.06414674757289057,0.638052903048395,0.4060145895901701
285,adaptshrink,4,-0.674760289137373,-1.1508157236303878,-0.19870485464435828,-0.45752480095576914
285,adaptshrink,5,-0.11287973974343096,-0.4050868886431652,0.1793274091563033,-0.021810069771405087
286,common_DL,1,0.32958259779693166,0.06910717307886854,0.5900580225149947,0.3081193919498232
286,common_DL,2,-0.06133719139881463,-0.42495433521879555,0.30227995242116623,-0.3768311014158928
286,common_DL,3,-1.1087863796816775,-1.3216051690963104,-0.8959675902670446,-1.2383730601647804
286,common_DL,4,-0.737558237352829,-0.9893516571686083,-0.48576481753704964,-0.46259164664624036
286,common_DL,5,-0.010937510923208327,-0.28540667918266505,0.2635316573362484,0.041549084807718434
286,comp_specific,1,0.33269672685879803,0.12913809206405588,0.5362553616535402,0.3081193919498232
286,comp_specific,2,-0.06968042364027377,-0.38447606444528226,0.24511521716473472,-0.3768311014158928
286,comp_specific,3,-1.1065115283855582,-1.2655684099621218,-0.9474546468089946,-1.2383730601647804
286,comp_specific,4,-0.7271673920150985,-1.054405499558263,-0.39992928447193393,-0.46259164664624036
286,comp_specific,5,-0.033798353552329186,-0.4382811216228575,0.3706844145181991,0.041549084807718434
286,adaptshrink,1,0.32996386688458496,0.09454454959441996,0.56538318417475,0.3081193919498232
286,adaptshrink,2,-0.06577996626679317,-0.4109382161625653,0.279378283628979,-0.3768311014158928
286,adaptshrink,3,-1.1092448577682164,-1.2982726361500683,-0.9202170793863644,-1.2383730601647804
286,adaptshrink,4,-0.7313250555352955,-1.0252404796142143,-0.4374096314563767,-0.46259164664624036
286,adaptshrink,5,-0.020935328128467934,-0.37504404360567195,0.3331733873487361,0.041549084807718434
287,common_DL,1,-0.10557024685150275,-0.41948372077982227,0.2083432270768168,-0.04794620869288979
287,common_DL,2,-0.17783138008356325,-0.47414490916541746,0.11848214899829096,0.11807068625777545
287,common_DL,3,0.2614983187612801,-0.07265937089093011,0.5956560084134903,0.23762898207213096
287,common_DL,4,-0.45707178293863177,-0.7407511284810273,-0.17339243739623628,-0.5285329903218954
287,common_DL,5,0.01576431546243577,-0.31943732086779547,0.35096595179266704,-0.10068814490609161
287,comp_specific,1,-0.06815050701812767,-0.26843880468465553,0.1321377906484002,-0.04794620869288979
287,comp_specific,2,-0.1841285255691094,-0.494798889178121,0.12654183803990215,0.11807068625777545
287,comp_specific,3,0.2921222290838059,0.075879732562705,0.5083647256049069,0.23762898207213096
287,comp_specific,4,-0.44872390545556795,-0.8344046547550821,-0.06304315615605383,-0.5285329903218954
287,comp_specific,5,0.03688960754907637,-0.1954396468338016,0.2692188619319543,-0.10068814490609161
287,adaptshrink,1,-0.08821705984691182,-0.3550112819130189,0.17857716221919528,-0.04794620869288979
287,adaptshrink,2,-0.18111742009355836,-0.4847198950804587,0.122485054893342,0.11807068625777545
287,adaptshrink,3,0.2708866298404851,-0.019510801742433193,0.5612840614234034,0.23762898207213096
287,adaptshrink,4,-0.4544693080183538,-0.796001841023958,-0.11293677501274962,-0.5285329903218954
287,adaptshrink,5,0.02388989838140146,-0.26978147977119593,0.3175612765339989,-0.10068814490609161
288,common_DL,1,1.1635085903799955,0.8713778376031387,1.4556393431568524,1.0972045575918028
288,common_DL,2,0.7086058209215658,0.467877665212848,0.9493339766302835,0.7356513817552001
288,common_DL,3,-0.7887763402432906,-1.0808302715443063,-0.4967224089422749,-0.8537102294884737
288,common_DL,4,-0.26188767134079266,-0.5428657410213755,0.019090398339790204,-0.1275996842559507
288,common_DL,5,0.17385579733429218,-0.17938194135547408,0.5270935360240585,0.06601202729360613
288,comp_specific,1,1.125827413248656,0.8831762137049998,1.3684786127923125,1.0972045575918028
288,comp_specific,2,0.6854548515211019,0.45842764581827444,0.9124820572239293,0.7356513817552001
288,comp_specific,3,-0.791520961718496,-1.1197028208377993,-0.46333910259919275,-0.8537102294884737
288,comp_specific,4,-0.3044088917085428,-0.6193291170826893,0.010511333665603806,-0.1275996842559507
288,comp_specific,5,0.15709632615004504,-0.2406717985500108,0.5548644508501008,0.06601202729360613
288,adaptshrink,1,1.1490401605456473,0.8776930216312614,1.420387299460033,1.0972045575918028
288,adaptshrink,2,0.6984551554178631,0.4647394215790679,0.9321708892566583,0.7356513817552001
288,adaptshrink,3,-0.7915454337011606,-1.10312529188519,-0.47996557551713126,-0.8537102294884737
288,adaptshrink,4,-0.2850296599647664,-0.586590978716867,0.016531658787334258,-0.1275996842559507
288,adaptshrink,5,0.16428585333701037,-0.21529443056287564,0.5438661372368964,0.06601202729360613
289,common_DL,1,-0.1096318116301768,-0.45634348194569474,0.23707985868534118,0.018652160202914454
289,common_DL,2,-0.17358908299775458,-0.47878503543910855,0.13160686944359937,-0.22157246076240097
289,common_DL,3,0.855530146958752,0.5605246205095524,1.1505356734079515,0.8864754059443137
289,common_DL,4,0.13310410061551942,-0.16352284695108182,0.42973104818212066,-0.17805033634742928
289,common_DL,5,0.5284619922625784,0.048018371680135064,1.0089056128450218,0.1513333731280143
289,comp_specific,1,-0.0858276339146945,-0.35748072484777527,0.18582545701838626,0.018652160202914454
289,comp_specific,2,-0.09013524840367904,-0.4296168916362847,0.24934639482892662,-0.22157246076240097
289,comp_specific,3,0.8352409114788499,0.608503352307316,1.0619784706503839,0.8864754059443137
289,comp_specific,4,0.1360437382292642,-0.17090474098825958,0.44299221744678796,-0.17805033634742928
289,comp_specific,5,0.5456641701034952,0.14651007489903373,0.9448182653079567,0.1513333731280143
289,adaptshrink,1,-0.09552702653203751,-0.4103313786003078,0.21927732553623272,0.018652160202914454
289,adaptshrink,2,-0.11933214927090832,-0.4463223170189029,0.2076580184770863,-0.22157246076240097
289,adaptshrink,3,0.8529806824282962,0.5874495873408399,1.1185117775157525,0.8864754059443137
289,adaptshrink,4,0.13504403429982642,-0.16764332345544958,0.4377313920551024,-0.17805033634742928
289,adaptshrink,5,0.5324919337384624,0.07971120755008299,0.9852726599268418,0.1513333731280143
290,common_DL,1,-0.4312166255805037,-0.7196401171984798,-0.14279313396252769,-0.31267526973892873
290,common_DL,2,0.2472112707879725,-0.09322982820265768,0.5876523697786027,0.4078238193909849
290,common_DL,3,-0.5363292182803456,-1.0276998142541824,-0.04495862230650893,-0.5387596782919647
290,common_DL,4,-0.20192279851215228,-0.5389163056388347,0.1350707086145302,-0.35204102363744433
290,common_DL,5,-0.4463364432694687,-0.861498724576069,-0.03117416196286843,-0.33914882961074877
290,comp_specific,1,-0.3937396004798227,-0.7280249903978289,-0.059454210561816545,-0.31267526973892873
290,comp_specific,2,0.2950353994045895,-0.041199653471234055,0.6312704522804131,0.4078238193909849
290,comp_specific,3,-0.487895322910296,-1.1195086280542226,0.14371798223363041,-0.5387596782919647
290,comp_specific,4,-0.15433174817185596,-0.5088996075900831,0.20023611124637114,-0.35204102363744433
290,comp_specific,5,-0.38065434789333313,-0.586167799552351,-0.1751408962343153,-0.33914882961074877
290,adaptshrink,1,-0.41417913641764226,-0.7260299060514582,-0.10232836678382629,-0.31267526973892873
290,adaptshrink,2,0.26209274852687464,-0.08147878254248381,0.605664279596233,0.4078238193909849
290,adaptshrink,3,-0.5130552018407478,-1.0713149077804016,0.045204504098906084,-0.5387596782919647
290,adaptshrink,4,-0.18346179010291092,-0.5321929810290937,0.16526940082327196,-0.35204102363744433
290,adaptshrink,5,-0.43376141575985694,-0.8107572363438806,-0.05676559517583318,-0.33914882961074877
291,common_DL,1,0.7040002696696709,0.30308248680430827,1.1049180525350335,0.5751513880010627
291,common_DL,2,0.1923795973518777,-0.11542553844866887,0.5001847331524243,0.22218600425152044
291,common_DL,3,0.4462844524054582,0.14371209317806755,0.7488568116328489,0.492073469147263
291,common_DL,4,0.8519274582725572,0.3235636977000005,1.380291218845114,0.9230758284330031
291,common_DL,5,0.2097202010516344,-0.03977708235473565,0.4592174844580044,0.21407968515716502
291,comp_specific,1,0.6850065450507117,0.3289263686339561,1.0410867214674673,0.5751513880010627
291,comp_specific,2,0.07517867146795448,-0.35092246914852,0.501279812084429,0.22218600425152044
291,comp_specific,3,0.4108501170246964,0.18359481611606054,0.6381054179333323,0.492073469147263
291,comp_specific,4,0.8965690735448859,0.35343264789869333,1.4397054991910785,0.9230758284330031
291,comp_specific,5,0.21302965818615602,0.01216887767901853,0.4138904386932935,0.21407968515716502
291,adaptshrink,1,0.6914830227060407,0.3065137935237016,1.0764522518883797,0.5751513880010627
291,adaptshrink,2,0.09715345329688968,-0.2927305873548557,0.48703749394863505,0.22218600425152044
291,adaptshrink,3,0.4258439515191841,0.14958780462713972,0.7021000984112284,0.492073469147263
291,adaptshrink,4,0.8771754540066762,0.33401949150354715,1.4203314165098053,0.9230758284330031
291,adaptshrink,5,0.2065831622612327,-0.025237363520142664,0.43840368804260804,0.21407968515716502
292,common_DL,1,-0.8644248467172928,-1.2410304439731776,-0.4878192494614081,-1.0354253249033816
292,common_DL,2,-0.639047830172315,-1.1441042197759304,-0.13399144056869972,-0.4211492362495357
292,common_DL,3,-0.7722057505172308,-1.2804568359903008,-0.2639546650441609,-0.2895851681697693
292,common_DL,4,0.5704603358688971,0.07689134519260615,1.0640293265451881,0.4950834550080007
292,common_DL,5,-0.48383453258118375,-1.0157966595760703,0.04812759441370279,-0.43472883429829867
292,comp_specific,1,-0.9015658870808437,-1.3612471121879464,-0.4418846619737411,-1.0354253249033816
292,comp_specific,2,-0.6568374766345559,-1.4194828094225733,0.10580785615346133,-0.4211492362495357
292,comp_specific,3,-0.6712592559746804,-1.050624271291657,-0.29189424065770386,-0.2895851681697693
292,comp_specific,4,0.808352627125162,0.039567578302954876,1.5771376759473692,0.4950834550080007
292,comp_specific,5,-0.48345190315914144,-0.7603257302992883,-0.20657807601899458,-0.43472883429829867
292,adaptshrink,1,-0.8701289833535004,-1.2996713464085186,-0.4405866202984822,-1.0354253249033816
292,adaptshrink,2,-0.6486856130632939,-1.2521324487524919,-0.04523877737409587,-0.4211492362495357
292,adaptshrink,3,-0.7404542886201567,-1.2000188922132113,-0.280889685027102,-0.2895851681697693
292,adaptshrink,4,0.6757539173171627,0.026408009725725545,1.3250998249086,0.4950834550080007
292,adaptshrink,5,-0.47959270922813807,-0.9396950167740896,-0.01949040168218652,-0.43472883429829867
293,common_DL,1,-0.2096491950759748,-0.6695616787051483,0.2502632885531987,-0.4610942975322322
293,common_DL,2,-0.12885185214103106,-0.5138417724307613,0.2561380681486992,-0.34063382400193337
293,common_DL,3,-0.024821322005986156,-0.48155538096460954,0.43191273695263727,-0.12804422640275234
293,common_DL,4,0.01935195882905407,-0.3702805315531474,0.4089844492112555,-0.13695712138219357
293,common_DL,5,0.44319118651689643,0.0202424297919111,0.8661399432418817,0.09146670911872282
293,comp_specific,1,-0.27887408212692116,-0.52656682162503,-0.03118134262881231,-0.4610942975322322
293,comp_specific,2,-0.15974235917002638,-0.6461484686894992,0.32666375034944645,-0.34063382400193337
293,comp_specific,3,-0.027888701073271134,-0.5598056429070655,0.5040282407605232,-0.12804422640275234
293,comp_specific,4,0.012538889377711852,-0.32635449065376604,0.35143226940918976,-0.13695712138219357
293,comp_specific,5,0.37779305645378164,-0.10443999967841683,0.86002611258598,0.09146670911872282
293,adaptshrink,1,-0.22903073847462183,-0.6053812519245665,0.14731977497532286,-0.4610942975322322
293,adaptshrink,2,-0.14805396563953557,-0.5884247942723484,0.2923168629932773,-0.34063382400193337
293,adaptshrink,3,-0.02463832134210736,-0.5212357371400982,0.47195909445588347,-0.12804422640275234
293,adaptshrink,4,0.0121211246246795,-0.3531521367029341,0.37739438595229313,-0.13695712138219357
293,adaptshrink,5,0.4088187189033511,-0.045357307928833024,0.8629947457355351,0.09146670911872282
294,common_DL,1,-0.5511362807069997,-0.8711473619140552,-0.23112519949994426,-0.54710010550117
294,common_DL,2,-0.032307972778946245,-0.3659750100114817,0.3013590644535892,0.4511489026500875
294,common_DL,3,0.6093368282097736,0.3400350331427429,0.8786386232768044,0.6475858216211172
294,common_DL,4,0.19378418686715046,-0.16590735965246753,0.5534757333867685,0.10763263090098915
294,common_DL,5,-0.3690125689526383,-0.6186889777535329,-0.11933616015174359,-0.5126447266467721
294,comp_specific,1,-0.5431635642766665,-0.7379801270944825,-0.34834700145885045,-0.54710010550117
294,comp_specific,2,-0.05433230791023541,-0.3051454743108308,0.19648085849035996,0.4511489026500875
294,comp_specific,3,0.5924506191492557,0.3859847410148211,0.7989164972836902,0.6475858216211172
294,comp_specific,4,0.23053397280473217,-0.07342781060034706,0.5344957562098114,0.10763263090098915
294,comp_specific,5,-0.3260152515159885,-0.6204145017094596,-0.03161600132251746,-0.5126447266467721
294,adaptshrink,1,-0.54754674007798,-0.8362303523561782,-0.2588631277997818,-0.54710010550117
294,adaptshrink,2,-0.037672437861552756,-0.3481183307562334,0.27277345503312783,0.4511489026500875
294,adaptshrink,3,0.6011394472929578,0.3540745077487205,0.848204386837195,0.6475858216211172
294,adaptshrink,4,0.20955532921275905,-0.12956998236491463,0.5486806407904328,0.10763263090098915
294,adaptshrink,5,-0.3458213300550873,-0.6204713652133285,-0.0711712948968461,-0.5126447266467721
295,common_DL,1,0.24923165691228033,-0.04863446006054217,0.5470977738851028,0.1469365496191021
295,common_DL,2,-0.6760506611179724,-0.9578464620509698,-0.394254860184975,-0.6407549623355164
295,common_DL,3,-0.040844502789069675,-0.39225822150858125,0.31056921593044184,0.018383210676325003
295,common_DL,4,-0.6781223329506167,-0.9774468847815041,-0.37879778111972934,-0.27636705358392977
295,common_DL,5,0.11511403604222475,-0.22249915529859904,0.45272722738304855,0.050050704605469155
295,comp_specific,1,0.2344307759019429,-0.2331191354662091,0.7019806872700949,0.1469365496191021
295,comp_specific,2,-0.6717064779678754,-1.0265282759861456,-0.3168846799496052,-0.6407549623355164
295,comp_specific,3,-0.05232523728936546,-0.3500545006331622,0.2454040260544313,0.018383210676325003
295,comp_specific,4,-0.6485475716079545,-1.0407882466103144,-0.2563068966055947,-0.27636705358392977
295,comp_specific,5,0.08060079759163696,-0.43227254199142995,0.5934741371747039,0.050050704605469155
295,adaptshrink,1,0.23634260751222985,-0.11502368002064861,0.5877088950451084,0.1469365496191021
295,adaptshrink,2,-0.6740870139841293,-0.9862440907717493,-0.3619299371965093,-0.6407549623355164
295,adaptshrink,3,-0.0447339284024566,-0.3802352078091021,0.2907673510041889,0.018383210676325003
295,adaptshrink,4,-0.6782964451822122,-1.0100627727688922,-0.34653011759553215,-0.27636705358392977
295,adaptshrink,5,0.13307929696600995,-0.2761561426246762,0.542314736556696,0.050050704605469155
296,common_DL,1,0.10365999762257383,-0.2677381977748081,0.4750581930199558,0.15350471802074406
296,common_DL,2,0.6655450671417558,0.29745871640744587,1.0336314178760657,0.41985669653610147
296,common_DL,3,0.35441845710800807,-0.0659742799655672,0.7748111941815834,0.19647477013963358
296,common_DL,4,0.45758183930930724,0.15448150579290743,0.760682172825707,0.5551179395795076
296,common_DL,5,0.29607151460102116,-0.0045821948102094945,0.5967252240122518,0.3063407904982251
296,comp_specific,1,0.12953700807103907,-0.1512348753005322,0.41030889144261035,0.15350471802074406
296,comp_specific,2,0.837305908774935,0.2765865456508654,1.3980252718990047,0.41985669653610147
296,comp_specific,3,0.3663132570434769,0.01611619292087718,0.7165103211660766,0.19647477013963358
296,comp_specific,4,0.5341982882419554,0.17552933780696794,0.8928672386769427,0.5551179395795076
296,comp_specific,5,0.30503180511191985,0.12070274000621067,0.48936087021762903,0.3063407904982251
296,adaptshrink,1,0.11277784638243427,-0.2289777738137056,0.45453346657857413,0.15350471802074406
296,adaptshrink,2,0.7865845037526056,0.29836734429783573,1.2748016632073753,0.41985669653610147
296,adaptshrink,3,0.3616236017126917,-0.03445289062641088,0.7577000940517943,0.19647477013963358
296,adaptshrink,4,0.5016058304938431,0.16443611784302425,0.838775543144662,0.5551179395795076
296,adaptshrink,5,0.29865982381688566,0.0441359219145388,0.5531837257192325,0.3063407904982251
297,common_DL,1,-0.31925730441704125,-0.8816406141805218,0.24312600534643924,-0.7382886461508611
297,common_DL,2,0.8524669383582479,0.28669700817401933,1.4182368685424764,0.5382814122160325
297,common_DL,3,-0.0674667026950792,-0.5686960651705122,0.43376265978035383,-0.1084848606826467
297,common_DL,4,0.2914328974282435,-0.2663777142509416,0.8492435091074286,0.29713785325680364
297,common_DL,5,0.7006928534515526,0.16494791526070918,1.236437791642396,0.5632974087735261
297,comp_specific,1,-0.34575809932517165,-0.939425424266393,0.24790922561604967,-0.7382886461508611
297,comp_specific,2,0.8043712382145347,0.2621101837242392,1.3466322927048302,0.5382814122160325
297,comp_specific,3,-0.12554334359036343,-0.3589088733310631,0.10782218615033623,-0.1084848606826467
297,comp_specific,4,0.3638728969806847,-0.3737055704458452,1.1014513644072146,0.29713785325680364
297,comp_specific,5,0.662578513229664,0.22547300825866173,1.0996840182006662,0.5632974087735261
297,adaptshrink,1,-0.3296681089057987,-0.9118034457705316,0.2524672279589343,-0.7382886461508611
297,adaptshrink,2,0.8295034448110254,0.27595143227699936,1.3830554573450515,0.5382814122160325
297,adaptshrink,3,-0.0739730182132651,-0.4701716196147008,0.3222255831881705,-0.1084848606826467
297,adaptshrink,4,0.3416124979245248,-0.3185202519197677,1.0017452477688173,0.29713785325680364
297,adaptshrink,5,0.6873686508644952,0.19549129910793572,1.1792460026210545,0.5632974087735261
298,common_DL,1,-0.21442694610413993,-0.7294757927160098,0.30062190050772997,-0.19748176488508312
298,common_DL,2,-0.11723906307010751,-0.5230009714921768,0.2885228453519618,-0.43523811531069967
298,common_DL,3,0.04028254597369102,-0.3327788800586432,0.41334397200602524,-0.03547025242861015
298,common_DL,4,-0.10932244344902045,-0.5059996607574191,0.28735477385937813,-0.296948611017986
298,common_DL,5,-1.3817517109135424,-1.8542659558122976,-0.9092374660147873,-1.4362012771421382
298,comp_specific,1,-0.038138368221190044,-0.2987508372945236,0.22247410085214353,-0.19748176488508312
298,comp_specific,2,-0.08095249659689163,-0.44323427738658566,0.2813292841928024,-0.43523811531069967
298,comp_specific,3,0.09049277445868253,-0.22933579088255912,0.4103213397999242,-0.03547025242861015
298,comp_specific,4,-0.07535510424806541,-0.5120937502007736,0.36138354170464276,-0.296948611017986
298,comp_specific,5,-1.377043046042814,-2.019098280810309,-0.7349878112753194,-1.4362012771421382
298,adaptshrink,1,-0.17554810427051726,-0.6394460432420421,0.28834983470100767,-0.19748176488508312
298,adaptshrink,2,-0.10341842097357229,-0.48712564780888506,0.2802888058617405,-0.43523811531069967
298,adaptshrink,3,0.06406493184740564,-0.2857944558926793,0.4139243195874906,-0.03547025242861015
298,adaptshrink,4,-0.10199165127886822,-0.508220880409743,0.3042375778520066,-0.296948611017986
298,adaptshrink,5,-1.3786968898570802,-1.9144350617063495,-0.842958718007811,-1.4362012771421382
299,common_DL,1,-0.4874212497066539,-0.6593461070889131,-0.31549639232439475,-0.4460798549973771
299,common_DL,2,-0.5183544268504833,-0.7801322704253384,-0.2565765832756281,-0.37881895353729866
299,common_DL,3,0.5045948778319155,0.3302710245356305,0.6789187311282004,0.566732811843185
299,common_DL,4,0.6168140262329421,0.39885171868275493,0.8347763337831293,0.8172997917567928
299,common_DL,5,-0.45949240940239316,-0.7067632744004729,-0.2122215444043134,-0.5324757995131082
299,comp_specific,1,-0.46874853868191524,-0.6046098199867795,-0.33288725737705094,-0.4460798549973771
299,comp_specific,2,-0.6368690971443426,-1.001888705103727,-0.271849489184958,-0.37881895353729866
299,comp_specific,3,0.5001379730216159,0.36251080397872165,0.6377651420645101,0.566732811843185
299,comp_specific,4,0.6411591962627886,0.3602024287680871,0.92211596375749,0.8172997917567928
299,comp_specific,5,-0.45766363735029747,-0.6698583442614426,-0.24546893043915227,-0.5324757995131082
299,adaptshrink,1,-0.47890678667551584,-0.6347959916660748,-0.32301758168495687,-0.4460798549973771
299,adaptshrink,2,-0.6024611452490026,-0.9269868363981,-0.27793545409990533,-0.37881895353729866
299,adaptshrink,3,0.5014545277885357,0.344691931179158,0.6582171243979135,0.566732811843185
299,adaptshrink,4,0.6286249173779151,0.3753894480286333,0.881860386727197,0.8172997917567928
299,adaptshrink,5,-0.4574250324342353,-0.6900779936916968,-0.22477207117677384,-0.5324757995131082
300,common_DL,1,0.1588555723120677,-0.16511943522142702,0.48283057984556244,0.15324229019476548
300,common_DL,2,-0.27184265767437965,-0.6711312670160743,0.12744595166731498,0.01915876441897554
300,common_DL,3,-0.40383148358011917,-0.7473372655869883,-0.06032570157324996,-0.4538972831948412
300,common_DL,4,-0.7607396813822142,-1.1321784072002476,-0.38930095556418065,-0.3603498384535267
300,common_DL,5,-0.7761719464025119,-1.1318291053789842,-0.4205147874260395,-0.6660408969465303
300,comp_specific,1,0.16590660984225392,-0.1591590665174698,0.49097228620197764,0.15324229019476548
300,comp_specific,2,-0.24620428848878517,-0.7372046801016852,0.24479610312411482,0.01915876441897554
300,comp_specific,3,-0.4348629956027573,-0.8573514125314333,-0.012374578674081316,-0.4538972831948412
300,comp_specific,4,-0.7867665698579746,-1.2535944110534702,-0.31993872866247886,-0.3603498384535267
300,comp_specific,5,-0.7037480645842522,-0.8717757252736463,-0.5357204038948581,-0.6660408969465303
300,adaptshrink,1,0.16247131890897648,-0.16210671055681813,0.4870493483747711,0.15324229019476548
300,adaptshrink,2,-0.25800722112924795,-0.7075643010189203,0.19154985876042435,0.01915876441897554
300,adaptshrink,3,-0.42317206538922686,-0.8132215842285173,-0.033122546549936405,-0.4538972831948412
300,adaptshrink,4,-0.775906314279964,-1.200397096497749,-0.3514155320621789,-0.3603498384535267
300,adaptshrink,5,-0.7476195737209816,-1.0451779586079413,-0.45006118883402213,-0.6660408969465303
301,common_DL,1,-0.8570203946672872,-1.22543125507198,-0.4886095342625945,-0.9211531352313093
301,common_DL,2,1.0758084466586473,0.7032352585100428,1.4483816348072518,1.197686083618023
301,common_DL,3,0.6496743966880056,0.27246061971393776,1.0268881736620736,0.7492725571697962
301,common_DL,4,0.36074077136230925,-0.005935519770453257,0.7274170624950718,0.09156099809063291
301,common_DL,5,-0.073837012091589,-0.4253778784837978,0.27770385430061983,-0.002802669501632393
301,comp_specific,1,-0.878734913114508,-1.2877121205357585,-0.46975770569325764,-0.9211531352313093
301,comp_specific,2,1.2264018571943611,0.6895126046939543,1.763291109694768,1.197686083618023
301,comp_specific,3,0.7534947005786453,0.5571215750777273,0.9498678260795633,0.7492725571697962
301,comp_specific,4,0.41991775893589456,0.054142538399493734,0.7856929794722953,0.09156099809063291
301,comp_specific,5,-0.02789575241552869,-0.2646576674124239,0.2088661625813665,-0.002802669501632393
301,adaptshrink,1,-0.8686341679295992,-1.262923287302514,-0.47434504855668436,-0.9211531352313093
301,adaptshrink,2,1.1906938398859206,0.7115299268486968,1.6698577529231444,1.197686083618023
301,adaptshrink,3,0.7088694358958281,0.3833182025423241,1.034420669249332,0.7492725571697962
301,adaptshrink,4,0.3939072498428046,0.026158034408733488,0.7616564652768758,0.09156099809063291
301,adaptshrink,5,-0.055230896818167674,-0.3544727549652951,0.24401096132895977,-0.002802669501632393
302,common_DL,1,-1.4330431033474835,-1.765391640934952,-1.1006945657600151,-1.2961429320094666
302,common_DL,2,-0.018822111536073726,-0.28983689200884527,0.25219266893669784,-0.0682421755909986
302,common_DL,3,0.5098238916390279,0.26710103136919117,0.7525467519088646,0.47620533238822627
302,common_DL,4,0.725924494699252,0.4794413417513026,0.9724076476472014,0.7312357826151725
302,common_DL,5,0.27190561545436503,0.049066122349333524,0.4947451085593966,0.2780728317842072
302,comp_specific,1,-1.4199240438771572,-1.7447668961518787,-1.0950811916024357,-1.2961429320094666
302,comp_specific,2,-0.04663268776861881,-0.39495753180475696,0.3016921562675194,-0.0682421755909986
302,comp_specific,3,0.44886654121318703,0.21273585136353337,0.6849972310628407,0.47620533238822627
302,comp_specific,4,0.7068912137375666,0.4775876796930674,0.9361947477820658,0.7312357826151725
302,comp_specific,5,0.2739829770807712,0.03704240812657697,0.5109235460349654,0.2780728317842072
302,adaptshrink,1,-1.4249674398455632,-1.7563642522496385,-1.0935706274414878,-1.2961429320094666
302,adaptshrink,2,-0.025951903541859722,-0.33201688584002687,0.2801130787563074,-0.0682421755909986
302,adaptshrink,3,0.4880859367691154,0.25086539222979776,0.725306481308433,0.47620533238822627
302,adaptshrink,4,0.7152911904255264,0.47759005023238904,0.9529923306186636,0.7312357826151725
302,adaptshrink,5,0.2751510488085467,0.04251368032974723,0.5077884172873461,0.2780728317842072
303,common_DL,1,0.4020958119878968,0.09005493856566799,0.7141366854101256,0.44903100613685826
303,common_DL,2,0.35972541110705514,-0.08184010743673842,0.8012909296508487,0.16536084160929895
303,common_DL,3,-0.27553028804797586,-0.799865109699245,0.24880453360329324,-0.25049471772841936
303,common_DL,4,0.33907058275071994,-0.04902988412359388,0.7271710496250338,0.17390978930239676
303,common_DL,5,-0.26805269668563925,-0.7222783989616076,0.18617300559032912,-0.41080553296919764
303,comp_specific,1,0.4409984230503489,0.16421278668439898,0.7177840594162989,0.44903100613685826
303,comp_specific,2,0.38658982591836,-0.03098719137017919,0.8041668432068991,0.16536084160929895
303,comp_specific,3,-0.27244456434638153,-0.7803721858240251,0.23548305713126205,-0.25049471772841936
303,comp_specific,4,0.38697678488903386,-0.14300379272413155,0.9169573625021993,0.17390978930239676
303,comp_specific,5,-0.24370828376329495,-0.525751647030198,0.03833507950360815,-0.41080553296919764
303,adaptshrink,1,0.42482407809951855,0.12977097740643434,0.7198771787926028,0.44903100613685826
303,adaptshrink,2,0.36982937093477997,-0.06577816329964475,0.8054369051692047,0.16536084160929895
303,adaptshrink,3,-0.27616833902948174,-0.7920305872902829,0.23969390923131945,-0.25049471772841936
303,adaptshrink,4,0.36801731157735285,-0.09999049667938659,0.8360251198340922,0.17390978930239676
303,adaptshrink,5,-0.26216789556135817,-0.6580676077303873,0.13373181660767092,-0.41080553296919764
304,common_DL,1,0.07719075423245343,-0.4226994261709853,0.5770809346358922,0.21775767476032176
304,common_DL,2,-0.09880852973209533,-0.5363550219400985,0.3387379624759079,0.2561585589204545
304,common_DL,3,0.6588027780297023,0.33446058262710854,0.9831449734322961,0.7749951446969868
304,common_DL,4,0.20606696431242288,-0.13922605838644192,0.5513599870112877,0.21297595663026797
304,common_DL,5,-0.015974107375637953,-0.29021474280271964,0.2582665280514437,-0.08271119267076522
304,comp_specific,1,0.05510084778657955,-0.3422805800102279,0.45248227558338694,0.21775767476032176
304,comp_specific,2,-0.022149606018222967,-0.8214860877600432,0.7771868757235973,0.2561585589204545
304,comp_specific,3,0.6120589522200037,0.41847089719597363,0.8056470072440338,0.7749951446969868
304,comp_specific,4,0.022555538668385125,-0.4482864703798796,0.49339754771664984,0.21297595663026797
304,comp_specific,5,-0.021103857233842338,-0.15996787984216518,0.1177601653744805,-0.08271119267076522
304,adaptshrink,1,0.057247700475695315,-0.40875495645808796,0.5232503574094786,0.21775767476032176
304,adaptshrink,2,-0.0585359897688173,-0.6656122483090647,0.54854026877143,0.2561585589204545
304,adaptshrink,3,0.6309299993778927,0.3573535278643334,0.9045064708914521,0.7749951446969868
304,adaptshrink,4,0.09791452014000267,-0.3284534893135351,0.5242825295935404,0.21297595663026797
304,adaptshrink,5,-0.017686129838555692,-0.23172195947486726,0.19634969979775588,-0.08271119267076522
305,common_DL,1,0.4800725541022044,-0.07462715122908825,1.0347722594334972,0.5522302909059693
305,common_DL,2,0.46193033301653014,0.031940506706250316,0.89192015932681,0.3158386715944495
305,common_DL,3,-0.5611376072512976,-1.0048816400453653,-0.11739357445722998,-0.6352519040754792
305,common_DL,4,-0.47512120515108913,-0.7973740670618175,-0.1528683432403608,-0.53274577479863
305,common_DL,5,1.0657896980069046,0.6669344591028421,1.464644936910967,0.8879521807889041
305,comp_specific,1,0.4725783451680272,-0.13659358661751564,1.08175027695357,0.5522302909059693
305,comp_specific,2,0.5195057012873319,0.008651943245376992,1.0303594593292869,0.3158386715944495
305,comp_specific,3,-0.5409968129754821,-1.030602003998542,-0.051391621952422195,-0.6352519040754792
305,comp_specific,4,-0.47753444828204,-0.800243370688335,-0.1548255258757451,-0.53274577479863
305,comp_specific,5,1.099448725686812,0.8423767969819909,1.356520654391633,0.8879521807889041
305,adaptshrink,1,0.47723602136321513,-0.09627571587355283,1.0507477585999832,0.5522302909059693
305,adaptshrink,2,0.4925242476814193,0.023659719381321997,0.9613887759815165,0.3158386715944495
305,adaptshrink,3,-0.5512105410054822,-1.0153544728213972,-0.08706660918956716,-0.6352519040754792
305,adaptshrink,4,-0.47787682586290464,-0.8037126259793519,-0.1520410257464574,-0.53274577479863
305,adaptshrink,5,1.069749956975813,0.715317782606619,1.4241821313450072,0.8879521807889041
306,common_DL,1,-1.8542102788958872,-2.286517449554272,-1.4219031082375022,-1.0271119369087283
306,common_DL,2,-0.26164442132887683,-0.6276343585000133,0.10434551584225954,-0.2272322674005678
306,common_DL,3,-0.5353640264056665,-0.906006484613245,-0.1647215681980881,-0.20914922655224386
306,common_DL,4,0.27296488180328676,-0.1925648686127387,0.7384946322193122,0.2143448813746676
306,common_DL,5,-0.41182517999533264,-0.8069671197634798,-0.01668324022718548,-0.13267444935848016
306,comp_specific,1,-1.8890773982871716,-2.385376162505849,-1.392778634068494,-1.0271119369087283
306,comp_specific,2,-0.28662868494801064,-0.7277110284044512,0.15445365850842996,-0.2272322674005678
306,comp_specific,3,-0.6112687492042544,-0.8728659258597551,-0.34967157254875375,-0.20914922655224386
306,comp_specific,4,0.274228792445398,0.005818755594989122,0.5426388292958069,0.2143448813746676
306,comp_specific,5,-0.3439975810333187,-0.7879997738965581,0.10000461182992076,-0.13267444935848016
306,adaptshrink,1,-1.8746177670315634,-2.340732853564176,-1.4085026804989509,-1.0271119369087283
306,adaptshrink,2,-0.2594415893085591,-0.6564972862209277,0.13761410760380954,-0.2272322674005678
306,adaptshrink,3,-0.5663011134518587,-0.8864760694848286,-0.24612615741888894,-0.20914922655224386
306,adaptshrink,4,0.2751856632110194,-0.12697847349963426,0.6773497999216731,0.2143448813746676
306,adaptshrink,5,-0.3936931784715564,-0.8096956904827245,0.02230933353961173,-0.13267444935848016
307,common_DL,1,-0.2743090071738373,-0.4809822255011379,-0.06763578884653673,-0.22648612201328347
307,common_DL,2,-0.5141607763280982,-0.8928248656361901,-0.13549668702000628,-0.36550310089543736
307,common_DL,3,0.6416188009803625,0.4520446849546032,0.8311929170061219,0.690468942936651
307,common_DL,4,-0.46106892802252375,-0.6755579645722218,-0.24657989147282572,-0.4083870226136552
307,common_DL,5,-0.5408534157650986,-0.7314922390687151,-0.3502145924614821,-0.3158789974331611
307,comp_specific,1,-0.28214412514219145,-0.4693365178735092,-0.09495173241087368,-0.22648612201328347
307,comp_specific,2,-0.5129680120825668,-0.8813934319811717,-0.14454259218396193,-0.36550310089543736
307,comp_specific,3,0.6377727572742531,0.4622804816953825,0.8132650328531237,0.690468942936651
307,comp_specific,4,-0.43339478837278755,-0.8319748465000567,-0.034814730245518455,-0.4083870226136552
307,comp_specific,5,-0.5473909685317021,-0.7278058984456561,-0.3669760386177481,-0.3158789974331611
307,adaptshrink,1,-0.27755115149093523,-0.47620650857852836,-0.0788957944033421,-0.22648612201328347
307,adaptshrink,2,-0.5139885086673213,-0.8891792874915044,-0.1387977298431381,-0.36550310089543736
307,adaptshrink,3,0.6393318981378664,0.45827325897348054,0.8203905373022522,0.690468942936651
307,adaptshrink,4,-0.44717571344477947,-0.7673772225897333,-0.12697420429982564,-0.4083870226136552
307,adaptshrink,5,-0.5438686895126452,-0.7297357489678431,-0.3580016300574474,-0.3158789974331611
308,common_DL,1,0.5806494508721276,0.30585696036515864,0.8554419413790966,0.3181357833185243
308,common_DL,2,0.12373993704577539,-0.11850132590243466,0.36598119999398543,0.1024134494389095
308,common_DL,3,-0.23787733483171447,-0.4979090118390544,0.022154342175625452,-0.22425444235745984
308,common_DL,4,0.5211076070000099,0.09314826777814328,0.9490669462218766,0.5428511950755509
308,common_DL,5,-0.0015736090935832836,-0.23953642767891117,0.2363892094917446,-0.00324935992736022
308,comp_specific,1,0.5443958379477698,0.25772879030109785,0.8310628855944417,0.3181357833185243
308,comp_specific,2,0.09978244674230624,-0.14450508250483932,0.34406997598945177,0.1024134494389095
308,comp_specific,3,-0.2727179723284077,-0.4861116228189213,-0.059324321837894184,-0.22425444235745984
308,comp_specific,4,0.45658338203718646,-0.04512377472240997,0.9582905387967828,0.5428511950755509
308,comp_specific,5,-0.043189151700868345,-0.22083356688579936,0.13445526348406267,-0.00324935992736022
308,adaptshrink,1,0.5750406818300211,0.29772134975111875,0.8523600139089235,0.3181357833185243
308,adaptshrink,2,0.11256956882763242,-0.1304294931204841,0.35556863077574896,0.1024134494389095
308,adaptshrink,3,-0.25129644197227186,-0.49249913004481133,-0.010093753899732383,-0.22425444235745984
308,adaptshrink,4,0.4938819226921417,0.038977890803182036,0.9487859545811014,0.5428511950755509
308,adaptshrink,5,-0.013663261898769374,-0.2346666218673593,0.20734009806982054,-0.00324935992736022
309,common_DL,1,0.08638789012987716,-0.4091477112464126,0.5819234915061668,0.3183016957059457
309,common_DL,2,-0.8929322906625285,-1.3351880168385546,-0.45067656448650256,-0.6127649593555349
309,common_DL,3,0.18737831772134964,-0.19859185465699905,0.5733484900996983,0.11643761628650177
309,common_DL,4,-0.5875039422315853,-0.9525027673567636,-0.22250511710640702,-0.4506661185301406
309,common_DL,5,-0.22288394168649917,-0.6378348031331686,0.19206691976017032,-0.29318994436791523
309,comp_specific,1,0.02729275502625933,-0.3443342349329707,0.3989197449854894,0.3183016957059457
309,comp_specific,2,-0.9575584725581046,-1.2589044895439137,-0.6562124555722955,-0.6127649593555349
309,comp_specific,3,0.15608012801581328,-0.14934913315726578,0.46150938918889234,0.11643761628650177
309,comp_specific,4,-0.6164392144424089,-1.0905431778810326,-0.14233525100378525,-0.4506661185301406
309,comp_specific,5,-0.23508449327184283,-0.6827414470021376,0.21257246045845185,-0.29318994436791523
309,adaptshrink,1,0.0652394025112098,-0.38583326701794834,0.516312072040368,0.3183016957059457
309,adaptshrink,2,-0.9138631355753729,-1.304625257137453,-0.5231010140132928,-0.6127649593555349
309,adaptshrink,3,0.17584426773299133,-0.17369002790981924,0.5253785633758019,0.11643761628650177
309,adaptshrink,4,-0.6051954574502892,-1.0286237687968431,-0.1817671461037353,-0.4506661185301406
309,adaptshrink,5,-0.22943728630928656,-0.6611214053212726,0.20224683270269944,-0.29318994436791523
310,common_DL,1,-0.17660740622635338,-0.6349567732368975,0.28174196078419067,-0.3475618541360016
310,common_DL,2,0.2557271338368227,-0.20070284086435092,0.7121571085379963,0.4773622168270965
310,common_DL,3,-0.20642150644907126,-0.6587482266780578,0.24590521377991525,-0.12605305663047486
310,common_DL,4,0.2676766313586449,-0.29136270305469997,0.8267159657719898,-0.09662640656875994
310,common_DL,5,-0.6653390145740212,-1.1785689512537736,-0.15210907789426886,-0.6241886422892117
310,comp_specific,1,-0.20190102321476086,-0.4923960681913129,0.08859402176179118,-0.3475618541360016
310,comp_specific,2,0.31954289059736896,-0.2709807342527093,0.9100665154474472,0.4773622168270965
310,comp_specific,3,-0.1839651979922439,-0.46203296005376004,0.09410256406927228,-0.12605305663047486
310,comp_specific,4,0.1616487536891662,-0.9246890868854425,1.247986594263775,-0.09662640656875994
310,comp_specific,5,-0.6455537095058076,-0.9189510409358664,-0.37215637807574875,-0.6241886422892117
310,adaptshrink,1,-0.18224109202213792,-0.5807533152954518,0.21627113125117595,-0.3475618541360016
310,adaptshrink,2,0.2912134148944815,-0.23222884078418782,0.8146556705731508,0.4773622168270965
310,adaptshrink,3,-0.1949548941333164,-0.5904968894444041,0.20058710117777134,-0.12605305663047486
310,adaptshrink,4,0.19916930364425514,-0.5781425406385948,0.976481147927105,-0.09662640656875994
310,adaptshrink,5,-0.6625330920062715,-1.1179681246134747,-0.20709805939906833,-0.6241886422892117
311,common_DL,1,-0.9476219625039382,-1.2872572927373795,-0.6079866322704967,-0.9098698830761087
311,common_DL,2,-0.21689095336597053,-0.6159137610531238,0.18213185432118273,-0.35837358128508845
311,common_DL,3,-0.41732939534189284,-0.8187448535544628,-0.01591393712932282,-0.5534948195499871
311,common_DL,4,-0.01208642203853974,-0.43082840744996787,0.40665556337288844,0.10153294880456756
311,common_DL,5,0.6465123519874478,0.18086078564995933,1.1121639183249363,0.687650020913044
311,comp_specific,1,-0.883647718081687,-1.1640807180045472,-0.6032147181588267,-0.9098698830761087
311,comp_specific,2,-0.15865775478489796,-0.6874719825910506,0.37015647302125465,-0.35837358128508845
311,comp_specific,3,-0.4212389589028402,-0.745516427952897,-0.09696148985278341,-0.5534948195499871
311,comp_specific,4,-0.08771236902128376,-0.3852879975893826,0.20986325954681506,0.10153294880456756
311,comp_specific,5,0.6198287670514391,0.27865445806498085,0.9610030760378974,0.687650020913044
311,adaptshrink,1,-0.9158346845730811,-1.2249732524375596,-0.6066961167086026,-0.9098698830761087
311,adaptshrink,2,-0.19128821698424975,-0.6533878718202435,0.27081143785174394,-0.35837358128508845
311,adaptshrink,3,-0.4207686248105427,-0.7896395693114582,-0.051897680309627325,-0.5534948195499871
311,adaptshrink,4,-0.035526940938024734,-0.40279077316722117,0.33173689129117173,0.10153294880456756
311,adaptshrink,5,0.6379775116649304,0.2171908898039286,1.0587641335259323,0.687650020913044
312,common_DL,1,0.5903416717534177,0.3513295509947629,0.8293537925120724,0.5917354589413706
312,common_DL,2,0.6801975924422866,0.39704177919733635,0.9633534056872368,0.6226745787086471
312,common_DL,3,0.6809743794946175,0.35670609604875736,1.0052426629404776,0.5390742192769807
312,common_DL,4,-0.3548634055564085,-0.706252470877373,-0.0034743402354440733,-0.13356237190392323
312,common_DL,5,0.5929934846900888,0.31967829524160946,0.8663086741385682,0.6126672823152433
312,comp_specific,1,0.5956822003046198,0.4247241596931328,0.7666402409161068,0.5917354589413706
312,comp_specific,2,0.7595049733952111,0.3078679914063543,1.2111419553840679,0.6226745787086471
312,comp_specific,3,0.7068270696829593,0.4285478932449459,0.9851062461209726,0.5390742192769807
312,comp_specific,4,-0.3985996099337728,-0.822688768315731,0.025489548448185406,-0.13356237190392323
312,comp_specific,5,0.5630981455152597,0.3305344865477382,0.7956618044827812,0.6126672823152433
312,adaptshrink,1,0.5917924350527354,0.38690858109486786,0.796676289010603,0.5917354589413706
312,adaptshrink,2,0.7305006000232324,0.3609944747834914,1.1000067252629733,0.6226745787086471
312,adaptshrink,3,0.6929538834090567,0.3910710791171821,0.9948366877009314,0.5390742192769807
312,adaptshrink,4,-0.37648431725644477,-0.7624555994553439,0.009486964942454323,-0.13356237190392323
312,adaptshrink,5,0.5751882428828188,0.3217208362016618,0.8286556495639757,0.6126672823152433
313,common_DL,1,-0.010893994375318239,-0.44511142463000103,0.42332343587936455,0.10840891116318938
313,common_DL,2,-0.08136673386207287,-0.5035753517815942,0.3408418840574485,-0.0011922862271326563
313,common_DL,3,0.0317633255363194,-0.44588767603690715,0.5094143271095459,-0.1290830736859101
313,common_DL,4,0.11281797252162966,-0.317262947298925,0.5428988923421844,0.054485885944486515
313,common_DL,5,0.4187673888706404,0.01104186264588991,0.8264929150953909,0.5519345804072149
313,comp_specific,1,0.09307915658867867,-0.22888346361993378,0.4150417767972911,0.10840891116318938
313,comp_specific,2,-0.023817119741480736,-0.4984366167130747,0.4508023772301133,-0.0011922862271326563
313,comp_specific,3,0.06593889998777976,-0.2797236850225804,0.41160148499813987,-0.1290830736859101
313,comp_specific,4,0.18379831742351554,-0.3620831761452629,0.729679810992294,0.054485885944486515
313,comp_specific,5,0.4490705966752069,0.2710531159586783,0.6270880773917354,0.5519345804072149
313,adaptshrink,1,0.03963607247089235,-0.3459807306451801,0.4252528755869648,0.10840891116318938
313,adaptshrink,2,-0.05351119889821673,-0.5063298137842721,0.3993074159878387,-0.0011922862271326563
313,adaptshrink,3,0.05553500804575075,-0.37309354999053873,0.4841635660820402,-0.1290830736859101
313,adaptshrink,4,0.10901343390173301,-0.37846589388562046,0.5964927616890865,0.054485885944486515
313,adaptshrink,5,0.40524758927221116,0.0739190272177494,0.7365761513266729,0.5519345804072149
314,common_DL,1,-0.27885282946626966,-0.5834825205753884,0.025776861642849147,-0.15400530569211482
314,common_DL,2,0.32648309435980105,0.020987372626125878,0.6319788160934763,0.4106945280691712
314,common_DL,3,0.5985914406086823,0.15711288472934054,1.040069996488024,0.6766844165535065
314,common_DL,4,0.38143296398405824,0.1054440826015714,0.657421845366545,0.326495107478908
314,common_DL,5,-0.6250235063592523,-0.9022006255587554,-0.3478463871597493,-0.5232793459557956
314,comp_specific,1,-0.2750752101583708,-0.4755819474651255,-0.07456847285161608,-0.15400530569211482
314,comp_specific,2,0.45826034879580446,-0.037648323891783575,0.9541690214833924,0.4106945280691712
314,comp_specific,3,0.5974343846365848,0.21633743967860847,0.9785313295945612,0.6766844165535065
314,comp_specific,4,0.4394861333496217,0.21535982824867025,0.6636124384505732,0.326495107478908
314,comp_specific,5,-0.6530133506690109,-0.8534274494209753,-0.45259925191704653,-0.5232793459557956
314,adaptshrink,1,-0.2791741691369324,-0.5445180772064674,-0.013830261067397376,-0.15400530569211482
314,adaptshrink,2,0.4149014234094751,-0.006429202868305783,0.836232049687256,0.4106945280691712
314,adaptshrink,3,0.602789456504049,0.18202102117381946,1.0235578918342787,0.6766844165535065
314,adaptshrink,4,0.4095808662163054,0.15882966809447696,0.6603320643381339,0.326495107478908
314,adaptshrink,5,-0.6348675453599537,-0.8833788765830608,-0.3863562141368466,-0.5232793459557956
315,common_DL,1,0.7925038192494671,0.4884644402653955,1.0965431982335387,0.6436255388553723
315,common_DL,2,-0.26661057201818816,-0.6204514804569286,0.08723033642055222,-0.5175849544574528
315,common_DL,3,-0.6770274781049018,-1.142308532630678,-0.2117464235791255,-1.0021403891783887
315,common_DL,4,-0.5871365408472603,-0.9194166906330852,-0.2548563910614354,-0.42129340296490314
315,common_DL,5,0.9859877774838075,0.6039424329776188,1.3680331219899962,0.88292979661712
315,comp_specific,1,0.735498685065044,0.5592962449951111,0.9117011251349769,0.6436255388553723
315,comp_specific,2,-0.20795582461368728,-0.6396332147051759,0.2237215654778013,-0.5175849544574528
315,comp_specific,3,-0.7014933086435808,-1.0990819280127266,-0.3039046892744349,-1.0021403891783887
315,comp_specific,4,-0.5568939867272216,-0.8900160280815232,-0.22377194537291994,-0.42129340296490314
315,comp_specific,5,0.9401091677375351,0.6776728949420943,1.2025454405329759,0.88292979661712
315,adaptshrink,1,0.7575979737619332,0.511795599632995,1.0034003478908713,0.6436255388553723
315,adaptshrink,2,-0.22363815603706538,-0.6218373217240867,0.17456100964995597,-0.5175849544574528
315,adaptshrink,3,-0.6843196572427758,-1.1284673419230498,-0.24017197256250183,-1.0021403891783887
315,adaptshrink,4,-0.567809734189131,-0.9011011764978565,-0.23451829188040568,-0.42129340296490314
315,adaptshrink,5,0.9698231232220285,0.64178801465667,1.2978582317873868,0.88292979661712
316,common_DL,1,-0.2461975739920232,-0.5724194422772331,0.08002429429318675,-0.2483421412253829
316,common_DL,2,-0.11998272730994933,-0.5758861250399685,0.3359206704200699,0.16645970185822911
316,common_DL,3,-0.08148429751649237,-0.4761220640408031,0.3131534690078183,0.0775303575927716
316,common_DL,4,-0.26481715150033014,-0.6438370368441586,0.11420273384349827,-0.23499077191148146
316,common_DL,5,-0.3113536123130465,-0.7079356490557995,0.08522842442970663,-0.25032549432344336
316,comp_specific,1,-0.1842194445950788,-0.4968990289530876,0.12846013976292994,-0.2483421412253829
316,comp_specific,2,-0.00669408690961934,-0.32644451922374307,0.31305634540450444,0.16645970185822911
316,comp_specific,3,0.001254571398275811,-0.2418549531740383,0.24436409597058992,0.0775303575927716
316,comp_specific,4,-0.17461847724675633,-0.6364447516245295,0.28720779713101685,-0.23499077191148146
316,comp_specific,5,-0.33767904962275663,-0.5231533229195899,-0.15220477632592336,-0.25032549432344336
316,adaptshrink,1,-0.2223509947385105,-0.5435359288978383,0.09883393942081725,-0.2483421412253829
316,adaptshrink,2,-0.0918467124056173,-0.5113341656665181,0.3276407408552835,0.16645970185822911
316,adaptshrink,3,-0.06303906229959219,-0.41255777514362935,0.2864796505444449,0.0775303575927716
316,adaptshrink,4,-0.22093950866415663,-0.6392007924422602,0.19732177511394694,-0.23499077191148146
316,adaptshrink,5,-0.3156660140217922,-0.6600544847307642,0.028722456687179876,-0.25032549432344336
317,common_DL,1,0.36177321232163967,-0.016340673930220984,0.7398870985735003,0.5007298171349513
317,common_DL,2,0.40066531115351517,0.06324755004920196,0.7380830722578284,0.2661645806531596
317,common_DL,3,-0.768859465469953,-1.1091421202905767,-0.4285768106493293,-0.7876003845968533
317,common_DL,4,-0.3259443699802215,-0.6899054765358293,0.03801673657538629,-0.17106072268091704
317,common_DL,5,-0.6335173292790127,-0.9997275545842967,-0.2673071039737287,-0.3643788317269577
317,comp_specific,1,0.3561707552375877,-0.05771011905269113,0.7700516295278665,0.5007298171349513
317,comp_specific,2,0.4260509306876369,-0.01898884382661936,0.8710907052018931,0.2661645806531596
317,comp_specific,3,-0.7635800438035935,-1.0697214258361383,-0.4574386617710487,-0.7876003845968533
317,comp_specific,4,-0.3108808992120582,-0.7272492251987216,0.10548742677460521,-0.17106072268091704
317,comp_specific,5,-0.5916099963627971,-0.8415688535527321,-0.341651139172862,-0.3643788317269577
317,adaptshrink,1,0.3590988340862914,-0.0350064635581846,0.7532041317307674,0.5007298171349513
317,adaptshrink,2,0.411723134585278,0.01729579226526584,0.8061504769052901,0.2661645806531596
317,adaptshrink,3,-0.7659157589652443,-1.0906209223864622,-0.4412105955440263,-0.7876003845968533
317,adaptshrink,4,-0.31862274715413685,-0.706056097221375,0.0688106029131012,-0.17106072268091704
317,adaptshrink,5,-0.6317328643586484,-0.9674847541247789,-0.295980974592518,-0.3643788317269577
318,common_DL,1,-0.8401618915704686,-1.2167369911491261,-0.46358679199181113,-0.7829510037452186
318,common_DL,2,-0.2618817790057796,-0.6701206545509512,0.146357096539392,0.08331683053047521
318,common_DL,3,0.4784294118022818,-0.012430747909639495,0.9692895715142031,0.6848009676125958
318,common_DL,4,-0.7774635128466162,-1.1582621834340767,-0.3966648422591557,-0.8453007878569873
318,common_DL,5,0.4330512508563419,0.14364448082430242,0.7224580208883813,0.31590378901642824
318,comp_specific,1,-0.8334654950048522,-1.131238441281294,-0.5356925487284105,-0.7829510037452186
318,comp_specific,2,-0.12467639350036104,-0.6543971984761267,0.40504441147540454,0.08331683053047521
318,comp_specific,3,0.5621602089210341,-0.06554858536232788,1.1898690032043961,0.6848009676125958
318,comp_specific,4,-0.7738598053850285,-1.0725847690723982,-0.47513484169765874,-0.8453007878569873
318,comp_specific,5,0.45131564685965025,0.17992859234191566,0.7227027013773848,0.31590378901642824
318,adaptshrink,1,-0.8362706371321997,-1.1763662333815743,-0.4961750408828252,-0.7829510037452186
318,adaptshrink,2,-0.21986054224177246,-0.6668751382695212,0.22715405378597628,0.08331683053047521
318,adaptshrink,3,0.5154571193383121,-0.028572524035280322,1.0594867627119045,0.6848009676125958
318,adaptshrink,4,-0.7675109043894708,-1.1115167338051588,-0.4235050749737828,-0.8453007878569873
318,adaptshrink,5,0.4400219597113827,0.16101079313991012,0.7190331262828553,0.31590378901642824
319,common_DL,1,-0.28752498654411063,-0.6158833254197214,0.04083335233150004,-0.300907540962222
319,common_DL,2,0.3673143218000362,-0.16648975918778974,0.9011184027878621,0.0630042391148927
319,common_DL,3,-1.0692106017695258,-1.4233365410531995,-0.715084662485852,-1.132425590244594
319,common_DL,4,-0.06883099959113875,-0.4107915837382493,0.2731295845559718,0.05742361827100774
319,common_DL,5,0.5629406527144585,0.27591753374787,0.849963771681047,0.7275664985795387
319,comp_specific,1,-0.22490553375683386,-0.5355505252008494,0.08573945768718172,-0.300907540962222
319,comp_specific,2,0.3775111124423347,-0.12351038064950437,0.8785326055341738,0.0630042391148927
319,comp_specific,3,-1.07172447308375,-1.2961014591437607,-0.8473474870237394,-1.132425590244594
319,comp_specific,4,0.13026255926297603,-0.26760905337723917,0.5281341719031912,0.05742361827100774
319,comp_specific,5,0.7247577152847482,0.5493174614417486,0.9001979691277477,0.7275664985795387
319,adaptshrink,1,-0.24462831033391808,-0.5667248995849997,0.07746827891716357,-0.300907540962222
319,adaptshrink,2,0.3726831113361311,-0.15028211774250544,0.8956483404147676,0.0630042391148927
319,adaptshrink,3,-1.0693930381703436,-1.369275484568976,-0.7695105917717111,-1.132425590244594
319,adaptshrink,4,0.0669419235719273,-0.3103684870621009,0.4442523342059555,0.05742361827100774
319,adaptshrink,5,0.6539677916559462,0.4225195803948889,0.8854160029170035,0.7275664985795387
320,common_DL,1,-0.38191532282075347,-0.786810010621072,0.022979364979565153,0.04445470481437795
320,common_DL,2,0.4083783447329927,0.02880487537042764,0.7879518140955578,0.0336571704777387
320,common_DL,3,0.1492187616577298,-0.1300847046470721,0.4285222279625317,0.17028911873337685
320,common_DL,4,0.45460697679695955,-0.025123563066329346,0.9343375166602484,-0.07192652747178845
320,common_DL,5,0.10386211059272113,-0.24816010702584254,0.4558843282112848,0.26094340136239025
320,comp_specific,1,-0.4358077831485595,-0.9224194307262683,0.050803864429149304,0.04445470481437795
320,comp_specific,2,0.4092815890298052,0.029346847676726684,0.7892163303828837,0.0336571704777387
320,comp_specific,3,0.11523621850536613,-0.21353378586874583,0.4440062228794781,0.17028911873337685
320,comp_specific,4,0.5039809006774297,-0.1444795927215654,1.1524413940764249,-0.07192652747178845
320,comp_specific,5,0.11447223317787555,-0.07875839224011574,0.3077028585958669,0.26094340136239025
320,adaptshrink,1,-0.4129535704460124,-0.8610413491117237,0.035134208219698926,0.04445470481437795
320,adaptshrink,2,0.40874195510022,0.020382960507697445,0.7971009496927426,0.0336571704777387
320,adaptshrink,3,0.1358725575343479,-0.1771507437303385,0.4488958587990343,0.17028911873337685
320,adaptshrink,4,0.47444394138053775,-0.07566777029933919,1.0245556530604147,-0.07192652747178845
320,adaptshrink,5,0.10762693388627355,-0.176591267395875,0.39184513516842207,0.26094340136239025
321,common_DL,1,-0.26262231697104055,-0.4760891498081252,-0.04915548413395587,-0.3676270198832701
321,common_DL,2,-0.11105478438349942,-0.35361676202031594,0.1315071932533171,0.08457413088594172
321,common_DL,3,0.11691056034866967,-0.08731557195702636,0.32113669265436573,0.39848513651017403
321,common_DL,4,-0.2993396253201137,-0.5928056578533706,-0.0058735927868568405,-0.39442430924986066
321,common_DL,5,-0.396425612759043,-0.6051031458617242,-0.18774807965636175,-0.35423514411107315
321,comp_specific,1,-0.2608369387894779,-0.43507337918152306,-0.08660049839743272,-0.3676270198832701
321,comp_specific,2,-0.11494695431010922,-0.30469226632157353,0.07479835770135511,0.08457413088594172
321,comp_specific,3,0.1045987399515459,-0.1398091083421436,0.3490065882452354,0.39848513651017403
321,comp_specific,4,-0.34608195250930407,-0.8529800795647647,0.1608161745461566,-0.39442430924986066
321,comp_specific,5,-0.44197546156128464,-0.6118649781789263,-0.27208594494364297,-0.35423514411107315
321,adaptshrink,1,-0.2620991112081975,-0.45988766710747936,-0.06431055530891566,-0.3676270198832701
321,adaptshrink,2,-0.1126336321767072,-0.32958668397599783,0.10431941962258344,0.08457413088594172
321,adaptshrink,3,0.10125212485743962,-0.127085044958534,0.32958929467341325,0.39848513651017403
321,adaptshrink,4,-0.3556888530757025,-0.7443230061114484,0.03294529996004336,-0.39442430924986066
321,adaptshrink,5,-0.4241423553674403,-0.6158505483891714,-0.2324341623457092,-0.35423514411107315
322,common_DL,1,-0.462351238346508,-0.7340698612394532,-0.19063261545356286,-0.43296572912619335
322,common_DL,2,-0.1938390769398146,-0.4874490458041808,0.09977089192455166,-0.12429644218999722
322,common_DL,3,-0.4845885010073393,-0.8885035982256348,-0.08067340378904381,-0.745796545062206
322,common_DL,4,0.268750189261037,-0.076947099881288,0.614447478403362,0.19824586749689688
322,common_DL,5,0.7445040120650079,0.3713125784568049,1.117695445673211,0.7335371548642867
322,comp_specific,1,-0.46034254115164275,-0.6922027081086937,-0.22848237419459186,-0.43296572912619335
322,comp_specific,2,-0.23575390777745675,-0.6030291681023163,0.13152135254740283,-0.12429644218999722
322,comp_specific,3,-0.4838672174907627,-0.8229185959774019,-0.1448158390041236,-0.745796545062206
322,comp_specific,4,0.24623470857694452,-0.0027636432019553514,0.49523306035584436,0.19824586749689688
322,comp_specific,5,0.7862689206762444,0.4543119600947853,1.1182258812577035,0.7335371548642867
322,adaptshrink,1,-0.4601760899663982,-0.7144083993206705,-0.20594378061212598,-0.43296572912619335
322,adaptshrink,2,-0.22692065599789846,-0.5729597901212472,0.11911847812545029,-0.12429644218999722
322,adaptshrink,3,-0.48474248196510356,-0.8673602211745168,-0.10212474275569033,-0.745796545062206
322,adaptshrink,4,0.2524369417557129,-0.05518693432072863,0.5600608178321544,0.19824586749689688
322,adaptshrink,5,0.7617907865422726,0.4042862598547547,1.1192953132297905,0.7335371548642867
323,common_DL,1,0.38565546660503547,0.15169277717267007,0.6196181560374009,0.33952211929999687
323,common_DL,2,-0.5375388525543461,-0.7979848117314639,-0.2770928933772283,-0.4315257058630935
323,common_DL,3,-0.878032960025824,-1.1328978178678109,-0.6231681021838371,-0.6893879580987426
323,common_DL,4,0.7112852311916846,0.3938494451756937,1.0287210172076755,0.6476268157378322
323,common_DL,5,0.9101508452931025,0.682191225899579,1.138110464686626,0.9067505452005126
323,comp_specific,1,0.365275666233814,0.18493298617049486,0.5456183462971331,0.33952211929999687
323,comp_specific,2,-0.5443142669322076,-0.7693474418455974,-0.3192810920188179,-0.4315257058630935
323,comp_specific,3,-0.8728218031284327,-1.1997388045106243,-0.5459048017462411,-0.6893879580987426
323,comp_specific,4,0.7315852208770846,0.44711628245819385,1.0160541592959753,0.6476268157378322
323,comp_specific,5,0.8916798485617079,0.5896456533745359,1.19371404374888,0.9067505452005126
323,adaptshrink,1,0.37584015691945916,0.16525346521663095,0.5864268486222873,0.33952211929999687
323,adaptshrink,2,-0.541239292734528,-0.7859486968050138,-0.2965298886640421,-0.4315257058630935
323,adaptshrink,3,-0.8717100226630512,-1.1737984592126183,-0.5696215861134841,-0.6893879580987426
323,adaptshrink,4,0.7205813445473472,0.4184944433886124,1.022668245706082,0.6476268157378322
323,adaptshrink,5,0.9031424397891029,0.6277999251888047,1.1784849543894012,0.9067505452005126
324,common_DL,1,-0.24413570054556624,-0.6498950035656137,0.16162360247448124,-0.2385756451206631
324,common_DL,2,0.20293300948018886,-0.1727818598129797,0.5786478787733574,0.0954014313589184
324,common_DL,3,-0.25802120422564845,-0.5764178280762811,0.06037541962498416,-0.17932461653389745
324,common_DL,4,0.1532727991542484,-0.12440292033950606,0.4309485186480029,-0.00654114278541816
324,common_DL,5,0.05465564179707316,-0.23206350112010332,0.34137478471424965,-0.28289408373037506
324,comp_specific,1,-0.19223688389912555,-0.4430799107000182,0.058606142901767105,-0.2385756451206631
324,comp_specific,2,0.17552465756984195,-0.10220745058372291,0.4532567657234068,0.0954014313589184
324,comp_specific,3,-0.3091731534946735,-0.6526643289368705,0.03431802194752348,-0.17932461653389745
324,comp_specific,4,0.20835598042885745,-0.13045706850020616,0.547169029357921,-0.00654114278541816
324,comp_specific,5,0.06701864602625657,-0.2142573069595683,0.34829459901208143,-0.28289408373037506
324,adaptshrink,1,-0.23241735314992226,-0.5995449558918682,0.13471024959202368,-0.2385756451206631
324,adaptshrink,2,0.19038236669191402,-0.16212810894454413,0.5428928423283722,0.0954014313589184
324,adaptshrink,3,-0.28028125630992845,-0.6137637639725024,0.05320125135264553,-0.17932461653389745
324,adaptshrink,4,0.18775184697012123,-0.11815230151413428,0.4936559954543768,-0.00654114278541816
324,adaptshrink,5,0.06394684709596914,-0.2203968863883694,0.3482905805803077,-0.28289408373037506
325,common_DL,1,-0.537606389688953,-0.834886799202984,-0.24032598017492207,-0.5357043352307912
325,common_DL,2,0.16298936735955777,-0.2370175951247835,0.562996329843899,-0.11152096008590923
325,common_DL,3,0.1699119185371878,-0.11205118317916435,0.4518750202535399,0.005508506795674457
325,common_DL,4,0.42906492591648776,0.13885471298364144,0.7192751388493341,0.26066608363229393
325,common_DL,5,-0.05374508736922111,-0.3386144541249321,0.23112427938648983,-0.10638805435176545
325,comp_specific,1,-0.5695916271695634,-0.8650765313974424,-0.27410672294168426,-0.5357043352307912
325,comp_specific,2,0.2889667882760608,-0.2883639891541293,0.8662975657062509,-0.11152096008590923
325,comp_specific,3,0.24198675352470658,-0.01000530581514672,0.4939788128645599,0.005508506795674457
325,comp_specific,4,0.3913202964364124,0.14074027820168977,0.6419003146711351,0.26066608363229393
325,comp_specific,5,-0.059592373173026264,-0.3200445651091208,0.20085981876306833,-0.10638805435176545
325,adaptshrink,1,-0.5568257673731841,-0.8565393095767739,-0.25711222516959437,-0.5357043352307912
325,adaptshrink,2,0.2236484180088552,-0.2502364435420595,0.69753327955977,-0.11152096008590923
325,adaptshrink,3,0.20911703621182698,-0.05745863361307835,0.4756927060367323,0.005508506795674457
325,adaptshrink,4,0.4110642176362842,0.14062683287507427,0.6815016023974941,0.26066608363229393
325,adaptshrink,5,-0.058709410581013144,-0.3316161929353773,0.21419737177335102,-0.10638805435176545
326,common_DL,1,-0.30302489370619407,-0.5789594264023699,-0.027090361010018327,-0.18196616734836588
326,common_DL,2,0.6200581587455986,0.3747356649085508,0.8653806525826463,0.382202400666875
326,common_DL,3,-0.1053120713233539,-0.3211274047865921,0.11050326213988423,-0.030595414741123803
326,common_DL,4,-0.7271175951919386,-1.0250691728050905,-0.4291660175787868,-0.21607276274604445
326,common_DL,5,-0.40935054410306826,-0.6947651918578263,-0.12393589634831026,-0.12693718016850025
326,comp_specific,1,-0.29781366630551315,-0.5683853810856281,-0.027241951525398267,-0.18196616734836588
326,comp_specific,2,0.6363050116744458,0.3778199081274615,0.8947901152214299,0.382202400666875
326,comp_specific,3,-0.12064937629081676,-0.3288769123710633,0.08757815978942982,-0.030595414741123803
326,comp_specific,4,-0.5409336574405577,-0.9593607402599593,-0.122506574621156,-0.21607276274604445
326,comp_specific,5,-0.39124941466968643,-0.6287199632391284,-0.15377886610024447,-0.12693718016850025
326,adaptshrink,1,-0.2992291683056133,-0.5721819833248795,-0.026276353286347143,-0.18196616734836588
326,adaptshrink,2,0.625946983736998,0.3795399655315625,0.8723540019424334,0.382202400666875
326,adaptshrink,3,-0.11113301454232913,-0.3201697507012481,0.09790372161658986,-0.030595414741123803
326,adaptshrink,4,-0.5981390690358834,-0.9721735404758066,-0.22410459759596024,-0.21607276274604445
326,adaptshrink,5,-0.389422460353255,-0.6602488029237958,-0.11859611778271423,-0.12693718016850025
327,common_DL,1,0.5129042402103574,0.07382520630021522,0.9519832741204997,0.38307583000559964
327,common_DL,2,0.22721754933089652,-0.10931994098612022,0.5637550396479133,-0.12208327360033973
327,common_DL,3,-0.03979772180389465,-0.5525137574133525,0.47291831380556326,-0.05367597723575939
327,common_DL,4,-0.0876900575427669,-0.4171023009351553,0.2417221858496215,0.05205382830570587
327,common_DL,5,0.37007748644283067,-0.0054741190396300765,0.7456290919252915,0.3562079963443529
327,comp_specific,1,0.5164258957685535,0.15398137720910826,0.8788704143279986,0.38307583000559964
327,comp_specific,2,0.23107629593725412,-0.041402486700250846,0.5035550785747591,-0.12208327360033973
327,comp_specific,3,-0.036831670844371,-0.5360978396977396,0.46243449800899766,-0.05367597723575939
327,comp_specific,4,-0.08865722230185274,-0.54827305255545,0.37095860795174446,0.05205382830570587
327,comp_specific,5,0.4066470204913437,0.1493396576524259,0.6639543833302615,0.3562079963443529
327,adaptshrink,1,0.5145649132086332,0.10583951748155812,0.9232903089357083,0.38307583000559964
327,adaptshrink,2,0.22818758483122778,-0.07911718682804267,0.5354923564904982,-0.12208327360033973
327,adaptshrink,3,-0.03883816211619376,-0.5471146658467878,0.46943834161440035,-0.05367597723575939
327,adaptshrink,4,-0.090298863848844,-0.49104550596292684,0.31044777826523884,0.05205382830570587
327,adaptshrink,5,0.3829396755051856,0.04982899377739136,0.7160503572329798,0.3562079963443529
328,common_DL,1,-0.5314978254541397,-0.7796894006001375,-0.28330625030814194,-0.45686197590703503
328,common_DL,2,0.3866373355146513,0.0802979504375046,0.692976720591798,0.2949118754034672
328,common_DL,3,0.05299878411471498,-0.3836417786887665,0.48963934691819644,0.08667384973699488
328,common_DL,4,-0.2144828855850044,-0.5108154638226301,0.08184969265262138,-0.13255137316973656
328,common_DL,5,-0.6740791362935412,-0.9437671816143759,-0.40439109097270654,-0.3868659641269279
328,comp_specific,1,-0.5514261575800237,-0.7955398240922124,-0.307312491067835,-0.45686197590703503
328,comp_specific,2,0.4333827117460581,0.1854399821338254,0.6813254413582908,0.2949118754034672
328,comp_specific,3,0.008527469196426246,-0.4768132016208386,0.49386814001369106,0.08667384973699488
328,comp_specific,4,-0.21763086412703034,-0.528291278428054,0.09302955017399331,-0.13255137316973656
328,comp_specific,5,-0.7135743551940428,-1.0334848830829766,-0.39366382730510885,-0.3868659641269279
328,adaptshrink,1,-0.5320433732798391,-0.7747717250493557,-0.2893150215103225,-0.45686197590703503
328,adaptshrink,2,0.4015679333931686,0.12167868220748057,0.6814571845788566,0.2949118754034672
328,adaptshrink,3,0.03121171870852399,-0.4274562362903458,0.4898796737073937,0.08667384973699488
328,adaptshrink,4,-0.21620848689667477,-0.5204982955307316,0.08808132173738203,-0.13255137316973656
328,adaptshrink,5,-0.6996021614210826,-1.000306928006708,-0.39889739483545694,-0.3868659641269279
329,common_DL,1,-0.32786195068149093,-0.8194612014430315,0.1637373000800496,-0.41996659972538025
329,common_DL,2,0.4809124396666353,0.04325223263289629,0.9185726467003743,0.1585486313280637
329,common_DL,3,-0.43773780788690086,-0.8478833882057976,-0.02759222756800417,-0.5206816271166351
329,common_DL,4,0.06612459108455754,-0.25995456737743544,0.3922037495465505,-0.10765297175685716
329,common_DL,5,1.0160093566299149,0.6798685885098094,1.3521501247500205,0.5936114568162272
329,comp_specific,1,-0.40810511380004366,-0.6330887097432022,-0.18312151785688516,-0.41996659972538025
329,comp_specific,2,0.42030901072926574,-0.21296756506382863,1.05358558652236,0.1585486313280637
329,comp_specific,3,-0.40717532575089455,-0.6191519129258392,-0.19519873857594996,-0.5206816271166351
329,comp_specific,4,0.07408373593468909,-0.2365575595557312,0.3847250314251094,-0.10765297175685716
329,comp_specific,5,1.0047471814010485,0.5552627715610625,1.4542315912410344,0.5936114568162272
329,adaptshrink,1,-0.35649853142038673,-0.7967506164558189,0.08375355361504538,-0.41996659972538025
329,adaptshrink,2,0.4556602651824716,-0.0857338489596795,0.9970543793246227,0.1585486313280637
329,adaptshrink,3,-0.4302739753743127,-0.7744828726808758,-0.08606507806774966,-0.5206816271166351
329,adaptshrink,4,0.06969850998638355,-0.2463335409591117,0.3857305609318788,-0.10765297175685716
329,adaptshrink,5,1.0112441734685047,0.6167741787261993,1.40571416821081,0.5936114568162272
330,common_DL,1,-0.5538198925344979,-1.0100730103498186,-0.0975667747191773,-0.524469890712059
330,common_DL,2,-0.9829211671865536,-1.4885304642975172,-0.47731187007559017,-0.6572964383632378
330,common_DL,3,0.5353762949622394,0.09596705160916547,0.9747855383153132,0.3674317257166561
330,common_DL,4,-0.3476492928757347,-0.766933691208388,0.07163510545691854,-0.5767816932860087
330,common_DL,5,0.6742578108869595,0.3455104549578552,1.0030051668160638,0.6090973449658798
330,comp_specific,1,-0.5904658597001613,-0.8679747994366542,-0.3129569199636684,-0.524469890712059
330,comp_specific,2,-1.201810761912789,-1.8796197065707259,-0.5240018172548518,-0.6572964383632378
330,comp_specific,3,0.49059361722203076,-0.0839212072172314,1.0651084416612928,0.3674317257166561
330,comp_specific,4,-0.4685201164698305,-1.0420894505030227,0.10504921756336183,-0.5767816932860087
330,comp_specific,5,0.5368952895652986,0.40105437559806106,0.6727362035325362,0.6090973449658798
330,adaptshrink,1,-0.5624138692189642,-0.9543111255970638,-0.17051661284086456,-0.524469890712059
330,adaptshrink,2,-1.0959113540345742,-1.6699043613255788,-0.5219183467435695,-0.6572964383632378
330,adaptshrink,3,0.506413931931295,8.075791570927304e-05,1.0127471059468807,0.3674317257166561
330,adaptshrink,4,-0.4127262174958942,-0.9171348350898936,0.09168240009810513,-0.5767816932860087
330,adaptshrink,5,0.5998463945153979,0.34547450124205165,0.8542182877887441,0.6090973449658798
331,common_DL,1,0.2243779418910356,-0.1626591794961223,0.6114150632781935,0.1891799760276272
331,common_DL,2,0.16535021464946417,-0.18946254394676568,0.520162973245694,0.034814410944282115
331,common_DL,3,-0.20583774846494965,-0.5613907871166597,0.1497152901867604,-0.19351078791544116
331,common_DL,4,-0.09892993209645728,-0.4520643017310076,0.254204437538093,-0.09768759456520931
331,common_DL,5,0.021734816337666486,-0.36474626041650193,0.4082158930918349,-0.04472000163229697
331,comp_specific,1,0.2613479697564518,0.03269730949309843,0.48999863001980515,0.1891799760276272
331,comp_specific,2,0.12759992954442637,-0.09180516459966026,0.347005023688513,0.034814410944282115
331,comp_specific,3,-0.3526121540674706,-0.6823650499516289,-0.022859258183312303,-0.19351078791544116
331,comp_specific,4,-0.24391457877499015,-0.7423718651418107,0.2545427075918304,-0.09768759456520931
331,comp_specific,5,-0.03438894970415232,-0.20771016465513062,0.13893226524682598,-0.04472000163229697
331,adaptshrink,1,0.23632751915949346,-0.08137435827866107,0.5540293965976479,0.1891799760276272
331,adaptshrink,2,0.15119874910231298,-0.14051433351513484,0.4429118317197608,0.034814410944282115
331,adaptshrink,3,-0.2950453619584042,-0.645575424426192,0.05548470050938359,-0.19351078791544116
331,adaptshrink,4,-0.20198618644011618,-0.6539349094525556,0.24996253657232326,-0.09768759456520931
331,adaptshrink,5,0.0049132267766272865,-0.31250138179646086,0.3223278353497155,-0.04472000163229697
332,common_DL,1,-0.3926278150494322,-0.8522359742082022,0.06698034410933773,-0.2847096914061259
332,common_DL,2,1.0974549148026707,0.7379195756963921,1.4569902539089492,1.198556524206916
332,common_DL,3,-0.5925986711636508,-1.11158910701264,-0.07360823531466165,-0.6755509877312719
332,common_DL,4,0.27346079961887254,-0.22529262989707893,0.772214229134824,0.10902685695624412
332,common_DL,5,-0.5538754585659935,-1.0016462209846817,-0.10610469614730533,-0.5241113257942018
332,comp_specific,1,-0.4058801791844979,-0.7850645689362638,-0.026695789432732098,-0.2847096914061259
332,comp_specific,2,1.0727145402192992,0.6660086226941162,1.4794204577444823,1.198556524206916
332,comp_specific,3,-0.5370919169783166,-1.0986907391496012,0.024506905192968054,-0.6755509877312719
332,comp_specific,4,0.2786270696841581,-0.221152817570477,0.7784069569387932,0.10902685695624412
332,comp_specific,5,-0.5045010378876669,-0.7144468147369177,-0.294555261038416,-0.5241113257942018
332,adaptshrink,1,-0.3935240945033435,-0.8240068127599719,0.03695862375328485,-0.2847096914061259
332,adaptshrink,2,1.0872815340809239,0.6889720948533221,1.4855909733085255,1.198556524206916
332,adaptshrink,3,-0.5681469956896471,-1.106595194019579,-0.029698797359715035,-0.6755509877312719
332,adaptshrink,4,0.27677936604922776,-0.2224121263818567,0.7759708584803122,0.10902685695624412
332,adaptshrink,5,-0.5322841683651415,-0.8977581169792855,-0.1668102197509974,-0.5241113257942018
333,common_DL,1,-0.17102965152349492,-0.6620223565873906,0.3199630535404008,-0.00073532996278147
333,common_DL,2,-0.23557951901558755,-0.6018710976502609,0.13071205961908583,0.017410593976413005
333,common_DL,3,-0.12031982292070979,-0.5446305699292465,0.3039909240878269,-0.18540722235586193
333,common_DL,4,1.0908142113371064,0.6377360924009365,1.5438923302732763,0.7066092980872373
333,common_DL,5,-0.44735851865281223,-0.8329748897085133,-0.06174214759711116,-0.45225510090135546
333,comp_specific,1,-0.1502179234836208,-0.5788964120555238,0.2784605650882821,-0.00073532996278147
333,comp_specific,2,-0.2379867823534708,-0.5729452331217834,0.09697166841484176,0.017410593976413005
333,comp_specific,3,-0.16673229339707937,-0.505731391273994,0.17226680447983525,-0.18540722235586193
333,comp_specific,4,1.2771966124396403,0.5184915259361396,2.035901698943141,0.7066092980872373
333,comp_specific,5,-0.4390648356332747,-0.6959873473202698,-0.1821423239462796,-0.45225510090135546
333,adaptshrink,1,-0.16481521864639684,-0.6361524643679698,0.3065220270751762,-0.00073532996278147
333,adaptshrink,2,-0.23664271849612747,-0.5876556145326053,0.11437017754035037,0.017410593976413005
333,adaptshrink,3,-0.13521455491492199,-0.5297255664127534,0.25929645658290934,-0.18540722235586193
333,adaptshrink,4,1.2168321295777478,0.5988878549215685,1.834776404233927,0.7066092980872373
333,adaptshrink,5,-0.44469517452498086,-0.7758529803123559,-0.11353736873760573,-0.45225510090135546
334,common_DL,1,-0.10413684166638563,-0.4482844773142482,0.2400107939814769,-0.154850392402774
334,common_DL,2,-1.0140443570992315,-1.3602448118554442,-0.6678439023430187,-0.9388606796327004
334,common_DL,3,-0.33780016198075447,-0.6325756865688446,-0.04302463739266438,-0.1767652412345407
334,common_DL,4,1.582813437370829,1.0905533370597478,2.0750735376819103,1.1338222199730534
334,common_DL,5,0.5589307329442911,0.24717497966259372,0.8706864862259884,0.26188062121752614
334,comp_specific,1,-0.1675197317015537,-0.35520653181281153,0.020167068409704114,-0.154850392402774
334,comp_specific,2,-1.195486422842181,-1.6733139911403483,-0.717658854544014,-0.9388606796327004
334,comp_specific,3,-0.3119527324486052,-0.5612740648965726,-0.06263140000063783,-0.1767652412345407
334,comp_specific,4,1.3803891321558792,0.7109655167350356,2.049812747576723,1.1338222199730534
334,comp_specific,5,0.5011953529585536,0.1415984348938728,0.8607922710232343,0.26188062121752614
334,adaptshrink,1,-0.13457299372068204,-0.4221289316286094,0.15298294418724534,-0.154850392402774
334,adaptshrink,2,-1.1208725240646666,-1.545783342063085,-0.6959617060662482,-0.9388606796327004
334,adaptshrink,3,-0.32972063034052207,-0.6067059827700523,-0.05273527791099192,-0.1767652412345407
334,adaptshrink,4,1.4832989902326965,0.9087738711768624,2.0578241092885308,1.1338222199730534
334,adaptshrink,5,0.5348635891219129,0.20387795439964612,0.8658492238441797,0.26188062121752614
335,common_DL,1,0.8242505893056405,0.3701267790328206,1.2783743995784604,0.6689029940042054
335,common_DL,2,0.26950424218641233,-0.0389047546296033,0.577913239002428,0.05261984297909935
335,common_DL,3,-0.904507356398881,-1.2211473312296968,-0.5878673815680653,-1.0457380707608217
335,common_DL,4,-0.9328416495664872,-1.5105832653159574,-0.35510003381701694,-0.7087485371382692
335,common_DL,5,0.19663631808513754,-0.19854010660974608,0.5918127427800212,0.28860821712080886
335,comp_specific,1,0.8421385745170844,0.31643218355421643,1.3678449654799523,0.6689029940042054
335,comp_specific,2,0.2420452319611034,-0.09746531443130446,0.5815557783535112,0.05261984297909935
335,comp_specific,3,-0.9740041919284237,-1.1916868691489428,-0.7563215147079044,-1.0457380707608217
335,comp_specific,4,-0.811120124504272,-1.5407033340154996,-0.08153691499304427,-0.7087485371382692
335,comp_specific,5,0.24382233833369227,-0.2083050927903134,0.6959497694576979,0.28860821712080886
335,adaptshrink,1,0.8188680202959626,0.3403913373874895,1.2973447032044358,0.6689029940042054
335,adaptshrink,2,0.253460425925664,-0.06684380799291939,0.5737646598442474,0.05261984297909935
335,adaptshrink,3,-0.9314802189328083,-1.2014806043033357,-0.6614798335622809,-1.0457380707608217
335,adaptshrink,4,-0.8897694418999861,-1.5264357639624513,-0.25310311983752076,-0.7087485371382692
335,adaptshrink,5,0.1880797940995913,-0.22811445380254924,0.6042740420017318,0.28860821712080886
336,common_DL,1,0.7857534489387002,0.3179512045606942,1.2535556933167062,0.351233878556049
336,common_DL,2,1.6547798516936258,1.183236211092903,2.1263234922943486,1.3955461249628385
336,common_DL,3,-0.16726732858093735,-0.5902594396775536,0.25572478251567893,-0.13418781692875306
336,common_DL,4,0.24448102271222666,-0.1950062332513922,0.6839682786758455,0.24019370874563303
336,common_DL,5,-0.09341607722049144,-0.6142503183460426,0.42741816390505966,-0.24243969166424553
336,comp_specific,1,0.839136329993137,0.28114921684608296,1.397123443140191,0.351233878556049
336,comp_specific,2,1.5808507538914438,1.0131959342351182,2.1485055735477694,1.3955461249628385
336,comp_specific,3,-0.12142746732145193,-0.29898036677818735,0.05612543213528348,-0.13418781692875306
336,comp_specific,4,0.2299143728971256,-0.14947752512840054,0.6093062709226518,0.24019370874563303
336,comp_specific,5,-0.11488977628883867,-0.5844511125425776,0.3546715599649003,-0.24243969166424553
336,adaptshrink,1,0.8227072330386687,0.3027699269223417,1.3426445391549957,0.351233878556049
336,adaptshrink,2,1.619333633700078,1.0954923622822128,2.1431749051179434,1.3955461249628385
336,adaptshrink,3,-0.1654792662892346,-0.4947136814023864,0.16375514882391723,-0.13418781692875306
336,adaptshrink,4,0.24573591437146958,-0.17198983095925602,0.6634616597021952,0.24019370874563303
336,adaptshrink,5,-0.10035742143934656,-0.6004207823105255,0.3997059394318324,-0.24243969166424553
337,common_DL,1,0.7320689760947066,0.4632101238556751,1.000927828333738,0.6435753532978824
337,common_DL,2,-0.6548639770808218,-0.9720302269154364,-0.3376977272462071,-0.46667990558695377
337,common_DL,3,-0.4059812140151113,-0.6254814005539342,-0.1864810274762884,-0.33817923436173825
337,common_DL,4,-0.37438864564980945,-0.709354076448516,-0.03942321485110295,-0.27875187139591884
337,common_DL,5,-0.30117781075597405,-0.5714880529659814,-0.030867568545966728,-0.19288217993084422
337,comp_specific,1,0.7353168641954008,0.4950810081117134,0.9755527202790881,0.6435753532978824
337,comp_specific,2,-0.6530950079372969,-0.9660276236999215,-0.3401623921746723,-0.46667990558695377
337,comp_specific,3,-0.45322441762294075,-0.6511844494190235,-0.25526438582685795,-0.33817923436173825
337,comp_specific,4,-0.34423734689114405,-0.8474406519202783,0.1589659581379902,-0.27875187139591884
337,comp_specific,5,-0.4147485273110777,-0.7689089019098083,-0.06058815271234702,-0.19288217993084422
337,adaptshrink,1,0.7371893127718201,0.4777460689799051,0.9966325565637351,0.6435753532978824
337,adaptshrink,2,-0.6529986028524847,-0.9678977307205225,-0.3380994749844468,-0.46667990558695377
337,adaptshrink,3,-0.42885948627394954,-0.6373047679985648,-0.22041420454933427,-0.33817923436173825
337,adaptshrink,4,-0.35284460648836546,-0.7492447866936163,0.04355557371688529,-0.27875187139591884
337,adaptshrink,5,-0.3455268453508201,-0.6492017153748013,-0.041851975326838875,-0.19288217993084422
338,common_DL,1,-0.5202027825756633,-1.0069690724176616,-0.033436492733665,-0.39886476834946183
338,common_DL,2,-0.3760282545160295,-0.8232235083572403,0.07116699932518139,-0.8222646323756881
338,common_DL,3,-1.5653001221685856,-1.9593775621803753,-1.171222682156796,-1.1613357885901996
338,common_DL,4,-0.4956938207906615,-0.9580137168045817,-0.033373924776741226,-0.42332645202340813
338,common_DL,5,0.5309334789693296,0.08467658616903312,0.9771903717696262,0.679530639913765
338,comp_specific,1,-0.49319383687778723,-0.7139457228938494,-0.27244195086172507,-0.39886476834946183
338,comp_specific,2,-0.44608800087439276,-0.9980597732781971,0.10588377152941159,-0.8222646323756881
338,comp_specific,3,-1.6837197502395123,-2.1359803150832537,-1.2314591853957708,-1.1613357885901996
338,comp_specific,4,-0.5433181583942244,-0.9499306344311881,-0.13670568235726066,-0.42332645202340813
338,comp_specific,5,0.5754751327551213,0.2475008235143239,0.9034494419959187,0.679530639913765
338,adaptshrink,1,-0.5081391126022337,-0.8983553897340097,-0.11792283547045757,-0.39886476834946183
338,adaptshrink,2,-0.4190421633757503,-0.9246109440086479,0.08652661725714728,-0.8222646323756881
338,adaptshrink,3,-1.6286802376696896,-2.067465043603722,-1.1898954317356571,-1.1613357885901996
338,adaptshrink,4,-0.5267534303357397,-0.9708884379710003,-0.08261842270047914,-0.42332645202340813
338,adaptshrink,5,0.5496388199076223,0.15891548767843128,0.9403621521368133,0.679530639913765
339,common_DL,1,-0.03487753313375719,-0.35169828545826765,0.28194321919075327,-0.08619324967269634
339,common_DL,2,0.6574599352859163,0.33337760735409777,0.9815422632177349,0.513458575611117
339,common_DL,3,-0.7580267021520716,-1.0397999870892545,-0.47625341721488873,-0.8349774092553929
339,common_DL,4,-1.090224773767277,-1.4732339673865127,-0.7072155801480413,-0.7325218460649628
339,common_DL,5,-0.36483309634444216,-0.6215190547436779,-0.10814713794520647,-0.5120227798608339
339,comp_specific,1,-0.0212094356264666,-0.2977626425881977,0.2553437713352645,-0.08619324967269634
339,comp_specific,2,0.6604409180964135,0.24450745418217112,1.076374382010656,0.513458575611117
339,comp_specific,3,-0.7406152560882127,-0.9716209255332805,-0.5096095866431448,-0.8349774092553929
339,comp_specific,4,-1.0034559015600746,-1.4898270999558654,-0.5170847031642838,-0.7325218460649628
339,comp_specific,5,-0.3165949170400145,-0.5438941927414784,-0.08929564133855061,-0.5120227798608339
339,adaptshrink,1,-0.02761615993628347,-0.32471437128887304,0.2694820514163061,-0.08619324967269634
339,adaptshrink,2,0.6555175931673063,0.2805326689648259,1.0305025173697866,0.513458575611117
339,adaptshrink,3,-0.7487644732915358,-1.0054187794238914,-0.49211016715918043,-0.8349774092553929
339,adaptshrink,4,-1.0444758440826827,-1.4765171703093671,-0.6124345178559982,-0.7325218460649628
339,adaptshrink,5,-0.33937231580731697,-0.581182735140523,-0.09756189647411098,-0.5120227798608339
340,common_DL,1,-0.8225175154504645,-1.147561245554857,-0.4974737853460721,-0.5981911289978306
340,common_DL,2,0.0677264582577323,-0.18488055703931297,0.3203334735547776,0.06804878547606436
340,common_DL,3,0.36669575266419524,-0.03923220178595732,0.7726237071143478,0.5004042207748404
340,common_DL,4,0.4546838121442531,0.22347109104617344,0.6858965332423327,0.8575012433048965
340,common_DL,5,0.14727972836919032,-0.16235164774146751,0.4569111044798482,0.16937043103517493
340,comp_specific,1,-0.8137987468130429,-1.1263871644766066,-0.5012103291494792,-0.5981911289978306
340,comp_specific,2,0.07390358349284501,-0.1176445258516346,0.2654516928373246,0.06804878547606436
340,comp_specific,3,0.342235728463965,-0.11233104859000964,0.7968025055179396,0.5004042207748404
340,comp_specific,4,0.39846115251738795,0.12173843221286873,0.6751838728219072,0.8575012433048965
340,comp_specific,5,0.15463555479676255,-0.2954236652283582,0.6046947748218834,0.16937043103517493
340,adaptshrink,1,-0.8162103816919941,-1.1373214070222217,-0.4950993563617666,-0.5981911289978306
340,adaptshrink,2,0.0703804618961286,-0.15167063640909767,0.29243156020135486,0.06804878547606436
340,adaptshrink,3,0.3604874451302173,-0.06838072286500735,0.789355613125442,0.5004042207748404
340,adaptshrink,4,0.432818876976804,0.17325290952874633,0.6923848444248617,0.8575012433048965
340,adaptshrink,5,0.12480159059021154,-0.25275731669824186,0.5023604978786649,0.16937043103517493
341,common_DL,1,0.40693239326935343,0.13317293275252257,0.6806918537861844,0.16164700186560063
341,common_DL,2,0.5193031656208298,0.1980756340801596,0.8405306971615,0.6195496019093228
341,common_DL,3,0.46237328069397643,0.20135341819797464,0.7233931431899783,0.3893600992791502
341,common_DL,4,-0.19623935463269188,-0.533243253350296,0.14076454408491218,-0.12207071500822841
341,common_DL,5,-0.02907973919362533,-0.3498211502607509,0.29166167187350023,-0.09100707244916863
341,comp_specific,1,0.3860036439791733,0.22503844419482133,0.5469688437635253,0.16164700186560063
341,comp_specific,2,0.48610687442480044,-0.05700843820618534,1.0292221870557863,0.6195496019093228
341,comp_specific,3,0.3972190784281278,0.11533911689596771,0.6790990399602879,0.3893600992791502
341,comp_specific,4,-0.14501275267497016,-0.323910647825421,0.03388514247548072,-0.12207071500822841
341,comp_specific,5,-0.05464158915347489,-0.31965755495544884,0.21037437664849906,-0.09100707244916863
341,adaptshrink,1,0.39847006776989685,0.16793372663448383,0.6290064089053099,0.16164700186560063
341,adaptshrink,2,0.5301547909723446,0.1048749052937008,0.9554346766509885,0.6195496019093228
341,adaptshrink,3,0.43852672958653294,0.16760306910132944,0.7094503900717364,0.3893600992791502
341,adaptshrink,4,-0.18390612633326808,-0.4759337678735099,0.10812151520697372,-0.12207071500822841
341,adaptshrink,5,-0.04124756382956815,-0.3381572158444527,0.2556620881853163,-0.09100707244916863
342,common_DL,1,0.0662366667303877,-0.2994494059562893,0.4319227394170647,-0.1013315637370984
342,common_DL,2,0.825915487818607,0.40084622144156024,1.2509847541956538,0.9710883717441267
342,common_DL,3,-0.08547423091881506,-0.5950427605553152,0.42409429871768506,-0.20935407915318613
342,common_DL,4,0.767145385998883,0.421094689435086,1.11319608256268,0.44685861860472215
342,common_DL,5,0.6283340843284166,0.2704802058252264,0.9861879628316068,0.6586168000707849
342,comp_specific,1,0.007380473952661837,-0.3458497672643604,0.36061071516968407,-0.1013315637370984
342,comp_specific,2,0.8130763621066732,0.44414136253618836,1.1820113616771581,0.9710883717441267
342,comp_specific,3,-0.0805454996061073,-0.597434556505887,0.4363435572936724,-0.20935407915318613
342,comp_specific,4,0.7515792493693115,0.3433472137761929,1.15981128496243,0.44685861860472215
342,comp_specific,5,0.6019936573047664,0.2309688925595515,0.9730184220499813,0.6586168000707849
342,adaptshrink,1,0.05088870748300889,-0.3013623321966286,0.4031397471626464,-0.1013315637370984
342,adaptshrink,2,0.815676747648602,0.4211379944141826,1.2102155008830213,0.9710883717441267
342,adaptshrink,3,-0.08304040055819961,-0.6074869367707728,0.4414061356543736,-0.20935407915318613
342,adaptshrink,4,0.7566985269352449,0.3665127864573784,1.1468842674131112,0.44685861860472215
342,adaptshrink,5,0.6128892791477345,0.24226404812839236,0.9835145101670766,0.6586168000707849
343,common_DL,1,0.8197934372858513,0.513914800942687,1.1256720736290156,0.8073540960095998
343,common_DL,2,0.3766253370745657,0.0459865553717127,0.7072641187774187,0.17590916485167934
343,common_DL,3,-0.46111947265042136,-0.8123275016125346,-0.10991144368830813,-0.5403145095483415
343,common_DL,4,-0.39005755545186427,-0.7629239821784348,-0.017191128725293714,-0.4678033920610934
343,common_DL,5,-0.8554002739769339,-1.2172623385134724,-0.49353820944039534,-0.34336793140405497
343,comp_specific,1,0.7893224427760762,0.6144606705726381,0.9641842149795143,0.8073540960095998
343,comp_specific,2,0.2770265700229352,-0.08038512307900542,0.6344382631248757,0.17590916485167934
343,comp_specific,3,-0.45283643899291726,-0.6604888514067616,-0.2451840265790729,-0.5403145095483415
343,comp_specific,4,-0.5009260355866604,-1.0010069099584213,-0.0008451612148994148,-0.4678033920610934
343,comp_specific,5,-0.62802327660554,-1.1454286272090444,-0.11061792600203568,-0.34336793140405497
343,adaptshrink,1,0.8025450233832181,0.5524270709339112,1.052662975832525,0.8073540960095998
343,adaptshrink,2,0.31599159448940206,-0.039910332352118716,0.6718935213309228,0.17590916485167934
343,adaptshrink,3,-0.4597961258902241,-0.7505865665305569,-0.16900568524989135,-0.5403145095483415
343,adaptshrink,4,-0.47155993387392703,-0.9187294702447855,-0.02439039750306865,-0.4678033920610934
343,adaptshrink,5,-0.7311902539897839,-1.174130252261913,-0.2882502557176548,-0.34336793140405497
344,common_DL,1,0.3087691852625192,-0.07547327662770736,0.6930116471527457,0.26593496346234213
344,common_DL,2,-0.13898811309859294,-0.48586942793453575,0.20789320173734988,-0.4118098549979778
344,common_DL,3,-0.5791186800368937,-1.0108459786020152,-0.14739138147177228,-0.4536371850872594
344,common_DL,4,1.5092296414586115,1.2301652805622232,1.7882940023549998,1.4521385708649197
344,common_DL,5,0.7131615137909308,0.4164454025318063,1.0098776250500554,0.595218763035006
344,comp_specific,1,0.3070215261930018,-0.08102917618929806,0.6950722285753017,0.26593496346234213
344,comp_specific,2,-0.25108165779118946,-0.8192608277261992,0.31709751214382026,-0.4118098549979778
344,comp_specific,3,-0.6236599268170371,-1.1494150104654337,-0.09790484316864057,-0.4536371850872594
344,comp_specific,4,1.5325473423435407,1.1482786835030092,1.9168160011840722,1.4521385708649197
344,comp_specific,5,0.6661917243257238,0.42741378251128603,0.9049696661401616,0.595218763035006
344,adaptshrink,1,0.30769314265651804,-0.07799692586776136,0.6933832111807974,0.26593496346234213
344,adaptshrink,2,-0.21703876627350166,-0.6735738187605067,0.23949628621350333,-0.4118098549979778
344,adaptshrink,3,-0.5924043402858671,-1.0572357367348162,-0.12757294383691792,-0.4536371850872594
344,adaptshrink,4,1.4973592974383938,1.1549680624619532,1.8397505324148344,1.4521385708649197
344,adaptshrink,5,0.6939481200466637,0.42090534765036414,0.9669908924429633,0.595218763035006
345,common_DL,1,0.6809748293529034,0.3609476487003921,1.0010020100054149,0.6147972523597742
345,common_DL,2,0.13813265313590334,-0.16404247694717694,0.4403077832189836,0.156813074783039
345,common_DL,3,-0.3317144394816578,-0.6652775680904277,0.001848689127112113,-0.3011744787661078
345,common_DL,4,0.4504342450342381,0.18793411825453354,0.7129343718139427,0.5163154354587728
345,common_DL,5,0.35847593503688424,0.015371748677829256,0.7015801213959392,0.23828513081734579
345,comp_specific,1,0.6289605436270407,0.32843820085826064,0.9294828863958207,0.6147972523597742
345,comp_specific,2,0.14147070848580154,-0.21570438451777954,0.49864580148938265,0.156813074783039
345,comp_specific,3,-0.31314113411100025,-0.5832631747053421,-0.0430190935166585,-0.3011744787661078
345,comp_specific,4,0.4319979485528245,0.1300105732789723,0.7339853238266767,0.5163154354587728
345,comp_specific,5,0.22872944891667887,-0.09766501364425792,0.5551239114776156,0.23828513081734579
345,adaptshrink,1,0.6625716551406908,0.3487994639543752,0.9763438463270064,0.6147972523597742
345,adaptshrink,2,0.13413007535407515,-0.1861946526717392,0.4544548033798895,0.156813074783039
345,adaptshrink,3,-0.3257459408537305,-0.6341570738421274,-0.017334807865333535,-0.3011744787661078
345,adaptshrink,4,0.44087726954945106,0.15826954397299575,0.7234849951259064,0.5163154354587728
345,adaptshrink,5,0.31742460125049543,-0.025210257278919956,0.6600594597799108,0.23828513081734579
346,common_DL,1,-0.6165470513681015,-1.0988942922160303,-0.1341998105201727,-0.7261400925120614
346,common_DL,2,-0.17015572219209293,-0.6200771036672716,0.27976565928308583,-0.10117410919851975
346,common_DL,3,-0.5973662734758067,-0.9292224454783773,-0.2655101014732361,-0.7142990068117814
346,common_DL,4,0.6054050545290486,0.12394909751102828,1.086861011547069,0.6363533439921752
346,common_DL,5,0.440515435842145,-0.008713386406913826,0.8897442580912038,0.5154057123481877
346,comp_specific,1,-0.7023196191679081,-1.060109285267853,-0.34452995306796297,-0.7261400925120614
346,comp_specific,2,-0.17340939447331194,-0.5736328059657632,0.22681401701913934,-0.10117410919851975
346,comp_specific,3,-0.5816016230107308,-0.8066707510128336,-0.35653249500862805,-0.7142990068117814
346,comp_specific,4,0.7906561373393445,0.05414095345931602,1.527171321219373,0.6363533439921752
346,comp_specific,5,0.5230213373791056,0.2935019639559773,0.752540710802234,0.5154057123481877
346,adaptshrink,1,-0.6511458563467106,-1.0833346090863205,-0.21895710360710074,-0.7261400925120614
346,adaptshrink,2,-0.16485974200574194,-0.5889368607434058,0.25921737673192197,-0.10117410919851975
346,adaptshrink,3,-0.5907876229221246,-0.8803667004713893,-0.30120854537285996,-0.7142990068117814
346,adaptshrink,4,0.7498798846340802,0.13567084283334807,1.3640889264348122,0.6363533439921752
346,adaptshrink,5,0.46240804935357643,0.09383859926595128,0.8309774994412016,0.5154057123481877
347,common_DL,1,-1.246788153911769,-1.555377646752832,-0.9381986610707058,-1.1925944319044464
347,common_DL,2,0.669294943581968,0.3991314475968288,0.9394584395671071,0.6325063452299049
347,common_DL,3,-0.11967282994726167,-0.45808174681271163,0.21873608691818827,0.05127525533320267
347,common_DL,4,0.5495183070571386,0.11331485117215717,0.98572176294212,0.40453163414609206
347,common_DL,5,-0.3308837268764062,-0.6162855941113339,-0.045481859641478606,-0.39480025465752083
347,comp_specific,1,-1.3537722083690875,-1.5695507917223213,-1.1379936250158538,-1.1925944319044464
347,comp_specific,2,0.7027257409006739,0.3615811812932292,1.0438703005081185,0.6325063452299049
347,comp_specific,3,-0.09138626425907122,-0.39125427326057716,0.20848174474243475,0.05127525533320267
347,comp_specific,4,0.6377950888804675,0.0593999847300446,1.2161901930308905,0.40453163414609206
347,comp_specific,5,-0.3831186782407278,-0.6022432316092063,-0.16399412487224924,-0.39480025465752083
347,adaptshrink,1,-1.2922741867647338,-1.5683980420584338,-1.0161503314710338,-1.1925944319044464
347,adaptshrink,2,0.6657300617800928,0.3613722734108882,0.9700878501492973,0.6325063452299049
347,adaptshrink,3,-0.11206460318792347,-0.434584479497268,0.210455273121421,0.05127525533320267
347,adaptshrink,4,0.5857839054484337,0.09351022236247974,1.0780575885343877,0.40453163414609206
347,adaptshrink,5,-0.34540663753468437,-0.6011462596556085,-0.08966701541376021,-0.39480025465752083
348,common_DL,1,0.3562248236001434,0.0328685953197394,0.6795810518805474,0.3849625492937324
348,common_DL,2,0.724790247967936,0.33351798582186937,1.1160625101140027,0.15789146828627645
348,common_DL,3,-0.7219230764404586,-1.1044143412331535,-0.3394318116477638,-0.4454374498043636
348,common_DL,4,0.30125121529059007,-0.14435295072501664,0.7468553813061968,0.21948499487055542
348,common_DL,5,0.4105106805838226,0.008998329240496206,0.8120230319271491,0.387990208714288
348,comp_specific,1,0.3957705438928839,0.1870169928589517,0.6045240949268161,0.3849625492937324
348,comp_specific,2,0.662767493092146,0.018574212897763176,1.3069607732865287,0.15789146828627645
348,comp_specific,3,-0.6912055382225027,-1.0479526510437691,-0.33445842540123627,-0.4454374498043636
348,comp_specific,4,0.26863026902487674,-0.0010017681196725636,0.538262306169426,0.21948499487055542
348,comp_specific,5,0.41492665868940026,0.053243388898516264,0.7766099284802843,0.387990208714288
348,adaptshrink,1,0.37116974703966776,0.1006782524899193,0.6416612415894163,0.3849625492937324
348,adaptshrink,2,0.6873715429103342,0.1631348512007027,1.2116082346199657,0.15789146828627645
348,adaptshrink,3,-0.7074297015832418,-1.0848923633109313,-0.3299670398555523,-0.4454374498043636
348,adaptshrink,4,0.2929176582810247,-0.0988462033746102,0.6846815199366596,0.21948499487055542
348,adaptshrink,5,0.412332543602271,0.0299959356807753,0.7946691515237667,0.387990208714288
349,common_DL,1,-1.0240093736351723,-1.32372615541429,-0.7242925918560545,-0.9940586702787155
349,common_DL,2,0.002617963996980735,-0.3012739008313259,0.3065098288252873,0.2861564308503638
349,common_DL,3,0.978630427729999,0.7072052238585413,1.2500556316014566,0.7849342723240756
349,common_DL,4,-0.043383629410849917,-0.4735691302159142,0.3868018713942143,0.10349098393524567
349,common_DL,5,0.3042819647574987,-0.05548691693113811,0.6640508464461354,0.13654460013983066
349,comp_specific,1,-1.0484947054556724,-1.2434768451769993,-0.8535125657343453,-0.9940586702787155
349,comp_specific,2,0.11194965403776086,-0.3387294798406612,0.5626287879161829,0.2861564308503638
349,comp_specific,3,0.9090260160898063,0.6692397734809612,1.1488122586986513,0.7849342723240756
349,comp_specific,4,-0.20046166547279726,-0.798978106477201,0.39805477553160645,0.10349098393524567
349,comp_specific,5,0.33601289706159226,0.07254436025627575,0.5994814338669088,0.13654460013983066
349,adaptshrink,1,-1.0392491899939118,-1.2965069807938479,-0.7819913991939758,-0.9940586702787155
349,adaptshrink,2,0.02553386439874162,-0.34424431162326413,0.39531204042074736,0.2861564308503638
349,adaptshrink,3,0.9438356658200323,0.6921617900974695,1.1955095415425951,0.7849342723240756
349,adaptshrink,4,-0.13154992826846953,-0.6414320426173705,0.3783321860804314,0.10349098393524567
349,adaptshrink,5,0.30836946441603885,-0.015127548663740775,0.6318664774958185,0.13654460013983066
350,common_DL,1,0.6089460006873372,0.31489665494368396,0.9029953464309903,0.40427197873910015
350,common_DL,2,-1.235245266954793,-1.5399751329179159,-0.9305154009916703,-0.6917559481970665
350,common_DL,3,-0.1777397414333557,-0.4678787626754462,0.11239927980873482,-0.17810251307947952
350,common_DL,4,-0.5798442451061742,-0.8223804905339653,-0.33730799967838293,-0.7963932284766628
350,common_DL,5,0.8170168341769768,0.3509424143249807,1.283091254028973,0.4937609427821827
350,comp_specific,1,0.6064598033072985,0.37168335481469195,0.8412362517999051,0.40427197873910015
350,comp_specific,2,-1.252949078492676,-1.4637493554104921,-1.04214880157486,-0.6917559481970665
350,comp_specific,3,-0.15865847696133423,-0.4576800249128026,0.14036307099013412,-0.17810251307947952
350,comp_specific,4,-0.49140368938968054,-0.8272425391938338,-0.15556483958552725,-0.7963932284766628
350,comp_specific,5,0.8172781669792599,0.3667873213882006,1.2677690125703194,0.4937609427821827
350,adaptshrink,1,0.6077928448221673,0.3405420710765129,0.8750436185678218,0.40427197873910015
350,adaptshrink,2,-1.2402049098140933,-1.5180658624829046,-0.9623439571452818,-0.6917559481970665
350,adaptshrink,3,-0.16325725805067817,-0.46183716029130273,0.1353226441899464,-0.17810251307947952
350,adaptshrink,4,-0.5170013012299147,-0.8251142627821996,-0.20888833967762988,-0.7963932284766628
350,adaptshrink,5,0.819330237689824,0.3590244252559055,1.2796360501237425,0.4937609427821827
351,common_DL,1,-0.447354587285269,-0.9674339028773336,0.07272472830679555,-0.5039200698186396
351,common_DL,2,-1.0025432477190768,-1.4469954736459025,-0.558091021792251,-0.9268715518892805
351,common_DL,3,-1.5147983242053282,-2.0638386889045046,-0.9657579595061516,-1.6261728748744717
351,common_DL,4,-0.5193913127985411,-0.8640599136759313,-0.1747227119211509,-0.524083475079218
351,common_DL,5,0.16850197029935265,-0.16005649388882326,0.49706043448752857,0.3086927313004581
351,comp_specific,1,-0.42224682009328374,-0.6415194441831769,-0.20297419600339067,-0.5039200698186396
351,comp_specific,2,-0.9829121849221567,-1.4848587319261202,-0.48096563791819313,-0.9268715518892805
351,comp_specific,3,-1.526416626232438,-2.046888030119082,-1.0059452223457939,-1.6261728748744717
351,comp_specific,4,-0.5253346150340712,-0.9172509485800023,-0.13341828148814006,-0.524083475079218
351,comp_specific,5,0.19058153058335525,-0.14391302851337012,0.5250760896800806,0.3086927313004581
351,adaptshrink,1,-0.4528488263523767,-0.9147458451039843,0.009048192399230826,-0.5039200698186396
351,adaptshrink,2,-0.9936133949676476,-1.4697081488847787,-0.5175186410505164,-0.9268715518892805
351,adaptshrink,3,-1.5178832884697362,-2.0606908874902623,-0.97507568944921,-1.6261728748744717
351,adaptshrink,4,-0.5223853262917861,-0.8968281801356224,-0.1479424724479499,-0.524083475079218
351,adaptshrink,5,0.18053909265866996,-0.15241421849820647,0.5134924038155464,0.3086927313004581
352,common_DL,1,-0.2655696861699697,-0.6839239013233089,0.15278452898336953,-0.5206796012966858
352,common_DL,2,-0.43841685449886414,-0.7400464846927284,-0.13678722430499984,-0.435861467801132
352,common_DL,3,0.8174934103849718,0.49001994757840933,1.1449668731915343,0.7241470322447452
352,common_DL,4,0.0497113209111866,-0.2627735327932611,0.36219617461563425,0.03288089120291247
352,common_DL,5,-0.8176361015850007,-1.1842855840172586,-0.45098661915274274,-0.8186208766771279
352,comp_specific,1,-0.39049046083365363,-0.908478892944024,0.12749797127671664,-0.5206796012966858
352,comp_specific,2,-0.485893073130777,-0.8294670604067164,-0.14231908585483766,-0.435861467801132
352,comp_specific,3,0.8311085801466097,0.4882713938673224,1.173945766425897,0.7241470322447452
352,comp_specific,4,-0.0010225839332775322,-0.27048227923578133,0.26843711136922627,0.03288089120291247
352,comp_specific,5,-0.8015913050046661,-1.1012154205782754,-0.5019671894310569,-0.8186208766771279
352,adaptshrink,1,-0.3067422713975778,-0.757471620351944,0.14398707755678847,-0.5206796012966858
352,adaptshrink,2,-0.4629085878000049,-0.7909130403936787,-0.13490413520633104,-0.435861467801132
352,adaptshrink,3,0.8182902391968742,0.486154692623723,1.1504257857700253,0.7241470322447452
352,adaptshrink,4,0.02314921890882357,-0.27142802693067913,0.3177264647483262,0.03288089120291247
352,adaptshrink,5,-0.8101792857174377,-1.1425188937077657,-0.4778396777271096,-0.8186208766771279
353,common_DL,1,1.124048320291183,0.6519797501365087,1.5961168904458574,0.6993382842532974
353,common_DL,2,-0.5868896845316869,-0.9460232867470793,-0.22775608231629457,-0.6651423784418246
353,common_DL,3,0.689009778392548,0.21690386658410687,1.161115690200989,0.7468775343816731
353,common_DL,4,0.5662152404823824,0.21847447651173102,0.9139560044530337,0.5848411543793849
353,common_DL,5,0.47411364950373824,0.009061852782342894,0.9391654462251335,0.4105225127196683
353,comp_specific,1,1.1390831897692744,0.6635017008929072,1.6146646786456416,0.6993382842532974
353,comp_specific,2,-0.5046284616513144,-0.9347976870541927,-0.07445923624843592,-0.6651423784418246
353,comp_specific,3,0.6797501655171229,0.24662602093628572,1.11287431009796,0.7468775343816731
353,comp_specific,4,0.43586339422864095,0.07295565999131848,0.7987711284659634,0.5848411543793849
353,comp_specific,5,0.5144939841909676,0.12125528994522561,0.9077326784367096,0.4105225127196683
353,adaptshrink,1,1.1312955360963457,0.6570176610619958,1.6055734111306956,0.6993382842532974
353,adaptshrink,2,-0.5454692737172789,-0.9425181232364204,-0.14842042419813756,-0.6651423784418246
353,adaptshrink,3,0.6808494677795212,0.22535457551735383,1.1363443600416885,0.7468775343816731
353,adaptshrink,4,0.4858955783003508,0.127886003965561,0.8439051526351407,0.5848411543793849
353,adaptshrink,5,0.49254297316498136,0.05421498762518917,0.9308709587047735,0.4105225127196683
354,common_DL,1,1.1619137769212247,0.7268484511869924,1.596979102655457,0.992415975275154
354,common_DL,2,-0.11061079743512366,-0.46866672980391577,0.2474451349336685,0.12416566282325212
354,common_DL,3,-0.07125542005882148,-0.4723318946289944,0.32982105451135146,-0.31439283264228995
354,common_DL,4,0.1426247691779839,-0.28748020032665506,0.5727297386826229,-0.05611409972230167
354,common_DL,5,-0.4308334782975038,-0.8554995834486444,-0.006167373146363175,-0.50733316988083
354,comp_specific,1,1.0021904650635702,0.6384576817268253,1.3659232484003152,0.992415975275154
354,comp_specific,2,-0.25562946046485596,-0.732958359481408,0.22169943855169605,0.12416566282325212
354,comp_specific,3,-0.09877669123146479,-0.47625213791730214,0.2786987554543725,-0.31439283264228995
354,comp_specific,4,0.14584912732852326,-0.2695152873282236,0.5612135419852702,-0.05611409972230167
354,comp_specific,5,-0.443797115709561,-0.8364540367349527,-0.05114019468416936,-0.50733316988083
354,adaptshrink,1,1.0856419833534956,0.6477664807686282,1.523517485938363,0.992415975275154
354,adaptshrink,2,-0.18629530941320593,-0.6180422019700749,0.245451583143663,0.12416566282325212
354,adaptshrink,3,-0.08740956272799748,-0.48339238151227026,0.3085732560562753,-0.31439283264228995
354,adaptshrink,4,0.14397794306929373,-0.27870405741909676,0.5666599435576842,-0.05611409972230167
354,adaptshrink,5,-0.4386223764681603,-0.8480913836561508,-0.029153369280169872,-0.50733316988083
355,common_DL,1,-0.6115942301893977,-0.8143828046815235,-0.408805655697272,-0.642015358765476
355,common_DL,2,-0.14412070685041695,-0.6136920836721348,0.3254506699713009,-0.33143631174584626
355,common_DL,3,-0.9651842934407624,-1.252350877642946,-0.6780177092385788,-0.5955044183219662
355,common_DL,4,0.6738557310676789,0.31173313243858375,1.0359783296967742,0.13801290630391203
355,common_DL,5,0.8828787831040834,0.6754755625069324,1.0902820037012344,0.8185105161737859
355,comp_specific,1,-0.6771096892458133,-0.9239460597815844,-0.43027331871004215,-0.642015358765476
355,comp_specific,2,-0.3068782443806645,-1.0925460616131673,0.47878957285183826,-0.33143631174584626
355,comp_specific,3,-0.9942514399103508,-1.2981138153619953,-0.6903890644587063,-0.5955044183219662
355,comp_specific,4,0.6702730190132358,0.3489070284815604,0.9916390095449111,0.13801290630391203
355,comp_specific,5,0.9903083700716284,0.7524627611189296,1.2281539790243272,0.8185105161737859
355,adaptshrink,1,-0.6478526819742381,-0.8687216495813983,-0.4269837143670778,-0.642015358765476
355,adaptshrink,2,-0.21302225517391882,-0.7956735391865639,0.3696290288387263,-0.33143631174584626
355,adaptshrink,3,-0.9793540511487758,-1.2647975594807404,-0.6939105428168113,-0.5955044183219662
355,adaptshrink,4,0.6728747355214432,0.32372124061228785,1.0220282304305985,0.13801290630391203
355,adaptshrink,5,0.938758738975412,0.7133271702412348,1.1641903077095892,0.8185105161737859
356,common_DL,1,0.20717037598889296,-0.1311742629873042,0.5455150149650901,0.21969542598142522
356,common_DL,2,-0.19744582165954883,-0.624254084445756,0.22936244112665838,-0.22342550413524512
356,common_DL,3,0.3625503650539007,0.08150913619647299,0.6435915939113284,0.4324130610448703
356,common_DL,4,1.1958489460094341,0.8993807322652436,1.4923171597536247,1.0942658972612014
356,common_DL,5,-0.15172851013469701,-0.4511712225416759,0.14771420227228188,-0.2626724734291248
356,comp_specific,1,0.23540358995081437,0.020659320261901565,0.45014785963972714,0.21969542598142522
356,comp_specific,2,-0.06661459924123997,-0.586224780100483,0.45299558161800296,-0.22342550413524512
356,comp_specific,3,0.31560983862807934,0.14887676599634408,0.4823429112598146,0.4324130610448703
356,comp_specific,4,1.1956832964659019,0.7680571741060181,1.6233094188257855,1.0942658972612014
356,comp_specific,5,-0.1037482305118344,-0.3275875656916166,0.12009110466794781,-0.2626724734291248
356,adaptshrink,1,0.2136946328163013,-0.07649021161421671,0.5038794772468194,0.21969542598142522
356,adaptshrink,2,-0.10813784912486712,-0.5757260369854481,0.35945033873571386,-0.22342550413524512
356,adaptshrink,3,0.34724717529022375,0.11877936790964624,0.5757149826708012,0.4324130610448703
356,adaptshrink,4,1.2040968003205115,0.8250296613596461,1.583163939281377,1.0942658972612014
356,adaptshrink,5,-0.12538929621049177,-0.39109115856551263,0.14031256614452908,-0.2626724734291248
357,common_DL,1,0.29513718053679183,-0.04526493601146675,0.6355392970850504,0.12147635877190273
357,common_DL,2,-0.5008104280702417,-0.9678150696009411,-0.033805786539542304,-0.40647476086506
357,common_DL,3,-0.08134081132906139,-0.4756228645174893,0.3129412418593665,-0.12590836567621824
357,common_DL,4,-0.41250090341187146,-0.8452321956659035,0.020230388842160607,0.02778505318197014
357,common_DL,5,0.42211482516413673,-0.005481994309532001,0.8497116446378055,0.2960428135853257
357,comp_specific,1,0.22971550646147448,-0.06833992565933927,0.5277709385822882,0.12147635877190273
357,comp_specific,2,-0.532884884648076,-1.015155338874374,-0.05061443042177821,-0.40647476086506
357,comp_specific,3,-0.0938573808055439,-0.3814775529150281,0.1937627913039403,-0.12590836567621824
357,comp_specific,4,-0.42193498710420313,-0.8069924476482124,-0.03687752656019383,0.02778505318197014
357,comp_specific,5,0.3653025231720165,0.1721115176060254,0.5584935287380076,0.2960428135853257
357,adaptshrink,1,0.2772136607707478,-0.05402753296789725,0.6084548545093929,0.12147635877190273
357,adaptshrink,2,-0.5132184378222397,-0.9871068078851964,-0.03933006775928305,-0.40647476086506
357,adaptshrink,3,-0.08355528393803094,-0.4317661272728852,0.2646555593968233,-0.12590836567621824
357,adaptshrink,4,-0.4171789005088205,-0.8273373805030009,-0.007020420514640191,0.02778505318197014
357,adaptshrink,5,0.4160844987908915,0.05003863785857593,0.782130359723207,0.2960428135853257
358,common_DL,1,-0.46624937291606283,-0.7995403978248027,-0.13295834800732298,-0.278793048889022
358,common_DL,2,-0.2803731151361343,-0.6247388762842796,0.06399264601201099,-0.2894726319816783
358,common_DL,3,-0.0664541430219252,-0.324661887767047,0.1917536017231966,-0.04673715857095636
358,common_DL,4,0.0855980516062298,-0.1922066470527951,0.3634027502652547,-0.06124970132457852
358,common_DL,5,-1.124232713455768,-1.393779240476667,-0.8546861864348689,-1.157760092163185
358,comp_specific,1,-0.4955289736691424,-0.7952552354997933,-0.19580271183849146,-0.278793048889022
358,comp_specific,2,-0.1393730486534998,-0.7636098465829428,0.4848637492759433,-0.2894726319816783
358,comp_specific,3,-0.09773073396203796,-0.28794203940429025,0.09248057148021432,-0.04673715857095636
358,comp_specific,4,0.07082692348326364,-0.14063408980281564,0.28228793676934294,-0.06124970132457852
358,comp_specific,5,-1.1431172448941231,-1.321524503819876,-0.9647099859683703,-1.157760092163185
358,adaptshrink,1,-0.47093146698787225,-0.7846535382730528,-0.1572093957026917,-0.278793048889022
358,adaptshrink,2,-0.15464580451264853,-0.6702801690765863,0.3609885600512892,-0.2894726319816783
358,adaptshrink,3,-0.08483483095388009,-0.30946988077106585,0.1398002188633057,-0.04673715857095636
358,adaptshrink,4,0.08123955025646623,-0.16810320720791705,0.3305823077208495,-0.06124970132457852
358,adaptshrink,5,-1.1291609869417156,-1.3624349059786387,-0.8958870679047924,-1.157760092163185
359,common_DL,1,-0.7072951051015212,-1.194737555761325,-0.21985265444171753,-0.5578970349376497
359,common_DL,2,0.5822466484961473,-0.09673849103231102,1.2612317880246056,0.49357847937952615
359,common_DL,3,0.5431071733448253,-0.020425753275597813,1.1066400999652484,-0.15470698352381757
359,common_DL,4,0.2731840845940888,-0.2528821479818407,0.7992503171700184,0.2598503379621377
359,common_DL,5,-0.6659427000533947,-1.2816198467867466,-0.05026555332004301,-0.4719918227304622
359,comp_specific,1,-0.5794295934024447,-0.7735581572756085,-0.38530102952928097,-0.5578970349376497
359,comp_specific,2,0.5760084170623687,-0.2640478298822594,1.416064664006997,0.49357847937952615
359,comp_specific,3,0.611564269353596,-0.1692146989358857,1.3923432376430775,-0.15470698352381757
359,comp_specific,4,0.14813014402428115,-0.37623379613570673,0.672494084184269,0.2598503379621377
359,comp_specific,5,-0.7092356255136575,-1.1116653199409525,-0.3068059310863625,-0.4719918227304622
359,adaptshrink,1,-0.6724561436263248,-1.064424636580935,-0.28048765067171477,-0.5578970349376497
359,adaptshrink,2,0.5795693386938064,-0.15714214628397993,1.3162808236715928,0.49357847937952615
359,adaptshrink,3,0.6091221563061326,-0.06828088116158093,1.2865251937738462,-0.15470698352381757
359,adaptshrink,4,0.2437897552077934,-0.2814551743559814,0.7690346847715681,0.2598503379621377
359,adaptshrink,5,-0.6917339881602698,-1.2441362154131947,-0.13933176090734478,-0.4719918227304622
360,common_DL,1,-0.17853026820332316,-0.5743857453477881,0.2173252089411418,-0.1014059904575997
360,common_DL,2,0.2495196338394728,-0.013851639312152442,0.5128909069910981,-0.0016708012606969239
360,common_DL,3,-0.027601838458638422,-0.2896477190271147,0.2344440421098379,-0.1380506919697604
360,common_DL,4,-0.09755811281833585,-0.5259295712589513,0.3308133456222797,0.23982233847321877
360,common_DL,5,0.03460837752035138,-0.2977200750196192,0.366936830060322,0.013831315229947745
360,comp_specific,1,-0.17887105673056833,-0.6023337115124546,0.24459159805131794,-0.1014059904575997
360,comp_specific,2,0.24323227739281553,-0.052226380146016466,0.5386909349316475,-0.0016708012606969239
360,comp_specific,3,-0.020556180799368357,-0.1619689121769211,0.1208565505781844,-0.1380506919697604
360,comp_specific,4,0.01466612032980711,-0.5898446569075189,0.619176897567133,0.23982233847321877
360,comp_specific,5,0.12219739016074434,-0.33817585579642684,0.5825706361179155,0.013831315229947745
360,adaptshrink,1,-0.17701268067498838,-0.5839291572776315,0.22990379592765475,-0.1014059904575997
360,adaptshrink,2,0.24727589378240544,-0.03477911167423914,0.52933089923905,-0.0016708012606969239
360,adaptshrink,3,-0.025605915086891775,-0.2320117950276634,0.18079996485387984,-0.1380506919697604
360,adaptshrink,4,-0.019798202504647127,-0.5438298250833585,0.5042334200740642,0.23982233847321877
360,adaptshrink,5,0.08470859847588481,-0.3264065520929078,0.4958237490446774,0.013831315229947745
361,common_DL,1,0.09584691342263854,-0.184003514145596,0.37569734099087304,0.16812118578315585
361,common_DL,2,0.27076238836504884,0.019994071210431896,0.5215307055196658,0.32350994771817987
361,common_DL,3,-0.4209958857434616,-0.6492636560126881,-0.19272811547423502,-0.4555156713441317
361,common_DL,4,-0.2864342363886791,-0.6716303964511248,0.09876192367376652,-0.21102406418055805
361,common_DL,5,-0.09716479694503516,-0.34197743930565827,0.14764784541558792,0.05128058881656697
361,comp_specific,1,0.09642250116344489,-0.1618306241855401,0.3546756265124299,0.16812118578315585
361,comp_specific,2,0.28209922432839085,-0.14995307588624823,0.7141515245430299,0.32350994771817987
361,comp_specific,3,-0.43559515203781596,-0.6228865234443721,-0.24830378063125985,-0.4555156713441317
361,comp_specific,4,-0.2651148224327642,-0.5688630078797168,0.03863336301418835,-0.21102406418055805
361,comp_specific,5,-0.09363798263096058,-0.27766303609605353,0.09038707083413235,0.05128058881656697
361,adaptshrink,1,0.09624232790727588,-0.17432823900972216,0.3668128948242739,0.16812118578315585
361,adaptshrink,2,0.2765351835033005,-0.08515030972623572,0.6382206767328367,0.32350994771817987
361,adaptshrink,3,-0.4278584903280564,-0.6349210012301326,-0.22079597942598017,-0.4555156713441317
361,adaptshrink,4,-0.27798223411442546,-0.6411801579676102,0.08521568973875926,-0.21102406418055805
361,adaptshrink,5,-0.09610820491772674,-0.31770075704703676,0.1254843472115833,0.05128058881656697
362,common_DL,1,0.30765245542770264,0.03385333426212839,0.5814515765932768,0.48017651414031276
362,common_DL,2,0.26323860237681274,-0.07126675153887518,0.5977439562925007,0.3730734447372288
362,common_DL,3,-0.5466221453469766,-0.8249412281909922,-0.268303062502961,-0.5028134054825923
362,common_DL,4,-0.9732561995679707,-1.3253872320743998,-0.6211251670615415,-0.8102677292250742
362,common_DL,5,0.16639049127432332,-0.08622791863509954,0.4190089011837462,0.2255089443783023
362,comp_specific,1,0.3129520646505881,0.0347858733518549,0.5911182559493213,0.48017651414031276
362,comp_specific,2,0.2723873022028741,-0.03983445451502099,0.5846090589207692,0.3730734447372288
362,comp_specific,3,-0.5411931153999587,-0.9236291271833972,-0.1587571036165203,-0.5028134054825923
362,comp_specific,4,-0.9667450006324985,-1.3337791997187698,-0.5997108015462271,-0.8102677292250742
362,comp_specific,5,0.13648757093620983,-0.09781194948883593,0.3707870913612556,0.2255089443783023
362,adaptshrink,1,0.3120688596815558,0.03411391011198961,0.590023809251122,0.48017651414031276
362,adaptshrink,2,0.27078755430339074,-0.0535989946296202,0.5951741032364017,0.3730734447372288
362,adaptshrink,3,-0.5096151933196182,-0.8407382517466564,-0.1784921348925801,-0.5028134054825923
362,adaptshrink,4,-0.962407750172716,-1.3233543835259545,-0.6014611168194774,-0.8102677292250742
362,adaptshrink,5,0.15677448056108573,-0.08505655583411356,0.398605516956285,0.2255089443783023
363,common_DL,1,0.29564420625901255,0.02711417557364948,0.5641742369443756,0.2791979980837567
363,common_DL,2,-0.6632948937575122,-0.9554761322245493,-0.3711136552904751,-0.5022446530041393
363,common_DL,3,-0.9472160387971006,-1.3354935772974115,-0.5589385002967897,-0.6175476095545355
363,common_DL,4,-0.5006028630816112,-0.9050863799190947,-0.09611934624412771,-0.5745297921869833
363,common_DL,5,-0.10016053016728718,-0.4439107893582964,0.24358972902372208,-0.006571262825819615
363,comp_specific,1,0.33297095516467806,0.0754022183034821,0.5905396920258741,0.2791979980837567
363,comp_specific,2,-0.7157335510461855,-1.0629177237817218,-0.3685493783106493,-0.5022446530041393
363,comp_specific,3,-0.9886322226205306,-1.3287515427265366,-0.6485129025145248,-0.6175476095545355
363,comp_specific,4,-0.6352233950450434,-1.1427295563169095,-0.12771723377317723,-0.5745297921869833
363,comp_specific,5,-0.09763091739686297,-0.4153791583609447,0.22011732356721875,-0.006571262825819615
363,adaptshrink,1,0.3097536566001187,0.048459658583288656,0.5710476546169487,0.2791979980837567
363,adaptshrink,2,-0.692458096021489,-1.0109156725733917,-0.37400051946958635,-0.5022446530041393
363,adaptshrink,3,-0.9653717335619958,-1.3354054683321686,-0.595337998791823,-0.6175476095545355
363,adaptshrink,4,-0.573339184760774,-1.0288489663049067,-0.11782940321664126,-0.5745297921869833
363,adaptshrink,5,-0.10068029051029309,-0.43163346546838594,0.23027288444779975,-0.006571262825819615
364,common_DL,1,0.167949820084099,-0.23461560226215436,0.5705152424303523,0.03973928351341031
364,common_DL,2,0.02314739830776505,-0.2787658057301674,0.32506060234569745,-0.354226308376703
364,common_DL,3,-0.12618190072935279,-0.3674423723740513,0.11507857091534573,-0.05498129890909556
364,common_DL,4,1.0488401462177634,0.7285101036925692,1.3691701887429577,0.7827061126004428
364,common_DL,5,0.09249083112902483,-0.206922905676295,0.3919045679343447,0.11107405813196118
364,comp_specific,1,0.1437884711287305,-0.26693112551829024,0.5545080677757512,0.03973928351341031
364,comp_specific,2,-0.061375447428249574,-0.445951820516162,0.32320092565966285,-0.354226308376703
364,comp_specific,3,-0.1399419332932072,-0.33895611599263376,0.05907224940621936,-0.05498129890909556
364,comp_specific,4,1.0708076865030098,0.808558734475231,1.3330566385307887,0.7827061126004428
364,comp_specific,5,0.0357247349921605,-0.23367206331103285,0.30512153329535385,0.11107405813196118
364,adaptshrink,1,0.15403596133169328,-0.2577029995452161,0.5657749222086026,0.03973928351341031
364,adaptshrink,2,-0.02337905056461917,-0.3778731126215036,0.3311150114922652,-0.354226308376703
364,adaptshrink,3,-0.1333162454809051,-0.3528084415979486,0.08617595063613842,-0.05498129890909556
364,adaptshrink,4,1.0550825799450054,0.752480836038063,1.3576843238519478,0.7827061126004428
364,adaptshrink,5,0.06249945692650746,-0.2229533014894197,0.3479522153424346,0.11107405813196118
365,common_DL,1,0.9947622028299287,0.7715748720107461,1.2179495336491113,1.0938862263177516
365,common_DL,2,0.5310080476946096,0.19681096203389903,0.8652051333553202,0.8748334340240101
365,common_DL,3,-0.26341420893589146,-0.5124359734122904,-0.014392444459492504,-0.37818926395012303
365,common_DL,4,-1.2609585425552003,-1.4444736255184132,-1.0774434595919875,-1.1254067870964233
365,common_DL,5,0.21294584935265048,-0.13240143302857127,0.5582931317338722,0.4226860379728588
365,comp_specific,1,1.1062957894505394,0.9432165713399074,1.2693750075611714,1.0938862263177516
365,comp_specific,2,0.5461627762114984,0.14481653095045355,0.9475090214725433,0.8748334340240101
365,comp_specific,3,-0.29044150246343137,-0.5425263311067116,-0.03835667382015118,-0.37818926395012303
365,comp_specific,4,-1.2769781570608227,-1.433888292350355,-1.1200680217712904,-1.1254067870964233
365,comp_specific,5,0.3142597494591427,0.009175873800822854,0.6193436251174625,0.4226860379728588
365,adaptshrink,1,1.058450158154535,0.8655079552691818,1.251392361039888,1.0938862263177516
365,adaptshrink,2,0.5371230552692291,0.17162312263560076,0.9026229879028574,0.8748334340240101
365,adaptshrink,3,-0.2823459388675012,-0.5263452268561822,-0.03834665087882014,-0.37818926395012303
365,adaptshrink,4,-1.2693473648708835,-1.4354037215664495,-1.1032910081753176,-1.1254067870964233
365,adaptshrink,5,0.255893081803505,-0.07680505413220579,0.5885912177392159,0.4226860379728588
366,common_DL,1,0.6327191745828428,0.3737223245568566,0.8917160246088289,0.4769383744428494
366,common_DL,2,-0.7461711569794637,-1.0823843926115164,-0.40995792134741094,-0.4363141263982794
366,common_DL,3,0.5524817577751975,0.035553083625268656,1.0694104319251263,0.487351294958548
366,common_DL,4,0.09955263864611763,-0.3560756339763525,0.5551809112685877,-0.019799278763131214
366,common_DL,5,-0.14164945031884255,-0.47682658521062493,0.19352768457293987,-0.17478792452505568
366,comp_specific,1,0.5385295202303717,0.29800912314404104,0.7790499173167024,0.4769383744428494
366,comp_specific,2,-0.7235276838288898,-1.149628651380544,-0.2974267162772354,-0.4363141263982794
366,comp_specific,3,0.5389398942110085,-0.025769299267878965,1.1036490876898961,0.487351294958548
366,comp_specific,4,0.09159490387977609,-0.6252607187061703,0.8084505264657225,-0.019799278763131214
366,comp_specific,5,-0.15104357263305124,-0.31774177210066357,0.01565462683456109,-0.17478792452505568
366,adaptshrink,1,0.5737253120410969,0.3224869855022834,0.8249636385799104,0.4769383744428494
366,adaptshrink,2,-0.723360125288588,-1.1103999567260143,-0.3363202938511615,-0.4363141263982794
366,adaptshrink,3,0.5510717667657037,0.016681550341614892,1.0854619831897925,0.487351294958548
366,adaptshrink,4,0.0903377852370682,-0.4702057539540631,0.6508813244281995,-0.019799278763131214
366,adaptshrink,5,-0.1415567738424655,-0.4232600658606646,0.1401465181757336,-0.17478792452505568
367,common_DL,1,0.5351211199364405,0.24154966001262868,0.8286925798602524,0.37531057601184786
367,common_DL,2,0.2592472847998245,-0.14530380487876432,0.6637983744784133,0.016024945375908532
367,common_DL,3,0.8859740965657099,0.5733366689373027,1.198611524194117,0.8702625971800898
367,common_DL,4,0.43435719675737905,0.12964112405528633,0.7390732694594717,0.32891652017943157
367,common_DL,5,0.42036836827373936,-0.007797183824602649,0.8485339203720814,0.539771889637501
367,comp_specific,1,0.563693553966962,0.2496789910894096,0.8777081168445143,0.37531057601184786
367,comp_specific,2,0.2710039613714006,-0.05995529301389846,0.6019632157566996,0.016024945375908532
367,comp_specific,3,0.8516299815554662,0.506448037902289,1.1968119252086433,0.8702625971800898
367,comp_specific,4,0.42529107053405985,0.09880145951348168,0.751780681554638,0.32891652017943157
367,comp_specific,5,0.4296099311699574,0.07294341701696311,0.7862764453229516,0.539771889637501
367,adaptshrink,1,0.5440655708027778,0.23322561174339612,0.8549055298621595,0.37531057601184786
367,adaptshrink,2,0.2660043271351185,-0.11829664014155161,0.6503052944117886,0.016024945375908532
367,adaptshrink,3,0.8599557133678506,0.5237283065385057,1.1961831201971955,0.8702625971800898
367,adaptshrink,4,0.4246949696762194,0.0990506832338573,0.7503392561185815,0.32891652017943157
367,adaptshrink,5,0.41980528115460725,0.007637484179004395,0.8319730781302102,0.539771889637501
368,common_DL,1,0.15916739657211448,-0.20806734805076993,0.5264021411949988,0.05808539944448296
368,common_DL,2,0.30869455209532026,-0.07489386172966328,0.6922829659203038,0.6773786404729207
368,common_DL,3,-0.2548118310611629,-0.5267964291202665,0.017172766997940625,-0.2858521484123983
368,common_DL,4,0.5178270019833916,0.20026214509293133,0.8353918588738518,0.6724455368326121
368,common_DL,5,-0.06023266731649332,-0.3425684352354256,0.22210310060243896,0.11096342693869557
368,comp_specific,1,0.15684804007801018,-0.14736943391933616,0.4610655140753565,0.05808539944448296
368,comp_specific,2,0.26650129520103927,-0.1306154789620334,0.6636180693641119,0.6773786404729207
368,comp_specific,3,-0.2692765986865835,-0.4847030887824465,-0.05385010859072045,-0.2858521484123983
368,comp_specific,4,0.533400127035989,0.10736888451192561,0.9594313695600525,0.6724455368326121
368,comp_specific,5,-0.015328229061023296,-0.2509351080585148,0.22027864993646826,0.11096342693869557
368,adaptshrink,1,0.15906782854760604,-0.1790602349655444,0.4971958920607565,0.05808539944448296
368,adaptshrink,2,0.29083375785811105,-0.09716568155573158,0.6788331972719537,0.6773786404729207
368,adaptshrink,3,-0.2574653601376121,-0.5006663185931377,-0.014264401682086564,-0.2858521484123983
368,adaptshrink,4,0.5364996056046083,0.1467916671193219,0.9262075440898947,0.6724455368326121
368,adaptshrink,5,-0.029156458454430878,-0.2901651042144701,0.23185218730560836,0.11096342693869557
369,common_DL,1,-0.08394941221422308,-0.4126740234253142,0.244775198996868,0.04829505763524414
369,common_DL,2,0.07436980735200882,-0.17718454870545736,0.325924163409475,0.13410932464732425
369,common_DL,3,0.8916377237461013,0.46820474552478547,1.315070701967417,0.8218984931806018
369,common_DL,4,0.5528909298723559,0.23416354485870722,0.8716183148860046,0.45604785970672
369,common_DL,5,-0.3235485285991046,-0.5357440044494908,-0.11135305274871843,-0.3053490971549928
369,comp_specific,1,-0.07982491853003298,-0.3464150708114056,0.18676523375133963,0.04829505763524414
369,comp_specific,2,0.059392529755127405,-0.12336894416944308,0.2421540036796979,0.13410932464732425
369,comp_specific,3,0.741613866022738,0.06909689434962207,1.4141308376958541,0.8218984931806018
369,comp_specific,4,0.5362197154700018,0.2049911440744434,0.8674482868655602,0.45604785970672
369,comp_specific,5,-0.36741162857075477,-0.5372589588497135,-0.197564298291796,-0.3053490971549928
369,adaptshrink,1,-0.08329355701165855,-0.3903980688912627,0.22381095486794558,0.04829505763524414
369,adaptshrink,2,0.06310617508431988,-0.15731657219064066,0.28352892235928046,0.13410932464732425
369,adaptshrink,3,0.8000629408554343,0.24655325730824373,1.353572624402625,0.8218984931806018
369,adaptshrink,4,0.5444808767395302,0.21600435769579285,0.8729573957832675,0.45604785970672
369,adaptshrink,5,-0.34542433075071466,-0.5368424113249599,-0.15400625017646946,-0.3053490971549928
370,common_DL,1,0.047957048471748615,-0.10626636658972927,0.2021804635332265,-0.04860217379510644
370,common_DL,2,0.18961635141307806,0.0019559029235051706,0.37727679990265095,0.5029416039440178
370,common_DL,3,0.011225127645497213,-0.16340299712119144,0.18585325241218587,0.06617487128622888
370,common_DL,4,0.7534537006625899,0.5532930534766823,0.9536143478484974,0.9486108146708611
370,common_DL,5,0.7353372430651572,0.5389361669453974,0.9317383191849171,0.7886166785676693
370,comp_specific,1,0.03128388938235688,-0.15714303618863448,0.21971081495334824,-0.04860217379510644
370,comp_specific,2,0.1800338724935972,-0.019221858415574028,0.3792896034027684,0.5029416039440178
370,comp_specific,3,0.012383779568009734,-0.1723709058632569,0.19713846499927637,0.06617487128622888
370,comp_specific,4,0.7938814825833115,0.560893963643875,1.026869001522748,0.9486108146708611
370,comp_specific,5,0.7410554023356675,0.5430109424916055,0.9390998621797294,0.7886166785676693
370,adaptshrink,1,0.04048792245080546,-0.1295079042256385,0.2104837491272494,-0.04860217379510644
370,adaptshrink,2,0.18845579584145028,-0.0009270188583548611,0.37783861054125545,0.5029416039440178
370,adaptshrink,3,0.012475065855442447,-0.1640530947280349,0.18900322643891979,0.06617487128622888
370,adaptshrink,4,0.7792905573959716,0.5592811496241832,0.9992999651677601,0.9486108146708611
370,adaptshrink,5,0.7388611499419994,0.5415344511960029,0.9361878486879959,0.7886166785676693
371,common_DL,1,0.24395964428964634,-0.14039541433937652,0.6283147029186692,0.5021723490726969
371,common_DL,2,0.2080612381980474,-0.19461364293937206,0.6107361193354668,0.17764766026332066
371,common_DL,3,0.10089973652535633,-0.29321214784817123,0.4950116208988839,-0.008633028112211052
371,common_DL,4,0.017946421406505292,-0.4198396936212294,0.45573253643424005,0.09338117710735562
371,common_DL,5,-0.1168164155955163,-0.4679656255671498,0.2343327943761172,-0.05857342983262298
371,comp_specific,1,0.2611860847084248,0.003393862164289718,0.5189783072525599,0.5021723490726969
371,comp_specific,2,0.2255518533519386,0.015719338477578032,0.4353843682262992,0.17764766026332066
371,comp_specific,3,0.061048312198670074,-0.18999088271150083,0.312087507108841,-0.008633028112211052
371,comp_specific,4,-0.07604254003232372,-0.7404410113370925,0.5883559312724451,0.09338117710735562
371,comp_specific,5,-0.17846321178038987,-0.6025018448516171,0.24557542129083726,-0.05857342983262298
371,adaptshrink,1,0.23570338455199685,-0.10473583108370405,0.5761426001876977,0.5021723490726969
371,adaptshrink,2,0.20609015928731422,-0.13808400466573295,0.5502643232403615,0.17764766026332066
371,adaptshrink,3,0.08530156549538324,-0.26733376050178087,0.4379368914925474,-0.008633028112211052
371,adaptshrink,4,-0.047236195241330145,-0.5704726590629934,0.47600026858033306,0.09338117710735562
371,adaptshrink,5,-0.15144039590463687,-0.543826054478827,0.2409452626695533,-0.05857342983262298
372,common_DL,1,-0.9532673108706774,-1.2365848427162882,-0.6699497790250666,-0.9743898490047721
372,common_DL,2,0.2646562481713225,-0.1942569778643617,0.7235694742070067,0.4388140270368241
372,common_DL,3,0.17442550291725767,-0.1427619717037394,0.4916129775382547,-0.07523555869089533
372,common_DL,4,0.611680302632761,0.23875062960346238,0.9846099756620595,0.3411187632553341
372,common_DL,5,-0.09809196677474147,-0.5033429378671308,0.3071590043176478,-0.08580673299091787
372,comp_specific,1,-0.9940510167675523,-1.1546465398167691,-0.8334554937183354,-0.9743898490047721
372,comp_specific,2,0.2021990059697219,-0.5274272823578756,0.9318252942973195,0.4388140270368241
372,comp_specific,3,0.15721374883313183,-0.1879747160959082,0.5024022137621719,-0.07523555869089533
372,comp_specific,4,0.6459236520649574,0.3677860896526921,0.9240612144772227,0.3411187632553341
372,comp_specific,5,-0.1751530009639389,-0.4849640661392166,0.13465806421133883,-0.08580673299091787
372,adaptshrink,1,-0.9746500386509013,-1.2132561109757678,-0.7360439663260347,-0.9743898490047721
372,adaptshrink,2,0.24590528847942628,-0.3545953225272711,0.8464058994861237,0.4388140270368241
372,adaptshrink,3,0.16711997101505105,-0.16909712225804518,0.5033370642881473,-0.07523555869089533
372,adaptshrink,4,0.6271804676403558,0.2952204122316313,0.9591405230490804,0.3411187632553341
372,adaptshrink,5,-0.14114334043630464,-0.5108129013302698,0.2285262204576605,-0.08580673299091787
373,common_DL,1,0.5812349116950228,0.3120574181857868,0.8504124052042589,0.42601763182529556
373,common_DL,2,0.2934839645040086,0.029908706227805837,0.5570592227802114,0.3330408960982008
373,common_DL,3,0.8689741793343989,0.6929210238086914,1.0450273348601065,0.5918720546875661
373,common_DL,4,0.6178149754688852,0.39045128924797823,0.8451786616897922,0.5254532242736886
373,common_DL,5,0.295341145899356,0.03167766543206574,0.5590046263666463,0.15905250667430101
373,comp_specific,1,0.5921779760115404,0.33072811953028536,0.8536278324927955,0.42601763182529556
373,comp_specific,2,0.3389264763125728,0.07657582842545502,0.6012771241996906,0.3330408960982008
373,comp_specific,3,0.8478183669780823,0.7042250472872508,0.9914116866689139,0.5918720546875661
373,comp_specific,4,0.6299087582088967,0.34779720887079013,0.9120203075470033,0.5254532242736886
373,comp_specific,5,0.2949372831191529,0.010209327051923178,0.5796652391863826,0.15905250667430101
373,adaptshrink,1,0.5891880642571472,0.3202223929461458,0.8581537355681486,0.42601763182529556
373,adaptshrink,2,0.3145392190747261,0.049761131880927734,0.5793173062685244,0.3330408960982008
373,adaptshrink,3,0.8570895351572778,0.6967898375405972,1.0173892327739584,0.5918720546875661
373,adaptshrink,4,0.6286969564518321,0.3690182553705832,0.888375657533081,0.5254532242736886
373,adaptshrink,5,0.29395917387440645,0.0167121556976616,0.5712061920511513,0.15905250667430101
374,common_DL,1,-0.3854610198081808,-0.6189924759808375,-0.15192956363552415,-0.5354758517542402
374,common_DL,2,0.14586594454236423,-0.006304349827943756,0.2980362389126722,0.024383969705404428
374,common_DL,3,-0.394011272943625,-0.6201879352648696,-0.1678346106223803,-0.3115888183890351
374,common_DL,4,0.8506756631844163,0.6838193915177525,1.01753193485108,0.8786105867157658
374,common_DL,5,-0.39857556272967415,-0.622348085245477,-0.1748030402138713,-0.36615581659341734
374,comp_specific,1,-0.38391847905584536,-0.617398007174248,-0.15043895093744272,-0.5354758517542402
374,comp_specific,2,0.13508148710907616,0.00761853866855719,0.26254443554959517,0.024383969705404428
374,comp_specific,3,-0.3843305457808563,-0.6013413605299285,-0.16731973103178416,-0.3115888183890351
374,comp_specific,4,0.8581443504346329,0.6577205480181276,1.0585681528511381,0.8786105867157658
374,comp_specific,5,-0.429892444580209,-0.6832580892206941,-0.17652679993972387,-0.36615581659341734
374,adaptshrink,1,-0.384053247765899,-0.6180478888558988,-0.15005860667589924,-0.5354758517542402
374,adaptshrink,2,0.14142141910478173,-0.0008168779871081666,0.28365971619667163,0.024383969705404428
374,adaptshrink,3,-0.3894429245722906,-0.6139601815325975,-0.16492566761198382,-0.3115888183890351
374,adaptshrink,4,0.8571332374908117,0.6661018786621193,1.048164596319504,0.8786105867157658
374,adaptshrink,5,-0.4150699489263032,-0.6549271840266812,-0.17521271382592526,-0.36615581659341734
375,common_DL,1,-0.6619481270753181,-0.9766360054864635,-0.3472602486641728,-0.7075559153726062
375,common_DL,2,-0.9048799000109085,-1.229346872169159,-0.580412927852658,-1.0668537603529389
375,common_DL,3,-0.07246413405867358,-0.3582717670642224,0.21334349894687527,-0.023860429721349555
375,common_DL,4,-0.7403303875338846,-1.0667347169152324,-0.4139260581525369,-0.33451772022564247
375,common_DL,5,-0.29537176646828983,-0.6518582343692916,0.061114701432711915,-0.2583270550777084
375,comp_specific,1,-0.645214676684329,-1.015569662159852,-0.274859691208806,-0.7075559153726062
375,comp_specific,2,-0.9846293855795427,-1.4235791808497664,-0.5456795903093191,-1.0668537603529389
375,comp_specific,3,-0.07609158813891426,-0.2689469062104879,0.11676372993265935,-0.023860429721349555
375,comp_specific,4,-0.6986456877964812,-0.9813865693578703,-0.415904806235092,-0.33451772022564247
375,comp_specific,5,-0.30093922304879644,-0.5723387034507732,-0.02953974264681969,-0.2583270550777084
375,adaptshrink,1,-0.6538875062536588,-0.9996786302053402,-0.3080963823019774,-0.7075559153726062
375,adaptshrink,2,-0.9584084706248912,-1.3510452609506318,-0.5657716802991506,-1.0668537603529389
375,adaptshrink,3,-0.07281147060803739,-0.3227885825274196,0.17716564131134482,-0.023860429721349555
375,adaptshrink,4,-0.7212879636905281,-1.0316183124022105,-0.4109576149788456,-0.33451772022564247
375,adaptshrink,5,-0.30098885067430436,-0.6273073825917442,0.025329681243135505,-0.2583270550777084
376,common_DL,1,-0.10003256904688664,-0.46170853080205443,0.2616433927082812,-0.1595696075927907
376,common_DL,2,-0.4251638559260274,-0.7456936024110461,-0.1046341094410087,-0.35413102067353397
376,common_DL,3,0.3150062616597033,0.018975354258175314,0.6110371690612313,0.15254801524666772
376,common_DL,4,0.07529267525800047,-0.365038306190535,0.515623656706536,0.056444286420526575
376,common_DL,5,-0.1902176732638658,-0.47131697571723663,0.09088162918950504,-0.23416849068945403
376,comp_specific,1,-0.09068979130572552,-0.3701173600718636,0.18873777746041254,-0.1595696075927907
376,comp_specific,2,-0.44061405342286664,-0.6806401873274424,-0.2005879195182909,-0.35413102067353397
376,comp_specific,3,0.3184410955918439,0.001778825233316128,0.6351033659503718,0.15254801524666772
376,comp_specific,4,0.061506006154937704,-0.43431870946023254,0.557330721770108,0.056444286420526575
376,comp_specific,5,-0.18513224841205855,-0.49272890689479115,0.12246441007067405,-0.23416849068945403
376,adaptshrink,1,-0.10061997132439389,-0.4357619854007297,0.23452204275194194,-0.1595696075927907
376,adaptshrink,2,-0.4287940343010804,-0.7255317777230657,-0.13205629087909504,-0.35413102067353397
376,adaptshrink,3,0.3159863732077217,0.009155766500002938,0.6228169799154405,0.15254801524666772
376,adaptshrink,4,0.06866714611336816,-0.39687063746796136,0.5342049296946977,0.056444286420526575
376,adaptshrink,5,-0.18794624316646674,-0.482489244483121,0.10659675815018754,-0.23416849068945403
377,common_DL,1,0.08796605270402302,-0.464724095170551,0.6406562005785971,0.0015658249215377816
377,common_DL,2,0.3371042712318989,-0.09797302623633042,0.7721815687001282,0.3256027508564388
377,common_DL,3,0.5070499161230021,0.15016541275329864,0.8639344194927056,0.5158578576720205
377,common_DL,4,0.023906561550018468,-0.5115454938209508,0.5593586169209878,0.3605875990325258
377,common_DL,5,1.1110430139294598,0.6924799197214319,1.5296061081374877,0.9129482022516637
377,comp_specific,1,0.05992466962564552,-0.30065393621410497,0.420503275465396,0.0015658249215377816
377,comp_specific,2,0.3964585950792083,-0.06411643538710521,0.8570336255455218,0.3256027508564388
377,comp_specific,3,0.512777950162681,0.256220033734399,0.7693358665909631,0.5158578576720205
377,comp_specific,4,0.04862162242056833,-0.5376066810498003,0.6348499258909369,0.3605875990325258
377,comp_specific,5,1.131477554534662,0.8857904820539835,1.3771646270153406,0.9129482022516637
377,adaptshrink,1,0.07615995773991824,-0.39971953715900294,0.5520394526388395,0.0015658249215377816
377,adaptshrink,2,0.34924255867177123,-0.0883817450680498,0.7868668624115922,0.3256027508564388
377,adaptshrink,3,0.5022067791409645,0.1968546680897948,0.8075588901921341,0.5158578576720205
377,adaptshrink,4,0.045464582896457384,-0.4926357957164669,0.5835649615093816,0.3605875990325258
377,adaptshrink,5,1.1138852333722138,0.7602505552828409,1.4675199114615867,0.9129482022516637
378,common_DL,1,-0.38541059805092004,-0.6414681333446483,-0.12935306275719183,-0.3567804222085733
378,common_DL,2,-0.7161946228402225,-0.933476287528942,-0.49891295815150305,-0.6178724598695183
378,common_DL,3,-0.12408913280685258,-0.4385208393713509,0.19034257375764574,-0.16982473972442738
378,common_DL,4,0.19939252472860602,-0.08677329245903037,0.4855583419162424,-0.1433622583583983
378,common_DL,5,0.1277242695590663,-0.1083301999678378,0.36377873908597036,-0.041245326943221985
378,comp_specific,1,-0.3927489340953657,-0.5987302104000308,-0.18676765779070056,-0.3567804222085733
378,comp_specific,2,-0.6478360369426746,-0.8901126381986971,-0.405559435686652,-0.6178724598695183
378,comp_specific,3,0.03478803243598902,-0.47470958640273564,0.5442856512747137,-0.16982473972442738
378,comp_specific,4,0.2509384410021466,-0.16240673878952216,0.6642836207938153,-0.1433622583583983
378,comp_specific,5,0.16576349520285175,-0.036008686629893205,0.3675356770355967,-0.041245326943221985
378,adaptshrink,1,-0.3885461641676663,-0.6220391198069513,-0.15505320852838134,-0.3567804222085733
378,adaptshrink,2,-0.6871860665864684,-0.9172478684524746,-0.4571242647204622,-0.6178724598695183
378,adaptshrink,3,-0.0006485280419417372,-0.43900941740648913,0.4377123613226057,-0.16982473972442738
378,adaptshrink,4,0.2259387405248404,-0.11907143396380263,0.5709489150134834,-0.1433622583583983
378,adaptshrink,5,0.15160685617085654,-0.07057468126058178,0.3737883936022949,-0.041245326943221985
379,common_DL,1,-0.04415138120776868,-0.4635094230480917,0.3752066606325543,-0.11362206807323569
379,common_DL,2,0.3577190760736565,-0.03164771722464327,0.7470858693719562,0.0458067394344578
379,common_DL,3,1.1801404664365784,0.819383670017849,1.540897262855308,1.1256580593694225
379,common_DL,4,0.6338516783946488,0.2275674529737835,1.0401359038155142,0.35122338094223426
379,common_DL,5,0.7087311605633703,0.3648614425119876,1.052600878614753,0.6078030610370081
379,comp_specific,1,-0.11339822067995609,-0.3116987283152597,0.08490228695534749,-0.11362206807323569
379,comp_specific,2,0.2010536680805172,-0.24829505418577533,0.6504023903468097,0.0458067394344578
379,comp_specific,3,1.1764633961779851,0.8714207851952138,1.4815060071607564,1.1256580593694225
379,comp_specific,4,0.6660904786583025,0.2478529128747805,1.0843280444418246,0.35122338094223426
379,comp_specific,5,0.7144204184777296,0.2982134036604942,1.130627433294965,0.6078030610370081
379,adaptshrink,1,-0.05721023997763769,-0.3968992809403206,0.28247880098504524,-0.11362206807323569
379,adaptshrink,2,0.29638958119531533,-0.11761631376488213,0.7103954761555128,0.0458067394344578
379,adaptshrink,3,1.1809682744367302,0.8507169961214494,1.5112195527520111,1.1256580593694225
379,adaptshrink,4,0.6516144752645592,0.23958934376281243,1.0636396067663059,0.35122338094223426
379,adaptshrink,5,0.7031449672938743,0.32894643934948636,1.0773434952382623,0.6078030610370081
380,common_DL,1,-0.20401887964373472,-0.5473435050876501,0.13930574580018062,-0.054946818005097264
380,common_DL,2,-0.12033833739473364,-0.4478325572326693,0.207155882443202,0.3698680742165878
380,common_DL,3,-0.3969548802986387,-0.7847318376972474,-0.00917792290003,-0.31091395150181456
380,common_DL,4,-0.03413512024419922,-0.356029480706981,0.2877592402185825,0.07018587966431518
380,common_DL,5,0.8529896105336008,0.4868410396996462,1.2191381813675553,0.6232898350830398
380,comp_specific,1,-0.14112326792174196,-0.5020931225419212,0.2198465866984372,-0.054946818005097264
380,comp_specific,2,-0.07004285433713547,-0.48601209181270116,0.3459263831384302,0.3698680742165878
380,comp_specific,3,-0.4013805470471282,-0.6482204318503195,-0.15454066224393687,-0.31091395150181456
380,comp_specific,4,-0.030095611863401484,-0.3431688175328922,0.2829775938060892,0.07018587966431518
380,comp_specific,5,0.8289084667968978,0.5987392183338478,1.0590777152599478,0.6232898350830398
380,adaptshrink,1,-0.17120595043077466,-0.5286152929175035,0.18620339205595418,-0.054946818005097264
380,adaptshrink,2,-0.08729567198552832,-0.46651523275651297,0.2919238887854564,0.3698680742165878
380,adaptshrink,3,-0.39854435765261226,-0.7258298908488869,-0.07125882445633752,-0.31091395150181456
380,adaptshrink,4,-0.029306300670117504,-0.34908784722574027,0.2904752458855052,0.07018587966431518
380,adaptshrink,5,0.8462082868133173,0.5363539342855929,1.1560626393410418,0.6232898350830398
381,common_DL,1,-0.03291039042784377,-0.6200329380366172,0.5542121571809298,-0.10955722083632725
381,common_DL,2,1.188362028733669,0.7217854709939505,1.6549385864733872,0.46455354089881845
381,common_DL,3,0.6251326177940306,0.18175707725674028,1.068508158331321,0.31097782386937156
381,common_DL,4,-0.15320658143736315,-0.6488129561872567,0.3423997933125303,-0.1750930768198264
381,common_DL,5,-0.5809110624876899,-1.0750180588180953,-0.08680406615728453,-0.49501601237302856
381,comp_specific,1,0.024264274816605924,-0.54853033206873,0.5970588817019418,-0.10955722083632725
381,comp_specific,2,1.180486180680617,0.6576574201887905,1.7033149411724438,0.46455354089881845
381,comp_specific,3,0.5961219185077162,0.1715562877082114,1.0206875493072212,0.31097782386937156
381,comp_specific,4,-0.12801866262737066,-0.5608805857579532,0.30484326050321187,-0.1750930768198264
381,comp_specific,5,-0.6119117767938911,-0.9352426909716549,-0.2885808626161273,-0.49501601237302856
381,adaptshrink,1,-0.010966815163669263,-0.5949753634616206,0.5730417331342821,-0.10955722083632725
381,adaptshrink,2,1.2007542684966652,0.6852742778934308,1.7162342590998998,0.46455354089881845
381,adaptshrink,3,0.5941328582944687,0.15309141415201544,1.035174302436922,0.31097782386937156
381,adaptshrink,4,-0.1371407934133398,-0.6029195352426211,0.32863794841594157,-0.1750930768198264
381,adaptshrink,5,-0.5892540682618028,-1.0259606807401873,-0.15254745578341827,-0.49501601237302856
382,common_DL,1,0.13203125447940106,-0.13813162948532315,0.40219413844412527,-0.019378724286696722
382,common_DL,2,-0.16420471576511747,-0.5107201401925175,0.1823107086622826,-0.27524124083396073
382,common_DL,3,-0.2907716090032566,-0.6508032145870658,0.0692599965805526,-0.391511235252402
382,common_DL,4,0.07713228452103046,-0.411475001195594,0.5657395702376549,0.06374787674060911
382,common_DL,5,-0.551884387053013,-0.8384006025314981,-0.2653681715745279,-0.5887931536776019
382,comp_specific,1,0.10338939489512469,-0.11387356343368715,0.32065235322393654,-0.019378724286696722
382,comp_specific,2,-0.07972247534008628,-0.48886411271508146,0.32941916203490884,-0.27524124083396073
382,comp_specific,3,-0.27612459314829174,-0.6566339535190135,0.10438476722243012,-0.391511235252402
382,comp_specific,4,0.059401413431543426,-0.3877700107144596,0.5065728375775465,0.06374787674060911
382,comp_specific,5,-0.5126902567631256,-0.686987073845145,-0.33839343968110625,-0.5887931536776019
382,adaptshrink,1,0.12067463865942325,-0.1260309026735416,0.36738017999238815,-0.019378724286696722
382,adaptshrink,2,-0.11999030729250344,-0.4988782581912711,0.2588976436062642,-0.27524124083396073
382,adaptshrink,3,-0.2805903763267471,-0.6519769658935526,0.09079621324005838,-0.391511235252402
382,adaptshrink,4,0.07245911226664807,-0.40179587044215015,0.5467140949754463,0.06374787674060911
382,adaptshrink,5,-0.5278625720358417,-0.7715997613558178,-0.28412538271586574,-0.5887931536776019
383,common_DL,1,-0.2803565929383773,-0.6046838350248949,0.04397064914814036,-0.48236862357262894
383,common_DL,2,-0.2889992104192978,-0.6757926881715564,0.0977942673329607,-0.3427616826541845
383,common_DL,3,-0.7342182702395842,-1.0664458340317773,-0.40199070644739104,-0.896378753781746
383,common_DL,4,0.6642367496513603,0.28119232293093144,1.047281176371789,0.5590336625014731
383,common_DL,5,-0.5513791588642463,-0.8526448264983313,-0.2501134912301612,-0.6387547623940518
383,comp_specific,1,-0.3039999652264948,-0.6084918775189644,0.0004919470659747738,-0.48236862357262894
383,comp_specific,2,-0.36012882031230375,-0.8564116470438163,0.13615400641920877,-0.3427616826541845
383,comp_specific,3,-0.8013084125008507,-1.0966341379148952,-0.5059826870868063,-0.896378753781746
383,comp_specific,4,0.476817558272848,-0.14128917848644218,1.094924295032138,0.5590336625014731
383,comp_specific,5,-0.6238571081468968,-0.9038998757994317,-0.3438143404943619,-0.6387547623940518
383,adaptshrink,1,-0.28363091522136635,-0.6034154548577071,0.03615362441497444,-0.48236862357262894
383,adaptshrink,2,-0.31094787442024563,-0.7661289736773702,0.1442332248368789,-0.3427616826541845
383,adaptshrink,3,-0.7718013843934016,-1.0822534184039125,-0.46134935038289077,-0.896378753781746
383,adaptshrink,4,0.6123407936627643,0.12958483337912258,1.095096753946406,0.5590336625014731
383,adaptshrink,5,-0.5856086729606113,-0.8781418688550908,-0.2930754770661317,-0.6387547623940518
384,common_DL,1,0.29330503096347416,-0.022121027107127766,0.608731089034076,0.32811204519135223
384,common_DL,2,0.05040408907897627,-0.2657521029517309,0.3665602811096834,-0.11656177745341212
384,common_DL,3,-0.3723987355636342,-0.6921105237830047,-0.05268694734426366,-0.4520138262166416
384,common_DL,4,-0.03145809884013976,-0.4093451423325813,0.34642894465230173,-0.22586069653959906
384,common_DL,5,0.12862315244517955,-0.24368147020203842,0.5009277750923975,-0.02913026146487287
384,comp_specific,1,0.31416114023351605,0.1674833891725658,0.4608388912944663,0.32811204519135223
384,comp_specific,2,0.05553797893774315,-0.28418354222920283,0.39525950010468913,-0.11656177745341212
384,comp_specific,3,-0.410631789864064,-0.5568189344010621,-0.26444464532706585,-0.4520138262166416
384,comp_specific,4,-0.10685352950431247,-0.8457752761193461,0.6320682171107211,-0.22586069653959906
384,comp_specific,5,0.12390893594522827,-0.1824354384662495,0.43025331035670605,-0.02913026146487287
384,adaptshrink,1,0.30636788555367905,0.05142930680551289,0.5613064643018453,0.32811204519135223
384,adaptshrink,2,0.05337796474267568,-0.2762354135697127,0.3829913430550641,-0.11656177745341212
384,adaptshrink,3,-0.37959665846116863,-0.6383709228174408,-0.12082239410489642,-0.4520138262166416
384,adaptshrink,4,-0.08023896666858865,-0.6441030270604186,0.48362509372324125,-0.22586069653959906
384,adaptshrink,5,0.12588012834274342,-0.21639753053053673,0.4681577872160236,-0.02913026146487287
385,common_DL,1,-0.2593212162534029,-0.6465403807531119,0.12789794824630618,-0.26676795101976736
385,common_DL,2,-0.617391916604584,-1.0074120072160238,-0.22737182599314426,-0.6153308719411223
385,common_DL,3,0.33670194905515366,-0.16488686887676446,0.8382907669870718,0.37344649481213643
385,common_DL,4,0.04628348137939821,-0.3918364095146967,0.4844033722734931,0.27532339095386665
385,common_DL,5,-0.2178429030118294,-0.8128883354629947,0.37720252943933585,-0.40229040076216893
385,comp_specific,1,-0.21779174252055544,-0.6514089139799641,0.21582542893885326,-0.26676795101976736
385,comp_specific,2,-0.5170290433005206,-0.8028656207512883,-0.23119246584975278,-0.6153308719411223
385,comp_specific,3,0.36329292805946084,0.07719335735339439,0.6493924987655273,0.37344649481213643
385,comp_specific,4,0.17611419926199506,-0.39390437444461607,0.7461327729686063,0.27532339095386665
385,comp_specific,5,-0.24957405321367135,-0.7321603487839137,0.23301224235657095,-0.40229040076216893
385,adaptshrink,1,-0.22042218199804745,-0.6343358588667639,0.19349149487066905,-0.26676795101976736
385,adaptshrink,2,-0.5921515460148034,-0.9516445363788366,-0.23265855565077004,-0.6153308719411223
385,adaptshrink,3,0.3482343318731067,-0.08239512155981704,0.7788637853060305,0.37344649481213643
385,adaptshrink,4,0.127524387558302,-0.4033714352931911,0.658420210409795,0.27532339095386665
385,adaptshrink,5,-0.21477917156268317,-0.7919616451442639,0.36240330201889753,-0.40229040076216893
386,common_DL,1,-0.4083566973546884,-0.7070956647644935,-0.10961772994488334,-0.5013218516790445
386,common_DL,2,-0.693644841349996,-0.98561050187852,-0.4016791808214722,-0.5619710309034118
386,common_DL,3,-0.11096904085046902,-0.40813102799519285,0.18619294629425484,-0.029198921578998702
386,common_DL,4,0.02164408152536343,-0.25459016380460364,0.29787832685533044,-0.25844438424687727
386,common_DL,5,-0.250027419573857,-0.5712001336149038,0.07114529446718987,-0.11990388260480608
386,comp_specific,1,-0.4725197300327293,-0.7390057413381874,-0.20603371872727116,-0.5013218516790445
386,comp_specific,2,-0.661319924929991,-1.007739397817957,-0.31490045204202516,-0.5619710309034118
386,comp_specific,3,-0.0912783541407867,-0.3936342034529411,0.21107749517136773,-0.029198921578998702
386,comp_specific,4,0.03588290781795353,-0.3167709106460954,0.3885367262820024,-0.25844438424687727
386,comp_specific,5,-0.2694803787086022,-0.5080850574663782,-0.030875699950826202,-0.11990388260480608
386,adaptshrink,1,-0.42940226835069734,-0.713277220857782,-0.14552731584361267,-0.5013218516790445
386,adaptshrink,2,-0.6707076250925802,-0.9951312113400961,-0.34628403884506437,-0.5619710309034118
386,adaptshrink,3,-0.09859225110479122,-0.4003451425156639,0.20316064030608147,-0.029198921578998702
386,adaptshrink,4,0.04700123019232308,-0.26464622643407865,0.35864868681872475,-0.25844438424687727
386,adaptshrink,5,-0.2536411242031401,-0.541905377169857,0.034623128763576816,-0.11990388260480608
387,common_DL,1,0.048929874635534894,-0.25640176936964715,0.3542615186407169,-0.005157143952417181
387,common_DL,2,-0.6389607472755453,-1.0632875373480446,-0.21463395720304596,-0.6736953720334687
387,common_DL,3,1.0064331967750086,0.5269391240826842,1.4859272694673331,1.137319380951155
387,common_DL,4,-0.17791129353790994,-0.46288808545541216,0.10706549837959226,-0.06765798363550139
387,common_DL,5,-0.21600369353103108,-0.6467585666074389,0.21475117954537673,-0.016135607331801197
387,comp_specific,1,0.09942571778288417,-0.13301103137091297,0.3318624669366813,-0.005157143952417181
387,comp_specific,2,-0.5936711241906785,-1.0566122934241484,-0.13072995495720852,-0.6736953720334687
387,comp_specific,3,0.9878118739175124,0.383774769683895,1.5918489781511296,1.137319380951155
387,comp_specific,4,-0.1454944124443388,-0.4632166578806026,0.172227832991925,-0.06765798363550139
387,comp_specific,5,-0.203401199987306,-0.5038123107848881,0.0970099108102761,-0.016135607331801197
387,adaptshrink,1,0.074246373932804,-0.1951069610637556,0.34359970892936365,-0.005157143952417181
387,adaptshrink,2,-0.6132111479203012,-1.0535879804308097,-0.17283431540979255,-0.6736953720334687
387,adaptshrink,3,1.0045265536685115,0.470409389781836,1.538643717555187,1.137319380951155
387,adaptshrink,4,-0.14871595373290336,-0.4511316161310682,0.1536997086652615,-0.06765798363550139
387,adaptshrink,5,-0.2131043192508131,-0.6057359922113416,0.17952735370971531,-0.016135607331801197
388,common_DL,1,0.702717320590264,0.38233547943236434,1.0230991617481637,0.6667748096416197
388,common_DL,2,0.32536752434707994,0.04996207633080174,0.6007729723633581,0.2835884308037823
388,common_DL,3,0.4731790613461876,0.20591786675916424,0.740440255933211,0.5318367477714255
388,common_DL,4,0.9642797857652798,0.6767999662681627,1.251759605262397,0.7226861220247498
388,common_DL,5,-0.6252143814659978,-0.9032913471785864,-0.34713741575340923,-0.7093774688315968
388,comp_specific,1,0.6335272148410289,0.10650319195071212,1.1605512377313456,0.6667748096416197
388,comp_specific,2,0.2897132447581449,-0.0721492657637578,0.6515757552800476,0.2835884308037823
388,comp_specific,3,0.4382678863566812,0.20400072499831676,0.6725350477150456,0.5318367477714255
388,comp_specific,4,0.9497545537644065,0.7528060313409872,1.1467030761878259,0.7226861220247498
388,comp_specific,5,-0.6331451357521387,-0.87096334952694,-0.39532692197733743,-0.7093774688315968
388,adaptshrink,1,0.6561204644926937,0.229432425160156,1.0828085038252313,0.6667748096416197
388,adaptshrink,2,0.3042705876127559,-0.012879444784356986,0.6214206200098688,0.2835884308037823
388,adaptshrink,3,0.46200268455970106,0.20579838940180367,0.7182069797175985,0.5318367477714255
388,adaptshrink,4,0.959415570767821,0.7090861470552281,1.209744994480414,0.7226861220247498
388,adaptshrink,5,-0.627263883681272,-0.8907164465904889,-0.36381132077205497,-0.7093774688315968
389,common_DL,1,0.5181930503938049,0.27423914674629724,0.7621469540413126,0.4942698403052687
389,common_DL,2,0.03904655554083617,-0.2613067173911289,0.33939982847280126,0.3726375931186451
389,common_DL,3,0.07076008889076048,-0.214091883050137,0.3556120608316579,0.14834825209240415
389,common_DL,4,-0.08090147195452306,-0.37555953106820433,0.21375658715915818,-0.2093873255105109
389,common_DL,5,-0.5093609922561857,-0.7674382553070963,-0.2512837292052751,-0.4974424143132863
389,comp_specific,1,0.5185147779830048,0.2198872612165665,0.8171422947494431,0.4942698403052687
389,comp_specific,2,0.08782348805784529,-0.3446591788019757,0.5203061549176663,0.3726375931186451
389,comp_specific,3,0.0513333073314199,-0.26699529460742844,0.3696619092702682,0.14834825209240415
389,comp_specific,4,-0.04285728034797741,-0.2616841617092984,0.17596960101334358,-0.2093873255105109
389,comp_specific,5,-0.4966482782123502,-0.689747942859877,-0.30354861356482343,-0.4974424143132863
389,adaptshrink,1,0.5184065698942063,0.24537962981092243,0.7914335099774902,0.4942698403052687
389,adaptshrink,2,0.07304203712770528,-0.2927643799486345,0.4388484542040451,0.3726375931186451
389,adaptshrink,3,0.06444254711889412,-0.23114503812278087,0.36003013236056913,0.14834825209240415
389,adaptshrink,4,-0.06798980693421831,-0.3295448082036178,0.1935651943351812,-0.2093873255105109
389,adaptshrink,5,-0.5049497328826471,-0.7326407227009758,-0.2772587430643184,-0.4974424143132863
390,common_DL,1,0.1603757856439565,-0.45266117676276485,0.7734127480506778,0.36714649930642007
390,common_DL,2,0.10288534691300771,-0.33603373879451365,0.5418044326205291,0.15687937791522594
390,common_DL,3,-0.5507661457313724,-0.9994511468511673,-0.10208114461157747,-0.4528982388663013
390,common_DL,4,-0.8849240982294724,-1.3217811143170999,-0.44806708214184493,-0.5187285638959177
390,common_DL,5,-0.01134239979329893,-0.47323535905685266,0.4505505594702548,0.31353492195257676
390,comp_specific,1,0.13554141108070236,-0.38737466382978913,0.6584574859911939,0.36714649930642007
390,comp_specific,2,0.07340722896210541,-0.2418281459625418,0.38864260388675265,0.15687937791522594
390,comp_specific,3,-0.5110388322883684,-0.7700041704753608,-0.25207349410137597,-0.4528982388663013
390,comp_specific,4,-1.0385285550783532,-1.6329226528291918,-0.44413445732751466,-0.5187285638959177
390,comp_specific,5,0.05067963615273355,-0.24231555717899037,0.3436748294844575,0.31353492195257676
390,adaptshrink,1,0.1266002919117129,-0.46781501628207117,0.721015600105497,0.36714649930642007
390,adaptshrink,2,0.08499722178555352,-0.2978889748586889,0.46788341842979597,0.15687937791522594
390,adaptshrink,3,-0.5300146356018394,-0.9032923120580028,-0.15673695914567604,-0.4528982388663013
390,adaptshrink,4,-1.0055525525009559,-1.5420560188276176,-0.4690490861742942,-0.5187285638959177
390,adaptshrink,5,0.005374070023280941,-0.41362209444766196,0.42437023449422384,0.31353492195257676
391,common_DL,1,0.5288664297908342,0.0502034706867901,1.0075293888948784,0.6641752150639695
391,common_DL,2,-0.055541925841486206,-0.403245085916736,0.2921612342337636,-0.14311566023057062
391,common_DL,3,0.12230237608553134,-0.30737749115951435,0.551982243330577,0.07616567432938268
391,common_DL,4,0.3283822111814183,-0.038493378929469246,0.6952578012923059,0.05951573688442719
391,common_DL,5,-0.2229436327572006,-0.6168526967505715,0.17096543123617028,-0.40139508497809717
391,comp_specific,1,0.4385885903265073,0.19932998049332823,0.6778472001596865,0.6641752150639695
391,comp_specific,2,-0.10783500190212439,-0.5077067458777504,0.2920367420735017,-0.14311566023057062
391,comp_specific,3,0.14228271091405686,-0.15680596031508898,0.4413713821432027,0.07616567432938268
391,comp_specific,4,0.307730305813642,-0.12400481828094773,0.7394654299082317,0.05951573688442719
391,comp_specific,5,-0.2528908985582615,-0.47097404740356347,-0.03480774971295958,-0.40139508497809717
391,adaptshrink,1,0.5079573901346881,0.09770347496639553,0.9182113053029807,0.6641752150639695
391,adaptshrink,2,-0.0839880023176805,-0.4654418271918774,0.2974658225565164,-0.14311566023057062
391,adaptshrink,3,0.11910751142504285,-0.2765914625074559,0.5148064853575416,0.07616567432938268
391,adaptshrink,4,0.3191672386035138,-0.09371383049572257,0.7320483077027502,0.05951573688442719
391,adaptshrink,5,-0.2352731985018128,-0.5612384098577058,0.09069201285408021,-0.40139508497809717
392,common_DL,1,0.4596824804984687,0.14188720191035753,0.7774777590865799,0.28243932490152596
392,common_DL,2,0.23607911535867832,-0.3076659751822082,0.7798242058995648,0.38069455472277813
392,common_DL,3,-0.06927862132432788,-0.43465619858752036,0.2960989559388646,-0.16534832665182758
392,common_DL,4,-0.08948685315998,-0.5100029842000346,0.33102927788007463,0.41045875961482525
392,common_DL,5,-0.39885365027048536,-0.7959829089406445,-0.0017243916003261694,-0.07764073753170846
392,comp_specific,1,0.3162799260271759,0.13709375364037996,0.4954660984139719,0.28243932490152596
392,comp_specific,2,0.2363069681733579,-0.2955913650685042,0.7682053014152199,0.38069455472277813
392,comp_specific,3,-0.02561461019059709,-0.2959900916094396,0.24476087122824547,-0.16534832665182758
392,comp_specific,4,-0.10466106377403625,-0.7107267626210951,0.5014046350730226,0.41045875961482525
392,comp_specific,5,-0.46868098345118947,-0.9153905723465492,-0.021971394555829693,-0.07764073753170846
392,adaptshrink,1,0.4034657031513269,0.14849974820599388,0.6584316580966599,0.28243932490152596
392,adaptshrink,2,0.2313289490643603,-0.30626945810601647,0.7689273562347371,0.38069455472277813
392,adaptshrink,3,-0.06966739497364531,-0.3895210496720391,0.25018625972474845,-0.16534832665182758
392,adaptshrink,4,-0.09503172426062349,-0.6076995591131601,0.41763611059191313,0.41045875961482525
392,adaptshrink,5,-0.4372914171575554,-0.8606657176786061,-0.01391711663650469,-0.07764073753170846
393,common_DL,1,-0.21553640484865344,-0.49336389611442855,0.062291086417121666,-0.23546552332226114
393,common_DL,2,0.09884735401416649,-0.18630147357712723,0.38399618160546023,0.23091452820372194
393,common_DL,3,-0.42477511271371193,-0.6992245496146123,-0.15032567581281153,-0.40508184646903267
393,common_DL,4,1.3056428657891834,0.9753866117288723,1.6358991198494945,0.9304796032823208
393,common_DL,5,-0.9823213555214055,-1.4405096174124807,-0.5241330936303303,-0.7308192800013094
393,comp_specific,1,-0.20807200108356308,-0.5203656621548716,0.10422165998774544,-0.23546552332226114
393,comp_specific,2,0.09764140040703723,-0.22113577547480662,0.41641857628888107,0.23091452820372194
393,comp_specific,3,-0.42490453189314303,-0.7059801106133664,-0.14382895317291966,-0.40508184646903267
393,comp_specific,4,1.2916002626850285,1.0092067508790918,1.5739937744909651,0.9304796032823208
393,comp_specific,5,-0.9166974426346879,-1.4559103363681078,-0.37748454890126804,-0.7308192800013094
393,adaptshrink,1,-0.2118994783346962,-0.508255549537612,0.08445659286821955,-0.23546552332226114
393,adaptshrink,2,0.09757376272111772,-0.20731706003209838,0.40246458547433384,0.23091452820372194
393,adaptshrink,3,-0.4252511593400326,-0.7045347929575785,-0.14596752572248667,-0.40508184646903267
393,adaptshrink,4,1.3007650139604177,0.9896490313593983,1.6118809965614371,0.9304796032823208
393,adaptshrink,5,-0.9568918104886013,-1.4468873856575413,-0.4668962353196613,-0.7308192800013094
394,common_DL,1,0.18457196267971276,-0.30017622568630187,0.6693201510457274,0.23408897834160916
394,common_DL,2,-0.72230361143764,-1.0676432180018316,-0.37696400487344833,-0.5761042033832482
394,common_DL,3,-0.783729830458469,-1.0983462065781804,-0.4691134543387576,-0.8529318480724997
394,common_DL,4,-0.3911075740444748,-0.7791748738123623,-0.003040274276587429,-0.29524956530032687
394,common_DL,5,-0.06945782023097902,-0.3807461434531147,0.24183050299115666,-0.020118100206957316
394,comp_specific,1,0.20330392570705796,-0.17089105660805348,0.5774989080221694,0.23408897834160916
394,comp_specific,2,-0.7003132638323151,-1.109682840709493,-0.2909436869551371,-0.5761042033832482
394,comp_specific,3,-0.7741931843977174,-0.9907109857214006,-0.5576753830740343,-0.8529318480724997
394,comp_specific,4,-0.3708655682552162,-0.8539045870837423,0.11217345057330985,-0.29524956530032687
394,comp_specific,5,-0.06627216513647441,-0.4108013580725368,0.27825702779958805,-0.020118100206957316
394,adaptshrink,1,0.18999335046262628,-0.25364338034956496,0.6336300812748175,0.23408897834160916
394,adaptshrink,2,-0.7094021621859705,-1.0881349329319494,-0.3306693914399917,-0.5761042033832482
394,adaptshrink,3,-0.7804660040917485,-1.0502334081158438,-0.5106986000676532,-0.8529318480724997
394,adaptshrink,4,-0.38123511742996474,-0.810213418448705,0.047743183588775495,-0.29524956530032687
394,adaptshrink,5,-0.07739629317379676,-0.40629571441966916,0.25150312807207564,-0.020118100206957316
395,common_DL,1,-0.6450456091258334,-0.9238973450670852,-0.36619387318458163,-0.6876974969417621
395,common_DL,2,0.593535095389673,0.3288321979550522,0.8582379928242938,0.5183295828804537
395,common_DL,3,-0.036921044461275254,-0.29851819411771896,0.22467610519516845,0.0014413021049747342
395,common_DL,4,-0.912284562030754,-1.2022222682543922,-0.6223468558071159,-0.9577204371657383
395,common_DL,5,-0.788740015838533,-1.0751849885830296,-0.5022950430940365,-0.6077705884566421
395,comp_specific,1,-0.6484873113580285,-0.9216309913748604,-0.3753436313411966,-0.6876974969417621
395,comp_specific,2,0.6178085626930545,0.43980722888253804,0.7958098965035709,0.5183295828804537
395,comp_specific,3,-0.030072228157842606,-0.3095550834664245,0.2494106271507393,0.0014413021049747342
395,comp_specific,4,-0.9310452934737561,-1.3458947520992592,-0.516195834848253,-0.9577204371657383
395,comp_specific,5,-0.8136519919068262,-1.008105470795434,-0.6191985130182185,-0.6077705884566421
395,adaptshrink,1,-0.6479250360742479,-0.9245675827245752,-0.37128248942392067,-0.6876974969417621
395,adaptshrink,2,0.6051910042299231,0.37799869074026915,0.8323833177195771,0.5183295828804537
395,adaptshrink,3,-0.0288127100717252,-0.3041726545628161,0.2465472344193657,0.0014413021049747342
395,adaptshrink,4,-0.916531407896028,-1.2844484306321167,-0.5486143851599394,-0.9577204371657383
395,adaptshrink,5,-0.7895874866856014,-1.0437559219345462,-0.5354190514366566,-0.6077705884566421
396,common_DL,1,0.5943312726388199,0.34807877783666435,0.8405837674409755,0.388651177688142
396,common_DL,2,0.07741544335176513,-0.2505401910366754,0.4053710777402057,0.04221507908650289
396,common_DL,3,-1.1252619556386976,-1.5273321652662921,-0.7231917460111029,-1.0924171073901454
396,common_DL,4,0.16061293464484983,-0.11497628144510524,0.4362021507348049,0.1390797704291146
396,common_DL,5,-0.1404487678619989,-0.4362065386552418,0.155309002931244,-0.26005265531120003
396,comp_specific,1,0.5371046693520358,0.31179075242110044,0.7624185862829712,0.388651177688142
396,comp_specific,2,0.03641344928715355,-0.35930479035720975,0.4321316889315169,0.04221507908650289
396,comp_specific,3,-1.1178158411623198,-1.4585688905078638,-0.7770627918167758,-1.0924171073901454
396,comp_specific,4,0.08214533918544652,-0.26515417505718053,0.4294448534280736,0.1390797704291146
396,comp_specific,5,-0.14418145292545925,-0.44104804300017736,0.15268513714925885,-0.26005265531120003
396,adaptshrink,1,0.5704865513881414,0.3375055085769568,0.803467594199326,0.388651177688142
396,adaptshrink,2,0.051213832526813385,-0.3083063505084033,0.4107340155620301,0.04221507908650289
396,adaptshrink,3,-1.1246989674768717,-1.5077539051378566,-0.7416440298158868,-1.0924171073901454
396,adaptshrink,4,0.10981139199579165,-0.19963726213264166,0.41926004612422496,0.1390797704291146
396,adaptshrink,5,-0.14294070931491348,-0.4393757888962127,0.15349437026638574,-0.26005265531120003
397,common_DL,1,1.020374806094749,0.6778264153985185,1.3629231967909796,0.8596613568529925
397,common_DL,2,0.3088346104791365,-0.020683663411873554,0.6383528843701466,0.09715476142562567
397,common_DL,3,1.173918412770778,0.8358282597551533,1.5120085657864029,1.2467158134934901
397,common_DL,4,0.5600446308073236,0.21788662123551578,0.9022026403791314,0.2881860857230167
397,common_DL,5,-0.0965342248619383,-0.4467768101755093,0.2537083604516327,-0.11129538873221621
397,comp_specific,1,1.023823142957872,0.8356762239495836,1.2119700619661602,0.8596613568529925
397,comp_specific,2,0.28696864687015466,-0.05849678763156141,0.6324340813718707,0.09715476142562567
397,comp_specific,3,1.144061782565185,0.7288076460820154,1.5593159190483548,1.2467158134934901
397,comp_specific,4,0.5109097639552835,0.2224059664870816,0.7994135614234854,0.2881860857230167
397,comp_specific,5,-0.07577070307066353,-0.44920572379747986,0.2976643176561528,-0.11129538873221621
397,adaptshrink,1,1.0261367739159035,0.7441023115309219,1.3081712363008853,0.8596613568529925
397,adaptshrink,2,0.29950617875075686,-0.03766550622921522,0.6366778637307289,0.09715476142562567
397,adaptshrink,3,1.1548955670610503,0.7694192763313467,1.540371857790754,1.2467158134934901
397,adaptshrink,4,0.5316458816922796,0.22060221725642065,0.8426895461281385,0.2881860857230167
397,adaptshrink,5,-0.08552950971202528,-0.4469597594316941,0.27590074000764353,-0.11129538873221621
398,common_DL,1,-0.05096851988561417,-0.6766508736957704,0.5747138339245421,0.03120217314640594
398,common_DL,2,-0.7544034120911588,-1.2272729467496122,-0.2815338774327055,-0.5398755180940994
398,common_DL,3,0.30777793187952784,-0.15226739810133544,0.7678232618603911,0.20809942779802645
398,common_DL,4,0.08225117080117844,-0.5050187507551427,0.6695210923574997,0.32678303014219634
398,common_DL,5,-0.2708229026737058,-0.713620042941697,0.17197423759428548,-0.23141303035465158
398,comp_specific,1,-0.10120438371079182,-0.45152664478428517,0.24911787736270152,0.03120217314640594
398,comp_specific,2,-0.9951151610871137,-1.6585669635674853,-0.3316633586067421,-0.5398755180940994
398,comp_specific,3,0.24730953379396764,-0.24095630933103773,0.735575376918973,0.20809942779802645
398,comp_specific,4,0.10718367140647278,-0.2553965663631696,0.46976390917611516,0.32678303014219634
398,comp_specific,5,-0.23698794936075862,-0.47476483380857526,0.0007889350870580181,-0.23141303035465158
398,adaptshrink,1,-0.058508335122166605,-0.6123240394400878,0.4953073691957547,0.03120217314640594
398,adaptshrink,2,-0.9032557801215255,-1.4973044277706098,-0.30920713247244125,-0.5398755180940994
398,adaptshrink,3,0.286248419442025,-0.18688391981972446,0.7593807587037744,0.20809942779802645
398,adaptshrink,4,0.08602689100090805,-0.43764283014658284,0.6096966121483989,0.32678303014219634
398,adaptshrink,5,-0.25342899792448886,-0.6240655221978788,0.11720752634890108,-0.23141303035465158
399,common_DL,1,-0.8612771754927141,-1.1559146008297478,-0.5666397501556804,-0.9581204926248306
399,common_DL,2,-0.038544687360160174,-0.3900977130305835,0.3130083383102631,-0.06465401384234377
399,common_DL,3,-0.7757640080248503,-1.0810492111027301,-0.4704788049469707,-1.051661120417628
399,common_DL,4,0.5490520528993472,0.22539678313261985,0.8727073226660746,0.7633600059519865
399,common_DL,5,0.784923875529152,0.4760245411687917,1.0938232098895122,0.6953546991482517
399,comp_specific,1,-0.846881079125585,-1.0369542337292827,-0.6568079245218872,-0.9581204926248306
399,comp_specific,2,-0.062288102449305244,-0.43058455323418965,0.3060083483355792,-0.06465401384234377
399,comp_specific,3,-0.7705063761719511,-1.116004234062879,-0.4250085182810231,-1.051661120417628
399,comp_specific,4,0.5068828881108094,0.052278076699649845,0.961487699521969,0.7633600059519865
399,comp_specific,5,0.6770887511922491,0.5092784111231422,0.844899091261356,0.6953546991482517
399,adaptshrink,1,-0.8419724635662882,-1.0973069570349643,-0.586637970097612,-0.9581204926248306
399,adaptshrink,2,-0.049044957236610454,-0.41018969501216446,0.31209978053894355,-0.06465401384234377
399,adaptshrink,3,-0.7707810007102436,-1.1025017716728884,-0.43906022974759884,-1.051661120417628
399,adaptshrink,4,0.5194781660759122,0.12303510000910234,0.9159212321427221,0.7633600059519865
399,adaptshrink,5,0.7345699713553047,0.46742498263160837,1.001714960079001,0.6953546991482517
400,common_DL,1,-0.9130443253318814,-1.5090441294998493,-0.31704452116391346,-0.8581928457073942
400,common_DL,2,0.056909661610620554,-0.4390256144903447,0.5528449377115858,-0.13187872769731818
400,common_DL,3,-0.40507092267875167,-0.8803176298231711,0.07017578446566775,-0.3693577673612957
400,common_DL,4,-0.5184016633363144,-1.0020114913151292,-0.034791835357499634,-0.005854934090650956
400,common_DL,5,0.14792012707471158,-0.3590089230939375,0.6548491772433607,0.10155789061516972
400,comp_specific,1,-0.8719786970976375,-1.4644677739173997,-0.2794896202778754,-0.8581928457073942
400,comp_specific,2,0.07370546929229499,-0.39667564846937176,0.5440865870539617,-0.13187872769731818
400,comp_specific,3,-0.4314138957685499,-0.8609348564678692,-0.0018929350692306612,-0.3693577673612957
400,comp_specific,4,-0.49620335207814714,-1.0059952206745537,0.01358851651825932,-0.005854934090650956
400,comp_specific,5,0.15407659536144064,-0.3388178628361499,0.6469710535590312,0.10155789061516972
400,adaptshrink,1,-0.8892850152415845,-1.484104099141936,-0.294465931341233,-0.8581928457073942
400,adaptshrink,2,0.06606470821188948,-0.41389034704823846,0.5460197634720174,-0.13187872769731818
400,adaptshrink,3,-0.4199687867050658,-0.872528583589252,0.03259101017912042,-0.3693577673612957
400,adaptshrink,4,-0.49974489110181874,-1.0067446379907037,0.0072548557870661945,-0.005854934090650956
400,adaptshrink,5,0.17017619251412486,-0.3314601462653095,0.6718125312935592,0.10155789061516972
401,common_DL,1,0.19092860313982413,-0.20274194504820064,0.5845991513278489,-0.11164001633404397
401,common_DL,2,-0.862066084997964,-1.366174085580699,-0.357958084415229,-0.016054378694236055
401,common_DL,3,-0.28808302864334445,-0.6757112442624922,0.09954518697580333,-0.2733731998725967
401,common_DL,4,0.2471833287458381,-0.2344977849121495,0.7288644424038258,-0.09597065196972235
401,common_DL,5,0.14282277802702842,-0.229768199607999,0.5154137556620558,0.15106613191732693
401,comp_specific,1,0.2573458803187887,-0.18542436100930387,0.7001161216468812,-0.11164001633404397
401,comp_specific,2,-0.8438535763407787,-1.3730784187428213,-0.31462873393873625,-0.016054378694236055
401,comp_specific,3,-0.3246011506255346,-0.5383451564720119,-0.11085714477905725,-0.2733731998725967
401,comp_specific,4,0.30980925849107144,-0.15728997044924342,0.7769084874313863,-0.09597065196972235
401,comp_specific,5,0.1330340637106842,-0.26494021789574895,0.5310083453171174,0.15106613191732693
401,adaptshrink,1,0.2253845066211593,-0.19463052414830764,0.6453995373906263,-0.11164001633404397
401,adaptshrink,2,-0.8522287095885268,-1.369277380049787,-0.33518003912726646,-0.016054378694236055
401,adaptshrink,3,-0.3037921996849601,-0.6242517315781124,0.01666733220819222,-0.2733731998725967
401,adaptshrink,4,0.2777474309284552,-0.19901210100354028,0.7545069628604507,-0.09597065196972235
401,adaptshrink,5,0.1367678233542722,-0.25158285998096686,0.5251185066895113,0.15106613191732693
402,common_DL,1,0.9368231638487844,0.599791982028443,1.2738543456691258,0.8435175602991873
402,common_DL,2,0.5443222949710693,0.21317333485048207,0.8754712550916566,0.9772558351240301
402,common_DL,3,0.5579429635607962,0.07451627555805612,1.0413696515635362,0.5868734530697205
402,common_DL,4,-1.0680342466418746,-1.416394844726098,-0.7196736485576515,-0.8187859424489105
402,common_DL,5,0.04142460914084026,-0.5602217695228332,0.6430709878045137,0.16323080463083303
402,comp_specific,1,0.9330908443690501,0.6543716963840938,1.2118099923540064,0.8435175602991873
402,comp_specific,2,0.625521050818862,0.1612818737916749,1.0897602278460492,0.9772558351240301
402,comp_specific,3,0.5375989355289381,0.1859119800727691,0.8892858909851071,0.5868734530697205
402,comp_specific,4,-1.172146379767415,-1.4766909947318079,-0.8676017648030221,-0.8187859424489105
402,comp_specific,5,-0.012380950365830728,-0.8447220342248273,0.8199601334931658,0.16323080463083303
402,adaptshrink,1,0.931815708813885,0.6189035580799991,1.2447278595477709,0.8435175602991873
402,adaptshrink,2,0.5681712353737077,0.17158797543494314,0.9647544953124723,0.9772558351240301
402,adaptshrink,3,0.5509708528927293,0.11634840802508617,0.9855932977603724,0.5868734530697205
402,adaptshrink,4,-1.1239476915617803,-1.4613619551208812,-0.7865334280026794,-0.8187859424489105
402,adaptshrink,5,0.0071345323471295186,-0.6995423128769425,0.7138113775712016,0.16323080463083303
403,common_DL,1,-0.027260918032700268,-0.3382709504597553,0.2837491143943548,0.05736387680189866
403,common_DL,2,-0.6661408576808101,-1.1558019885883601,-0.17647972677326013,-0.22641833865647185
403,common_DL,3,0.6250060177844298,0.17676100518232407,1.0732510303865355,0.541688739282395
403,common_DL,4,0.1853524967646591,-0.18373548433121156,0.5544404778605297,0.23117799871891823
403,common_DL,5,0.03472416506639298,-0.2739500339483413,0.3433983640811272,-0.05899824202055968
403,comp_specific,1,-0.03150571043799334,-0.3439857581812725,0.28097433730528587,0.05736387680189866
403,comp_specific,2,-0.5983885693988396,-1.1302922413551815,-0.06648489744249764,-0.22641833865647185
403,comp_specific,3,0.632247454795377,0.2501343850390232,1.0143605245517309,0.541688739282395
403,comp_specific,4,0.2026135591607055,-0.16966120634787474,0.5748883246692857,0.23117799871891823
403,comp_specific,5,0.08086803601351947,-0.17197495482573047,0.33371102685276943,-0.05899824202055968
403,adaptshrink,1,-0.028854093400958028,-0.3405335894223158,0.2828254026203998,0.05736387680189866
403,adaptshrink,2,-0.630955296206866,-1.139613708658403,-0.12229688375532888,-0.22641833865647185
403,adaptshrink,3,0.6281021254011695,0.21055696221750692,1.045647288584832,0.541688739282395
403,adaptshrink,4,0.1935214802728351,-0.1769869754062734,0.5640299359519436,0.23117799871891823
403,adaptshrink,5,0.05980135590912301,-0.22033812856017387,0.3399408403784199,-0.05899824202055968
404,common_DL,1,-0.4845215965567177,-0.8684670751666712,-0.10057611794676424,-0.23865196578035533
404,common_DL,2,0.15197824782692637,-0.3693485101211361,0.6733050057749889,0.09426363638826304
404,common_DL,3,0.3523036987999495,-0.1185837257878905,0.8231911233877895,0.3180332745209479
404,common_DL,4,0.30062403360575646,-0.034935719401094356,0.6361837866126072,0.3689781581948369
404,common_DL,5,0.857290607044068,0.43815196474848417,1.2764292493396519,0.8280608855603591
404,comp_specific,1,-0.4840580769716763,-0.867117783121623,-0.10099837082172958,-0.23865196578035533
404,comp_specific,2,0.1456228328266816,-0.6087812011310014,0.9000268667843647,0.09426363638826304
404,comp_specific,3,0.3540929862058568,-0.13177247322452168,0.8399584456362352,0.3180332745209479
404,comp_specific,4,0.2920833701079962,-0.05274973250295717,0.6369164727189496,0.3689781581948369
404,comp_specific,5,0.86505525151894,0.4569870826383047,1.2731234203995754,0.8280608855603591
404,adaptshrink,1,-0.48432075994239937,-0.8678717086434838,-0.1007698112413149,-0.23865196578035533
404,adaptshrink,2,0.1497578530823494,-0.4600182366519647,0.7595339428166634,0.09426363638826304
404,adaptshrink,3,0.35293583946479107,-0.12301080692395289,0.8288824858535351,0.3180332745209479
404,adaptshrink,4,0.29583950707242673,-0.045234696252577034,0.6369137103974305,0.3689781581948369
404,adaptshrink,5,0.8601086662944313,0.44397972924298923,1.2762376033458733,0.8280608855603591
405,common_DL,1,-0.5583445427478819,-0.8320999690272124,-0.2845891164685515,-0.17684550203497568
405,common_DL,2,-0.09086235243864599,-0.404371979890326,0.22264727501303405,-0.04685067105452576
405,common_DL,3,0.15294458942313452,-0.05144111463686071,0.3573302934831297,0.14981756648598485
405,common_DL,4,0.29813631032401944,0.07276424177064136,0.5235083788773975,0.46582074157719666
405,common_DL,5,0.2743461722606444,0.06872571544187983,0.47996662907940896,0.11747879209998671
405,comp_specific,1,-0.5580430278719474,-0.8370889069101235,-0.27899714883377125,-0.17684550203497568
405,comp_specific,2,-0.08113893876376511,-0.4576138521421609,0.2953359746146307,-0.04685067105452576
405,comp_specific,3,0.16135347527790506,-0.0456204779933522,0.36832742854916234,0.14981756648598485
405,comp_specific,4,0.32295904083680926,0.06462895059591356,0.581289131077705,0.46582074157719666
405,comp_specific,5,0.2768798430506478,0.059451137456355135,0.49430854864494045,0.11747879209998671
405,adaptshrink,1,-0.5577234217346825,-0.8339131046742934,-0.28153373879507165,-0.17684550203497568
405,adaptshrink,2,-0.08451490930400804,-0.4266434131325688,0.2576135945245527,-0.04685067105452576
405,adaptshrink,3,0.15687766782468546,-0.04868820748138661,0.36244354313075755,0.14981756648598485
405,adaptshrink,4,0.3114111232627358,0.06926134075571003,0.5535609057697616,0.46582074157719666
405,adaptshrink,5,0.2758578917038671,0.06436888553403264,0.48734689787370156,0.11747879209998671
406,common_DL,1,-0.44043763459864993,-0.7455199510655399,-0.13535531813176,-0.59817288288948
406,common_DL,2,0.12928730747578127,-0.16620775816242606,0.4247823731139886,-0.32684530545736024
406,common_DL,3,-0.0270268699088672,-0.4056463796373207,0.3515926398195863,0.16122737949496196
406,common_DL,4,-0.29414282782324797,-0.6704039899525855,0.08211833430608961,-0.4484914368325393
406,common_DL,5,-0.04596259012695057,-0.41888082250437403,0.32695564225047286,0.05524683583969129
406,comp_specific,1,-0.4857605224528062,-0.6977147917343488,-0.2738062531712636,-0.59817288288948
406,comp_specific,2,0.1297785718206411,-0.009802457188310076,0.26935960082959226,-0.32684530545736024
406,comp_specific,3,-0.18709524582076542,-0.8004598415095638,0.426269349868033,0.16122737949496196
406,comp_specific,4,-0.3776005500883312,-0.7087527472900448,-0.04644835288661764,-0.4484914368325393
406,comp_specific,5,-0.027235566654058657,-0.4593089221861195,0.40483778887800226,0.05524683583969129
406,adaptshrink,1,-0.4523752430252439,-0.7217325981750513,-0.18301788787543655,-0.59817288288948
406,adaptshrink,2,0.12947649940693193,-0.10525291446560858,0.36420591327947244,-0.32684530545736024
406,adaptshrink,3,-0.11349313219157312,-0.6165248075262796,0.3895385431431334,0.16122737949496196
406,adaptshrink,4,-0.3210198164731587,-0.6854999225543812,0.04346028960806386,-0.4484914368325393
406,adaptshrink,5,-0.03700754854160744,-0.4365225309109982,0.36250743382778333,0.05524683583969129
407,common_DL,1,-0.3130005581490082,-0.7827084259288761,0.15670730963085983,-0.10152026486682145
407,common_DL,2,-0.22382123640465296,-0.6054486396986842,0.15780616688937837,-0.3135413916764049
407,common_DL,3,-0.3436120790550643,-0.9588609690961407,0.2716368109860121,-0.12315839409072948
407,common_DL,4,-0.15124632921120035,-0.5529012209305252,0.2504085625081245,0.0974863328659057
407,common_DL,5,-0.2801864356108562,-0.5871586507955013,0.02678577957378886,-0.5104397923366092
407,comp_specific,1,-0.3445390062294549,-0.8945088680299542,0.20543085557104446,-0.10152026486682145
407,comp_specific,2,-0.3196369584324899,-0.6567703278847308,0.017496411019750913,-0.3135413916764049
407,comp_specific,3,-0.4393587600331426,-1.008951548937976,0.1302340288716906,-0.12315839409072948
407,comp_specific,4,-0.2908741283892468,-0.7406112476352651,0.1588629908567714,0.0974863328659057
407,comp_specific,5,-0.40608618772954014,-0.6049214519857946,-0.20725092347328566,-0.5104397923366092
407,adaptshrink,1,-0.32559225411111037,-0.8238831828341833,0.1726986746119626,-0.10152026486682145
407,adaptshrink,2,-0.2760460327468029,-0.6394585826379331,0.0873665171443273,-0.3135413916764049
407,adaptshrink,3,-0.39200099081204887,-0.9992167156223664,0.21521473399826863,-0.12315839409072948
407,adaptshrink,4,-0.23497162219544063,-0.6720413998051967,0.20209815541431544,0.0974863328659057
407,adaptshrink,5,-0.3495464264644036,-0.603891269561149,-0.09520158336765816,-0.5104397923366092
408,common_DL,1,-0.691861582075548,-0.9380657745458846,-0.4456573896052115,-0.6361947507660428
408,common_DL,2,0.7395196638459691,0.3814738969354478,1.0975654307564904,0.8482009074957236
408,common_DL,3,0.5845496956837499,0.3495477091817036,0.8195516821857962,0.646265802149228
408,common_DL,4,0.26268493842534,-0.00714289819561198,0.532512775046292,0.41899785526721933
408,common_DL,5,-0.3089174059910603,-0.6033760697670827,-0.014458742215038012,-0.29626259761275714
408,comp_specific,1,-0.7158891062602493,-1.040944462815524,-0.39083374970497453,-0.6361947507660428
408,comp_specific,2,0.7594291776609298,0.38731430922252913,1.1315440460993305,0.8482009074957236
408,comp_specific,3,0.5674126800633716,0.42228773900212135,0.7125376211246219,0.646265802149228
408,comp_specific,4,0.3322959015644523,0.13633207355797045,0.5282597295709341,0.41899785526721933
408,comp_specific,5,-0.3189608781209695,-0.6581194456766162,0.020197689434677202,-0.29626259761275714
408,adaptshrink,1,-0.6786685946948398,-0.9580830482459751,-0.3992541411437044,-0.6361947507660428
408,adaptshrink,2,0.755931682316565,0.38774330833838444,1.1241200562947458,0.8482009074957236
408,adaptshrink,3,0.574946713267004,0.38392102299491737,0.7659724035390906,0.646265802149228
408,adaptshrink,4,0.29991086347865215,0.0549940142926966,0.5448277126646077,0.41899785526721933
408,adaptshrink,5,-0.3148119031469133,-0.6382265177633354,0.00860271146950875,-0.29626259761275714
409,common_DL,1,0.27965584498222773,0.06874518882514441,0.49056650113931105,0.2504502621686754
409,common_DL,2,1.034261926985954,0.7300904585851407,1.3384333953867675,0.969924304127026
409,common_DL,3,-0.3891701897044486,-0.5889801047907786,-0.18936027461811863,-0.4633779108107973
409,common_DL,4,0.5335456478445543,0.2842308082825119,0.7828604874065966,0.2743512258521445
409,common_DL,5,0.5987770051152402,0.39786459523097994,0.7996894149995005,0.543005848214698
409,comp_specific,1,0.2422038805872391,-0.008648332152722898,0.49305609332720113,0.2504502621686754
409,comp_specific,2,1.00626925652917,0.5707498859520433,1.4417886271062965,0.969924304127026
409,comp_specific,3,-0.4665989444713797,-0.7109069332480373,-0.22229095569472201,-0.4633779108107973
409,comp_specific,4,0.5139541384542132,0.312820286108395,0.7150879908000314,0.2743512258521445
409,comp_specific,5,0.5749322581581124,0.3559232017330033,0.7939413145832216,0.543005848214698
409,adaptshrink,1,0.26039611820446756,0.02441247811165298,0.49637975829728215,0.2504502621686754
409,adaptshrink,2,1.0173689718832102,0.6511257265185026,1.3836122172479177,0.969924304127026
409,adaptshrink,3,-0.44031972450253676,-0.6708211226304627,-0.20981832637461084,-0.4633779108107973
409,adaptshrink,4,0.5235440581567452,0.29519424446734466,0.7518938718461458,0.2743512258521445
409,adaptshrink,5,0.5775501417856203,0.36230731783648684,0.7927929657347537,0.543005848214698
410,common_DL,1,1.0709634797651504,0.8553099247642644,1.2866170347660364,1.0173800073287897
410,common_DL,2,-0.8887447955140996,-1.0497242990357152,-0.727765291992484,-0.48748395743593237
410,common_DL,3,0.01355243714101853,-0.1400191362254549,0.16712401050749195,0.00803334032772894
410,common_DL,4,0.23066619644684278,-0.014288405278758659,0.4756207981724442,0.43589394345664895
410,common_DL,5,-0.06276191839323435,-0.4156056286963374,0.29008179190986866,-0.0708887552092797
410,comp_specific,1,1.0709246335932292,0.8552709887583564,1.2865782784281021,1.0173800073287897
410,comp_specific,2,-0.8913647165586818,-1.0528906949958967,-0.7298387381214668,-0.48748395743593237
410,comp_specific,3,-0.014455627186921532,-0.24974361466022385,0.22083236028638079,0.00803334032772894
410,comp_specific,4,0.2302095060642208,-0.014756026396493205,0.4751750385249348,0.43589394345664895
410,comp_specific,5,-0.12139828994525292,-0.5527967325742873,0.31000015268378145,-0.0708887552092797
410,adaptshrink,1,1.0709485663612235,0.8552949796457217,1.2866021530767253,1.0173800073287897
410,adaptshrink,2,-0.8897506073834363,-1.0509232477031971,-0.7285779670636754,-0.48748395743593237
410,adaptshrink,3,-0.004572272231749122,-0.19899691435099076,0.18985236988749254,0.00803334032772894
410,adaptshrink,4,0.2304908687939719,-0.014467591927903062,0.47544932951584684,0.43589394345664895
410,adaptshrink,5,-0.08545199307645868,-0.46682282510706485,0.2959188389541475,-0.0708887552092797
411,common_DL,1,0.11331583910122832,-0.25475124237914454,0.4813829205816012,0.13697824190546026
411,common_DL,2,-0.7062881876245437,-1.0037837693645635,-0.40879260588452404,-0.8329508942701359
411,common_DL,3,-0.38013757471124493,-0.7135750526715507,-0.04670009675093917,-0.34882104922055246
411,common_DL,4,0.30667587631381826,-0.1669390232165217,0.7802907758441582,0.18657209026717764
411,common_DL,5,0.02594715639809285,-0.24245209679922575,0.2943464095954115,-0.21638273506920877
411,comp_specific,1,0.10673059588531714,-0.35376400436928607,0.5672251961399204,0.13697824190546026
411,comp_specific,2,-0.7110505442445598,-1.0025559422932868,-0.4195451461958328,-0.8329508942701359
411,comp_specific,3,-0.3186982204100143,-0.5609077285073736,-0.076488712312655,-0.34882104922055246
411,comp_specific,4,0.31711457282668043,-0.1923182006811024,0.8265473463344633,0.18657209026717764
411,comp_specific,5,0.06191550462477449,-0.25347276699553944,0.3773037762450885,-0.21638273506920877
411,adaptshrink,1,0.11520730267268126,-0.27894858917999726,0.5093631945253598,0.13697824190546026
411,adaptshrink,2,-0.7061868353659917,-1.0049996681799989,-0.4073740025519845,-0.8329508942701359
411,adaptshrink,3,-0.3627597603527449,-0.6802393703512155,-0.045280150354274296,-0.34882104922055246
411,adaptshrink,4,0.3140511103908398,-0.18202306891651165,0.8101252896981913,0.18657209026717764
411,adaptshrink,5,0.050358283639405144,-0.24868561602879735,0.34940218330760764,-0.21638273506920877
412,common_DL,1,-0.253514765968389,-0.6930300127579416,0.18600048082116366,-0.2055489503878417
412,common_DL,2,0.6232132489428189,0.2867354432383209,0.959691054647317,0.85541336575253
412,common_DL,3,-0.4898259551872781,-0.9209293272796415,-0.05872258309491474,-0.5509110441594943
412,common_DL,4,-0.22919222307103954,-0.5365927777389801,0.07820833159690094,-0.40045715542152366
412,common_DL,5,-0.07773086124645284,-0.3490638781310655,0.1936021556381598,-0.18463513700197368
412,comp_specific,1,-0.25426465375647556,-0.5961781065003755,0.08764879898742434,-0.2055489503878417
412,comp_specific,2,0.650277810250979,0.3277605390772159,0.972795081424742,0.85541336575253
412,comp_specific,3,-0.4991653638708854,-0.9793641465980766,-0.018966581143694206,-0.5509110441594943
412,comp_specific,4,-0.18960253556325324,-0.593107762300648,0.21390269117414157,-0.40045715542152366
412,comp_specific,5,-0.14377090400262105,-0.2917133209051044,0.004171512899862256,-0.18463513700197368
412,adaptshrink,1,-0.2504650667339086,-0.6547546917146956,0.15382455824687835,-0.2055489503878417
412,adaptshrink,2,0.6364926463371298,0.306918369156508,0.9660669235177515,0.85541336575253
412,adaptshrink,3,-0.4934259308158819,-0.9415365965731215,-0.04531526505864231,-0.5509110441594943
412,adaptshrink,4,-0.1865773059118308,-0.5598709300526049,0.1867163182289433,-0.40045715542152366
412,adaptshrink,5,-0.11103619996584473,-0.3280871598069212,0.10601475987523175,-0.18463513700197368
413,common_DL,1,-0.37817628377962054,-0.7498402057529863,-0.006512361806254863,-0.4987911140808537
413,common_DL,2,-0.9010274790249377,-1.340391529257269,-0.4616634287926064,-0.48509383434048575
413,common_DL,3,-0.20609371289472014,-0.4847874384941435,0.0726000127047032,0.03284875594189864
413,common_DL,4,-0.33766112437491597,-0.7368830185261304,0.061560769776298485,-0.41192755310542506
413,common_DL,5,-0.4508605324162325,-0.7448280462613763,-0.15689301857108862,-0.47385713257333006
413,comp_specific,1,-0.3640812690275148,-0.7507990053547754,0.022636467299745777,-0.4987911140808537
413,comp_specific,2,-0.85364878985195,-1.0944798168521284,-0.6128177628517717,-0.48509383434048575
413,comp_specific,3,-0.18992809237557173,-0.4419212048737911,0.06206502012264764,0.03284875594189864
413,comp_specific,4,-0.3870255592844114,-0.8910314143617025,0.11698029579287972,-0.41192755310542506
413,comp_specific,5,-0.46417851717691117,-0.7643317479259529,-0.1640252864278694,-0.47385713257333006
413,adaptshrink,1,-0.3686986713899185,-0.746651659826351,0.009254317046513916,-0.4987911140808537
413,adaptshrink,2,-0.8921783106728803,-1.2849281730950235,-0.4994284482507373,-0.48509383434048575
413,adaptshrink,3,-0.196868151492594,-0.45749692897274286,0.06376062598755483,0.03284875594189864
413,adaptshrink,4,-0.3176404903106158,-0.763622176528123,0.12834119590689147,-0.41192755310542506
413,adaptshrink,5,-0.4532689675741385,-0.7523905602973835,-0.15414737485089347,-0.47385713257333006
414,common_DL,1,-1.1749901672234742,-1.6619389103272435,-0.6880414241197048,-0.641400671308932
414,common_DL,2,-0.6025813149504231,-1.0291617256697547,-0.1760009042310916,-0.5847917351152832
414,common_DL,3,-0.11382343881081786,-0.4698851291066305,0.24223825148499478,-0.18900530923977088
414,common_DL,4,-0.8062189018641961,-1.191860993722562,-0.4205768100058302,-0.3301653898270175
414,common_DL,5,-0.15498189066945817,-0.5442407552476838,0.2342769739087675,-0.08414507879702093
414,comp_specific,1,-1.1409949933790184,-1.6705821381409396,-0.6114078486170972,-0.641400671308932
414,comp_specific,2,-0.6281716431185396,-1.2658439474800185,0.009500661242939357,-0.5847917351152832
414,comp_specific,3,-0.10314261319654411,-0.35848045134123757,0.15219522494814935,-0.18900530923977088
414,comp_specific,4,-0.6861743036064611,-0.9060417388380775,-0.4663068683748448,-0.3301653898270175
414,comp_specific,5,-0.115082904646793,-0.48583064068402687,0.2556648313904409,-0.08414507879702093
414,adaptshrink,1,-1.1588891458677786,-1.6643601179843939,-0.6534181737511633,-0.641400671308932
414,adaptshrink,2,-0.6223114531559777,-1.170898748815803,-0.07372415749615258,-0.5847917351152832
414,adaptshrink,3,-0.10918712589342866,-0.41869487885514944,0.20032062706829212,-0.18900530923977088
414,adaptshrink,4,-0.767758447609856,-1.1004935855699591,-0.4350233096497529,-0.3301653898270175
414,adaptshrink,5,-0.13382443529339677,-0.5172401163939748,0.24959124580718128,-0.08414507879702093
415,common_DL,1,-0.1566277860579049,-0.48155915961911455,0.16830358750330476,-0.22691954985196322
415,common_DL,2,-0.7881471986721108,-1.1430591086379018,-0.43323528870631967,-0.3780817109663229
415,common_DL,3,1.7016332920119206,1.3911172196998018,2.0121493643240393,1.2929625432973175
415,common_DL,4,0.39627761428029873,0.15433902426436558,0.6382162042962318,0.0661513010278438
415,common_DL,5,-0.7518329411292689,-1.1982504369534075,-0.30541544530513043,-0.54769054372823
415,comp_specific,1,-0.16780151455142994,-0.4146335186245266,0.07903048952166666,-0.22691954985196322
415,comp_specific,2,-0.8665699527346433,-1.0775743459240519,-0.6555655595452348,-0.3780817109663229
415,comp_specific,3,1.5416905370727618,1.0407920093904002,2.0425890647551235,1.2929625432973175
415,comp_specific,4,0.5125050236103422,0.23625532168604324,0.7887547255346412,0.0661513010278438
415,comp_specific,5,-0.7229163721407128,-1.0626495533722604,-0.3831831909091653,-0.54769054372823
415,adaptshrink,1,-0.16300760184477903,-0.45909523687804216,0.1330800331884841,-0.22691954985196322
415,adaptshrink,2,-0.808416359575949,-1.1185510726821202,-0.49828164646977796,-0.3780817109663229
415,adaptshrink,3,1.623744540999938,1.2167536306534594,2.0307354513464166,1.2929625432973175
415,adaptshrink,4,0.4656976772106996,0.20050591231871062,0.7308894421026886,0.0661513010278438
415,adaptshrink,5,-0.7453266226130947,-1.1622260752645546,-0.3284271699616349,-0.54769054372823
416,common_DL,1,0.72004552916914,0.3682768915021697,1.0718141668361103,0.5665765858183814
416,common_DL,2,-0.5308192219828003,-0.8897641127724079,-0.17187433119319268,-0.81356462323276
416,common_DL,3,-0.10360318345602984,-0.35614306403688134,0.14893669712482163,-0.12277473402449739
416,common_DL,4,-0.026640517853536043,-0.3152938845482482,0.2620128488411761,0.30287079490274804
416,common_DL,5,-0.14210672507901229,-0.42789984834692774,0.14368639818890316,-0.2935970047695406
416,comp_specific,1,0.7244264383589022,0.3841345670963279,1.0647183096214765,0.5665765858183814
416,comp_specific,2,-0.5408238785760834,-0.853121166581799,-0.22852659057036767,-0.81356462323276
416,comp_specific,3,-0.11355250984439613,-0.2477449474256644,0.02063992773687215,-0.12277473402449739
416,comp_specific,4,-0.009442866694713893,-0.40778676838428873,0.38890103499486095,0.30287079490274804
416,comp_specific,5,-0.12507056609367034,-0.4860524634506315,0.23591133126329084,-0.2935970047695406
416,adaptshrink,1,0.7214689593165825,0.3755235220111142,1.0674143966220508,0.5665765858183814
416,adaptshrink,2,-0.5341129696200688,-0.8742841221211188,-0.1939418171190188,-0.81356462323276
416,adaptshrink,3,-0.10468825948787962,-0.32535931214937686,0.11598279317361761,-0.12277473402449739
416,adaptshrink,4,-0.02324970184681813,-0.3745304303312546,0.32803102663761835,0.30287079490274804
416,adaptshrink,5,-0.1316883170332748,-0.4532463133683142,0.1898696793017646,-0.2935970047695406
417,common_DL,1,0.11055427273717794,-0.32146992344676134,0.5425784689211173,0.1299069914982763
417,common_DL,2,-0.026781469878964625,-0.2600147798980835,0.20645184014015427,-0.20156439996384284
417,common_DL,3,0.8389157941883616,0.5506628928200472,1.127168695556676,0.7079230107793855
417,common_DL,4,0.5615201020897806,0.21265256598030613,0.9103876381992552,0.41003093301036125
417,common_DL,5,1.2451067270351666,0.9482326373048626,1.5419808167654705,1.1231872678586396
417,comp_specific,1,0.09969240813243319,-0.3430010297667337,0.5423858460316,0.1299069914982763
417,comp_specific,2,-0.08268357424093187,-0.3702266152550713,0.20485946677320754,-0.20156439996384284
417,comp_specific,3,0.8339510395190496,0.5440057136843829,1.1238963653537164,0.7079230107793855
417,comp_specific,4,0.6105436145374004,0.39682570978098197,0.8242615192938187,0.41003093301036125
417,comp_specific,5,1.3066493174272602,1.016549562295937,1.5967490725585833,1.1231872678586396
417,adaptshrink,1,0.10515953349766988,-0.3321436980537569,0.5424627650490966,0.1299069914982763
417,adaptshrink,2,-0.05418072276695002,-0.3203815905184475,0.21202014498454747,-0.20156439996384284
417,adaptshrink,3,0.837654015409885,0.5483289467776674,1.1269790840421026,0.7079230107793855
417,adaptshrink,4,0.5772595468573544,0.27234156283494637,0.8821775308797624,0.41003093301036125
417,adaptshrink,5,1.2921285976483963,0.9659659656850059,1.6182912296117866,1.1231872678586396
418,common_DL,1,0.8468444423678929,0.3794538408592659,1.3142350438765198,1.0616900819666621
418,common_DL,2,0.2707720080092739,-0.34515714482877546,0.8867011608473233,0.259065148705689
418,common_DL,3,0.7188918223424725,0.16972066588886747,1.2680629787960775,0.5487416977935012
418,common_DL,4,0.3322854312566963,-0.16108233479959688,0.8256531973129895,0.3531328798330615
418,common_DL,5,-0.3243684994803129,-0.817437919996082,0.1687009210354562,0.004133656805435819
418,comp_specific,1,0.8592164865740146,0.325980434607395,1.3924525385406343,1.0616900819666621
418,comp_specific,2,0.24839147548851637,-0.49416682884551366,0.9909497798225464,0.259065148705689
418,comp_specific,3,0.6718388369088446,0.44873961774395654,0.8949380560737327,0.5487416977935012
418,comp_specific,4,0.335638312644597,-0.20925996560192717,0.8805365908911211,0.3531328798330615
418,comp_specific,5,-0.30163704849678524,-0.781490362439428,0.1782162654458575,0.004133656805435819
418,adaptshrink,1,0.8735367751812877,0.3570867231177267,1.3899868272448486,1.0616900819666621
418,adaptshrink,2,0.2780115517825783,-0.39344525591242807,0.9494683594775847,0.259065148705689
418,adaptshrink,3,0.7473568941780886,0.30699892847099447,1.1877148598851828,0.5487416977935012
418,adaptshrink,4,0.3443171997951567,-0.18588631855680954,0.8745207181471228,0.3531328798330615
418,adaptshrink,5,-0.31081529686407294,-0.7939140920220331,0.17228349829388717,0.004133656805435819
419,common_DL,1,-0.9829679289810224,-1.3271204881946446,-0.6388153697674002,-0.8184138387102686
419,common_DL,2,0.7543706109538345,0.46493083845655425,1.0438103834511148,0.7174489217006257
419,common_DL,3,-1.0375537911224066,-1.2878390502483317,-0.7872685319964816,-1.0860122640653123
419,common_DL,4,-0.42477701108727983,-0.7755012264262067,-0.07405279574835294,-0.3790696580188028
419,common_DL,5,0.21667908940718097,-0.056658719948010666,0.49001689876237264,0.30139225619553106
419,comp_specific,1,-0.9664588157935343,-1.2663668480673138,-0.6665507835197549,-0.8184138387102686
419,comp_specific,2,0.8634052460451884,0.650177516431274,1.0766329756591029,0.7174489217006257
419,comp_specific,3,-0.996639999906034,-1.1577238909394711,-0.835556108872597,-1.0860122640653123
419,comp_specific,4,-0.3006181757712531,-0.8121366480343486,0.21090029649184233,-0.3790696580188028
419,comp_specific,5,0.27457031043035734,-0.08751145689890827,0.636652077759623,0.30139225619553106
419,adaptshrink,1,-0.9757773677757461,-1.2987802919878397,-0.6527744435636524,-0.8184138387102686
419,adaptshrink,2,0.7984743112490005,0.5265880905425127,1.0703605319554883,0.7174489217006257
419,adaptshrink,3,-1.0271499675069453,-1.2450551712407356,-0.809244763773155,-1.0860122640653123
419,adaptshrink,4,-0.3692117378101502,-0.7900332118269799,0.05160973620667958,-0.3790696580188028
419,adaptshrink,5,0.2552779273596261,-0.06204662416372597,0.5726024788829782,0.30139225619553106
420,common_DL,1,0.4625603246876031,0.25057258208182026,0.6745480672933859,0.4757186947160626
420,common_DL,2,-0.2529291230351546,-0.491763278635058,-0.014094967435251154,-0.16465093000170283
420,common_DL,3,-0.3652443913285124,-0.6250897437689644,-0.10539903888806035,-0.4205900922204495
420,common_DL,4,0.766621299450762,0.539776007347734,0.9934665915537899,0.8685634053258865
420,common_DL,5,-0.6073854535649919,-0.8137617873455611,-0.40100911978442255,-0.5345789222200965
420,comp_specific,1,0.475779477133546,0.2831030486903823,0.6684559055767098,0.4757186947160626
420,comp_specific,2,-0.25871408778135874,-0.5272103484399471,0.0097821728772296,-0.16465093000170283
420,comp_specific,3,-0.383401525902187,-0.678752310883841,-0.088050740920533,-0.4205900922204495
420,comp_specific,4,0.7972507418445568,0.5112475029804195,1.083253980708694,0.8685634053258865
420,comp_specific,5,-0.6125169057468721,-0.8108572335577438,-0.41417657793600043,-0.5345789222200965
420,adaptshrink,1,0.4698356176394754,0.267174579154911,0.6724966561240397,0.4757186947160626
420,adaptshrink,2,-0.25541870312066967,-0.5048212016757798,-0.006016204565559485,-0.16465093000170283
420,adaptshrink,3,-0.37274568676077474,-0.645793239479708,-0.09969813404184147,-0.4205900922204495
420,adaptshrink,4,0.7926209262658501,0.5242759544690718,1.0609658980626284,0.8685634053258865
420,adaptshrink,5,-0.6081443326652405,-0.8076266393518564,-0.40866202597862455,-0.5345789222200965
421,common_DL,1,0.614764977237916,0.3479893150820941,0.881540639393738,0.7393890834675386
421,common_DL,2,-0.20994438186693354,-0.46602128633218215,0.04613252259831507,-0.18161350116666602
421,common_DL,3,-0.7500777115697961,-0.9930850748079226,-0.5070703483316695,-0.8071623131816688
421,common_DL,4,-0.10337116150878317,-0.37330624731055906,0.16656392429299272,-0.29511615727911344
421,common_DL,5,-0.1771251223051591,-0.4252284466201506,0.07097820200983238,-0.3684879572750343
421,comp_specific,1,0.6424778272904763,0.42734818596099344,0.8576074686199592,0.7393890834675386
421,comp_specific,2,-0.2108172728261392,-0.5713896029964395,0.14975505734416106,-0.18161350116666602
421,comp_specific,3,-0.7819099549428302,-0.9888139655566766,-0.5750059443289839,-0.8071623131816688
421,comp_specific,4,-0.12279328360878844,-0.3897886703158005,0.14420210309822362,-0.29511615727911344
421,comp_specific,5,-0.18390825779852238,-0.40422973813842983,0.03641322254138507,-0.3684879572750343
421,adaptshrink,1,0.6268515617579129,0.3832138829242049,0.8704892405916209,0.7393890834675386
421,adaptshrink,2,-0.21144823886318106,-0.5274069763465908,0.10451049862022868,-0.18161350116666602
421,adaptshrink,3,-0.7632357520917499,-0.9897525435855345,-0.5367189605979652,-0.8071623131816688
421,adaptshrink,4,-0.11341149770833503,-0.383202021855513,0.15637902643884294,-0.29511615727911344
421,adaptshrink,5,-0.1807325368840854,-0.41479456737305964,0.053329493604888895,-0.3684879572750343
422,common_DL,1,-0.8144538114156765,-1.066316702944436,-0.562590919886917,-0.9443115184277849
422,common_DL,2,0.5485588548477947,0.3977719225764875,0.6993457871191018,0.40496106871104104
422,common_DL,3,-1.0035876857247117,-1.1588490803145624,-0.848326291134861,-0.9415167195501875
422,common_DL,4,-0.30266897162612705,-0.47229590338563376,-0.13304203986662033,-0.31595618555507043
422,common_DL,5,0.5724827193730715,0.43048060725567305,0.7144848314904699,0.5060327341691594
422,comp_specific,1,-0.8144538114156754,-1.066316702944435,-0.5625909198869159,-0.9443115184277849
422,comp_specific,2,0.5503834495864737,0.39837206341670994,0.7023948357562374,0.40496106871104104
422,comp_specific,3,-0.9665548020260366,-1.1571928038077304,-0.775916800244343,-0.9415167195501875
422,comp_specific,4,-0.34737987115594365,-0.5683525794152501,-0.12640716289663723,-0.31595618555507043
422,comp_specific,5,0.5813915305970878,0.4279745786934114,0.7348084825007642,0.5060327341691594
422,adaptshrink,1,-0.8144538114156757,-1.0663167029444351,-0.5625909198869163,-0.9443115184277849
422,adaptshrink,2,0.5493753134750209,0.39806211293547333,0.7006885140145684,0.40496106871104104
422,adaptshrink,3,-0.9906924701240364,-1.1708128420433264,-0.8105720982047465,-0.9415167195501875
422,adaptshrink,4,-0.31875085067967734,-0.5236097422412851,-0.11389195911806957,-0.31595618555507043
422,adaptshrink,5,0.5764638249248669,0.42941717640439475,0.723510473445339,0.5060327341691594
423,common_DL,1,0.7354771785885172,0.30821749040063523,1.1627368667763993,0.3708019906471272
423,common_DL,2,0.5616238496045346,0.196004409824102,0.9272432893849671,0.1968759532798951
423,common_DL,3,0.3598779317082239,0.08735035005457586,0.632405513361872,0.20831091523422904
423,common_DL,4,0.5332895668399036,0.23919640889351196,0.8273827247862953,0.7743578774008193
423,common_DL,5,-1.017666144024734,-1.3113267757800953,-0.7240055122693729,-1.0967195636772653
423,comp_specific,1,0.719601115886526,0.3750064079519617,1.0641958238210902,0.3708019906471272
423,comp_specific,2,0.7574425949972063,0.14130540211721754,1.3735797878771951,0.1968759532798951
423,comp_specific,3,0.36248164156293156,0.028036008986331906,0.6969272741395311,0.20831091523422904
423,comp_specific,4,0.53342609575876,0.37591435549081875,0.6909378360267012,0.7743578774008193
423,comp_specific,5,-0.9119766951569948,-1.109680837119047,-0.7142725531949425,-1.0967195636772653
423,adaptshrink,1,0.7300559139678169,0.3356465296391616,1.1244652982964722,0.3708019906471272
423,adaptshrink,2,0.7253333222051509,0.2210212006105189,1.2296454437997828,0.1968759532798951
423,adaptshrink,3,0.3610248662075931,0.05357294218986064,0.6684767902253256,0.20831091523422904
423,adaptshrink,4,0.5472047984899469,0.2978983994630019,0.7965111975168918,0.7743578774008193
423,adaptshrink,5,-0.9687585225460741,-1.2276363481733412,-0.7098806969188071,-1.0967195636772653
424,common_DL,1,0.09889999447043853,-0.16592828032189277,0.3637282692627698,0.170878443203968
424,common_DL,2,-0.3462740237738686,-0.7883086214765287,0.0957605739287915,-0.229146154735704
424,common_DL,3,0.6895590727040164,0.4212150992206958,0.957903046187337,0.8894014213088164
424,common_DL,4,0.09333584946827156,-0.1791132106930941,0.3657849096296372,0.2090234428199715
424,common_DL,5,0.5745813156839383,0.31966248092520255,0.8295001504426741,0.46035632399965504
424,comp_specific,1,0.1376916645264722,-0.07924707763090952,0.3546304066838539,0.170878443203968
424,comp_specific,2,-0.35407480214652803,-0.8178017027715462,0.10965209847849011,-0.229146154735704
424,comp_specific,3,0.6661532345697443,0.3457911789779112,0.9865152901615775,0.8894014213088164
424,comp_specific,4,0.08002626853426674,-0.15013444946562587,0.3101869865341593,0.2090234428199715
424,comp_specific,5,0.5482296897835499,0.3620211491145584,0.7344382304525414,0.46035632399965504
424,adaptshrink,1,0.11953065432047669,-0.12034037714472731,0.35940168578568066,0.170878443203968
424,adaptshrink,2,-0.349040624026855,-0.7984512370194895,0.10036998896577953,-0.229146154735704
424,adaptshrink,3,0.6757143473510733,0.37899850477861335,0.9724301899235333,0.8894014213088164
424,adaptshrink,4,0.08636431902016764,-0.16694588563875787,0.3396745236790931,0.2090234428199715
424,adaptshrink,5,0.5639374053620304,0.3383380303516289,0.7895367803724319,0.46035632399965504
425,common_DL,1,0.2523725559124731,0.03811330306382116,0.46663180876112503,0.23871531012011676
425,common_DL,2,-0.4429326500715159,-0.7688149052851804,-0.1170503948578514,-0.4875410001787528
425,common_DL,3,-0.17383026234191165,-0.4594450262192459,0.11178450153542255,-0.3740161098149071
425,common_DL,4,-0.04144876795718441,-0.25293688374265466,0.17003934782828584,-0.00651725183715644
425,common_DL,5,-0.6602254439201491,-0.9108091130201874,-0.40964177482011094,-0.5536513009784076
425,comp_specific,1,0.2755872593638385,0.014007845885334491,0.5371666728423425,0.23871531012011676
425,comp_specific,2,-0.4040820882908139,-0.7502453274454647,-0.057918849136163075,-0.4875410001787528
425,comp_specific,3,-0.13109200833585027,-0.46436403485080485,0.2021800181791043,-0.3740161098149071
425,comp_specific,4,-0.023287337734784724,-0.17367429082185373,0.12709961535228428,-0.00651725183715644
425,comp_specific,5,-0.6276148068139942,-0.8326402143509257,-0.4225893992770626,-0.5536513009784076
425,adaptshrink,1,0.26496507008514464,0.02346261437728492,0.5064675257930044,0.23871531012011676
425,adaptshrink,2,-0.4195715747527567,-0.7567910958782722,-0.08235205362724124,-0.4875410001787528
425,adaptshrink,3,-0.1500542137163206,-0.46136110587489176,0.16125267844225055,-0.3740161098149071
425,adaptshrink,4,-0.0317480814575323,-0.21399021485312775,0.15049405193806314,-0.00651725183715644
425,adaptshrink,5,-0.6473898978890764,-0.8830100074376327,-0.41176978834052014,-0.5536513009784076
426,common_DL,1,0.43390275982136717,-0.1316584859196852,0.9994640055624195,0.14763480138761131
426,common_DL,2,0.9912270552358797,0.437550928851449,1.5449031816203105,0.5904177761393999
426,common_DL,3,-0.1525528352996769,-0.7326133436188026,0.4275076730194488,-0.2729489946910352
426,common_DL,4,0.014446012502807193,-0.43886407800764304,0.46775610301325743,-0.14481768922574692
426,common_DL,5,0.13029061228982158,-0.34047458503721273,0.6010558096168559,0.07686298814427024
426,comp_specific,1,0.4919073697192194,0.09924123493845055,0.8845735044999883,0.14763480138761131
426,comp_specific,2,1.2128609318482972,0.44056241411175634,1.9851594495848381,0.5904177761393999
426,comp_specific,3,-0.18649066600525394,-0.3586566449972669,-0.014324687013240939,-0.2729489946910352
426,comp_specific,4,0.06610068318374468,-0.5365580759574917,0.668759442324981,-0.14481768922574692
426,comp_specific,5,0.1070747773735965,-0.3545803730779749,0.5687299278251678,0.07686298814427024
426,adaptshrink,1,0.46484977104008296,-0.04502105186124117,0.9747205939414071,0.14763480138761131
426,adaptshrink,2,1.1069338398803188,0.44027549601946103,1.7735921837411766,0.5904177761393999
426,adaptshrink,3,-0.15540994216250426,-0.6473978814956568,0.3365779971706483,-0.2729489946910352
426,adaptshrink,4,0.04565440581016822,-0.4906081766982988,0.5819169883186353,-0.14481768922574692
426,adaptshrink,5,0.1193399850811035,-0.3515090458057441,0.590189015967951,0.07686298814427024
427,common_DL,1,-0.5734369722005519,-0.885529409227432,-0.26134453517367184,-0.41600623493101574
427,common_DL,2,0.6615498367299082,0.279654582929732,1.0434450905300845,0.10456168298016529
427,common_DL,3,-0.6285233139284712,-0.8718113205584592,-0.38523530729848315,-0.6247823039263125
427,common_DL,4,-1.0931525350338394,-1.3179013482029818,-0.8684037218646969,-1.0470077118652001
427,common_DL,5,-0.2983649193204769,-0.5203090358169964,-0.07642080282395741,-0.2701630853539157
427,comp_specific,1,-0.5648688169705329,-0.8978524664251006,-0.23188516751596516,-0.41600623493101574
427,comp_specific,2,0.6126083950016298,0.17137651947943244,1.053840270523827,0.10456168298016529
427,comp_specific,3,-0.6842471819956317,-1.0027799435220333,-0.36571442046923025,-0.6247823039263125
427,comp_specific,4,-1.1287178595513545,-1.3161080477391378,-0.9413276713635712,-1.0470077118652001
427,comp_specific,5,-0.2931523089808602,-0.4257433846746562,-0.16056123328706418,-0.2701630853539157
427,adaptshrink,1,-0.5674284064473846,-0.8882782128422592,-0.24657860005250998,-0.41600623493101574
427,adaptshrink,2,0.638186255871568,0.22864884248229794,1.047723669260838,0.10456168298016529
427,adaptshrink,3,-0.6600996730828224,-0.9472100487299201,-0.3729892974357246,-0.6247823039263125
427,adaptshrink,4,-1.1112236023997668,-1.31828435740727,-0.9041628473922636,-1.0470077118652001
427,adaptshrink,5,-0.2955036126765156,-0.4818709101570555,-0.10913631519597569,-0.2701630853539157
428,common_DL,1,0.5189332737919727,0.1123832585447464,0.9254832890391991,0.6456238970529183
428,common_DL,2,0.22021848563679108,-0.32006715866657925,0.7605041299401614,-0.04154872594186655
428,common_DL,3,-0.010416819138918898,-0.3671157420452042,0.3462821037673664,0.1945417022733678
428,common_DL,4,-0.8905244780033303,-1.2961480660471543,-0.4849008899595064,-0.5614371708737096
428,common_DL,5,-0.6305547983138091,-1.1358621720846,-0.12524742454301818,-0.5415798649945793
428,comp_specific,1,0.5581179904186212,0.37934014792170523,0.7368958329155372,0.6456238970529183
428,comp_specific,2,0.16882080642699668,-0.14857102480676052,0.48621263766075384,-0.04154872594186655
428,comp_specific,3,-0.023473103869677298,-0.30086357273188635,0.2539173649925318,0.1945417022733678
428,comp_specific,4,-0.8359871013514211,-1.5883768546435522,-0.08359734805929009,-0.5614371708737096
428,comp_specific,5,-0.670168495046729,-0.892181677491084,-0.44815531260237407,-0.5415798649945793
428,adaptshrink,1,0.5229718704367846,0.17376836203901863,0.8721753788345505,0.6456238970529183
428,adaptshrink,2,0.2119520962244033,-0.2684528713682608,0.6923570638170674,-0.04154872594186655
428,adaptshrink,3,-0.01319584497936209,-0.3272013082602353,0.3008096183015111,0.1945417022733678
428,adaptshrink,4,-0.8462118561424128,-1.4520644776258647,-0.2403592346589608,-0.5614371708737096
428,adaptshrink,5,-0.6397797032535553,-1.078724717202894,-0.2008346893042166,-0.5415798649945793
429,common_DL,1,-0.07509926587538057,-0.4692370938155524,0.31903856206479125,-0.10002530542928634
429,common_DL,2,-0.09408003715245555,-0.4764343872492195,0.2882743129443084,-0.11508551003552409
429,common_DL,3,-0.38102934970176316,-0.6996421758563762,-0.06241652354715005,-0.4691625664690637
429,common_DL,4,-0.7482585957812,-1.1340547388050972,-0.3624624527573029,-0.4979626027344617
429,common_DL,5,-0.895858856974667,-1.204069974816933,-0.5876477391324011,-0.7375457108447636
429,comp_specific,1,-0.07181244166614714,-0.404417887973378,0.26079300464108374,-0.10002530542928634
429,comp_specific,2,-0.1219493388376286,-0.6672044519252366,0.4233057742499794,-0.11508551003552409
429,comp_specific,3,-0.29531525056711283,-0.5239223257323231,-0.0667081754019026,-0.4691625664690637
429,comp_specific,4,-0.7331137484094091,-1.2122913980317667,-0.25393609878705165,-0.4979626027344617
429,comp_specific,5,-0.8941238182615892,-1.2220803787855856,-0.5661672577375926,-0.7375457108447636
429,adaptshrink,1,-0.07462076676155066,-0.4444055623580979,0.2951640288349966,-0.10002530542928634
429,adaptshrink,2,-0.11631587423986184,-0.5939940013272185,0.3613622528474948,-0.11508551003552409
429,adaptshrink,3,-0.3531887714259178,-0.637682708105844,-0.06869483474599158,-0.4691625664690637
429,adaptshrink,4,-0.7349105766233135,-1.1831910278000937,-0.2866301254465333,-0.4979626027344617
429,adaptshrink,5,-0.8850712958936686,-1.1934958881936135,-0.5766467035937237,-0.7375457108447636
430,common_DL,1,0.621620327775494,0.18305866152075584,1.0601819940302322,0.5343707639812908
430,common_DL,2,-0.5823366831771987,-0.9790458899875054,-0.18562747636689197,-0.5401342658753323
430,common_DL,3,-1.281314645080673,-1.800241816972385,-0.7623874731889609,-1.2929113542561412
430,common_DL,4,0.20960323820450402,-0.13503927479048636,0.5542457511994944,-0.421970172468336
430,common_DL,5,-0.06699194678979548,-0.5074515363696996,0.37346764279010874,-0.1788448687144475
430,comp_specific,1,0.6339955242905164,0.40555120854706816,0.8624398400339647,0.5343707639812908
430,comp_specific,2,-0.5925978859437464,-1.0450944726487812,-0.14010129923871162,-0.5401342658753323
430,comp_specific,3,-1.2279201443396106,-1.442061678684311,-1.0137786099949102,-1.2929113542561412
430,comp_specific,4,0.12535244516190758,-0.25668319627570213,0.5073880865995173,-0.421970172468336
430,comp_specific,5,-0.13319457313963318,-0.4012619592431618,0.13487281296389547,-0.1788448687144475
430,adaptshrink,1,0.6085096102728006,0.22464357450274763,0.9923756460428536,0.5343707639812908
430,adaptshrink,2,-0.588116231834769,-1.0137346849060955,-0.16249777876344246,-0.5401342658753323
430,adaptshrink,3,-1.2719480062568274,-1.7176920294230027,-0.8262039830906521,-1.2929113542561412
430,adaptshrink,4,0.16132240466322273,-0.2126799698678501,0.5353247791942956,-0.421970172468336
430,adaptshrink,5,-0.10172292459733155,-0.4908492835555035,0.28740343436084037,-0.1788448687144475
431,common_DL,1,-0.07430433907921939,-0.38475561648001044,0.23614693832157163,-0.07417645884597865
431,common_DL,2,0.5275596510667877,0.19675860681233476,0.8583606953212406,0.506402488650468
431,common_DL,3,-0.438185964635008,-0.7889871824863683,-0.0873847467836476,-0.49673320435175655
431,common_DL,4,-0.1407410759089856,-0.4328679196462864,0.1513857678283152,-0.07904013373566265
431,common_DL,5,0.30495136758932045,0.00685379505000705,0.6030489401286339,-0.003709478643852683
431,comp_specific,1,-0.1511304938003954,-0.3596443101138239,0.0573833225130331,-0.07417645884597865
431,comp_specific,2,0.6045926630376509,0.3437070042508138,0.865478321824488,0.506402488650468
431,comp_specific,3,-0.41392923539385523,-0.7737210475985798,-0.05413742318913067,-0.49673320435175655
431,comp_specific,4,-0.10506870325414915,-0.3870869174640855,0.17694951095578726,-0.07904013373566265
431,comp_specific,5,0.3233777915445177,0.023642486105024174,0.6231130969840112,-0.003709478643852683
431,adaptshrink,1,-0.09896266001447888,-0.3723843432587201,0.1744590232297623,-0.07417645884597865
431,adaptshrink,2,0.5605623098474638,0.25482614971513423,0.8662984699797933,0.506402488650468
431,adaptshrink,3,-0.4237452202346762,-0.7855228113308323,-0.06196762913852011,-0.49673320435175655
431,adaptshrink,4,-0.12140777504422905,-0.4104925078458872,0.16767695775742908,-0.07904013373566265
431,adaptshrink,5,0.32082365776900246,0.016362248282958847,0.6252850672550461,-0.003709478643852683
432,common_DL,1,0.4315995271818642,0.12676442629602003,0.7364346280677083,0.28245058909717735
432,common_DL,2,-0.07322800520960375,-0.37094496961351403,0.2244889591943065,-0.258164252391452
432,common_DL,3,0.41828890553179,0.08362947470353171,0.7529483363600482,0.3618474772820659
432,common_DL,4,0.21626669593285897,-0.09590893850021898,0.5284423303659369,0.2314273832154235
432,common_DL,5,-0.5188908959570377,-0.8119785891330626,-0.2258032027810129,-0.673477425963421
432,comp_specific,1,0.4002971756837341,0.07601406024388524,0.7245802911235829,0.28245058909717735
432,comp_specific,2,-0.15017099441344278,-0.5558985558583804,0.25555656703149493,-0.258164252391452
432,comp_specific,3,0.29499674988565217,-0.1283432467921774,0.7183367465634818,0.3618474772820659
432,comp_specific,4,0.14656797790196677,-0.16606606106689345,0.45920201687082696,0.2314273832154235
432,comp_specific,5,-0.5843654098514356,-0.7888328924395802,-0.3798979272632909,-0.673477425963421
432,adaptshrink,1,0.4208140377182264,0.09278043265758185,0.748847642778871,0.28245058909717735
432,adaptshrink,2,-0.11607346547029437,-0.4717264845156749,0.23957955357508617,-0.258164252391452
432,adaptshrink,3,0.3660189903310648,-0.011798062331604409,0.743836042993734,0.3618474772820659
432,adaptshrink,4,0.18304882143829893,-0.1413372505342741,0.5074348934108719,0.2314273832154235
432,adaptshrink,5,-0.5502440105792105,-0.8093639501983148,-0.29112407096010623,-0.673477425963421
433,common_DL,1,-0.05671158306000265,-0.3297795125334446,0.21635634641343934,-0.1981624700787498
433,common_DL,2,0.5874374591634534,0.30465990027319395,0.8702150180537127,0.2672162662527621
433,common_DL,3,-0.6726018408773577,-0.9720108276392392,-0.37319285411547637,-0.4569422163990926
433,common_DL,4,0.14072601737072524,-0.2619771988124876,0.5434292335539381,0.324747650040602
433,common_DL,5,-0.03894429720912042,-0.3310349876147451,0.2531463931965043,-0.10638673211602649
433,comp_specific,1,-0.0556938477855886,-0.29433060111969445,0.18294290554851728,-0.1981624700787498
433,comp_specific,2,0.5952460245023914,0.32337547854113136,0.8671165704636514,0.2672162662527621
433,comp_specific,3,-0.6834317686538725,-0.9563578149478544,-0.41050572235989047,-0.4569422163990926
433,comp_specific,4,-0.2109894752975548,-0.8792378683012501,0.4572589177061405,0.324747650040602
433,comp_specific,5,-0.12486900231305646,-0.3376803071424274,0.08794230251631448,-0.10638673211602649
433,adaptshrink,1,-0.05756312421879539,-0.3141169643779238,0.19899071594033302,-0.1981624700787498
433,adaptshrink,2,0.5908940690418021,0.31368193279716056,0.8681062052864437,0.2672162662527621
433,adaptshrink,3,-0.683352655863551,-0.9695587335803151,-0.39714657814678694,-0.4569422163990926
433,adaptshrink,4,-0.11445103059551384,-0.6667210445962544,0.4378189834052266,0.324747650040602
433,adaptshrink,5,-0.08337617522905916,-0.3463869670639528,0.17963461660583446,-0.10638673211602649
434,common_DL,1,0.4459760127901745,0.11880023465931677,0.7731517909210323,0.6632235199361538
434,common_DL,2,-0.7101244389025667,-0.9208344164480767,-0.4994144613570567,-0.5172806350558288
434,common_DL,3,-0.39780632524601073,-0.5526162428655057,-0.24299640762651575,-0.37023531494346273
434,common_DL,4,0.6677134720443486,0.24660853319639808,1.0888184108922991,0.7448317492081182
434,common_DL,5,0.10192972494985823,-0.11899967905068416,0.32285912895040064,0.1993093615087459
434,comp_specific,1,0.4526070260760534,0.10610749307822115,0.7991065590738857,0.6632235199361538
434,comp_specific,2,-0.6397329483952222,-0.9006737294519807,-0.3787921673384637,-0.5172806350558288
434,comp_specific,3,-0.3895683272453966,-0.5469927286468732,-0.23214392584391993,-0.37023531494346273
434,comp_specific,4,0.6554429134550025,0.20059278284485232,1.1102930440651526,0.7448317492081182
434,comp_specific,5,0.12358571322929447,-0.10500546004036128,0.35217688649895024,0.1993093615087459
434,adaptshrink,1,0.44975576402711104,0.11414992253345019,0.7853616055207719,0.6632235199361538
434,adaptshrink,2,-0.6605826508445547,-0.901769999903683,-0.4193953017854264,-0.5172806350558288
434,adaptshrink,3,-0.39181093948130963,-0.5481087649562149,-0.2355131140064044,-0.37023531494346273
434,adaptshrink,4,0.6640152747320015,0.2317638420979558,1.0962667073660473,0.7448317492081182
434,adaptshrink,5,0.11627774360216442,-0.10918033968972404,0.3417358268940529,0.1993093615087459
435,common_DL,1,-0.26652668331180124,-0.649769622180718,0.11671625555711551,-0.19733287626014448
435,common_DL,2,0.07295921524020045,-0.2213720903552469,0.3672905208356478,0.25289033646224324
435,common_DL,3,0.002804010412283481,-0.28189951849248307,0.2875075393170501,0.09332958133321596
435,common_DL,4,0.07032468071083378,-0.2693724596856424,0.4100218211073099,0.3308944525926542
435,common_DL,5,0.8827728870902211,0.5906703576384091,1.174875416542033,1.0597381031940925
435,comp_specific,1,-0.26709961267292853,-0.6720210485272653,0.13782182318140818,-0.19733287626014448
435,comp_specific,2,-0.01723294168758263,-0.28898242717764755,0.25451654380248234,0.25289033646224324
435,comp_specific,3,-0.0035212419936049427,-0.1780438168881388,0.1710013329009289,0.09332958133321596
435,comp_specific,4,0.10720463244806905,-0.3448391546491014,0.5592484195452395,0.3308944525926542
435,comp_specific,5,0.8736971527145934,0.5470179205921728,1.200376384837014,1.0597381031940925
435,adaptshrink,1,-0.26331169498490326,-0.6574545259226688,0.13083113595286233,-0.19733287626014448
435,adaptshrink,2,0.028057206121738704,-0.254735915787065,0.31085032803054236,0.25289033646224324
435,adaptshrink,3,0.0007059188904087882,-0.2319187739630712,0.2333306117438888,0.09332958133321596
435,adaptshrink,4,0.08066514613819545,-0.30316515200214134,0.4644954442785322,0.3308944525926542
435,adaptshrink,5,0.8770567058893946,0.5616384414072806,1.1924749703715085,1.0597381031940925
436,common_DL,1,-0.22784567399972694,-0.3929766942481012,-0.06271465375135268,-0.17761808241699467
436,common_DL,2,-0.6770099821571105,-0.8700843455021934,-0.4839356188120276,-0.9273952491298013
436,common_DL,3,0.8374598793218985,0.522646804703368,1.1522729539404288,0.5215140884972286
436,common_DL,4,0.5221801547623472,0.2898277217834604,0.7545325877412341,0.5199615979199507
436,common_DL,5,1.1525724621312796,0.9639188522715146,1.3412260719910447,0.983735019321324
436,comp_specific,1,-0.25341508112761557,-0.48085442696681646,-0.02597573528841471,-0.17761808241699467
436,comp_specific,2,-0.6907846172056912,-0.9103698107578817,-0.4711994236535006,-0.9273952491298013
436,comp_specific,3,0.6556701737098989,0.1891029554228671,1.1222373919969306,0.5215140884972286
436,comp_specific,4,0.4403448985862684,0.12812603116545185,0.752563766007085,0.5199615979199507
436,comp_specific,5,1.0292010380674057,0.720810297404341,1.3375917787304705,0.983735019321324
436,adaptshrink,1,-0.2520100978848019,-0.45652720499675314,-0.04749299077285066,-0.17761808241699467
436,adaptshrink,2,-0.6907168020675486,-0.8943371790652745,-0.48709642506982265,-0.9273952491298013
436,adaptshrink,3,0.7631789465170357,0.37442380556370564,1.1519340874703656,0.5215140884972286
436,adaptshrink,4,0.4789898587931641,0.20653173074833625,0.751447986837992,0.5199615979199507
436,adaptshrink,5,1.076633825474502,0.8107438005834513,1.3425238503655528,0.983735019321324
437,common_DL,1,-0.28564961113954324,-0.7050918958708915,0.13379267359180502,-0.16086227309664514
437,common_DL,2,-1.8854239240011603,-2.3500395572249158,-1.4208082907774047,-1.6473741537301674
437,common_DL,3,-0.12383860812384268,-0.4358701997867017,0.18819298353901637,-0.1844894113133506
437,common_DL,4,-0.26960383870090154,-0.5831905939199965,0.043982916518193416,-0.37588380724857334
437,common_DL,5,-0.20261425704565106,-0.5284535831643767,0.12322506907307462,-0.27452165273005724
437,comp_specific,1,-0.2716930279233556,-0.8417743625404398,0.2983883066937286,-0.16086227309664514
437,comp_specific,2,-2.1392328746505958,-2.5866446563696166,-1.691821092931575,-1.6473741537301674
437,comp_specific,3,-0.12045432922749955,-0.3448981864836157,0.10398952802861663,-0.1844894113133506
437,comp_specific,4,-0.19721325906616904,-0.49930706020116805,0.10488054206882996,-0.37588380724857334
437,comp_specific,5,-0.23707071392274626,-0.44742771270761916,-0.02671371513787338,-0.27452165273005724
437,adaptshrink,1,-0.3185471902410024,-0.8040615843856389,0.16696720390363406,-0.16086227309664514
437,adaptshrink,2,-1.995049357579251,-2.4646583116306897,-1.5254404035278122,-1.6473741537301674
437,adaptshrink,3,-0.1251495153227018,-0.39757002599831287,0.14727099535290927,-0.1844894113133506
437,adaptshrink,4,-0.24507876574558962,-0.5655303368268048,0.07537280533562546,-0.37588380724857334
437,adaptshrink,5,-0.2254014382525084,-0.5008848930824481,0.05008201657743133,-0.27452165273005724
438,common_DL,1,0.6660350692583216,0.3965318595226865,0.9355382789939566,0.5459855845830823
438,common_DL,2,0.2511126926397637,-0.1251100876745957,0.6273354729541232,-0.031404555979049564
438,common_DL,3,0.06380842118885774,-0.19070039939494673,0.3183172417726622,0.013559859864730258
438,common_DL,4,-0.4198091297177222,-0.7725020194002141,-0.06711624003523037,-0.5623072518687768
438,common_DL,5,0.6792531174126034,0.3175176157701635,1.0409886190550433,0.4406293289258735
438,comp_specific,1,0.5931269960330721,0.29864670194559173,0.8876072901205524,0.5459855845830823
438,comp_specific,2,0.25553592807995407,-0.09584046176886074,0.6069123179287689,-0.031404555979049564
438,comp_specific,3,0.06854859542090849,-0.18603331025774514,0.3231305010995621,0.013559859864730258
438,comp_specific,4,-0.5878505053201791,-1.1428198617071708,-0.0328811489331875,-0.5623072518687768
438,comp_specific,5,0.6374326458771881,0.2798693127137701,0.994995979040606,0.4406293289258735
438,adaptshrink,1,0.6329056048131227,0.35113058085920157,0.9146806287670439,0.5459855845830823
438,adaptshrink,2,0.2540078281849317,-0.11140701119392055,0.619422667563784,-0.031404555979049564
438,adaptshrink,3,0.06638402149160451,-0.18849826624861987,0.32126630923182886,0.013559859864730258
438,adaptshrink,4,-0.4823489878999343,-0.9286349775354897,-0.036062998264378865,-0.5623072518687768
438,adaptshrink,5,0.6572012670379836,0.2969268926399453,1.017475641436022,0.4406293289258735
439,common_DL,1,-0.7553578873756029,-1.179468034130898,-0.3312477406203078,-0.5630394818014788
439,common_DL,2,0.005643286586802932,-0.31238698466567827,0.3236735578392841,-0.17248444517505326
439,common_DL,3,0.04063181977394346,-0.23818439857857018,0.3194480381264571,0.1637463242304504
439,common_DL,4,0.408454138403084,0.08679338489220406,0.730114891913964,0.5198100602924106
439,common_DL,5,0.3319806063886039,0.04418322027646082,0.6197779925007469,0.5878392599630342
439,comp_specific,1,-0.769756479577831,-1.0871933062789987,-0.45231965287666337,-0.5630394818014788
439,comp_specific,2,-0.058916209382737936,-0.47336998030655225,0.35553756154107635,-0.17248444517505326
439,comp_specific,3,-0.016331198748163214,-0.2607047990822922,0.22804240158596578,0.1637463242304504
439,comp_specific,4,0.42199978009338873,0.04553444259126155,0.798465117595516,0.5198100602924106
439,comp_specific,5,0.29811654128514803,0.10856845294946896,0.48766462962082713,0.5878392599630342
439,adaptshrink,1,-0.7589179180252442,-1.1522515106404279,-0.36558432541006053,-0.5630394818014788
439,adaptshrink,2,-0.0362250278498274,-0.41315572813260576,0.34070567243295097,-0.17248444517505326
439,adaptshrink,3,0.008493100584093975,-0.25658668746164615,0.2735728886298341,0.1637463242304504
439,adaptshrink,4,0.42123410509641473,0.069124896424825,0.7733433137680045,0.5198100602924106
439,adaptshrink,5,0.3238781253471606,0.07249597982268863,0.5752602708716326,0.5878392599630342
440,common_DL,1,0.20594475676028606,-0.1815020277701178,0.5933915412906899,0.02133615641860452
440,common_DL,2,0.10807664170275659,-0.2472960772521251,0.4634493606576383,-0.07447350153300941
440,common_DL,3,-0.5709847696525752,-0.9421553169267077,-0.1998142223784426,-0.6954097485184867
440,common_DL,4,-0.4914568628295538,-0.8605998893847564,-0.12231383627435116,-0.20796028426947252
440,common_DL,5,0.2718286476506607,-0.19364025040047922,0.7372975457018007,0.4074317139844953
440,comp_specific,1,0.11531734242176948,-0.4575555155105746,0.6881902003541136,0.02133615641860452
440,comp_specific,2,-0.0348099547817841,-0.4214623430706848,0.3518424335071166,-0.07447350153300941
440,comp_specific,3,-0.5503128986479434,-0.7426113031856914,-0.3580144941101955,-0.6954097485184867
440,comp_specific,4,-0.49186730548514696,-0.799996881193077,-0.18373772977721692,-0.20796028426947252
440,comp_specific,5,0.24321260523786953,0.00933428432356423,0.47709092615217485,0.4074317139844953
440,adaptshrink,1,0.15097378783086043,-0.34310600846391803,0.645053584125639,0.02133615641860452
440,adaptshrink,2,0.03347579709688989,-0.3551769832542122,0.4221285774479919,-0.07447350153300941
440,adaptshrink,3,-0.5820670482278528,-0.9105876458983503,-0.25354645055735536,-0.6954097485184867
440,adaptshrink,4,-0.4916524435019981,-0.8317736105767206,-0.15153127642727565,-0.20796028426947252
440,adaptshrink,5,0.2686705969093244,-0.1353157836399113,0.67265697745856,0.4074317139844953
441,common_DL,1,0.07714542375325428,-0.2443747422559185,0.39866558976242705,0.054433054375512185
441,common_DL,2,0.34121505918002454,0.0055525804401933,0.6768775379198557,0.31615441441744735
441,common_DL,3,-1.3419923341740687,-1.657228150582514,-1.0267565177656235,-1.2120423519215588
441,common_DL,4,0.5705857136425372,0.3355579440296207,0.8056134832554537,0.5860007212856121
441,common_DL,5,-0.6713584390240923,-0.9316137146199339,-0.4111031634282507,-0.8449508822377901
441,comp_specific,1,0.06751351182270346,-0.15379650149688404,0.2888235251422909,0.054433054375512185
441,comp_specific,2,0.326512103355011,0.04123645278057808,0.611787753929444,0.31615441441744735
441,comp_specific,3,-1.3373555313487333,-1.5605065720118043,-1.1142044906856623,-1.2120423519215588
441,comp_specific,4,0.6276844289177271,0.2672728495431691,0.9880960082922852,0.5860007212856121
441,comp_specific,5,-0.7187118214494096,-1.0848291557589214,-0.35259448713989777,-0.8449508822377901
441,adaptshrink,1,0.0733498774965829,-0.2118151647855599,0.3585149197787257,0.054433054375512185
441,adaptshrink,2,0.33441105574065255,0.02504485912102916,0.6437772523602759,0.31615441441744735
441,adaptshrink,3,-1.3395141215012223,-1.6150816524091256,-1.063946590593319,-1.2120423519215588
441,adaptshrink,4,0.6004643801581495,0.29558566932938773,0.9053430909869113,0.5860007212856121
441,adaptshrink,5,-0.6932336656893714,-1.0192930369728086,-0.36717429440593424,-0.8449508822377901
442,common_DL,1,0.45312721684099977,0.14668306628576216,0.7595713673962374,0.5638954650807598
442,common_DL,2,1.4256349233493362,1.173371323126294,1.6778985235723782,1.0274518075243508
442,common_DL,3,-0.4530386843823131,-0.7513382344075596,-0.1547391343570665,-0.49937491936542516
442,common_DL,4,0.8761300023558243,0.5844443225785465,1.167815682133102,1.0366333219522303
442,common_DL,5,0.48119234027907665,0.0879100639459286,0.8744746166122247,0.4168487604082312
442,comp_specific,1,0.4870866054598777,0.33045064354246995,0.6437225673772855,0.5638954650807598
442,comp_specific,2,1.3774960228147823,1.053079905764972,1.7019121398645927,1.0274518075243508
442,comp_specific,3,-0.42276646525584183,-0.612048506758358,-0.23348442375332568,-0.49937491936542516
442,comp_specific,4,0.8634086292536752,0.553666820015239,1.1731504384921114,1.0366333219522303
442,comp_specific,5,0.42421609394415655,-0.06302533699865032,0.9114575248869634,0.4168487604082312
442,adaptshrink,1,0.46506111732199895,0.2055211734064874,0.7246010612375104,0.5638954650807598
442,adaptshrink,2,1.4014641801863867,1.1113785982834414,1.691549762089332,1.0274518075243508
442,adaptshrink,3,-0.44588924919027434,-0.7156203833082293,-0.17615811507231932,-0.49937491936542516
442,adaptshrink,4,0.8604626207894808,0.560640785092203,1.1602844564867585,1.0366333219522303
442,adaptshrink,5,0.4512923104211449,0.012079077834083018,0.8905055430082068,0.4168487604082312
443,common_DL,1,-0.11827119853952539,-0.38904382669243,0.1525014296133792,0.007102713124703939
443,common_DL,2,-0.24564374460722876,-0.5350912593417281,0.04380377012727049,-0.5697971145864175
443,common_DL,3,0.11508692243512228,-0.2312705279573928,0.4614443728276374,0.27754791995363187
443,common_DL,4,-0.10889249221775069,-0.4499662179608338,0.23218123352533246,-0.6263644379589854
443,common_DL,5,0.052110065015999144,-0.2561300917932216,0.36035022182521986,0.20492790359359167
443,comp_specific,1,-0.14729106165228617,-0.32955393933268035,0.034971816028108005,0.007102713124703939
443,comp_specific,2,-0.35217064250296903,-0.7377839424291767,0.0334426574232386,-0.5697971145864175
443,comp_specific,3,0.0645001382148964,-0.3218352337901853,0.45083551021997814,0.27754791995363187
443,comp_specific,4,-0.08696104349947809,-0.3529853933748463,0.17906330637589013,-0.6263644379589854
443,comp_specific,5,0.10168427408201618,-0.16076813227966413,0.3641366804436965,0.20492790359359167
443,adaptshrink,1,-0.13581799432824557,-0.3687961421164141,0.09716015345992293,0.007102713124703939
443,adaptshrink,2,-0.3262045220896057,-0.6780080830984845,0.02559903891927301,-0.5697971145864175
443,adaptshrink,3,0.0842006975089004,-0.2858671374845322,0.454268532502333,0.27754791995363187
443,adaptshrink,4,-0.09915016259074982,-0.406107873793879,0.20780754861237938,-0.6263644379589854
443,adaptshrink,5,0.07770482186466192,-0.20679273382445718,0.36220237755378104,0.20492790359359167
444,common_DL,1,0.0038001949106755348,-0.32635968753026406,0.3339600773516151,0.08750796592539428
444,common_DL,2,0.6870384082317603,0.2849176876668138,1.0891591287967068,0.6903117949531331
444,common_DL,3,-0.23353896004146296,-0.6018368968900704,0.13475897680714444,0.13686611790060838
444,common_DL,4,-0.22198756383666213,-0.5684990762722901,0.12452394859896587,0.1271631462413686
444,common_DL,5,0.11678265176641334,-0.32523009828101296,0.5587954018138397,0.2624994749386657
444,comp_specific,1,0.016735205744701893,-0.32606206087145473,0.3595324723608585,0.08750796592539428
444,comp_specific,2,0.6085887369438171,0.06314631487989852,1.1540311590077357,0.6903117949531331
444,comp_specific,3,-0.13691308341748593,-0.4032052646939276,0.12937909785895574,0.13686611790060838
444,comp_specific,4,-0.29284313076465934,-0.5533912610132993,-0.03229500051601941,0.1271631462413686
444,comp_specific,5,0.10308639458713678,-0.3696842483369245,0.575857037511198,0.2624994749386657
444,adaptshrink,1,0.008545479462437791,-0.33005298700480096,0.3471439459296765,0.08750796592539428
444,adaptshrink,2,0.6269196550128823,0.14471181372569347,1.109127496300071,0.6903117949531331
444,adaptshrink,3,-0.20553520402629194,-0.5368175419518322,0.1257471338992483,0.13686611790060838
444,adaptshrink,4,-0.24909916416456257,-0.5635602538394013,0.0653619255102762,0.1271631462413686
444,adaptshrink,5,0.11401373291541123,-0.347875110093588,0.5759025759244105,0.2624994749386657
445,common_DL,1,0.1521242251476203,-0.2559274951895142,0.5601759454847548,0.10762817018304947
445,common_DL,2,0.7043611265924485,0.23824649034131923,1.1704757628435778,0.708971998325443
445,common_DL,3,0.17954796907409742,-0.20552859109661759,0.5646245292448124,-0.05447563756032753
445,common_DL,4,-0.7578806914944611,-1.2152678556694605,-0.3004935273194618,-0.6121529878599433
445,common_DL,5,-0.14372150633649047,-0.4863425578139131,0.19889954514093214,-0.034644218989603084
445,comp_specific,1,0.14642460056015,-0.05531082619273345,0.3481600273130334,0.10762817018304947
445,comp_specific,2,0.6853952719649018,0.20718622538895315,1.1636043185408504,0.708971998325443
445,comp_specific,3,0.052635769399606236,-0.18344533793756618,0.28871687673677865,-0.05447563756032753
445,comp_specific,4,-0.9323307261619829,-1.5695552196011417,-0.295106232722824,-0.6121529878599433
445,comp_specific,5,-0.2561143087862875,-0.6784951330146285,0.16626651544205356,-0.034644218989603084
445,adaptshrink,1,0.15123875796300723,-0.2029921261398031,0.5054696420658176,0.10762817018304947
445,adaptshrink,2,0.6932320986572538,0.22059466312449122,1.1658695341900163,0.708971998325443
445,adaptshrink,3,0.11662200510675227,-0.21984930700214675,0.45309331721565127,-0.05447563756032753
445,adaptshrink,4,-0.8478470939104383,-1.3961025190606011,-0.29959166876027543,-0.6121529878599433
445,adaptshrink,5,-0.21384324454547304,-0.6059972806332794,0.17831079154233337,-0.034644218989603084
446,common_DL,1,0.6243168433933992,0.2362488015661519,1.0123848852206465,0.6176208568706998
446,common_DL,2,0.4090760168253092,0.15704957164054156,0.6611024620100768,0.6657215727368466
446,common_DL,3,-1.0100563260264326,-1.223379003217587,-0.7967336488352781,-0.9166882963859062
446,common_DL,4,-0.1948597198013752,-0.4635904322955847,0.07387099269283434,-0.43408424712442945
446,common_DL,5,-0.45421067965533213,-0.6754597857923033,-0.23296157351836103,-0.2418302362323061
446,comp_specific,1,0.6725695314206814,0.22831572781893333,1.1168233350224295,0.6176208568706998
446,comp_specific,2,0.5183184806849268,0.189153691637781,0.8474832697320727,0.6657215727368466
446,comp_specific,3,-0.9698917018472935,-1.1745152700856238,-0.7652681336089631,-0.9166882963859062
446,comp_specific,4,-0.16701024647943125,-0.4257688849873222,0.09174839202845969,-0.43408424712442945
446,comp_specific,5,-0.2757263393625578,-0.5721698018167458,0.020717123091630263,-0.2418302362323061
446,adaptshrink,1,0.6514212369986271,0.2377334294268118,1.0651090445704423,0.6176208568706998
446,adaptshrink,2,0.5003546549867943,0.19275559397128905,0.8079537160022996,0.6657215727368466
446,adaptshrink,3,-0.9860652008063645,-1.194141641746281,-0.7779887598664481,-0.9166882963859062
446,adaptshrink,4,-0.17855974756895432,-0.4424691646985024,0.08534966956059375,-0.43408424712442945
446,adaptshrink,5,-0.35609799367165496,-0.626099287218731,-0.08609670012457898,-0.2418302362323061
447,common_DL,1,0.70942572061241,0.31039809980598,1.1084533414188402,0.389048908468964
447,common_DL,2,-0.2030808806745663,-0.5812958442163353,0.17513408286720267,0.10375338534659823
447,common_DL,3,0.41014058114793817,0.06498969936010929,0.755291462935767,0.33925266677990745
447,common_DL,4,-0.21669922537557934,-0.6147180009084519,0.18131955015729312,-0.30129381552891893
447,common_DL,5,-0.8149705544091953,-1.1646770896530578,-0.4652640191653327,-0.7242728616566833
447,comp_specific,1,0.7349185571502891,0.4521034771916002,1.017733637108978,0.389048908468964
447,comp_specific,2,-0.11853155070720729,-0.526643770202256,0.28958066878784133,0.10375338534659823
447,comp_specific,3,0.3906525800720502,0.18664357089053024,0.5946615892535703,0.33925266677990745
447,comp_specific,4,-0.25682972836205964,-0.9950640724336072,0.4814046157094879,-0.30129381552891893
447,comp_specific,5,-0.7976724729522382,-1.0191424551270727,-0.5762024907774036,-0.7242728616566833
447,adaptshrink,1,0.7148033320478696,0.34985825828102673,1.0797484058147124,0.389048908468964
447,adaptshrink,2,-0.1676168154996808,-0.5640303058758828,0.2287966748765212,0.10375338534659823
447,adaptshrink,3,0.40255619300381207,0.11262356508280902,0.6924888209248151,0.33925266677990745
447,adaptshrink,4,-0.2489739832019847,-0.8221056598581452,0.3241576934541758,-0.30129381552891893
447,adaptshrink,5,-0.7993363681263143,-1.1019176678523563,-0.4967550684002723,-0.7242728616566833
448,common_DL,1,-0.48078096746953797,-0.7508237554063751,-0.2107381795327008,-0.38037022404564996
448,common_DL,2,-0.26312911528741645,-0.46686826417110106,-0.05938996640373184,-0.23423105821874102
448,common_DL,3,-0.5564610094713099,-0.8066663841798007,-0.3062556347628191,-0.5201124702818488
448,common_DL,4,-0.28867463074610655,-0.7008475517298203,0.12349829023760722,0.29146795638716066
448,common_DL,5,-0.535486261785615,-0.7442303173764502,-0.3267422061947798,-0.6183971684723137
448,comp_specific,1,-0.4818747841539155,-0.7212482543395837,-0.24250131396824723,-0.38037022404564996
448,comp_specific,2,-0.26655608722893775,-0.46821060303746526,-0.06490157142041025,-0.23423105821874102
448,comp_specific,3,-0.569987278489609,-0.792642667202268,-0.34733188977694995,-0.5201124702818488
448,comp_specific,4,-0.30077536512053127,-0.910914043844502,0.3093633136034395,0.29146795638716066
448,comp_specific,5,-0.5432796075773587,-0.7528211178777167,-0.3337380972770008,-0.6183971684723137
448,adaptshrink,1,-0.4816317339169822,-0.7395531366186371,-0.22371033121532735,-0.38037022404564996
448,adaptshrink,2,-0.2648519329040576,-0.4686103675598656,-0.06109349824824961,-0.23423105821874102
448,adaptshrink,3,-0.5615236488612659,-0.80091003362942,-0.32213726409311183,-0.5201124702818488
448,adaptshrink,4,-0.29478685402458327,-0.782240748753583,0.19266704070441637,0.29146795638716066
448,adaptshrink,5,-0.538097934331298,-0.7483610450212412,-0.3278348236413548,-0.6183971684723137
449,common_DL,1,-0.18290853560206752,-0.6061924697802394,0.24037539857610443,-0.1592988553273356
449,common_DL,2,0.3846590806512312,-0.12172385331135693,0.8910420146138194,0.4627565868491929
449,common_DL,3,0.09498991582541866,-0.3322988274546176,0.5222786591054549,0.19390613127758896
449,common_DL,4,0.09631902346846305,-0.2669057173970492,0.4595437643339753,-0.02488781137579556
449,common_DL,5,-1.086462990287552,-1.5564835382408915,-0.6164424423342125,-1.0656877379796954
449,comp_specific,1,-0.19911896061953988,-0.43855134636322446,0.040313425124144736,-0.1592988553273356
449,comp_specific,2,0.16429874671857167,-0.5564367690589435,0.8850342624960869,0.4627565868491929
449,comp_specific,3,0.047783051284031874,-0.33779624327290864,0.4333623458409724,0.19390613127758896
449,comp_specific,4,-0.030867697736549765,-0.3048886909800359,0.2431532955069364,-0.02488781137579556
449,comp_specific,5,-1.1415762490350738,-1.5712106766318314,-0.7119418214383162,-1.0656877379796954
449,adaptshrink,1,-0.197718441523896,-0.5474005757467229,0.1519636926989309,-0.1592988553273356
449,adaptshrink,2,0.25110439314495797,-0.35947157005513847,0.8616803563450544,0.4627565868491929
449,adaptshrink,3,0.07775201512284499,-0.3331793771997441,0.48868340744543404,0.19390613127758896
449,adaptshrink,4,0.03609935327592484,-0.2935528115198982,0.3657515180717479,-0.02488781137579556
449,adaptshrink,5,-1.1172315114319575,-1.5774599598165544,-0.6570030630473607,-1.0656877379796954
450,common_DL,1,-0.02698246020544942,-0.43479016839573337,0.3808252479848345,0.00419991942793269
450,common_DL,2,0.20906576644171798,-0.23089959876177985,0.6490311316452158,-0.09103529934270203
450,common_DL,3,-0.12073967095476984,-0.567641159032739,0.32616181712319936,-0.36419877014279667
450,common_DL,4,-0.5113589366047723,-0.9137042626249148,-0.10901361058462972,-0.5415900436205091
450,common_DL,5,-1.2388770263476319,-1.6032932249616911,-0.8744608277335726,-0.8968466726929128
450,comp_specific,1,-0.0662954012512626,-0.24425686608399585,0.11166606358147066,0.00419991942793269
450,comp_specific,2,0.24636548691300397,-0.32545303453788255,0.8181840083638905,-0.09103529934270203
450,comp_specific,3,-0.1617114168965867,-0.4977541409127141,0.1743313071195407,-0.36419877014279667
450,comp_specific,4,-0.5007794008350276,-0.9636780244016587,-0.03788077726839645,-0.5415900436205091
450,comp_specific,5,-1.2771542766966943,-1.6898409649699007,-0.864467588423488,-0.8968466726929128
450,adaptshrink,1,-0.03762240931054606,-0.3778724453699511,0.302627626748859,0.00419991942793269
450,adaptshrink,2,0.22270699335287392,-0.26846187597210674,0.7138758626778545,-0.09103529934270203
450,adaptshrink,3,-0.13163417233127617,-0.5371577177614665,0.27388937309891415,-0.36419877014279667
450,adaptshrink,4,-0.5054016259086384,-0.9361292376756285,-0.07467401414164815,-0.5415900436205091
450,adaptshrink,5,-1.2623941625385975,-1.654504950992589,-0.8702833740846059,-0.8968466726929128
451,common_DL,1,-0.5494436993182795,-0.8169839587432994,-0.28190343989325967,-0.6052685047355362
451,common_DL,2,-0.08360306248340038,-0.3518147706651049,0.18460864569830415,0.04506502228469792
451,common_DL,3,0.9234749955150456,0.6603828830014715,1.1865671080286198,0.8345264099991498
451,common_DL,4,-0.8181169041256526,-1.1329109959815689,-0.5033228122697364,-0.7523288686695971
451,common_DL,5,-0.20314095551391315,-0.49979315553327786,0.09351124450545156,-0.007912239873755826
451,comp_specific,1,-0.5053313176886319,-0.7495491460515253,-0.2611134893257385,-0.6052685047355362
451,comp_specific,2,-0.06473971212392622,-0.28435585909638406,0.15487643484853159,0.04506502228469792
451,comp_specific,3,0.9241369153604493,0.7262054217922875,1.122068408928611,0.8345264099991498
451,comp_specific,4,-0.856434578339339,-1.2437037028695457,-0.46916545380913227,-0.7523288686695971
451,comp_specific,5,-0.09595782287060865,-0.4334098066330894,0.2414941608918721,-0.007912239873755826
451,adaptshrink,1,-0.5232586501403955,-0.779893498948308,-0.26662380133248315,-0.6052685047355362
451,adaptshrink,2,-0.0753295253821524,-0.32326165946045854,0.17260260869615374,0.04506502228469792
451,adaptshrink,3,0.9232435597381256,0.6881865669004845,1.1583005525757666,0.8345264099991498
451,adaptshrink,4,-0.8350769226982298,-1.184776782702661,-0.4853770626937985,-0.7523288686695971
451,adaptshrink,5,-0.1359928539541666,-0.4603935071933993,0.18840779928506607,-0.007912239873755826
452,common_DL,1,-0.2845103541929296,-0.6420453183528143,0.0730246099669552,-0.3958136215248726
452,common_DL,2,-0.8801532458561174,-1.1245857294690864,-0.6357207622431486,-0.9897974851595107
452,common_DL,3,-0.5430064908563409,-0.8005170761902829,-0.2854959055223989,-0.6299548653136636
452,common_DL,4,0.39223726880095544,0.138945146971871,0.6455293906300399,0.15997289589599337
452,common_DL,5,-0.6580631624762194,-0.9749418929866303,-0.3411844319658086,-0.5915298286125387
452,comp_specific,1,-0.3087055668557658,-0.5522053480620355,-0.06520578564949603,-0.3958136215248726
452,comp_specific,2,-0.7871954832859644,-1.133958684227069,-0.44043228234485976,-0.9897974851595107
452,comp_specific,3,-0.5216750878088796,-0.8010901299066326,-0.24226004571112658,-0.6299548653136636
452,comp_specific,4,0.3185853752644084,-0.026805003864098398,0.6639757543929152,0.15997289589599337
452,comp_specific,5,-0.6366340988663676,-0.9954119638458492,-0.2778562338868859,-0.5915298286125387
452,adaptshrink,1,-0.29614857136219164,-0.6174645546865796,0.025167411962196296,-0.3958136215248726
452,adaptshrink,2,-0.8149533251092018,-1.1195415002846667,-0.5103651499337369,-0.9897974851595107
452,adaptshrink,3,-0.5292449196627653,-0.7971086222127093,-0.2613812171128213,-0.6299548653136636
452,adaptshrink,4,0.3570170291112738,0.06009607592479682,0.6539379822977508,0.15997289589599337
452,adaptshrink,5,-0.648927893420835,-0.9805690453950291,-0.31728674144664093,-0.5915298286125387
453,common_DL,1,-0.23450031100012403,-0.5573313424889574,0.08833072048870938,0.06950933016926625
453,common_DL,2,0.06920001603568465,-0.24363045757138185,0.38203048964275116,0.3009190104647507
453,common_DL,3,0.04150986247020169,-0.3511568041031632,0.4341765290435665,-0.004147940744298214
453,common_DL,4,0.5346961559128123,0.14765326945957596,0.9217390423660485,0.6020764577477398
453,common_DL,5,0.4765185434103568,0.13708959919013003,0.8159474876305837,0.49324206927169334
453,comp_specific,1,-0.12132396519971228,-0.4267608130190887,0.18411288261966413,0.06950933016926625
453,comp_specific,2,0.03338384743902316,-0.30169782897269337,0.3684655238507397,0.3009190104647507
453,comp_specific,3,-0.11745670304823635,-0.3560254878289172,0.1211120817324445,-0.004147940744298214
453,comp_specific,4,0.5985839522007623,0.08020613867357151,1.1169617657279531,0.6020764577477398
453,comp_specific,5,0.5278634543264087,0.26396817382950505,0.7917587348233124,0.49324206927169334
453,adaptshrink,1,-0.17762589866366033,-0.49154140661444246,0.13628960928712183,0.06950933016926625
453,adaptshrink,2,0.046600067181698235,-0.29200057179546385,0.3852007061588603,0.3009190104647507
453,adaptshrink,3,-0.03357263926892107,-0.3661780217784892,0.29903274324064705,-0.004147940744298214
453,adaptshrink,4,0.5572941083393299,0.11240736702934145,1.0021808496493183,0.6020764577477398
453,adaptshrink,5,0.5028822631338512,0.2015734081980064,0.804191118069696,0.49324206927169334
454,common_DL,1,0.9913721878840533,0.6779557435433894,1.3047886322247173,0.905768484302624
454,common_DL,2,0.801114930163328,0.4400608983895573,1.1621689619370987,0.6397109088569046
454,common_DL,3,0.43711662436147136,0.11915311881772106,0.7550801299052217,0.09519939725230632
454,common_DL,4,-0.4379449242913392,-0.6638499823091606,-0.2120398662735178,-0.2511110155241768
454,common_DL,5,-0.1418762655653022,-0.4308977762576233,0.14714524512701893,-0.42042605770859154
454,comp_specific,1,1.0429368381052349,0.8645676824464879,1.2213059937639819,0.905768484302624
454,comp_specific,2,0.6621353051121437,0.1489191754728395,1.1753514347514478,0.6397109088569046
454,comp_specific,3,0.4046903803065952,0.1259836378543946,0.6833971227587958,0.09519939725230632
454,comp_specific,4,-0.38771389048846144,-0.6431699032133684,-0.1322578777635544,-0.2511110155241768
454,comp_specific,5,-0.12158409092640504,-0.36113520868687954,0.11796702683406948,-0.42042605770859154
454,adaptshrink,1,1.0074205759269077,0.7329161707463464,1.281924981107469,0.905768484302624
454,adaptshrink,2,0.71490555593385,0.2743480049556996,1.1554631069120003,0.6397109088569046
454,adaptshrink,3,0.420967585086207,0.12072863182567123,0.7212065383467428,0.09519939725230632
454,adaptshrink,4,-0.4074807930190194,-0.6558661407068073,-0.15909544533123157,-0.2511110155241768
454,adaptshrink,5,-0.13021761678601218,-0.3966703134997152,0.13623507992769085,-0.42042605770859154
455,common_DL,1,-0.8619578107376318,-1.3440606658709302,-0.37985495560433347,-0.8670108063608574
455,common_DL,2,-0.30251468158049466,-0.6260360797482022,0.02100671658721287,-0.3545904392460958
455,common_DL,3,-0.516756418509739,-0.8709951430620697,-0.16251769395740817,-0.5285535310687189
455,common_DL,4,-0.2641869942595283,-0.5912264308466233,0.0628524423275667,-0.4378669989798996
455,common_DL,5,-0.4840223485652094,-0.7730824104523458,-0.19496228667807303,-0.3747024278729925
455,comp_specific,1,-0.8366611303193855,-1.2374098623533576,-0.43591239828541345,-0.8670108063608574
455,comp_specific,2,-0.2073971045737717,-0.6492627660675763,0.23446855692003282,-0.3545904392460958
455,comp_specific,3,-0.41496428798185164,-0.8573239674502438,0.027395391486540466,-0.5285535310687189
455,comp_specific,4,-0.28725127031785064,-0.5135777020623328,-0.06092483857336847,-0.4378669989798996
455,comp_specific,5,-0.46032695590409317,-0.6704135299229397,-0.2502403818852467,-0.3747024278729925
455,adaptshrink,1,-0.849484469955653,-1.3002562535175137,-0.39871268639379215,-0.8670108063608574
455,adaptshrink,2,-0.24311411041240202,-0.6415261927309641,0.15529797190616004,-0.3545904392460958
455,adaptshrink,3,-0.45772677192416455,-0.8647460676328864,-0.05070747621544269,-0.5285535310687189
455,adaptshrink,4,-0.26731159679100525,-0.5548127732570831,0.020189579675072566,-0.4378669989798996
455,adaptshrink,5,-0.4718212551486621,-0.7279094185200713,-0.21573309177725286,-0.3747024278729925
456,common_DL,1,0.6992009485552051,0.43294601207104794,0.9654558850393622,0.6759992420032283
456,common_DL,2,0.08833141083067972,-0.2201932795363338,0.3968561011976932,0.2419035047693706
456,common_DL,3,1.2908907394031102,1.0269108372162439,1.5548706415899765,1.2718893453678946
456,common_DL,4,-0.45547486774933754,-0.8497379396062916,-0.06121179589238346,0.10949755731103765
456,common_DL,5,-0.5153278961459629,-0.8356629225231011,-0.19499286976882463,-0.22911408224635127
456,comp_specific,1,0.6935095279105101,0.43183555266120477,0.9551835031598155,0.6759992420032283
456,comp_specific,2,0.043296357519806206,-0.42422184575855565,0.510814560798168,0.2419035047693706
456,comp_specific,3,1.295870496943554,1.0476854217171672,1.5440555721699407,1.2718893453678946
456,comp_specific,4,-0.45628988825182343,-0.8466805257141766,-0.06589925078947023,0.10949755731103765
456,comp_specific,5,-0.5418180229124199,-0.8937115062075297,-0.18992453961731004,-0.22911408224635127
456,adaptshrink,1,0.6962245070648335,0.43178661753232245,0.9606623965973446,0.6759992420032283
456,adaptshrink,2,0.06367722256263472,-0.32353890331873125,0.45089334844400064,0.2419035047693706
456,adaptshrink,3,1.2925072698843305,1.0336247371791378,1.5513898025895232,1.2718893453678946
456,adaptshrink,4,-0.45586941833722405,-0.8485101766023784,-0.06322866007206968,0.10949755731103765
456,adaptshrink,5,-0.530117250964899,-0.8683807289281825,-0.19185377300161555,-0.22911408224635127
457,common_DL,1,0.539076599573962,0.28315124015079535,0.7950019589971287,0.47004111175956037
457,common_DL,2,0.5908802548708179,0.3156196872715124,0.8661408224701233,0.28043264305111854
457,common_DL,3,0.9289405397624045,0.6701722607732661,1.187708818751543,0.8980294057460227
457,common_DL,4,-0.10508545118276469,-0.4920387147845104,0.281867812418981,-0.09654029648818713
457,common_DL,5,0.36998598340419153,0.07800057037375119,0.6619713964346319,0.21501211947260912
457,comp_specific,1,0.5345305465689697,0.3452649065303588,0.7237961866075806,0.47004111175956037
457,comp_specific,2,0.5619157934365966,0.17820600887698013,0.945625577996213,0.28043264305111854
457,comp_specific,3,0.9071142896628213,0.7279124046258925,1.08631617469975,0.8980294057460227
457,comp_specific,4,-0.09681382724202803,-0.5924972613577548,0.3988696068736987,-0.09654029648818713
457,comp_specific,5,0.3687721164697323,-0.02364265747883887,0.7611868904183035,0.21501211947260912
457,adaptshrink,1,0.5381033052995621,0.3111225423501834,0.7650840682489408,0.47004111175956037
457,adaptshrink,2,0.57284715792445,0.24475217528905419,0.9009421405598457,0.28043264305111854
457,adaptshrink,3,0.9214867339180159,0.6954140806565418,1.1475593871794902,0.8980294057460227
457,adaptshrink,4,-0.10137926864622993,-0.5276971771475811,0.3249386398551213,-0.09654029648818713
457,adaptshrink,5,0.3685486832302777,0.027598097104576502,0.7094992693559788,0.21501211947260912
458,common_DL,1,-0.32107228418244993,-0.9011299811929577,0.25898541282805787,-0.15503428625280774
458,common_DL,2,0.35307521708849204,-0.07233513888400417,0.7784855730609883,0.30008163171910335
458,common_DL,3,-0.37698581464575265,-1.0740268259088617,0.3200551966173564,-0.5377719304130795
458,common_DL,4,0.22714233545271506,-0.316311151614961,0.770595822520391,-0.05225271791844382
458,common_DL,5,-0.27438607510111257,-0.9611879927012508,0.41241584249902563,-0.23608360401257877
458,comp_specific,1,-0.1451268537860729,-0.34407124373493086,0.05381753616278506,-0.15503428625280774
458,comp_specific,2,0.3976170606047466,-0.10882349602091218,0.9040576172304053,0.30008163171910335
458,comp_specific,3,-0.3995452424533873,-0.8439759384387364,0.04488545353196183,-0.5377719304130795
458,comp_specific,4,0.19631721443161437,-0.15559483651321415,0.5482292653764429,-0.05225271791844382
458,comp_specific,5,-0.2801929825075661,-0.46908612958102,-0.09129983543411219,-0.23608360401257877
458,adaptshrink,1,-0.2740781981701822,-0.7561575112464525,0.20800111490608808,-0.15503428625280774
458,adaptshrink,2,0.37313852497228495,-0.11133149202857529,0.8576085419731452,0.30008163171910335
458,adaptshrink,3,-0.3844291384087148,-1.0269791151566188,0.25812083833918925,-0.5377719304130795
458,adaptshrink,4,0.2169675100747675,-0.2413909722400988,0.6753259923896338,-0.05225271791844382
458,adaptshrink,5,-0.2759120302358237,-0.8650949299083799,0.3132708694367324,-0.23608360401257877
459,common_DL,1,0.2052314326919204,-0.16922685104956836,0.5796897164334092,0.25827397390917495
459,common_DL,2,1.0153195989221617,0.6405917191705074,1.3900474786738162,0.6878236083881152
459,common_DL,3,0.6409459032104836,0.23834756894016546,1.0435442374808017,0.6365103288029316
459,common_DL,4,0.524712140683123,0.1505993100614078,0.8988249713048382,0.4797219541433429
459,common_DL,5,0.31468112175589985,-0.04320354320592096,0.6725657867177206,0.3368200531646668
459,comp_specific,1,0.21169986800073626,-0.0493791676868483,0.4727789036883208,0.25827397390917495
459,comp_specific,2,1.019033938049703,0.6576832341707479,1.3803846419286583,0.6878236083881152
459,comp_specific,3,0.6315030623964788,0.2870695127632537,0.9759366120297039,0.6365103288029316
459,comp_specific,4,0.5405640698676645,-0.08180858515037148,1.1629367248857005,0.4797219541433429
459,comp_specific,5,0.28237199810286373,0.07110120768947553,0.49364278851625193,0.3368200531646668
459,adaptshrink,1,0.20688051140581012,-0.11889495897871602,0.5326559817903362,0.25827397390917495
459,adaptshrink,2,1.0165131010593305,0.648204062976244,1.384822139142417,0.6878236083881152
459,adaptshrink,3,0.6328730181940141,0.25721649168564076,1.0085295447023874,0.6365103288029316
459,adaptshrink,4,0.5353344305227279,0.019895547217882448,1.0507733138275732,0.4797219541433429
459,adaptshrink,5,0.30037288660910366,0.003774764381505924,0.5969710088367014,0.3368200531646668
460,common_DL,1,0.04358392504852801,-0.286390117374112,0.373557967471168,0.1964029462474877
460,common_DL,2,-0.4005965372403201,-0.8651264544563024,0.06393337997566217,-0.3401307877269826
460,common_DL,3,-0.35287766222349976,-0.6720798128174562,-0.0336755116295433,-0.43472275265807553
460,common_DL,4,-0.22921963239795368,-0.5965346044508619,0.13809533965495463,-0.4990810050847845
460,common_DL,5,-0.14735727988835984,-0.4091748010835607,0.11446024130684102,-0.09281288597919583
460,comp_specific,1,0.04832288788711775,-0.26678908841516835,0.36343486418940385,0.1964029462474877
460,comp_specific,2,-0.39823578158575645,-0.797131232522645,0.0006596693511320972,-0.3401307877269826
460,comp_specific,3,-0.34300805076914676,-0.6433702845353122,-0.04264581700298126,-0.43472275265807553
460,comp_specific,4,-0.2590623784774857,-0.5894754598485583,0.07135070289358697,-0.4990810050847845
460,comp_specific,5,-0.18833475757568718,-0.48128678550625487,0.1046172703548805,-0.09281288597919583
460,adaptshrink,1,0.04628097986975299,-0.2767631887475529,0.3693251484870589,0.1964029462474877
460,adaptshrink,2,-0.39995691602797606,-0.8437312631227981,0.04381743106684599,-0.3401307877269826
460,adaptshrink,3,-0.34822871257911137,-0.6582122366512841,-0.03824518850693859,-0.43472275265807553
460,adaptshrink,4,-0.2412701241957303,-0.5942981077675538,0.11175785937609323,-0.4990810050847845
460,adaptshrink,5,-0.16842879170760222,-0.4488069651037581,0.11194938168855367,-0.09281288597919583
461,common_DL,1,-0.061709432142330795,-0.45056441633427724,0.3271455520496156,0.07162431203319193
461,common_DL,2,-0.23300976988340996,-0.5894289267693842,0.12340938700256429,-0.33296758307715646
461,common_DL,3,-0.4370303678322962,-0.853931024105901,-0.020129711558691366,-0.5851315591707952
461,common_DL,4,0.5547207291368392,0.06798050877581474,1.0414609494978637,0.4773565974642052
461,common_DL,5,1.401863260915965,0.9091793781379705,1.8945471436939594,1.202620152304725
461,comp_specific,1,-0.02025379819492501,-0.3073438096330222,0.2668362132431722,0.07162431203319193
461,comp_specific,2,-0.2775943774349211,-0.6395654048571934,0.08437664998735117,-0.33296758307715646
461,comp_specific,3,-0.5130170615246278,-0.74483141498266,-0.28120270806659553,-0.5851315591707952
461,comp_specific,4,0.607662664283875,0.062325246736304685,1.1530000818314454,0.4773565974642052
461,comp_specific,5,1.3777672551894615,0.9652364210979351,1.7902980892809879,1.202620152304725
461,adaptshrink,1,-0.016781873709980966,-0.3624751254226209,0.32891137800265896,0.07162431203319193
461,adaptshrink,2,-0.25309509796761,-0.6345808280101676,0.1283906320749476,-0.33296758307715646
461,adaptshrink,3,-0.44451295223469206,-0.8001149095863802,-0.08891099488300397,-0.5851315591707952
461,adaptshrink,4,0.5670880512013043,0.06499871561344284,1.0691773867891659,0.4773565974642052
461,adaptshrink,5,1.4009262141332899,0.9296152994946374,1.8722371287719424,1.202620152304725
462,common_DL,1,-0.1966584766940434,-0.5093392958848244,0.11602234249673754,-0.11156254650318338
462,common_DL,2,0.08557382226373891,-0.3196596391149775,0.4908072836424553,0.6356134545077778
462,common_DL,3,0.11694225218951815,-0.14795584358099367,0.38184034796002997,0.24823581491814728
462,common_DL,4,-0.8376757870231551,-1.1748241068875465,-0.500527467158764,-0.6555602856787548
462,common_DL,5,0.017195326647874265,-0.2518744769169433,0.28626513021269184,0.09191452394601544
462,comp_specific,1,-0.22322544139488884,-0.5595456835874737,0.11309480079769599,-0.11156254650318338
462,comp_specific,2,0.026944644778156168,-0.3238663532550649,0.37775564281137725,0.6356134545077778
462,comp_specific,3,0.18109663537546472,-0.09556164065865008,0.4577549114095795,0.24823581491814728
462,comp_specific,4,-0.8069197835443295,-1.1894483179268835,-0.42439124916177545,-0.6555602856787548
462,comp_specific,5,0.009766209480623567,-0.23545810090455105,0.2549905198657982,0.09191452394601544
462,adaptshrink,1,-0.21062107204679392,-0.5370892405696484,0.11584709647606045,-0.11156254650318338
462,adaptshrink,2,0.06442285725617278,-0.32264682929666044,0.45149254380900594,0.6356134545077778
462,adaptshrink,3,0.14013261778818528,-0.13542116512251742,0.41568640069888796,0.24823581491814728
462,adaptshrink,4,-0.8230947080600035,-1.1807869204810904,-0.46540249563891656,-0.6555602856787548
462,adaptshrink,5,0.008367953082061341,-0.2512525925132654,0.2679884986773881,0.09191452394601544
463,common_DL,1,0.05320135154559974,-0.2556249856855094,0.3620276887767089,0.01085424077134256
463,common_DL,2,0.22484436966412763,-0.12798812303041257,0.5776768623586679,0.2866214357076492
463,common_DL,3,-0.6770683409150698,-1.0391334157526977,-0.31500326607744206,-0.4746286502069904
463,common_DL,4,0.03230482227691228,-0.3034530102224938,0.3680626547763184,0.20891275366412415
463,common_DL,5,-0.9046900653663128,-1.2896847820184918,-0.5196953487141338,-0.933530255787192
463,comp_specific,1,0.04773892784680109,-0.2360560564705134,0.33153391216411554,0.01085424077134256
463,comp_specific,2,0.16763068034261314,-0.016873781765698398,0.3521351424509247,0.2866214357076492
463,comp_specific,3,-0.6480518203617315,-1.005787756684293,-0.29031588403917,-0.4746286502069904
463,comp_specific,4,0.16859982905163418,-0.27922476222529036,0.6164244203285587,0.20891275366412415
463,comp_specific,5,-0.8883830095309864,-1.267801759759569,-0.5089642593024037,-0.933530255787192
463,adaptshrink,1,0.050015824992310526,-0.24918315004462047,0.34921480002924155,0.01085424077134256
463,adaptshrink,2,0.21241456005266476,-0.08840898840485192,0.5132381085101815,0.2866214357076492
463,adaptshrink,3,-0.659839389839845,-1.0206355152511857,-0.2990432644285045,-0.4746286502069904
463,adaptshrink,4,0.14168489550482724,-0.2693212142016166,0.5526910052112711,0.20891275366412415
463,adaptshrink,5,-0.8921487656487675,-1.2758932986249953,-0.5084042326725399,-0.933530255787192
464,common_DL,1,0.3724431025833863,0.06685015192078736,0.6780360532459853,0.5270485564480917
464,common_DL,2,0.3096876386262683,0.03857652555735269,0.5807987516951839,0.10269804387815572
464,common_DL,3,1.1692513830253626,0.8896077785218053,1.4488949875289199,1.1031425999766864
464,common_DL,4,-0.023280027116757973,-0.34768934856950806,0.3011292943359921,-0.18743667393552335
464,common_DL,5,-0.21683691283648132,-0.46646938765707224,0.03279556198410963,-0.04926528658903624
464,comp_specific,1,0.388057269817008,0.2019139196845238,0.5742006199494922,0.5270485564480917
464,comp_specific,2,0.20899048075951196,-0.1874712931219442,0.6054522546409681,0.10269804387815572
464,comp_specific,3,1.112975413646568,0.8922009994290863,1.3337498278640496,1.1031425999766864
464,comp_specific,4,-0.024787894255774684,-0.29556300151170956,0.24598721300016022,-0.18743667393552335
464,comp_specific,5,-0.18811671258634452,-0.3812576040604493,0.0050241788877602445,-0.04926528658903624
464,adaptshrink,1,0.3758823809850466,0.11008277018425777,0.6416819917858354,0.5270485564480917
464,adaptshrink,2,0.22606161952197795,-0.12282121314823058,0.5749444521921865,0.10269804387815572
464,adaptshrink,3,1.1316383985515692,0.8776570741688104,1.3856197229343281,1.1031425999766864
464,adaptshrink,4,-0.03360154970082996,-0.3444319720706974,0.2772288726690375,-0.18743667393552335
464,adaptshrink,5,-0.20301587019549788,-0.42664505296309535,0.020613312572099585,-0.04926528658903624
465,common_DL,1,-0.6203338003450116,-0.912887385158385,-0.3277802155316382,-0.518348795421016
465,common_DL,2,-0.18804200052020276,-0.49443515627970136,0.11835115523929585,-0.24076804410228486
465,common_DL,3,-0.43236823363292615,-0.599670708935292,-0.26506575833056034,-0.5532345354561491
465,common_DL,4,0.0790939808553684,-0.26023537760175874,0.41842333931249553,-0.22395307843964626
465,common_DL,5,-0.5538845994264403,-0.8214927389318734,-0.2862764599210073,-0.41954764847779435
465,comp_specific,1,-0.6213137204876997,-0.9148435014771202,-0.3277839394982792,-0.518348795421016
465,comp_specific,2,-0.1727571318434108,-0.7735089955200943,0.42799473183327275,-0.24076804410228486
465,comp_specific,3,-0.43237226264723605,-0.5996747668550926,-0.26506975843937947,-0.5532345354561491
465,comp_specific,4,0.021751657482713682,-0.4422527286620556,0.485756043627483,-0.22395307843964626
465,comp_specific,5,-0.5539408034238313,-0.8215524594839043,-0.2863291473637583,-0.41954764847779435
465,adaptshrink,1,-0.6210768565139699,-0.9140726157556316,-0.3280810972723083,-0.518348795421016
465,adaptshrink,2,-0.17494955086270392,-0.604899524049046,0.25500042232363823,-0.24076804410228486
465,adaptshrink,3,-0.4323712887634493,-0.5996737771468166,-0.265068800380082,-0.5532345354561491
465,adaptshrink,4,0.046388853523744056,-0.35539466450103757,0.4481723715485257,-0.22395307843964626
465,adaptshrink,5,-0.5539272179268274,-0.8215369488330024,-0.28631748702065246,-0.41954764847779435
466,common_DL,1,0.4387190882266927,-0.0004896054501195568,0.877927781903505,0.23235502844160597
466,common_DL,2,-0.514695154874454,-0.8901649444396996,-0.13922536530920848,-0.5737767238176973
466,common_DL,3,0.39209678540782045,-0.0464845421568123,0.8306781129724532,0.36331995913957227
466,common_DL,4,0.012418316598995074,-0.3749704785186271,0.3998071117166172,-0.12592523092426705
466,common_DL,5,-0.7857108251957516,-1.1909409715133266,-0.3804806788781767,-0.850265380501913
466,comp_specific,1,0.40076058326647257,0.18631477415067513,0.61520639238227,0.23235502844160597
466,comp_specific,2,-0.45839985185215626,-0.9155551647476559,-0.0012445389566567155,-0.5737767238176973
466,comp_specific,3,0.3786701792342383,0.01234665278836683,0.7449937056801097,0.36331995913957227
466,comp_specific,4,-0.02560602655449832,-0.3492335651608728,0.2980215120518761,-0.12592523092426705
466,comp_specific,5,-0.722252460508815,-1.0785996490552006,-0.3659052719624294,-0.850265380501913
466,adaptshrink,1,0.4678545500515261,0.08666414560821739,0.8490449544948349,0.23235502844160597
466,adaptshrink,2,-0.4668573829061436,-0.9023345900096141,-0.03138017580267305,-0.5737767238176973
466,adaptshrink,3,0.3992395493533425,-0.01398883357861247,0.8124679322852975,0.36331995913957227
466,adaptshrink,4,-0.001222926397778136,-0.35387699614050083,0.3514311433449445,-0.12592523092426705
466,adaptshrink,5,-0.7608254579732167,-1.1371040902794691,-0.38454682566696424,-0.850265380501913
467,common_DL,1,0.5534351666557827,0.2628984959805614,0.8439718373310041,0.6091766691859131
467,common_DL,2,-0.07996128006378483,-0.4414253032938119,0.28150274316624224,-0.3336524668063444
467,common_DL,3,-0.40848453103836935,-0.7207243644336174,-0.09624469764312132,-0.39796351373221794
467,common_DL,4,-0.43119572951764384,-0.8080778791151553,-0.05431357992013247,-0.4655124383862472
467,common_DL,5,-0.7354713788169285,-1.0763056275085796,-0.3946371301252773,-0.8108759484434235
467,comp_specific,1,0.5408715313124874,0.30318137263051725,0.7785616899944576,0.6091766691859131
467,comp_specific,2,-0.03966421665684064,-0.33446954044108856,0.25514110712740723,-0.3336524668063444
467,comp_specific,3,-0.4772996931796132,-0.752037275534251,-0.20256211082497533,-0.39796351373221794
467,comp_specific,4,-0.6237829588543629,-1.125804667761631,-0.1217612499470947,-0.4655124383862472
467,comp_specific,5,-0.7686285943424633,-1.0688577042680127,-0.46839948441691404,-0.8108759484434235
467,adaptshrink,1,0.5478407646159897,0.2837197595890706,0.8119617696429089,0.6091766691859131
467,adaptshrink,2,-0.06498778250638176,-0.3971759324317361,0.2672003674189726,-0.3336524668063444
467,adaptshrink,3,-0.452199308397302,-0.7452632119495908,-0.15913540484501326,-0.39796351373221794
467,adaptshrink,4,-0.5574723849123326,-1.0054654651014479,-0.10947930472321743,-0.4655124383862472
467,adaptshrink,5,-0.7456956363845726,-1.0700145949469084,-0.4213766778222368,-0.8108759484434235
468,common_DL,1,-0.18940172761183893,-0.5165961464730028,0.13779269124932492,-0.1228257957162874
468,common_DL,2,0.8768573890863327,0.5387301952911592,1.2149845828815062,0.9616869191804622
468,common_DL,3,-0.461328559599062,-0.7085940748382229,-0.21406304435990112,-0.5055401949926934
468,common_DL,4,-0.577583799042973,-0.9163942658888673,-0.23877333219707858,-0.49901781442152526
468,common_DL,5,-0.08158247271974191,-0.3970241706461873,0.2338592252067035,-0.12510674724511964
468,comp_specific,1,-0.20257390408561105,-0.577221684036845,0.17207387586562295,-0.1228257957162874
468,comp_specific,2,0.8947342418770095,0.5839533965164921,1.2055150872375267,0.9616869191804622
468,comp_specific,3,-0.38863706692232575,-0.5681439043122681,-0.20913022953238336,-0.5055401949926934
468,comp_specific,4,-0.5972485089200883,-0.8939675796149312,-0.30052943822524536,-0.49901781442152526
468,comp_specific,5,-0.08068020036873054,-0.5181914095474538,0.3568310088099927,-0.12510674724511964
468,adaptshrink,1,-0.18739021694882524,-0.5220139326001922,0.1472334987025417,-0.1228257957162874
468,adaptshrink,2,0.8845877447559551,0.5608280689702727,1.2083474205416376,0.9616869191804622
468,adaptshrink,3,-0.43532586905435483,-0.6619329159323267,-0.20871882217638296,-0.5055401949926934
468,adaptshrink,4,-0.580542869758104,-0.9056288953408872,-0.2554568441753208,-0.49901781442152526
468,adaptshrink,5,-0.08810003969243628,-0.47979064993736525,0.30359057055249267,-0.12510674724511964
469,common_DL,1,0.4306270264787297,0.1713234816389212,0.6899305713185382,0.2921910243826557
469,common_DL,2,0.7788134814406024,0.4577108105088819,1.0999161523723229,0.48921410315499114
469,common_DL,3,-0.7701269792350035,-1.0906641843614502,-0.4495897741085568,-0.5097034547912083
469,common_DL,4,0.01963347192960064,-0.2728648448488508,0.3121317887080521,-0.0928306252603491
469,common_DL,5,-0.29429450927083955,-0.6119372099484461,0.02334819140676697,-0.08379760350698942
469,comp_specific,1,0.4185440656303189,0.2654190270880936,0.5716691041725441,0.2921910243826557
469,comp_specific,2,0.7023211900049998,0.17043127650755385,1.234211103502446,0.48921410315499114
469,comp_specific,3,-0.7913063430124962,-1.1906796651578453,-0.3919330208671472,-0.5097034547912083
469,comp_specific,4,0.042410315869825896,-0.17081868664655708,0.25563931838620885,-0.0928306252603491
469,comp_specific,5,-0.27550584874335093,-0.6028168749931057,0.05180517750640379,-0.08379760350698942
469,adaptshrink,1,0.4241842167349107,0.20892909646528346,0.6394393370045379,0.2921910243826557
469,adaptshrink,2,0.7189091831036226,0.28619805851263175,1.1516203076946134,0.48921410315499114
469,adaptshrink,3,-0.7966174814163671,-1.166282941310805,-0.4269520215219293,-0.5097034547912083
469,adaptshrink,4,0.02738485614862485,-0.23196233240289515,0.28673204470014485,-0.0928306252603491
469,adaptshrink,5,-0.28551014085382187,-0.6100218304369529,0.03900154872930922,-0.08379760350698942
470,common_DL,1,0.7901281231951487,0.5328777926930748,1.0473784536972226,0.7360338722047591
470,common_DL,2,0.3678478611745444,-0.016345790658398307,0.7520415130074871,0.27641466905619805
470,common_DL,3,-0.4145872905687914,-0.7837838322932333,-0.045390748844349516,-0.5013330991032373
470,common_DL,4,-0.11528173105802728,-0.377485848921828,0.14692238680577344,-0.3052904918136342
470,common_DL,5,-1.416748056665043,-1.655017599199669,-1.178478514130417,-1.5145413567048873
470,comp_specific,1,0.8036431871446119,0.6356114762679859,0.971674898021238,0.7360338722047591
470,comp_specific,2,0.5361864894452322,-0.022511423781281126,1.0948844026717455,0.27641466905619805
470,comp_specific,3,-0.4375522609093312,-0.7391049617948565,-0.13599956002380587,-0.5013330991032373
470,comp_specific,4,-0.10039014820264686,-0.5198825305701942,0.31910223416490047,-0.3052904918136342
470,comp_specific,5,-1.323754338942297,-1.5110951978008251,-1.1364134800837689,-1.5145413567048873
470,adaptshrink,1,0.7936400590919387,0.5732730219612605,1.0140070962226169,0.7360338722047591
470,adaptshrink,2,0.44210801222107965,-0.017034683579641496,0.9012507080218009,0.27641466905619805
470,adaptshrink,3,-0.41969113646367606,-0.7680145683778439,-0.07136770454950825,-0.5013330991032373
470,adaptshrink,4,-0.08504683067158905,-0.4397010071425771,0.26960734579939893,-0.3052904918136342
470,adaptshrink,5,-1.3468042103634872,-1.5756897067365099,-1.1179187139904645,-1.5145413567048873
471,common_DL,1,0.5246236002612464,-0.012945877652633109,1.062193078175126,0.44461702960537014
471,common_DL,2,0.11685348277218043,-0.3410684173895117,0.5747753829338725,0.1844211683133158
471,common_DL,3,-0.021508110677056158,-0.5366110161344142,0.4935947947803019,-0.08476812885427512
471,common_DL,4,0.08005840083346998,-0.37218881611478616,0.5323056177817261,-0.020759173979638598
471,common_DL,5,0.20503044741346413,-0.21199481413905827,0.6220557089659865,0.08735722580673942
471,comp_specific,1,0.5037655406494861,0.2110297888561109,0.7965012924428613,0.44461702960537014
471,comp_specific,2,0.11013767608914699,-0.18408178558438598,0.40435713776267995,0.1844211683133158
471,comp_specific,3,-0.05531306713797826,-0.2778312241483668,0.16720508987241026,-0.08476812885427512
471,comp_specific,4,0.09387122423857908,-0.48340030126400524,0.6711427497411634,-0.020759173979638598
471,comp_specific,5,0.3040761399038734,-0.2334947034475794,0.8416469832553262,0.08735722580673942
471,adaptshrink,1,0.5183787754550403,0.05657262632055593,0.9801849245895247,0.44461702960537014
471,adaptshrink,2,0.1141475252678513,-0.2898468186416928,0.5181418691773954,0.1844211683133158
471,adaptshrink,3,-0.022060676193221662,-0.45635628319887067,0.41223493081242735,-0.08476812885427512
471,adaptshrink,4,0.0875442524902294,-0.4416801958899987,0.6167687008704574,-0.020759173979638598
471,adaptshrink,5,0.26616605206960187,-0.22785356446129512,0.7601856686004989,0.08735722580673942
472,common_DL,1,-0.10660162386686378,-0.4309275669265006,0.21772431919277302,-0.1844391724463191
472,common_DL,2,0.30544896838131813,0.013760564928897767,0.5971373718337385,0.253303184555025
472,common_DL,3,-0.5048609177471745,-0.7774139592265671,-0.23230787626778182,-0.611289140190532
472,common_DL,4,-0.088492426099461,-0.39919585538398006,0.22221100318505804,-0.03879787586321078
472,common_DL,5,0.5438825041235091,0.2362274012377759,0.8515376070092424,0.3694014131365165
472,comp_specific,1,-0.1455915497046033,-0.4106911899566441,0.1195080905474375,-0.1844391724463191
472,comp_specific,2,0.28975422057564504,0.035479308232044204,0.5440291329192459,0.253303184555025
472,comp_specific,3,-0.459947915455889,-0.7617534174744885,-0.1581424134372894,-0.611289140190532
472,comp_specific,4,-0.17091109896293036,-0.6000753403152119,0.25825314238935126,-0.03879787586321078
472,comp_specific,5,0.41016002576685395,0.1619398333958841,0.6583802181378238,0.3694014131365165
472,adaptshrink,1,-0.13108730914713393,-0.438984257954665,0.17680963966039712,-0.1844391724463191
472,adaptshrink,2,0.2989870884557884,0.027275680774550448,0.5706984961370264,0.253303184555025
472,adaptshrink,3,-0.49246195384344993,-0.7834243374751323,-0.20149957021176756,-0.611289140190532
472,adaptshrink,4,-0.14481757100965834,-0.5145649067633015,0.22492976474398477,-0.03879787586321078
472,adaptshrink,5,0.477298128550512,0.1660333034332293,0.7885629536677947,0.3694014131365165
473,common_DL,1,-0.07142027976582077,-0.2790280349242876,0.13618747539264606,-0.09724000582674425
473,common_DL,2,0.8465706246778036,0.6219462910920169,1.0711949582635905,0.6113750201212712
473,common_DL,3,1.0946936420677453,0.8209496170925894,1.3684376670429013,0.9477481051297563
473,common_DL,4,-0.14704311448576124,-0.4629021229597824,0.1688158939882599,-0.2593050223721997
473,common_DL,5,0.029501265151345324,-0.27582025101811786,0.3348227813208085,0.12521612327248388
473,comp_specific,1,-0.05781721192715056,-0.22722898353681312,0.111594559682512,-0.09724000582674425
473,comp_specific,2,0.8741260089143947,0.735485891535719,1.0127661262930705,0.6113750201212712
473,comp_specific,3,1.1423094231980528,0.8618586603369863,1.4227601860591195,0.9477481051297563
473,comp_specific,4,-0.18298868892271353,-0.735170053534824,0.3691926756893969,-0.2593050223721997
473,comp_specific,5,-0.02980866232951601,-0.479416916261596,0.41979959160256397,0.12521612327248388
473,adaptshrink,1,-0.07348958286810048,-0.27177554482835087,0.12479637909214988,-0.09724000582674425
473,adaptshrink,2,0.8571438112679548,0.6664448643725174,1.0478427581633922,0.6113750201212712
473,adaptshrink,3,1.118928613173861,0.8387083818115915,1.3991488445361304,0.9477481051297563
473,adaptshrink,4,-0.17011333584989913,-0.6261576986224167,0.28593102692261835,-0.2593050223721997
473,adaptshrink,5,-0.008612573363995069,-0.3926090935360795,0.37538394680808934,0.12521612327248388
474,common_DL,1,0.5394396309814751,0.16514736897142657,0.9137318929915236,0.5790044457300743
474,common_DL,2,-0.05075850345449466,-0.3259936104086969,0.22447660349970755,0.04925088503359715
474,common_DL,3,0.6747976170842237,0.2138363908293447,1.1357588433391026,0.8868589450091582
474,common_DL,4,-0.3055252925679809,-0.658378862366506,0.047328277230544225,-0.16469403125495982
474,common_DL,5,-0.42386093286756044,-0.7579618971297314,-0.08975996860538948,-0.4500565327418599
474,comp_specific,1,0.5023368202154871,0.09361873325045655,0.9110549071805176,0.5790044457300743
474,comp_specific,2,-0.02936909275445554,-0.3514709258030749,0.2927327402941638,0.04925088503359715
474,comp_specific,3,0.7052630908657784,0.15933510033443365,1.2511910813971232,0.8868589450091582
474,comp_specific,4,-0.35925145197964514,-0.7120820118019415,-0.0064208921573487565,-0.16469403125495982
474,comp_specific,5,-0.42263795128729653,-0.5867850089943972,-0.25849089358019584,-0.4500565327418599
474,adaptshrink,1,0.5240228412056362,0.1504231789894787,0.8976225034217937,0.5790044457300743
474,adaptshrink,2,-0.04038715893327072,-0.33956315872604115,0.2587888408594997,0.04925088503359715
474,adaptshrink,3,0.6780077153425663,0.19396171898058584,1.1620537117045469,0.8868589450091582
474,adaptshrink,4,-0.3365804604169433,-0.6985821471436603,0.025421226309773726,-0.16469403125495982
474,adaptshrink,5,-0.42956441571364107,-0.7039939197083638,-0.1551349117189183,-0.4500565327418599
475,common_DL,1,0.3768045560452087,-0.13046672069416998,0.8840758327845873,0.44145065394325494
475,common_DL,2,0.7481221634186672,0.39959540792194004,1.0966489189153945,0.7230822686512183
475,common_DL,3,-0.6069077828321365,-0.9288813355743908,-0.28493423008988233,-0.29151512208734354
475,common_DL,4,0.27183874214672465,-0.1371796792919,0.6808571635853493,0.41037154806824094
475,common_DL,5,0.35862248136187047,0.0031035202043317445,0.7141414425194093,0.5127284750768293
475,comp_specific,1,0.35174768527145794,0.005773759822577107,0.6977216107203388,0.44145065394325494
475,comp_specific,2,0.6820887641860126,0.34604215577801256,1.0181353725940125,0.7230822686512183
475,comp_specific,3,-0.6960840903935914,-1.062227803716398,-0.32994037707078494,-0.29151512208734354
475,comp_specific,4,0.25147833702481587,0.009778227034394404,0.49317844701523733,0.41037154806824094
475,comp_specific,5,0.3607221715575707,0.07077850205273861,0.6506658410624028,0.5127284750768293
475,adaptshrink,1,0.37567390117977456,-0.07886929057664516,0.8302170929361943,0.44145065394325494
475,adaptshrink,2,0.7102203614473227,0.3667370252012635,1.0537036976933818,0.7230822686512183
475,adaptshrink,3,-0.641274752534468,-0.9867836799435586,-0.2957658251253773,-0.29151512208734354
475,adaptshrink,4,0.24880671631169954,-0.10362579119313003,0.6012392238165292,0.41037154806824094
475,adaptshrink,5,0.3555926722078805,0.03033991698160432,0.6808454274341567,0.5127284750768293
476,common_DL,1,0.009666069748895084,-0.3500118077023935,0.3693439472001836,0.06115871860214984
476,common_DL,2,-0.06571555213561071,-0.41423254984433705,0.28280144557311565,-0.2813668049658421
476,common_DL,3,0.4442402340121689,-0.008150027153182304,0.8966304951775201,0.1483185893009874
476,common_DL,4,-0.6207976521891846,-1.0872836159849555,-0.15431168839341364,-0.6008865869585232
476,common_DL,5,-0.3545242399795081,-0.6793919509400715,-0.029656529018944666,-0.6453773832404428
476,comp_specific,1,-0.035433475544590365,-0.391453449236206,0.3205864981470253,0.06115871860214984
476,comp_specific,2,-0.15100805191690014,-0.5262287603502451,0.2242126565164449,-0.2813668049658421
476,comp_specific,3,0.35452415488491296,-0.034239807948099055,0.7432881177179249,0.1483185893009874
476,comp_specific,4,-0.737668116363368,-1.2965820456390107,-0.1787541870877255,-0.6008865869585232
476,comp_specific,5,-0.39860246959497003,-0.6378634567509761,-0.15934148243896396,-0.6453773832404428
476,adaptshrink,1,-0.014386925464951072,-0.3736141058757671,0.34484025494586495,0.06115871860214984
476,adaptshrink,2,-0.11698166901209606,-0.48431472527037733,0.2503513872461852,-0.2813668049658421
476,adaptshrink,3,0.39911173137399847,-0.028480668125581143,0.8267041308735781,0.1483185893009874
476,adaptshrink,4,-0.6747228008880894,-1.1860788322215263,-0.16336676955465257,-0.6008865869585232
476,adaptshrink,5,-0.37700326318962857,-0.6655914774026043,-0.08841504897665287,-0.6453773832404428
477,common_DL,1,0.28447042917573395,-0.049952973819784086,0.618893832171252,0.366663658145635
477,common_DL,2,0.8740900006996478,0.4734893225858137,1.274690678813482,0.4598386132765185
477,common_DL,3,-0.3994068633209539,-0.8525339601837297,0.05372023354182198,-0.4088302327690896
477,common_DL,4,0.18508569474263148,-0.13770537381208126,0.5078767632973442,0.05389868338632811
477,common_DL,5,0.5988412745771983,0.1725005722935426,1.0251819768608539,0.2496219588852483
477,comp_specific,1,0.28947117749657586,0.008869471356376557,0.5700728836367752,0.366663658145635
477,comp_specific,2,0.910493486894298,0.43626923403831447,1.3847177397502815,0.4598386132765185
477,comp_specific,3,-0.3994232143794338,-0.5846602494747765,-0.21418617928409114,-0.4088302327690896
477,comp_specific,4,0.15973495049316722,-0.1982076519020886,0.517677552888423,0.05389868338632811
477,comp_specific,5,0.5900652404439742,0.271803566947245,0.9083269139407035,0.2496219588852483
477,adaptshrink,1,0.28870424017970364,-0.018636519241731986,0.5960449996011392,0.366663658145635
477,adaptshrink,2,0.8936465593813321,0.453303638603373,1.333989480159291,0.4598386132765185
477,adaptshrink,3,-0.39669825195975017,-0.8043367434783637,0.010940239558863363,-0.4088302327690896
477,adaptshrink,4,0.16496336819156043,-0.18939341537649068,0.5193201517596115,0.05389868338632811
477,adaptshrink,5,0.5954945841181708,0.2195826102587079,0.9714065579776336,0.2496219588852483
478,common_DL,1,0.4339628896660084,0.11972294410705348,0.7482028352249632,0.5320946639039258
478,common_DL,2,-0.1324451437744198,-0.3862357878160634,0.1213455002672238,-0.018076224101033635
478,common_DL,3,1.117660601138788,0.8409845295635578,1.394336672714018,1.158823605306474
478,common_DL,4,0.3595131495959927,0.15394463370423578,0.5650816654877495,0.444872284588247
478,common_DL,5,-0.08938732454484005,-0.2974979584965449,0.11872330940686482,-0.267111445370086
478,comp_specific,1,0.4500040357588634,0.1900357883176398,0.709972283200087,0.5320946639039258
478,comp_specific,2,-0.36462646391464415,-0.8541939329401071,0.1249410051108189,-0.018076224101033635
478,comp_specific,3,1.193359932896005,0.9035058472217723,1.4832140185702376,1.158823605306474
478,comp_specific,4,0.35771452526967684,0.19090557438775735,0.5245234761515963,0.444872284588247
478,comp_specific,5,-0.09999417835143404,-0.2609668875373981,0.06097853083453003,-0.267111445370086
478,adaptshrink,1,0.4418314594600876,0.14808022141190297,0.7355826975082722,0.5320946639039258
478,adaptshrink,2,-0.17686806530284366,-0.552559697926722,0.19882356732103462,-0.018076224101033635
478,adaptshrink,3,1.170128963445649,0.883104611212947,1.4571533156783512,1.158823605306474
478,adaptshrink,4,0.3580645713067079,0.17028903785345248,0.5458401047599633,0.444872284588247
478,adaptshrink,5,-0.09079260219384311,-0.27766320801671684,0.0960780036290306,-0.267111445370086
479,common_DL,1,-0.1410066774000347,-0.5196102689206381,0.23759691412056866,-0.10528557793244957
479,common_DL,2,-0.3054850275520966,-0.6811523234755037,0.07018226837131047,-0.37319956898474116
479,common_DL,3,0.19554338533270757,-0.2329992812258124,0.6240860518912276,0.28036901497005623
479,common_DL,4,-0.05505093120473943,-0.4186586884939454,0.30855682608446655,0.020118846960587963
479,common_DL,5,0.28640883178771703,-0.06774062096611594,0.6405582845415501,0.28375406824264154
479,comp_specific,1,-0.09949919097003333,-0.3275181298021454,0.1285197478620787,-0.10528557793244957
479,comp_specific,2,-0.2873250603586203,-0.5516412967318649,-0.02300882398537568,-0.37319956898474116
479,comp_specific,3,0.2126236161043612,-0.0707546510612872,0.4960018832700096,0.28036901497005623
479,comp_specific,4,-0.021858777932970554,-0.5766584940466888,0.5329409381807477,0.020118846960587963
479,comp_specific,5,0.3070098844011969,0.056331187682440276,0.5576885811199536,0.28375406824264154
479,adaptshrink,1,-0.12542881399345207,-0.4449589711183082,0.19410134313140404,-0.10528557793244957
479,adaptshrink,2,-0.2971960210883164,-0.6261960914704099,0.03180404929377717,-0.37319956898474116
479,adaptshrink,3,0.20030128847167644,-0.1799919312762721,0.580594508219625,0.28036901497005623
479,adaptshrink,4,-0.03803209458572179,-0.5333555852004123,0.4572913960289686,0.020118846960587963
479,adaptshrink,5,0.29481355371699636,-0.010389200758937345,0.6000163081929301,0.28375406824264154
480,common_DL,1,-1.0679704188858685,-1.3113614429011096,-0.8245793948706275,-0.894728432476356
480,common_DL,2,-1.1845094606745388,-1.4377595138594672,-0.9312594074896102,-0.9177176898783246
480,common_DL,3,0.4567514956424612,0.2053066450978877,0.7081963461870346,0.49044742007157327
480,common_DL,4,0.5289785996897162,0.3279285331888275,0.7300286661906048,0.33428154817310646
480,common_DL,5,0.12629326162438828,-0.16275333353734026,0.41533985678611685,0.033281788759330265
480,comp_specific,1,-1.0733072239111952,-1.3189242525985312,-0.8276901952238591,-0.894728432476356
480,comp_specific,2,-1.185203034537887,-1.4384893833399983,-0.9319166857357757,-0.9177176898783246
480,comp_specific,3,0.4078714699759305,0.12348411856877844,0.6922588213830825,0.49044742007157327
480,comp_specific,4,0.48544487701105177,0.20639612640675703,0.7644936276153464,0.33428154817310646
480,comp_specific,5,0.1262932616243882,-0.16275333353734023,0.4153398567861166,0.033281788759330265
480,adaptshrink,1,-1.0717046784766822,-1.316373208824099,-0.8270361481292653,-0.894728432476356
480,adaptshrink,2,-1.1849947669277845,-1.43826561043769,-0.931723923417879,-0.9177176898783246
480,adaptshrink,3,0.4248730394547128,0.1527060167998205,0.6970400621096051,0.49044742007157327
480,adaptshrink,4,0.4958128565086235,0.24683149476559402,0.7447942182516529,0.33428154817310646
480,adaptshrink,5,0.12629326162438845,-0.16275333353733998,0.41533985678611685,0.033281788759330265
481,common_DL,1,0.653667106253023,0.32623357667891517,0.9811006358271309,0.6170796039540102
481,common_DL,2,-0.04842723742437255,-0.6017568315047974,0.5049023566560522,-0.09488486682563617
481,common_DL,3,0.5605996314349453,0.21173338490777965,0.909465877962111,0.31894244465783006
481,common_DL,4,-0.7898879264737833,-1.0989607051921002,-0.48081514775546624,-0.8474098600386637
481,common_DL,5,0.13766266706996022,-0.32141769566119405,0.5967430298011145,0.1820093707677073
481,comp_specific,1,0.6457735578557092,0.44176074479520444,0.849786370916214,0.6170796039540102
481,comp_specific,2,-0.05532255287900034,-0.4549605247546286,0.34431541899662793,-0.09488486682563617
481,comp_specific,3,0.42073917914270886,-0.07640786757019524,0.917886225855613,0.31894244465783006
481,comp_specific,4,-0.7249638794473533,-1.1305586830885583,-0.31936907580614815,-0.8474098600386637
481,comp_specific,5,0.2143260661085893,-0.16624116089920007,0.5948932931163787,0.1820093707677073
481,adaptshrink,1,0.6476873803298145,0.3711222603874965,0.9242525002721326,0.6170796039540102
481,adaptshrink,2,-0.049486314644819535,-0.5580737416551244,0.45910111236548523,-0.09488486682563617
481,adaptshrink,3,0.4708698485302195,0.023160526717101115,0.9185791703433379,0.31894244465783006
481,adaptshrink,4,-0.7565779201892079,-1.138625481649317,-0.3745303587290986,-0.8474098600386637
481,adaptshrink,5,0.1701730679661432,-0.27749933240239777,0.6178454683346842,0.1820093707677073
482,common_DL,1,0.5638423548922102,-0.0837395404485638,1.2114242502329842,0.75684144486182
482,common_DL,2,0.8195652069001569,0.39819092062410827,1.2409394931762054,0.9982433639885663
482,common_DL,3,-0.6575732199732832,-1.0085854089418884,-0.30656103100467796,-0.8818813959953165
482,common_DL,4,0.8176786185115804,0.3793327652527273,1.2560244717704334,1.0209902382443623
482,common_DL,5,-0.04274892589802304,-0.5163332316806342,0.4308353798845881,-0.20756403938604695
482,comp_specific,1,0.5488083449988198,-0.14806650133042643,1.245683191328066,0.75684144486182
482,comp_specific,2,0.6292796138606618,0.0420314940772355,1.216527733644088,0.9982433639885663
482,comp_specific,3,-0.722768303710992,-1.2197162942035165,-0.22582031321846752,-0.8818813959953165
482,comp_specific,4,0.5739884666701108,0.230287221275929,0.9176897120642926,1.0209902382443623
482,comp_specific,5,-0.20386296942245147,-0.5526029696268802,0.14487703078197717,-0.20756403938604695
482,adaptshrink,1,0.5544663900516066,-0.11360837157037529,1.2225411516735885,0.75684144486182
482,adaptshrink,2,0.7435423101233798,0.23459684976443196,1.2524877704823276,0.9982433639885663
482,adaptshrink,3,-0.6952783376780747,-1.1265838616490775,-0.26397281370707193,-0.8818813959953165
482,adaptshrink,4,0.6676351211419267,0.2225563138316065,1.112713928452247,1.0209902382443623
482,adaptshrink,5,-0.10203542284477946,-0.5430473001772378,0.3389764544876788,-0.20756403938604695
483,common_DL,1,0.28063686934172527,-0.18545152314249502,0.7467252618259456,0.42054578299481593
483,common_DL,2,0.5221818040544866,-0.07673606048137538,1.1210996685903485,0.7652558746410806
483,common_DL,3,-0.35931146999717156,-0.754193650380314,0.03557071038597093,-0.12227938006220747
483,common_DL,4,-1.2333964906637744,-1.6395604366605414,-0.8272325446670075,-1.0187468120721848
483,common_DL,5,-0.22887186264433057,-0.8176733882053661,0.3599296629167049,-0.6884021613245204
483,comp_specific,1,0.38411485522416644,0.12921522979965055,0.6390144806486824,0.42054578299481593
483,comp_specific,2,0.38023471240025686,-0.5331973065053492,1.293666731305863,0.7652558746410806
483,comp_specific,3,-0.37273595633659423,-0.6493423305479719,-0.0961295821252166,-0.12227938006220747
483,comp_specific,4,-1.2431533671464727,-1.7493006397793764,-0.737006094513569,-1.0187468120721848
483,comp_specific,5,-0.22885837288898675,-0.6171321700897008,0.15941542431172728,-0.6884021613245204
483,adaptshrink,1,0.32200247288912703,-0.06662745019138555,0.7106323959696397,0.42054578299481593
483,adaptshrink,2,0.4108531239546212,-0.30874987475192656,1.130456122661169,0.7652558746410806
483,adaptshrink,3,-0.35906258213837805,-0.7091239379257823,-0.009001226350973834,-0.12227938006220747
483,adaptshrink,4,-1.2455035304373656,-1.7026823431183256,-0.7883247177564057,-1.0187468120721848
483,adaptshrink,5,-0.2282447889686571,-0.7485963754839138,0.29210679754659963,-0.6884021613245204
484,common_DL,1,-0.19087815370803837,-0.5928005936796562,0.2110442862635795,-0.07176392421044761
484,common_DL,2,-0.06232458646904866,-0.35480547203905843,0.23015629910096114,-0.24221145143459502
484,common_DL,3,-0.366390978472454,-0.7223267382350141,-0.010455218709893854,-0.39446125774258206
484,common_DL,4,0.4495369996827948,0.1073789155961467,0.791695083769443,0.3169902665812993
484,common_DL,5,0.49285957883773396,0.1785400697961378,0.8071790878793301,0.5642999650232794
484,comp_specific,1,-0.13857497585597162,-0.5057402961124615,0.22859034440051834,-0.07176392421044761
484,comp_specific,2,-0.004171499131630979,-0.2525501843094446,0.24420718604618263,-0.24221145143459502
484,comp_specific,3,-0.31168915638477335,-0.693005924493263,0.06962761172371634,-0.39446125774258206
484,comp_specific,4,0.4292325581545864,0.015440231331165233,0.8430248849780075,0.3169902665812993
484,comp_specific,5,0.43328544164738725,0.22380759582027498,0.6427632874744995,0.5642999650232794
484,adaptshrink,1,-0.17225112109481927,-0.5637980842718615,0.21929584208222297,-0.07176392421044761
484,adaptshrink,2,-0.03425087208239043,-0.30713394184541115,0.23863219768063032,-0.24221145143459502
484,adaptshrink,3,-0.3347012159690767,-0.7048205010415124,0.035418069103358985,-0.39446125774258206
484,adaptshrink,4,0.43702965571698477,0.05606223700708324,0.8179970744268863,0.3169902665812993
484,adaptshrink,5,0.4698371681350596,0.19061692780161804,0.7490574084685011,0.5642999650232794
485,common_DL,1,0.8457050478554752,0.2581591617316257,1.4332509339793247,0.7870945848222988
485,common_DL,2,0.8379021817546434,0.41062554080342134,1.2651788227058653,0.695487110742816
485,common_DL,3,-0.3166253337554218,-0.7529196017827551,0.1196689342719115,-0.35786428275791304
485,common_DL,4,0.8157454151145768,0.32231360364332423,1.3091772265858292,0.7419044416992289
485,common_DL,5,-0.07605536532997603,-0.52352820657562,0.371417475915668,-0.026153454489805123
485,comp_specific,1,0.7551724600336996,0.2847312697653443,1.225613650302055,0.7870945848222988
485,comp_specific,2,0.8924252777111781,0.5959245389938618,1.1889260164284945,0.695487110742816
485,comp_specific,3,-0.31896698465838774,-0.528088906560736,-0.10984506275603945,-0.35786428275791304
485,comp_specific,4,0.7616593629206254,-0.14067107949126778,1.6639898053325186,0.7419044416992289
485,comp_specific,5,-0.10622200100236595,-0.4091996519833779,0.19675564997864597,-0.026153454489805123
485,adaptshrink,1,0.8144314135783568,0.24531983639975086,1.3835429907569627,0.7870945848222988
485,adaptshrink,2,0.8486267894122116,0.4708138607066839,1.2264397181177393,0.695487110742816
485,adaptshrink,3,-0.31873773592307875,-0.6851164766003051,0.04764100475414751,-0.35786428275791304
485,adaptshrink,4,0.7762342467319391,0.05565437928943595,1.4968141141744422,0.7419044416992289
485,adaptshrink,5,-0.08917330601642803,-0.47412473153625867,0.2957781195034026,-0.026153454489805123
486,common_DL,1,0.23736948739686575,-0.011783752868685188,0.48652272766241667,0.22898629239594717
486,common_DL,2,-0.5413875974927872,-0.7825510396757109,-0.30022415530986346,-0.547485717099433
486,common_DL,3,0.02235481607660375,-0.3409425411705118,0.38565217332371937,0.13250590003134508
486,common_DL,4,-0.2084699263982968,-0.5725938781393081,0.1556540253427145,-0.1569331190198986
486,common_DL,5,-0.044143849213217866,-0.31792309264565327,0.22963539421921755,-0.09308728588593188
486,comp_specific,1,0.20516735624291083,0.024257431436739807,0.38607728104908184,0.22898629239594717
486,comp_specific,2,-0.5443465238725685,-0.7965183301177468,-0.2921747176273904,-0.547485717099433
486,comp_specific,3,0.0062138743871345825,-0.2919149594081569,0.30434270818242615,0.13250590003134508
486,comp_specific,4,-0.1324545079636139,-0.9059474786394631,0.6410384627122353,-0.1569331190198986
486,comp_specific,5,-0.07724495205608864,-0.3021764285383397,0.1476865244261624,-0.09308728588593188
486,adaptshrink,1,0.22146941059298625,0.002853727190016253,0.44008509399595624,0.22898629239594717
486,adaptshrink,2,-0.5428071654402989,-0.7906706548358897,-0.2949436760447081,-0.547485717099433
486,adaptshrink,3,0.017992911411537277,-0.3259679026785155,0.3619537255015901,0.13250590003134508
486,adaptshrink,4,-0.1529506276106971,-0.6970459825752149,0.39114472735382066,-0.1569331190198986
486,adaptshrink,5,-0.05798074359046822,-0.30991396042309305,0.1939524732421566,-0.09308728588593188
487,common_DL,1,-0.20192303420984783,-0.5358876794710967,0.13204161105140103,-0.26882023710624026
487,common_DL,2,-0.32845153653366743,-0.7163360470345174,0.0594329739671825,-0.0754586171187453
487,common_DL,3,0.25538998125204876,-0.22927360786205764,0.7400535703661552,0.1760162925981285
487,common_DL,4,0.35782463906783296,-0.0017633240159554697,0.7174126021516214,0.18802711025638694
487,common_DL,5,0.22660456231813753,-0.08953474082311985,0.5427438654593949,0.04800930673980037
487,comp_specific,1,-0.2264850762929066,-0.48849051816221367,0.03552036557640048,-0.26882023710624026
487,comp_specific,2,-0.18702171276108726,-0.7691910466940552,0.39514762117188074,-0.0754586171187453
487,comp_specific,3,0.23436997474056132,-0.14576106756792295,0.6145010170490456,0.1760162925981285
487,comp_specific,4,0.3535560286153779,-0.07095906132605184,0.7780711185568077,0.18802711025638694
487,comp_specific,5,0.18822888311940122,-0.09683945980940806,0.4732972260482105,0.04800930673980037
487,adaptshrink,1,-0.22117905500524995,-0.5221763753044741,0.0798182652939742,-0.26882023710624026
487,adaptshrink,2,-0.2536183035513565,-0.7420788196371918,0.2348422125344788,-0.0754586171187453
487,adaptshrink,3,0.24884725453765066,-0.20348754209991898,0.7011820511752203,0.1760162925981285
487,adaptshrink,4,0.35772416529192963,-0.03670659082313338,0.7521549214069927,0.18802711025638694
487,adaptshrink,5,0.21177826549090284,-0.09260940907662801,0.5161659400584337,0.04800930673980037
488,common_DL,1,0.21062827858993372,-0.34256036782688015,0.7638169250067476,0.40520805256034453
488,common_DL,2,-0.17198474186748197,-0.624172794608721,0.280203310873757,0.08391571773454701
488,common_DL,3,-0.2720496805947754,-0.7501530471185507,0.20605368592899992,-0.8929965836890428
488,common_DL,4,-0.23017933442651278,-0.8453353315794905,0.38497666272646497,0.02366654851125627
488,common_DL,5,0.542846804497589,0.10848559695925813,0.9772080120359199,0.5143407658538056
488,comp_specific,1,0.21811945592668702,-0.03508656478058997,0.471325476633964,0.40520805256034453
488,comp_specific,2,-0.14914617547443976,-0.6378252630352738,0.33953291208639425,0.08391571773454701
488,comp_specific,3,-0.21187803035118913,-0.7919655734377934,0.36820951273541513,-0.8929965836890428
488,comp_specific,4,-0.37594137976965697,-0.8868755621403901,0.1349928026010761,0.02366654851125627
488,comp_specific,5,0.5880055622289193,0.1226182404194412,1.0533928840383975,0.5143407658538056
488,adaptshrink,1,0.21082294352675948,-0.27699155619749627,0.6986374432510153,0.40520805256034453
488,adaptshrink,2,-0.1676786789380291,-0.6428846015791756,0.30752724370311735,0.08391571773454701
488,adaptshrink,3,-0.24880778608276952,-0.7912001102845095,0.29358453811897045,-0.8929965836890428
488,adaptshrink,4,-0.26375510909470556,-0.8824688899766414,0.3549586717872303,0.02366654851125627
488,adaptshrink,5,0.5539845615812691,0.10727997798547889,1.0006891451770592,0.5143407658538056
489,common_DL,1,0.03237785091992365,-0.33461006088140943,0.3993657627212567,-0.006920946703187698
489,common_DL,2,0.11907297627511845,-0.19262771823775107,0.430773670787988,0.13806980591469717
489,common_DL,3,0.08683740640714457,-0.38574062976184464,0.5594154425761337,0.1109460686142753
489,common_DL,4,-0.10977394204704724,-0.45272442015851333,0.23317653606441882,-0.06229342751743568
489,common_DL,5,0.43097047789734466,-0.0358362908859306,0.89777724668062,0.47547534908879757
489,comp_specific,1,0.016235889301879552,-0.2906576492404124,0.32312942784417154,-0.006920946703187698
489,comp_specific,2,0.09342820296716625,-0.21895864186848557,0.4058150478028181,0.13806980591469717
489,comp_specific,3,0.029571811800502848,-0.19736024423164172,0.2565038678326474,0.1109460686142753
489,comp_specific,4,-0.056339120557404754,-0.4836422941350706,0.3709640530202611,-0.06229342751743568
489,comp_specific,5,0.45747389029061625,0.245980284286857,0.6689674962943755,0.47547534908879757
489,adaptshrink,1,0.027327272669165334,-0.31713180583251016,0.37178635117084086,-0.006920946703187698
489,adaptshrink,2,0.11085644209524871,-0.22154344108926877,0.44325632527976616,0.13806980591469717
489,adaptshrink,3,0.07227366021240847,-0.3561104392415547,0.5006577596663717,0.1109460686142753
489,adaptshrink,4,-0.07020760551436733,-0.4696382903339376,0.32922307930520295,-0.06229342751743568
489,adaptshrink,5,0.43546776054592223,0.05291233821849567,0.8180231828733489,0.47547534908879757
490,common_DL,1,0.45860477830431845,0.01592535204305978,0.9012842045655771,0.4547481115914875
490,common_DL,2,0.11596221203553864,-0.2747145354945965,0.5066389595656737,0.2184460935026707
490,common_DL,3,-0.913608002991049,-1.4151227190215676,-0.4120932869605305,-0.8565056804199251
490,common_DL,4,0.21240101594774935,-0.2091605407818911,0.6339625726773899,0.4068864971381254
490,common_DL,5,0.16812957397858244,-0.24673861648138248,0.5829977644385473,0.3931456485021731
490,comp_specific,1,0.4154114357298575,0.16148464101684296,0.6693382304428721,0.4547481115914875
490,comp_specific,2,0.069659514747619,-0.3702146386426587,0.5095336681378967,0.2184460935026707
490,comp_specific,3,-0.8696468626939244,-1.0827525570459133,-0.6565411683419355,-0.8565056804199251
490,comp_specific,4,0.17758395179022785,-0.2975977918095958,0.6527656953900515,0.4068864971381254
490,comp_specific,5,0.15596682344025342,-0.21356830597289417,0.5255019528534011,0.3931456485021731
490,adaptshrink,1,0.4435059678194383,0.07204073389594207,0.8149712017429345,0.4547481115914875
490,adaptshrink,2,0.09010845249327497,-0.34509889282517464,0.5253157978117245,0.2184460935026707
490,adaptshrink,3,-0.8935061206843129,-1.315872210543756,-0.47114003082486977,-0.8565056804199251
490,adaptshrink,4,0.1956435678570286,-0.25654394005638437,0.6478310757704415,0.4068864971381254
490,adaptshrink,5,0.1667484949669553,-0.23303254025065887,0.5665295301845694,0.3931456485021731
491,common_DL,1,0.6736078345601371,0.3402653204657635,1.0069503486545106,0.685048667887403
491,common_DL,2,-0.9339418560750921,-1.3981789418194879,-0.46970477033069624,-0.6613790835228092
491,common_DL,3,-0.20956574660741242,-0.5490120343026076,0.12988054108778277,-0.06673877927738339
491,common_DL,4,-1.1191720979926603,-1.457435278326317,-0.7809089176590037,-0.660904907869425
491,common_DL,5,-0.9991900850814055,-1.2871641804516374,-0.7112159897111736,-0.8785058250031126
491,comp_specific,1,0.6449825948391118,0.4191028132914959,0.8708623763867277,0.685048667887403
491,comp_specific,2,-0.8890324693335891,-1.3167142538564296,-0.46135068481074865,-0.6613790835228092
491,comp_specific,3,-0.1450312521828382,-0.531313275284458,0.2412507709187816,-0.06673877927738339
491,comp_specific,4,-0.9564557234388865,-1.3803546196706176,-0.5325568272071555,-0.660904907869425
491,comp_specific,5,-1.047818074960173,-1.420402910345037,-0.6752332395753091,-0.8785058250031126
491,adaptshrink,1,0.6599296950385672,0.38098261339119166,0.9388767766859428,0.685048667887403
491,adaptshrink,2,-0.9122825448855568,-1.3718906038642522,-0.4526744859068614,-0.6613790835228092
491,adaptshrink,3,-0.2004093296550466,-0.5555861683872729,0.15476750907717968,-0.06673877927738339
491,adaptshrink,4,-1.047083219734434,-1.4262282875790826,-0.6679381518897853,-0.660904907869425
491,adaptshrink,5,-1.0259963446011895,-1.3530008819411874,-0.6989918072611916,-0.8785058250031126
492,common_DL,1,0.54639462173792,0.25562227216794736,0.8371669713078926,0.4394510346017521
492,common_DL,2,-0.910030860868241,-1.139466061242151,-0.680595660494331,-1.080668558759086
492,common_DL,3,0.00652946488151665,-0.20834423597685725,0.22140316573989055,-0.11514244957568835
492,common_DL,4,0.3204684368906154,-0.06091389793680757,0.7018507717180383,0.18847312867368166
492,common_DL,5,-0.3863252243184244,-0.681320049820364,-0.09133039881648486,-0.3343081643349889
492,comp_specific,1,0.5139469207391995,0.2880153938515131,0.7398784476268858,0.4394510346017521
492,comp_specific,2,-0.8743509001495556,-1.159744443943681,-0.5889573563554302,-1.080668558759086
492,comp_specific,3,0.02550840611508149,-0.12390241722183262,0.1749192294519956,-0.11514244957568835
492,comp_specific,4,0.32905750144302515,-0.011962884903510107,0.6700778877895603,0.18847312867368166
492,comp_specific,5,-0.324200179230206,-0.7861755800482291,0.13777522158781713,-0.3343081643349889
492,adaptshrink,1,0.5376734580270384,0.265778117412636,0.8095687986414407,0.4394510346017521
492,adaptshrink,2,-0.8889678488912751,-1.1518549361233703,-0.6260807616591799,-1.080668558759086
492,adaptshrink,3,0.019694191302348917,-0.16644583170835517,0.20583421431305302,-0.11514244957568835
492,adaptshrink,4,0.32590184789279997,-0.040040484099970575,0.6918441798855706,0.18847312867368166
492,adaptshrink,5,-0.3501802807692276,-0.7370694653751962,0.03670890383674108,-0.3343081643349889
493,common_DL,1,-0.6156091094907037,-1.0539478004098757,-0.17727041857153164,-0.4194998486093776
493,common_DL,2,0.4187290991456417,0.03171961908452775,0.8057385792067557,0.2871620520468931
493,common_DL,3,-0.006290086879764706,-0.3718895909067286,0.3593094171471991,-0.11701198718595109
493,common_DL,4,0.32591531582598876,-0.08088268771671481,0.7327133193686923,0.4403764075850579
493,common_DL,5,-0.9691402928717923,-1.2682058813279773,-0.6700747044156072,-0.9562781090225916
493,comp_specific,1,-0.5888244201678654,-1.043621907747702,-0.13402693258802872,-0.4194998486093776
493,comp_specific,2,0.5874613766906737,-0.007260488825022393,1.1821832422063698,0.2871620520468931
493,comp_specific,3,-0.031102113572013104,-0.3795541628288068,0.3173499356847806,-0.11701198718595109
493,comp_specific,4,0.2802731106970452,0.014126175712167288,0.546420045681923,0.4403764075850579
493,comp_specific,5,-0.9529814185502448,-1.2092749387940638,-0.6966878983064257,-0.9562781090225916
493,adaptshrink,1,-0.605183733579837,-1.039192927956323,-0.17117453920335102,-0.4194998486093776
493,adaptshrink,2,0.5317917935563352,0.043127918909956375,1.0204556682027142,0.2871620520468931
493,adaptshrink,3,-0.013527636859853281,-0.37389926751422176,0.34684399379451514,-0.11701198718595109
493,adaptshrink,4,0.31336256743829105,-0.03616304344566579,0.6628881783222479,0.4403764075850579
493,adaptshrink,5,-0.9631097510409337,-1.2376532718209827,-0.6885662302608846,-0.9562781090225916
494,common_DL,1,-0.18572305949697004,-0.7409681660030414,0.36952204700910135,0.008662873704066522
494,common_DL,2,-0.1382495959624333,-0.559254649088879,0.28275545716401235,-0.10725425508483231
494,common_DL,3,-0.644631696939852,-1.0212768988456489,-0.26798649503405525,-0.7206430701702241
494,common_DL,4,-0.3653214892772916,-0.833453255674586,0.10281027712000279,-0.25565089151703113
494,common_DL,5,-0.4167884829601944,-0.8726057538503063,0.03902878792991754,-0.40222678781843735
494,comp_specific,1,-0.19307528333948473,-0.7016152195688502,0.3154646528898807,0.008662873704066522
494,comp_specific,2,-0.1868293772896547,-0.4607709517032487,0.0871121971239393,-0.10725425508483231
494,comp_specific,3,-0.7125496823118429,-1.1401449088833804,-0.2849544557403053,-0.7206430701702241
494,comp_specific,4,-0.3738826903798076,-0.8969358789025675,0.14917049814295236,-0.25565089151703113
494,comp_specific,5,-0.3772821719921488,-0.7047187317733433,-0.04984561221095429,-0.40222678781843735
494,adaptshrink,1,-0.19344135284743535,-0.7378851842026619,0.3510024785077912,0.008662873704066522
494,adaptshrink,2,-0.16568032617690975,-0.5215370267714452,0.19017637441762564,-0.10725425508483231
494,adaptshrink,3,-0.6775959920588162,-1.0891093276874342,-0.26608265643019824,-0.7206430701702241
494,adaptshrink,4,-0.37111364362172483,-0.8664963252887424,0.12426903804529277,-0.25565089151703113
494,adaptshrink,5,-0.4010444054230724,-0.8039626086964,0.0018737978502552655,-0.40222678781843735
495,common_DL,1,-0.25972802567125697,-0.4692982176939542,-0.05015783364855972,-0.25428553217298455
495,common_DL,2,0.1245299692620406,-0.05605957439751638,0.30511951292159756,0.3101962215427756
495,common_DL,3,-0.6032118159758986,-0.7921838202380743,-0.4142398117137228,-0.36758642038764505
495,common_DL,4,-0.1221094099339319,-0.44956912171219576,0.20535030184433198,-0.0840859606403319
495,common_DL,5,-0.048860805517058736,-0.2820602314701892,0.18433862043607174,0.07406422250148419
495,comp_specific,1,-0.28369863741469536,-0.49541131754093987,-0.07198595728845086,-0.25428553217298455
495,comp_specific,2,0.1662757670744747,-0.07977907499678927,0.41233060914573866,0.3101962215427756
495,comp_specific,3,-0.6293717171631698,-0.8096702728880384,-0.4490731614383011,-0.36758642038764505
495,comp_specific,4,-0.1386735121574067,-0.4401893161936698,0.1628422918788564,-0.0840859606403319
495,comp_specific,5,-0.04511874058408377,-0.2689814166568153,0.17874393548864778,0.07406422250148419
495,adaptshrink,1,-0.26817259965443585,-0.4817938422534343,-0.0545513570554374,-0.25428553217298455
495,adaptshrink,2,0.15771870098999224,-0.05946282633668887,0.37490022831667336,0.3101962215427756
495,adaptshrink,3,-0.619285037812491,-0.8084093226050275,-0.4301607530199545,-0.36758642038764505
495,adaptshrink,4,-0.13080686506156003,-0.4477463835866302,0.18613265346351016,-0.0840859606403319
495,adaptshrink,5,-0.04510173389182012,-0.2749572657537379,0.1847537979700977,0.07406422250148419
496,common_DL,1,0.5698565745550606,0.17941173029744145,0.9603014188126797,0.5703048433342468
496,common_DL,2,-0.5616734087263477,-0.9131147715570154,-0.21023204589568012,-0.45773148729083446
496,common_DL,3,0.548881715537681,-0.025105784861896074,1.122869215937258,0.39662665971203104
496,common_DL,4,0.281697678686564,-0.19487086373575585,0.7582662211088838,-0.19776777349533173
496,common_DL,5,-0.5593911214758323,-0.9521075241269412,-0.16667471882472323,-0.2299862191196162
496,comp_specific,1,0.5293866473755606,0.18306699348229172,0.8757063012688295,0.5703048433342468
496,comp_specific,2,-0.510312803230832,-0.8899250307307004,-0.1307005757309635,-0.45773148729083446
496,comp_specific,3,0.4663181840581153,0.08799086063440131,0.8446455074818293,0.39662665971203104
496,comp_specific,4,0.5649413387211493,-0.14350909145211233,1.273391768894411,-0.19776777349533173
496,comp_specific,5,-0.37502779651199314,-0.6287723880505314,-0.1212832049734549,-0.2299862191196162
496,adaptshrink,1,0.5543770452026868,0.17283174092324144,0.9359223494821323,0.5703048433342468
496,adaptshrink,2,-0.4930465472213087,-0.8491758760563567,-0.1369172183862607,-0.45773148729083446
496,adaptshrink,3,0.5328347290789482,0.011232823616370902,1.0544366345415255,0.39662665971203104
496,adaptshrink,4,0.44945904328034136,-0.14620877316031333,1.045126859720996,-0.19776777349533173
496,adaptshrink,5,-0.4759552934360989,-0.8101518363584866,-0.14175875051371112,-0.2299862191196162
497,common_DL,1,-1.291904721719726,-1.664868207706714,-0.9189412357327378,-1.2874885494099917
497,common_DL,2,0.14656248735821684,-0.33546859004290497,0.6285935647593386,-0.2509908609640955
497,common_DL,3,-0.021607187555712004,-0.45104589195196415,0.40783151684054014,0.031204366483178664
497,common_DL,4,0.4208728589140861,-0.0068927382622807065,0.848638456090453,0.29967053529371823
497,common_DL,5,-0.41483889621954934,-0.8305393040317375,0.0008615115926387529,-0.08317702386950312
497,comp_specific,1,-1.2435945880496597,-1.4489068634833213,-1.0382823126159981,-1.2874885494099917
497,comp_specific,2,0.286684920116016,-0.29950637817402015,0.8728762184060521,-0.2509908609640955
497,comp_specific,3,0.07967592390421967,-0.41873394437940287,0.5780857921878422,0.031204366483178664
497,comp_specific,4,0.4467859750857003,0.05803797070224409,0.8355339794691565,0.29967053529371823
497,comp_specific,5,-0.23753728977388994,-0.5837653870202424,0.10869080747246251,-0.08317702386950312
497,adaptshrink,1,-1.2789070737305617,-1.5997774339011934,-0.9580367135599299,-1.2874885494099917
497,adaptshrink,2,0.22332301821887887,-0.30889023577710184,0.7555362722148596,-0.2509908609640955
497,adaptshrink,3,0.03203180906623068,-0.436988516521274,0.5010521346537354,0.031204366483178664
497,adaptshrink,4,0.4482202286301106,0.02283001917301075,0.8736104380872104,0.29967053529371823
497,adaptshrink,5,-0.34127902451024344,-0.7344155568908546,0.05185750787036769,-0.08317702386950312
498,common_DL,1,-0.9723107206501872,-1.326321539472383,-0.6182999018279913,-0.8299914705805731
498,common_DL,2,0.31720563000288327,-0.025884633337460605,0.6602958933432271,0.3763385949726041
498,common_DL,3,-0.09670052632233239,-0.5259741196367269,0.3325730669920622,-0.30426070938144795
498,common_DL,4,-0.6686988798371833,-0.95663512381184,-0.3807626358625266,-0.6724342672535288
498,common_DL,5,-0.7837521525584483,-1.2685374103637153,-0.2989668947531815,-0.3273922207880293
498,comp_specific,1,-0.9382853634873436,-1.199737174697188,-0.6768335522774991,-0.8299914705805731
498,comp_specific,2,0.2802464767041883,-0.2414165118891926,0.8019094652975691,0.3763385949726041
498,comp_specific,3,-0.11840601290085456,-0.583120602383618,0.34630857658190883,-0.30426070938144795
498,comp_specific,4,-0.6615652247275228,-0.8363695454827537,-0.4867609039722919,-0.6724342672535288
498,comp_specific,5,-0.750668601877332,-1.1820290277703067,-0.31930817598435723,-0.3273922207880293
498,adaptshrink,1,-0.9604801511883965,-1.279808604109395,-0.641151698267398,-0.8299914705805731
498,adaptshrink,2,0.2934745476108694,-0.14259689264333364,0.7295459878650724,0.3763385949726041
498,adaptshrink,3,-0.10701467528618858,-0.5522396934934429,0.3382103429210658,-0.30426070938144795
498,adaptshrink,4,-0.6653736940722479,-0.9118421316677839,-0.41890525647671184,-0.6724342672535288
498,adaptshrink,5,-0.7739166847587711,-1.2422406890864042,-0.305592680431138,-0.3273922207880293
499,common_DL,1,0.7710066351736908,0.35761416506826,1.1843991052791216,0.6910888764747027
499,common_DL,2,-0.2519179365962418,-0.6003973367305473,0.09656146353806366,-0.15184946093848758
499,common_DL,3,0.689893105010965,0.36751515023056625,1.0122710597913638,0.8045943025084459
499,common_DL,4,0.9418695380091593,0.5929889490719897,1.2907501269463288,0.7300201018136293
499,common_DL,5,0.0015306034307112637,-0.3514719851218493,0.3545331919832718,-0.10151952806180745
499,comp_specific,1,0.7407009637239883,0.41985493732932466,1.0615469901186518,0.6910888764747027
499,comp_specific,2,-0.2660744973622582,-0.6565363070532946,0.12438731232877825,-0.15184946093848758
499,comp_specific,3,0.7063749645035036,0.5162819127365059,0.8964680162705012,0.8045943025084459
499,comp_specific,4,0.9609295602906929,0.5323109074388057,1.38954821314258,0.7300201018136293
499,comp_specific,5,0.03925460661658969,-0.34972943364401504,0.42823864687719443,-0.10151952806180745
499,adaptshrink,1,0.7615782233738053,0.3824502641698428,1.1407061825777678,0.6910888764747027
499,adaptshrink,2,-0.26005821568525145,-0.6303949857601138,0.11027855438961087,-0.15184946093848758
499,adaptshrink,3,0.7009877385169776,0.431070753371388,0.9709047236625672,0.8045943025084459
499,adaptshrink,4,0.9387200478026431,0.5338229168332635,1.3436171787720226,0.7300201018136293
499,adaptshrink,5,0.021496114288618973,-0.35207008926623473,0.3950623178434727,-0.10151952806180745
